"effect","group","term","estimate","std.error","statistic","df","p.value","conf.low","conf.high","microbe"
"fixed",NA,"ResponseResponder:Days2",0.00010662985580126,0.000232472241707492,0.458677797478404,80.4778000409431,0.647701895082438,-0.000355962486823323,0.000569222198425842,"k__Bacteria"
"fixed",NA,"ResponseResponder:Days2",0.00150574099260266,0.0018379268211689,0.819260579507202,61.6154745454154,0.415795437515658,-0.0021686785164374,0.00518016050164273,"p__Bacteroidota"
"fixed",NA,"ResponseResponder:Days2",-0.00162627129132598,0.00161666563457992,-1.00594164714125,57.5493914912975,0.31865462587491,-0.00486291873559577,0.00161037615294382,"p__Firmicutes"
"fixed",NA,"ResponseResponder:Days2",0.000237326199236241,0.000448400039559393,0.52927336819471,67.2746990255964,0.59835801038618,-0.000657616853192796,0.00113226925166528,"p__Actinobacteria"
"fixed",NA,"ResponseResponder:Days2",7.76271193286476e-05,0.000259753658251537,0.298848993508595,41.3049630548687,0.766553712220658,-0.0004468384378518,0.000602092676509095,"p__Proteobacteria"
"fixed",NA,"ResponseResponder:Days2",0.00148743671045788,0.0018550202726646,0.801843911021677,61.8850527151172,0.425711592274383,-0.00222083299135148,0.00519570641226724,"c__Bacteroidia"
"fixed",NA,"ResponseResponder:Days2",-0.00171764609665561,0.00148367027366126,-1.15770068804908,58.9922480375527,0.251652052558366,-0.00468647161953179,0.00125117942622057,"c__Clostridia"
"fixed",NA,"ResponseResponder:Days2",0.00010879835310624,0.000150924705144212,0.720878354556205,42.587820725412,0.47492310433481,-0.00019565553406635,0.00041325224027883,"c__Negativicutes"
"fixed",NA,"ResponseResponder:Days2",0.000148580250044029,0.000391194718993822,0.379811492410192,64.4712064140044,0.705333651072151,-0.000632811050869913,0.000929971550957971,"c__Actinomycetia"
"fixed",NA,"ResponseResponder:Days2",0.000113730245199926,0.000114263455052782,0.995333504902242,57.0127679563136,0.323779865622032,-0.000115077266281183,0.000342537756681034,"c__CFGB629"
"fixed",NA,"ResponseResponder:Days2",-2.82194903085481e-06,6.62451280547306e-05,-0.0425985897185279,43.55434878415,0.966216213362302,-0.000136368826517413,0.000130724928455703,"c__Betaproteobacteria"
"fixed",NA,"ResponseResponder:Days2",5.38618367320151e-05,0.000101787378974267,0.529160267950628,67.9238513245693,0.598419422747902,-0.000149255838804859,0.000256979512268889,"c__Coriobacteriia"
"fixed",NA,"ResponseResponder:Days2",1.51593927084792e-05,2.97674336315298e-05,0.509260989580987,45.4371972222478,0.613033735649707,-4.4779377949991e-05,7.50981633669494e-05,"c__Deltaproteobacteria"
"fixed",NA,"ResponseResponder:Days2",-2.96788802641268e-05,0.000169767857454649,-0.17482037359195,50.9215511063754,0.861914032406544,-0.00037051482470358,0.000311157064175326,"c__Bacilli"
"fixed",NA,"ResponseResponder:Days2",5.223673609429e-06,0.00010432941061964,0.0500690416863685,77.6554363074086,0.960195930710066,-0.00020249474485112,0.000212942092069978,"c__Firmicutes_unclassified"
"fixed",NA,"ResponseResponder:Days2",1.34323676442401e-05,1.81777973226627e-05,0.738943635788787,75.0063260277606,0.462247391368042,-2.27796114977501e-05,4.96443467862302e-05,"c__CFGB79266"
"fixed",NA,"ResponseResponder:Days2",-1.39978867647422e-06,2.33190669315327e-06,-0.600276452134277,80.4213912754591,0.550009843176447,-6.04005762935239e-06,3.24048027640395e-06,"c__CFGB28775"
"fixed",NA,"ResponseResponder:Days2",-0.000125619436978365,0.000133339218537111,-0.942104193774037,41.1415182426067,0.351638734591753,-0.000394875324164181,0.000143636450207451,"c__Gammaproteobacteria"
"fixed",NA,"ResponseResponder:Days2",0.00148743671045788,0.0018550202726646,0.801843911021677,61.8850527151172,0.425711592274383,-0.00222083299135148,0.00519570641226724,"o__Bacteroidales"
"fixed",NA,"ResponseResponder:Days2",-0.00158222525880735,0.00148071988196183,-1.06855137023691,58.7791174582883,0.289640676154125,-0.00454537188037187,0.00138092136275716,"o__Eubacteriales"
"fixed",NA,"ResponseResponder:Days2",0.000151785202235219,0.000390029922807194,0.389162967658386,64.3573581157547,0.698440295307372,-0.000627305823981838,0.000930876228452276,"o__Bifidobacteriales"
"fixed",NA,"ResponseResponder:Days2",0.000113730245199926,0.000114263455052782,0.995333504902242,57.0127679563136,0.323779865622032,-0.000115077266281183,0.000342537756681034,"o__OFGB629"
"fixed",NA,"ResponseResponder:Days2",9.6844935681268e-05,8.82880221060521e-05,1.0969204357635,47.3298978516169,0.278225914646751,-8.07349814607413e-05,0.000274424852823277,"o__Acidaminococcales"
"fixed",NA,"ResponseResponder:Days2",2.25962986386537e-05,7.34190048306503e-05,0.307771791388004,56.1109478923435,0.759395540634414,-0.000124473224163457,0.000169665821440764,"o__Veillonellales"
"fixed",NA,"ResponseResponder:Days2",-2.82194903085481e-06,6.62451280547306e-05,-0.0425985897185279,43.55434878415,0.966216213362302,-0.000136368826517413,0.000130724928455703,"o__Burkholderiales"
"fixed",NA,"ResponseResponder:Days2",4.97266093398824e-05,7.36528541057053e-05,0.675148437133415,58.8564587810153,0.50222530962189,-9.7659932223889e-05,0.000197113150903654,"o__Coriobacteriales"
"fixed",NA,"ResponseResponder:Days2",1.51593927084792e-05,2.97674336315298e-05,0.509260989580987,45.4371972222478,0.613033735649707,-4.4779377949991e-05,7.50981633669494e-05,"o__Desulfovibrionales"
"fixed",NA,"ResponseResponder:Days2",-2.96788802641268e-05,0.000169767857454649,-0.17482037359195,50.9215511063754,0.861914032406544,-0.00037051482470358,0.000311157064175326,"o__Lactobacillales"
"fixed",NA,"ResponseResponder:Days2",5.223673609429e-06,0.00010432941061964,0.0500690416863685,77.6554363074086,0.960195930710066,-0.00020249474485112,0.000212942092069978,"o__Firmicutes_unclassified"
"fixed",NA,"ResponseResponder:Days2",-8.488805080791e-06,1.0170488414017e-05,-0.83465068099303,61.1567990241482,0.40716303821379,-2.88248990991932e-05,1.18472889376112e-05,"o__Clostridia_unclassified"
"fixed",NA,"ResponseResponder:Days2",1.34323676442401e-05,1.81777973226627e-05,0.738943635788787,75.0063260277606,0.462247391368042,-2.27796114977501e-05,4.96443467862302e-05,"o__OFGB79266"
"fixed",NA,"ResponseResponder:Days2",-9.40771869952328e-06,5.77867961472869e-05,-0.162800489501874,73.531555852506,0.871122105991648,-0.000124562612989625,0.000105747175590579,"o__Eggerthellales"
"fixed",NA,"ResponseResponder:Days2",-1.39978867647422e-06,2.33190669315327e-06,-0.600276452134277,80.4213912754591,0.550009843176447,-6.04005762935239e-06,3.24048027640395e-06,"o__OFGB28775"
"fixed",NA,"ResponseResponder:Days2",-0.000126954763036067,0.000133404473776574,-0.951652965167356,41.1361389195425,0.346831409787445,-0.000396343488139357,0.000142433962067223,"o__Enterobacterales"
"fixed",NA,"ResponseResponder:Days2",0.000855465334026397,0.00128147283160021,0.667564159716252,51.4600413057339,0.50739467435135,-0.00171664042452099,0.00342757109257378,"f__Bacteroidaceae"
"fixed",NA,"ResponseResponder:Days2",-0.0014093054920487,0.000962487545905242,-1.46423244440344,60.7581351654866,0.148285584140067,-0.00333407324896329,0.000515462264865881,"f__Lachnospiraceae"
"fixed",NA,"ResponseResponder:Days2",0.000151785202235219,0.000390029922807194,0.389162967658386,64.3573581157547,0.698440295307372,-0.000627305823981838,0.000930876228452276,"f__Bifidobacteriaceae"
"fixed",NA,"ResponseResponder:Days2",0.000113730245199926,0.000114263455052782,0.995333504902242,57.0127679563136,0.323779865622032,-0.000115077266281183,0.000342537756681034,"f__FGB629"
"fixed",NA,"ResponseResponder:Days2",9.6844935681268e-05,8.82880221060521e-05,1.0969204357635,47.3298978516169,0.278225914646751,-8.07349814607413e-05,0.000274424852823277,"f__Acidaminococcaceae"
"fixed",NA,"ResponseResponder:Days2",-2.73881558978345e-05,0.00062845848805009,-0.0435798965542042,51.2375155097988,0.965408672224701,-0.00128892922735663,0.00123415291556097,"f__Rikenellaceae"
"fixed",NA,"ResponseResponder:Days2",2.25962986386537e-05,7.34190048306503e-05,0.307771791388004,56.1109478923435,0.759395540634414,-0.000124473224163457,0.000169665821440764,"f__Veillonellaceae"
"fixed",NA,"ResponseResponder:Days2",-0.000109047402812782,0.000171886545276122,-0.634415001113708,55.5889087132472,0.528412375388243,-0.000453433730511557,0.000235338924885992,"f__Clostridiaceae"
"fixed",NA,"ResponseResponder:Days2",-3.38662258127381e-05,0.000265153951631609,-0.127722877989727,55.7158464614501,0.898828167208537,-0.000565093205181724,0.000497360753556248,"f__Tannerellaceae"
"fixed",NA,"ResponseResponder:Days2",-9.87989810609482e-06,6.97804380438111e-05,-0.141585498501626,43.8110681747801,0.8880564882037,-0.000150530261642878,0.000130770465430689,"f__Sutterellaceae"
"fixed",NA,"ResponseResponder:Days2",0.000258132945954026,0.000842509898417924,0.306385653674516,48.5954626313781,0.760619928372251,-0.00143531066191761,0.00195157655382566,"f__Oscillospiraceae"
"fixed",NA,"ResponseResponder:Days2",4.91993469577513e-05,7.36399798380295e-05,0.668106469691666,58.8334773878992,0.50667830434714,-9.81626393294413e-05,0.000196561333244944,"f__Coriobacteriaceae"
"fixed",NA,"ResponseResponder:Days2",1.51593927084792e-05,2.97674336315298e-05,0.509260989580987,45.4371972222478,0.613033735649707,-4.4779377949991e-05,7.50981633669494e-05,"f__Desulfovibrionaceae"
"fixed",NA,"ResponseResponder:Days2",0.0001096265810388,0.000147570409564568,0.742876443605954,41.9642574508291,0.461695107988327,-0.000188190077436619,0.00040744323951422,"f__Odoribacteraceae"
"fixed",NA,"ResponseResponder:Days2",-4.01034749259022e-05,9.80040334290101e-05,-0.409202290178714,45.9207303347487,0.684293601322902,-0.000237384552464444,0.000157177602612639,"f__Streptococcaceae"
"fixed",NA,"ResponseResponder:Days2",5.223673609429e-06,0.00010432941061964,0.0500690416863685,77.6554363074086,0.960195930710066,-0.00020249474485112,0.000212942092069978,"f__Firmicutes_unclassified"
"fixed",NA,"ResponseResponder:Days2",-0.000194009700790787,0.000160365145575431,-1.20979967370485,49.3182768562472,0.232122879311024,-0.000516222928378004,0.000128203526796431,"f__Eubacteriales_unclassified"
"fixed",NA,"ResponseResponder:Days2",6.71415151383687e-05,7.00691762797118e-05,0.958217560177158,61.3802958092052,0.34171229097589,-7.29529078217707e-05,0.000207235938098508,"f__Lactobacillaceae"
"fixed",NA,"ResponseResponder:Days2",-8.488805080791e-06,1.0170488414017e-05,-0.83465068099303,61.1567990241482,0.40716303821379,-2.88248990991932e-05,1.18472889376112e-05,"f__Clostridia_unclassified"
"fixed",NA,"ResponseResponder:Days2",1.34323676442401e-05,1.81777973226627e-05,0.738943635788787,75.0063260277606,0.462247391368042,-2.27796114977501e-05,4.96443467862302e-05,"f__FGB79266"
"fixed",NA,"ResponseResponder:Days2",-9.40771869952328e-06,5.77867961472869e-05,-0.162800489501874,73.531555852506,0.871122105991648,-0.000124562612989625,0.000105747175590579,"f__Eggerthellaceae"
"fixed",NA,"ResponseResponder:Days2",-1.39978867647422e-06,2.33190669315327e-06,-0.600276452134277,80.4213912754591,0.550009843176447,-6.04005762935239e-06,3.24048027640395e-06,"f__FGB28775"
"fixed",NA,"ResponseResponder:Days2",-0.000127308836623067,0.000133376736738068,-0.95450555873984,41.1350441013592,0.345403661934436,-0.000396641768226943,0.000142024094980809,"f__Enterobacteriaceae"
"fixed",NA,"ResponseResponder:Days2",0.000700758405778432,0.000597546357868365,1.17272642791809,48.614237394888,0.246620035529655,-0.000500297027334478,0.00190181383889134,"g__Phocaeicola"
"fixed",NA,"ResponseResponder:Days2",0.00014786254283739,0.00096067491623224,0.15391527387569,48.2609063506697,0.878318366202415,-0.00178343410179945,0.00207915918747423,"g__Bacteroides"
"fixed",NA,"ResponseResponder:Days2",0.00015181296778952,0.000390030794470845,0.389233286042156,64.3569642729998,0.698388547510201,-0.00062727989089399,0.00093090582647303,"g__Bifidobacterium"
"fixed",NA,"ResponseResponder:Days2",-0.000669936579739662,0.000591253754526184,-1.13307792908061,74.980461788152,0.260791684466243,-0.00184777948835442,0.0005079063288751,"g__Blautia"
"fixed",NA,"ResponseResponder:Days2",0.000119734848000894,0.000113713199485205,1.05295470132711,57.5250707404905,0.296764656608014,-0.000107926870145735,0.000347396566147523,"g__GGB1495"
"fixed",NA,"ResponseResponder:Days2",-0.000134331631213861,0.000604572836915792,-0.222192634222784,50.0532049282893,0.825068064504172,-0.00134861993099208,0.00107995666856436,"g__Alistipes"
"fixed",NA,"ResponseResponder:Days2",6.00757500928922e-05,5.75027660637034e-05,1.04474539583606,56.719201647154,0.300572923923019,-5.50839085572669e-05,0.000175235408743051,"g__Megasphaera"
"fixed",NA,"ResponseResponder:Days2",4.14795541769746e-05,7.43526877541446e-05,0.557875652244493,50.7123896818691,0.579383876748865,-0.000107810252418117,0.000190769360772066,"g__Acidaminococcus"
"fixed",NA,"ResponseResponder:Days2",-8.89295200081462e-05,0.000179226227606661,-0.496185860717413,49.359639770665,0.621965692924665,-0.000449031742279166,0.000271172702262874,"g__Lachnospiraceae_unclassified"
"fixed",NA,"ResponseResponder:Days2",-3.38662258127381e-05,0.000265153951631609,-0.127722877989727,55.7158464614501,0.898828167208537,-0.000565093205181724,0.000497360753556248,"g__Parabacteroides"
"fixed",NA,"ResponseResponder:Days2",-3.56263418051482e-05,0.00010891203314875,-0.327111162790345,48.931782947679,0.744979095987773,-0.000254500984952388,0.000183248301342092,"g__Clostridium"
"fixed",NA,"ResponseResponder:Days2",2.99081567110894e-05,2.50289243635304e-05,1.19494374894786,43.985516859971,0.238512456591466,-2.05347949958262e-05,8.0351108418005e-05,"g__Parasutterella"
"fixed",NA,"ResponseResponder:Days2",6.32109823390915e-05,4.75119605254217e-05,1.33042252182521,45.7497792166983,0.189972996348828,-3.24397512009311e-05,0.000158861715879114,"g__Phascolarctobacterium"
"fixed",NA,"ResponseResponder:Days2",1.0384502143895e-05,4.39459770306352e-05,0.236301542156085,49.2627000914823,0.814178460708052,-7.7916334459573e-05,9.8685338747363e-05,"g__Dorea"
"fixed",NA,"ResponseResponder:Days2",4.51217172116151e-05,7.32721321971584e-05,0.615810074834495,58.7396988198313,0.540398823075398,-0.000101509076289907,0.000191752510713137,"g__Collinsella"
"fixed",NA,"ResponseResponder:Days2",2.43324573095933e-05,1.60278810699659e-05,1.51813313334282,48.4287628897301,0.135482490312842,-7.88638825692967e-06,5.65513028761163e-05,"g__Bilophila"
"fixed",NA,"ResponseResponder:Days2",0.000119969024586397,0.000151912919714123,0.789722327845191,41.9355291745221,0.434132780256146,-0.000186617623155965,0.000426555672328759,"g__Odoribacter"
"fixed",NA,"ResponseResponder:Days2",-3.79479273771392e-05,5.48085702956513e-05,-0.692372144948106,41.606755255266,0.492549995791056,-0.000148587080227126,7.26912254728477e-05,"g__Anaerostipes"
"fixed",NA,"ResponseResponder:Days2",1.32741349064351e-05,6.30073944264223e-05,0.2106758266593,44.7874073338182,0.834095836818359,-0.000113645899708657,0.000140194169521527,"g__Dysosmobacter"
"fixed",NA,"ResponseResponder:Days2",1.87363605425236e-05,4.41693784314462e-05,0.424193439162917,47.2800391422447,0.673348686083147,-7.01070766967654e-05,0.000107579797781813,"g__Flavonifractor"
"fixed",NA,"ResponseResponder:Days2",-3.97647294631115e-05,9.77697328947906e-05,-0.40671819678491,45.9036098765424,0.686105157146374,-0.000236576146864714,0.000157046687938491,"g__Streptococcus"
"fixed",NA,"ResponseResponder:Days2",0.000187632306314334,0.000229045318022727,0.819192934979424,58.3233347383063,0.416011287360867,-0.000270797600303126,0.000646062212931794,"g__Roseburia"
"fixed",NA,"ResponseResponder:Days2",-6.74873497566752e-05,0.000121283983175935,-0.556440743364916,60.9712100743671,0.57994620778733,-0.0003100119790323,0.00017503727951895,"g__Clostridiaceae_unclassified"
"fixed",NA,"ResponseResponder:Days2",-2.17884788326744e-05,4.01443022079994e-05,-0.542753955960722,43.2407434190972,0.590086002612644,-0.000102734147117547,5.91571894521983e-05,"g__Dialister"
"fixed",NA,"ResponseResponder:Days2",-1.17181381419937e-05,3.90299750587417e-05,-0.300234323090328,46.7453865085768,0.765329600679159,-9.02476112172522e-05,6.68113349332648e-05,"g__Coprococcus"
"fixed",NA,"ResponseResponder:Days2",-4.98250219412873e-05,4.25046522828984e-05,-1.17222513925456,48.802985406244,0.246797301541024,-0.000135250041528991,3.55999976464162e-05,"g__Eubacteriales_unclassified"
"fixed",NA,"ResponseResponder:Days2",8.85581606080351e-06,4.74801145529907e-05,0.186516316234239,60.6122870493103,0.852662753616593,-8.60988247599238e-05,0.000103810456881531,"g__GGB9512"
"fixed",NA,"ResponseResponder:Days2",-0.000114242581546703,0.000132566549849508,-0.861775324743636,52.66227526502,0.392718345139966,-0.000380177219459279,0.000151692056365872,"g__Mediterraneibacter"
"fixed",NA,"ResponseResponder:Days2",1.52526151969049e-05,2.35858571504002e-05,0.646684795029642,46.3531762489406,0.521025425707866,-3.22134933034782e-05,6.2718723697288e-05,"g__GGB3550"
"fixed",NA,"ResponseResponder:Days2",7.72679938871301e-05,7.55512665308695e-05,1.02272268136708,48.5886147096046,0.31150414364825,-7.45904823210082e-05,0.000229126470095268,"g__Enterocloster"
"fixed",NA,"ResponseResponder:Days2",1.07325166579154e-05,1.33384544791734e-05,0.804629702389666,70.1729811601854,0.423751140054149,-1.58690390981368e-05,3.73340724139675e-05,"g__GGB38744"
"fixed",NA,"ResponseResponder:Days2",3.01742633637452e-06,1.90731787134745e-06,1.58202593374895,64.2908914780101,0.118551156457785,-7.92547132905245e-07,6.82739980565429e-06,"g__GGB9575"
"fixed",NA,"ResponseResponder:Days2",2.25098081337139e-06,2.33019987118288e-06,0.966003320663101,79.2752922521687,0.336980257870639,-2.38691558799132e-06,6.8888772147341e-06,"g__Pediococcus"
"fixed",NA,"ResponseResponder:Days2",-8.70683581821189e-06,1.010731818091e-05,-0.86143877756384,61.0284788520537,0.392368514893812,-2.89174768929218e-05,1.15038052564981e-05,"g__Clostridia_unclassified"
"fixed",NA,"ResponseResponder:Days2",-5.16869055697957e-06,3.03697686926189e-05,-0.170191963241254,61.9857672555648,0.865413447982237,-6.58772704368052e-05,5.5539889322846e-05,"g__Monoglobus"
"fixed",NA,"ResponseResponder:Days2",1.34323676442401e-05,1.81777973226627e-05,0.738943635788787,75.0063260277606,0.462247391368042,-2.27796114977501e-05,4.96443467862302e-05,"g__GGB3493"
"fixed",NA,"ResponseResponder:Days2",5.26323518030875e-06,7.22559666357289e-06,0.728415302620311,40.8918659699336,0.470510480470799,-9.3303252954172e-06,1.98567956560347e-05,"g__GGB36331"
"fixed",NA,"ResponseResponder:Days2",1.30399353275041e-05,9.63351236516308e-05,0.135360134841986,77.3662983493977,0.892678704880635,-0.000178773310029049,0.000204853180684057,"g__Firmicutes_unclassified"
"fixed",NA,"ResponseResponder:Days2",-1.20876647096138e-05,1.78676736447231e-05,-0.676510269325615,72.1600518193679,0.500879508076207,-4.77048714517225e-05,2.35295420324949e-05,"g__GGB3600"
"fixed",NA,"ResponseResponder:Days2",-7.24841025170537e-05,9.39883259924798e-05,-0.77120325052766,43.341533455903,0.444770719462571,-0.000261986441838334,0.000117018236804226,"g__Brotolimicola"
"fixed",NA,"ResponseResponder:Days2",-2.24480265893342e-07,2.08424524288198e-06,-0.107703384071513,36.7798698266105,0.914816380549154,-4.44841560133775e-06,3.99945506955107e-06,"g__GGB3606"
"fixed",NA,"ResponseResponder:Days2",-2.01724449869203e-05,4.62242672681541e-05,-0.436403780505527,68.7082456409585,0.663912078857155,-0.000112394321207203,7.2049431233362e-05,"g__Eggerthella"
"fixed",NA,"ResponseResponder:Days2",4.89512757353933e-07,1.10996262008393e-06,0.441017335626056,41.9608551801991,0.661464489956632,-1.75054440782907e-06,2.72956992253693e-06,"g__Phocea"
"fixed",NA,"ResponseResponder:Days2",2.55238183927847e-07,3.76953293358614e-05,0.00677108247692178,41.821271786776,0.994629695875904,-7.58266490358677e-05,7.63371254037234e-05,"g__Ruthenibacterium"
"fixed",NA,"ResponseResponder:Days2",-9.82462924527309e-06,1.65030573090504e-05,-0.595321767433068,55.8210960358292,0.554034353568542,-4.2886563933944e-05,2.32373054433978e-05,"g__Pseudoflavonifractor"
"fixed",NA,"ResponseResponder:Days2",-1.39978867647422e-06,2.33190669315327e-06,-0.600276452134277,80.4213912754591,0.550009843176447,-6.04005762935239e-06,3.24048027640395e-06,"g__GGB3511"
"fixed",NA,"ResponseResponder:Days2",-5.52786954514256e-05,4.65282598382906e-05,-1.18806711541646,41.8404603476533,0.241507374313725,-0.000149187133762632,3.86297428597804e-05,"g__Escherichia"
"fixed",NA,"ResponseResponder:Days2",1.35999058722322e-05,1.77744936154908e-05,0.765136052054933,44.752204060829,0.448206905904452,-2.22052338984872e-05,4.94050456429517e-05,"g__GGB3433"
"fixed",NA,"ResponseResponder:Days2",-4.89572140418996e-05,0.000263862473387805,-0.185540647039816,60.9755129347202,0.853420825637325,-0.000576587124352779,0.00047867269626898,"s__Phocaeicola_coprocola"
"fixed",NA,"ResponseResponder:Days2",-0.000131998175302572,0.000273700009214861,-0.482273185453018,44.8639361326406,0.631956574658489,-0.000683304439724421,0.000419308089119278,"s__Bacteroides_eggerthii"
"fixed",NA,"ResponseResponder:Days2",-2.98719591291908e-05,0.000407753741078256,-0.0732598039448957,46.1585770149979,0.941915925129149,-0.000850561584919684,0.000790817666661302,"s__Phocaeicola_vulgatus"
"fixed",NA,"ResponseResponder:Days2",0.000119734848000894,0.000113713199485205,1.05295470132711,57.5250707404905,0.296764656608014,-0.000107926870145735,0.000347396566147523,"s__GGB1495_SGB2071"
"fixed",NA,"ResponseResponder:Days2",0.00030647318918416,0.000113255290324788,2.70603861687406,65.667917705908,0.00866696365326092,8.03303606574829e-05,0.000532616017710837,"s__Bifidobacterium_adolescentis"
"fixed",NA,"ResponseResponder:Days2",6.58988083322694e-05,5.61843767798051e-05,1.17290271974604,56.5312937328288,0.245753438813871,-4.66286852502222e-05,0.000178426301914761,"s__Megasphaera_massiliensis"
"fixed",NA,"ResponseResponder:Days2",3.99003324289684e-05,7.4327573004269e-05,0.536817372291662,50.7808594185997,0.593738067941585,-0.000109334133323347,0.000189134798181284,"s__Acidaminococcus_intestini"
"fixed",NA,"ResponseResponder:Days2",7.89490262498153e-05,0.000180197783039429,0.438124292753039,46.8427800719898,0.663310017603128,-0.000283594274904564,0.000441492327404194,"s__Alistipes_putredinis"
"fixed",NA,"ResponseResponder:Days2",-8.01556165797291e-05,0.000177323538848378,-0.452030323217647,50.0616244986197,0.653199708997767,-0.000436309563743866,0.000275998330584408,"s__Eubacterium_rectale"
"fixed",NA,"ResponseResponder:Days2",-0.000227394276512394,0.000166178822736351,-1.36837096790102,49.5625044255611,0.177367348653482,-0.000561247281293937,0.00010645872826915,"s__Blautia_wexlerae"
"fixed",NA,"ResponseResponder:Days2",-8.20734641503019e-07,0.000235819921502697,-0.00348034481681241,66.2419358466824,0.997233552319808,-0.000471618304244969,0.000469976834961963,"s__Blautia_massiliensis"
"fixed",NA,"ResponseResponder:Days2",-0.000149747653437567,0.000216159851500656,-0.692763491453049,50.4493593127823,0.491634828027543,-0.000583821695948759,0.000284326389073625,"s__Parabacteroides_distasonis"
"fixed",NA,"ResponseResponder:Days2",2.10120089365583e-05,2.11861468663299e-05,0.991780575728551,44.4276963721418,0.326675677548635,-2.16742578574761e-05,6.36982757305928e-05,"s__Parasutterella_SGB9260"
"fixed",NA,"ResponseResponder:Days2",-2.92269977192465e-05,5.38157396946137e-05,-0.54309385850868,46.727605683605,0.589646627054702,-0.000137506963631254,7.90529681927609e-05,"s__Clostridium_sp_AT4"
"fixed",NA,"ResponseResponder:Days2",-7.03704656857447e-05,0.000132037736571546,-0.532957225055232,59.3850642670724,0.596052088082576,-0.000334541525795828,0.000193800594424338,"s__Bacteroides_caccae"
"fixed",NA,"ResponseResponder:Days2",-0.000136244046403717,0.000108122514263535,-1.26008951356459,42.5971136734494,0.214496793082197,-0.000354353533416164,8.18654406087288e-05,"s__Bacteroides_ovatus"
"fixed",NA,"ResponseResponder:Days2",-0.000203006709098293,0.000479308524442558,-0.423540785831824,52.8565531332025,0.673619309971371,-0.00116443877156186,0.000758425353365273,"s__Alistipes_onderdonkii"
"fixed",NA,"ResponseResponder:Days2",0.000162501484330185,0.000238127472540722,0.682413845812754,41.9674417057448,0.498726861488705,-0.000318070256424136,0.000643073225084507,"s__Bacteroides_stercoris"
"fixed",NA,"ResponseResponder:Days2",-3.70483630474226e-05,0.000336021367608671,-0.110255973633703,47.784407948541,0.912668144146765,-0.000712743361020729,0.000638646634925884,"s__Bacteroides_uniformis"
"fixed",NA,"ResponseResponder:Days2",9.74390785694015e-05,3.18386719580038e-05,3.06040021700423,43.5515698185327,0.00377667566164684,3.32537853759528e-05,0.00016162437176285,"s__Phascolarctobacterium_faecium"
"fixed",NA,"ResponseResponder:Days2",5.8586679969663e-06,1.77392505686331e-05,0.330265812205489,60.3205097038168,0.742343464657419,-2.96212387974944e-05,4.1338574791427e-05,"s__Bifidobacterium_bifidum"
"fixed",NA,"ResponseResponder:Days2",2.23809504446566e-05,3.31264045020985e-05,0.675622687733551,47.7103977293306,0.502541959835546,-4.4234595976566e-05,8.89964968658792e-05,"s__Dorea_longicatena"
"fixed",NA,"ResponseResponder:Days2",5.16787199580498e-07,5.81041768646809e-06,0.0889414887993415,45.8902732549192,0.92951544140241,-1.11797316970785e-05,1.22133060962395e-05,"s__Bilophila_SGB15451"
"fixed",NA,"ResponseResponder:Days2",2.53910114355258e-05,3.06239183718947e-05,0.829123534329575,48.8849364541984,0.41106479031504,-3.61537207775132e-05,8.69357436485648e-05,"s__Odoribacter_splanchnicus"
"fixed",NA,"ResponseResponder:Days2",2.9710411109942e-05,6.23356983052289e-05,0.476619528098714,70.0268379616827,0.63511699432055,-9.46133812877353e-05,0.000154034203507619,"s__Collinsella_aerofaciens"
"fixed",NA,"ResponseResponder:Days2",-2.71007306600608e-05,5.4078577061261e-05,-0.501136163944563,41.6636658107394,0.61891284836511,-0.000136261824439076,8.20603631189542e-05,"s__Anaerostipes_hadrus"
"fixed",NA,"ResponseResponder:Days2",8.12966163053775e-06,6.35062005219296e-05,0.128013667385604,44.7291365342206,0.898711988216512,-0.000119799773975897,0.000136059097236973,"s__Dysosmobacter_welbionis"
"fixed",NA,"ResponseResponder:Days2",0.00012565493113441,0.000129135935506736,0.973043875365393,57.8383965578044,0.334583506926052,-0.000132854107207534,0.000384163969476354,"s__Parabacteroides_merdae"
"fixed",NA,"ResponseResponder:Days2",1.90742769262119e-05,1.30459128323348e-05,1.46208833152216,65.3340604969193,0.148510675781129,-6.97768486105046e-06,4.51262387134742e-05,"s__Clostridium_SGB4750"
"fixed",NA,"ResponseResponder:Days2",6.50756333676504e-06,4.56392847766243e-05,0.142586882520519,48.925350787166,0.88720205282056,-8.52115529662703e-05,9.82266796398004e-05,"s__Flavonifractor_plautii"
"fixed",NA,"ResponseResponder:Days2",6.37572116510343e-05,0.000105527840619623,0.604174322877018,41.3787042446774,0.549026215387807,-0.000149301367052559,0.000276815790354628,"s__Bacteroides_fragilis"
"fixed",NA,"ResponseResponder:Days2",-4.13133474935402e-05,3.80357588365276e-05,-1.08617124404167,46.8694200435997,0.282958103838952,-0.00011783705234628,3.52103573591999e-05,"s__Streptococcus_salivarius"
"fixed",NA,"ResponseResponder:Days2",3.9827653125824e-06,5.38149267376202e-05,0.0740085614536046,60.8843088792111,0.941246192273516,-0.000103630966987735,0.000111596497612899,"s__Blautia_faecis"
"fixed",NA,"ResponseResponder:Days2",-3.74765403557788e-07,4.85521733088883e-06,-0.0771881829415823,64.9146789855446,0.938711262416276,-1.00715456028818e-05,9.32201479576621e-06,"s__Bifidobacterium_pullorum"
"fixed",NA,"ResponseResponder:Days2",-7.72044509454621e-06,3.34183333508416e-05,-0.231024240900744,40.4110341733332,0.818461681027998,-7.5240023006362e-05,5.97991328172696e-05,"s__Roseburia_intestinalis"
"fixed",NA,"ResponseResponder:Days2",-8.88943460855643e-05,5.78561926070226e-05,-1.5364707230108,44.8580390651589,0.131447192072826,-0.000205432878929789,2.76441867586603e-05,"s__Blautia_caecimuris"
"fixed",NA,"ResponseResponder:Days2",-2.20284468956779e-05,4.10057410237354e-05,-0.537203970608095,43.3264226875425,0.593875114862598,-0.00010470639129587,6.06494975045144e-05,"s__Dialister_invisus"
"fixed",NA,"ResponseResponder:Days2",1.45410532210807e-05,2.44717055341108e-05,0.594198602169846,49.035740462682,0.555110946124832,-3.46357735937513e-05,6.37178800359128e-05,"s__Clostridiaceae_bacterium_Marseille_Q3526"
"fixed",NA,"ResponseResponder:Days2",-1.23646154129403e-07,1.74987083976274e-05,-0.00706601603499877,53.1670485363753,0.994388628834292,-3.52190363598724e-05,3.49717440516136e-05,"s__Coprococcus_comes"
"fixed",NA,"ResponseResponder:Days2",-2.7569910813588e-05,3.52534627465618e-05,-0.78204830577322,48.2658053333085,0.438006031619291,-9.8441665267524e-05,4.3301843640348e-05,"s__Clostridiales_bacterium"
"fixed",NA,"ResponseResponder:Days2",8.85581606080351e-06,4.74801145529907e-05,0.186516316234239,60.6122870493103,0.852662753616593,-8.60988247599238e-05,0.000103810456881531,"s__GGB9512_SGB14909"
"fixed",NA,"ResponseResponder:Days2",-8.95767480822119e-06,2.0926898911525e-05,-0.428045973084333,45.0986591158137,0.670654949292426,-5.11040680239106e-05,3.31887184074682e-05,"s__Blautia_glucerasea"
"fixed",NA,"ResponseResponder:Days2",-5.73617424976591e-06,7.98173473712254e-06,-0.718662601387556,42.2778809234621,0.476302158464052,-2.18408310674863e-05,1.03684825679545e-05,"s__Dorea_formicigenerans"
"fixed",NA,"ResponseResponder:Days2",2.37087442614038e-05,1.79542877184044e-05,1.3205059779175,47.4662109037531,0.192998114661152,-1.24012613088101e-05,5.98187498316176e-05,"s__GGB3550_SGB4746"
"fixed",NA,"ResponseResponder:Days2",1.63398636983135e-05,2.82203963877754e-05,0.579009007307624,55.4908529688004,0.56492615423207,-4.02038321133365e-05,7.28835595099634e-05,"s__Enterocloster_hominis"
"fixed",NA,"ResponseResponder:Days2",-6.73087704304124e-07,3.77779210291978e-06,-0.178169599058643,41.057541644082,0.859465989975275,-8.30216892357287e-06,6.95599351496462e-06,"s__Collinsella_stercoris"
"fixed",NA,"ResponseResponder:Days2",1.07325166579154e-05,1.33384544791734e-05,0.804629702389666,70.1729811601854,0.423751140054149,-1.58690390981368e-05,3.73340724139675e-05,"s__GGB38744_SGB14842"
"fixed",NA,"ResponseResponder:Days2",3.01742633637452e-06,1.90731787134745e-06,1.58202593374895,64.2908914780101,0.118551156457785,-7.92547132905245e-07,6.82739980565429e-06,"s__GGB9575_SGB14988"
"fixed",NA,"ResponseResponder:Days2",-0.000100629823655248,7.58479301885496e-05,-1.32673130835731,41.3489298475012,0.191878368542008,-0.000253768580048983,5.25089327384856e-05,"s__Ruminococcus_gnavus"
"fixed",NA,"ResponseResponder:Days2",2.25098081337139e-06,2.33019987118288e-06,0.966003320663101,79.2752922521687,0.336980257870639,-2.38691558799132e-06,6.8888772147341e-06,"s__Pediococcus_acidilactici"
"fixed",NA,"ResponseResponder:Days2",3.64028372499359e-05,4.86700106849895e-05,0.747952111322693,68.8074516530855,0.457037851925794,-6.06960248912052e-05,0.000133501699391077,"s__Roseburia_hominis"
"fixed",NA,"ResponseResponder:Days2",2.0893296206116e-06,1.85937602843817e-06,1.12367245175608,54.5939944225667,0.26606887002935,-1.63756618671389e-06,5.81622542793708e-06,"s__Clostridia_bacterium_UC5_1_1D1"
"fixed",NA,"ResponseResponder:Days2",-5.16869055697957e-06,3.03697686926189e-05,-0.170191963241254,61.9857672555648,0.865413447982237,-6.58772704368052e-05,5.5539889322846e-05,"s__Monoglobus_pectinilyticus"
"fixed",NA,"ResponseResponder:Days2",1.34323676442401e-05,1.81777973226627e-05,0.738943635788787,75.0063260277606,0.462247391368042,-2.27796114977501e-05,4.96443467862302e-05,"s__GGB3493_SGB4668"
"fixed",NA,"ResponseResponder:Days2",7.8495572877058e-06,5.60973671009507e-06,1.39927374373561,73.379879084156,0.165943956468348,-3.32965685320902e-06,1.90287714286206e-05,"s__GGB36331_SGB63183"
"fixed",NA,"ResponseResponder:Days2",-2.04282675173728e-06,6.10465579370416e-06,-0.334634223578025,38.5392574869505,0.739715475861021,-1.4395380146458e-05,1.03097266429834e-05,"s__Blautia_SGB4793"
"fixed",NA,"ResponseResponder:Days2",3.71701922209128e-05,8.05376618600898e-05,0.46152559389525,58.9113843006624,0.646121237640125,-0.000123990369175371,0.000198330753617196,"s__Ruminococcus_torques"
"fixed",NA,"ResponseResponder:Days2",-7.82166237621415e-06,1.46562289535946e-05,-0.533674958338842,53.8115427300049,0.595764124741865,-3.72079892504616e-05,2.15646644980333e-05,"s__Clostridiaceae_bacterium"
"fixed",NA,"ResponseResponder:Days2",6.13458163264117e-06,2.93226151542962e-05,0.209209908473746,61.5871948240596,0.834974846338196,-5.24883071241634e-05,6.47574703894458e-05,"s__Mediterraneibacter_glycyrrhizinilyticus"
"fixed",NA,"ResponseResponder:Days2",7.72066785728089e-06,5.25805296430789e-05,0.146835110062402,56.2870722495741,0.883786836673512,-9.75989366870216e-05,0.000113040272401583,"s__Streptococcus_thermophilus"
"fixed",NA,"ResponseResponder:Days2",2.39033053615917e-05,9.30288999418553e-05,0.25694494266332,79.6567783101036,0.797883797487195,-0.00016124235217071,0.000209048962893894,"s__Firmicutes_bacterium"
"fixed",NA,"ResponseResponder:Days2",-1.29555357570707e-05,1.78383161310134e-05,-0.726275712456204,72.2733380815421,0.470015384569083,-4.85132714955029e-05,2.26021999813615e-05,"s__GGB3600_SGB4861"
"fixed",NA,"ResponseResponder:Days2",-7.24841025170537e-05,9.39883259924798e-05,-0.77120325052766,43.341533455903,0.444770719462571,-0.000261986441838334,0.000117018236804226,"s__Brotolimicola_acetigignens"
"fixed",NA,"ResponseResponder:Days2",-2.24480265893342e-07,2.08424524288198e-06,-0.107703384071513,36.7798698266105,0.914816380549154,-4.44841560133775e-06,3.99945506955107e-06,"s__GGB3606_SGB4870"
"fixed",NA,"ResponseResponder:Days2",-2.01724449869203e-05,4.62242672681541e-05,-0.436403780505527,68.7082456409585,0.663912078857155,-0.000112394321207203,7.2049431233362e-05,"s__Eggerthella_lenta"
"fixed",NA,"ResponseResponder:Days2",4.89512757353933e-07,1.10996262008393e-06,0.441017335626056,41.9608551801991,0.661464489956632,-1.75054440782907e-06,2.72956992253693e-06,"s__Phocea_massiliensis"
"fixed",NA,"ResponseResponder:Days2",2.55238183927847e-07,3.76953293358614e-05,0.00677108247692178,41.821271786776,0.994629695875904,-7.58266490358677e-05,7.63371254037234e-05,"s__Ruthenibacterium_lactatiformans"
"fixed",NA,"ResponseResponder:Days2",5.03074863790158e-07,5.68044222096206e-06,0.0885626231587575,59.3779199743726,0.929727541155933,-1.08619502809244e-05,1.18681000085047e-05,"s__Pseudoflavonifractor_phocaeensis"
"fixed",NA,"ResponseResponder:Days2",6.72262099919551e-05,3.59349746190292e-05,1.87077382702132,41.6996854327885,0.0684052041779859,-5.30898105987838e-06,0.000139761401043789,"s__Bacteroides_xylanisolvens"
"fixed",NA,"ResponseResponder:Days2",-1.39978867647422e-06,2.33190669315327e-06,-0.600276452134277,80.4213912754591,0.550009843176447,-6.04005762935239e-06,3.24048027640395e-06,"s__GGB3511_SGB4688"
"fixed",NA,"ResponseResponder:Days2",-5.52786954514256e-05,4.65282598382906e-05,-1.18806711541646,41.8404603476533,0.241507374313725,-0.000149187133762632,3.86297428597804e-05,"s__Escherichia_coli"
"fixed",NA,"ResponseResponder:Days2",1.16517131220258e-05,1.50955748767333e-05,0.771862828489199,44.511529022227,0.444274458441787,-1.87615471721451e-05,4.20649734161968e-05,"s__GGB3433_SGB4574"
"fixed",NA,"ResponseResponder:Days2",-1.28867954744669e-05,8.01787030845306e-05,-0.160725915719548,48.2869922210684,0.872979822346577,-0.000174072133516862,0.000148298542567929,"c__CFGB3012"
"fixed",NA,"ResponseResponder:Days2",-4.91009407943435e-05,0.00010169752617512,-0.48281352202996,60.6241779070834,0.630967103924351,-0.00025248321157442,0.000154281329985733,"c__Erysipelotrichia"
"fixed",NA,"ResponseResponder:Days2",2.76706078687244e-06,2.22260472027662e-06,1.24496306591487,68.8736248491838,0.21736475133538,-1.667059458178e-06,7.20118103192289e-06,"c__CFGB1260"
"fixed",NA,"ResponseResponder:Days2",-1.28867954744669e-05,8.01787030845306e-05,-0.160725915719548,48.2869922210684,0.872979822346577,-0.000174072133516862,0.000148298542567929,"o__OFGB3012"
"fixed",NA,"ResponseResponder:Days2",-4.91009407943435e-05,0.00010169752617512,-0.48281352202996,60.6241779070834,0.630967103924351,-0.00025248321157442,0.000154281329985733,"o__Erysipelotrichales"
"fixed",NA,"ResponseResponder:Days2",2.76706078687244e-06,2.22260472027662e-06,1.24496306591487,68.8736248491838,0.21736475133538,-1.667059458178e-06,7.20118103192289e-06,"o__OFGB1260"
"fixed",NA,"ResponseResponder:Days2",-1.46105052332286e-05,0.000721333878497286,-0.0202548440725754,55.2695295329337,0.98391302444354,-0.0014600374637706,0.00143081645330414,"f__Prevotellaceae"
"fixed",NA,"ResponseResponder:Days2",-1.28867954744669e-05,8.01787030845306e-05,-0.160725915719548,48.2869922210684,0.872979822346577,-0.000174072133516862,0.000148298542567929,"f__FGB3012"
"fixed",NA,"ResponseResponder:Days2",-3.95370830844355e-05,7.35493071352797e-05,-0.537558878858162,59.9686386590521,0.592870919741853,-0.000186659184436637,0.000107585018267766,"f__Erysipelotrichaceae"
"fixed",NA,"ResponseResponder:Days2",4.31658644664212e-06,6.11287293001857e-06,0.706146928957839,41.9117221557235,0.484003862974931,-8.02046041147135e-06,1.66536333047556e-05,"f__Coprobacillaceae"
"fixed",NA,"ResponseResponder:Days2",-3.39554428077304e-05,6.26225521626432e-05,-0.542223873590163,63.173704423752,0.589571924684369,-0.000159089893979965,9.11790083645043e-05,"f__Eubacteriaceae"
"fixed",NA,"ResponseResponder:Days2",4.35130156120997e-06,1.28386711117889e-05,0.338921491431809,64.7835706816501,0.735765001718494,-2.12909192183311e-05,2.9993522340751e-05,"f__Eubacteriales_Family_XIII_Incertae_Sedis"
"fixed",NA,"ResponseResponder:Days2",-3.22728029776974e-05,2.5673753328295e-05,-1.25703486221976,45.5371106923137,0.215150452229102,-8.39655678093053e-05,1.94199618539105e-05,"f__Peptostreptococcaceae"
"fixed",NA,"ResponseResponder:Days2",2.76706078687244e-06,2.22260472027662e-06,1.24496306591487,68.8736248491838,0.21736475133538,-1.667059458178e-06,7.20118103192289e-06,"f__FGB1260"
"fixed",NA,"ResponseResponder:Days2",2.74408915823395e-06,5.96316377280226e-06,0.460173368162321,41.7465300091986,0.647779735608683,-9.29222762562347e-06,1.47804059420914e-05,"g__GGB9739"
"fixed",NA,"ResponseResponder:Days2",4.78768079456831e-05,4.09446867484182e-05,1.1693045361382,47.9770192311138,0.248057674317294,-3.4449021104309e-05,0.000130202636995675,"g__Paraprevotella"
"fixed",NA,"ResponseResponder:Days2",-1.28867954744669e-05,8.01787030845306e-05,-0.160725915719548,48.2869922210684,0.872979822346577,-0.000174072133516862,0.000148298542567929,"g__GGB9480"
"fixed",NA,"ResponseResponder:Days2",-4.45566913281121e-07,6.008207838598e-06,-0.0741597037337332,42.5590656144609,0.941230784883584,-1.2565904183053e-05,1.16747703564908e-05,"g__Tyzzerella"
"fixed",NA,"ResponseResponder:Days2",-2.09864479986395e-05,4.3578325419894e-05,-0.481579955090677,50.3802187617044,0.632189696930875,-0.000108499726347255,6.65268303499757e-05,"g__Oliverpabstia"
"fixed",NA,"ResponseResponder:Days2",1.55941864376335e-06,1.13878548328309e-05,0.136936997060024,44.8178937173597,0.891693910301119,-2.13794709123859e-05,2.44983081999126e-05,"g__Holdemanella"
"fixed",NA,"ResponseResponder:Days2",0.000110484586887116,0.000281889580127432,0.391942784253216,77.1318470997989,0.696181338710067,-0.000450813966690561,0.000671783140464792,"g__Anaerobutyricum"
"fixed",NA,"ResponseResponder:Days2",-6.37322863098625e-05,8.97221499245265e-05,-0.710329460043853,53.6375386688562,0.480577004137166,-0.000243642209906305,0.00011617763728658,"g__Faecalimonas"
"fixed",NA,"ResponseResponder:Days2",-7.84516699378941e-08,1.30889846059929e-07,-0.599371702996535,41.9999652364315,0.55214479285127,-3.42598079833516e-07,1.85694739957728e-07,"g__Catenibacterium"
"fixed",NA,"ResponseResponder:Days2",-2.70790779776925e-05,3.83968298460625e-05,-0.705242544404207,73.1605390261974,0.482898686968882,-0.000103601020629297,4.9442864673912e-05,"g__Eubacterium"
"fixed",NA,"ResponseResponder:Days2",-1.82824315462809e-05,7.41817180100805e-05,-0.246454679626004,44.1669837370761,0.806472156826552,-0.000167769897630566,0.000131205034538004,"g__Fusicatenibacter"
"fixed",NA,"ResponseResponder:Days2",6.77020515066045e-06,2.14938051899577e-05,0.314984019387298,46.36572628442,0.754187022122461,-3.64853733477912e-05,5.00257836491121e-05,"g__Agathobaculum"
"fixed",NA,"ResponseResponder:Days2",-1.01227351476082e-07,1.1127640751474e-06,-0.0909692842687008,81.46395657841,0.927740308758022,-2.31508767708489e-06,2.11263297413272e-06,"g__Dielma"
"fixed",NA,"ResponseResponder:Days2",8.91755053004249e-06,5.69974199061645e-06,1.56455336833203,53.9545679142047,0.123534575352012,-2.50996451098672e-06,2.03450655710717e-05,"g__Mogibacterium"
"fixed",NA,"ResponseResponder:Days2",-5.12417185841382e-05,2.91802855679526e-05,-1.75603896900909,58.4342659580499,0.0843217059553203,-0.000109643165461345,7.15972829306875e-06,"g__Lacrimispora"
"fixed",NA,"ResponseResponder:Days2",-2.36408442554302e-05,3.3757478851227e-05,-0.700314272864335,71.3996629236076,0.486006841921614,-9.09448166949015e-05,4.36631281840412e-05,"g__Evtepia"
"fixed",NA,"ResponseResponder:Days2",5.02423889334393e-06,5.81844345047585e-06,0.863502229781582,52.2646695234084,0.391806892302927,-6.64991488750389e-06,1.66983926741918e-05,"g__Hydrogenoanaerobacterium"
"fixed",NA,"ResponseResponder:Days2",-1.66984455536968e-05,1.8959393461683e-05,-0.880747877691576,38.6151617248082,0.383903328786221,-5.5059661811323e-05,2.16627707039293e-05,"g__Intestinibacter"
"fixed",NA,"ResponseResponder:Days2",-9.45438025872605e-05,0.000139836577096858,-0.676102093959112,51.0663865629098,0.502026520650214,-0.000375268584411634,0.000186180979237113,"g__Gemmiger"
"fixed",NA,"ResponseResponder:Days2",5.29450550107499e-05,4.79227047050625e-05,1.10480106113787,77.9759397826406,0.272643216326754,-4.2462184872608e-05,0.000148352294894108,"g__Simiaoa"
"fixed",NA,"ResponseResponder:Days2",2.27520287759803e-06,1.95376604549484e-06,1.16452165951209,67.4079568221611,0.248317564885138,-1.62409667985702e-06,6.17450243505307e-06,"g__GGB3057"
"fixed",NA,"ResponseResponder:Days2",-2.01116932019564e-05,1.22681072519689e-05,-1.63934768329717,43.3962267781035,0.108371410041891,-4.48461583983658e-05,4.62277199445299e-06,"g__Anaerotignum"
"fixed",NA,"ResponseResponder:Days2",-1.26867323865861e-05,2.27105761211879e-05,-0.558626620429499,44.5006136395526,0.579216848607382,-5.84423526536822e-05,3.306888788051e-05,"g__Desulfovibrio"
"fixed",NA,"ResponseResponder:Days2",1.36879934435218e-06,2.50764822209e-06,0.545849825463699,60.2686232255769,0.587184013199888,-3.64678413721713e-06,6.38438282592149e-06,"g__GGB9614"
"fixed",NA,"ResponseResponder:Days2",2.74408915823395e-06,5.96316377280226e-06,0.460173368162321,41.7465300091986,0.647779735608683,-9.29222762562347e-06,1.47804059420914e-05,"s__GGB9739_SGB15313"
"fixed",NA,"ResponseResponder:Days2",-7.86027968202998e-06,1.65387104717653e-05,-0.475265571366581,57.376747935471,0.63640202118383,-4.09737638848459e-05,2.52532045207859e-05,"s__Bacteroides_salyersiae"
"fixed",NA,"ResponseResponder:Days2",8.93906102032242e-05,0.000157125891621362,0.568910758633181,55.5109211090778,0.571711419522837,-0.000225431582809787,0.000404212803216236,"s__Alistipes_finegoldii"
"fixed",NA,"ResponseResponder:Days2",-4.49156671623598e-05,6.49199028492713e-05,-0.691862821585599,41.5576879312209,0.492871041192332,-0.000175970659371129,8.61393250464089e-05,"s__Bacteroides_faecis"
"fixed",NA,"ResponseResponder:Days2",9.752445608922e-06,1.44462280430943e-05,0.675085951836675,43.3229997543758,0.503208428754851,-1.93748696651935e-05,3.88797608830375e-05,"s__Parasutterella_excrementihominis"
"fixed",NA,"ResponseResponder:Days2",4.92730177490311e-05,4.07978967300703e-05,1.20773426323995,48.525737789826,0.233002995125372,-3.27336982141976e-05,0.00013127973371226,"s__Paraprevotella_clara"
"fixed",NA,"ResponseResponder:Days2",3.75016310799231e-05,3.87239809219392e-05,0.968434292835746,53.2839362322769,0.337202922217487,-4.01591780681302e-05,0.000115162440227976,"s__Clostridium_fessum"
"fixed",NA,"ResponseResponder:Days2",0.000100641853415006,0.000100899544930066,0.997446058698889,50.743978828371,0.32328084220504,-0.000101947252740131,0.000303230959570142,"s__Bacteroides_finegoldii"
"fixed",NA,"ResponseResponder:Days2",-9.11734529468027e-06,8.27308409937104e-05,-0.11020491494065,48.7252814123303,0.912699531723613,-0.000175394907915641,0.00015716021732628,"s__GGB9480_SGB14874"
"fixed",NA,"ResponseResponder:Days2",-8.96958912632947e-07,1.05618346651778e-06,-0.849245364150801,73.0115204992045,0.398520817737346,-3.00192393019296e-06,1.20800610492707e-06,"s__Tyzzerella_SGB4587"
"fixed",NA,"ResponseResponder:Days2",0.000401771877702452,0.00027497718279196,1.46110987691085,45.1203661836629,0.150914764519391,-0.000152019822616666,0.00095556357802157,"s__Phocaeicola_dorei"
"fixed",NA,"ResponseResponder:Days2",1.436618228676e-05,3.24880397556548e-05,0.442199110651466,46.4652409131014,0.660396615051653,-5.10111850022765e-05,7.97435495757965e-05,"s__Clostridium_sp_AM22_11AC"
"fixed",NA,"ResponseResponder:Days2",-2.09864479986395e-05,4.3578325419894e-05,-0.481579955090677,50.3802187617044,0.632189696930875,-0.000108499726347255,6.65268303499757e-05,"s__Oliverpabstia_intestinalis"
"fixed",NA,"ResponseResponder:Days2",-2.58713218905212e-06,1.07094204192069e-05,-0.241575368953879,55.3963237623867,0.810001213596232,-2.404583954907e-05,1.88715751709657e-05,"s__Holdemanella_porci"
"fixed",NA,"ResponseResponder:Days2",-6.37322863098625e-05,8.97221499245265e-05,-0.710329460043853,53.6375386688562,0.480577004137166,-0.000243642209906305,0.00011617763728658,"s__Faecalimonas_umbilicata"
"fixed",NA,"ResponseResponder:Days2",-7.84501878578258e-08,1.30889845919645e-07,-0.599360380529346,41.9999665745651,0.552152270494584,-3.42596597221013e-07,1.85696221505362e-07,"s__Catenibacterium_tridentinum"
"fixed",NA,"ResponseResponder:Days2",-1.43887373075503e-05,7.35860459443225e-05,-0.195536220527969,43.9756970059666,0.845873890790159,-0.000162693983151254,0.000133916508536153,"s__Fusicatenibacter_saccharivorans"
"fixed",NA,"ResponseResponder:Days2",6.77020515066045e-06,2.14938051899577e-05,0.314984019387298,46.36572628442,0.754187022122461,-3.64853733477912e-05,5.00257836491121e-05,"s__Agathobaculum_butyriciproducens"
"fixed",NA,"ResponseResponder:Days2",-1.01227351476082e-07,1.1127640751474e-06,-0.0909692842687008,81.46395657841,0.927740308758022,-2.31508767708489e-06,2.11263297413272e-06,"s__Dielma_fastidiosa"
"fixed",NA,"ResponseResponder:Days2",-1.04641889272466e-05,6.98300612529655e-06,-1.49852208912422,41.3901143017831,0.141586474914053,-2.4562620327097e-05,3.63424247260383e-06,"s__Coprococcus_catus"
"fixed",NA,"ResponseResponder:Days2",7.26237800102304e-05,0.000253740106002756,0.286213248485999,77.7994746475965,0.775475553143487,-0.00043255447533495,0.000577802035355411,"s__Anaerobutyricum_hallii"
"fixed",NA,"ResponseResponder:Days2",-1.16355318635743e-05,1.45100294960871e-05,-0.801895810529679,53.7151129455421,0.426146652974082,-4.07299234356134e-05,1.74588597084648e-05,"s__Eubacterium_ramulus"
"fixed",NA,"ResponseResponder:Days2",-0.000217389300613382,0.000313269778074882,-0.693936395490465,77.8810326842061,0.489786804968531,-0.000841076526274374,0.00040629792504761,"s__Blautia_obeum"
"fixed",NA,"ResponseResponder:Days2",4.60991917989912e-07,5.79201868950286e-06,0.0795908892395994,42.5156423985536,0.936936098148637,-1.12235765051128e-05,1.21455603410926e-05,"s__Tyzzerella_nexilis"
"fixed",NA,"ResponseResponder:Days2",8.91755053004249e-06,5.69974199061645e-06,1.56455336833203,53.9545679142047,0.123534575352012,-2.50996451098672e-06,2.03450655710717e-05,"s__Mogibacterium_kristiansenii"
"fixed",NA,"ResponseResponder:Days2",-5.12417185841382e-05,2.91802855679526e-05,-1.75603896900909,58.4342659580499,0.0843217059553203,-0.000109643165461345,7.15972829306875e-06,"s__Lacrimispora_amygdalina"
"fixed",NA,"ResponseResponder:Days2",-2.36408442554302e-05,3.3757478851227e-05,-0.700314272864335,71.3996629236076,0.486006841921614,-9.09448166949015e-05,4.36631281840412e-05,"s__Evtepia_gabavorous"
"fixed",NA,"ResponseResponder:Days2",6.49137459908276e-06,4.43381153846249e-06,1.46406191214293,48.7503329898088,0.149595977453966,-2.41985764354536e-06,1.54026068417109e-05,"s__Hydrogenoanaerobacterium_SGB53821"
"fixed",NA,"ResponseResponder:Days2",7.67654550105095e-05,0.000202595930547828,0.37890916566257,45.4128339353718,0.706521151945354,-0.000331181336994852,0.00048471224701587,"s__Bacteroides_cellulosilyticus"
"fixed",NA,"ResponseResponder:Days2",3.34458610441434e-05,0.000136314269465618,0.245358473293065,66.3825243102121,0.806935839093859,-0.000238685089417931,0.000305576811506218,"s__Anaerobutyricum_soehngenii"
"fixed",NA,"ResponseResponder:Days2",1.37601692095169e-05,7.11658835756605e-06,1.93353451375162,45.1364776243024,0.0594566213170927,-5.72179408261317e-07,2.80925178272951e-05,"s__Eubacterium_ventriosum"
"fixed",NA,"ResponseResponder:Days2",-6.04380842103731e-06,4.98173702270978e-06,-1.21319298740298,71.228401369525,0.229064025765269,-1.59765579697595e-05,3.88894112768482e-06,"s__Dorea_sp_AF36_15AT"
"fixed",NA,"ResponseResponder:Days2",-1.66984455536968e-05,1.8959393461683e-05,-0.880747877691576,38.6151617248082,0.383903328786221,-5.5059661811323e-05,2.16627707039293e-05,"s__Intestinibacter_bartlettii"
"fixed",NA,"ResponseResponder:Days2",-7.72072454481814e-05,0.000137572056069315,-0.561213139166,51.4327885551032,0.577089391403715,-0.000353338256367326,0.000198923765470963,"s__Gemmiger_formicilis"
"fixed",NA,"ResponseResponder:Days2",-2.3581144044423e-05,2.98677794251776e-05,-0.789517818138995,43.1034737207376,0.434131184986504,-8.381108050981e-05,3.66487924209639e-05,"s__Mediterraneibacter_faecis"
"fixed",NA,"ResponseResponder:Days2",5.29450550107499e-05,4.79227047050625e-05,1.10480106113787,77.9759397826406,0.272643216326754,-4.2462184872608e-05,0.000148352294894108,"s__Simiaoa_sunii"
"fixed",NA,"ResponseResponder:Days2",5.45348914091864e-08,9.42885412734242e-07,0.0578383021655223,74.24486829283,0.954032812928722,-1.82410235330449e-06,1.93317213612286e-06,"s__GGB3057_SGB71294"
"fixed",NA,"ResponseResponder:Days2",-1.52297152547383e-05,1.11599821201683e-05,-1.36467201208282,43.3451349297828,0.179399105054714,-3.77307828688422e-05,7.27135235936563e-06,"s__Anaerotignum_faecicola"
"fixed",NA,"ResponseResponder:Days2",-1.8794412530178e-05,1.84501211056692e-05,-1.01866065932776,61.5768336329045,0.312349811151211,-5.56807214903833e-05,1.80918964300274e-05,"s__Lachnospiraceae_bacterium_CLA_AA_H244"
"fixed",NA,"ResponseResponder:Days2",-2.47663445796479e-07,2.17446648057091e-05,-0.0113896189253492,46.6266943338249,0.990961189728423,-4.40015336273118e-05,4.35062067357188e-05,"s__Blautia_SGB4815"
"fixed",NA,"ResponseResponder:Days2",-9.75773628290233e-06,1.13917717414362e-05,-0.856560024584216,47.3521381391321,0.396002221765539,-3.26705270789244e-05,1.31550545131198e-05,"s__Desulfovibrio_fairfieldensis"
"fixed",NA,"ResponseResponder:Days2",-1.89746040923945e-05,1.35417981612421e-05,-1.40118792692551,37.1220652557129,0.169462956433632,-4.64098483308113e-05,8.46064014602228e-06,"s__Clostridium_sp_AF20_17LB"
"fixed",NA,"ResponseResponder:Days2",1.36879934435218e-06,2.50764822209e-06,0.545849825463699,60.2686232255769,0.587184013199888,-3.64678413721713e-06,6.38438282592149e-06,"s__GGB9614_SGB15049"
"fixed",NA,"ResponseResponder:Days2",-9.67769506120659e-05,6.25608815484111e-05,-1.54692434340423,63.4260442845721,0.126856971969437,-0.000221778464030087,2.82245628059554e-05,"c__CFGB658"
"fixed",NA,"ResponseResponder:Days2",6.41946530743872e-05,0.000125805242025243,0.510270097183284,42.4054417967838,0.612508228073106,-0.000189618708174455,0.000318008014323229,"c__CFGB4806"
"fixed",NA,"ResponseResponder:Days2",0.000166994981769548,0.000124826824718172,1.33781326366813,54.2773506434757,0.186535822740498,-8.32384493499058e-05,0.000417228412889002,"c__CFGB343"
"fixed",NA,"ResponseResponder:Days2",-1.0726840820164e-05,0.000109133247889096,-0.098291226804364,44.5932385406781,0.922141541181495,-0.000230587837318038,0.00020913415567771,"c__CFGB1354"
"fixed",NA,"ResponseResponder:Days2",2.80024940078792e-05,1.68693093855026e-05,1.65996682898853,45.3150989526657,0.103826756019633,-5.96751958470309e-06,6.19725076004615e-05,"c__CFGB1458"
"fixed",NA,"ResponseResponder:Days2",-8.66462106061515e-05,6.67597165827556e-05,-1.29788164242346,43.2477603736525,0.20120773980087,-0.000221257708764268,4.7965287551965e-05,"c__CFGB4405"
"fixed",NA,"ResponseResponder:Days2",-9.85042539189006e-06,2.66607099138324e-05,-0.369473484529358,46.9003329107787,0.713437850545837,-6.3487864512227e-05,4.37870137284469e-05,"c__CFGB3062"
"fixed",NA,"ResponseResponder:Days2",-9.69432075407152e-05,0.0001887579543062,-0.51358475406793,76.2940451580259,0.60902653520547,-0.000472863824538221,0.00027897740945679,"c__CFGB2982"
"fixed",NA,"ResponseResponder:Days2",-1.8378815983683e-06,2.75018661845432e-06,-0.668275231228214,81.9999999996111,0.50583470004978,-7.30887887404854e-06,3.63311567731194e-06,"c__CFGB2880"
"fixed",NA,"ResponseResponder:Days2",2.11045784932541e-05,9.37236545677936e-05,0.225178783206628,53.8537228634635,0.822692494164143,-0.000166811725044279,0.000209020882030788,"c__CFGB38642"
"fixed",NA,"ResponseResponder:Days2",-1.28126932913082e-06,5.38244611063999e-06,-0.2380459186759,47.5016780247381,0.812869344975286,-1.21063362964611e-05,9.5437976381995e-06,"c__CFGB3023"
"fixed",NA,"ResponseResponder:Days2",1.10757260898048e-05,1.1094223932364e-05,0.998332660069601,51.3100389839178,0.322803073447938,-1.11935906477865e-05,3.3345042827396e-05,"c__CFGB3070"
"fixed",NA,"ResponseResponder:Days2",0.000113304644442271,8.24736986600978e-05,1.37382761150604,57.0536129740224,0.174869095541375,-5.18427251216012e-05,0.000278452014006143,"c__CFGB3054"
"fixed",NA,"ResponseResponder:Days2",1.23640836530251e-06,2.48185681591152e-06,0.498178765743343,47.1862352505646,0.620672176323518,-3.7559234119099e-06,6.22874014251492e-06,"c__CFGB1258"
"fixed",NA,"ResponseResponder:Days2",-9.86208945838223e-06,2.59010108868347e-05,-0.38076079352544,28.7333649866682,0.706181404816927,-6.28569653422079e-05,4.31327864254435e-05,"c__CFGB72924"
"fixed",NA,"ResponseResponder:Days2",-1.04409451186333e-06,2.75602689543107e-06,-0.378840465451996,67.590469284942,0.705993781355849,-6.54426397727227e-06,4.45607495354561e-06,"c__CFGB1473"
"fixed",NA,"ResponseResponder:Days2",-1.13081396062541e-06,8.25539720450066e-07,-1.36978746462849,77.8932323969912,0.174689082418037,-2.77437277738217e-06,5.12744856131354e-07,"c__CFGB2881"
"fixed",NA,"ResponseResponder:Days2",-3.91383997327969e-06,5.37740414557904e-06,-0.727830727861024,49.035465592712,0.470178493310475,-1.47199404912472e-05,6.89226054468778e-06,"c__CFGB2834"
"fixed",NA,"ResponseResponder:Days2",1.25392472942044e-05,1.53986429089748e-05,0.814308596434572,46.6181242513486,0.419608508408805,-1.84455264525789e-05,4.35240210409878e-05,"c__CFGB3038"
"fixed",NA,"ResponseResponder:Days2",-2.93847829197282e-05,6.3418886136189e-05,-0.463344355443673,75.3607633447601,0.644452954438611,-0.000155711770277379,9.69422044379223e-05,"c__CFGB79294"
"fixed",NA,"ResponseResponder:Days2",-1.1204688123944e-06,1.25752026953587e-06,-0.891014514468177,67.7856987842084,0.376073145067115,-3.62995509421374e-06,1.38901746942495e-06,"c__CFGB1211"
"fixed",NA,"ResponseResponder:Days2",-7.02496325581581e-05,7.74656817957199e-05,-0.906848438298254,71.0613102189287,0.367551829818582,-0.000224709505616297,8.42102404999812e-05,"c__CFGB1227"
"fixed",NA,"ResponseResponder:Days2",6.85074466364693e-07,8.59385016501794e-07,0.797168269413577,81.6038211204036,0.427666701485739,-1.02464036808732e-06,2.3947893008167e-06,"c__CFGB2954"
"fixed",NA,"ResponseResponder:Days2",-1.42168752098218e-07,1.20183305169159e-06,-0.11829326202846,51.8457838797088,0.906292426066806,-2.55399396614161e-06,2.26965646194517e-06,"c__CFGB79291"
"fixed",NA,"ResponseResponder:Days2",-2.93462270081633e-07,7.98948611317064e-07,-0.367310570322991,76.2885301926423,0.714404361705463,-1.88460901549281e-06,1.29768447532954e-06,"c__CFGB83839"
"fixed",NA,"ResponseResponder:Days2",-6.03820987838645e-07,5.00713693385555e-07,-1.20592066047951,45.8036206406079,0.234040603018761,-1.61182200119274e-06,4.04180025515455e-07,"c__CFGB32970"
"fixed",NA,"ResponseResponder:Days2",-1.7800453071365e-06,2.25711021499313e-06,-0.788639072789768,81.236997502487,0.432618441749108,-6.27078802848449e-06,2.7106974142115e-06,"c__CFGB1359"
"fixed",NA,"ResponseResponder:Days2",-9.67769506120659e-05,6.25608815484111e-05,-1.54692434340423,63.4260442845721,0.126856971969437,-0.000221778464030087,2.82245628059554e-05,"o__OFGB658"
"fixed",NA,"ResponseResponder:Days2",6.41946530743872e-05,0.000125805242025243,0.510270097183284,42.4054417967838,0.612508228073106,-0.000189618708174455,0.000318008014323229,"o__OFGB4806"
"fixed",NA,"ResponseResponder:Days2",0.000166994981769548,0.000124826824718172,1.33781326366813,54.2773506434757,0.186535822740498,-8.32384493499058e-05,0.000417228412889002,"o__OFGB343"
"fixed",NA,"ResponseResponder:Days2",-1.0726840820164e-05,0.000109133247889096,-0.098291226804364,44.5932385406781,0.922141541181495,-0.000230587837318038,0.00020913415567771,"o__OFGB1354"
"fixed",NA,"ResponseResponder:Days2",2.80024940078792e-05,1.68693093855026e-05,1.65996682898853,45.3150989526657,0.103826756019633,-5.96751958470309e-06,6.19725076004615e-05,"o__OFGB1458"
"fixed",NA,"ResponseResponder:Days2",-8.66462106061515e-05,6.67597165827556e-05,-1.29788164242346,43.2477603736525,0.20120773980087,-0.000221257708764268,4.7965287551965e-05,"o__OFGB4405"
"fixed",NA,"ResponseResponder:Days2",-9.85042539189006e-06,2.66607099138324e-05,-0.369473484529358,46.9003329107787,0.713437850545837,-6.3487864512227e-05,4.37870137284469e-05,"o__OFGB3062"
"fixed",NA,"ResponseResponder:Days2",-9.69432075407152e-05,0.0001887579543062,-0.51358475406793,76.2940451580259,0.60902653520547,-0.000472863824538221,0.00027897740945679,"o__OFGB2982"
"fixed",NA,"ResponseResponder:Days2",-1.8378815983683e-06,2.75018661845432e-06,-0.668275231228214,81.9999999996111,0.50583470004978,-7.30887887404854e-06,3.63311567731194e-06,"o__OFGB2880"
"fixed",NA,"ResponseResponder:Days2",2.11045784932541e-05,9.37236545677936e-05,0.225178783206628,53.8537228634635,0.822692494164143,-0.000166811725044279,0.000209020882030788,"o__OFGB38642"
"fixed",NA,"ResponseResponder:Days2",-1.28126932913082e-06,5.38244611063999e-06,-0.2380459186759,47.5016780247381,0.812869344975286,-1.21063362964611e-05,9.5437976381995e-06,"o__OFGB3023"
"fixed",NA,"ResponseResponder:Days2",1.10757260898048e-05,1.1094223932364e-05,0.998332660069601,51.3100389839178,0.322803073447938,-1.11935906477865e-05,3.3345042827396e-05,"o__OFGB3070"
"fixed",NA,"ResponseResponder:Days2",0.000113304644442271,8.24736986600978e-05,1.37382761150604,57.0536129740224,0.174869095541375,-5.18427251216012e-05,0.000278452014006143,"o__OFGB3054"
"fixed",NA,"ResponseResponder:Days2",1.23640836530251e-06,2.48185681591152e-06,0.498178765743343,47.1862352505646,0.620672176323518,-3.7559234119099e-06,6.22874014251492e-06,"o__OFGB1258"
"fixed",NA,"ResponseResponder:Days2",-9.86208945838223e-06,2.59010108868347e-05,-0.38076079352544,28.7333649866682,0.706181404816927,-6.28569653422079e-05,4.31327864254435e-05,"o__OFGB72924"
"fixed",NA,"ResponseResponder:Days2",-1.04409451186333e-06,2.75602689543107e-06,-0.378840465451996,67.590469284942,0.705993781355849,-6.54426397727227e-06,4.45607495354561e-06,"o__OFGB1473"
"fixed",NA,"ResponseResponder:Days2",-1.13081396062541e-06,8.25539720450066e-07,-1.36978746462849,77.8932323969912,0.174689082418037,-2.77437277738217e-06,5.12744856131354e-07,"o__OFGB2881"
"fixed",NA,"ResponseResponder:Days2",-3.91383997327969e-06,5.37740414557904e-06,-0.727830727861024,49.035465592712,0.470178493310475,-1.47199404912472e-05,6.89226054468778e-06,"o__OFGB2834"
"fixed",NA,"ResponseResponder:Days2",-9.60883469210961e-05,8.9329902740081e-05,-1.07565713130439,80.3120517233044,0.285301456785293,-0.000273849915596834,8.16732217546416e-05,"o__Candidatus_Borkfalkiales"
"fixed",NA,"ResponseResponder:Days2",1.25392472942044e-05,1.53986429089748e-05,0.814308596434572,46.6181242513486,0.419608508408805,-1.84455264525789e-05,4.35240210409878e-05,"o__OFGB3038"
"fixed",NA,"ResponseResponder:Days2",-2.93847829197282e-05,6.3418886136189e-05,-0.463344355443673,75.3607633447601,0.644452954438611,-0.000155711770277379,9.69422044379223e-05,"o__OFGB79294"
"fixed",NA,"ResponseResponder:Days2",-1.1204688123944e-06,1.25752026953587e-06,-0.891014514468177,67.7856987842084,0.376073145067115,-3.62995509421374e-06,1.38901746942495e-06,"o__OFGB1211"
"fixed",NA,"ResponseResponder:Days2",-7.02496325581581e-05,7.74656817957199e-05,-0.906848438298254,71.0613102189287,0.367551829818582,-0.000224709505616297,8.42102404999812e-05,"o__OFGB1227"
"fixed",NA,"ResponseResponder:Days2",6.85074466364693e-07,8.59385016501794e-07,0.797168269413577,81.6038211204036,0.427666701485739,-1.02464036808732e-06,2.3947893008167e-06,"o__OFGB2954"
"fixed",NA,"ResponseResponder:Days2",9.8789445521927e-07,1.9314596271787e-06,0.511475591473945,41.7380881339232,0.611713508648856,-2.91067365184348e-06,4.88646256228202e-06,"o__Pasteurellales"
"fixed",NA,"ResponseResponder:Days2",-1.42168752098218e-07,1.20183305169159e-06,-0.11829326202846,51.8457838797088,0.906292426066806,-2.55399396614161e-06,2.26965646194517e-06,"o__OFGB79291"
"fixed",NA,"ResponseResponder:Days2",-2.93462270081633e-07,7.98948611317064e-07,-0.367310570322991,76.2885301926423,0.714404361705463,-1.88460901549281e-06,1.29768447532954e-06,"o__OFGB83839"
"fixed",NA,"ResponseResponder:Days2",-6.03820987838645e-07,5.00713693385555e-07,-1.20592066047951,45.8036206406079,0.234040603018761,-1.61182200119274e-06,4.04180025515455e-07,"o__OFGB32970"
"fixed",NA,"ResponseResponder:Days2",-1.7800453071365e-06,2.25711021499313e-06,-0.788639072789768,81.236997502487,0.432618441749108,-6.27078802848449e-06,2.7106974142115e-06,"o__OFGB1359"
"fixed",NA,"ResponseResponder:Days2",-9.67769506120659e-05,6.25608815484111e-05,-1.54692434340423,63.4260442845721,0.126856971969437,-0.000221778464030087,2.82245628059554e-05,"f__FGB658"
"fixed",NA,"ResponseResponder:Days2",6.41946530743872e-05,0.000125805242025243,0.510270097183284,42.4054417967838,0.612508228073106,-0.000189618708174455,0.000318008014323229,"f__FGB4806"
"fixed",NA,"ResponseResponder:Days2",0.000166994981769548,0.000124826824718172,1.33781326366813,54.2773506434757,0.186535822740498,-8.32384493499058e-05,0.000417228412889002,"f__FGB343"
"fixed",NA,"ResponseResponder:Days2",-1.0726840820164e-05,0.000109133247889096,-0.098291226804364,44.5932385406781,0.922141541181495,-0.000230587837318038,0.00020913415567771,"f__FGB1354"
"fixed",NA,"ResponseResponder:Days2",2.80024940078792e-05,1.68693093855026e-05,1.65996682898853,45.3150989526657,0.103826756019633,-5.96751958470309e-06,6.19725076004615e-05,"f__FGB1458"
"fixed",NA,"ResponseResponder:Days2",-8.66462106061515e-05,6.67597165827556e-05,-1.29788164242346,43.2477603736525,0.20120773980087,-0.000221257708764268,4.7965287551965e-05,"f__FGB4405"
"fixed",NA,"ResponseResponder:Days2",-9.85042539189006e-06,2.66607099138324e-05,-0.369473484529358,46.9003329107787,0.713437850545837,-6.3487864512227e-05,4.37870137284469e-05,"f__FGB3062"
"fixed",NA,"ResponseResponder:Days2",-9.69432075407152e-05,0.0001887579543062,-0.51358475406793,76.2940451580259,0.60902653520547,-0.000472863824538221,0.00027897740945679,"f__FGB2982"
"fixed",NA,"ResponseResponder:Days2",0.000120836944439506,0.00010915658140561,1.1070055775244,55.5601201781355,0.273061382222122,-9.78681743402872e-05,0.000339542063219299,"f__Barnesiellaceae"
"fixed",NA,"ResponseResponder:Days2",-8.85789927703848e-05,0.000128308856791744,-0.690357587038251,49.5298619798177,0.493191830829362,-0.000346355540238412,0.000169197554697642,"f__Eubacteriales_incertae_sedis"
"fixed",NA,"ResponseResponder:Days2",-1.8378815983683e-06,2.75018661845432e-06,-0.668275231228214,81.9999999996111,0.50583470004978,-7.30887887404854e-06,3.63311567731194e-06,"f__FGB2880"
"fixed",NA,"ResponseResponder:Days2",2.11045784932541e-05,9.37236545677936e-05,0.225178783206628,53.8537228634635,0.822692494164143,-0.000166811725044279,0.000209020882030788,"f__FGB38642"
"fixed",NA,"ResponseResponder:Days2",-1.28126932913082e-06,5.38244611063999e-06,-0.2380459186759,47.5016780247381,0.812869344975286,-1.21063362964611e-05,9.5437976381995e-06,"f__FGB3023"
"fixed",NA,"ResponseResponder:Days2",1.10757260898048e-05,1.1094223932364e-05,0.998332660069601,51.3100389839178,0.322803073447938,-1.11935906477865e-05,3.3345042827396e-05,"f__FGB3070"
"fixed",NA,"ResponseResponder:Days2",0.000113304644442271,8.24736986600978e-05,1.37382761150604,57.0536129740224,0.174869095541375,-5.18427251216012e-05,0.000278452014006143,"f__FGB3054"
"fixed",NA,"ResponseResponder:Days2",1.23640836530251e-06,2.48185681591152e-06,0.498178765743343,47.1862352505646,0.620672176323518,-3.7559234119099e-06,6.22874014251492e-06,"f__FGB1258"
"fixed",NA,"ResponseResponder:Days2",-9.86208945838223e-06,2.59010108868347e-05,-0.38076079352544,28.7333649866682,0.706181404816927,-6.28569653422079e-05,4.31327864254435e-05,"f__FGB72924"
"fixed",NA,"ResponseResponder:Days2",-1.04409451186333e-06,2.75602689543107e-06,-0.378840465451996,67.590469284942,0.705993781355849,-6.54426397727227e-06,4.45607495354561e-06,"f__FGB1473"
"fixed",NA,"ResponseResponder:Days2",-1.13081396062541e-06,8.25539720450066e-07,-1.36978746462849,77.8932323969912,0.174689082418037,-2.77437277738217e-06,5.12744856131354e-07,"f__FGB2881"
"fixed",NA,"ResponseResponder:Days2",-3.91383997327969e-06,5.37740414557904e-06,-0.727830727861024,49.035465592712,0.470178493310475,-1.47199404912472e-05,6.89226054468778e-06,"f__FGB2834"
"fixed",NA,"ResponseResponder:Days2",-9.60883469210961e-05,8.9329902740081e-05,-1.07565713130439,80.3120517233044,0.285301456785293,-0.000273849915596834,8.16732217546416e-05,"f__Candidatus_Borkfalkiaceae"
"fixed",NA,"ResponseResponder:Days2",1.25392472942044e-05,1.53986429089748e-05,0.814308596434572,46.6181242513486,0.419608508408805,-1.84455264525789e-05,4.35240210409878e-05,"f__FGB3038"
"fixed",NA,"ResponseResponder:Days2",-2.93847829197282e-05,6.3418886136189e-05,-0.463344355443673,75.3607633447601,0.644452954438611,-0.000155711770277379,9.69422044379223e-05,"f__FGB79294"
"fixed",NA,"ResponseResponder:Days2",-1.1204688123944e-06,1.25752026953587e-06,-0.891014514468177,67.7856987842084,0.376073145067115,-3.62995509421374e-06,1.38901746942495e-06,"f__FGB1211"
"fixed",NA,"ResponseResponder:Days2",-7.02496325581581e-05,7.74656817957199e-05,-0.906848438298254,71.0613102189287,0.367551829818582,-0.000224709505616297,8.42102404999812e-05,"f__FGB1227"
"fixed",NA,"ResponseResponder:Days2",6.85074466364693e-07,8.59385016501794e-07,0.797168269413577,81.6038211204036,0.427666701485739,-1.02464036808732e-06,2.3947893008167e-06,"f__FGB2954"
"fixed",NA,"ResponseResponder:Days2",9.8789445521927e-07,1.9314596271787e-06,0.511475591473945,41.7380881339232,0.611713508648856,-2.91067365184348e-06,4.88646256228202e-06,"f__Pasteurellaceae"
"fixed",NA,"ResponseResponder:Days2",-1.42168752098218e-07,1.20183305169159e-06,-0.11829326202846,51.8457838797088,0.906292426066806,-2.55399396614161e-06,2.26965646194517e-06,"f__FGB79291"
"fixed",NA,"ResponseResponder:Days2",-2.93462270081633e-07,7.98948611317064e-07,-0.367310570322991,76.2885301926423,0.714404361705463,-1.88460901549281e-06,1.29768447532954e-06,"f__FGB83839"
"fixed",NA,"ResponseResponder:Days2",-6.03820987838645e-07,5.00713693385555e-07,-1.20592066047951,45.8036206406079,0.234040603018761,-1.61182200119274e-06,4.04180025515455e-07,"f__FGB32970"
"fixed",NA,"ResponseResponder:Days2",-1.7800453071365e-06,2.25711021499313e-06,-0.788639072789768,81.236997502487,0.432618441749108,-6.27078802848449e-06,2.7106974142115e-06,"f__FGB1359"
"fixed",NA,"ResponseResponder:Days2",3.38772172957951e-07,1.24810212266885e-07,2.71429850815049,41.6774265215741,0.00961823639337031,8.68371988725674e-08,5.90707147043335e-07,"f__Hafniaceae"
"fixed",NA,"ResponseResponder:Days2",0.000263395298280272,0.000559481948399998,0.470784265754289,62.5689523918743,0.63943197882431,-0.00085479091980347,0.00138158151636402,"g__Segatella"
"fixed",NA,"ResponseResponder:Days2",-3.55758069881125e-05,0.000525066991310898,-0.0677547962009436,45.4442336007318,0.946278064200595,-0.00109282975749257,0.00102167814351635,"g__Faecalibacterium"
"fixed",NA,"ResponseResponder:Days2",3.52482869412411e-06,7.13998501790226e-05,0.0493674522465554,49.7201062855753,0.960824251320404,-0.000139905996415236,0.000146955653803485,"g__GGB1146"
"fixed",NA,"ResponseResponder:Days2",-0.000116865272170994,7.22590268389421e-05,-1.61731035253871,72.845512667575,0.110133816428406,-0.000260882450479644,2.71519061376564e-05,"g__Wujia"
"fixed",NA,"ResponseResponder:Days2",-0.000145905555832044,0.000238857587110711,-0.610847482790724,44.5877527986699,0.544402096328324,-0.000627112228766299,0.000335301117102211,"g__Ruminococcus"
"fixed",NA,"ResponseResponder:Days2",-9.67769506120659e-05,6.25608815484111e-05,-1.54692434340423,63.4260442845721,0.126856971969437,-0.000221778464030087,2.82245628059554e-05,"g__GGB1627"
"fixed",NA,"ResponseResponder:Days2",6.41946530743872e-05,0.000125805242025243,0.510270097183284,42.4054417967838,0.612508228073106,-0.000189618708174455,0.000318008014323229,"g__GGB51647"
"fixed",NA,"ResponseResponder:Days2",0.000166994981769548,0.000124826824718172,1.33781326366813,54.2773506434757,0.186535822740498,-8.32384493499058e-05,0.000417228412889002,"g__GGB781"
"fixed",NA,"ResponseResponder:Days2",-6.19877218100747e-06,9.91459371664628e-05,-0.0625216963817684,44.055452178516,0.950430187975384,-0.000206007175702261,0.000193609631340246,"g__Oscillibacter"
"fixed",NA,"ResponseResponder:Days2",0.000224817645214151,0.000234161355794254,0.960097128117447,48.3257291132171,0.341785590738578,-0.000245913347149382,0.000695548637577684,"g__Oscillospiraceae_unclassified"
"fixed",NA,"ResponseResponder:Days2",1.57859282996264e-05,3.67169312636934e-05,0.429935938443633,62.4092301285486,0.66872314834504,-5.76005992057603e-05,8.9172455805013e-05,"g__GGB3278"
"fixed",NA,"ResponseResponder:Days2",-1.0726840820164e-05,0.000109133247889096,-0.098291226804364,44.5932385406781,0.922141541181495,-0.000230587837318038,0.00020913415567771,"g__GGB3304"
"fixed",NA,"ResponseResponder:Days2",-4.8853965682839e-05,8.85329906421069e-05,-0.551816507366506,41.2689388985614,0.584050060773962,-0.000227614589030551,0.000129906657664873,"g__Lachnospira"
"fixed",NA,"ResponseResponder:Days2",2.80024940078792e-05,1.68693093855026e-05,1.65996682898853,45.3150989526657,0.103826756019633,-5.96751958470309e-06,6.19725076004615e-05,"g__GGB1458"
"fixed",NA,"ResponseResponder:Days2",-7.00420923795592e-06,2.32061964431698e-05,-0.301824956757075,56.7540171280247,0.763888754810403,-5.34781814572582e-05,3.94697629813463e-05,"g__GGB3345"
"fixed",NA,"ResponseResponder:Days2",5.78523676860585e-05,5.14902026712538e-05,1.12356069086434,71.1078902967117,0.26497840729379,-4.48134810007164e-05,0.000160518216372833,"g__Ligilactobacillus"
"fixed",NA,"ResponseResponder:Days2",-8.66462106061515e-05,6.67597165827556e-05,-1.29788164242346,43.2477603736525,0.20120773980087,-0.000221257708764268,4.7965287551965e-05,"g__GGB1266"
"fixed",NA,"ResponseResponder:Days2",-1.15431223414172e-06,3.16295920658827e-05,-0.0364946924303465,58.0414749208562,0.971013139150863,-6.44668564385113e-05,6.21582319702279e-05,"g__Enterobacter"
"fixed",NA,"ResponseResponder:Days2",-9.85042539189006e-06,2.66607099138324e-05,-0.369473484529358,46.9003329107787,0.713437850545837,-6.3487864512227e-05,4.37870137284469e-05,"g__GGB9747"
"fixed",NA,"ResponseResponder:Days2",3.19702339414033e-05,4.2199657149383e-05,0.757594637042467,62.2692630231694,0.451551187905406,-5.2378423334345e-05,0.000116318891217152,"g__GGB9634"
"fixed",NA,"ResponseResponder:Days2",-3.34109367222566e-05,4.09755287612814e-05,-0.815387567465078,46.3497195158628,0.419020921764786,-0.000115873607695718,4.90517342512054e-05,"g__GGB33469"
"fixed",NA,"ResponseResponder:Days2",-1.68985511662139e-05,7.33058984021332e-05,-0.230521029474515,59.3420268545153,0.818479798889812,-0.000163565627690789,0.000129768525358361,"g__GGB9635"
"fixed",NA,"ResponseResponder:Days2",0.000119146441562734,0.00016665812367309,0.714915294477015,50.2884744837791,0.477967312675727,-0.000215548680958044,0.000453841564083513,"g__GGB9715"
"fixed",NA,"ResponseResponder:Days2",-3.35502129210645e-05,6.28816931549777e-05,-0.533544999152248,43.0487408366366,0.596400628807413,-0.000160359080920117,9.32586550779879e-05,"g__Sutterella"
"fixed",NA,"ResponseResponder:Days2",-9.69432075407152e-05,0.0001887579543062,-0.51358475406793,76.2940451580259,0.60902653520547,-0.000472863824538221,0.00027897740945679,"g__GGB9342"
"fixed",NA,"ResponseResponder:Days2",1.20121927874223e-05,8.3419237438298e-06,1.43997873347947,55.0903920387062,0.155532268978217,-4.70477944621222e-06,2.87291650210569e-05,"g__GGB1116"
"fixed",NA,"ResponseResponder:Days2",-4.68407429396155e-05,5.39037941286663e-05,-0.868969312768753,60.4842412424567,0.388299103618168,-0.000154646632662545,6.0965146783314e-05,"g__GGB9602"
"fixed",NA,"ResponseResponder:Days2",0.00014422364818646,0.000105286696099855,1.36981834865134,54.6551141132178,0.176345193423359,-6.68055371681541e-05,0.000355252833541073,"g__Barnesiella"
"fixed",NA,"ResponseResponder:Days2",-8.85789927703848e-05,0.000128308856791744,-0.690357587038251,49.5298619798177,0.493191830829362,-0.000346355540238412,0.000169197554697642,"g__Candidatus_Cibionibacter"
"fixed",NA,"ResponseResponder:Days2",-8.77021462843004e-06,6.59269869172952e-06,-1.33029204556735,72.4142297398019,0.187596502760208,-2.19112350030314e-05,4.37080574617134e-06,"g__GGB13489"
"fixed",NA,"ResponseResponder:Days2",-1.8378815983683e-06,2.75018661845432e-06,-0.668275231228214,81.9999999996111,0.50583470004978,-7.30887887404854e-06,3.63311567731194e-06,"g__GGB9184"
"fixed",NA,"ResponseResponder:Days2",-1.25589620726484e-05,0.000122088113784104,-0.102868016249781,60.4254031138867,0.918408358153505,-0.000256736192965987,0.00023161826882069,"g__GGB9708"
"fixed",NA,"ResponseResponder:Days2",1.90690762476416e-05,9.37087223844653e-05,0.203493076870748,53.8423677143165,0.839516792605702,-0.000168818198215522,0.000206956350710805,"g__GGB9758"
"fixed",NA,"ResponseResponder:Days2",3.46689834251198e-06,2.63788038297319e-05,0.131427428055111,47.4099012407956,0.895993344754576,-4.9588301235456e-05,5.652209792048e-05,"g__Lawsonibacter"
"fixed",NA,"ResponseResponder:Days2",-1.36814102778509e-06,4.35490408355652e-06,-0.314161001375664,46.564320558394,0.754802013232885,-1.01312423543262e-05,7.39496029875607e-06,"g__GGB9502"
"fixed",NA,"ResponseResponder:Days2",-6.47058839925776e-06,3.98170554064134e-05,-0.162507958793345,64.1023267029287,0.871417056811519,-8.6011855360781e-05,7.30706785622655e-05,"g__Kineothrix"
"fixed",NA,"ResponseResponder:Days2",-1.33115729636013e-05,1.83696906512352e-05,-0.724648727968982,47.6873952822508,0.47220823225495,-5.02525673968953e-05,2.36294214696928e-05,"g__Butyricimonas"
"fixed",NA,"ResponseResponder:Days2",-1.64017397692023e-05,1.35833062880727e-05,-1.20749244855094,70.9230447408471,0.231254023536039,-4.3486592539345e-05,1.06831130009404e-05,"g__GGB9627"
"fixed",NA,"ResponseResponder:Days2",-9.04597430325975e-07,7.67752897400788e-06,-0.117824033408206,80.0879966850178,0.906502087829837,-1.61831092965102e-05,1.43739144358583e-05,"g__GGB9775"
"fixed",NA,"ResponseResponder:Days2",2.90149475946878e-05,1.46727068999827e-05,1.97747748881442,68.2579878232623,0.0520274452834588,-2.61979536264624e-07,5.82918747256403e-05,"g__GGB9691"
"fixed",NA,"ResponseResponder:Days2",-4.63098810860179e-06,1.14905359044048e-05,-0.40302629460707,62.5184716357214,0.688303848272402,-2.75964535489245e-05,1.83344773317209e-05,"g__GGB9760"
"fixed",NA,"ResponseResponder:Days2",-2.67079688773641e-05,1.83345340304846e-05,-1.45670289918234,41.3697312513182,0.152747066897982,-6.37252642938461e-05,1.03093265391178e-05,"g__Vescimonas"
"fixed",NA,"ResponseResponder:Days2",-3.85248950605813e-06,3.08914971117127e-06,-1.24710352888576,41.9957995238089,0.219269971321121,-1.00866644889427e-05,2.38168547682642e-06,"g__Coprobacter"
"fixed",NA,"ResponseResponder:Days2",-5.00328162343046e-08,3.21950661785267e-06,-0.0155405228729349,52.0440143636281,0.987660379261017,-6.51031543729942e-06,6.41024980483081e-06,"g__GGB3619"
"fixed",NA,"ResponseResponder:Days2",1.59661502262826e-06,2.36648910070589e-06,0.67467668545442,46.1170244358437,0.503249642962728,-3.16655430338362e-06,6.35978434864015e-06,"g__GGB3052"
"fixed",NA,"ResponseResponder:Days2",-9.86208945838223e-06,2.59010108868347e-05,-0.38076079352544,28.7333649866682,0.706181404816927,-6.28569653422079e-05,4.31327864254435e-05,"g__GGB3612"
"fixed",NA,"ResponseResponder:Days2",1.01590354297559e-06,1.01210312993247e-06,1.00375496619931,75.078355781894,0.31872090177131,-1.00027479276718e-06,3.03208187871835e-06,"g__Paeniclostridium"
"fixed",NA,"ResponseResponder:Days2",-1.04409451186333e-06,2.75602689543107e-06,-0.378840465451996,67.590469284942,0.705993781355849,-6.54426397727227e-06,4.45607495354561e-06,"g__GGB3730"
"fixed",NA,"ResponseResponder:Days2",-1.07534179005629e-06,7.35454927618216e-07,-1.46214506106963,79.5167852284129,0.147642549054773,-2.53908029082312e-06,3.88396710710534e-07,"g__GGB9185"
"fixed",NA,"ResponseResponder:Days2",2.7248090627814e-06,4.4138735537281e-06,0.617328301233265,71.9530204561602,0.53896696281848,-6.07418520717942e-06,1.15238033327422e-05,"g__GGB9616"
"fixed",NA,"ResponseResponder:Days2",-1.00654238534915e-06,1.13990814341147e-06,-0.883003065788103,75.5118310507522,0.380037123964639,-3.27710359387408e-06,1.26401882317577e-06,"g__GGB34228"
"fixed",NA,"ResponseResponder:Days2",1.24863918016777e-06,1.03006919858872e-06,1.21218961005582,41.4827048784455,0.232298895053035,-8.30892882999837e-07,3.32817124333538e-06,"g__GGB9608"
"fixed",NA,"ResponseResponder:Days2",-4.77182410460703e-07,7.14050720664444e-07,-0.668275231228213,81.9999999977768,0.505834700049822,-1.8976567598158e-06,9.43291938894394e-07,"g__GGB9383"
"fixed",NA,"ResponseResponder:Days2",3.71598348288393e-07,6.16721647308514e-06,0.0602538195164895,58.152965056664,0.952160077586241,-1.19727353557571e-05,1.27159320523339e-05,"g__Frisingicoccus"
"fixed",NA,"ResponseResponder:Days2",-1.27868070832899e-06,5.80155085286613e-07,-2.20403257811191,80.4721073922262,0.0303790740179744,-2.43312214921611e-06,-1.24239267441867e-07,"g__GGB79104"
"fixed",NA,"ResponseResponder:Days2",-5.15920561630413e-07,1.13151859424215e-06,-0.455954117109281,40.9762479915903,0.650830326484492,-2.80110894908974e-06,1.76926782582892e-06,"g__GGB9064"
"fixed",NA,"ResponseResponder:Days2",4.77220203485251e-07,1.25508616779719e-06,0.38022903584606,81.9999999990899,0.704758530123657,-2.01954600091954e-06,2.97398640789004e-06,"g__Senegalimassilia"
"fixed",NA,"ResponseResponder:Days2",-3.54040103546617e-06,5.81730154069057e-06,-0.60859850752139,59.03674463401,0.545125245400447,-1.51806429433579e-05,8.0998408724256e-06,"g__GGB9707"
"fixed",NA,"ResponseResponder:Days2",3.04306802384771e-05,3.11755946050912e-05,0.97610584894851,76.6631645993845,0.332082105938759,-3.16522126522134e-05,9.25135731291676e-05,"g__GGB3653"
"fixed",NA,"ResponseResponder:Days2",-9.37805109535335e-07,1.20705170646283e-05,-0.0776938638596933,42.3135007450724,0.93843781297269,-2.52917489741253e-05,2.34161387550546e-05,"g__Candidatus_Borkfalkia"
"fixed",NA,"ResponseResponder:Days2",-1.29440320608907e-06,1.36567737481844e-06,-0.947810390621101,80.4040589897961,0.346066001555159,-4.01197814179498e-06,1.42317172961684e-06,"g__GGB9533"
"fixed",NA,"ResponseResponder:Days2",-2.6307545554875e-07,3.93663333990768e-07,-0.668275231228213,81.9999999991316,0.505834700049792,-1.04619723112096e-06,5.20046320023462e-07,"g__GGB4487"
"fixed",NA,"ResponseResponder:Days2",-1.23102629016018e-07,3.93226208023006e-07,-0.313058047770853,81.9999999974657,0.755031419438867,-9.05354821788992e-07,6.59149563756957e-07,"g__GGB2977"
"fixed",NA,"ResponseResponder:Days2",-3.93226058744843e-06,5.02739306362255e-06,-0.782166927806317,60.5052843940895,0.437166834489205,-1.39868169625828e-05,6.12229578768594e-06,"g__GGB3722"
"fixed",NA,"ResponseResponder:Days2",-4.62924908418664e-05,6.19372221171537e-05,-0.747409865335977,74.954202900922,0.457154584365412,-0.000169679000127362,7.70940184436291e-05,"g__GGB87445"
"fixed",NA,"ResponseResponder:Days2",-1.1204688123944e-06,1.25752026953587e-06,-0.891014514468177,67.7856987842084,0.376073145067115,-3.62995509421374e-06,1.38901746942495e-06,"g__GGB2970"
"fixed",NA,"ResponseResponder:Days2",-2.79103648851322e-05,3.29550196445574e-05,-0.846923023750698,57.3074808932262,0.400561056892081,-9.38939806701292e-05,3.80732508998648e-05,"g__Faecalicatena"
"fixed",NA,"ResponseResponder:Days2",-1.49810339597284e-05,1.31868660200581e-05,-1.136057190309,63.9250531139861,0.260173830302769,-4.13254221049743e-05,1.13633541855174e-05,"g__GGB3000"
"fixed",NA,"ResponseResponder:Days2",-3.02783534422261e-05,1.69348886968638e-05,-1.7879275136797,66.2713157617252,0.0783593174186558,-6.40873661007731e-05,3.53065921632087e-06,"g__Faecalibacillus"
"fixed",NA,"ResponseResponder:Days2",6.85074466364693e-07,8.59385016501794e-07,0.797168269413577,81.6038211204036,0.427666701485739,-1.02464036808732e-06,2.3947893008167e-06,"g__GGB9297"
"fixed",NA,"ResponseResponder:Days2",9.8789445521927e-07,1.9314596271787e-06,0.511475591473945,41.7380881339232,0.611713508648856,-2.91067365184348e-06,4.88646256228202e-06,"g__Haemophilus"
"fixed",NA,"ResponseResponder:Days2",-1.9314023098667e-06,3.51235387646056e-05,-0.0549888302204046,47.4973545728931,0.956378017626699,-7.25713223657914e-05,6.8708517746058e-05,"g__Intestinimonas"
"fixed",NA,"ResponseResponder:Days2",-1.42168752098218e-07,1.20183305169159e-06,-0.11829326202846,51.8457838797088,0.906292426066806,-2.55399396614161e-06,2.26965646194517e-06,"g__GGB9522"
"fixed",NA,"ResponseResponder:Days2",-2.93462270081633e-07,7.98948611317064e-07,-0.367310570322991,76.2885301926423,0.714404361705463,-1.88460901549281e-06,1.29768447532954e-06,"g__GGB3328"
"fixed",NA,"ResponseResponder:Days2",-1.00950143239062e-06,1.82794456260184e-06,-0.552260420279777,79.5309006880719,0.582318656772778,-4.64755646196433e-06,2.62855359718308e-06,"g__GGB9597"
"fixed",NA,"ResponseResponder:Days2",-1.59179728098077e-06,4.57840266236155e-06,-0.347675247978237,80.3089211056908,0.728993677938603,-1.07025709351897e-05,7.51897637322813e-06,"g__Anaeromassilibacillus"
"fixed",NA,"ResponseResponder:Days2",-1.01921663303096e-05,9.72526617231707e-06,-1.04800898502105,58.3706327528784,0.298954645768142,-2.96567701928818e-05,9.27243753226267e-06,"g__GGB3819"
"fixed",NA,"ResponseResponder:Days2",-6.03820987838645e-07,5.00713693385555e-07,-1.20592066047951,45.8036206406079,0.234040603018761,-1.61182200119274e-06,4.04180025515455e-07,"g__GGB51884"
"fixed",NA,"ResponseResponder:Days2",-1.7800453071365e-06,2.25711021499313e-06,-0.788639072789768,81.236997502487,0.432618441749108,-6.27078802848449e-06,2.7106974142115e-06,"g__GGB3321"
"fixed",NA,"ResponseResponder:Days2",-2.70474939723706e-07,1.18088078902878e-06,-0.229045084174973,79.4226461498415,0.819422650993315,-2.62076488574447e-06,2.07981500629706e-06,"g__GGB9563"
"fixed",NA,"ResponseResponder:Days2",1.52757916637835e-07,1.62251329028586e-06,0.0941489462997994,40.9764952263511,0.925449713781638,-3.12403123073678e-06,3.42954706401245e-06,"g__Colidextribacter"
"fixed",NA,"ResponseResponder:Days2",3.38772172957951e-07,1.24810212266885e-07,2.71429850815049,41.6774265215741,0.00961823639337031,8.68371988725674e-08,5.90707147043335e-07,"g__Hafnia"
"fixed",NA,"ResponseResponder:Days2",0.000256591271035984,0.000557469006151448,0.460278989871368,62.4330707199127,0.646915091201287,-0.000857619652047405,0.00137080219411937,"s__Segatella_copri"
"fixed",NA,"ResponseResponder:Days2",3.71830359541058e-05,0.000478678939331882,0.0776784456111734,45.3130251154435,0.93842583739826,-0.000926742048234282,0.00100110812014249,"s__Faecalibacterium_prausnitzii"
"fixed",NA,"ResponseResponder:Days2",3.52482869412411e-06,7.13998501790226e-05,0.0493674522465554,49.7201062855753,0.960824251320404,-0.000139905996415236,0.000146955653803485,"s__GGB1146_SGB1472"
"fixed",NA,"ResponseResponder:Days2",-0.000116865272170994,7.22590268389421e-05,-1.61731035253871,72.845512667575,0.110133816428406,-0.000260882450479644,2.71519061376564e-05,"s__Wujia_chipingensis"
"fixed",NA,"ResponseResponder:Days2",-9.67769506120659e-05,6.25608815484111e-05,-1.54692434340423,63.4260442845721,0.126856971969437,-0.000221778464030087,2.82245628059554e-05,"s__GGB1627_SGB2230"
"fixed",NA,"ResponseResponder:Days2",6.41946530743872e-05,0.000125805242025243,0.510270097183284,42.4054417967838,0.612508228073106,-0.000189618708174455,0.000318008014323229,"s__GGB51647_SGB4348"
"fixed",NA,"ResponseResponder:Days2",0.000166994981769548,0.000124826824718172,1.33781326366813,54.2773506434757,0.186535822740498,-8.32384493499058e-05,0.000417228412889002,"s__GGB781_SGB1024"
"fixed",NA,"ResponseResponder:Days2",-0.000168908824495968,0.000181678052764131,-0.929715075244995,56.5397345438222,0.356471195260607,-0.000532777045227574,0.000194959396235637,"s__Ruminococcus_bicirculans"
"fixed",NA,"ResponseResponder:Days2",-3.57753278149924e-05,7.0552790713685e-05,-0.507071760778034,38.6785705267658,0.614983424840521,-0.000178519744047843,0.000106969088417858,"s__Oscillospiraceae_bacterium_CLA_AA_H250"
"fixed",NA,"ResponseResponder:Days2",1.57859282996264e-05,3.67169312636934e-05,0.429935938443633,62.4092301285486,0.66872314834504,-5.76005992057603e-05,8.9172455805013e-05,"s__GGB3278_SGB4328"
"fixed",NA,"ResponseResponder:Days2",0.000433995307353898,0.000236023285546046,1.83878173863158,46.2815527041923,0.0723686260209234,-4.10169440879372e-05,0.000909007558795733,"s__Phocaeicola_plebeius"
"fixed",NA,"ResponseResponder:Days2",-8.08447140396194e-05,9.78918753365592e-05,-0.82585724056945,49.6707754536273,0.412834310896064,-0.000277498627433536,0.000115809199354297,"s__GGB3304_SGB4367"
"fixed",NA,"ResponseResponder:Days2",5.66708352373786e-05,4.33642446548548e-05,1.30685627498954,41.0074118922127,0.198543031056315,-3.09045527857067e-05,0.000144246223260464,"s__Faecalibacterium_sp_HTFF"
"fixed",NA,"ResponseResponder:Days2",2.80024940078792e-05,1.68693093855026e-05,1.65996682898853,45.3150989526657,0.103826756019633,-5.96751958470309e-06,6.19725076004615e-05,"s__GGB1458_SGB2021"
"fixed",NA,"ResponseResponder:Days2",-7.00420923795592e-06,2.32061964431698e-05,-0.301824956757075,56.7540171280247,0.763888754810403,-5.34781814572582e-05,3.94697629813463e-05,"s__GGB3345_SGB4425"
"fixed",NA,"ResponseResponder:Days2",5.43140449564437e-05,2.97745450064862e-05,1.82417716020889,70.7020989904884,0.0723509421213187,-5.05904680804413e-06,0.000113687136720932,"s__Ligilactobacillus_animalis"
"fixed",NA,"ResponseResponder:Days2",-8.66462106061515e-05,6.67597165827556e-05,-1.29788164242346,43.2477603736525,0.20120773980087,-0.000221257708764268,4.7965287551965e-05,"s__GGB1266_SGB1699"
"fixed",NA,"ResponseResponder:Days2",-1.04868608178518e-05,2.86980826794705e-05,-0.365420259429166,59.78527892485,0.716087415974077,-6.78958139070351e-05,4.69220922713316e-05,"s__Enterobacter_hormaechei"
"fixed",NA,"ResponseResponder:Days2",1.2258692613911e-05,0.000142490818685352,0.0860314561107307,42.497693419952,0.931845470212182,-0.000275199684777163,0.000299717070004985,"s__Ruminococcus_bromii"
"fixed",NA,"ResponseResponder:Days2",-9.85042539189006e-06,2.66607099138324e-05,-0.369473484529358,46.9003329107787,0.713437850545837,-6.3487864512227e-05,4.37870137284469e-05,"s__GGB9747_SGB15356"
"fixed",NA,"ResponseResponder:Days2",-4.04524166940018e-06,3.98821016246637e-05,-0.101430002547773,42.0683539390475,0.919691027251356,-8.4526707025691e-05,7.64362236868906e-05,"s__Oscillibacter_sp_ER4"
"fixed",NA,"ResponseResponder:Days2",-3.22250064003964e-05,1.51097836052084e-05,-2.13272454737791,79.0199143610789,0.0360517116980421,-6.23001605031025e-05,-2.14985229769019e-06,"s__GGB9634_SGB15101"
"fixed",NA,"ResponseResponder:Days2",-3.25035447356058e-05,4.07805806575944e-05,-0.797034868348615,46.3270839892259,0.429496876034399,-0.000114574959172608,4.95678697013961e-05,"s__GGB33469_SGB15236"
"fixed",NA,"ResponseResponder:Days2",2.49248548643305e-05,6.43806329801584e-05,0.387148334997143,60.8427215247926,0.699997319527778,-0.000103818907953165,0.000153668617681826,"s__Lachnospira_pectinoschiza"
"fixed",NA,"ResponseResponder:Days2",-1.28750019018071e-05,6.18644777710145e-05,-0.208116230277781,57.4790294046542,0.835873897167824,-0.000136734110534758,0.000110984106731144,"s__GGB9635_SGB15106"
"fixed",NA,"ResponseResponder:Days2",9.90982811946208e-06,9.46234055786051e-06,1.04729142423751,46.7822386648598,0.300346086152113,-9.12828500921963e-06,2.89479412481438e-05,"s__Firmicutes_bacterium_AM41_11"
"fixed",NA,"ResponseResponder:Days2",-0.000124087736961728,0.00012124267271601,-1.02346586545797,69.4327172455661,0.309640326198809,-0.000365933361858095,0.000117757887934639,"s__Clostridiaceae_bacterium_Marseille_Q4149"
"fixed",NA,"ResponseResponder:Days2",2.65050670387361e-06,3.52904127998126e-05,0.0751055738256391,42.4445248729221,0.940483591775696,-6.85463385347635e-05,7.38473519425107e-05,"s__Clostridium_sp_AF36_4"
"fixed",NA,"ResponseResponder:Days2",-4.32101907202305e-05,4.6865909637245e-05,-0.921996202670325,61.7114468307073,0.36012120634344,-0.000136902523689153,5.04821422486925e-05,"s__Faecalibacterium_SGB15346"
"fixed",NA,"ResponseResponder:Days2",-4.33763530266157e-05,4.64969441049504e-05,-0.93288610384177,48.3748415821806,0.355511821424262,-0.000136846014043439,5.0093307990208e-05,"s__Sutterella_sp_AM11_39"
"fixed",NA,"ResponseResponder:Days2",-2.0382128167128e-05,8.4775211340436e-06,-2.40425565974451,75.1783729480761,0.0186685136305505,-3.72695595271851e-05,-3.49469680707086e-06,"s__Clostridium_perfringens"
"fixed",NA,"ResponseResponder:Days2",0.000117920855141849,7.08394570665616e-05,1.66462110277115,55.627150944497,0.101611878921637,-2.40086224622595e-05,0.000259850332745958,"s__GGB9715_SGB15260"
"fixed",NA,"ResponseResponder:Days2",6.08013715861779e-06,3.37304523838432e-05,0.180256614688339,41.9833569076817,0.857818400992673,-6.19914710916066e-05,7.41517454088422e-05,"s__Oscillibacter_sp_MSJ_31"
"fixed",NA,"ResponseResponder:Days2",-5.34156736199011e-05,3.39871288766215e-05,-1.57164418959331,43.1111391694613,0.12334440008004,-0.000121952141762191,1.51207945223883e-05,"s__Lachnospira_eligens"
"fixed",NA,"ResponseResponder:Days2",-9.69432075407152e-05,0.0001887579543062,-0.51358475406793,76.2940451580259,0.60902653520547,-0.000472863824538221,0.00027897740945679,"s__GGB9342_SGB14306"
"fixed",NA,"ResponseResponder:Days2",-4.20045754157849e-05,5.76684575735417e-05,-0.728380421172503,56.2175220027764,0.469404047350306,-0.000157518514600486,7.35093637689162e-05,"s__Oscillibacter_valericigenes"
"fixed",NA,"ResponseResponder:Days2",1.20121927874223e-05,8.3419237438298e-06,1.43997873347947,55.0903920387062,0.155532268978217,-4.70477944621222e-06,2.87291650210569e-05,"s__GGB1116_SGB1430"
"fixed",NA,"ResponseResponder:Days2",-5.39002170309283e-05,5.30565283098631e-05,-1.01590169481384,60.2645717083024,0.313737533751081,-0.000160019492824615,5.22190587627585e-05,"s__GGB9602_SGB15031"
"fixed",NA,"ResponseResponder:Days2",0.000231779864024655,0.000181275976314807,1.27860221048895,60.5141873306797,0.205919196064502,-0.000130762716574825,0.000594322444624136,"s__Roseburia_faecis"
"fixed",NA,"ResponseResponder:Days2",-2.06780636581361e-05,6.0130920113243e-05,-0.343884038680826,42.7154410407598,0.732620584537508,-0.00014196698729925,0.000100610859982978,"s__Phocaeicola_massiliensis"
"fixed",NA,"ResponseResponder:Days2",0.00014422364818646,0.000105286696099855,1.36981834865134,54.6551141132178,0.176345193423359,-6.68055371681541e-05,0.000355252833541073,"s__Barnesiella_intestinihominis"
"fixed",NA,"ResponseResponder:Days2",-8.17685251218875e-05,9.38484756518663e-05,-0.871282400208718,67.8080971560712,0.386674375915029,-0.000269049839617048,0.000105512789373273,"s__GGB9715_SGB15267"
"fixed",NA,"ResponseResponder:Days2",-8.85789927703848e-05,0.000128308856791744,-0.690357587038251,49.5298619798177,0.493191830829362,-0.000346355540238412,0.000169197554697642,"s__Candidatus_Cibionibacter_quicibialis"
"fixed",NA,"ResponseResponder:Days2",2.23100629857656e-05,1.41516831895953e-05,1.57649536714958,43.1459140244381,0.122216503606943,-6.22673520283271e-06,5.08468611743638e-05,"s__Gemmiger_SGB15295"
"fixed",NA,"ResponseResponder:Days2",-8.77021462843004e-06,6.59269869172952e-06,-1.33029204556735,72.4142297398019,0.187596502760208,-2.19112350030314e-05,4.37080574617134e-06,"s__GGB13489_SGB15224"
"fixed",NA,"ResponseResponder:Days2",0.000230030891890481,0.000434646996634734,0.529236124191589,46.6117537596509,0.599153233138071,-0.000644558377130245,0.00110462016091121,"s__Bacteroides_clarus"
"fixed",NA,"ResponseResponder:Days2",-1.8378815983683e-06,2.75018661845432e-06,-0.668275231228214,81.9999999996111,0.50583470004978,-7.30887887404854e-06,3.63311567731194e-06,"s__GGB9184_SGB14123"
"fixed",NA,"ResponseResponder:Days2",-1.6434365713061e-05,0.000107319809678449,-0.153134502961769,68.550579172367,0.878742087306523,-0.000230556571755113,0.000197687840328991,"s__GGB9708_SGB15234"
"fixed",NA,"ResponseResponder:Days2",1.90690762476416e-05,9.37087223844653e-05,0.203493076870748,53.8423677143165,0.839516792605702,-0.000168818198215522,0.000206956350710805,"s__GGB9758_SGB15368"
"fixed",NA,"ResponseResponder:Days2",2.12645223980224e-06,2.38669414836214e-05,0.089096134972364,46.8991941769148,0.929384900708393,-4.58903652885115e-05,5.01432697681159e-05,"s__Oscillospiraceae_unclassified_SGB15256"
"fixed",NA,"ResponseResponder:Days2",-1.77259501289463e-05,6.70125676028407e-06,-2.64516802788421,76.3520396764469,0.00990851279025167,-3.10716645519836e-05,-4.380235705909e-06,"s__Sutterella_SGB9281"
"fixed",NA,"ResponseResponder:Days2",-1.36814102778509e-06,4.35490408355652e-06,-0.314161001375664,46.564320558394,0.754802013232885,-1.01312423543262e-05,7.39496029875607e-06,"s__GGB9502_SGB14899"
"fixed",NA,"ResponseResponder:Days2",-2.02036823653923e-06,2.19493285387701e-05,-0.0920469267645505,42.1094942304554,0.927097268702221,-4.63124944902574e-05,4.22717580171789e-05,"s__Lawsonibacter_asaccharolyticus"
"fixed",NA,"ResponseResponder:Days2",-6.47058839925776e-06,3.98170554064134e-05,-0.162507958793345,64.1023267029287,0.871417056811519,-8.6011855360781e-05,7.30706785622655e-05,"s__Kineothrix_SGB4886"
"fixed",NA,"ResponseResponder:Days2",-1.64017397692023e-05,1.35833062880727e-05,-1.20749244855094,70.9230447408471,0.231254023536039,-4.3486592539345e-05,1.06831130009404e-05,"s__GGB9627_SGB15081"
"fixed",NA,"ResponseResponder:Days2",-9.04597430325975e-07,7.67752897400788e-06,-0.117824033408206,80.0879966850178,0.906502087829837,-1.61831092965102e-05,1.43739144358583e-05,"s__GGB9775_SGB15395"
"fixed",NA,"ResponseResponder:Days2",2.90149475946878e-05,1.46727068999827e-05,1.97747748881442,68.2579878232623,0.0520274452834588,-2.61979536264624e-07,5.82918747256403e-05,"s__GGB9691_SGB15198"
"fixed",NA,"ResponseResponder:Days2",4.92583307317403e-06,1.58711771248765e-05,0.310363436462017,78.7246029005108,0.757104775470347,-2.66666731831265e-05,3.65183393294746e-05,"s__Lachnospiraceae_bacterium"
"fixed",NA,"ResponseResponder:Days2",6.96441058700242e-06,1.94451715046053e-05,0.358156295271194,43.3226433386364,0.72196565487257,-3.22420710637729e-05,4.61708922377778e-05,"s__Alistipes_communis"
"fixed",NA,"ResponseResponder:Days2",-6.05773520308947e-06,2.98546038213376e-06,-2.02907907917368,55.757290182291,0.047235001275445,-1.20389055476217e-05,-7.65648585572931e-08,"s__Vescimonas_fastidiosa"
"fixed",NA,"ResponseResponder:Days2",-3.85531705621353e-06,3.08915151894807e-06,-1.24801811518988,41.9957004850951,0.218938230596902,-1.0089496122964e-05,2.378862010537e-06,"s__Coprobacter_fastidiosus"
"fixed",NA,"ResponseResponder:Days2",-5.00328162343046e-08,3.21950661785267e-06,-0.0155405228729349,52.0440143636281,0.987660379261017,-6.51031543729942e-06,6.41024980483081e-06,"s__GGB3619_SGB4894"
"fixed",NA,"ResponseResponder:Days2",1.59661502262826e-06,2.36648910070589e-06,0.67467668545442,46.1170244358437,0.503249642962728,-3.16655430338362e-06,6.35978434864015e-06,"s__GGB3052_SGB4053"
"fixed",NA,"ResponseResponder:Days2",1.28167320626164e-07,3.74794319378038e-06,0.0341967084343367,66.6810082993479,0.972822452291671,-7.35341650369698e-06,7.6097511449493e-06,"s__GGB9760_SGB15374"
"fixed",NA,"ResponseResponder:Days2",-9.86208945838223e-06,2.59010108868347e-05,-0.38076079352544,28.7333649866682,0.706181404816927,-6.28569653422079e-05,4.31327864254435e-05,"s__GGB3612_SGB4882"
"fixed",NA,"ResponseResponder:Days2",-4.16036108231175e-06,3.14653973291082e-05,-0.132220198550077,79.9504252284034,0.89514231746456,-6.67790934108354e-05,5.84583712462119e-05,"s__Roseburia_inulinivorans"
"fixed",NA,"ResponseResponder:Days2",-1.83573822596712e-06,2.09917437683292e-06,-0.874504874976964,60.0889753373458,0.385325317255693,-6.0345842822481e-06,2.36310783031385e-06,"s__Butyricimonas_faecalis"
"fixed",NA,"ResponseResponder:Days2",-1.89230476821317e-05,1.59508142337991e-05,-1.18633741229552,41.8600400454816,0.242178957722558,-5.11162829613818e-05,1.32701875971183e-05,"s__Clostridiales_bacterium_KLE1615"
"fixed",NA,"ResponseResponder:Days2",1.01590354297559e-06,1.01210312993247e-06,1.00375496619931,75.078355781894,0.31872090177131,-1.00027479276718e-06,3.03208187871835e-06,"s__Paeniclostridium_sordellii"
"fixed",NA,"ResponseResponder:Days2",-1.04409451186333e-06,2.75602689543107e-06,-0.378840465451996,67.590469284942,0.705993781355849,-6.54426397727227e-06,4.45607495354561e-06,"s__GGB3730_SGB5060"
"fixed",NA,"ResponseResponder:Days2",-1.07534179005629e-06,7.35454927618216e-07,-1.46214506106963,79.5167852284129,0.147642549054773,-2.53908029082312e-06,3.88396710710534e-07,"s__GGB9185_SGB14124"
"fixed",NA,"ResponseResponder:Days2",-8.57258299928973e-07,7.12279903108613e-07,-1.20354132720526,81.0145996213923,0.232271949390559,-2.27446801000603e-06,5.59951410148087e-07,"s__GGB34228_SGB72916"
"fixed",NA,"ResponseResponder:Days2",-1.28786572590999e-05,1.27911379446397e-05,-1.00684218361486,47.2111640352868,0.319143310818676,-3.86080698307155e-05,1.28507553125157e-05,"s__Butyricimonas_virosa"
"fixed",NA,"ResponseResponder:Days2",2.39799662716787e-07,7.80206339125017e-07,0.307354158370101,79.0623101498011,0.759381962506234,-1.31314317897475e-06,1.79274250440833e-06,"s__GGB9608_SGB15043"
"fixed",NA,"ResponseResponder:Days2",2.95494549254865e-06,4.41239524840916e-06,0.66969193061615,72.4378677990575,0.505183346622164,-5.84009538317408e-06,1.17499863682714e-05,"s__GGB9616_SGB15051"
"fixed",NA,"ResponseResponder:Days2",-4.77182410460703e-07,7.14050720664444e-07,-0.668275231228213,81.9999999977768,0.505834700049822,-1.8976567598158e-06,9.43291938894394e-07,"s__GGB9383_SGB72489"
"fixed",NA,"ResponseResponder:Days2",3.77854127633074e-07,5.19600816912168e-06,0.072720079594668,54.1091216456104,0.942297018011261,-1.00390339074501e-05,1.07947421627163e-05,"s__Frisingicoccus_SGB4674"
"fixed",NA,"ResponseResponder:Days2",-1.27868070832899e-06,5.80155085286613e-07,-2.20403257811191,80.4721073922262,0.0303790740179744,-2.43312214921611e-06,-1.24239267441867e-07,"s__GGB79104_SGB105821"
"fixed",NA,"ResponseResponder:Days2",-5.15920561630413e-07,1.13151859424215e-06,-0.455954117109281,40.9762479915903,0.650830326484492,-2.80110894908974e-06,1.76926782582892e-06,"s__GGB9064_SGB13983"
"fixed",NA,"ResponseResponder:Days2",-4.53396163226465e-06,2.33001644467761e-06,-1.94589254621848,43.28331232864,0.0581791357293119,-9.23199832625845e-06,1.64075061729148e-07,"s__Lawsonibacter_SGB15145"
"fixed",NA,"ResponseResponder:Days2",-6.1134936035705e-06,1.04357819350803e-05,-0.585820367041181,59.1423972358479,0.560225231673609,-2.6994393100344e-05,1.4767405893203e-05,"s__GGB9760_SGB15373"
"fixed",NA,"ResponseResponder:Days2",2.29324630227158e-07,1.16599392334309e-06,0.1966773802471,81.9999999986454,0.84456665765503,-2.09020871898831e-06,2.54885797944262e-06,"s__Senegalimassilia_anaerobia"
"fixed",NA,"ResponseResponder:Days2",1.5313630176585e-06,2.46832732510232e-06,0.620405163482528,40.5604206776181,0.538461583554274,-3.45516634504875e-06,6.51789238036575e-06,"s__Blautia_luti"
"fixed",NA,"ResponseResponder:Days2",-3.54040103546617e-06,5.81730154069057e-06,-0.60859850752139,59.03674463401,0.545125245400447,-1.51806429433579e-05,8.0998408724256e-06,"s__GGB9707_SGB15229"
"fixed",NA,"ResponseResponder:Days2",-6.45654663015838e-06,3.92425537520866e-06,-1.64529216700508,73.3940904555729,0.104186011355059,-1.42768688830996e-05,1.36377562278281e-06,"s__Clostridium_SGB6173"
"fixed",NA,"ResponseResponder:Days2",3.04306802384771e-05,3.11755946050912e-05,0.97610584894851,76.6631645993845,0.332082105938759,-3.16522126522134e-05,9.25135731291676e-05,"s__GGB3653_SGB4964"
"fixed",NA,"ResponseResponder:Days2",-9.37805109535335e-07,1.20705170646283e-05,-0.0776938638596933,42.3135007450724,0.93843781297269,-2.52917489741253e-05,2.34161387550546e-05,"s__Candidatus_Borkfalkia_ceftriaxoniphila"
"fixed",NA,"ResponseResponder:Days2",-1.29440320608907e-06,1.36567737481844e-06,-0.947810390621101,80.4040589897961,0.346066001555159,-4.01197814179498e-06,1.42317172961684e-06,"s__GGB9533_SGB14936"
"fixed",NA,"ResponseResponder:Days2",2.87432778293837e-05,4.18804740170929e-05,0.686316917464987,64.6253873912376,0.494968403914365,-5.49069968224731e-05,0.00011239355248124,"s__Oscillospiraceae_bacterium"
"fixed",NA,"ResponseResponder:Days2",-2.6307545554875e-07,3.93663333990768e-07,-0.668275231228213,81.9999999991316,0.505834700049792,-1.04619723112096e-06,5.20046320023462e-07,"s__GGB4487_SGB6184"
"fixed",NA,"ResponseResponder:Days2",-1.23102629016018e-07,3.93226208023006e-07,-0.313058047770853,81.9999999974657,0.755031419438867,-9.05354821788992e-07,6.59149563756957e-07,"s__GGB2977_SGB3959"
"fixed",NA,"ResponseResponder:Days2",-3.93226058744843e-06,5.02739306362255e-06,-0.782166927806317,60.5052843940895,0.437166834489205,-1.39868169625828e-05,6.12229578768594e-06,"s__GGB3722_SGB5050"
"fixed",NA,"ResponseResponder:Days2",-4.62924908418664e-05,6.19372221171537e-05,-0.747409865335977,74.954202900922,0.457154584365412,-0.000169679000127362,7.70940184436291e-05,"s__GGB87445_SGB15180"
"fixed",NA,"ResponseResponder:Days2",3.24049983123922e-07,3.36232940986949e-05,0.00963766316806243,47.820585194306,0.992350471446423,-6.72866669594856e-05,6.79347669257335e-05,"s__Coprococcus_eutactus"
"fixed",NA,"ResponseResponder:Days2",-1.1204688123944e-06,1.25752026953587e-06,-0.891014514468177,67.7856987842084,0.376073145067115,-3.62995509421374e-06,1.38901746942495e-06,"s__GGB2970_SGB3952"
"fixed",NA,"ResponseResponder:Days2",-2.82929800754652e-05,3.26847019144343e-05,-0.865633719087716,57.9941584177404,0.390257994648078,-9.37186596742113e-05,3.71326995232809e-05,"s__Faecalicatena_fissicatena"
"fixed",NA,"ResponseResponder:Days2",0.000119019604848719,0.000151235190602398,0.786983534550665,45.7016907527181,0.435353778687235,-0.000185454675441115,0.000423493885138553,"s__Eubacterium_siraeum"
"fixed",NA,"ResponseResponder:Days2",-1.0978463918276e-05,1.99157793753946e-05,-0.551244503734541,41.96621650617,0.584389293187592,-5.11710924532427e-05,2.92141646166906e-05,"s__Faecalibacterium_sp_CLA_AA_H233"
"fixed",NA,"ResponseResponder:Days2",-1.07593180216992e-06,7.43585752835255e-07,-1.44695053404055,63.8487293884618,0.152802735319814,-2.56148289496003e-06,4.09619290620191e-07,"s__GGB33469_SGB15237"
"fixed",NA,"ResponseResponder:Days2",-5.94601538125337e-07,8.10521212734343e-07,-0.733603919037989,41.87889774106,0.467277360762881,-2.23043971100412e-06,1.04123663475344e-06,"s__Blautia_sp_OF03_15BH"
"fixed",NA,"ResponseResponder:Days2",-1.49810339597284e-05,1.31868660200581e-05,-1.136057190309,63.9250531139861,0.260173830302769,-4.13254221049743e-05,1.13633541855174e-05,"s__GGB3000_SGB3991"
"fixed",NA,"ResponseResponder:Days2",-1.35898803618433e-05,1.20520163909333e-05,-1.1276022136899,68.0942380004723,0.263445560995825,-3.76387019953921e-05,1.04589412717056e-05,"s__Faecalibacillus_intestinalis"
"fixed",NA,"ResponseResponder:Days2",6.85074466364693e-07,8.59385016501794e-07,0.797168269413577,81.6038211204036,0.427666701485739,-1.02464036808732e-06,2.3947893008167e-06,"s__GGB9297_SGB14255"
"fixed",NA,"ResponseResponder:Days2",-4.2216247989525e-06,2.41022941697672e-06,-1.75154479868887,65.2024854243645,0.0845544787231769,-9.03490196569921e-06,5.91652367794206e-07,"s__Clostridiaceae_bacterium_Marseille_Q4143"
"fixed",NA,"ResponseResponder:Days2",9.8789445521927e-07,1.9314596271787e-06,0.511475591473945,41.7380881339232,0.611713508648856,-2.91067365184348e-06,4.88646256228202e-06,"s__Haemophilus_parainfluenzae"
"fixed",NA,"ResponseResponder:Days2",-5.1398078675062e-07,3.22401235164318e-06,-0.159422710179339,81.0904119710493,0.873732262166964,-6.92864564934688e-06,5.90068407584564e-06,"s__Desulfovibrio_desulfuricans"
"fixed",NA,"ResponseResponder:Days2",5.4371065923865e-06,3.13296697744112e-05,0.173544969721555,46.7603211509073,0.862972190220047,-5.75985883321343e-05,6.84728015169073e-05,"s__Intestinimonas_butyriciproducens"
"fixed",NA,"ResponseResponder:Days2",-1.42168752098218e-07,1.20183305169159e-06,-0.11829326202846,51.8457838797088,0.906292426066806,-2.55399396614161e-06,2.26965646194517e-06,"s__GGB9522_SGB14921"
"fixed",NA,"ResponseResponder:Days2",-2.93462270081633e-07,7.98948611317064e-07,-0.367310570322991,76.2885301926423,0.714404361705463,-1.88460901549281e-06,1.29768447532954e-06,"s__GGB3328_SGB4406"
"fixed",NA,"ResponseResponder:Days2",-1.00950143239062e-06,1.82794456260184e-06,-0.552260420279777,79.5309006880719,0.582318656772778,-4.64755646196433e-06,2.62855359718308e-06,"s__GGB9597_SGB15022"
"fixed",NA,"ResponseResponder:Days2",1.05632646108189e-06,3.6996718290407e-06,0.285518962192867,75.9017603460742,0.776024299160261,-6.31236282131329e-06,8.42501574347707e-06,"s__Anaeromassilibacillus_senegalensis"
"fixed",NA,"ResponseResponder:Days2",-1.01921663303096e-05,9.72526617231707e-06,-1.04800898502105,58.3706327528784,0.298954645768142,-2.96567701928818e-05,9.27243753226267e-06,"s__GGB3819_SGB5184"
"fixed",NA,"ResponseResponder:Days2",-6.03820987838645e-07,5.00713693385555e-07,-1.20592066047951,45.8036206406079,0.234040603018761,-1.61182200119274e-06,4.04180025515455e-07,"s__GGB51884_SGB49168"
"fixed",NA,"ResponseResponder:Days2",-1.56773909296615e-06,2.22850364653668e-06,-0.703494066703717,81.3343463461208,0.483756946936531,-6.0014860249301e-06,2.8660078389978e-06,"s__GGB3321_SGB4394"
"fixed",NA,"ResponseResponder:Days2",1.22660387994221e-07,3.14236814179637e-06,0.0390343786785277,54.1686990356566,0.969006489182845,-6.17695909316535e-06,6.42227986915379e-06,"s__Lachnospiraceae_bacterium_AM48_27BH"
"fixed",NA,"ResponseResponder:Days2",-2.70474939723706e-07,1.18088078902878e-06,-0.229045084174973,79.4226461498415,0.819422650993315,-2.62076488574447e-06,2.07981500629706e-06,"s__GGB9563_SGB14975"
"fixed",NA,"ResponseResponder:Days2",9.01791248417077e-09,9.24712610971379e-08,0.0975212447324338,41.8790002565592,0.922777710954906,-1.77612622802801e-07,1.95648447771142e-07,"s__GGB9616_SGB15052"
"fixed",NA,"ResponseResponder:Days2",-3.03511585046258e-06,2.25099979242556e-06,-1.34834123960185,40.8722698179639,0.184973551141287,-7.58153364154167e-06,1.51130194061651e-06,"s__Fusicatenibacter_sp_CLA_AA_H277"
"fixed",NA,"ResponseResponder:Days2",1.52757916637835e-07,1.62251329028586e-06,0.0941489462997994,40.9764952263511,0.925449713781638,-3.12403123073678e-06,3.42954706401245e-06,"s__Colidextribacter_sp_210702_DFI_3_9"
"fixed",NA,"ResponseResponder:Days2",-3.90189284915272e-06,2.75688722586807e-06,-1.41532552095022,49.587037142206,0.163223075367551,-9.4404066318072e-06,1.63662093350176e-06,"s__Clostridium_sp_AM33_3"
"fixed",NA,"ResponseResponder:Days2",-2.11661201226906e-08,1.13875948245732e-05,-0.00185869979119879,58.3763349423383,0.998523310260727,-2.28127854222544e-05,2.27704531820091e-05,"s__GGB9634_SGB15093"
"fixed",NA,"ResponseResponder:Days2",2.03081493724678e-07,9.91327160531037e-08,2.04858195972247,75.6119597287062,0.043973888796367,5.62519079553641e-09,4.00537796653819e-07,"s__Hafnia_alvei"
"fixed",NA,"ResponseResponder:Days2",8.03484803229626e-07,1.27321219586438e-05,0.0631069043981427,41.2006945498546,0.949986552718604,-2.49057538680856e-05,2.65127234745449e-05,"s__Clostridium_sp_AF27_2AA"
"fixed",NA,"ResponseResponder:Days2",2.50341998088162e-05,1.88685143738598e-05,1.32677111259476,74.7525610104137,0.188623204917835,-1.25558477787972e-05,6.26242473964297e-05,"c__CFGB3072"
"fixed",NA,"ResponseResponder:Days2",6.19671525309179e-06,9.14831450573351e-06,0.677361414412254,42.9200964442941,0.501811719187973,-1.22536125679015e-05,2.46470430740851e-05,"c__CFGB3057"
"fixed",NA,"ResponseResponder:Days2",2.50341998088162e-05,1.88685143738598e-05,1.32677111259476,74.7525610104137,0.188623204917835,-1.25558477787972e-05,6.26242473964297e-05,"o__OFGB3072"
"fixed",NA,"ResponseResponder:Days2",-2.82717831627896e-07,1.12718732250724e-06,-0.250817078920863,77.7920097495238,0.802616831525288,-2.52686991672322e-06,1.96143425346743e-06,"o__Micrococcales"
"fixed",NA,"ResponseResponder:Days2",-1.53947547704025e-06,3.41192739176939e-06,-0.451204055735166,56.9954952001708,0.653554600442784,-8.37175393195292e-06,5.29280297787241e-06,"o__Actinomycetales"
"fixed",NA,"ResponseResponder:Days2",6.19671525309179e-06,9.14831450573351e-06,0.677361414412254,42.9200964442941,0.501811719187973,-1.22536125679015e-05,2.46470430740851e-05,"o__OFGB3057"
"fixed",NA,"ResponseResponder:Days2",4.82107076408158e-06,3.88492461089733e-05,0.124096893683814,70.256800675207,0.901592922398698,-7.26563286037418e-05,8.2298470131905e-05,"f__Turicibacteraceae"
"fixed",NA,"ResponseResponder:Days2",2.50341998088162e-05,1.88685143738598e-05,1.32677111259476,74.7525610104137,0.188623204917835,-1.25558477787972e-05,6.26242473964297e-05,"f__FGB3072"
"fixed",NA,"ResponseResponder:Days2",-2.60309538720746e-07,1.1268260805311e-06,-0.231011283123706,77.7835939164933,0.817912603999164,-2.50374624961791e-06,1.98312717217642e-06,"f__Micrococcaceae"
"fixed",NA,"ResponseResponder:Days2",-1.53947547704025e-06,3.41192739176939e-06,-0.451204055735166,56.9954952001708,0.653554600442784,-8.37175393195292e-06,5.29280297787241e-06,"f__Actinomycetaceae"
"fixed",NA,"ResponseResponder:Days2",1.75234542405667e-07,4.50950231280789e-06,0.0388589538823311,49.3543209793362,0.96915960476277,-8.88530430526853e-06,9.23577339007987e-06,"f__Christensenellaceae"
"fixed",NA,"ResponseResponder:Days2",6.19671525309179e-06,9.14831450573351e-06,0.677361414412254,42.9200964442941,0.501811719187973,-1.22536125679015e-05,2.46470430740851e-05,"f__FGB3057"
"fixed",NA,"ResponseResponder:Days2",4.82107076408158e-06,3.88492461089733e-05,0.124096893683814,70.256800675207,0.901592922398698,-7.26563286037418e-05,8.2298470131905e-05,"g__Turicibacter"
"fixed",NA,"ResponseResponder:Days2",-1.58356255476159e-05,2.46898760958555e-05,-0.641381329178647,48.1312681342459,0.524317611248289,-6.54744511660878e-05,3.3803200070856e-05,"g__Lachnoclostridium"
"fixed",NA,"ResponseResponder:Days2",-1.62041020428476e-05,7.02272689157279e-06,-2.30738035139775,57.0958123662027,0.0246805915519386,-3.02663586504091e-05,-2.14184543528618e-06,"g__Romboutsia"
"fixed",NA,"ResponseResponder:Days2",-7.02270664083626e-06,7.67834402401764e-06,-0.914612137574122,45.5554181452221,0.365211142645336,-2.24824829188591e-05,8.43706963718655e-06,"g__Erysipelatoclostridium"
"fixed",NA,"ResponseResponder:Days2",-1.4964786870503e-06,3.72032816372954e-06,-0.402243732593233,78.9535034542146,0.688591585181227,-8.90167447061416e-06,5.90871709651356e-06,"g__Lentihominibacter"
"fixed",NA,"ResponseResponder:Days2",8.81164687654131e-06,3.71527338675941e-06,2.37173579417991,72.5924225273273,0.0203586711807876,1.40641724050428e-06,1.62168765125783e-05,"g__Slackia"
"fixed",NA,"ResponseResponder:Days2",1.48397588799007e-05,1.44004106978239e-05,1.03050942027252,64.7609238372001,0.306604308778046,-1.39218601017637e-05,4.36013778615652e-05,"g__GGB3537"
"fixed",NA,"ResponseResponder:Days2",-5.08512308565828e-08,3.87586517458939e-06,-0.0131199689787894,62.4413708525179,0.989573909841957,-7.79750607264642e-06,7.69580361093325e-06,"g__GGB9365"
"fixed",NA,"ResponseResponder:Days2",4.69191891754092e-07,1.83431063837201e-06,0.255786496539381,79.6161449008611,0.798775400870811,-3.18147281541281e-06,4.119856598921e-06,"g__Wansuia"
"fixed",NA,"ResponseResponder:Days2",-5.05320862639144e-07,7.42519940034259e-06,-0.0680548542057779,69.3854496240986,0.945937704823505,-1.53167204708746e-05,1.43060787455963e-05,"g__Emergencia"
"fixed",NA,"ResponseResponder:Days2",3.5226496096941e-06,2.36423385519689e-05,0.148997511475054,44.9614945111397,0.88222190115969,-4.40965901857266e-05,5.11418894051148e-05,"g__Sellimonas"
"fixed",NA,"ResponseResponder:Days2",3.57285437883843e-07,9.29115830174976e-07,0.384543483471332,81.2224582449883,0.701580682119256,-1.49128687051565e-06,2.20585774628334e-06,"g__GGB45491"
"fixed",NA,"ResponseResponder:Days2",-2.60309538720746e-07,1.1268260805311e-06,-0.231011283123706,77.7835939164933,0.817912603999164,-2.50374624961791e-06,1.98312717217642e-06,"g__Rothia"
"fixed",NA,"ResponseResponder:Days2",-3.2123526715075e-06,4.90010843795769e-06,-0.655567670018008,81.0652230973711,0.513958551790895,-1.29619125004328e-05,6.53720715741784e-06,"g__Gordonibacter"
"fixed",NA,"ResponseResponder:Days2",3.68364556596503e-06,9.73895904333392e-06,0.378238120683585,45.3898985544593,0.707016970688514,-1.59269753475351e-05,2.32942664794651e-05,"g__GGB3005"
"fixed",NA,"ResponseResponder:Days2",3.04167224295467e-07,5.89611305515427e-07,0.515877530586985,81.9999999988461,0.607328178527828,-8.6875748726414e-07,1.47709193585507e-06,"g__Amedibacillus"
"fixed",NA,"ResponseResponder:Days2",-9.27413491819046e-07,2.83517807771449e-06,-0.327109432422903,78.3012951874895,0.744457993619768,-6.5714773794584e-06,4.71665039582031e-06,"g__GGB2980"
"fixed",NA,"ResponseResponder:Days2",-5.57029160073353e-07,2.11795058534438e-06,-0.263003850952821,49.5792709043077,0.793637514556703,-4.81195272483918e-06,3.69789440469247e-06,"g__Schaalia"
"fixed",NA,"ResponseResponder:Days2",-7.87177793833195e-08,7.02528064173121e-07,-0.11204930222392,46.9463475325548,0.911262044017757,-1.49206458597149e-06,1.33462902720485e-06,"g__Christensenella"
"fixed",NA,"ResponseResponder:Days2",-6.04829489962997e-07,7.10816273808242e-07,-0.850894263749177,81.9999999976627,0.397306014510102,-2.01886949416501e-06,8.09210514239013e-07,"g__Zhenpiania"
"fixed",NA,"ResponseResponder:Days2",2.32821096714113e-06,5.46450507251271e-06,0.426060720274994,61.7842361438604,0.67154428299102,-8.5959378958572e-06,1.32523598301395e-05,"g__Coprobacillus"
"fixed",NA,"ResponseResponder:Days2",-1.86335532178551e-05,2.44756928925677e-05,-0.761308507164403,65.3011633995497,0.449213461994649,-6.75106139643588e-05,3.02435075286486e-05,"g__GGB32900"
"fixed",NA,"ResponseResponder:Days2",6.10048841697888e-06,9.14932540515211e-06,0.666769203939736,42.9229986766257,0.508488090800337,-1.23518420371173e-05,2.4552818871075e-05,"g__GGB9719"
"fixed",NA,"ResponseResponder:Days2",-9.23081560339699e-07,1.30780479630752e-06,-0.705825183502877,80.6833976659452,0.482329894995984,-3.52535767407913e-06,1.67919455339973e-06,"g__Actinomyces"
"fixed",NA,"ResponseResponder:Days2",9.23987825142673e-06,4.6028878325661e-06,2.007408954451,43.4817770258637,0.0509467102350576,-3.97563180936473e-08,1.85195128209471e-05,"g__GGB9534"
"fixed",NA,"ResponseResponder:Days2",1.77685331958702e-06,7.83096558088441e-06,0.226900923166406,80.9231875130335,0.821072999316973,-1.38045360005728e-05,1.73582426397468e-05,"g__GGB9781"
"fixed",NA,"ResponseResponder:Days2",2.31558332642719e-05,3.1712066949059e-05,0.730189971579856,46.4104365686758,0.468944028077595,-4.06620164661836e-05,8.69736829947273e-05,"g__GGB9469"
"fixed",NA,"ResponseResponder:Days2",8.87870428734417e-09,1.7210876149697e-08,0.515877530586987,81.9999999982614,0.607328178527836,-2.53592110218382e-08,4.31166195965266e-08,"g__GGB50802"
"fixed",NA,"ResponseResponder:Days2",5.68963245712972e-05,0.000178383057880562,0.318955876456567,78.0457745893684,0.75061205661041,-0.000298233782595715,0.00041202643173831,"s__Bifidobacterium_pseudocatenulatum"
"fixed",NA,"ResponseResponder:Days2",-0.000102211026095655,0.000118410652489455,-0.863191139874492,67.1980531454486,0.391102815383489,-0.000338546873689962,0.000134124821498653,"s__Bifidobacterium_longum"
"fixed",NA,"ResponseResponder:Days2",4.46303364775064e-06,3.39935193333212e-05,0.131290720563195,78.7066357754907,0.895880353645301,-6.32032956492894e-05,7.21293629447907e-05,"s__Blautia_hydrogenotrophica"
"fixed",NA,"ResponseResponder:Days2",-1.22109455068161e-05,1.90229220710005e-05,-0.641906930031065,73.461418978157,0.522931651367583,-5.01195630927796e-05,2.56976720791474e-05,"s__Clostridium_saudiense"
"fixed",NA,"ResponseResponder:Days2",9.42981618519508e-06,3.85582692283806e-05,0.24456015204786,69.3336376453239,0.807519341035009,-6.74852232329538e-05,8.6344855603344e-05,"s__Turicibacter_sanguinis"
"fixed",NA,"ResponseResponder:Days2",-7.73235126590523e-06,8.47272069742344e-06,-0.912617273959785,57.911348718136,0.365227565310451,-2.46928972175265e-05,9.22819468571607e-06,"s__Anaerostipes_caccae"
"fixed",NA,"ResponseResponder:Days2",2.45693859375119e-06,4.01569949812675e-06,0.61183327958113,81.9999999977277,0.542340784192093,-5.5315669377597e-06,1.04454441252621e-05,"s__Coprococcus_SGB106014"
"fixed",NA,"ResponseResponder:Days2",-8.47216976960016e-06,8.58661585348749e-06,-0.986671572847777,42.2814008515412,0.329416539385545,-2.57972460018113e-05,8.85290646261095e-06,"s__Clostridium_scindens"
"fixed",NA,"ResponseResponder:Days2",-1.58491807426522e-05,7.00710566870278e-06,-2.26187266069677,56.9860561365912,0.0275372578303769,-2.9880742223223e-05,-1.81761926208127e-06,"s__Romboutsia_timonensis"
"fixed",NA,"ResponseResponder:Days2",1.68734869825359e-06,1.05271395329362e-05,0.160285583084977,46.5355736757807,0.873349872072962,-1.94961050310066e-05,2.28708024275138e-05,"s__GGB3433_SGB4573"
"fixed",NA,"ResponseResponder:Days2",-7.08117565727342e-06,7.72618994554549e-06,-0.916515864505253,81.999999999099,0.362084037769747,-2.24510286919116e-05,8.28867737736475e-06,"s__Erysipelatoclostridium_ramosum"
"fixed",NA,"ResponseResponder:Days2",-6.75002319840394e-06,8.79365060626078e-06,-0.767601932421348,47.6988173549113,0.446507018618146,-2.44337273601303e-05,1.09336809633224e-05,"s__Blautia_hansenii"
"fixed",NA,"ResponseResponder:Days2",5.07637913162226e-07,2.52108104606182e-06,0.201357236791418,81.9999999975773,0.840917903079428,-4.50759539581605e-06,5.5228712221405e-06,"s__Lentihominibacter_faecis"
"fixed",NA,"ResponseResponder:Days2",8.83025664777861e-06,3.69917853341311e-06,2.3870858267636,72.3744093450639,0.0195967765936964,1.45673071490471e-06,1.62037825806525e-05,"s__Slackia_isoflavoniconvertens"
"fixed",NA,"ResponseResponder:Days2",1.48397588799007e-05,1.44004106978239e-05,1.03050942027252,64.7609238372001,0.306604308778046,-1.39218601017637e-05,4.36013778615652e-05,"s__GGB3537_SGB4727"
"fixed",NA,"ResponseResponder:Days2",-2.38792885122192e-05,1.82045215060712e-05,-1.31172294225121,58.1635782110246,0.194767718814158,-6.0317415609452e-05,1.25588385850136e-05,"s__Blautia_producta"
"fixed",NA,"ResponseResponder:Days2",-5.08512308565828e-08,3.87586517458939e-06,-0.0131199689787894,62.4413708525179,0.989573909841957,-7.79750607264642e-06,7.69580361093325e-06,"s__GGB9365_SGB14341"
"fixed",NA,"ResponseResponder:Days2",-1.93097843958492e-05,1.75745235484291e-05,-1.09873729109289,41.4432146163253,0.27822493113946,-5.47907309574136e-05,1.61711621657152e-05,"s__Vescimonas_coprocola"
"fixed",NA,"ResponseResponder:Days2",4.69191891754092e-07,1.83431063837201e-06,0.255786496539381,79.6161449008611,0.798775400870811,-3.18147281541281e-06,4.119856598921e-06,"s__Wansuia_hejianensis"
"fixed",NA,"ResponseResponder:Days2",-2.49715278999218e-05,2.42803623220605e-05,-1.02846603228953,44.155763290621,0.309331703290112,-7.39005077891096e-05,2.3957451989266e-05,"s__Streptococcus_parasanguinis"
"fixed",NA,"ResponseResponder:Days2",-5.05320862639144e-07,7.42519940034259e-06,-0.0680548542057779,69.3854496240986,0.945937704823505,-1.53167204708746e-05,1.43060787455963e-05,"s__Emergencia_timonensis"
"fixed",NA,"ResponseResponder:Days2",3.5226496096941e-06,2.36423385519689e-05,0.148997511475054,44.9614945111397,0.88222190115969,-4.40965901857266e-05,5.11418894051148e-05,"s__Sellimonas_intestinalis"
"fixed",NA,"ResponseResponder:Days2",9.12128183190661e-07,3.06864225643939e-06,0.297241615987203,75.2352032658842,0.767101211623366,-5.20060743847787e-06,7.0248638048592e-06,"s__Frisingicoccus_caecimuris"
"fixed",NA,"ResponseResponder:Days2",3.57285437883843e-07,9.29115830174976e-07,0.384543483471332,81.2224582449883,0.701580682119256,-1.49128687051565e-06,2.20585774628334e-06,"s__GGB45491_SGB63163"
"fixed",NA,"ResponseResponder:Days2",-2.60309538720746e-07,1.1268260805311e-06,-0.231011283123706,77.7835939164933,0.817912603999164,-2.50374624961791e-06,1.98312717217642e-06,"s__Rothia_mucilaginosa"
"fixed",NA,"ResponseResponder:Days2",-4.65436539631841e-07,1.02816093972596e-06,-0.452688408641449,76.8168003629216,0.652049080908688,-2.51284445368284e-06,1.58197137441916e-06,"s__Lentihominibacter_hominis"
"fixed",NA,"ResponseResponder:Days2",-3.25817073971365e-06,4.56356839350601e-06,-0.7139524290575,81.0006985644413,0.477308865081877,-1.23382391713359e-05,5.82189769190864e-06,"s__Gordonibacter_pamelaeae"
"fixed",NA,"ResponseResponder:Days2",3.68364556596503e-06,9.73895904333392e-06,0.378238120683585,45.3898985544593,0.707016970688514,-1.59269753475351e-05,2.32942664794651e-05,"s__GGB3005_SGB3996"
"fixed",NA,"ResponseResponder:Days2",1.20054879802629e-06,2.52343081943653e-06,0.475760535529309,43.9196975763154,0.636602986656871,-3.88535449644799e-06,6.28645209250057e-06,"s__Clostridium_innocuum"
"fixed",NA,"ResponseResponder:Days2",3.04167224295467e-07,5.89611305515427e-07,0.515877530586985,81.9999999988461,0.607328178527828,-8.6875748726414e-07,1.47709193585507e-06,"s__Amedibacillus_dolichus"
"fixed",NA,"ResponseResponder:Days2",-9.27413491819046e-07,2.83517807771449e-06,-0.327109432422903,78.3012951874895,0.744457993619768,-6.5714773794584e-06,4.71665039582031e-06,"s__GGB2980_SGB3962"
"fixed",NA,"ResponseResponder:Days2",-1.86701956993925e-08,6.98808315350963e-07,-0.0267171916665241,46.8934541774904,0.97879867755997,-1.4245755165734e-06,1.38723512517462e-06,"s__Christensenella_minuta"
"fixed",NA,"ResponseResponder:Days2",-6.04829489962997e-07,7.10816273808242e-07,-0.850894263749177,81.9999999976627,0.397306014510102,-2.01886949416501e-06,8.09210514239013e-07,"s__Zhenpiania_hominis"
"fixed",NA,"ResponseResponder:Days2",2.32821096714113e-06,5.46450507251271e-06,0.426060720274994,61.7842361438604,0.67154428299102,-8.5959378958572e-06,1.32523598301395e-05,"s__Coprobacillus_cateniformis"
"fixed",NA,"ResponseResponder:Days2",-1.86335532178551e-05,2.44756928925677e-05,-0.761308507164403,65.3011633995497,0.449213461994649,-6.75106139643588e-05,3.02435075286486e-05,"s__GGB32900_SGB53446"
"fixed",NA,"ResponseResponder:Days2",1.16783602360148e-07,2.26378540323837e-07,0.515877530586987,81.9999999988987,0.607328178527826,-3.33555428843642e-07,5.67122633563938e-07,"s__Schaalia_SGB17158"
"fixed",NA,"ResponseResponder:Days2",4.35732872361292e-06,8.54846425520031e-06,0.509720646133862,42.8243838000484,0.612864131439533,-1.28843371658971e-05,2.15989946131229e-05,"s__GGB9719_SGB15272"
"fixed",NA,"ResponseResponder:Days2",8.47057029994205e-08,1.64197310363642e-07,0.515877530586986,81.9999999995549,0.607328178527815,-2.41935053538912e-07,4.11346459537753e-07,"s__Schaalia_SGB17153"
"fixed",NA,"ResponseResponder:Days2",1.3073837266818e-07,1.5252417009826e-07,0.857164950210544,81.3405330659046,0.393872165545378,-1.72717623825192e-07,4.34194369161552e-07,"s__Actinomyces_oris"
"fixed",NA,"ResponseResponder:Days2",9.23987825142673e-06,4.6028878325661e-06,2.007408954451,43.4817770258637,0.0509467102350576,-3.97563180936473e-08,1.85195128209471e-05,"s__GGB9534_SGB14937"
"fixed",NA,"ResponseResponder:Days2",1.28712969963517e-06,1.67072047445496e-06,0.770403977993428,80.513785085065,0.443315035464237,-2.03738432248253e-06,4.61164372175287e-06,"s__GGB9781_SGB15402"
"fixed",NA,"ResponseResponder:Days2",1.54260884895311e-05,2.11197513421516e-05,0.730410516659028,42.5714867804168,0.469140032275894,-2.71783508638351e-05,5.80305278428974e-05,"s__Enterocloster_clostridioformis"
"fixed",NA,"ResponseResponder:Days2",2.63819777414384e-05,3.24752164231614e-05,0.812372653585235,46.1359250298511,0.420749976760302,-3.89820457251833e-05,9.17460012080602e-05,"s__Enterocloster_bolteae"
"fixed",NA,"ResponseResponder:Days2",2.35447263009964e-05,3.17043326026279e-05,0.742634345787959,46.4066912319115,0.461445850344198,-4.02576964090998e-05,8.73471490110926e-05,"s__GGB9469_SGB14862"
"fixed",NA,"ResponseResponder:Days2",8.87870428734417e-09,1.7210876149697e-08,0.515877530586987,81.9999999982614,0.607328178527836,-2.53592110218382e-08,4.31166195965266e-08,"s__GGB50802_SGB106454"
"fixed",NA,"ResponseResponder:Days2",-4.6078614357732e-06,6.62866853462058e-06,-0.695141326151249,81.9999999972375,0.488931948266597,-1.77943947608079e-05,8.57867188926145e-06,"o__Propionibacteriales"
"fixed",NA,"ResponseResponder:Days2",-4.6078614357732e-06,6.62866853462058e-06,-0.695141326151249,81.9999999972375,0.488931948266597,-1.77943947608079e-05,8.57867188926145e-06,"f__Propionibacteriaceae"
"fixed",NA,"ResponseResponder:Days2",-4.6078614357732e-06,6.62866853462058e-06,-0.695141326151249,81.9999999972375,0.488931948266597,-1.77943947608079e-05,8.57867188926145e-06,"g__Propionibacterium"
"fixed",NA,"ResponseResponder:Days2",8.51384016850604e-05,0.000205994670230366,0.413303905338179,47.2985649148911,0.681251849642067,-0.000329200380868375,0.000499477184238496,"s__Bacteroides_thetaiotaomicron"
"fixed",NA,"ResponseResponder:Days2",2.36879947814046e-06,4.55754000900689e-06,0.519753962325969,67.9738482616923,0.604923599948957,-6.725693368757e-06,1.14632923250379e-05,"s__Firmicutes_unclassified_SGB47660"
"fixed",NA,"ResponseResponder:Days2",-4.73598049055745e-06,8.36221205756601e-06,-0.566354985732801,48.1251442919517,0.573784308151957,-2.15482052760374e-05,1.20762442949225e-05,"s__Enterocloster_aldenensis"
"fixed",NA,"ResponseResponder:Days2",-1.60782490942276e-05,2.48819151127035e-05,-0.646182137564598,64.3362752786379,0.52045981155659,-6.57805855017118e-05,3.36240873132565e-05,"s__Clostridium_symbiosum"
"fixed",NA,"ResponseResponder:Days2",3.02958759012068e-06,5.77881145887167e-06,0.524257905225414,81.0445959048143,0.601530105846561,-8.4683386241198e-06,1.45275138043612e-05,"s__Bacteroides_acidifaciens"
"fixed",NA,"ResponseResponder:Days2",7.95498552329852e-09,2.47979452950425e-08,0.320792123244536,42.046387870292,0.7499569570092,-4.20876584799265e-08,5.79976295265236e-08,"s__Streptococcus_australis"
"fixed",NA,"ResponseResponder:Days2",1.59822575524916e-08,4.626151520989e-08,0.345476309627551,41.9542142556863,0.731462605139129,-7.73802784294991e-08,1.09344793534482e-07,"s__Streptococcus_mitis"
"fixed",NA,"ResponseResponder:Days2",9.92327025866573e-06,2.0475689108535e-05,0.484636693107895,53.5940211975781,0.629908970135659,-3.11351377810141e-05,5.09816782983455e-05,"s__Firmicutes_unclassified_SGB47659"
"fixed",NA,"ResponseResponder:Days2",1.62122946333884e-05,2.89212428530969e-05,0.560567010060302,66.7990915594095,0.576968157392929,-4.15179393942601e-05,7.39425286610369e-05,"s__Enterocloster_asparagiformis"
"fixed",NA,"ResponseResponder:Days2",-4.6078614357732e-06,6.62866853462058e-06,-0.695141326151249,81.9999999972375,0.488931948266597,-1.77943947608079e-05,8.57867188926145e-06,"s__Propionibacterium_freudenreichii"
"fixed",NA,"ResponseResponder:Days2",5.97820922957335e-05,0.000205896505536231,0.290350203564839,47.9427784873541,0.772800572643914,-0.00035421334332088,0.000473777527912347,"p__Verrucomicrobia"
"fixed",NA,"ResponseResponder:Days2",2.86644984387816e-06,9.54162402505721e-06,0.300415299989875,75.7813055551331,0.764682995073526,-1.61382283217572e-05,2.18711280095136e-05,"p__Bacteria_unclassified"
"fixed",NA,"ResponseResponder:Days2",-2.59656143223905e-05,4.63490168940923e-05,-0.560219311268717,81.4526918257029,0.57686745928427,-0.000118177850325531,6.62466216807501e-05,"c__CFGB2983"
"fixed",NA,"ResponseResponder:Days2",3.1379871535559e-06,7.51609302146022e-06,0.417502437050234,62.8160618201561,0.67773453531317,-1.1882587024303e-05,1.81585613314148e-05,"c__CFGB1011"
"fixed",NA,"ResponseResponder:Days2",1.42840286471592e-05,3.1338603955365e-05,0.455796584541663,55.6259005791714,0.650310682421543,-4.85040571711797e-05,7.70721144654981e-05,"c__CFGB2979"
"fixed",NA,"ResponseResponder:Days2",7.3804069187149e-06,7.61152610767329e-06,0.969635630793489,48.2048701458352,0.337068344497164,-7.92191191298813e-06,2.26827257504179e-05,"c__CFGB2898"
"fixed",NA,"ResponseResponder:Days2",6.07845147426338e-05,0.000208389513065071,0.291687013653385,48.2962926644442,0.771775168355138,-0.000358144287174349,0.000479713316659617,"c__Verrucomicrobiae"
"fixed",NA,"ResponseResponder:Days2",8.29298943685289e-08,3.76614002094661e-07,0.220198648768467,42.3843874524873,0.82677365107192,-6.7690377554699e-07,8.42763564284048e-07,"c__CFGB1814"
"fixed",NA,"ResponseResponder:Days2",2.41964367424417e-06,1.32732697928887e-05,0.182294469411036,66.1203168676057,0.855909393843013,-2.40803944543593e-05,2.89196818028476e-05,"c__CFGB3041"
"fixed",NA,"ResponseResponder:Days2",4.77022056004213e-06,1.18010310567825e-05,0.404220659795695,51.1008874205284,0.687737316204828,-1.89202022471124e-05,2.84606433671967e-05,"c__CFGB3069"
"fixed",NA,"ResponseResponder:Days2",2.59502903922953e-06,9.10994792691257e-06,0.28485662706845,75.0863048658106,0.776538188273848,-1.55525759519352e-05,2.07426340303943e-05,"c__Bacteria_unclassified"
"fixed",NA,"ResponseResponder:Days2",-2.20289529633414e-06,1.49396812680852e-05,-0.14745263013342,42.7745120631173,0.883467619297614,-3.23362276838217e-05,2.79304370911534e-05,"c__CFGB75721"
"fixed",NA,"ResponseResponder:Days2",-6.0485035466343e-08,3.02372558989121e-06,-0.0200034803649359,74.5976928191064,0.984094004202023,-6.08458780248595e-06,5.96361773155326e-06,"c__CFGB1292"
"fixed",NA,"ResponseResponder:Days2",4.26047524029716e-07,9.60591796837128e-07,0.443526090304469,46.4170628335285,0.659445829207491,-1.50705475606573e-06,2.35914980412516e-06,"c__CFGB3004"
"fixed",NA,"ResponseResponder:Days2",-2.59656143223905e-05,4.63490168940923e-05,-0.560219311268717,81.4526918257029,0.57686745928427,-0.000118177850325531,6.62466216807501e-05,"o__OFGB2983"
"fixed",NA,"ResponseResponder:Days2",3.1379871535559e-06,7.51609302146022e-06,0.417502437050234,62.8160618201561,0.67773453531317,-1.1882587024303e-05,1.81585613314148e-05,"o__OFGB1011"
"fixed",NA,"ResponseResponder:Days2",1.42840286471592e-05,3.1338603955365e-05,0.455796584541663,55.6259005791714,0.650310682421543,-4.85040571711797e-05,7.70721144654981e-05,"o__OFGB2979"
"fixed",NA,"ResponseResponder:Days2",7.3804069187149e-06,7.61152610767329e-06,0.969635630793489,48.2048701458352,0.337068344497164,-7.92191191298813e-06,2.26827257504179e-05,"o__OFGB2898"
"fixed",NA,"ResponseResponder:Days2",6.07845147426338e-05,0.000208389513065071,0.291687013653385,48.2962926644442,0.771775168355138,-0.000358144287174349,0.000479713316659617,"o__Verrucomicrobiales"
"fixed",NA,"ResponseResponder:Days2",8.29298943685289e-08,3.76614002094661e-07,0.220198648768467,42.3843874524873,0.82677365107192,-6.7690377554699e-07,8.42763564284048e-07,"o__OFGB1814"
"fixed",NA,"ResponseResponder:Days2",2.41964367424417e-06,1.32732697928887e-05,0.182294469411036,66.1203168676057,0.855909393843013,-2.40803944543593e-05,2.89196818028476e-05,"o__OFGB3041"
"fixed",NA,"ResponseResponder:Days2",4.77022056004213e-06,1.18010310567825e-05,0.404220659795695,51.1008874205284,0.687737316204828,-1.89202022471124e-05,2.84606433671967e-05,"o__OFGB3069"
"fixed",NA,"ResponseResponder:Days2",2.59502903922953e-06,9.10994792691257e-06,0.28485662706845,75.0863048658106,0.776538188273848,-1.55525759519352e-05,2.07426340303943e-05,"o__Bacteria_unclassified"
"fixed",NA,"ResponseResponder:Days2",-2.20289529633414e-06,1.49396812680852e-05,-0.14745263013342,42.7745120631173,0.883467619297614,-3.23362276838217e-05,2.79304370911534e-05,"o__OFGB75721"
"fixed",NA,"ResponseResponder:Days2",-6.0485035466343e-08,3.02372558989121e-06,-0.0200034803649359,74.5976928191064,0.984094004202023,-6.08458780248595e-06,5.96361773155326e-06,"o__OFGB1292"
"fixed",NA,"ResponseResponder:Days2",4.26047524029716e-07,9.60591796837128e-07,0.443526090304469,46.4170628335285,0.659445829207491,-1.50705475606573e-06,2.35914980412516e-06,"o__OFGB3004"
"fixed",NA,"ResponseResponder:Days2",-2.59656143223905e-05,4.63490168940923e-05,-0.560219311268717,81.4526918257029,0.57686745928427,-0.000118177850325531,6.62466216807501e-05,"f__FGB2983"
"fixed",NA,"ResponseResponder:Days2",3.1379871535559e-06,7.51609302146022e-06,0.417502437050234,62.8160618201561,0.67773453531317,-1.1882587024303e-05,1.81585613314148e-05,"f__FGB1011"
"fixed",NA,"ResponseResponder:Days2",1.42840286471592e-05,3.1338603955365e-05,0.455796584541663,55.6259005791714,0.650310682421543,-4.85040571711797e-05,7.70721144654981e-05,"f__FGB2979"
"fixed",NA,"ResponseResponder:Days2",7.3804069187149e-06,7.61152610767329e-06,0.969635630793489,48.2048701458352,0.337068344497164,-7.92191191298813e-06,2.26827257504179e-05,"f__FGB2898"
"fixed",NA,"ResponseResponder:Days2",6.07845147426338e-05,0.000208389513065071,0.291687013653385,48.2962926644442,0.771775168355138,-0.000358144287174349,0.000479713316659617,"f__Akkermansiaceae"
"fixed",NA,"ResponseResponder:Days2",8.29298943685289e-08,3.76614002094661e-07,0.220198648768467,42.3843874524873,0.82677365107192,-6.7690377554699e-07,8.42763564284048e-07,"f__FGB1814"
"fixed",NA,"ResponseResponder:Days2",2.41964367424417e-06,1.32732697928887e-05,0.182294469411036,66.1203168676057,0.855909393843013,-2.40803944543593e-05,2.89196818028476e-05,"f__FGB3041"
"fixed",NA,"ResponseResponder:Days2",4.77022056004213e-06,1.18010310567825e-05,0.404220659795695,51.1008874205284,0.687737316204828,-1.89202022471124e-05,2.84606433671967e-05,"f__FGB3069"
"fixed",NA,"ResponseResponder:Days2",2.59502903922953e-06,9.10994792691257e-06,0.28485662706845,75.0863048658106,0.776538188273848,-1.55525759519352e-05,2.07426340303943e-05,"f__Bacteria_unclassified"
"fixed",NA,"ResponseResponder:Days2",-2.20289529633414e-06,1.49396812680852e-05,-0.14745263013342,42.7745120631173,0.883467619297614,-3.23362276838217e-05,2.79304370911534e-05,"f__FGB75721"
"fixed",NA,"ResponseResponder:Days2",-6.0485035466343e-08,3.02372558989121e-06,-0.0200034803649359,74.5976928191064,0.984094004202023,-6.08458780248595e-06,5.96361773155326e-06,"f__FGB1292"
"fixed",NA,"ResponseResponder:Days2",4.26047524029716e-07,9.60591796837128e-07,0.443526090304469,46.4170628335285,0.659445829207491,-1.50705475606573e-06,2.35914980412516e-06,"f__FGB3004"
"fixed",NA,"ResponseResponder:Days2",1.32173388170346e-05,2.41313577599415e-05,0.547724622398812,73.3459631820856,0.585544019270444,-3.48725663575846e-05,6.13072439916537e-05,"g__GGB3247"
"fixed",NA,"ResponseResponder:Days2",1.03649402460833e-05,2.27308709468923e-05,0.455985178495784,70.430489865666,0.649803543810431,-3.4965481135654e-05,5.56953616278207e-05,"g__GGB3576"
"fixed",NA,"ResponseResponder:Days2",1.43206222626469e-05,4.30282174837967e-05,0.332819324157215,60.1759062828669,0.740427405826053,-7.17434529228304e-05,0.000100384697448124,"g__GGB33512"
"fixed",NA,"ResponseResponder:Days2",2.16813835940842e-05,4.19088025453339e-05,0.517346769109683,60.5081562353225,0.606800291265837,-6.2134225138301e-05,0.000105496992326469,"g__GGB9699"
"fixed",NA,"ResponseResponder:Days2",-2.59656143223905e-05,4.63490168940923e-05,-0.560219311268717,81.4526918257029,0.57686745928427,-0.000118177850325531,6.62466216807501e-05,"g__GGB9343"
"fixed",NA,"ResponseResponder:Days2",3.82037112085533e-06,7.42923289084309e-06,0.514234938786767,62.172930858886,0.608910822637285,-1.10296321896816e-05,1.86703744313923e-05,"g__GGB2653"
"fixed",NA,"ResponseResponder:Days2",1.42840286471592e-05,3.1338603955365e-05,0.455796584541663,55.6259005791714,0.650310682421543,-4.85040571711797e-05,7.70721144654981e-05,"g__GGB40351"
"fixed",NA,"ResponseResponder:Days2",-5.90616079720917e-06,1.39800269157349e-05,-0.422471346643948,58.8544789080187,0.674220499311332,-3.38815773237508e-05,2.20692557293325e-05,"g__Neglectibacter"
"fixed",NA,"ResponseResponder:Days2",-1.80963736080125e-06,8.65267902923233e-06,-0.209141857069648,53.3815528399203,0.835133568283537,-1.91618183847079e-05,1.55425436631054e-05,"g__GGB9453"
"fixed",NA,"ResponseResponder:Days2",8.08395321760629e-06,1.29791511461931e-05,0.622841442136791,45.8439637350854,0.53647492677952,-1.80441228334788e-05,3.42120292686914e-05,"g__GGB9531"
"fixed",NA,"ResponseResponder:Days2",-1.46204483803024e-06,1.76358741569753e-06,-0.829017504330497,45.0566678085965,0.411464915176387,-5.01396892932929e-06,2.08987925326882e-06,"g__GGB9210"
"fixed",NA,"ResponseResponder:Days2",-1.72450580220969e-05,3.30453548333934e-05,-0.521860276854106,58.7930422403622,0.60372822352389,-8.33735308198349e-05,4.88834147756411e-05,"g__Longicatena"
"fixed",NA,"ResponseResponder:Days2",1.719229527106e-05,8.90417914775722e-06,1.93081192390321,73.6919574312425,0.057353419182387,-5.50901345285525e-07,3.49354918874055e-05,"g__GGB9782"
"fixed",NA,"ResponseResponder:Days2",6.07845147426338e-05,0.000208389513065071,0.291687013653385,48.2962926644442,0.771775168355138,-0.000358144287174349,0.000479713316659617,"g__Akkermansia"
"fixed",NA,"ResponseResponder:Days2",8.29298943685289e-08,3.76614002094661e-07,0.220198648768467,42.3843874524873,0.82677365107192,-6.7690377554699e-07,8.42763564284048e-07,"g__GGB4802"
"fixed",NA,"ResponseResponder:Days2",2.41964367424417e-06,1.32732697928887e-05,0.182294469411036,66.1203168676057,0.855909393843013,-2.40803944543593e-05,2.89196818028476e-05,"g__GGB9547"
"fixed",NA,"ResponseResponder:Days2",5.18458384725514e-06,1.19013931598489e-05,0.435628314905695,52.1566886067773,0.664904049998794,-1.86956010867519e-05,2.90647687812622e-05,"g__GGB9770"
"fixed",NA,"ResponseResponder:Days2",-2.81392290129257e-06,1.39403389025909e-05,-0.201854698150099,54.5339566300322,0.840781423075276,-3.0756353720308e-05,2.51285079177229e-05,"g__Eisenbergiella"
"fixed",NA,"ResponseResponder:Days2",5.86976394618291e-07,1.2396652208095e-06,0.473495896121854,74.7835991514677,0.637238761777134,-1.88268049781002e-06,3.0566332870466e-06,"g__Yanshouia"
"fixed",NA,"ResponseResponder:Days2",2.94992044706301e-05,3.71885090385783e-05,0.793234395066186,61.6242852324813,0.430684901338818,-4.48485826402181e-05,0.000103846991581478,"g__Anaerotruncus"
"fixed",NA,"ResponseResponder:Days2",1.61943813167503e-06,2.34125418594565e-06,0.69169684410876,51.7904213445085,0.49221705924475,-3.07908466878158e-06,6.31796093213164e-06,"g__GGB9818"
"fixed",NA,"ResponseResponder:Days2",5.20292300440382e-07,6.86399702105906e-06,0.0758001932174651,70.4690701532765,0.939792847794527,-1.31679162076771e-05,1.42085008085579e-05,"g__Bacteria_unclassified"
"fixed",NA,"ResponseResponder:Days2",-3.42699869041461e-06,1.21618699471852e-05,-0.281782218137251,41.1993138325013,0.779521112041739,-2.7984785272418e-05,2.11307878915888e-05,"g__GGB9524"
"fixed",NA,"ResponseResponder:Days2",-1.86928960629611e-07,1.41085705587523e-06,-0.132493196140023,63.3055688856959,0.895014439029002,-3.00603550908321e-06,2.63217758782399e-06,"g__GGB3002"
"fixed",NA,"ResponseResponder:Days2",-2.59299011035079e-06,1.19195805693777e-05,-0.21754038200072,71.5724090632413,0.828406225779845,-2.63566652261823e-05,2.11706850054807e-05,"g__Adlercreutzia"
"fixed",NA,"ResponseResponder:Days2",-4.3614936921726e-06,3.44297248499623e-06,-1.26678145444935,52.0251343695071,0.210875447990601,-1.12702439814495e-05,2.54725659710428e-06,"g__Holdemania"
"fixed",NA,"ResponseResponder:Days2",2.22759769753632e-06,1.86327448673081e-06,1.19552847065745,73.4856621646997,0.235724370839781,-1.48548957900596e-06,5.9406849740786e-06,"g__Provencibacterium"
"fixed",NA,"ResponseResponder:Days2",-1.63114666900392e-07,2.00874091672607e-06,-0.0812024415603796,75.2567385215447,0.935496528243226,-4.16450802622323e-06,3.83827869242244e-06,"g__Massilistercora"
"fixed",NA,"ResponseResponder:Days2",1.3092340429232e-07,2.17104102293672e-07,0.603044359407002,42.0759329357997,0.549716136294338,-3.07186988292557e-07,5.69033796877197e-07,"g__GGB3441"
"fixed",NA,"ResponseResponder:Days2",-5.27332460749592e-07,2.3548505433845e-06,-0.223934577177745,66.0668738569295,0.823499261231955,-5.22885444047161e-06,4.17418951897242e-06,"g__GGB3109"
"fixed",NA,"ResponseResponder:Days2",7.19688163688922e-08,9.46138085892654e-08,0.760658697096964,41.7630341828028,0.451134421748216,-1.19001681787655e-07,2.6293931452544e-07,"g__GGB58071"
"fixed",NA,"ResponseResponder:Days2",4.26047524029716e-07,9.60591796837128e-07,0.443526090304469,46.4170628335285,0.659445829207491,-1.50705475606573e-06,2.35914980412516e-06,"g__GGB58158"
"fixed",NA,"ResponseResponder:Days2",-1.65170473998674e-05,2.37129350938245e-05,-0.696541669536676,41.0135288510315,0.490018773732373,-6.44058116161534e-05,3.13717168164187e-05,"g__GGB3167"
"fixed",NA,"ResponseResponder:Days2",-3.48211977757092e-06,4.0989451121119e-06,-0.849516078486066,46.320863354382,0.399963635876651,-1.17313263348954e-05,4.76708677975357e-06,"g__GGB33586"
"fixed",NA,"ResponseResponder:Days2",6.28769083572628e-10,3.00311446680332e-07,0.00209372333463508,66.4104162156536,0.998335728385295,-5.98893224052148e-07,6.00150762219293e-07,"g__Anaerofilum"
"fixed",NA,"ResponseResponder:Days2",1.32173388170346e-05,2.41313577599415e-05,0.547724622398812,73.3459631820856,0.585544019270444,-3.48725663575846e-05,6.13072439916537e-05,"s__GGB3247_SGB4294"
"fixed",NA,"ResponseResponder:Days2",1.03649402460833e-05,2.27308709468923e-05,0.455985178495784,70.430489865666,0.649803543810431,-3.4965481135654e-05,5.56953616278207e-05,"s__GGB3576_SGB4784"
"fixed",NA,"ResponseResponder:Days2",1.56197308561495e-05,4.30501918873615e-05,0.362826044934193,60.1916171512617,0.718005835424191,-7.04878361460851e-05,0.000101727297858384,"s__GGB33512_SGB15201"
"fixed",NA,"ResponseResponder:Days2",-7.55328084055319e-06,1.52209944281789e-05,-0.496240956935748,45.0890513502721,0.622134991598828,-3.82082662475015e-05,2.31017045663952e-05,"s__GGB3550_SGB4747"
"fixed",NA,"ResponseResponder:Days2",2.07482475525607e-05,1.50979682341848e-05,1.3742410389752,47.0261082660754,0.175881333913727,-9.62450169360541e-06,5.11209967987269e-05,"s__Bilophila_wadsworthia"
"fixed",NA,"ResponseResponder:Days2",-4.55422231833797e-06,5.26921357630852e-06,-0.86430778566553,43.3290958061495,0.392178620846692,-1.51782706830698e-05,6.06982604639383e-06,"s__Anaerotignum_lactatifermentans"
"fixed",NA,"ResponseResponder:Days2",-2.21021377210267e-05,3.13004435197448e-05,-0.70612857952266,54.2048520563247,0.483132290549675,-8.4850317606574e-05,4.06460421645207e-05,"s__Phascolarctobacterium_succinatutens"
"fixed",NA,"ResponseResponder:Days2",2.16813835940842e-05,4.19088025453339e-05,0.517346769109683,60.5081562353225,0.606800291265837,-6.2134225138301e-05,0.000105496992326469,"s__GGB9699_SGB15216"
"fixed",NA,"ResponseResponder:Days2",-2.59656143223905e-05,4.63490168940923e-05,-0.560219311268717,81.4526918257029,0.57686745928427,-0.000118177850325531,6.62466216807501e-05,"s__GGB9343_SGB14307"
"fixed",NA,"ResponseResponder:Days2",3.82037112085533e-06,7.42923289084309e-06,0.514234938786767,62.172930858886,0.608910822637285,-1.10296321896816e-05,1.86703744313923e-05,"s__GGB2653_SGB3574"
"fixed",NA,"ResponseResponder:Days2",1.42840286471592e-05,3.1338603955365e-05,0.455796584541663,55.6259005791714,0.650310682421543,-4.85040571711797e-05,7.70721144654981e-05,"s__GGB40351_SGB14301"
"fixed",NA,"ResponseResponder:Days2",-5.90616079720917e-06,1.39800269157349e-05,-0.422471346643948,58.8544789080187,0.674220499311332,-3.38815773237508e-05,2.20692557293325e-05,"s__Neglectibacter_timonensis"
"fixed",NA,"ResponseResponder:Days2",-0.000175501689960464,7.24400118526623e-05,-2.4227175765435,54.0184667266987,0.0187879234826947,-0.000320734032284,-3.02693476369281e-05,"s__Alistipes_shahii"
"fixed",NA,"ResponseResponder:Days2",2.58541314630291e-06,7.1967725613173e-06,0.359246193244945,69.2157587526884,0.720504566012706,-1.17709569047248e-05,1.69417831973307e-05,"s__GGB9453_SGB14845"
"fixed",NA,"ResponseResponder:Days2",8.08395321760629e-06,1.29791511461931e-05,0.622841442136791,45.8439637350854,0.53647492677952,-1.80441228334788e-05,3.42120292686914e-05,"s__GGB9531_SGB14932"
"fixed",NA,"ResponseResponder:Days2",-1.10923826982e-05,1.09286675520477e-05,-1.01498033912851,49.1155228470911,0.315089222215417,-3.30530558514008e-05,1.08682904550007e-05,"s__Blautia_stercoris"
"fixed",NA,"ResponseResponder:Days2",2.74106721463247e-06,3.18659919713889e-06,0.860185748208796,55.8893489835966,0.393361634143171,-3.64273695714933e-06,9.12487138641426e-06,"s__Clostridium_sp_AM29_11AC"
"fixed",NA,"ResponseResponder:Days2",-1.03511297500136e-06,6.82740740797246e-06,-0.151611426292306,49.4036235044449,0.880110848674956,-1.47524670766681e-05,1.26822411266654e-05,"s__Dorea_phocaeensis"
"fixed",NA,"ResponseResponder:Days2",1.2500239721747e-06,3.00642593594509e-06,0.415784056819528,52.9354944708945,0.679248795971413,-4.78027434700716e-06,7.28032229135655e-06,"s__GGB9719_SGB15273"
"fixed",NA,"ResponseResponder:Days2",-2.88663560261526e-07,4.08767779647584e-07,-0.706179827848454,42.2027493834169,0.48395679875795,-1.11347294134515e-06,5.36145820822103e-07,"s__GGB9210_SGB14150"
"fixed",NA,"ResponseResponder:Days2",-1.72450580220969e-05,3.30453548333934e-05,-0.521860276854106,58.7930422403622,0.60372822352389,-8.33735308198349e-05,4.88834147756411e-05,"s__Longicatena_caecimuris"
"fixed",NA,"ResponseResponder:Days2",1.719229527106e-05,8.90417914775722e-06,1.93081192390321,73.6919574312425,0.057353419182387,-5.50901345285525e-07,3.49354918874055e-05,"s__GGB9782_SGB15403"
"fixed",NA,"ResponseResponder:Days2",6.47235281758221e-05,0.000168132982473966,0.384954380892185,58.973467779607,0.701656089815296,-0.000271712959679783,0.000401160016031427,"s__Akkermansia_muciniphila"
"fixed",NA,"ResponseResponder:Days2",8.29298943685289e-08,3.76614002094661e-07,0.220198648768467,42.3843874524873,0.82677365107192,-6.7690377554699e-07,8.42763564284048e-07,"s__GGB4802_SGB6641"
"fixed",NA,"ResponseResponder:Days2",-6.84479381692516e-06,1.47593376905858e-05,-0.463760228298799,51.1815250790183,0.644785911881423,-3.64728492342296e-05,2.27832616003792e-05,"s__Alistipes_senegalensis"
"fixed",NA,"ResponseResponder:Days2",4.52429080665623e-05,0.000100932938325059,0.448247210646495,77.6772890826607,0.655222614416333,-0.000155712286388982,0.000246198102522107,"s__Clostridium_leptum"
"fixed",NA,"ResponseResponder:Days2",4.20093765479217e-06,3.55148279706073e-06,1.18286864806692,53.164629283748,0.242124078931557,-2.92191985647677e-06,1.13237951660611e-05,"s__GGB9547_SGB14953"
"fixed",NA,"ResponseResponder:Days2",5.37775795714213e-06,5.74264805957034e-06,0.936459609113586,62.5482306899144,0.352638356224441,-6.09963082953817e-06,1.68551467438224e-05,"s__GGB9770_SGB15390"
"fixed",NA,"ResponseResponder:Days2",-2.1330433988369e-06,8.08903696805062e-06,-0.263695592845206,50.791426300227,0.79308142177388,-1.83740820460543e-05,1.41079952483805e-05,"s__Eisenbergiella_massiliensis"
"fixed",NA,"ResponseResponder:Days2",-1.73755549290843e-06,2.61569424724605e-06,-0.664280809860641,51.8662153016972,0.509453156556531,-6.9866522763332e-06,3.51154129051634e-06,"s__Lachnoclostridium_pacaense"
"fixed",NA,"ResponseResponder:Days2",5.86976394618291e-07,1.2396652208095e-06,0.473495896121854,74.7835991514677,0.637238761777134,-1.88268049781002e-06,3.0566332870466e-06,"s__Yanshouia_hominis"
"fixed",NA,"ResponseResponder:Days2",1.61943813167503e-06,2.34125418594565e-06,0.69169684410876,51.7904213445085,0.49221705924475,-3.07908466878158e-06,6.31796093213164e-06,"s__GGB9818_SGB15459"
"fixed",NA,"ResponseResponder:Days2",3.7889819632557e-05,3.46319866710836e-05,1.09407005703758,66.7155830766062,0.277858707402481,-3.12413324756544e-05,0.000107020971740768,"s__Anaerotruncus_massiliensis"
"fixed",NA,"ResponseResponder:Days2",-7.57277357693609e-06,2.88616351518881e-06,-2.62382000780045,54.947276272491,0.0112339616379622,-1.33568992624103e-05,-1.78864789146192e-06,"s__bacterium_210917_DFI_7_65"
"fixed",NA,"ResponseResponder:Days2",2.17525916307861e-06,4.86877945089184e-06,0.446777099891052,38.7056759639406,0.657525968918492,-7.67517169196208e-06,1.20256900181193e-05,"s__Alistipes_indistinctus"
"fixed",NA,"ResponseResponder:Days2",-4.3205010790238e-06,1.18338257099164e-05,-0.365097575791009,41.2346454798496,0.716904614777734,-2.82152675137632e-05,1.95742653557156e-05,"s__GGB9524_SGB14924"
"fixed",NA,"ResponseResponder:Days2",-1.86928960629611e-07,1.41085705587523e-06,-0.132493196140023,63.3055688856959,0.895014439029002,-3.00603550908321e-06,2.63217758782399e-06,"s__GGB3002_SGB3993"
"fixed",NA,"ResponseResponder:Days2",7.23318955194911e-07,9.05486897205184e-07,0.798817694024573,39.8149428899307,0.429135720848234,-1.10700333027939e-06,2.55364124066922e-06,"s__Parabacteroides_gordonii"
"fixed",NA,"ResponseResponder:Days2",-3.1106492886455e-06,1.19500942251064e-05,-0.260303327325255,72.4614426435066,0.79536806911846,-2.69301352262151e-05,2.07088366489241e-05,"s__Adlercreutzia_equolifaciens"
"fixed",NA,"ResponseResponder:Days2",-4.92419586848809e-06,3.01360721054542e-06,-1.63398728648412,47.5758840736411,0.108862546934445,-1.09848550216065e-05,1.1364632846303e-06,"s__Holdemania_filiformis"
"fixed",NA,"ResponseResponder:Days2",4.76929045881264e-07,6.28748130853112e-06,0.0758537516817976,80.9295037309029,0.939722652666685,-1.20333517209497e-05,1.29872098127122e-05,"s__GGB9781_SGB66170"
"fixed",NA,"ResponseResponder:Days2",2.22759769753632e-06,1.86327448673081e-06,1.19552847065745,73.4856621646997,0.235724370839781,-1.48548957900596e-06,5.9406849740786e-06,"s__Provencibacterium_massiliense"
"fixed",NA,"ResponseResponder:Days2",-1.63114666900392e-07,2.00874091672607e-06,-0.0812024415603796,75.2567385215447,0.935496528243226,-4.16450802622323e-06,3.83827869242244e-06,"s__Massilistercora_timonensis"
"fixed",NA,"ResponseResponder:Days2",1.3092340429232e-07,2.17104102293672e-07,0.603044359407002,42.0759329357997,0.549716136294338,-3.07186988292557e-07,5.69033796877197e-07,"s__GGB3441_SGB4591"
"fixed",NA,"ResponseResponder:Days2",-1.58355852586988e-05,1.27067068447949e-05,-1.24623834106834,59.3411994427221,0.217574383322312,-4.1258588404587e-05,9.58741788718928e-06,"s__Faecalibacillus_faecis"
"fixed",NA,"ResponseResponder:Days2",-1.36783921497651e-06,3.86385652699516e-06,-0.354008800642566,51.9120824198241,0.724766156461546,-9.1215471368432e-06,6.38586870689019e-06,"s__Hydrogenoanaerobacterium_saccharovorans"
"fixed",NA,"ResponseResponder:Days2",-5.27332460749592e-07,2.3548505433845e-06,-0.223934577177745,66.0668738569295,0.823499261231955,-5.22885444047161e-06,4.17418951897242e-06,"s__GGB3109_SGB4121"
"fixed",NA,"ResponseResponder:Days2",-9.67362908303395e-06,1.43147925893031e-05,-0.675778501342916,66.2309869473251,0.501534153089891,-3.82521742519477e-05,1.89049160858798e-05,"s__Intestinimonas_massiliensis"
"fixed",NA,"ResponseResponder:Days2",1.28299256104101e-06,5.91383273367248e-06,0.216947725581727,44.7406321152023,0.829235356208147,-1.06299841115473e-05,1.31959692336293e-05,"s__Enterocloster_lavalensis"
"fixed",NA,"ResponseResponder:Days2",-1.28158529654811e-06,1.03360683616737e-05,-0.123991565429293,41.1203913847021,0.90192607833886,-2.21538429758493e-05,1.95906723827531e-05,"s__GGB9770_SGB15389"
"fixed",NA,"ResponseResponder:Days2",-4.72075512481316e-07,2.8732683342119e-06,-0.164299138670875,43.8584994406976,0.870250526215071,-6.26329506759022e-06,5.31914404262758e-06,"s__Lawsonibacter_faecis"
"fixed",NA,"ResponseResponder:Days2",7.19688163688922e-08,9.46138085892654e-08,0.760658697096964,41.7630341828028,0.451134421748216,-1.19001681787655e-07,2.6293931452544e-07,"s__GGB58071_SGB79702"
"fixed",NA,"ResponseResponder:Days2",-2.94216809675468e-06,3.59517452659965e-05,-0.0818365860957913,40.6826818919076,0.935177971645686,-7.5565393095492e-05,6.96810569019826e-05,"s__Lachnospira_sp_NSJ_43"
"fixed",NA,"ResponseResponder:Days2",-8.57697907887056e-07,8.82437972413876e-07,-0.971963962000473,75.276631400363,0.334181366020613,-2.61549861380335e-06,9.00102798029241e-07,"s__Anaerotruncus_rubiinfantis"
"fixed",NA,"ResponseResponder:Days2",4.26047524029716e-07,9.60591796837128e-07,0.443526090304469,46.4170628335285,0.659445829207491,-1.50705475606573e-06,2.35914980412516e-06,"s__GGB58158_SGB79798"
"fixed",NA,"ResponseResponder:Days2",-1.65170473998674e-05,2.37129350938245e-05,-0.696541669536676,41.0135288510315,0.490018773732373,-6.44058116161534e-05,3.13717168164187e-05,"s__GGB3167_SGB4181"
"fixed",NA,"ResponseResponder:Days2",-3.48211977757092e-06,4.0989451121119e-06,-0.849516078486066,46.320863354382,0.399963635876651,-1.17313263348954e-05,4.76708677975357e-06,"s__GGB33586_SGB53517"
"fixed",NA,"ResponseResponder:Days2",6.28769083572628e-10,3.00311446680332e-07,0.00209372333463508,66.4104162156536,0.998335728385295,-5.98893224052148e-07,6.00150762219293e-07,"s__Anaerofilum_hominis"
"fixed",NA,"ResponseResponder:Days2",-0.000106629855799613,0.000232472241707688,-0.458677797470936,80.4778003106322,0.647701895083643,-0.000569222198400931,0.000355962486801704,"k__Archaea"
"fixed",NA,"ResponseResponder:Days2",-7.74491629881388e-06,6.85091770923195e-06,-1.1304932605419,80.7954561214141,0.261613193398675,-2.13766167206533e-05,5.88678412302552e-06,"p__Elusimicrobia"
"fixed",NA,"ResponseResponder:Days2",-0.000143584157952039,0.000231097397101687,-0.621314474991079,80.8272912874862,0.536141110865729,-0.000603410382952866,0.000316242067048787,"p__Euryarchaeota"
"fixed",NA,"ResponseResponder:Days2",-2.1202215889889e-05,2.92499899393354e-05,-0.724862331025156,44.5915769630653,0.472323177977671,-8.01296164378309e-05,3.77251846580529e-05,"p__Tenericutes"
"fixed",NA,"ResponseResponder:Days2",-2.97749361243697e-06,3.44257642937396e-06,-0.86490268945995,58.0286623796916,0.390653700072006,-9.86848657238491e-06,3.91349934751097e-06,"p__Lentisphaerae"
"fixed",NA,"ResponseResponder:Days2",-0.000137480904548431,0.0001223312817158,-1.12384095564229,81.3788325789857,0.264384791633998,-0.000380864607284424,0.000105902798187563,"c__CFGB2831"
"fixed",NA,"ResponseResponder:Days2",9.30608646719009e-05,0.000158052096175663,0.588798674131288,63.5288970508465,0.558084156146848,-0.000222729594979927,0.000408851324323729,"c__CFGB1765"
"fixed",NA,"ResponseResponder:Days2",0.000105990345078267,7.39084885829673e-05,1.43407539662085,72.2242667546346,0.155866299156784,-4.13357184082105e-05,0.000253316408564744,"c__CFGB2875"
"fixed",NA,"ResponseResponder:Days2",-7.74491629881388e-06,6.85091770923195e-06,-1.1304932605419,80.7954561214141,0.261613193398675,-2.13766167206533e-05,5.88678412302552e-06,"c__Elusimicrobia"
"fixed",NA,"ResponseResponder:Days2",1.79971587674906e-05,1.60482150714221e-05,1.12144301951306,70.5971767060306,0.265899408915029,-1.40052376375564e-05,4.99995551725377e-05,"c__CFGB74971"
"fixed",NA,"ResponseResponder:Days2",-1.97217054291287e-08,5.55631602306398e-06,-0.00354942111774509,64.6122098682543,0.997178913888861,-1.1117713787247e-05,1.10782703763888e-05,"c__CFGB1249"
"fixed",NA,"ResponseResponder:Days2",-0.000143584157952039,0.000231097397101687,-0.621314474991079,80.8272912874862,0.536141110865729,-0.000603410382952866,0.000316242067048787,"c__Methanobacteria"
"fixed",NA,"ResponseResponder:Days2",-2.41637523354743e-05,3.10193241428632e-05,-0.778990290832427,44.8521525714959,0.440076255765622,-8.66455628340105e-05,3.83180581630619e-05,"c__CFGB1787"
"fixed",NA,"ResponseResponder:Days2",-4.40160510907306e-05,0.000115013163826437,-0.382704462918296,61.4023399135131,0.703260510887612,-0.000273968612597567,0.000185936510416106,"c__CFGB9119"
"fixed",NA,"ResponseResponder:Days2",-3.11475516172423e-06,3.1567948504976e-06,-0.986682793540814,61.6685840812485,0.327653704795938,-9.42577281477675e-06,3.19626249132829e-06,"c__Lentisphaeria"
"fixed",NA,"ResponseResponder:Days2",-8.58420996242085e-06,5.49771643579239e-05,-0.156141373653507,76.3984739931369,0.876333443083426,-0.000118071487298727,0.000100903067373886,"c__CFGB72899"
"fixed",NA,"ResponseResponder:Days2",1.56947433439643e-07,4.09529770688207e-06,0.038323815427605,82.0000000004634,0.969522652188185,-7.98990429185903e-06,8.30379915873831e-06,"c__CFGB2915"
"fixed",NA,"ResponseResponder:Days2",3.71430670827949e-05,9.95481309498542e-05,0.37311666957871,81.4014693378421,0.710031479810599,-0.000160911679963171,0.000235197814128761,"c__CFGB73062"
"fixed",NA,"ResponseResponder:Days2",2.22972495089189e-06,2.10461081348025e-06,1.05944763592882,63.6677739148877,0.293398797750422,-1.97514105492836e-06,6.43459095671214e-06,"c__CFGB3043"
"fixed",NA,"ResponseResponder:Days2",-6.71899090324488e-07,1.69817498200629e-06,-0.395659515329026,53.019603679789,0.693943852067904,-4.0779773611618e-06,2.73417918051282e-06,"c__CFGB12107"
"fixed",NA,"ResponseResponder:Days2",-1.17183147396122e-07,1.01050932672401e-06,-0.115964439216034,69.5465644803404,0.908014926247544,-2.13281149355648e-06,1.89844519876424e-06,"c__CFGB2165"
"fixed",NA,"ResponseResponder:Days2",-2.29242597997386e-06,1.35604107309996e-06,-1.69052842531775,40.5928700208854,0.0985930444104353,-5.03184087678387e-06,4.46988916836141e-07,"c__CFGB3047"
"fixed",NA,"ResponseResponder:Days2",-1.32636158375308e-05,1.42737809247974e-05,-0.929229326652221,49.7550878848581,0.357256708537322,-4.19368455644476e-05,1.5409613889386e-05,"c__CFGB2932"
"fixed",NA,"ResponseResponder:Days2",4.65705351122744e-08,2.63307251519863e-07,0.176867651169726,79.412673681384,0.860062660463202,-4.77487095037139e-07,5.70628165261688e-07,"c__CFGB2845"
"fixed",NA,"ResponseResponder:Days2",-3.52752343714801e-07,2.79396372765039e-06,-0.126255162235571,70.9189207646432,0.899887208834387,-5.92386816379084e-06,5.21836347636124e-06,"c__CFGB1226"
"fixed",NA,"ResponseResponder:Days2",3.20935497355257e-06,8.92054420121654e-06,0.359771209150546,64.1828845572825,0.720199339385263,-1.46105027984898e-05,2.10292127455949e-05,"c__CFGB667"
"fixed",NA,"ResponseResponder:Days2",4.64156792674359e-06,5.4033243505967e-06,0.85902078527472,53.084533372377,0.394191566467108,-6.19572539159179e-06,1.5478861245079e-05,"c__CFGB72939"
"fixed",NA,"ResponseResponder:Days2",-0.000137480904548431,0.0001223312817158,-1.12384095564229,81.3788325789857,0.264384791633998,-0.000380864607284424,0.000105902798187563,"o__OFGB2831"
"fixed",NA,"ResponseResponder:Days2",9.30608646719009e-05,0.000158052096175663,0.588798674131288,63.5288970508465,0.558084156146848,-0.000222729594979927,0.000408851324323729,"o__OFGB1765"
"fixed",NA,"ResponseResponder:Days2",0.000105990345078267,7.39084885829673e-05,1.43407539662085,72.2242667546346,0.155866299156784,-4.13357184082105e-05,0.000253316408564744,"o__OFGB2875"
"fixed",NA,"ResponseResponder:Days2",-7.74491629881388e-06,6.85091770923195e-06,-1.1304932605419,80.7954561214141,0.261613193398675,-2.13766167206533e-05,5.88678412302552e-06,"o__Elusimicrobiales"
"fixed",NA,"ResponseResponder:Days2",1.79971587674906e-05,1.60482150714221e-05,1.12144301951306,70.5971767060306,0.265899408915029,-1.40052376375564e-05,4.99995551725377e-05,"o__OFGB74971"
"fixed",NA,"ResponseResponder:Days2",-1.97217054291287e-08,5.55631602306398e-06,-0.00354942111774509,64.6122098682543,0.997178913888861,-1.1117713787247e-05,1.10782703763888e-05,"o__OFGB1249"
"fixed",NA,"ResponseResponder:Days2",-0.000143584157952039,0.000231097397101687,-0.621314474991079,80.8272912874862,0.536141110865729,-0.000603410382952866,0.000316242067048787,"o__Methanobacteriales"
"fixed",NA,"ResponseResponder:Days2",-2.41637523354743e-05,3.10193241428632e-05,-0.778990290832427,44.8521525714959,0.440076255765622,-8.66455628340105e-05,3.83180581630619e-05,"o__OFGB1787"
"fixed",NA,"ResponseResponder:Days2",-4.40160510907306e-05,0.000115013163826437,-0.382704462918296,61.4023399135131,0.703260510887612,-0.000273968612597567,0.000185936510416106,"o__OFGB9119"
"fixed",NA,"ResponseResponder:Days2",-3.11475516172423e-06,3.1567948504976e-06,-0.986682793540814,61.6685840812485,0.327653704795938,-9.42577281477675e-06,3.19626249132829e-06,"o__Victivallales"
"fixed",NA,"ResponseResponder:Days2",-8.58420996242085e-06,5.49771643579239e-05,-0.156141373653507,76.3984739931369,0.876333443083426,-0.000118071487298727,0.000100903067373886,"o__OFGB72899"
"fixed",NA,"ResponseResponder:Days2",1.56947433439643e-07,4.09529770688207e-06,0.038323815427605,82.0000000004634,0.969522652188185,-7.98990429185903e-06,8.30379915873831e-06,"o__OFGB2915"
"fixed",NA,"ResponseResponder:Days2",3.71430670827949e-05,9.95481309498542e-05,0.37311666957871,81.4014693378421,0.710031479810599,-0.000160911679963171,0.000235197814128761,"o__OFGB73062"
"fixed",NA,"ResponseResponder:Days2",2.22972495089189e-06,2.10461081348025e-06,1.05944763592882,63.6677739148877,0.293398797750422,-1.97514105492836e-06,6.43459095671214e-06,"o__OFGB3043"
"fixed",NA,"ResponseResponder:Days2",-6.71899090324488e-07,1.69817498200629e-06,-0.395659515329026,53.019603679789,0.693943852067904,-4.0779773611618e-06,2.73417918051282e-06,"o__OFGB12107"
"fixed",NA,"ResponseResponder:Days2",-1.17183147396122e-07,1.01050932672401e-06,-0.115964439216034,69.5465644803404,0.908014926247544,-2.13281149355648e-06,1.89844519876424e-06,"o__OFGB2165"
"fixed",NA,"ResponseResponder:Days2",-2.29242597997386e-06,1.35604107309996e-06,-1.69052842531775,40.5928700208854,0.0985930444104353,-5.03184087678387e-06,4.46988916836141e-07,"o__OFGB3047"
"fixed",NA,"ResponseResponder:Days2",-1.32636158375308e-05,1.42737809247974e-05,-0.929229326652221,49.7550878848581,0.357256708537322,-4.19368455644476e-05,1.5409613889386e-05,"o__OFGB2932"
"fixed",NA,"ResponseResponder:Days2",4.65705351122744e-08,2.63307251519863e-07,0.176867651169726,79.412673681384,0.860062660463202,-4.77487095037139e-07,5.70628165261688e-07,"o__OFGB2845"
"fixed",NA,"ResponseResponder:Days2",-3.52752343714801e-07,2.79396372765039e-06,-0.126255162235571,70.9189207646432,0.899887208834387,-5.92386816379084e-06,5.21836347636124e-06,"o__OFGB1226"
"fixed",NA,"ResponseResponder:Days2",3.20935497355257e-06,8.92054420121654e-06,0.359771209150546,64.1828845572825,0.720199339385263,-1.46105027984898e-05,2.10292127455949e-05,"o__OFGB667"
"fixed",NA,"ResponseResponder:Days2",4.64156792674359e-06,5.4033243505967e-06,0.85902078527472,53.084533372377,0.394191566467108,-6.19572539159179e-06,1.5478861245079e-05,"o__OFGB72939"
"fixed",NA,"ResponseResponder:Days2",-0.000137480904548431,0.0001223312817158,-1.12384095564229,81.3788325789857,0.264384791633998,-0.000380864607284424,0.000105902798187563,"f__FGB2831"
"fixed",NA,"ResponseResponder:Days2",0.000538755495926991,0.00104708788262823,0.514527486054652,80.3345680288643,0.608295925835861,-0.0015448825818882,0.00262239357374218,"f__Muribaculaceae"
"fixed",NA,"ResponseResponder:Days2",9.30608646719009e-05,0.000158052096175663,0.588798674131288,63.5288970508465,0.558084156146848,-0.000222729594979927,0.000408851324323729,"f__FGB1765"
"fixed",NA,"ResponseResponder:Days2",0.000105990345078267,7.39084885829673e-05,1.43407539662085,72.2242667546346,0.155866299156784,-4.13357184082105e-05,0.000253316408564744,"f__FGB2875"
"fixed",NA,"ResponseResponder:Days2",-7.74491629881388e-06,6.85091770923195e-06,-1.1304932605419,80.7954561214141,0.261613193398675,-2.13766167206533e-05,5.88678412302552e-06,"f__Elusimicrobiaceae"
"fixed",NA,"ResponseResponder:Days2",1.79971587674906e-05,1.60482150714221e-05,1.12144301951306,70.5971767060306,0.265899408915029,-1.40052376375564e-05,4.99995551725377e-05,"f__FGB74971"
"fixed",NA,"ResponseResponder:Days2",-1.97217054291287e-08,5.55631602306398e-06,-0.00354942111774509,64.6122098682543,0.997178913888861,-1.1117713787247e-05,1.10782703763888e-05,"f__FGB1249"
"fixed",NA,"ResponseResponder:Days2",-0.000143584157952039,0.000231097397101687,-0.621314474991079,80.8272912874862,0.536141110865729,-0.000603410382952866,0.000316242067048787,"f__Methanobacteriaceae"
"fixed",NA,"ResponseResponder:Days2",-2.41637523354743e-05,3.10193241428632e-05,-0.778990290832427,44.8521525714959,0.440076255765622,-8.66455628340105e-05,3.83180581630619e-05,"f__FGB1787"
"fixed",NA,"ResponseResponder:Days2",-4.40160510907306e-05,0.000115013163826437,-0.382704462918296,61.4023399135131,0.703260510887612,-0.000273968612597567,0.000185936510416106,"f__FGB9119"
"fixed",NA,"ResponseResponder:Days2",-3.11475516172423e-06,3.1567948504976e-06,-0.986682793540814,61.6685840812485,0.327653704795938,-9.42577281477675e-06,3.19626249132829e-06,"f__Victivallaceae"
"fixed",NA,"ResponseResponder:Days2",-8.58420996242085e-06,5.49771643579239e-05,-0.156141373653507,76.3984739931369,0.876333443083426,-0.000118071487298727,0.000100903067373886,"f__FGB72899"
"fixed",NA,"ResponseResponder:Days2",1.56947433439643e-07,4.09529770688207e-06,0.038323815427605,82.0000000004634,0.969522652188185,-7.98990429185903e-06,8.30379915873831e-06,"f__FGB2915"
"fixed",NA,"ResponseResponder:Days2",3.71430670827949e-05,9.95481309498542e-05,0.37311666957871,81.4014693378421,0.710031479810599,-0.000160911679963171,0.000235197814128761,"f__FGB73062"
"fixed",NA,"ResponseResponder:Days2",2.22972495089189e-06,2.10461081348025e-06,1.05944763592882,63.6677739148877,0.293398797750422,-1.97514105492836e-06,6.43459095671214e-06,"f__FGB3043"
"fixed",NA,"ResponseResponder:Days2",-6.71899090324488e-07,1.69817498200629e-06,-0.395659515329026,53.019603679789,0.693943852067904,-4.0779773611618e-06,2.73417918051282e-06,"f__FGB12107"
"fixed",NA,"ResponseResponder:Days2",-1.17183147396122e-07,1.01050932672401e-06,-0.115964439216034,69.5465644803404,0.908014926247544,-2.13281149355648e-06,1.89844519876424e-06,"f__FGB2165"
"fixed",NA,"ResponseResponder:Days2",-2.29242597997386e-06,1.35604107309996e-06,-1.69052842531775,40.5928700208854,0.0985930444104353,-5.03184087678387e-06,4.46988916836141e-07,"f__FGB3047"
"fixed",NA,"ResponseResponder:Days2",-1.32636158375308e-05,1.42737809247974e-05,-0.929229326652221,49.7550878848581,0.357256708537322,-4.19368455644476e-05,1.5409613889386e-05,"f__FGB2932"
"fixed",NA,"ResponseResponder:Days2",4.65705351122744e-08,2.63307251519863e-07,0.176867651169726,79.412673681384,0.860062660463202,-4.77487095037139e-07,5.70628165261688e-07,"f__FGB2845"
"fixed",NA,"ResponseResponder:Days2",-3.52752343714801e-07,2.79396372765039e-06,-0.126255162235571,70.9189207646432,0.899887208834387,-5.92386816379084e-06,5.21836347636124e-06,"f__FGB1226"
"fixed",NA,"ResponseResponder:Days2",3.20935497355257e-06,8.92054420121654e-06,0.359771209150546,64.1828845572825,0.720199339385263,-1.46105027984898e-05,2.10292127455949e-05,"f__FGB667"
"fixed",NA,"ResponseResponder:Days2",4.64156792674359e-06,5.4033243505967e-06,0.85902078527472,53.084533372377,0.394191566467108,-6.19572539159179e-06,1.5478861245079e-05,"f__FGB72939"
"fixed",NA,"ResponseResponder:Days2",-0.000137480904548431,0.0001223312817158,-1.12384095564229,81.3788325789857,0.264384791633998,-0.000380864607284424,0.000105902798187563,"g__GGB9049"
"fixed",NA,"ResponseResponder:Days2",7.03370546308282e-05,0.000137480915755379,0.511613224601876,64.3168704123256,0.610673838992928,-0.000204286590179735,0.000344960699441391,"g__Rikenellaceae_unclassified"
"fixed",NA,"ResponseResponder:Days2",-1.85045873237073e-05,1.62382845089161e-05,-1.13956540874418,79.4226478221701,0.257892608879536,-5.08234099890261e-05,1.38142353416115e-05,"g__GGB1425"
"fixed",NA,"ResponseResponder:Days2",-1.751324054389e-05,1.55833798867307e-05,-1.12384095563265,81.3788314274845,0.264384791684668,-4.85170904634482e-05,1.34906093756682e-05,"g__GGB4581"
"fixed",NA,"ResponseResponder:Days2",-8.54712515323839e-06,9.29585148753452e-06,-0.919455863155715,65.7305184274433,0.361219165203967,-2.71083118460926e-05,1.00140615396158e-05,"g__GGB1512"
"fixed",NA,"ResponseResponder:Days2",0.000105990345078267,7.39084885829673e-05,1.43407539662085,72.2242667546346,0.155866299156784,-4.13357184082105e-05,0.000253316408564744,"g__GGB9176"
"fixed",NA,"ResponseResponder:Days2",-7.25327689438615e-06,6.70368179539035e-06,-1.0819840672291,69.4749021828312,0.283000859788869,-2.06251254842491e-05,6.1185716954768e-06,"g__GGB24147"
"fixed",NA,"ResponseResponder:Days2",-7.74491629881388e-06,6.85091770923195e-06,-1.1304932605419,80.7954561214141,0.261613193398675,-2.13766167206533e-05,5.88678412302552e-06,"g__GGB12693"
"fixed",NA,"ResponseResponder:Days2",-5.8041724592209e-06,5.16458528237052e-06,-1.12384095563948,81.3788316318324,0.264384791673513,-1.60793520511432e-05,4.4710071327014e-06,"g__GGB9333"
"fixed",NA,"ResponseResponder:Days2",1.88791394702939e-06,2.06922528220453e-05,0.0912377189311176,73.6355275414835,0.927551449766303,-3.9345690980025e-05,4.31215188740838e-05,"g__GGB9667"
"fixed",NA,"ResponseResponder:Days2",-1.06611377478896e-06,9.99509087240083e-06,-0.106663740069916,71.0296896453055,0.91535643716831,-2.09956145717373e-05,1.88633870221594e-05,"g__GGB9619"
"fixed",NA,"ResponseResponder:Days2",3.59148358605593e-06,8.04485522485117e-06,0.446432345353035,71.8280049295668,0.656628008357052,-1.24462983124746e-05,1.96292654845864e-05,"g__GGB9495"
"fixed",NA,"ResponseResponder:Days2",1.64104129772091e-05,3.99554670138576e-05,0.410717586444867,75.0196694017162,0.682450406781515,-6.31846168646597e-05,9.60054428190778e-05,"g__Pseudoruminococcus"
"fixed",NA,"ResponseResponder:Days2",-2.86891453565293e-06,3.92871531890692e-06,-0.730242408210717,64.5839223216121,0.467882696737198,-1.0716059220688e-05,4.97823014938218e-06,"g__GGB3033"
"fixed",NA,"ResponseResponder:Days2",-6.79988468341784e-07,7.39016412136221e-06,-0.092012634249379,69.5387416711634,0.926952561314981,-1.54209250911013e-05,1.40609481544178e-05,"g__Marvinbryantia"
"fixed",NA,"ResponseResponder:Days2",-0.000144272904917758,0.000231080455044641,-0.624340578219334,80.8297642070713,0.534162230313034,-0.00060406520573984,0.000315519395904324,"g__Methanobrevibacter"
"fixed",NA,"ResponseResponder:Days2",4.30290561139406e-05,8.54285012395626e-05,0.503685017173326,80.26610399629,0.61586236359145,-0.000126970427274384,0.000213028539502265,"g__Muribaculum"
"fixed",NA,"ResponseResponder:Days2",-2.28781360490232e-05,3.09484917630842e-05,-0.739232665170217,44.8370274966495,0.463618414660629,-8.52178522156594e-05,3.94615801176129e-05,"g__GGB4745"
"fixed",NA,"ResponseResponder:Days2",-4.46242056344453e-05,0.000115045448850079,-0.387883276396244,61.4142785623511,0.699443616844601,-0.000274640418207875,0.000185392006938984,"g__GGB4729"
"fixed",NA,"ResponseResponder:Days2",5.62310667172047e-06,5.61944149521712e-06,1.00065223145511,44.7640897053265,0.322373625673837,-5.69667602581149e-06,1.69428893692524e-05,"g__GGB33544"
"fixed",NA,"ResponseResponder:Days2",-3.75429908679125e-06,3.12902471339802e-06,-1.19983043621097,63.4396904005959,0.234666936329976,-1.00063080058076e-05,2.4977098322251e-06,"g__Victivallis"
"fixed",NA,"ResponseResponder:Days2",-8.58420996242085e-06,5.49771643579239e-05,-0.156141373653507,76.3984739931369,0.876333443083426,-0.000118071487298727,0.000100903067373886,"g__GGB4613"
"fixed",NA,"ResponseResponder:Days2",-2.03570917786525e-07,3.00481785258085e-06,-0.0677481723598243,70.8237391318751,0.946177002240252,-6.19526595618856e-06,5.78812412061551e-06,"g__GGB1332"
"fixed",NA,"ResponseResponder:Days2",1.56947433439643e-07,4.09529770688207e-06,0.038323815427605,82.0000000004634,0.969522652188185,-7.98990429185903e-06,8.30379915873831e-06,"g__GGB36267"
"fixed",NA,"ResponseResponder:Days2",6.37020506145403e-07,3.57721391754887e-06,0.178077274892717,67.8713328495777,0.859192734889956,-6.50144376383375e-06,7.77548477612456e-06,"g__GGB9724"
"fixed",NA,"ResponseResponder:Days2",3.71430670827949e-05,9.95481309498542e-05,0.37311666957871,81.4014693378421,0.710031479810599,-0.000160911679963171,0.000235197814128761,"g__GGB9059"
"fixed",NA,"ResponseResponder:Days2",2.22972495089189e-06,2.10461081348025e-06,1.05944763592882,63.6677739148877,0.293398797750422,-1.97514105492836e-06,6.43459095671214e-06,"g__GGB9551"
"fixed",NA,"ResponseResponder:Days2",-4.23646084311008e-07,1.19151828194132e-06,-0.355551476407704,66.2650881041805,0.723305828324627,-2.80241147033768e-06,1.95511930171566e-06,"g__GGB9354"
"fixed",NA,"ResponseResponder:Days2",3.31484873015314e-07,3.40322986290291e-06,0.0974030219435612,75.1151912840867,0.922665778170383,-6.44792626132575e-06,7.11089600735638e-06,"g__Traorella"
"fixed",NA,"ResponseResponder:Days2",4.4908976046989e-06,1.07959334065382e-05,0.415980484094053,76.7061797234074,0.678585821374292,-1.70078664424976e-05,2.59896616518954e-05,"g__Limosilactobacillus"
"fixed",NA,"ResponseResponder:Days2",-2.57498116893818e-06,9.29423310441034e-06,-0.277051494191198,58.5993008944992,0.78271554897696,-2.11753598496817e-05,1.60253975118054e-05,"g__GGB3478"
"fixed",NA,"ResponseResponder:Days2",-9.43110311380781e-07,1.04704672992694e-06,-0.900733734631489,81.9999999981774,0.370367759900767,-3.0260198014143e-06,1.13979917865274e-06,"g__GGB9062"
"fixed",NA,"ResponseResponder:Days2",-1.17183147396122e-07,1.01050932672401e-06,-0.115964439216034,69.5465644803404,0.908014926247544,-2.13281149355648e-06,1.89844519876424e-06,"g__GGB6133"
"fixed",NA,"ResponseResponder:Days2",-2.29242597997386e-06,1.35604107309996e-06,-1.69052842531775,40.5928700208854,0.0985930444104353,-5.03184087678387e-06,4.46988916836141e-07,"g__GGB52130"
"fixed",NA,"ResponseResponder:Days2",6.3274572191663e-05,5.30847131987285e-05,1.19195467732467,58.5500323119819,0.238087931489103,-4.29647767368232e-05,0.000169513921120149,"g__GGB9694"
"fixed",NA,"ResponseResponder:Days2",-1.45460884784664e-06,5.63874299719785e-06,-0.257966863992472,43.2439846296723,0.797656228885816,-1.28243627462486e-05,9.91514505055526e-06,"g__Turicimonas"
"fixed",NA,"ResponseResponder:Days2",-8.09108428732385e-06,1.84389196923763e-05,-0.438804681744407,72.127662682562,0.662114719391483,-4.48472874193909e-05,2.86651188447432e-05,"g__Eubacteriaceae_unclassified"
"fixed",NA,"ResponseResponder:Days2",-6.65733010367786e-07,1.62630290872015e-06,-0.40935363688902,75.3961663006272,0.683440771784188,-3.90521553673403e-06,2.57374951599846e-06,"g__GGB3475"
"fixed",NA,"ResponseResponder:Days2",-1.32636158375308e-05,1.42737809247974e-05,-0.929229326652221,49.7550878848581,0.357256708537322,-4.19368455644476e-05,1.5409613889386e-05,"g__GGB9261"
"fixed",NA,"ResponseResponder:Days2",-1.76929948429372e-07,1.9894980588892e-07,-0.889319532828083,80.1214210632825,0.376493759822248,-5.72843468977483e-07,2.18983572118738e-07,"g__GGB9115"
"fixed",NA,"ResponseResponder:Days2",3.14571021832698e-07,1.46673300480956e-06,0.214470541537682,80.4949749840686,0.830722529152549,-2.60404516510471e-06,3.2331872087701e-06,"g__GGB2996"
"fixed",NA,"ResponseResponder:Days2",3.20935497355257e-06,8.92054420121654e-06,0.359771209150546,64.1828845572825,0.720199339385263,-1.46105027984898e-05,2.10292127455949e-05,"g__GGB1661"
"fixed",NA,"ResponseResponder:Days2",4.64156792674359e-06,5.4033243505967e-06,0.85902078527472,53.084533372377,0.394191566467108,-6.19572539159179e-06,1.5478861245079e-05,"g__GGB74511"
"fixed",NA,"ResponseResponder:Days2",-0.000137480904548431,0.0001223312817158,-1.12384095564229,81.3788325789857,0.264384791633998,-0.000380864607284424,0.000105902798187563,"s__GGB9049_SGB13954"
"fixed",NA,"ResponseResponder:Days2",-8.71981588069399e-05,8.35716791994545e-05,-1.04339364294488,68.0503096445339,0.300458525306766,-0.000253960615835007,7.95642982211272e-05,"s__Bacteroides_rodentium"
"fixed",NA,"ResponseResponder:Days2",-7.31665101193582e-05,5.57698382157633e-05,-1.31193692612645,63.7550254581836,0.19424576881271,-0.000184587815117416,3.82547948786996e-05,"s__Roseburia_sp_AF02_12"
"fixed",NA,"ResponseResponder:Days2",7.03370546308282e-05,0.000137480915755379,0.511613224601876,64.3168704123256,0.610673838992928,-0.000204286590179735,0.000344960699441391,"s__Rikenellaceae_bacterium"
"fixed",NA,"ResponseResponder:Days2",-1.85045873237073e-05,1.62382845089161e-05,-1.13956540874418,79.4226478221701,0.257892608879536,-5.08234099890261e-05,1.38142353416115e-05,"s__GGB1425_SGB1964"
"fixed",NA,"ResponseResponder:Days2",-1.751324054389e-05,1.55833798867307e-05,-1.12384095563265,81.3788314274845,0.264384791684668,-4.85170904634482e-05,1.34906093756682e-05,"s__GGB4581_SGB6331"
"fixed",NA,"ResponseResponder:Days2",-8.54712515323839e-06,9.29585148753452e-06,-0.919455863155715,65.7305184274433,0.361219165203967,-2.71083118460926e-05,1.00140615396158e-05,"s__GGB1512_SGB2092"
"fixed",NA,"ResponseResponder:Days2",0.000105990345078267,7.39084885829673e-05,1.43407539662085,72.2242667546346,0.155866299156784,-4.13357184082105e-05,0.000253316408564744,"s__GGB9176_SGB14114"
"fixed",NA,"ResponseResponder:Days2",-7.25327689438615e-06,6.70368179539035e-06,-1.0819840672291,69.4749021828312,0.283000859788869,-2.06251254842491e-05,6.1185716954768e-06,"s__GGB24147_SGB35951"
"fixed",NA,"ResponseResponder:Days2",-7.74491629881388e-06,6.85091770923195e-06,-1.1304932605419,80.7954561214141,0.261613193398675,-2.13766167206533e-05,5.88678412302552e-06,"s__GGB12693_SGB19690"
"fixed",NA,"ResponseResponder:Days2",-5.8041724592209e-06,5.16458528237052e-06,-1.12384095563948,81.3788316318324,0.264384791673513,-1.60793520511432e-05,4.4710071327014e-06,"s__GGB9333_SGB14296"
"fixed",NA,"ResponseResponder:Days2",1.88791394702939e-06,2.06922528220453e-05,0.0912377189311176,73.6355275414835,0.927551449766303,-3.9345690980025e-05,4.31215188740838e-05,"s__GGB9667_SGB15164"
"fixed",NA,"ResponseResponder:Days2",-1.17348188606688e-06,9.46028826095139e-06,-0.124042931219187,69.3506088068556,0.901640111351983,-2.00445385472741e-05,1.76975747751404e-05,"s__GGB9619_SGB15066"
"fixed",NA,"ResponseResponder:Days2",3.59148358605593e-06,8.04485522485117e-06,0.446432345353035,71.8280049295668,0.656628008357052,-1.24462983124746e-05,1.96292654845864e-05,"s__GGB9495_SGB14892"
"fixed",NA,"ResponseResponder:Days2",1.64104129772091e-05,3.99554670138576e-05,0.410717586444867,75.0196694017162,0.682450406781515,-6.31846168646597e-05,9.60054428190778e-05,"s__Pseudoruminococcus_massiliensis"
"fixed",NA,"ResponseResponder:Days2",4.42231173259344e-07,4.4952238205255e-06,0.0983780098423769,63.0760906963152,0.92194410399202,-8.54054476527045e-06,9.42500711178913e-06,"s__Parabacteroides_goldsteinii"
"fixed",NA,"ResponseResponder:Days2",-2.85448277167178e-06,3.9309554578804e-06,-0.726154951959424,64.5610066003202,0.470368240121846,-1.07061550494178e-05,4.99718950607422e-06,"s__GGB3033_SGB4029"
"fixed",NA,"ResponseResponder:Days2",-6.79988468341784e-07,7.39016412136221e-06,-0.092012634249379,69.5387416711634,0.926952561314981,-1.54209250911013e-05,1.40609481544178e-05,"s__Marvinbryantia_SGB4691"
"fixed",NA,"ResponseResponder:Days2",-0.000144272904917758,0.000231080455044641,-0.624340578219334,80.8297642070713,0.534162230313034,-0.00060406520573984,0.000315519395904324,"s__Methanobrevibacter_smithii"
"fixed",NA,"ResponseResponder:Days2",-1.34892753360214e-05,2.02918315957535e-05,-0.664763812589709,43.1961177454378,0.509735177054935,-5.44062815372621e-05,2.74277308652193e-05,"s__Ruminococcus_lactaris"
"fixed",NA,"ResponseResponder:Days2",2.61016391869756e-05,5.31885435689445e-05,0.490737994228811,79.743003029743,0.624959516491816,-7.97521729310917e-05,0.000131955451305043,"s__Muribaculum_gordoncarteri"
"fixed",NA,"ResponseResponder:Days2",-2.28781360490232e-05,3.09484917630842e-05,-0.739232665170217,44.8370274966495,0.463618414660629,-8.52178522156594e-05,3.94615801176129e-05,"s__GGB4745_SGB6571"
"fixed",NA,"ResponseResponder:Days2",-4.46242056344453e-05,0.000115045448850079,-0.387883276396244,61.4142785623511,0.699443616844601,-0.000274640418207875,0.000185392006938984,"s__GGB4729_SGB6550"
"fixed",NA,"ResponseResponder:Days2",5.62310667172047e-06,5.61944149521712e-06,1.00065223145511,44.7640897053265,0.322373625673837,-5.69667602581149e-06,1.69428893692524e-05,"s__GGB33544_SGB53490"
"fixed",NA,"ResponseResponder:Days2",-4.4783137783796e-06,2.67527023528234e-06,-1.67396688353877,60.486917843803,0.0993011445778294,-9.82876511992825e-06,8.72137563169048e-07,"s__Victivallis_lenta"
"fixed",NA,"ResponseResponder:Days2",-8.58420996242085e-06,5.49771643579239e-05,-0.156141373653507,76.3984739931369,0.876333443083426,-0.000118071487298727,0.000100903067373886,"s__GGB4613_SGB6388"
"fixed",NA,"ResponseResponder:Days2",-2.03570917786525e-07,3.00481785258085e-06,-0.0677481723598243,70.8237391318751,0.946177002240252,-6.19526595618856e-06,5.78812412061551e-06,"s__GGB1332_SGB1789"
"fixed",NA,"ResponseResponder:Days2",1.56947433439643e-07,4.09529770688207e-06,0.038323815427605,82.0000000004634,0.969522652188185,-7.98990429185903e-06,8.30379915873831e-06,"s__GGB36267_SGB14177"
"fixed",NA,"ResponseResponder:Days2",6.37020506145403e-07,3.57721391754887e-06,0.178077274892717,67.8713328495777,0.859192734889956,-6.50144376383375e-06,7.77548477612456e-06,"s__GGB9724_SGB15278"
"fixed",NA,"ResponseResponder:Days2",-1.0687512460749e-06,6.10994164380537e-06,-0.174920041529115,71.7506725426636,0.861635127301251,-1.32494204507268e-05,1.1111917958577e-05,"s__Clostridiaceae_bacterium_AF18_31LB"
"fixed",NA,"ResponseResponder:Days2",3.71430670827949e-05,9.95481309498542e-05,0.37311666957871,81.4014693378421,0.710031479810599,-0.000160911679963171,0.000235197814128761,"s__GGB9059_SGB13976"
"fixed",NA,"ResponseResponder:Days2",-8.02876915023366e-06,7.23346088914341e-06,-1.10994851196112,43.0478714102909,0.273183133673085,-2.26159641853484e-05,6.55842588488109e-06,"s__Alistipes_ihumii"
"fixed",NA,"ResponseResponder:Days2",2.22972495089189e-06,2.10461081348025e-06,1.05944763592882,63.6677739148877,0.293398797750422,-1.97514105492836e-06,6.43459095671214e-06,"s__GGB9551_SGB14958"
"fixed",NA,"ResponseResponder:Days2",-4.23646084311008e-07,1.19151828194132e-06,-0.355551476407704,66.2650881041805,0.723305828324627,-2.80241147033768e-06,1.95511930171566e-06,"s__GGB9354_SGB14327"
"fixed",NA,"ResponseResponder:Days2",3.31484873015314e-07,3.40322986290291e-06,0.0974030219435612,75.1151912840867,0.922665778170383,-6.44792626132575e-06,7.11089600735638e-06,"s__Traorella_massiliensis"
"fixed",NA,"ResponseResponder:Days2",-7.8770931695905e-07,1.80470609645381e-06,-0.436475123848075,41.5099135967483,0.664753994778803,-4.43102802313386e-06,2.85560938921576e-06,"s__Limosilactobacillus_fermentum"
"fixed",NA,"ResponseResponder:Days2",-2.53107516146875e-06,2.02322546654348e-05,-0.1251009936027,46.8379732864213,0.900979004745371,-4.32368386391624e-05,3.81746883162249e-05,"s__Clostridium_sp_AM49_4BH"
"fixed",NA,"ResponseResponder:Days2",-2.57498116893818e-06,9.29423310441034e-06,-0.277051494191198,58.5993008944992,0.78271554897696,-2.11753598496817e-05,1.60253975118054e-05,"s__GGB3478_SGB4643"
"fixed",NA,"ResponseResponder:Days2",2.62724152269622e-07,1.37816962407669e-06,0.190632667909536,47.4652933060468,0.849626426860719,-2.50907825633355e-06,3.03452656087279e-06,"s__Butyricimonas_synergistica"
"fixed",NA,"ResponseResponder:Days2",-9.43110311380781e-07,1.04704672992694e-06,-0.900733734631489,81.9999999981774,0.370367759900767,-3.0260198014143e-06,1.13979917865274e-06,"s__GGB9062_SGB13981"
"fixed",NA,"ResponseResponder:Days2",-2.11785530282417e-07,7.03589250165532e-07,-0.301007342327346,67.7903875959483,0.764330211960137,-1.61585463017062e-06,1.19228356960579e-06,"s__Roseburia_lenta"
"fixed",NA,"ResponseResponder:Days2",-4.36802921277889e-05,4.50987549674798e-05,-0.968547627518459,49.1605817136567,0.33751205718824,-0.000134302145809153,4.69415615535749e-05,"s__Bacteroides_intestinalis"
"fixed",NA,"ResponseResponder:Days2",-1.17183147396122e-07,1.01050932672401e-06,-0.115964439216034,69.5465644803404,0.908014926247544,-2.13281149355648e-06,1.89844519876424e-06,"s__GGB6133_SGB8780"
"fixed",NA,"ResponseResponder:Days2",-2.29242597997386e-06,1.35604107309996e-06,-1.69052842531775,40.5928700208854,0.0985930444104353,-5.03184087678387e-06,4.46988916836141e-07,"s__GGB52130_SGB14966"
"fixed",NA,"ResponseResponder:Days2",-4.62643578977954e-07,4.45604866939817e-07,-1.03823726647142,44.8966368291868,0.304719075528238,-1.36019488497347e-06,4.34907727017562e-07,"s__Alistipes_timonensis"
"fixed",NA,"ResponseResponder:Days2",6.3274572191663e-05,5.30847131987285e-05,1.19195467732467,58.5500323119819,0.238087931489103,-4.29647767368232e-05,0.000169513921120149,"s__GGB9694_SGB15204"
"fixed",NA,"ResponseResponder:Days2",-5.95387828440167e-08,3.80194782008514e-07,-0.156600736415902,50.3504697256204,0.876185764897179,-8.23050799091509e-07,7.03973233403476e-07,"s__Slackia_piriformis"
"fixed",NA,"ResponseResponder:Days2",-1.45460884784664e-06,5.63874299719785e-06,-0.257966863992472,43.2439846296723,0.797656228885816,-1.28243627462486e-05,9.91514505055526e-06,"s__Turicimonas_muris"
"fixed",NA,"ResponseResponder:Days2",-1.67551213177467e-06,1.33516514469791e-06,-1.25491002999016,76.0102107286795,0.213356175268288,-4.33471820289181e-06,9.83693939342463e-07,"s__Eubacteriaceae_bacterium"
"fixed",NA,"ResponseResponder:Days2",-6.65733010367786e-07,1.62630290872015e-06,-0.40935363688902,75.3961663006272,0.683440771784188,-3.90521553673403e-06,2.57374951599846e-06,"s__GGB3475_SGB4638"
"fixed",NA,"ResponseResponder:Days2",2.15660837095074e-06,1.50913085847188e-06,1.42904000593725,63.3204636013794,0.157907642621533,-8.58850338383971e-07,5.17206708028545e-06,"s__GGB3057_SGB4059"
"fixed",NA,"ResponseResponder:Days2",5.86298501315377e-08,7.54915809130956e-07,0.0776640910448427,74.4242682428476,0.938303680471232,-1.44543026794671e-06,1.56268996820979e-06,"s__Pseudoflavonifractor_sp_AF19_9AC"
"fixed",NA,"ResponseResponder:Days2",-1.32636158375308e-05,1.42737809247974e-05,-0.929229326652221,49.7550878848581,0.357256708537322,-4.19368455644476e-05,1.5409613889386e-05,"s__GGB9261_SGB14209"
"fixed",NA,"ResponseResponder:Days2",1.13812413824582e-06,1.5525617004203e-06,0.73306209855474,63.5480706496673,0.466216156701728,-1.96389927317306e-06,4.2401475496647e-06,"s__Lachnospiraceae_bacterium_OM04_12BH"
"fixed",NA,"ResponseResponder:Days2",4.94640962500786e-07,1.18988032938982e-06,0.41570647928472,67.1052037207623,0.678951174648521,-1.8803016739841e-06,2.86958359898567e-06,"s__Roseburia_sp_BX1005"
"fixed",NA,"ResponseResponder:Days2",-1.76929948429372e-07,1.9894980588892e-07,-0.889319532828083,80.1214210632825,0.376493759822248,-5.72843468977483e-07,2.18983572118738e-07,"s__GGB9115_SGB14048"
"fixed",NA,"ResponseResponder:Days2",1.20170467153707e-07,4.57199511791761e-07,0.262840322560189,78.6858518055539,0.79336064188918,-7.89918892996941e-07,1.03025982730436e-06,"s__Mediterraneibacter_massiliensis"
"fixed",NA,"ResponseResponder:Days2",3.14571021832698e-07,1.46673300480956e-06,0.214470541537682,80.4949749840686,0.830722529152549,-2.60404516510471e-06,3.2331872087701e-06,"s__GGB2996_SGB3983"
"fixed",NA,"ResponseResponder:Days2",3.20935497355257e-06,8.92054420121654e-06,0.359771209150546,64.1828845572825,0.720199339385263,-1.46105027984898e-05,2.10292127455949e-05,"s__GGB1661_SGB2275"
"fixed",NA,"ResponseResponder:Days2",9.77722247393113e-08,5.09904083377595e-07,0.191746306661578,79.6502702223009,0.84842891640265,-9.17037643923971e-07,1.11258209340259e-06,"s__GGB74511_SGB105989"
"fixed",NA,"ResponseResponder:Days2",1.28362157635678e-05,3.3170753992971e-05,0.386973891708578,47.071232214426,0.700519591044995,-5.3892068341691e-05,7.95644998688266e-05,"s__Collinsella_sp_AF08_23"
"fixed",NA,"ResponseResponder:Days2",8.04682846905944e-05,2.52725417233968e-05,3.1840202529411,45.9598000323107,0.0026073827228797,2.95960959146079e-05,0.000131340473466581,"p__Fusobacteria"
"fixed",NA,"ResponseResponder:Days2",8.04682846905944e-05,2.52725417233968e-05,3.1840202529411,45.9598000323107,0.0026073827228797,2.95960959146079e-05,0.000131340473466581,"c__Fusobacteriia"
"fixed",NA,"ResponseResponder:Days2",1.5815132090177e-07,1.58794168154424e-06,0.0995951694825286,62.8054754885644,0.920982952503599,-3.01528927723672e-06,3.33159191904026e-06,"c__CFGB1126"
"fixed",NA,"ResponseResponder:Days2",8.04682846905944e-05,2.52725417233968e-05,3.1840202529411,45.9598000323107,0.0026073827228797,2.95960959146079e-05,0.000131340473466581,"o__Fusobacteriales"
"fixed",NA,"ResponseResponder:Days2",1.5815132090177e-07,1.58794168154424e-06,0.0995951694825286,62.8054754885644,0.920982952503599,-3.01528927723672e-06,3.33159191904026e-06,"o__OFGB1126"
"fixed",NA,"ResponseResponder:Days2",8.04682846905944e-05,2.52725417233968e-05,3.1840202529411,45.9598000323107,0.0026073827228797,2.95960959146079e-05,0.000131340473466581,"f__Fusobacteriaceae"
"fixed",NA,"ResponseResponder:Days2",1.5815132090177e-07,1.58794168154424e-06,0.0995951694825286,62.8054754885644,0.920982952503599,-3.01528927723672e-06,3.33159191904026e-06,"f__FGB1126"
"fixed",NA,"ResponseResponder:Days2",-5.90365471142503e-05,3.17494913344281e-05,-1.85944859690502,72.5202574753101,0.0670199593231628,-0.000122320244914371,4.24715068587054e-06,"g__GGB3740"
"fixed",NA,"ResponseResponder:Days2",6.13530544290873e-05,9.13891305991997e-06,6.71338637612826,73.8912798271765,3.36699059598423e-09,4.3142927462744e-05,7.95631813954307e-05,"g__Fusobacterium"
"fixed",NA,"ResponseResponder:Days2",1.01901343816418e-06,2.24307872124796e-06,0.454292320867472,42.217052039831,0.651945640069253,-3.50701328422589e-06,5.54504016055425e-06,"g__Hungatella"
"fixed",NA,"ResponseResponder:Days2",-1.89413821354535e-05,1.42219608486987e-05,-1.33184040773017,39.936996935516,0.190464097800291,-4.7686449784911e-05,9.80368551400395e-06,"g__Veillonella"
"fixed",NA,"ResponseResponder:Days2",1.5815132090177e-07,1.58794168154424e-06,0.0995951694825286,62.8054754885644,0.920982952503599,-3.01528927723672e-06,3.33159191904026e-06,"g__GGB2848"
"fixed",NA,"ResponseResponder:Days2",1.98159657873492e-05,4.25876767092767e-05,0.465298117167138,41.8230553484901,0.644131790844927,-6.61402192830538e-05,0.000105772150857752,"s__Sutterella_wadsworthensis"
"fixed",NA,"ResponseResponder:Days2",-5.49904488812448e-05,3.13934047124545e-05,-1.75165610053849,73.396490634037,0.0840101724463633,-0.000117551720632747,7.57082287025778e-06,"s__GGB3740_SGB5076"
"fixed",NA,"ResponseResponder:Days2",6.27548500480077e-05,8.31858270701933e-06,7.54393533829438,73.0307773776883,1.00721821240596e-10,4.61760563284374e-05,7.9333643767578e-05,"s__Fusobacterium_SGB6028"
"fixed",NA,"ResponseResponder:Days2",5.79245475602273e-06,5.52662254878141e-06,1.04810030084286,42.9144961101621,0.300459597044752,-5.35368405005074e-06,1.69385935620962e-05,"s__Butyricimonas_faecihominis"
"fixed",NA,"ResponseResponder:Days2",-6.83026251678564e-06,3.70489921722834e-06,-1.8435757941873,40.352795078459,0.0725974766886394,-1.43161044307108e-05,6.55579397139467e-07,"s__Clostridium_SGB48024"
"fixed",NA,"ResponseResponder:Days2",2.80674429524262e-06,5.56168343029399e-06,0.504657327303913,42.1667658440935,0.616426794565834,-8.41587231868156e-06,1.40293609091668e-05,"s__Anaerotruncus_colihominis"
"fixed",NA,"ResponseResponder:Days2",7.54924412494963e-06,2.13765236043079e-06,3.53155838839402,44.2276543168608,0.000979492823664374,3.24171511742329e-06,1.1856773132476e-05,"s__Bacteroides_nordii"
"fixed",NA,"ResponseResponder:Days2",5.248587174443e-06,4.40400506608654e-06,1.19177591662195,56.5041885297538,0.238330753738502,-3.57195825076838e-06,1.40691325996544e-05,"s__Bifidobacterium_dentium"
"fixed",NA,"ResponseResponder:Days2",1.01901343816418e-06,2.24307872124796e-06,0.454292320867472,42.217052039831,0.651945640069253,-3.50701328422589e-06,5.54504016055425e-06,"s__Hungatella_hathewayi"
"fixed",NA,"ResponseResponder:Days2",-9.27932978589733e-06,9.36663951123685e-06,-0.990678649985966,42.4766049067741,0.327452601273057,-2.81756920071346e-05,9.61703243533992e-06,"s__Veillonella_parvula"
"fixed",NA,"ResponseResponder:Days2",1.5815132090177e-07,1.58794168154424e-06,0.0995951694825286,62.8054754885644,0.920982952503599,-3.01528927723672e-06,3.33159191904026e-06,"s__GGB2848_SGB3813"
"fixed",NA,"ResponseResponder:Days2",1.3418652493333e-06,1.72959135760474e-06,0.775827910698869,48.6305960580675,0.441607405409397,-2.13454666564191e-06,4.81827716430852e-06,"c__CFGB77566"
"fixed",NA,"ResponseResponder:Days2",1.3418652493333e-06,1.72959135760474e-06,0.775827910698869,48.6305960580675,0.441607405409397,-2.13454666564191e-06,4.81827716430852e-06,"o__OFGB77566"
"fixed",NA,"ResponseResponder:Days2",1.3418652493333e-06,1.72959135760474e-06,0.775827910698869,48.6305960580675,0.441607405409397,-2.13454666564191e-06,4.81827716430852e-06,"f__FGB77566"
"fixed",NA,"ResponseResponder:Days2",-7.68432020838438e-06,5.08724601651261e-06,-1.51050689969425,51.9240269711609,0.136976259500668,-1.7892981711984e-05,2.52434129521526e-06,"g__GGB9730"
"fixed",NA,"ResponseResponder:Days2",1.01030576465273e-05,2.01379916944621e-05,0.501691419870113,48.9316174566646,0.618134539349128,-3.03671823811779e-05,5.05732976742324e-05,"g__GGB4566"
"fixed",NA,"ResponseResponder:Days2",1.3418652493333e-06,1.72959135760474e-06,0.775827910698869,48.6305960580675,0.441607405409397,-2.13454666564191e-06,4.81827716430852e-06,"g__GGB51139"
"fixed",NA,"ResponseResponder:Days2",-3.34034767569164e-07,1.02377528734941e-06,-0.326277427963699,53.7807724053129,0.745480767709935,-2.38677227362233e-06,1.71870273848401e-06,"g__Drancourtella"
"fixed",NA,"ResponseResponder:Days2",-1.0196068070191e-06,2.04484218871998e-06,-0.498623714164145,81.9999999990855,0.619379417522478,-5.0874493194562e-06,3.04823570541801e-06,"g__Massilimicrobiota"
"fixed",NA,"ResponseResponder:Days2",-1.52069714664297e-08,2.37631883481743e-08,-0.639938178480919,73.1685016882982,0.524211611657942,-6.25651001676298e-08,3.21511572347705e-08,"g__Catenibacillus"
"fixed",NA,"ResponseResponder:Days2",-7.68432020838438e-06,5.08724601651261e-06,-1.51050689969425,51.9240269711609,0.136976259500668,-1.7892981711984e-05,2.52434129521526e-06,"s__GGB9730_SGB15291"
"fixed",NA,"ResponseResponder:Days2",1.01030576465273e-05,2.01379916944621e-05,0.501691419870113,48.9316174566646,0.618134539349128,-3.03671823811779e-05,5.05732976742324e-05,"s__GGB4566_SGB6305"
"fixed",NA,"ResponseResponder:Days2",1.3418652493333e-06,1.72959135760474e-06,0.775827910698869,48.6305960580675,0.441607405409397,-2.13454666564191e-06,4.81827716430852e-06,"s__GGB51139_SGB71360"
"fixed",NA,"ResponseResponder:Days2",-4.63176595698199e-06,1.51659267695948e-05,-0.305406061057075,43.5241061829979,0.761512790369891,-3.52061250199334e-05,2.59425931059694e-05,"s__Clostridiaceae_unclassified_SGB15090"
"fixed",NA,"ResponseResponder:Days2",1.66868658657893e-06,1.48912170691023e-06,1.1205844215657,41.903578793339,0.268846188422075,-1.33668756198439e-06,4.67406073514225e-06,"s__GGB36331_SGB15121"
"fixed",NA,"ResponseResponder:Days2",-3.34034767569164e-07,1.02377528734941e-06,-0.326277427963699,53.7807724053129,0.745480767709935,-2.38677227362233e-06,1.71870273848401e-06,"s__Drancourtella_massiliensis"
"fixed",NA,"ResponseResponder:Days2",-1.0196068070191e-06,2.04484218871998e-06,-0.498623714164145,81.9999999990855,0.619379417522478,-5.0874493194562e-06,3.04823570541801e-06,"s__Massilimicrobiota_timonensis"
"fixed",NA,"ResponseResponder:Days2",2.07753180878544e-06,1.95475601883599e-06,1.06280875401655,48.6528729654903,0.293115657418672,-1.85140653261889e-06,6.00647015018976e-06,"s__Enterocloster_citroniae"
"fixed",NA,"ResponseResponder:Days2",-1.52069714664297e-08,2.37631883481743e-08,-0.639938178480919,73.1685016882982,0.524211611657942,-6.25651001676298e-08,3.21511572347705e-08,"s__Catenibacillus_scindens"
"fixed",NA,"ResponseResponder:Days2",0.000196662156958732,0.000187297758674579,1.04999738571577,48.6360650523252,0.298908845404606,-0.000179798034436852,0.000573122348354317,"c__CFGB2404"
"fixed",NA,"ResponseResponder:Days2",-1.69148582442332e-05,2.61060708117848e-05,-0.647928153040844,49.0287169457793,0.520054263610666,-6.93761944511755e-05,3.5546477962709e-05,"c__CFGB628"
"fixed",NA,"ResponseResponder:Days2",-1.49282318618721e-06,2.57592931837451e-06,-0.579528007829509,40.0842018514848,0.565476092442979,-6.6986298948349e-06,3.71298352246049e-06,"c__CFGB77988"
"fixed",NA,"ResponseResponder:Days2",0.000196662156958732,0.000187297758674579,1.04999738571577,48.6360650523252,0.298908845404606,-0.000179798034436852,0.000573122348354317,"o__OFGB2404"
"fixed",NA,"ResponseResponder:Days2",-1.69148582442332e-05,2.61060708117848e-05,-0.647928153040844,49.0287169457793,0.520054263610666,-6.93761944511755e-05,3.5546477962709e-05,"o__OFGB628"
"fixed",NA,"ResponseResponder:Days2",-1.49282318618721e-06,2.57592931837451e-06,-0.579528007829509,40.0842018514848,0.565476092442979,-6.6986298948349e-06,3.71298352246049e-06,"o__OFGB77988"
"fixed",NA,"ResponseResponder:Days2",0.000196662156958732,0.000187297758674579,1.04999738571577,48.6360650523252,0.298908845404606,-0.000179798034436852,0.000573122348354317,"f__FGB2404"
"fixed",NA,"ResponseResponder:Days2",-1.69148582442332e-05,2.61060708117848e-05,-0.647928153040844,49.0287169457793,0.520054263610666,-6.93761944511755e-05,3.5546477962709e-05,"f__FGB628"
"fixed",NA,"ResponseResponder:Days2",-1.49282318618721e-06,2.57592931837451e-06,-0.579528007829509,40.0842018514848,0.565476092442979,-6.6986298948349e-06,3.71298352246049e-06,"f__FGB77988"
"fixed",NA,"ResponseResponder:Days2",0.000119425344243285,0.000257132868384486,0.46444993591683,46.8233859182477,0.644477841757512,-0.00039791077467301,0.00063676146315958,"g__GGB1153"
"fixed",NA,"ResponseResponder:Days2",6.08235322084207e-05,0.000153881936552988,0.395261026543401,46.9553944432806,0.694440269784368,-0.000248754756943857,0.000370401821360698,"g__GGB6612"
"fixed",NA,"ResponseResponder:Days2",-1.69148582442332e-05,2.61060708117848e-05,-0.647928153040844,49.0287169457793,0.520054263610666,-6.93761944511755e-05,3.5546477962709e-05,"g__GGB1492"
"fixed",NA,"ResponseResponder:Days2",4.30723220027086e-07,9.34078126539415e-07,0.461121192959346,48.956415978067,0.646753820352169,-1.4464193233424e-06,2.30786576339657e-06,"g__GGB79097"
"fixed",NA,"ResponseResponder:Days2",-7.32198322394439e-07,1.09138675430864e-06,-0.670888041754058,58.8570158031339,0.504916195938512,-2.9161691847269e-06,1.45177253993802e-06,"g__GGB47740"
"fixed",NA,"ResponseResponder:Days2",-3.44414599846522e-08,5.56020647687777e-08,-0.619427716000793,42.850799267985,0.538914370762178,-1.46585002132017e-07,7.77020821627131e-08,"g__GGB9355"
"fixed",NA,"ResponseResponder:Days2",0.000119425344243285,0.000257132868384486,0.46444993591683,46.8233859182477,0.644477841757512,-0.00039791077467301,0.00063676146315958,"s__GGB1153_SGB1481"
"fixed",NA,"ResponseResponder:Days2",6.08235322084207e-05,0.000153881936552988,0.395261026543401,46.9553944432806,0.694440269784368,-0.000248754756943857,0.000370401821360698,"s__GGB6612_SGB9346"
"fixed",NA,"ResponseResponder:Days2",-1.69148582442332e-05,2.61060708117848e-05,-0.647928153040844,49.0287169457793,0.520054263610666,-6.93761944511755e-05,3.5546477962709e-05,"s__GGB1492_SGB2067"
"fixed",NA,"ResponseResponder:Days2",1.06376149775867e-06,2.05934413765606e-06,0.516553536782559,79.5685740183263,0.606900585493512,-3.03480509434351e-06,5.16232808986084e-06,"s__Mediterraneibacter_SGB4586"
"fixed",NA,"ResponseResponder:Days2",-9.90797080558173e-06,1.48997393189068e-05,-0.664976117602886,62.3830973140878,0.508516732783072,-3.96884873819648e-05,1.98725457708013e-05,"s__GGB9480_SGB14873"
"fixed",NA,"ResponseResponder:Days2",-5.60867361100253e-06,1.20508162614915e-05,-0.46541856495855,37.6120030779192,0.644315462002146,-3.00125428121528e-05,1.87951955901478e-05,"s__Butyricimonas_paravirosa"
"fixed",NA,"ResponseResponder:Days2",4.30723220027086e-07,9.34078126539415e-07,0.461121192959346,48.956415978067,0.646753820352169,-1.4464193233424e-06,2.30786576339657e-06,"s__GGB79097_SGB105802"
"fixed",NA,"ResponseResponder:Days2",-8.7255016269168e-06,8.77814018107568e-06,-0.994003450267021,63.8571296256826,0.32397292376942,-2.62626082372672e-05,8.81160498343355e-06,"s__Blautia_marasmi"
"fixed",NA,"ResponseResponder:Days2",-7.32198322394439e-07,1.09138675430864e-06,-0.670888041754058,58.8570158031339,0.504916195938512,-2.9161691847269e-06,1.45177253993802e-06,"s__GGB47740_SGB65712"
"fixed",NA,"ResponseResponder:Days2",-3.44414599846522e-08,5.56020647687777e-08,-0.619427716000793,42.850799267985,0.538914370762178,-1.46585002132017e-07,7.77020821627131e-08,"s__GGB9355_SGB14328"
"fixed",NA,"ResponseResponder:Days2",-1.83632589524914e-05,3.7656280537771e-05,-0.487654614057599,39.416868739261,0.628495971535546,-9.4504528941417e-05,5.77780110364342e-05,"p__Candidatus_Melainabacteria"
"fixed",NA,"ResponseResponder:Days2",-5.02433416719612e-06,1.30028618810284e-05,-0.386402179240771,42.119329150399,0.701144023118485,-3.12629694687665e-05,2.12143011343743e-05,"c__CFGB2107"
"fixed",NA,"ResponseResponder:Days2",1.99746046353481e-06,2.46890076425978e-06,0.809048501442579,45.0475665056815,0.422739918271337,-2.97501601469577e-06,6.96993694176539e-06,"c__CFGB668"
"fixed",NA,"ResponseResponder:Days2",-1.48390488402814e-05,1.67221374425177e-05,-0.887389479442481,57.2026446009417,0.37858520832793,-4.83219807782289e-05,1.8643883097666e-05,"c__CFGB2106"
"fixed",NA,"ResponseResponder:Days2",4.94258829254181e-06,2.00694660558626e-05,0.246274030349602,74.1013418014232,0.806151031861805,-3.50457870541146e-05,4.49309636391983e-05,"c__CFGB2890"
"fixed",NA,"ResponseResponder:Days2",3.58698782393535e-08,8.96602125426246e-08,0.400064613077968,81.5955628747084,0.690154365043288,-1.42506083557512e-07,2.14245840036219e-07,"c__CFGB9115"
"fixed",NA,"ResponseResponder:Days2",-6.2041649811169e-07,2.73803348267945e-05,-0.0226592005553032,38.9062981377437,0.982037938032735,-5.60066360321684e-05,5.4765803035945e-05,"c__Candidatus_Melainabacteria_unclassified"
"fixed",NA,"ResponseResponder:Days2",-5.02433416719612e-06,1.30028618810284e-05,-0.386402179240771,42.119329150399,0.701144023118485,-3.12629694687665e-05,2.12143011343743e-05,"o__OFGB2107"
"fixed",NA,"ResponseResponder:Days2",1.99746046353481e-06,2.46890076425978e-06,0.809048501442579,45.0475665056815,0.422739918271337,-2.97501601469577e-06,6.96993694176539e-06,"o__OFGB668"
"fixed",NA,"ResponseResponder:Days2",-1.48390488402814e-05,1.67221374425177e-05,-0.887389479442481,57.2026446009417,0.37858520832793,-4.83219807782289e-05,1.8643883097666e-05,"o__OFGB2106"
"fixed",NA,"ResponseResponder:Days2",4.94258829254181e-06,2.00694660558626e-05,0.246274030349602,74.1013418014232,0.806151031861805,-3.50457870541146e-05,4.49309636391983e-05,"o__OFGB2890"
"fixed",NA,"ResponseResponder:Days2",3.58698782393535e-08,8.96602125426246e-08,0.400064613077968,81.5955628747084,0.690154365043288,-1.42506083557512e-07,2.14245840036219e-07,"o__OFGB9115"
"fixed",NA,"ResponseResponder:Days2",-6.2041649811169e-07,2.73803348267945e-05,-0.0226592005553032,38.9062981377437,0.982037938032735,-5.60066360321684e-05,5.4765803035945e-05,"o__Candidatus_Gastranaerophilales"
"fixed",NA,"ResponseResponder:Days2",-5.02433416719612e-06,1.30028618810284e-05,-0.386402179240771,42.119329150399,0.701144023118485,-3.12629694687665e-05,2.12143011343743e-05,"f__FGB2107"
"fixed",NA,"ResponseResponder:Days2",1.99746046353481e-06,2.46890076425978e-06,0.809048501442579,45.0475665056815,0.422739918271337,-2.97501601469577e-06,6.96993694176539e-06,"f__FGB668"
"fixed",NA,"ResponseResponder:Days2",-1.48390488402814e-05,1.67221374425177e-05,-0.887389479442481,57.2026446009417,0.37858520832793,-4.83219807782289e-05,1.8643883097666e-05,"f__FGB2106"
"fixed",NA,"ResponseResponder:Days2",4.94258829254181e-06,2.00694660558626e-05,0.246274030349602,74.1013418014232,0.806151031861805,-3.50457870541146e-05,4.49309636391983e-05,"f__FGB2890"
"fixed",NA,"ResponseResponder:Days2",3.58698782393535e-08,8.96602125426246e-08,0.400064613077968,81.5955628747084,0.690154365043288,-1.42506083557512e-07,2.14245840036219e-07,"f__FGB9115"
"fixed",NA,"ResponseResponder:Days2",-6.2041649811169e-07,2.73803348267945e-05,-0.0226592005553032,38.9062981377437,0.982037938032735,-5.60066360321684e-05,5.4765803035945e-05,"f__Candidatus_Gastranaerophilales_unclassified"
"fixed",NA,"ResponseResponder:Days2",-0.000469389198685499,0.000233391664043993,-2.01116522566556,57.9242780520554,0.0489694629812602,-0.000936586376839093,-2.19202053190477e-06,"g__Prevotella"
"fixed",NA,"ResponseResponder:Days2",-3.95314406140084e-05,4.22879469871805e-05,-0.934815791033606,71.7818768519624,0.35301742319143,-0.000123835298909582,4.47724176815652e-05,"g__GGB4599"
"fixed",NA,"ResponseResponder:Days2",1.84250142985577e-05,3.05100881634742e-05,0.603899084127054,47.319837818262,0.548795086584827,-4.29424168366941e-05,7.97924454338096e-05,"g__GGB4571"
"fixed",NA,"ResponseResponder:Days2",-1.50478314360663e-06,7.48804151578189e-06,-0.200958173166525,64.6224443882776,0.841362448444555,-1.64610912580103e-05,1.34515249707971e-05,"g__GGB5997"
"fixed",NA,"ResponseResponder:Days2",1.99746046353481e-06,2.46890076425978e-06,0.809048501442579,45.0475665056815,0.422739918271337,-2.97501601469577e-06,6.96993694176539e-06,"g__GGB1663"
"fixed",NA,"ResponseResponder:Days2",-4.18344303199739e-06,1.04708133668262e-05,-0.399533721539859,39.1673979987251,0.691670400835607,-2.53597684264987e-05,1.69928823625039e-05,"g__GGB6007"
"fixed",NA,"ResponseResponder:Days2",-1.48390488402814e-05,1.67221374425177e-05,-0.887389479442481,57.2026446009417,0.37858520832793,-4.83219807782289e-05,1.8643883097666e-05,"g__GGB5980"
"fixed",NA,"ResponseResponder:Days2",3.54196038188247e-07,3.13029598765906e-06,0.11315097344936,46.6793421756012,0.910396099453969,-5.9442893348828e-06,6.65268141125929e-06,"g__GGB9501"
"fixed",NA,"ResponseResponder:Days2",1.21015196615668e-06,6.80186678215957e-06,0.177914682088563,72.2153596035177,0.859288107713588,-1.23484308381102e-05,1.47687347704236e-05,"g__GGB9523"
"fixed",NA,"ResponseResponder:Days2",4.71092964211299e-06,2.00553942840807e-05,0.234895887629213,73.9507427643907,0.814938742981231,-3.52507580571283e-05,4.46726173413543e-05,"g__GGB9198"
"fixed",NA,"ResponseResponder:Days2",-9.97239515065623e-06,1.27879806824006e-05,-0.779825634580503,69.8962170961359,0.438126214883077,-3.54778842172959e-05,1.55330939159835e-05,"g__GGB3548"
"fixed",NA,"ResponseResponder:Days2",1.09456778661857e-06,4.61829713837614e-06,0.237006791426036,56.7014234508634,0.813505731949078,-8.15446822760534e-06,1.03436038008425e-05,"g__GGB9186"
"fixed",NA,"ResponseResponder:Days2",1.01336574050046e-06,8.49553527811348e-07,1.19282153192999,71.1259745623299,0.236903322697194,-6.80543890955843e-07,2.70727537195676e-06,"g__GGB4593"
"fixed",NA,"ResponseResponder:Days2",-6.77368796045286e-06,5.67666293830117e-06,-1.19325174562504,43.6291098127613,0.239219375216732,-1.82169979478796e-05,4.66962202697386e-06,"g__GGB9509"
"fixed",NA,"ResponseResponder:Days2",3.58698782393535e-08,8.96602125426246e-08,0.400064613077968,81.5955628747084,0.690154365043288,-1.42506083557512e-07,2.14245840036219e-07,"g__GGB4617"
"fixed",NA,"ResponseResponder:Days2",-6.2041649811169e-07,2.73803348267945e-05,-0.0226592005553032,38.9062981377437,0.982037938032735,-5.60066360321684e-05,5.4765803035945e-05,"g__Candidatus_Gastranaerophilales_unclassified"
"fixed",NA,"ResponseResponder:Days2",-0.000520425054225293,0.000229688160329604,-2.26578964052165,57.1678643610471,0.027268628322203,-0.00098033839385097,-6.05117145996162e-05,"s__Prevotella_stercorea"
"fixed",NA,"ResponseResponder:Days2",-3.95314406140084e-05,4.22879469871805e-05,-0.934815791033606,71.7818768519624,0.35301742319143,-0.000123835298909582,4.47724176815652e-05,"s__GGB4599_SGB6362"
"fixed",NA,"ResponseResponder:Days2",-9.26764283071888e-06,2.17848635212512e-05,-0.425416611936919,44.6551864630008,0.672576249464544,-5.31539634095177e-05,3.461867774808e-05,"s__GGB4571_SGB6317"
"fixed",NA,"ResponseResponder:Days2",-1.50478314360663e-06,7.48804151578189e-06,-0.200958173166525,64.6224443882776,0.841362448444555,-1.64610912580103e-05,1.34515249707971e-05,"s__GGB5997_SGB8620"
"fixed",NA,"ResponseResponder:Days2",1.99746046353481e-06,2.46890076425978e-06,0.809048501442579,45.0475665056815,0.422739918271337,-2.97501601469577e-06,6.96993694176539e-06,"s__GGB1663_SGB2279"
"fixed",NA,"ResponseResponder:Days2",-1.0647041800582e-05,9.91545679113057e-06,-1.07378228001617,60.6275379186006,0.28717551414326,-3.04766868199686e-05,9.18260321880467e-06,"s__Clostridia_bacterium"
"fixed",NA,"ResponseResponder:Days2",-5.43762095204804e-06,8.06193208517414e-06,-0.674481116263408,75.0928933555511,0.502076725139617,-2.14974875908686e-05,1.06222456867725e-05,"s__GGB6007_SGB8634"
"fixed",NA,"ResponseResponder:Days2",-1.48390488402814e-05,1.67221374425177e-05,-0.887389479442481,57.2026446009417,0.37858520832793,-4.83219807782289e-05,1.8643883097666e-05,"s__GGB5980_SGB8599"
"fixed",NA,"ResponseResponder:Days2",3.54196038188247e-07,3.13029598765906e-06,0.11315097344936,46.6793421756012,0.910396099453969,-5.9442893348828e-06,6.65268141125929e-06,"s__GGB9501_SGB14898"
"fixed",NA,"ResponseResponder:Days2",1.21015196615668e-06,6.80186678215957e-06,0.177914682088563,72.2153596035177,0.859288107713588,-1.23484308381102e-05,1.47687347704236e-05,"s__GGB9523_SGB14922"
"fixed",NA,"ResponseResponder:Days2",1.30272161751475e-07,8.52735735554973e-07,0.152769675668268,42.1987438661792,0.879308064748785,-1.59037813760141e-06,1.85092246110436e-06,"s__GGB9719_SGB53514"
"fixed",NA,"ResponseResponder:Days2",4.71092964211299e-06,2.00553942840807e-05,0.234895887629213,73.9507427643907,0.814938742981231,-3.52507580571283e-05,4.46726173413543e-05,"s__GGB9198_SGB14137"
"fixed",NA,"ResponseResponder:Days2",-2.49332961293734e-07,3.85941775959164e-06,-0.064603776223519,78.0101462385436,0.94865474262685,-7.93282775467148e-06,7.43416183208401e-06,"s__GGB9619_SGB15067"
"fixed",NA,"ResponseResponder:Days2",-9.97239515065623e-06,1.27879806824006e-05,-0.779825634580503,69.8962170961359,0.438126214883077,-3.54778842172959e-05,1.55330939159835e-05,"s__GGB3548_SGB4744"
"fixed",NA,"ResponseResponder:Days2",1.09456778661857e-06,4.61829713837614e-06,0.237006791426036,56.7014234508634,0.813505731949078,-8.15446822760534e-06,1.03436038008425e-05,"s__GGB9186_SGB14125"
"fixed",NA,"ResponseResponder:Days2",7.46373835536262e-07,1.24202891772286e-06,0.600931125584958,72.6647756310749,0.549755810830715,-1.72917862834703e-06,3.22192629941956e-06,"s__Holdemania_sp_1001095H_141210_F2"
"fixed",NA,"ResponseResponder:Days2",1.01336574050046e-06,8.49553527811348e-07,1.19282153192999,71.1259745623299,0.236903322697194,-6.80543890955843e-07,2.70727537195676e-06,"s__GGB4593_SGB6353"
"fixed",NA,"ResponseResponder:Days2",-5.89215341091352e-07,5.51342610941873e-07,-1.06869182500656,51.1447414446943,0.290226755102428,-1.69600576725045e-06,5.17575085067749e-07,"s__Intestinimonas_gabonensis"
"fixed",NA,"ResponseResponder:Days2",-6.77368796045286e-06,5.67666293830117e-06,-1.19325174562504,43.6291098127613,0.239219375216732,-1.82169979478796e-05,4.66962202697386e-06,"s__GGB9509_SGB14906"
"fixed",NA,"ResponseResponder:Days2",3.58698782393535e-08,8.96602125426246e-08,0.400064613077968,81.5955628747084,0.690154365043288,-1.42506083557512e-07,2.14245840036219e-07,"s__GGB4617_SGB6392"
"fixed",NA,"ResponseResponder:Days2",-6.2041649811169e-07,2.73803348267945e-05,-0.0226592005553032,38.9062981377437,0.982037938032735,-5.60066360321684e-05,5.4765803035945e-05,"s__Candidatus_Gastranaerophilales_bacterium"
"fixed",NA,"ResponseResponder:Days2",9.188261846974e-07,1.39530752509717e-05,0.0658511595594966,78.129481248878,0.947664537412203,-2.68588876795799e-05,2.86965400489747e-05,"s__Streptococcus_vestibularis"
"fixed",NA,"ResponseResponder:Days2",-5.42207674377342e-06,6.54888012487751e-06,-0.827939531703496,38.5906579966645,0.412795795997683,-1.86729309911962e-05,7.82877750364939e-06,"s__Veillonella_dispar"
"fixed",NA,"ResponseResponder:Days2",-8.63411917625668e-05,0.000101425541420561,-0.851276616848936,57.1957735228627,0.398165809624378,-0.000289427269822888,0.000116744886297755,"c__CFGB14936"
"fixed",NA,"ResponseResponder:Days2",9.75248914087393e-06,1.28561902923848e-05,0.758583135367148,40.036751885336,0.452544750118692,-1.62300977099301e-05,3.57350759916779e-05,"c__CFGB1380"
"fixed",NA,"ResponseResponder:Days2",-8.63411917625668e-05,0.000101425541420561,-0.851276616848936,57.1957735228627,0.398165809624378,-0.000289427269822888,0.000116744886297755,"o__OFGB14936"
"fixed",NA,"ResponseResponder:Days2",9.75248914087393e-06,1.28561902923848e-05,0.758583135367148,40.036751885336,0.452544750118692,-1.62300977099301e-05,3.57350759916779e-05,"o__OFGB1380"
"fixed",NA,"ResponseResponder:Days2",-8.63411917625668e-05,0.000101425541420561,-0.851276616848936,57.1957735228627,0.398165809624378,-0.000289427269822888,0.000116744886297755,"f__FGB14936"
"fixed",NA,"ResponseResponder:Days2",9.75248914087393e-06,1.28561902923848e-05,0.758583135367148,40.036751885336,0.452544750118692,-1.62300977099301e-05,3.57350759916779e-05,"f__FGB1380"
"fixed",NA,"ResponseResponder:Days2",4.79505948786933e-05,8.17725730828129e-05,0.586389703429445,65.9481561606813,0.559615496580563,-0.000115316010649563,0.000211217200406949,"g__GGB6613"
"fixed",NA,"ResponseResponder:Days2",-8.63411917625668e-05,0.000101425541420561,-0.851276616848936,57.1957735228627,0.398165809624378,-0.000289427269822888,0.000116744886297755,"g__GGB3256"
"fixed",NA,"ResponseResponder:Days2",-1.12224603748444e-05,9.55475987797916e-06,-1.1745413299929,76.5050941531462,0.243821255746046,-3.02503823309218e-05,7.80546158123287e-06,"g__Jutongia"
"fixed",NA,"ResponseResponder:Days2",4.87726549188662e-07,3.42053172473019e-06,0.142587933233431,74.5000788135567,0.88700055709764,-6.32707161215444e-06,7.30252471053176e-06,"g__GGB9621"
"fixed",NA,"ResponseResponder:Days2",4.00862120341531e-06,1.00989181150635e-05,0.396935707146299,73.4315622112691,0.692566187271806,-1.61165009569523e-05,2.41337433637829e-05,"g__GGB28640"
"fixed",NA,"ResponseResponder:Days2",9.41899543430925e-06,9.6568064332337e-06,0.975373742803207,37.6117322942242,0.335606781444852,-1.01368165782021e-05,2.89748074468205e-05,"g__GGB3363"
"fixed",NA,"ResponseResponder:Days2",-1.44859318762987e-05,5.85150072763876e-06,-2.47559259590901,43.7470665963643,0.0172463959952472,-2.62807828057782e-05,-2.69108094681918e-06,"s__Bacteroides_propionicigenes"
"fixed",NA,"ResponseResponder:Days2",4.79505948786933e-05,8.17725730828129e-05,0.586389703429445,65.9481561606813,0.559615496580563,-0.000115316010649563,0.000211217200406949,"s__GGB6613_SGB9347"
"fixed",NA,"ResponseResponder:Days2",-8.63411917625668e-05,0.000101425541420561,-0.851276616848936,57.1957735228627,0.398165809624378,-0.000289427269822888,0.000116744886297755,"s__GGB3256_SGB4303"
"fixed",NA,"ResponseResponder:Days2",-8.48970979918065e-06,6.4274711359747e-06,-1.32084759613521,63.5231113332293,0.191290883834326,-2.13319162668757e-05,4.35249666851441e-06,"s__Jutongia_hominis"
"fixed",NA,"ResponseResponder:Days2",4.87726549188662e-07,3.42053172473019e-06,0.142587933233431,74.5000788135567,0.88700055709764,-6.32707161215444e-06,7.30252471053176e-06,"s__GGB9621_SGB15073"
"fixed",NA,"ResponseResponder:Days2",4.00862120341531e-06,1.00989181150635e-05,0.396935707146299,73.4315622112691,0.692566187271806,-1.61165009569523e-05,2.41337433637829e-05,"s__GGB28640_SGB4673"
"fixed",NA,"ResponseResponder:Days2",-7.42797151809287e-07,3.54061580280432e-07,-2.09793209198513,41.2637936264027,0.042076739421164,-1.45770022247559e-06,-2.78940811429869e-08,"s__Eubacterium_callanderi"
"fixed",NA,"ResponseResponder:Days2",8.48560996213882e-06,7.92191338612486e-06,1.07115661943506,74.4748450131161,0.287558075198456,-7.29747494547309e-06,2.42686948697507e-05,"s__GGB3363_SGB4447"
"fixed",NA,"ResponseResponder:Days2",1.19425519871006e-05,1.52164297737498e-05,0.784845864941522,54.914717997093,0.435916819282658,-1.85529192164521e-05,4.24380231906532e-05,"p__Candidatus_Thermoplasmatota"
"fixed",NA,"ResponseResponder:Days2",1.19425519871006e-05,1.52164297737498e-05,0.784845864941522,54.914717997093,0.435916819282658,-1.85529192164521e-05,4.24380231906532e-05,"c__Thermoplasmata"
"fixed",NA,"ResponseResponder:Days2",8.89537285108663e-06,7.15343249393505e-06,1.24351111981954,79.2854210423307,0.217343902447701,-5.34238141292983e-06,2.31331271151031e-05,"c__CFGB2839"
"fixed",NA,"ResponseResponder:Days2",-8.25777083922626e-06,1.03130189789845e-05,-0.800713239843121,57.2328393126459,0.426609175295223,-2.8907414452117e-05,1.23918727736645e-05,"c__CFGB2985"
"fixed",NA,"ResponseResponder:Days2",2.40645685587358e-06,1.11489053017956e-05,0.215846918664383,50.9210713674256,0.82996937512806,-1.99767468646391e-05,2.47896605763863e-05,"c__CFGB9989"
"fixed",NA,"ResponseResponder:Days2",-3.01930548254677e-06,4.40855540491686e-06,-0.684874115266726,54.7086203426378,0.496314848837718,-1.18553057294001e-05,5.8166947643066e-06,"c__CFGB2960"
"fixed",NA,"ResponseResponder:Days2",1.50695998482699e-06,2.305007937645e-06,0.653776483896466,76.1718172897477,0.515224685206467,-3.0836937308602e-06,6.09761370051418e-06,"c__CFGB45555"
"fixed",NA,"ResponseResponder:Days2",1.63352840981526e-06,9.89493977086155e-07,1.65087251427811,62.5240112504497,0.103779358261917,-3.44112164291685e-07,3.61116898392221e-06,"c__CFGB10021"
"fixed",NA,"ResponseResponder:Days2",1.65833759936659e-06,1.55472785153855e-06,1.06664172621949,76.429908877532,0.289491428120388,-1.43788962960273e-06,4.75456482833592e-06,"c__CFGB2950"
"fixed",NA,"ResponseResponder:Days2",-2.10379356601058e-06,2.835693308921e-06,-0.741897425716707,64.175821511331,0.460856102395547,-7.76844329001065e-06,3.5608561579895e-06,"c__CFGB2844"
"fixed",NA,"ResponseResponder:Days2",1.14630153590264e-06,6.13292656367563e-07,1.86909385592843,65.2442578357684,0.066099240087296,-7.84415541150704e-08,2.37104462592035e-06,"c__CFGB1838"
"fixed",NA,"ResponseResponder:Days2",-2.652664657616e-06,2.61229691455604e-06,-1.0154529689313,41.2714122264453,0.315806195927804,-7.92725187349053e-06,2.62192255825853e-06,"c__CFGB2918"
"fixed",NA,"ResponseResponder:Days2",1.51223359499629e-07,8.89771966002038e-07,0.169957433227653,36.5687888108316,0.86598039208348,-1.65234375291316e-06,1.95479047191241e-06,"c__CFGB9272"
"fixed",NA,"ResponseResponder:Days2",1.70655170844258e-06,1.28553909539842e-06,1.32749887930376,72.5005186357092,0.188508691748634,-8.55821415090497e-07,4.26892483197565e-06,"c__CFGB2997"
"fixed",NA,"ResponseResponder:Days2",-1.20087997309024e-08,4.33559669837562e-07,-0.0276981476053842,38.0819120183608,0.978047546110989,-8.89642472259999e-07,8.65624872798195e-07,"c__CFGB3048"
"fixed",NA,"ResponseResponder:Days2",1.67488584887229e-06,1.07525068462257e-06,1.55767010691111,81.9999999981934,0.123162825465916,-4.64130291621905e-07,3.81390198936649e-06,"c__CFGB9714"
"fixed",NA,"ResponseResponder:Days2",1.19425519871006e-05,1.52164297737498e-05,0.784845864941522,54.914717997093,0.435916819282658,-1.85529192164521e-05,4.24380231906532e-05,"o__Methanomassiliicoccales"
"fixed",NA,"ResponseResponder:Days2",8.89537285108663e-06,7.15343249393505e-06,1.24351111981954,79.2854210423307,0.217343902447701,-5.34238141292983e-06,2.31331271151031e-05,"o__OFGB2839"
"fixed",NA,"ResponseResponder:Days2",-8.25777083922626e-06,1.03130189789845e-05,-0.800713239843121,57.2328393126459,0.426609175295223,-2.8907414452117e-05,1.23918727736645e-05,"o__OFGB2985"
"fixed",NA,"ResponseResponder:Days2",2.40645685587358e-06,1.11489053017956e-05,0.215846918664383,50.9210713674256,0.82996937512806,-1.99767468646391e-05,2.47896605763863e-05,"o__OFGB9989"
"fixed",NA,"ResponseResponder:Days2",-3.01930548254677e-06,4.40855540491686e-06,-0.684874115266726,54.7086203426378,0.496314848837718,-1.18553057294001e-05,5.8166947643066e-06,"o__OFGB2960"
"fixed",NA,"ResponseResponder:Days2",1.50695998482699e-06,2.305007937645e-06,0.653776483896466,76.1718172897477,0.515224685206467,-3.0836937308602e-06,6.09761370051418e-06,"o__OFGB45555"
"fixed",NA,"ResponseResponder:Days2",1.63352840981526e-06,9.89493977086155e-07,1.65087251427811,62.5240112504497,0.103779358261917,-3.44112164291685e-07,3.61116898392221e-06,"o__OFGB10021"
"fixed",NA,"ResponseResponder:Days2",1.65833759936659e-06,1.55472785153855e-06,1.06664172621949,76.429908877532,0.289491428120388,-1.43788962960273e-06,4.75456482833592e-06,"o__OFGB2950"
"fixed",NA,"ResponseResponder:Days2",-2.10379356601058e-06,2.835693308921e-06,-0.741897425716707,64.175821511331,0.460856102395547,-7.76844329001065e-06,3.5608561579895e-06,"o__OFGB2844"
"fixed",NA,"ResponseResponder:Days2",1.14630153590264e-06,6.13292656367563e-07,1.86909385592843,65.2442578357684,0.066099240087296,-7.84415541150704e-08,2.37104462592035e-06,"o__OFGB1838"
"fixed",NA,"ResponseResponder:Days2",-2.652664657616e-06,2.61229691455604e-06,-1.0154529689313,41.2714122264453,0.315806195927804,-7.92725187349053e-06,2.62192255825853e-06,"o__OFGB2918"
"fixed",NA,"ResponseResponder:Days2",1.51223359499629e-07,8.89771966002038e-07,0.169957433227653,36.5687888108316,0.86598039208348,-1.65234375291316e-06,1.95479047191241e-06,"o__OFGB9272"
"fixed",NA,"ResponseResponder:Days2",1.70655170844258e-06,1.28553909539842e-06,1.32749887930376,72.5005186357092,0.188508691748634,-8.55821415090497e-07,4.26892483197565e-06,"o__OFGB2997"
"fixed",NA,"ResponseResponder:Days2",-1.20087997309024e-08,4.33559669837562e-07,-0.0276981476053842,38.0819120183608,0.978047546110989,-8.89642472259999e-07,8.65624872798195e-07,"o__OFGB3048"
"fixed",NA,"ResponseResponder:Days2",1.67488584887229e-06,1.07525068462257e-06,1.55767010691111,81.9999999981934,0.123162825465916,-4.64130291621905e-07,3.81390198936649e-06,"o__OFGB9714"
"fixed",NA,"ResponseResponder:Days2",1.19425519871006e-05,1.52164297737498e-05,0.784845864941522,54.914717997093,0.435916819282658,-1.85529192164521e-05,4.24380231906532e-05,"f__Methanomassiliicoccaceae"
"fixed",NA,"ResponseResponder:Days2",8.89537285108663e-06,7.15343249393505e-06,1.24351111981954,79.2854210423307,0.217343902447701,-5.34238141292983e-06,2.31331271151031e-05,"f__FGB2839"
"fixed",NA,"ResponseResponder:Days2",-8.25777083922626e-06,1.03130189789845e-05,-0.800713239843121,57.2328393126459,0.426609175295223,-2.8907414452117e-05,1.23918727736645e-05,"f__FGB2985"
"fixed",NA,"ResponseResponder:Days2",2.40645685587358e-06,1.11489053017956e-05,0.215846918664383,50.9210713674256,0.82996937512806,-1.99767468646391e-05,2.47896605763863e-05,"f__FGB9989"
"fixed",NA,"ResponseResponder:Days2",-3.01930548254677e-06,4.40855540491686e-06,-0.684874115266726,54.7086203426378,0.496314848837718,-1.18553057294001e-05,5.8166947643066e-06,"f__FGB2960"
"fixed",NA,"ResponseResponder:Days2",1.50695998482699e-06,2.305007937645e-06,0.653776483896466,76.1718172897477,0.515224685206467,-3.0836937308602e-06,6.09761370051418e-06,"f__FGB45555"
"fixed",NA,"ResponseResponder:Days2",1.63352840981526e-06,9.89493977086155e-07,1.65087251427811,62.5240112504497,0.103779358261917,-3.44112164291685e-07,3.61116898392221e-06,"f__FGB10021"
"fixed",NA,"ResponseResponder:Days2",1.65833759936659e-06,1.55472785153855e-06,1.06664172621949,76.429908877532,0.289491428120388,-1.43788962960273e-06,4.75456482833592e-06,"f__FGB2950"
"fixed",NA,"ResponseResponder:Days2",-2.10379356601058e-06,2.835693308921e-06,-0.741897425716707,64.175821511331,0.460856102395547,-7.76844329001065e-06,3.5608561579895e-06,"f__FGB2844"
"fixed",NA,"ResponseResponder:Days2",1.14630153590264e-06,6.13292656367563e-07,1.86909385592843,65.2442578357684,0.066099240087296,-7.84415541150704e-08,2.37104462592035e-06,"f__FGB1838"
"fixed",NA,"ResponseResponder:Days2",-2.652664657616e-06,2.61229691455604e-06,-1.0154529689313,41.2714122264453,0.315806195927804,-7.92725187349053e-06,2.62192255825853e-06,"f__FGB2918"
"fixed",NA,"ResponseResponder:Days2",1.51223359499629e-07,8.89771966002038e-07,0.169957433227653,36.5687888108316,0.86598039208348,-1.65234375291316e-06,1.95479047191241e-06,"f__FGB9272"
"fixed",NA,"ResponseResponder:Days2",1.70655170844258e-06,1.28553909539842e-06,1.32749887930376,72.5005186357092,0.188508691748634,-8.55821415090497e-07,4.26892483197565e-06,"f__FGB2997"
"fixed",NA,"ResponseResponder:Days2",1.99236412478477e-07,6.0510612909768e-07,0.329258625715085,42.1834156923157,0.743589498565098,-1.02175990938278e-06,1.42023273433973e-06,"f__Oxalobacteraceae"
"fixed",NA,"ResponseResponder:Days2",-6.94264724816151e-05,9.90035044660364e-05,-0.701252676418461,77.5037823171794,0.485245606617615,-0.000266547187922815,0.000127694242959585,"f__Enterococcaceae"
"fixed",NA,"ResponseResponder:Days2",-1.20087997309024e-08,4.33559669837562e-07,-0.0276981476053842,38.0819120183608,0.978047546110989,-8.89642472259999e-07,8.65624872798195e-07,"f__FGB3048"
"fixed",NA,"ResponseResponder:Days2",1.67488584887229e-06,1.07525068462257e-06,1.55767010691111,81.9999999981934,0.123162825465916,-4.64130291621905e-07,3.81390198936649e-06,"f__FGB9714"
"fixed",NA,"ResponseResponder:Days2",9.28144845293342e-05,0.000146293944849928,0.634438319539103,69.2159904548494,0.527886245050398,-0.000199017703519694,0.000384646672578362,"g__GGB4567"
"fixed",NA,"ResponseResponder:Days2",1.10997000430383e-05,1.51769953095921e-05,0.731350298041085,55.2201963456478,0.46765748203283,-1.93129523458217e-05,4.15123524318983e-05,"g__Methanomassiliicoccaceae_unclassified"
"fixed",NA,"ResponseResponder:Days2",-9.68320160367901e-06,1.53180693027937e-05,-0.632142433375269,49.1626743886181,0.530222756461519,-4.04634381407272e-05,2.10970349333692e-05,"g__GGB9710"
"fixed",NA,"ResponseResponder:Days2",8.89537285108663e-06,7.15343249393505e-06,1.24351111981954,79.2854210423307,0.217343902447701,-5.34238141292983e-06,2.31331271151031e-05,"g__GGB9088"
"fixed",NA,"ResponseResponder:Days2",-8.86090843481755e-06,1.01407131687691e-05,-0.873795391640403,59.1911834601005,0.385761098144189,-2.91510573854815e-05,1.14292405158464e-05,"g__GGB9349"
"fixed",NA,"ResponseResponder:Days2",-2.9027531454388e-06,3.04182332513701e-06,-0.954280651821898,46.5594691625406,0.344870067129169,-9.0236411202919e-06,3.21813482941431e-06,"g__GGB9642"
"fixed",NA,"ResponseResponder:Days2",2.40645685587358e-06,1.11489053017956e-05,0.215846918664383,50.9210713674256,0.82996937512806,-1.99767468646391e-05,2.47896605763863e-05,"g__GGB9712"
"fixed",NA,"ResponseResponder:Days2",4.57372220901494e-06,2.83159580834289e-06,1.61524543705677,75.3693310790956,0.110436359221067,-1.06665286562597e-06,1.02140972836558e-05,"g__Butyricicoccus"
"fixed",NA,"ResponseResponder:Days2",-3.6184252840001e-06,4.32743877173398e-06,-0.836158632130159,54.4421532996186,0.406720719151181,-1.22928041931234e-05,5.05595362512317e-06,"g__GGB9302"
"fixed",NA,"ResponseResponder:Days2",1.53955616649164e-05,1.69321557711328e-05,0.909249942713373,63.5143178463091,0.366655689109687,-1.84352903124051e-05,4.92264136422379e-05,"g__GGB13493"
"fixed",NA,"ResponseResponder:Days2",1.75707002938238e-06,2.28716790646298e-06,0.768229575282747,77.3073650100964,0.44469119742602,-2.79697416345593e-06,6.3111142222207e-06,"g__GGB9701"
"fixed",NA,"ResponseResponder:Days2",2.45204685303223e-06,2.03459442358792e-06,1.20517722087735,81.5742478904265,0.231619437311663,-1.59572588588553e-06,6.49981959194999e-06,"g__GGB9623"
"fixed",NA,"ResponseResponder:Days2",9.99572352328149e-07,1.22517046608668e-06,0.815863898124225,44.0918412384575,0.418963803816376,-1.46945122102664e-06,3.46859592568294e-06,"g__GGB9819"
"fixed",NA,"ResponseResponder:Days2",2.34599702624302e-06,1.46662642484684e-06,1.5995873158279,71.9249904615638,0.114074015845882,-5.77721410886966e-07,5.26971546337301e-06,"g__GGB9593"
"fixed",NA,"ResponseResponder:Days2",3.97683288662653e-06,3.53223584299952e-06,1.12586844802794,64.1615363479493,0.264414904679672,-3.07927726739971e-06,1.10329430406528e-05,"g__GGB6568"
"fixed",NA,"ResponseResponder:Days2",1.63352840981526e-06,9.89493977086155e-07,1.65087251427811,62.5240112504497,0.103779358261917,-3.44112164291685e-07,3.61116898392221e-06,"g__GGB71580"
"fixed",NA,"ResponseResponder:Days2",1.65833759936659e-06,1.55472785153855e-06,1.06664172621949,76.429908877532,0.289491428120388,-1.43788962960273e-06,4.75456482833592e-06,"g__GGB9291"
"fixed",NA,"ResponseResponder:Days2",-8.09214961448298e-07,1.22874617153962e-06,-0.658569670605239,54.4758095878384,0.512946085661813,-3.27221002071155e-06,1.65378009781496e-06,"g__GGB9786"
"fixed",NA,"ResponseResponder:Days2",-2.10379356601058e-06,2.835693308921e-06,-0.741897425716707,64.175821511331,0.460856102395547,-7.76844329001065e-06,3.5608561579895e-06,"g__GGB9110"
"fixed",NA,"ResponseResponder:Days2",2.06673381445933e-06,2.26648912083554e-06,0.911865755480632,78.4907620992938,0.364631563382915,-2.44505507216214e-06,6.5785227010808e-06,"g__GGB9348"
"fixed",NA,"ResponseResponder:Days2",1.14630153590264e-06,6.13292656367563e-07,1.86909385592843,65.2442578357684,0.066099240087296,-7.84415541150704e-08,2.37104462592035e-06,"g__GGB4884"
"fixed",NA,"ResponseResponder:Days2",8.57977801462216e-06,1.54005215552341e-05,0.557109574753731,39.6172551035786,0.580586626367949,-2.25552069321255e-05,3.97147629613698e-05,"g__Negativibacillus"
"fixed",NA,"ResponseResponder:Days2",2.69980693051158e-05,2.12866808360628e-05,1.26830808020464,44.6824574482572,0.211256490693029,-1.5883917859962e-05,6.98800564701936e-05,"g__GGB41366"
"fixed",NA,"ResponseResponder:Days2",-9.70752175466049e-07,2.2581075842454e-06,-0.429896335426574,61.5086938802875,0.668773430434152,-5.48536223814608e-06,3.54385788721398e-06,"g__GGB9637"
"fixed",NA,"ResponseResponder:Days2",2.80882138468767e-07,5.15101856531684e-07,0.545294362478172,77.3654274534635,0.587119767120728,-7.44739386782045e-07,1.30650366371958e-06,"g__GGB9199"
"fixed",NA,"ResponseResponder:Days2",3.43506938647009e-07,4.78278114759829e-07,0.718215883282687,78.9632980401754,0.474743907624305,-6.08488715508639e-07,1.29550259280266e-06,"g__GGB9640"
"fixed",NA,"ResponseResponder:Days2",-1.51621773710207e-06,1.57530043769745e-06,-0.96249432858551,63.0677993551213,0.339477279123982,-4.66413824020559e-06,1.63170276600146e-06,"g__GGB9289"
"fixed",NA,"ResponseResponder:Days2",3.51374724905709e-07,3.06013183956768e-07,1.14823394326484,81.9999999991521,0.254210690042632,-2.57382980668031e-07,9.60132430479449e-07,"g__GGB38145"
"fixed",NA,"ResponseResponder:Days2",1.51223359499629e-07,8.89771966002038e-07,0.169957433227653,36.5687888108316,0.86598039208348,-1.65234375291316e-06,1.95479047191241e-06,"g__GGB9296"
"fixed",NA,"ResponseResponder:Days2",-1.18980431587945e-06,2.50804954846472e-06,-0.474394262508799,63.5072934711289,0.636845948551695,-6.20095802406789e-06,3.821349392309e-06,"g__GGB9590"
"fixed",NA,"ResponseResponder:Days2",1.21518138724147e-06,5.94785531741258e-07,2.04305808126163,68.0594190909087,0.0449213946244421,2.83240998885364e-08,2.40203867459441e-06,"g__GGB9444"
"fixed",NA,"ResponseResponder:Days2",2.13368298099579e-07,1.85823019212354e-07,1.14823394326484,81.9999999981834,0.254210690042671,-1.56292882362824e-07,5.83029478561983e-07,"g__GGB4564"
"fixed",NA,"ResponseResponder:Days2",-4.49120818344279e-08,8.87140330550427e-07,-0.050625679261546,68.4078466757987,0.959771333255042,-1.81498196374659e-06,1.72515780007774e-06,"g__Ellagibacter"
"fixed",NA,"ResponseResponder:Days2",3.85800881185069e-07,1.4750637299217e-06,0.261548618787847,72.7167017897214,0.794408866077258,-2.55418985798403e-06,3.32579162035417e-06,"g__GGB9636"
"fixed",NA,"ResponseResponder:Days2",1.59427419423702e-07,4.51615433820363e-07,0.353015879185202,77.5468756375096,0.725034327574185,-7.39752600816428e-07,1.05860743966383e-06,"g__GGB6649"
"fixed",NA,"ResponseResponder:Days2",-6.94264724816151e-05,9.90035044660364e-05,-0.701252676418461,77.5037823171794,0.485245606617615,-0.000266547187922815,0.000127694242959585,"g__Enterococcus"
"fixed",NA,"ResponseResponder:Days2",3.41702812440581e-08,1.16507127259344e-07,0.293289192239674,81.9999999990654,0.770042089246349,-1.97599509051667e-07,2.65940071539784e-07,"g__GGB9559"
"fixed",NA,"ResponseResponder:Days2",1.67488584887229e-06,1.07525068462257e-06,1.55767010691111,81.9999999981934,0.123162825465916,-4.64130291621905e-07,3.81390198936649e-06,"g__GGB9711"
"fixed",NA,"ResponseResponder:Days2",0.000161256397685247,0.00010503454878665,1.53527005683431,74.2671437610884,0.128966984980954,-4.80170013664388e-05,0.000370529796736933,"s__GGB4567_SGB6308"
"fixed",NA,"ResponseResponder:Days2",-1.40438128192853e-05,3.11550132217172e-05,-0.450772166885032,49.5354900922308,0.654120783955469,-7.66350408746697e-05,4.85474152360991e-05,"s__GGB9708_SGB15233"
"fixed",NA,"ResponseResponder:Days2",3.82029229666005e-05,3.40530276966453e-05,1.12186567687677,42.7893121390633,0.268175787398109,-3.04813323799474e-05,0.000106887178313148,"s__Phocaeicola_coprophilus"
"fixed",NA,"ResponseResponder:Days2",1.10997000430383e-05,1.51769953095921e-05,0.731350298041085,55.2201963456478,0.46765748203283,-1.93129523458217e-05,4.15123524318983e-05,"s__Methanomassiliicoccaceae_unclassified_SGB380"
"fixed",NA,"ResponseResponder:Days2",3.7673127239153e-05,2.86578909271549e-05,1.31458129053927,41.5231088135988,0.195865691787737,-2.0180522947055e-05,9.5526777425361e-05,"s__GGB9715_SGB15265"
"fixed",NA,"ResponseResponder:Days2",5.40867114976131e-05,3.57171323737278e-05,1.51430722185853,61.7642433970162,0.135048897023143,-1.73162403023307e-05,0.000125489663297557,"s__GGB9634_SGB15095"
"fixed",NA,"ResponseResponder:Days2",3.66843053568987e-05,2.47448862915817e-05,1.48250046189862,65.8091039549571,0.142980315173241,-1.27231292450854e-05,8.60917399588828e-05,"s__Prevotella_lascolaii"
"fixed",NA,"ResponseResponder:Days2",-9.68320160367901e-06,1.53180693027937e-05,-0.632142433375269,49.1626743886181,0.530222756461519,-4.04634381407272e-05,2.10970349333692e-05,"s__GGB9710_SGB15239"
"fixed",NA,"ResponseResponder:Days2",4.41045439476344e-06,8.84814497214971e-06,0.498460910015118,41.4297426224936,0.620795347781824,-1.34531095471978e-05,2.22740183367246e-05,"s__Alistipes_dispar"
"fixed",NA,"ResponseResponder:Days2",-1.16846966732554e-05,9.14825797409025e-06,-1.27725920129809,50.9539909721678,0.207300237476244,-3.00509935657888e-05,6.6816002192781e-06,"s__Phascolarctobacterium_sp_ET69"
"fixed",NA,"ResponseResponder:Days2",8.89537285108663e-06,7.15343249393505e-06,1.24351111981954,79.2854210423307,0.217343902447701,-5.34238141292983e-06,2.31331271151031e-05,"s__GGB9088_SGB14017"
"fixed",NA,"ResponseResponder:Days2",-1.50403111029467e-06,1.26931690069123e-05,-0.118491379849715,67.167401109201,0.906031982469579,-2.68385418337601e-05,2.38304796131708e-05,"s__GGB9547_SGB14954"
"fixed",NA,"ResponseResponder:Days2",-8.86090843481755e-06,1.01407131687691e-05,-0.873795391640403,59.1911834601005,0.385761098144189,-2.91510573854815e-05,1.14292405158464e-05,"s__GGB9349_SGB14316"
"fixed",NA,"ResponseResponder:Days2",-2.9027531454388e-06,3.04182332513701e-06,-0.954280651821898,46.5594691625406,0.344870067129169,-9.0236411202919e-06,3.21813482941431e-06,"s__GGB9642_SGB15119"
"fixed",NA,"ResponseResponder:Days2",4.40368694857913e-06,2.69860113404965e-06,1.63184062031826,74.9824033714764,0.106906204600507,-9.72222862047134e-07,9.77959675920539e-06,"s__Butyricicoccus_SGB14990"
"fixed",NA,"ResponseResponder:Days2",-2.74213954890633e-06,3.50320540854081e-06,-0.782751574378425,51.2154528071138,0.437377470137058,-9.77439958627331e-06,4.29012048846064e-06,"s__GGB9712_SGB15241"
"fixed",NA,"ResponseResponder:Days2",-3.6184252840001e-06,4.32743877173398e-06,-0.836158632130159,54.4421532996186,0.406720719151181,-1.22928041931234e-05,5.05595362512317e-06,"s__GGB9302_SGB14263"
"fixed",NA,"ResponseResponder:Days2",1.53955616649164e-05,1.69321557711328e-05,0.909249942713373,63.5143178463091,0.366655689109687,-1.84352903124051e-05,4.92264136422379e-05,"s__GGB13493_SGB15238"
"fixed",NA,"ResponseResponder:Days2",1.75707002938238e-06,2.28716790646298e-06,0.768229575282747,77.3073650100964,0.44469119742602,-2.79697416345593e-06,6.3111142222207e-06,"s__GGB9701_SGB15218"
"fixed",NA,"ResponseResponder:Days2",2.45204685303223e-06,2.03459442358792e-06,1.20517722087735,81.5742478904265,0.231619437311663,-1.59572588588553e-06,6.49981959194999e-06,"s__GGB9623_SGB15075"
"fixed",NA,"ResponseResponder:Days2",9.99572352328149e-07,1.22517046608668e-06,0.815863898124225,44.0918412384575,0.418963803816376,-1.46945122102664e-06,3.46859592568294e-06,"s__GGB9819_SGB15460"
"fixed",NA,"ResponseResponder:Days2",2.34599702624302e-06,1.46662642484684e-06,1.5995873158279,71.9249904615638,0.114074015845882,-5.77721410886966e-07,5.26971546337301e-06,"s__GGB9593_SGB15015"
"fixed",NA,"ResponseResponder:Days2",3.97683288662653e-06,3.53223584299952e-06,1.12586844802794,64.1615363479493,0.264414904679672,-3.07927726739971e-06,1.10329430406528e-05,"s__GGB6568_SGB9279"
"fixed",NA,"ResponseResponder:Days2",1.63352840981526e-06,9.89493977086155e-07,1.65087251427811,62.5240112504497,0.103779358261917,-3.44112164291685e-07,3.61116898392221e-06,"s__GGB71580_SGB98325"
"fixed",NA,"ResponseResponder:Days2",1.65833759936659e-06,1.55472785153855e-06,1.06664172621949,76.429908877532,0.289491428120388,-1.43788962960273e-06,4.75456482833592e-06,"s__GGB9291_SGB14248"
"fixed",NA,"ResponseResponder:Days2",-8.09214961448298e-07,1.22874617153962e-06,-0.658569670605239,54.4758095878384,0.512946085661813,-3.27221002071155e-06,1.65378009781496e-06,"s__GGB9786_SGB15409"
"fixed",NA,"ResponseResponder:Days2",-2.10379356601058e-06,2.835693308921e-06,-0.741897425716707,64.175821511331,0.460856102395547,-7.76844329001065e-06,3.5608561579895e-06,"s__GGB9110_SGB14043"
"fixed",NA,"ResponseResponder:Days2",7.34535776405069e-06,2.77372794946642e-05,0.264818969195003,67.0466421418633,0.791961363332084,-4.80177758599969e-05,6.27084913880983e-05,"s__Ruminococcus_callidus"
"fixed",NA,"ResponseResponder:Days2",2.06673381445933e-06,2.26648912083554e-06,0.911865755480632,78.4907620992938,0.364631563382915,-2.44505507216214e-06,6.5785227010808e-06,"s__GGB9348_SGB14315"
"fixed",NA,"ResponseResponder:Days2",1.14630153590264e-06,6.13292656367563e-07,1.86909385592843,65.2442578357684,0.066099240087296,-7.84415541150704e-08,2.37104462592035e-06,"s__GGB4884_SGB6823"
"fixed",NA,"ResponseResponder:Days2",8.57977801462216e-06,1.54005215552341e-05,0.557109574753731,39.6172551035786,0.580586626367949,-2.25552069321255e-05,3.97147629613698e-05,"s__Negativibacillus_massiliensis"
"fixed",NA,"ResponseResponder:Days2",2.69980693051158e-05,2.12866808360628e-05,1.26830808020464,44.6824574482572,0.211256490693029,-1.5883917859962e-05,6.98800564701936e-05,"s__GGB41366_SGB58424"
"fixed",NA,"ResponseResponder:Days2",9.6948654447208e-06,5.03773031928237e-06,1.92445105836905,53.434961116252,0.0596299862802976,-4.07622293403251e-07,1.97973531828449e-05,"s__Eubacteriales_bacterium"
"fixed",NA,"ResponseResponder:Days2",4.75629807316568e-06,4.29670391472902e-06,1.10696435396937,65.1859189745185,0.272377602127371,-3.82434824416411e-06,1.33369443904955e-05,"s__GGB9634_SGB15100"
"fixed",NA,"ResponseResponder:Days2",-9.70752175466049e-07,2.2581075842454e-06,-0.429896335426574,61.5086938802875,0.668773430434152,-5.48536223814608e-06,3.54385788721398e-06,"s__GGB9637_SGB15111"
"fixed",NA,"ResponseResponder:Days2",2.80882138468767e-07,5.15101856531684e-07,0.545294362478172,77.3654274534635,0.587119767120728,-7.44739386782045e-07,1.30650366371958e-06,"s__GGB9199_SGB14138"
"fixed",NA,"ResponseResponder:Days2",-5.81584065052562e-07,1.7048153978137e-06,-0.341141959298585,67.0887874730941,0.734062828623298,-3.98432706202836e-06,2.82115893192324e-06,"s__Dysosmobacter_SGB15074"
"fixed",NA,"ResponseResponder:Days2",3.43506938647009e-07,4.78278114759829e-07,0.718215883282687,78.9632980401754,0.474743907624305,-6.08488715508639e-07,1.29550259280266e-06,"s__GGB9640_SGB15115"
"fixed",NA,"ResponseResponder:Days2",-1.51621773710207e-06,1.57530043769745e-06,-0.96249432858551,63.0677993551213,0.339477279123982,-4.66413824020559e-06,1.63170276600146e-06,"s__GGB9289_SGB14244"
"fixed",NA,"ResponseResponder:Days2",4.82578786798014e-06,1.01352774454465e-05,0.476137717389101,50.7528885096938,0.636019625647877,-1.55240363329532e-05,2.51756120689135e-05,"s__GGB9712_SGB15244"
"fixed",NA,"ResponseResponder:Days2",-5.79424461790657e-07,8.46146572741331e-07,-0.684780250203517,74.2106002367504,0.495615833802931,-2.2653288148085e-06,1.10647989122719e-06,"s__GGB33512_SGB15202"
"fixed",NA,"ResponseResponder:Days2",3.51374724905709e-07,3.06013183956768e-07,1.14823394326484,81.9999999991521,0.254210690042632,-2.57382980668031e-07,9.60132430479449e-07,"s__GGB38145_SGB53822"
"fixed",NA,"ResponseResponder:Days2",2.31934442398425e-06,2.08223320344932e-06,1.11387351817373,70.38386683101,0.26912285796166,-1.83314058929366e-06,6.47182943726215e-06,"s__GGB9634_SGB15097"
"fixed",NA,"ResponseResponder:Days2",1.51223359499629e-07,8.89771966002038e-07,0.169957433227653,36.5687888108316,0.86598039208348,-1.65234375291316e-06,1.95479047191241e-06,"s__GGB9296_SGB14253"
"fixed",NA,"ResponseResponder:Days2",-1.18980431587945e-06,2.50804954846472e-06,-0.474394262508799,63.5072934711289,0.636845948551695,-6.20095802406789e-06,3.821349392309e-06,"s__GGB9590_SGB15012"
"fixed",NA,"ResponseResponder:Days2",1.21518138724147e-06,5.94785531741258e-07,2.04305808126163,68.0594190909087,0.0449213946244421,2.83240998885364e-08,2.40203867459441e-06,"s__GGB9444_SGB14834"
"fixed",NA,"ResponseResponder:Days2",-3.59019510682581e-06,5.16157871552162e-06,-0.695561436664632,68.0570134463206,0.489071885054777,-1.38898088385841e-05,6.70941862493244e-06,"s__Dysosmobacter_sp_Marseille_Q4140"
"fixed",NA,"ResponseResponder:Days2",2.13368298099579e-07,1.85823019212354e-07,1.14823394326484,81.9999999981834,0.254210690042671,-1.56292882362824e-07,5.83029478561983e-07,"s__GGB4564_SGB6302"
"fixed",NA,"ResponseResponder:Days2",-4.49120818344279e-08,8.87140330550427e-07,-0.050625679261546,68.4078466757987,0.959771333255042,-1.81498196374659e-06,1.72515780007774e-06,"s__Ellagibacter_isourolithinifaciens"
"fixed",NA,"ResponseResponder:Days2",1.68261792297057e-07,1.33675326982596e-07,1.25873484729881,81.9999999992173,0.211697966577909,-9.76610163007586e-08,4.34184600894874e-07,"s__Butyricicoccus_intestinisimiae"
"fixed",NA,"ResponseResponder:Days2",3.85800881185069e-07,1.4750637299217e-06,0.261548618787847,72.7167017897214,0.794408866077258,-2.55418985798403e-06,3.32579162035417e-06,"s__GGB9636_SGB15107"
"fixed",NA,"ResponseResponder:Days2",1.59427419423702e-07,4.51615433820363e-07,0.353015879185202,77.5468756375096,0.725034327574185,-7.39752600816428e-07,1.05860743966383e-06,"s__GGB6649_SGB9391"
"fixed",NA,"ResponseResponder:Days2",-6.5899379648012e-05,9.2248806424494e-05,-0.714365661760089,77.0704498586363,0.477159212807634,-0.000249587541306387,0.000117788782010363,"s__Enterococcus_faecalis"
"fixed",NA,"ResponseResponder:Days2",3.41702812440581e-08,1.16507127259344e-07,0.293289192239674,81.9999999990654,0.770042089246349,-1.97599509051667e-07,2.65940071539784e-07,"s__GGB9559_SGB14969"
"fixed",NA,"ResponseResponder:Days2",-4.39765869160814e-06,3.08215557963808e-06,-1.42681268935961,46.9674304554334,0.160248238575323,-1.05982694440318e-05,1.80295206081556e-06,"s__Clostridium_sp_1001270J_160509_D11"
"fixed",NA,"ResponseResponder:Days2",1.67488584887229e-06,1.07525068462257e-06,1.55767010691111,81.9999999981934,0.123162825465916,-4.64130291621905e-07,3.81390198936649e-06,"s__GGB9711_SGB15240"
"fixed",NA,"ResponseResponder:Days2",-4.64113785509342e-07,8.61336814113041e-07,-0.538829616829117,71.2333060801258,0.591684452109481,-2.18147313980944e-06,1.25324556879075e-06,"s__GGB34228_SGB53814"
"fixed",NA,"ResponseResponder:Days2",-4.08587056829616e-07,1.69945345751013e-06,-0.240422622357799,81.9999999992046,0.810602700718874,-3.78934135684493e-06,2.97216724318569e-06,"c__CFGB1217"
"fixed",NA,"ResponseResponder:Days2",3.68639713584554e-07,2.14397260848621e-06,0.171942361635319,77.506117381682,0.863931003478248,-3.90011031599178e-06,4.63738974316089e-06,"c__CFGB2906"
"fixed",NA,"ResponseResponder:Days2",-4.08587056829616e-07,1.69945345751013e-06,-0.240422622357799,81.9999999992046,0.810602700718874,-3.78934135684493e-06,2.97216724318569e-06,"o__OFGB1217"
"fixed",NA,"ResponseResponder:Days2",3.68639713584554e-07,2.14397260848621e-06,0.171942361635319,77.506117381682,0.863931003478248,-3.90011031599178e-06,4.63738974316089e-06,"o__OFGB2906"
"fixed",NA,"ResponseResponder:Days2",-4.08587056829616e-07,1.69945345751013e-06,-0.240422622357799,81.9999999992046,0.810602700718874,-3.78934135684493e-06,2.97216724318569e-06,"f__FGB1217"
"fixed",NA,"ResponseResponder:Days2",3.68639713584554e-07,2.14397260848621e-06,0.171942361635319,77.506117381682,0.863931003478248,-3.90011031599178e-06,4.63738974316089e-06,"f__FGB2906"
"fixed",NA,"ResponseResponder:Days2",-4.87194541830851e-07,1.77690034037971e-06,-0.27418225477223,48.2897193154532,0.785114066882593,-4.05933846160103e-06,3.08494937793932e-06,"g__Lachnotalea"
"fixed",NA,"ResponseResponder:Days2",-2.32623938246237e-06,1.29147661785601e-06,-1.8012245442927,81.9999999989154,0.0753435318393042,-4.89539778447181e-06,2.42919019547073e-07,"g__Guopingia"
"fixed",NA,"ResponseResponder:Days2",-4.08587056829616e-07,1.69945345751013e-06,-0.240422622357799,81.9999999992046,0.810602700718874,-3.78934135684493e-06,2.97216724318569e-06,"g__GGB2982"
"fixed",NA,"ResponseResponder:Days2",3.68639713584554e-07,2.14397260848621e-06,0.171942361635319,77.506117381682,0.863931003478248,-3.90011031599178e-06,4.63738974316089e-06,"g__GGB9225"
"fixed",NA,"ResponseResponder:Days2",-4.87194541830851e-07,1.77690034037971e-06,-0.27418225477223,48.2897193154532,0.785114066882593,-4.05933846160103e-06,3.08494937793932e-06,"s__Lachnotalea_sp_AF33_28"
"fixed",NA,"ResponseResponder:Days2",-2.32623938246237e-06,1.29147661785601e-06,-1.8012245442927,81.9999999989154,0.0753435318393042,-4.89539778447181e-06,2.42919019547073e-07,"s__Guopingia_tenuis"
"fixed",NA,"ResponseResponder:Days2",-5.10898947989268e-06,1.97774612199463e-06,-2.58323827465785,73.2297486953488,0.0117830182659623,-9.05042349052129e-06,-1.16755546926406e-06,"s__Clostridium_spiroforme"
"fixed",NA,"ResponseResponder:Days2",-6.16172205688515e-07,5.84055993886634e-07,-1.05498824108997,77.1582025340264,0.294723017236798,-1.77913821706832e-06,5.46793805691291e-07,"s__Pseudoflavonifractor_gallinarum"
"fixed",NA,"ResponseResponder:Days2",-4.08587056829616e-07,1.69945345751013e-06,-0.240422622357799,81.9999999992046,0.810602700718874,-3.78934135684493e-06,2.97216724318569e-06,"s__GGB2982_SGB3964"
"fixed",NA,"ResponseResponder:Days2",3.68639713584554e-07,2.14397260848621e-06,0.171942361635319,77.506117381682,0.863931003478248,-3.90011031599178e-06,4.63738974316089e-06,"s__GGB9225_SGB14166"
"fixed",NA,"ResponseResponder:Days2",-5.25832455760666e-06,5.66391198298884e-06,-0.928390937818184,65.6627654690711,0.356605088309478,-1.65677738402462e-05,6.05112472503288e-06,"c__CFGB79237"
"fixed",NA,"ResponseResponder:Days2",-9.17617551215716e-07,2.8613047061178e-06,-0.320698997647383,67.7897928128182,0.749425044645632,-6.62758279377524e-06,4.79234769134381e-06,"c__Opitutae"
"fixed",NA,"ResponseResponder:Days2",-1.68237160390312e-06,7.61181355202718e-06,-0.221021126227543,38.497898519523,0.826244070147538,-1.70851405797163e-05,1.37203973719101e-05,"c__CFGB1670"
"fixed",NA,"ResponseResponder:Days2",1.2472122293674e-07,9.21417297172146e-07,0.135358022168145,45.3098814458662,0.892928368544575,-1.73075822593843e-06,1.98020067181191e-06,"c__CFGB2378"
"fixed",NA,"ResponseResponder:Days2",-1.66348554116131e-06,1.64290667431791e-06,-1.01252588912388,60.1343990414397,0.315343468029497,-4.94963712300784e-06,1.62266604068523e-06,"c__CFGB2992"
"fixed",NA,"ResponseResponder:Days2",-3.06702687013118e-06,4.76080096082339e-06,-0.644224972934121,66.1235492116224,0.521658090426088,-1.25719411869397e-05,6.43788744667732e-06,"c__CFGB2840"
"fixed",NA,"ResponseResponder:Days2",-5.25832455760666e-06,5.66391198298884e-06,-0.928390937818184,65.6627654690711,0.356605088309478,-1.65677738402462e-05,6.05112472503288e-06,"o__OFGB79237"
"fixed",NA,"ResponseResponder:Days2",-9.17617551215716e-07,2.8613047061178e-06,-0.320698997647383,67.7897928128182,0.749425044645632,-6.62758279377524e-06,4.79234769134381e-06,"o__Puniceicoccales"
"fixed",NA,"ResponseResponder:Days2",-1.68237160390312e-06,7.61181355202718e-06,-0.221021126227543,38.497898519523,0.826244070147538,-1.70851405797163e-05,1.37203973719101e-05,"o__OFGB1670"
"fixed",NA,"ResponseResponder:Days2",1.2472122293674e-07,9.21417297172146e-07,0.135358022168145,45.3098814458662,0.892928368544575,-1.73075822593843e-06,1.98020067181191e-06,"o__OFGB2378"
"fixed",NA,"ResponseResponder:Days2",-1.66348554116131e-06,1.64290667431791e-06,-1.01252588912388,60.1343990414397,0.315343468029497,-4.94963712300784e-06,1.62266604068523e-06,"o__OFGB2992"
"fixed",NA,"ResponseResponder:Days2",-3.06702687013118e-06,4.76080096082339e-06,-0.644224972934121,66.1235492116224,0.521658090426088,-1.25719411869397e-05,6.43788744667732e-06,"o__OFGB2840"
"fixed",NA,"ResponseResponder:Days2",-5.25832455760666e-06,5.66391198298884e-06,-0.928390937818184,65.6627654690711,0.356605088309478,-1.65677738402462e-05,6.05112472503288e-06,"f__FGB79237"
"fixed",NA,"ResponseResponder:Days2",-9.17617551215716e-07,2.8613047061178e-06,-0.320698997647383,67.7897928128182,0.749425044645632,-6.62758279377524e-06,4.79234769134381e-06,"f__Puniceicoccaceae"
"fixed",NA,"ResponseResponder:Days2",-1.68237160390312e-06,7.61181355202718e-06,-0.221021126227543,38.497898519523,0.826244070147538,-1.70851405797163e-05,1.37203973719101e-05,"f__FGB1670"
"fixed",NA,"ResponseResponder:Days2",1.2472122293674e-07,9.21417297172146e-07,0.135358022168145,45.3098814458662,0.892928368544575,-1.73075822593843e-06,1.98020067181191e-06,"f__FGB2378"
"fixed",NA,"ResponseResponder:Days2",-1.66348554116131e-06,1.64290667431791e-06,-1.01252588912388,60.1343990414397,0.315343468029497,-4.94963712300784e-06,1.62266604068523e-06,"f__FGB2992"
"fixed",NA,"ResponseResponder:Days2",-3.06702687013118e-06,4.76080096082339e-06,-0.644224972934121,66.1235492116224,0.521658090426088,-1.25719411869397e-05,6.43788744667732e-06,"f__FGB2840"
"fixed",NA,"ResponseResponder:Days2",3.16983055093006e-05,5.16919070204492e-05,0.613216020387114,76.1313030938699,0.541561229745489,-7.12521783972736e-05,0.000134648789415875,"g__GGB6608"
"fixed",NA,"ResponseResponder:Days2",2.58638946657248e-06,1.47201174412838e-05,0.175704404322124,69.096748573303,0.861040086669638,-2.67787078056292e-05,3.19514867387742e-05,"g__GGB1550"
"fixed",NA,"ResponseResponder:Days2",-5.72207023630065e-05,7.3002022326111e-05,-0.783823523509979,80.7320070342906,0.435437319188776,-0.000202479137439005,8.80377327129924e-05,"g__GGB3733"
"fixed",NA,"ResponseResponder:Days2",-2.00027420396981e-06,3.63742067772071e-06,-0.549915553133994,76.0717219837824,0.58398830084856,-9.24471488025414e-06,5.24416647231451e-06,"g__GGB6006"
"fixed",NA,"ResponseResponder:Days2",-1.16791327087442e-06,2.57295803898264e-06,-0.453918506706863,51.7879412600922,0.651784106165263,-6.33143456671138e-06,3.99560802496254e-06,"g__GGB9759"
"fixed",NA,"ResponseResponder:Days2",-4.53561204092514e-06,5.63966704823734e-06,-0.804234009229806,65.6115074937773,0.424166287865001,-1.57968151772781e-05,6.72559109542785e-06,"g__GGB9061"
"fixed",NA,"ResponseResponder:Days2",-1.10824775870814e-06,2.85856572952325e-06,-0.387693642046488,67.7866329136052,0.699457493964364,-6.81275198181665e-06,4.59625646440036e-06,"g__Puniceicoccaceae_unclassified"
"fixed",NA,"ResponseResponder:Days2",-4.24217224323705e-07,9.37260353007592e-07,-0.452614071386277,65.6465753219849,0.652318948204712,-2.29570596020058e-06,1.44727151155317e-06,"g__Jilunia"
"fixed",NA,"ResponseResponder:Days2",-1.68237160390312e-06,7.61181355202718e-06,-0.221021126227543,38.497898519523,0.826244070147538,-1.70851405797163e-05,1.37203973719101e-05,"g__GGB47687"
"fixed",NA,"ResponseResponder:Days2",-1.02667266080105e-06,2.29717894604637e-06,-0.446927594634297,66.6302288150879,0.656376724049434,-5.61232881852463e-06,3.55898349692252e-06,"g__GGB2998"
"fixed",NA,"ResponseResponder:Days2",-3.12254011934227e-08,9.1518950087601e-07,-0.0341190553033378,45.0922207068275,0.972932800643179,-1.87440763290726e-06,1.81195683052041e-06,"g__GGB6518"
"fixed",NA,"ResponseResponder:Days2",-1.66348554116131e-06,1.64290667431791e-06,-1.01252588912388,60.1343990414397,0.315343468029497,-4.94963712300784e-06,1.62266604068523e-06,"g__GGB9412"
"fixed",NA,"ResponseResponder:Days2",-3.07100227761279e-06,4.76050607570027e-06,-0.645099959705658,66.1279624186166,0.521094333589941,-1.25753160410642e-05,6.43331148583865e-06,"g__GGB9092"
"fixed",NA,"ResponseResponder:Days2",-3.33871717379121e-07,3.06552985995447e-07,-1.08911585478433,71.3645872505424,0.279766995744468,-9.45066900107889e-07,2.77323465349646e-07,"g__Fournierella"
"fixed",NA,"ResponseResponder:Days2",3.16983055093006e-05,5.16919070204492e-05,0.613216020387114,76.1313030938699,0.541561229745489,-7.12521783972736e-05,0.000134648789415875,"s__GGB6608_SGB9342"
"fixed",NA,"ResponseResponder:Days2",8.13322738406737e-06,1.47105989437677e-05,0.552882137237048,66.4585300933658,0.582199124305782,-2.12336491409352e-05,3.75001039090699e-05,"s__Enterobacter_roggenkampii"
"fixed",NA,"ResponseResponder:Days2",2.58638946657248e-06,1.47201174412838e-05,0.175704404322124,69.096748573303,0.861040086669638,-2.67787078056292e-05,3.19514867387742e-05,"s__GGB1550_SGB2135"
"fixed",NA,"ResponseResponder:Days2",-5.72207023630065e-05,7.3002022326111e-05,-0.783823523509979,80.7320070342906,0.435437319188776,-0.000202479137439005,8.80377327129924e-05,"s__GGB3733_SGB5066"
"fixed",NA,"ResponseResponder:Days2",-9.93578190398416e-06,1.57559123665277e-05,-0.630606573129462,69.4576061066845,0.530367263367239,-4.13642730610224e-05,2.14927092530541e-05,"s__GGB9635_SGB15103"
"fixed",NA,"ResponseResponder:Days2",-2.00027420396981e-06,3.63742067772071e-06,-0.549915553133994,76.0717219837824,0.58398830084856,-9.24471488025414e-06,5.24416647231451e-06,"s__GGB6006_SGB8630"
"fixed",NA,"ResponseResponder:Days2",-1.16791327087442e-06,2.57295803898264e-06,-0.453918506706863,51.7879412600922,0.651784106165263,-6.33143456671138e-06,3.99560802496254e-06,"s__GGB9759_SGB15370"
"fixed",NA,"ResponseResponder:Days2",-4.53561204092514e-06,5.63966704823734e-06,-0.804234009229806,65.6115074937773,0.424166287865001,-1.57968151772781e-05,6.72559109542785e-06,"s__GGB9061_SGB13979"
"fixed",NA,"ResponseResponder:Days2",-1.10824775870814e-06,2.85856572952325e-06,-0.387693642046488,67.7866329136052,0.699457493964364,-6.81275198181665e-06,4.59625646440036e-06,"s__Puniceicoccaceae_unclassified_SGB60941"
"fixed",NA,"ResponseResponder:Days2",-1.29203419360289e-06,3.92995063011189e-06,-0.328766011385264,62.9327955436197,0.74342408957507,-9.14557799767115e-06,6.56150961046537e-06,"s__Blautia_sp_MCC283"
"fixed",NA,"ResponseResponder:Days2",-4.24217224323705e-07,9.37260353007592e-07,-0.452614071386277,65.6465753219849,0.652318948204712,-2.29570596020058e-06,1.44727151155317e-06,"s__Jilunia_laotingensis"
"fixed",NA,"ResponseResponder:Days2",-3.67121280718291e-06,1.11161779447025e-05,-0.330258549786211,66.4031341875132,0.742244326008416,-2.58628634644406e-05,1.85204378500747e-05,"s__Enterococcus_faecium"
"fixed",NA,"ResponseResponder:Days2",-1.68237160390312e-06,7.61181355202718e-06,-0.221021126227543,38.497898519523,0.826244070147538,-1.70851405797163e-05,1.37203973719101e-05,"s__GGB47687_SGB2286"
"fixed",NA,"ResponseResponder:Days2",-1.02667266080105e-06,2.29717894604637e-06,-0.446927594634297,66.6302288150879,0.656376724049434,-5.61232881852463e-06,3.55898349692252e-06,"s__GGB2998_SGB3988"
"fixed",NA,"ResponseResponder:Days2",2.62431987167663e-07,5.31358144639549e-07,0.493889083690787,74.6042516792633,0.622835510756632,-7.96179760620873e-07,1.3210437349562e-06,"s__GGB6518_SGB9206"
"fixed",NA,"ResponseResponder:Days2",-8.92954725245048e-06,9.3102323363988e-06,-0.959111108059031,74.0112126957197,0.340625583346796,-2.74805434346515e-05,9.62144892975057e-06,"s__Bacteroides_pectinophilus"
"fixed",NA,"ResponseResponder:Days2",-1.66348554116131e-06,1.64290667431791e-06,-1.01252588912388,60.1343990414397,0.315343468029497,-4.94963712300784e-06,1.62266604068523e-06,"s__GGB9412_SGB14770"
"fixed",NA,"ResponseResponder:Days2",-3.07100227761279e-06,4.76050607570027e-06,-0.645099959705658,66.1279624186166,0.521094333589941,-1.25753160410642e-05,6.43331148583865e-06,"s__GGB9092_SGB14022"
"fixed",NA,"ResponseResponder:Days2",7.66943254541374e-06,1.38117646942705e-05,0.555282595322178,57.0949512915552,0.580870603301162,-1.99871523833082e-05,3.53260174741356e-05,"s__Lawsonibacter_hominis"
"fixed",NA,"ResponseResponder:Days2",-3.49293245424224e-06,5.5097653352084e-06,-0.633953034609617,75.3707745027772,0.528030812046396,-1.44680628968285e-05,7.48219798834399e-06,"s__Eubacterium_sp_AF16_48"
"fixed",NA,"ResponseResponder:Days2",-3.33871717379121e-07,3.06552985995447e-07,-1.08911585478433,71.3645872505424,0.279766995744468,-9.45066900107889e-07,2.77323465349646e-07,"s__Fournierella_massiliensis"
"fixed",NA,"ResponseResponder:Days2",1.43238100149317e-06,1.06104221720571e-06,1.34997550358118,81.1068028304286,0.180779358965655,-6.78718044838732e-07,3.54348004782507e-06,"c__CFGB10318"
"fixed",NA,"ResponseResponder:Days2",-2.19782011370163e-06,1.78331097921138e-06,-1.23243794230076,56.7483438643304,0.2228672952216,-5.7691819898142e-06,1.37354176241094e-06,"c__CFGB2846"
"fixed",NA,"ResponseResponder:Days2",-1.58412885132825e-06,1.50583518028644e-06,-1.05199351965394,77.6657323536834,0.2960646626178,-4.58221965026078e-06,1.41396194760427e-06,"c__CFGB9512"
"fixed",NA,"ResponseResponder:Days2",1.43238100149317e-06,1.06104221720571e-06,1.34997550358118,81.1068028304286,0.180779358965655,-6.78718044838732e-07,3.54348004782507e-06,"o__OFGB10318"
"fixed",NA,"ResponseResponder:Days2",-2.19782011370163e-06,1.78331097921138e-06,-1.23243794230076,56.7483438643304,0.2228672952216,-5.7691819898142e-06,1.37354176241094e-06,"o__OFGB2846"
"fixed",NA,"ResponseResponder:Days2",-1.58412885132825e-06,1.50583518028644e-06,-1.05199351965394,77.6657323536834,0.2960646626178,-4.58221965026078e-06,1.41396194760427e-06,"o__OFGB9512"
"fixed",NA,"ResponseResponder:Days2",1.43238100149317e-06,1.06104221720571e-06,1.34997550358118,81.1068028304286,0.180779358965655,-6.78718044838732e-07,3.54348004782507e-06,"f__FGB10318"
"fixed",NA,"ResponseResponder:Days2",-2.19782011370163e-06,1.78331097921138e-06,-1.23243794230076,56.7483438643304,0.2228672952216,-5.7691819898142e-06,1.37354176241094e-06,"f__FGB2846"
"fixed",NA,"ResponseResponder:Days2",-1.58412885132825e-06,1.50583518028644e-06,-1.05199351965394,77.6657323536834,0.2960646626178,-4.58221965026078e-06,1.41396194760427e-06,"f__FGB9512"
"fixed",NA,"ResponseResponder:Days2",9.50507581842505e-05,0.00010721333261109,0.886557258032838,49.0700361455222,0.379641802839123,-0.000120394722103344,0.000310496238471845,"g__GGB3220"
"fixed",NA,"ResponseResponder:Days2",7.89811734273456e-06,5.86073108688023e-06,1.34763346511755,81.1211004589003,0.181528065462532,-3.7626352592246e-06,1.95588699446937e-05,"g__GGB9620"
"fixed",NA,"ResponseResponder:Days2",8.35240912860387e-06,1.13837380333237e-05,0.733714102007073,64.4179166724493,0.465785059183188,-1.43863808030313e-05,3.10911990602391e-05,"g__GGB9695"
"fixed",NA,"ResponseResponder:Days2",6.81935963219514e-06,5.05146916673347e-06,1.34997550358302,81.1068027079202,0.180779358970719,-3.23127885115784e-06,1.68699981155481e-05,"g__GGB32451"
"fixed",NA,"ResponseResponder:Days2",-1.31374856082688e-05,1.92939078394945e-05,-0.680913670654964,74.6606583690004,0.498032548057589,-5.15757845565142e-05,2.53008133399766e-05,"g__GGB9716"
"fixed",NA,"ResponseResponder:Days2",8.13694470410867e-06,5.47782414604352e-06,1.48543372097583,64.4550301663813,0.142303820803182,-2.80477936002889e-06,1.90786687682462e-05,"g__GGB9668"
"fixed",NA,"ResponseResponder:Days2",5.46269076928482e-06,3.54487774273945e-06,1.54100963861826,75.316449724011,0.127505680645228,-1.59858152279026e-06,1.25239630613599e-05,"g__GGB3678"
"fixed",NA,"ResponseResponder:Days2",-9.84628937855945e-05,8.82106592885827e-05,-1.11622444021727,80.3893080355804,0.267651459554935,-0.000273994650401695,7.70688628305064e-05,"g__GGB74708"
"fixed",NA,"ResponseResponder:Days2",1.73233628111425e-06,1.49324196443227e-06,1.16011759806984,76.7385793682312,0.24959758118635,-1.24125000409684e-06,4.70592256632533e-06,"g__GGB9765"
"fixed",NA,"ResponseResponder:Days2",1.43238100149317e-06,1.06104221720571e-06,1.34997550358118,81.1068028304286,0.180779358965655,-6.78718044838732e-07,3.54348004782507e-06,"g__GGB4658"
"fixed",NA,"ResponseResponder:Days2",3.26964173488554e-06,7.28797412944882e-06,0.448635200511177,69.2544878023428,0.655095457674246,-1.12685157658953e-05,1.78077992356664e-05,"g__GGB3365"
"fixed",NA,"ResponseResponder:Days2",-2.19782011370163e-06,1.78331097921138e-06,-1.23243794230076,56.7483438643304,0.2228672952216,-5.7691819898142e-06,1.37354176241094e-06,"g__GGB9117"
"fixed",NA,"ResponseResponder:Days2",1.91586946614716e-07,2.33404101817072e-06,0.0820837959244052,41.2014473074406,0.934977556591173,-4.52140470330846e-06,4.90457859653789e-06,"g__GGB9580"
"fixed",NA,"ResponseResponder:Days2",5.10747717617097e-06,8.84125188857004e-06,0.577687101390462,76.0774461660468,0.565181290091993,-1.25011121580605e-05,2.27160665104025e-05,"g__GGB45495"
"fixed",NA,"ResponseResponder:Days2",2.48512046684081e-06,3.78956689386323e-06,0.655779548545556,59.2230796186067,0.51450562014124,-5.09718778393793e-06,1.00674287176196e-05,"g__GGB3032"
"fixed",NA,"ResponseResponder:Days2",9.84340723632026e-07,7.18404914479871e-07,1.37017537574154,75.0189626702585,0.17471878007059,-4.46789324577927e-07,2.41547077184198e-06,"g__GGB3816"
"fixed",NA,"ResponseResponder:Days2",2.23948459748098e-07,1.82939019864415e-07,1.22416999891044,76.3224949847186,0.224653540428039,-1.40381279548314e-07,5.88278199044511e-07,"g__GGB9116"
"fixed",NA,"ResponseResponder:Days2",-1.62231711081234e-06,1.50172401404973e-06,-1.08030310205761,77.3229002558381,0.283365310371982,-4.61243238258524e-06,1.36779816096056e-06,"g__GGB74699"
"fixed",NA,"ResponseResponder:Days2",9.50507581842505e-05,0.00010721333261109,0.886557258032838,49.0700361455222,0.379641802839123,-0.000120394722103344,0.000310496238471845,"s__GGB3220_SGB4252"
"fixed",NA,"ResponseResponder:Days2",8.95583585862803e-05,0.000156230179995488,0.573246210104006,41.7975087187055,0.569549529740393,-0.000225772167293949,0.00040488888446651,"s__Odoribacter_laneus"
"fixed",NA,"ResponseResponder:Days2",8.72513698258736e-06,9.52371795087489e-06,0.916148192081416,45.5418729405484,0.364415114168857,-1.04503182916604e-05,2.79005922568351e-05,"s__Flavonifractor_sp_An10"
"fixed",NA,"ResponseResponder:Days2",1.54186244703304e-05,8.99022289651307e-06,1.71504362548237,66.2104959468268,0.0910143152939742,-2.52986960858912e-06,3.33671185492499e-05,"s__Eubacteriaceae_bacterium_Marseille_Q4139"
"fixed",NA,"ResponseResponder:Days2",5.67073791219105e-06,5.12429709757597e-06,1.10663722344935,49.8580189652709,0.273761723735526,-4.62244197298774e-06,1.59639177973698e-05,"s__Lachnoclostridium_sp_An14"
"fixed",NA,"ResponseResponder:Days2",7.89811734273456e-06,5.86073108688023e-06,1.34763346511755,81.1211004589003,0.181528065462532,-3.7626352592246e-06,1.95588699446937e-05,"s__GGB9620_SGB15068"
"fixed",NA,"ResponseResponder:Days2",7.75694141448137e-06,1.0099318383459e-05,0.768065835728672,63.1311901011582,0.445311579893864,-1.24241152287855e-05,2.79379980577483e-05,"s__GGB9695_SGB15211"
"fixed",NA,"ResponseResponder:Days2",6.81935963219514e-06,5.05146916673347e-06,1.34997550358302,81.1068027079202,0.180779358970719,-3.23127885115784e-06,1.68699981155481e-05,"s__GGB32451_SGB47419"
"fixed",NA,"ResponseResponder:Days2",-1.31374856082688e-05,1.92939078394945e-05,-0.680913670654964,74.6606583690004,0.498032548057589,-5.15757845565142e-05,2.53008133399766e-05,"s__GGB9716_SGB15269"
"fixed",NA,"ResponseResponder:Days2",8.13694470410867e-06,5.47782414604352e-06,1.48543372097583,64.4550301663813,0.142303820803182,-2.80477936002889e-06,1.90786687682462e-05,"s__GGB9668_SGB15165"
"fixed",NA,"ResponseResponder:Days2",5.46269076928482e-06,3.54487774273945e-06,1.54100963861826,75.316449724011,0.127505680645228,-1.59858152279026e-06,1.25239630613599e-05,"s__GGB3678_SGB4991"
"fixed",NA,"ResponseResponder:Days2",-9.84628937855945e-05,8.82106592885827e-05,-1.11622444021727,80.3893080355804,0.267651459554935,-0.000273994650401695,7.70688628305064e-05,"s__GGB74708_SGB54312"
"fixed",NA,"ResponseResponder:Days2",1.73233628111425e-06,1.49324196443227e-06,1.16011759806984,76.7385793682312,0.24959758118635,-1.24125000409684e-06,4.70592256632533e-06,"s__GGB9765_SGB15382"
"fixed",NA,"ResponseResponder:Days2",-9.08279874806804e-06,1.50475157732651e-05,-0.603607856933133,49.2824472940525,0.548872723126106,-3.93175307548734e-05,2.11519332587374e-05,"s__Pseudoflavonifractor_capillosus"
"fixed",NA,"ResponseResponder:Days2",1.43238100149317e-06,1.06104221720571e-06,1.34997550358118,81.1068028304286,0.180779358965655,-6.78718044838732e-07,3.54348004782507e-06,"s__GGB4658_SGB6445"
"fixed",NA,"ResponseResponder:Days2",3.26964173488554e-06,7.28797412944882e-06,0.448635200511177,69.2544878023428,0.655095457674246,-1.12685157658953e-05,1.78077992356664e-05,"s__GGB3365_SGB4451"
"fixed",NA,"ResponseResponder:Days2",1.29955728455341e-06,9.62652493397193e-07,1.34997550358727,81.1068025210817,0.180779358977988,-6.15780981843936e-07,3.21489555095076e-06,"s__Erysipelatoclostridium_sp_An15"
"fixed",NA,"ResponseResponder:Days2",-2.19782011370163e-06,1.78331097921138e-06,-1.23243794230076,56.7483438643304,0.2228672952216,-5.7691819898142e-06,1.37354176241094e-06,"s__GGB9117_SGB14050"
"fixed",NA,"ResponseResponder:Days2",5.44564773958995e-07,2.09335271705749e-06,0.260139999113222,58.5721393966768,0.795668099342746,-3.64486465466435e-06,4.73399420258234e-06,"s__GGB9580_SGB14996"
"fixed",NA,"ResponseResponder:Days2",5.10747717617097e-06,8.84125188857004e-06,0.577687101390462,76.0774461660468,0.565181290091993,-1.25011121580605e-05,2.27160665104025e-05,"s__GGB45495_SGB63167"
"fixed",NA,"ResponseResponder:Days2",2.48512046684081e-06,3.78956689386323e-06,0.655779548545556,59.2230796186067,0.51450562014124,-5.09718778393793e-06,1.00674287176196e-05,"s__GGB3032_SGB4027"
"fixed",NA,"ResponseResponder:Days2",9.84340723632026e-07,7.18404914479871e-07,1.37017537574154,75.0189626702585,0.17471878007059,-4.46789324577927e-07,2.41547077184198e-06,"s__GGB3816_SGB5181"
"fixed",NA,"ResponseResponder:Days2",-9.7602232929571e-07,1.66556424777191e-06,-0.586001008728046,52.1346123054002,0.560403364532496,-4.31801610981251e-06,2.36597145122109e-06,"s__GGB9210_SGB14149"
"fixed",NA,"ResponseResponder:Days2",8.04274967738966e-07,7.37479865536915e-07,1.09057210281046,67.5197139006169,0.279337886159809,-6.67532758991408e-07,2.27608269446934e-06,"s__Eubacteriales_unclassified_SGB15150"
"fixed",NA,"ResponseResponder:Days2",2.23948459748098e-07,1.82939019864415e-07,1.22416999891044,76.3224949847186,0.224653540428039,-1.40381279548314e-07,5.88278199044511e-07,"s__GGB9116_SGB14049"
"fixed",NA,"ResponseResponder:Days2",-1.62231711081234e-06,1.50172401404973e-06,-1.08030310205761,77.3229002558381,0.283365310371982,-4.61243238258524e-06,1.36779816096056e-06,"s__GGB74699_SGB54317"
"fixed",NA,"ResponseResponder:Days2",2.07032919124689e-07,1.5336050067232e-07,1.34997550358191,81.1068025948683,0.180779358976293,-9.81002805524952e-08,5.12166118801873e-07,"s__Lachnoclostridium_sp_An118"
"fixed",NA,"ResponseResponder:Days2",1.89623824275739e-07,2.01431851597796e-07,0.941379542369325,69.5416420571658,0.349769127489725,-2.12165894804221e-07,5.914135433557e-07,"s__Clostridium_sp_Marseille_P3244"
"fixed",NA,"ResponseResponder:Days2",-4.9533985291628e-08,4.59510138025976e-08,-1.07797372011035,77.1642238267053,0.284403845426534,-1.41031035901722e-07,4.19630653184657e-08,"s__Flavonifractor_sp_An135"
"fixed",NA,"ResponseResponder:Days2",-5.0652307276282e-06,1.73473595354811e-05,-0.291988571359701,62.1325696488784,0.771268100234492,-3.97406366132883e-05,2.96101751580318e-05,"g__Longibaculum"
"fixed",NA,"ResponseResponder:Days2",5.89077974929138e-06,1.11064483962263e-05,0.530392753753121,78.047640021246,0.597345534764001,-1.62202479013366e-05,2.80018073999194e-05,"g__GGB3602"
"fixed",NA,"ResponseResponder:Days2",-2.88732311536561e-06,4.1143511467798e-06,-0.701768763131811,37.1451075601244,0.487197433556766,-1.12226912646206e-05,5.44804503388935e-06,"g__GGB9574"
"fixed",NA,"ResponseResponder:Days2",-5.0652307276282e-06,1.73473595354811e-05,-0.291988571359701,62.1325696488784,0.771268100234492,-3.97406366132883e-05,2.96101751580318e-05,"s__Longibaculum_muris"
"fixed",NA,"ResponseResponder:Days2",5.89077974929138e-06,1.11064483962263e-05,0.530392753753121,78.047640021246,0.597345534764001,-1.62202479013366e-05,2.80018073999194e-05,"s__GGB3602_SGB4865"
"fixed",NA,"ResponseResponder:Days2",-2.88732311536561e-06,4.1143511467798e-06,-0.701768763131811,37.1451075601244,0.487197433556766,-1.12226912646206e-05,5.44804503388935e-06,"s__GGB9574_SGB14987"
"fixed",NA,"ResponseResponder:Days2",-2.10632218740077e-06,5.09157478019025e-06,-0.413687764264176,51.5760133544771,0.680817990141717,-1.23253140214495e-05,8.11266964664801e-06,"g__GGB41473"
"fixed",NA,"ResponseResponder:Days2",-7.93354732187087e-05,0.000110113195477772,-0.720490154467668,39.9716760485258,0.475415886169533,-0.00030188745516903,0.000143216508731612,"g__Klebsiella"
"fixed",NA,"ResponseResponder:Days2",-6.78789513942026e-07,6.61280524649409e-07,-1.02647740049792,74.2762771693059,0.307997932461333,-1.99633829195257e-06,6.38759264068523e-07,"g__Veillonellaceae_unclassified"
"fixed",NA,"ResponseResponder:Days2",-2.10632218740077e-06,5.09157478019025e-06,-0.413687764264176,51.5760133544771,0.680817990141717,-1.23253140214495e-05,8.11266964664801e-06,"s__GGB41473_SGB58537"
"fixed",NA,"ResponseResponder:Days2",-6.81100773824785e-07,1.96815230501656e-06,-0.346061009652937,48.7139095219732,0.730787069102008,-4.63683853473151e-06,3.27463698708194e-06,"s__Schaalia_odontolytica"
"fixed",NA,"ResponseResponder:Days2",-3.9429515362717e-06,1.68768472164469e-06,-2.33630813012823,41.5943761585186,0.0243702245040269,-7.34982147043818e-06,-5.36081602105207e-07,"s__Veillonella_atypica"
"fixed",NA,"ResponseResponder:Days2",1.8387358853216e-20,3.33602406801519e-13,5.5117584520773e-08,2.74238831352069e-05,0.999999999711367,-Inf,Inf,"s__Klebsiella_oxytoca"
"fixed",NA,"ResponseResponder:Days2",-6.78789513942026e-07,6.61280524649409e-07,-1.02647740049792,74.2762771693059,0.307997932461333,-1.99633829195257e-06,6.38759264068523e-07,"s__Veillonellaceae_bacterium"
"fixed",NA,"ResponseResponder:Days2",-1.82021448095013e-07,5.03316986851366e-07,-0.361643760989861,81.3167772250629,0.718556274671188,-1.18340523687018e-06,8.1936234068016e-07,"s__Actinomyces_graevenitzii"
"fixed",NA,"ResponseResponder:Days2",-1.38927570273652e-06,9.21545556414459e-07,-1.50754967355266,74.086549375478,0.135922369297943,-3.22545966465474e-06,4.469082591817e-07,"c__CFGB45628"
"fixed",NA,"ResponseResponder:Days2",-1.38927570273652e-06,9.21545556414459e-07,-1.50754967355266,74.086549375478,0.135922369297943,-3.22545966465474e-06,4.469082591817e-07,"o__OFGB45628"
"fixed",NA,"ResponseResponder:Days2",-1.38927570273652e-06,9.21545556414459e-07,-1.50754967355266,74.086549375478,0.135922369297943,-3.22545966465474e-06,4.469082591817e-07,"f__FGB45628"
"fixed",NA,"ResponseResponder:Days2",3.82708473107314e-07,1.74629271668957e-06,0.219154824073716,76.8815622877835,0.827110222888595,-3.09469006535674e-06,3.86010701157137e-06,"g__GGB6002"
"fixed",NA,"ResponseResponder:Days2",-1.35524508673494e-06,9.00044243038579e-07,-1.50575385289903,73.9025741529007,0.136392822508753,-3.14866167268966e-06,4.38171499219789e-07,"g__GGB45613"
"fixed",NA,"ResponseResponder:Days2",-3.62481379136884e-07,3.19472585577866e-07,-1.13462436371879,64.4501038914034,0.260735097114934,-1.00061540700267e-06,2.75652648728899e-07,"g__GGB2987"
"fixed",NA,"ResponseResponder:Days2",-1.29806347168782e-07,1.24806876717329e-07,-1.04005765213383,81.9999999984781,0.301370091628721,-3.7808698308089e-07,1.18474288743327e-07,"g__GGB79342"
"fixed",NA,"ResponseResponder:Days2",-1.80987498273476e-06,1.43188433987805e-06,-1.26398126743177,74.1084870539527,0.210198073158043,-4.66289741362247e-06,1.04314744815295e-06,"g__Merdimonas"
"fixed",NA,"ResponseResponder:Days2",-4.15812998763997e-07,3.99798028417845e-07,-1.04005765213383,81.9999999978202,0.301370091628745,-1.21113863580255e-06,3.79512638274552e-07,"s__GGB6002_SGB24096"
"fixed",NA,"ResponseResponder:Days2",-1.35524508673494e-06,9.00044243038579e-07,-1.50575385289903,73.9025741529007,0.136392822508753,-3.14866167268966e-06,4.38171499219789e-07,"s__GGB45613_SGB63326"
"fixed",NA,"ResponseResponder:Days2",-3.62481379136884e-07,3.19472585577866e-07,-1.13462436371879,64.4501038914034,0.260735097114934,-1.00061540700267e-06,2.75652648728899e-07,"s__GGB2987_SGB3969"
"fixed",NA,"ResponseResponder:Days2",-1.29806347168782e-07,1.24806876717329e-07,-1.04005765213383,81.9999999984781,0.301370091628721,-3.7808698308089e-07,1.18474288743327e-07,"s__GGB79342_SGB106059"
"fixed",NA,"ResponseResponder:Days2",-1.80987498273476e-06,1.43188433987805e-06,-1.26398126743177,74.1084870539527,0.210198073158043,-4.66289741362247e-06,1.04314744815295e-06,"s__Merdimonas_faecis"
"fixed",NA,"ResponseResponder:Days2",7.59490935589684e-06,1.12128741629535e-05,0.677338320712617,81.0403926177359,0.500120412211791,-1.47150244436108e-05,2.99048431554045e-05,"c__CFGB1325"
"fixed",NA,"ResponseResponder:Days2",7.59490935589684e-06,1.12128741629535e-05,0.677338320712617,81.0403926177359,0.500120412211791,-1.47150244436108e-05,2.99048431554045e-05,"o__OFGB1325"
"fixed",NA,"ResponseResponder:Days2",7.59490935589684e-06,1.12128741629535e-05,0.677338320712617,81.0403926177359,0.500120412211791,-1.47150244436108e-05,2.99048431554045e-05,"f__FGB1325"
"fixed",NA,"ResponseResponder:Days2",-9.94391569489032e-06,1.82043965234053e-05,-0.546237041261185,77.5914403325548,0.586470271148205,-4.61890912297551e-05,2.63012598399745e-05,"g__GGB3480"
"fixed",NA,"ResponseResponder:Days2",7.59490935589684e-06,1.12128741629535e-05,0.677338320712617,81.0403926177359,0.500120412211791,-1.47150244436108e-05,2.99048431554045e-05,"g__GGB3175"
"fixed",NA,"ResponseResponder:Days2",-1.9112070709142e-20,3.65492274367782e-13,-5.22913124284267e-08,3.25456677438917e-05,0.999999999701691,-Inf,Inf,"g__GGB3004"
"fixed",NA,"ResponseResponder:Days2",3.73209645463112e-07,1.80744486651065e-06,0.2064846637251,49.6610960105892,0.837256592478251,-3.25776415280137e-06,4.00418344372759e-06,"g__GGB9240"
"fixed",NA,"ResponseResponder:Days2",5.62003068767617e-07,6.7659208398468e-07,0.830637960553411,75.2278731466458,0.408806677358041,-7.8577056265681e-07,1.90977670019204e-06,"g__GGB3518"
"fixed",NA,"ResponseResponder:Days2",6.52622179300943e-08,1.16594536923408e-07,0.559736499257815,46.920912392888,0.578321671354642,-1.69306172542115e-07,2.99830608402304e-07,"g__Youxingia"
"fixed",NA,"ResponseResponder:Days2",-2.53486952025593e-08,8.24606457209267e-08,-0.307403549668377,41.908499919168,0.760058701569678,-1.91771780423265e-07,1.41074390018146e-07,"g__GGB51441"
"fixed",NA,"ResponseResponder:Days2",-9.94391569489032e-06,1.82043965234053e-05,-0.546237041261185,77.5914403325548,0.586470271148205,-4.61890912297551e-05,2.63012598399745e-05,"s__GGB3480_SGB4648"
"fixed",NA,"ResponseResponder:Days2",1.76165443468898e-05,0.000101853389446128,0.172959824338566,39.8064037882948,0.863559485157482,-0.000188268025413047,0.000223501114106827,"s__Akkermansia_sp_BIOML_A66"
"fixed",NA,"ResponseResponder:Days2",7.59490935589684e-06,1.12128741629535e-05,0.677338320712617,81.0403926177359,0.500120412211791,-1.47150244436108e-05,2.99048431554045e-05,"s__GGB3175_SGB4191"
"fixed",NA,"ResponseResponder:Days2",-1.9112070709142e-20,3.65492274367782e-13,-5.22913124284267e-08,3.25456677438917e-05,0.999999999701691,-Inf,Inf,"s__GGB3004_SGB106198"
"fixed",NA,"ResponseResponder:Days2",3.73209645463112e-07,1.80744486651065e-06,0.2064846637251,49.6610960105892,0.837256592478251,-3.25776415280137e-06,4.00418344372759e-06,"s__GGB9240_SGB14182"
"fixed",NA,"ResponseResponder:Days2",3.85688548089681e-06,4.0694273642154e-06,0.947771058604564,58.9398355936656,0.347115850589453,-4.28619378661e-06,1.19999647484036e-05,"s__bacterium_210917_SL_2_15"
"fixed",NA,"ResponseResponder:Days2",5.62003068767617e-07,6.7659208398468e-07,0.830637960553411,75.2278731466458,0.408806677358041,-7.8577056265681e-07,1.90977670019204e-06,"s__GGB3518_SGB4697"
"fixed",NA,"ResponseResponder:Days2",-3.16430153955125e-16,1.49211782852758e-11,-2.1206780584304e-05,0.0290586194699618,0.999996455847577,-7.62244580108851e+32,7.62244580108851e+32,"s__Faecalibacillus_SGB6753"
"fixed",NA,"ResponseResponder:Days2",-1.34825006674205e-06,9.65616266410818e-07,-1.39625865226305,56.1260415257427,0.168134698552072,-3.2825160347387e-06,5.86015901254602e-07,"s__Clostridiales_bacterium_Marseille_P2846"
"fixed",NA,"ResponseResponder:Days2",-2.0786965547709e-07,2.04521257102542e-07,-1.01637188438006,79.0572677618462,0.3125527613162,-6.14954449579047e-07,1.99215138624866e-07,"s__Anaerotignum_sp_MSJ_24"
"fixed",NA,"ResponseResponder:Days2",-2.20139480960941e-06,3.75054071710829e-06,-0.586953982279844,46.45205697055,0.560076683772788,-9.74885961727862e-06,5.34606999805979e-06,"s__GGB3740_SGB5077"
"fixed",NA,"ResponseResponder:Days2",-3.53059961569653e-07,7.39346057498704e-07,-0.477530052387238,48.6129745940885,0.635124864628957,-1.83913075060051e-06,1.1330108274612e-06,"s__Streptococcus_mutans"
"fixed",NA,"ResponseResponder:Days2",6.52622179300943e-08,1.16594536923408e-07,0.559736499257815,46.920912392888,0.578321671354642,-1.69306172542115e-07,2.99830608402304e-07,"s__Youxingia_wuxianensis"
"fixed",NA,"ResponseResponder:Days2",-2.53486952025593e-08,8.24606457209267e-08,-0.307403549668377,41.908499919168,0.760058701569678,-1.91771780423265e-07,1.41074390018146e-07,"s__GGB51441_SGB71759"
"fixed",NA,"ResponseResponder:Days2",2.6412216344977e-06,3.30651236074548e-06,0.798793818481967,74.1669962844418,0.426960579217681,-3.94690158276751e-06,9.22934485176292e-06,"g__GGB4603"
"fixed",NA,"ResponseResponder:Days2",4.91275734010916e-06,1.32690377376441e-05,0.370242171078596,50.6775544670292,0.712745012593666,-2.17300633990263e-05,3.15555780792446e-05,"g__GGB4596"
"fixed",NA,"ResponseResponder:Days2",-5.89894847047237e-07,9.93657217506571e-07,-0.593660305238347,80.9677719721761,0.554394247273297,-2.566972952489e-06,1.38718325839453e-06,"g__GGB3474"
"fixed",NA,"ResponseResponder:Days2",-5.88107286765485e-07,9.90646135024714e-07,-0.593660305100583,80.9677718378491,0.554394247367749,-2.55919424647369e-06,1.38297967294272e-06,"g__GGB13727"
"fixed",NA,"ResponseResponder:Days2",1.07813385651835e-06,1.81595803568237e-06,0.593699763614431,44.1470513011201,0.55574292479411,-2.58134479883457e-06,4.73761251187127e-06,"g__GGB27848"
"fixed",NA,"ResponseResponder:Days2",1.97704180297526e-06,2.35356077089675e-06,0.840021565375588,78.7474635724892,0.403439489812915,-2.70783733215564e-06,6.66192093810616e-06,"g__GGB9603"
"fixed",NA,"ResponseResponder:Days2",-2.19382381074923e-07,3.69541940393091e-07,-0.593660305083532,80.9677717458562,0.554394247380976,-9.54659362464922e-07,5.15894600315076e-07,"g__GGB4588"
"fixed",NA,"ResponseResponder:Days2",8.95291919646207e-07,8.12307254360113e-07,1.10215920741895,77.3198003374669,0.273811406879543,-7.2211171202854e-07,2.51269555132095e-06,"g__GGB9618"
"fixed",NA,"ResponseResponder:Days2",-1.31548175930974e-07,2.21588296851172e-07,-0.59366030517093,80.9677715652834,0.554394247326476,-5.72442039973252e-07,3.09345688111305e-07,"g__GGB9737"
"fixed",NA,"ResponseResponder:Days2",-1.51922703431678e-07,1.64483159662061e-07,-0.923636825458669,79.7152926618494,0.358462830008454,-4.79272571079185e-07,1.7542716421583e-07,"g__GGB9697"
"fixed",NA,"ResponseResponder:Days2",-4.52604178491386e-08,9.02769972937382e-08,-0.501350501300711,80.9852633229025,0.617484582258499,-2.24883820178227e-07,1.3436298447995e-07,"g__GGB51960"
"fixed",NA,"ResponseResponder:Days2",-4.28201906776885e-08,7.21291120693583e-08,-0.593660305100016,80.9677719476043,0.554394247365887,-1.86335364447356e-07,1.00694983091979e-07,"g__GGB35068"
"fixed",NA,"ResponseResponder:Days2",2.15916368588718e-05,1.31804634212133e-05,1.63815460571145,41.471608214015,0.10895566125218,-5.01765928724107e-06,4.82009330049847e-05,"s__Ruminococcus_SGB4421"
"fixed",NA,"ResponseResponder:Days2",-2.76750186351162e-06,5.46926451256423e-06,-0.506009877041784,80.8726778708938,0.614226287129581,-1.36498823832903e-05,8.11487865626703e-06,"s__Jutongia_huaianensis"
"fixed",NA,"ResponseResponder:Days2",2.6412216344977e-06,3.30651236074548e-06,0.798793818481967,74.1669962844418,0.426960579217681,-3.94690158276751e-06,9.22934485176292e-06,"s__GGB4603_SGB6367"
"fixed",NA,"ResponseResponder:Days2",4.91275734010916e-06,1.32690377376441e-05,0.370242171078596,50.6775544670292,0.712745012593666,-2.17300633990263e-05,3.15555780792446e-05,"s__GGB4596_SGB6358"
"fixed",NA,"ResponseResponder:Days2",-5.89894847047237e-07,9.93657217506571e-07,-0.593660305238347,80.9677719721761,0.554394247273297,-2.566972952489e-06,1.38718325839453e-06,"s__GGB3474_SGB4637"
"fixed",NA,"ResponseResponder:Days2",-5.88107286765485e-07,9.90646135024714e-07,-0.593660305100583,80.9677718378491,0.554394247367749,-2.55919424647369e-06,1.38297967294272e-06,"s__GGB13727_SGB8655"
"fixed",NA,"ResponseResponder:Days2",1.07813385651835e-06,1.81595803568237e-06,0.593699763614431,44.1470513011201,0.55574292479411,-2.58134479883457e-06,4.73761251187127e-06,"s__GGB27848_SGB40282"
"fixed",NA,"ResponseResponder:Days2",1.97704180297526e-06,2.35356077089675e-06,0.840021565375588,78.7474635724892,0.403439489812915,-2.70783733215564e-06,6.66192093810616e-06,"s__GGB9603_SGB15035"
"fixed",NA,"ResponseResponder:Days2",-2.19382381074923e-07,3.69541940393091e-07,-0.593660305083532,80.9677717458562,0.554394247380976,-9.54659362464922e-07,5.15894600315076e-07,"s__GGB4588_SGB6347"
"fixed",NA,"ResponseResponder:Days2",-4.09204931053123e-07,3.51711486617953e-07,-1.16346763362216,78.9151587325176,0.248145674821585,-1.10928083624363e-06,2.9087097413738e-07,"s__Blautia_schinkii"
"fixed",NA,"ResponseResponder:Days2",8.95291919646207e-07,8.12307254360113e-07,1.10215920741895,77.3198003374669,0.273811406879543,-7.2211171202854e-07,2.51269555132095e-06,"s__GGB9618_SGB15065"
"fixed",NA,"ResponseResponder:Days2",-1.31548175930974e-07,2.21588296851172e-07,-0.59366030517093,80.9677715652834,0.554394247326476,-5.72442039973252e-07,3.09345688111305e-07,"s__GGB9737_SGB15309"
"fixed",NA,"ResponseResponder:Days2",-1.51922703431678e-07,1.64483159662061e-07,-0.923636825458669,79.7152926618494,0.358462830008454,-4.79272571079185e-07,1.7542716421583e-07,"s__GGB9697_SGB15213"
"fixed",NA,"ResponseResponder:Days2",-4.52604178491386e-08,9.02769972937382e-08,-0.501350501300711,80.9852633229025,0.617484582258499,-2.24883820178227e-07,1.3436298447995e-07,"s__GGB51960_SGB72480"
"fixed",NA,"ResponseResponder:Days2",-4.28201906776885e-08,7.21291120693583e-08,-0.593660305100016,80.9677719476043,0.554394247365887,-1.86335364447356e-07,1.00694983091979e-07,"s__GGB35068_SGB47850"
"fixed",NA,"ResponseResponder:Days2",4.18991703553379e-06,2.62224876569716e-06,1.59783354285223,39.2085706435457,0.118109047471439,-1.11317978006305e-06,9.49301385113063e-06,"s__Clostridium_SGB6177"
"fixed",NA,"ResponseResponder:Days2",1.12425889513315e-06,7.80630568430769e-06,0.144019327528147,64.6179458113415,0.885933426749887,-1.44677577637253e-05,1.67162755539916e-05,"s__Dialister_hominis"
"fixed",NA,"ResponseResponder:Days2",1.82495222138253e-21,6.5724347844988e-14,2.77667604353673e-08,1.27839725810022e-06,0.999999999968605,-Inf,Inf,"o__Aeromonadales"
"fixed",NA,"ResponseResponder:Days2",1.82495222138253e-21,6.5724347844988e-14,2.77667604353673e-08,1.27839725810022e-06,0.999999999968605,-Inf,Inf,"f__Aeromonadaceae"
"fixed",NA,"ResponseResponder:Days2",1.82495222138253e-21,6.5724347844988e-14,2.77667604353673e-08,1.27839725810022e-06,0.999999999968605,-Inf,Inf,"g__Aeromonas"
"fixed",NA,"ResponseResponder:Days2",-5.80596356898864e-05,0.000106248158028928,-0.546453103441838,40.0063734334041,0.587789451735848,-0.000272794107510715,0.000156674836130942,"s__Klebsiella_pneumoniae"
"fixed",NA,"ResponseResponder:Days2",1.49140739370072e-07,1.62362755424246e-07,0.918564968797033,41.9994436929609,0.363568574621334,-1.78520695150949e-07,4.76802173891093e-07,"s__Bifidobacterium_catenulatum"
"fixed",NA,"ResponseResponder:Days2",-4.1347250319061e-07,5.41852880638357e-07,-0.763071523590497,60.283147948431,0.448396653215619,-1.49723494117286e-06,6.70289934791642e-07,"s__Eubacterium_maltosivorans"
"fixed",NA,"ResponseResponder:Days2",-2.63917464942029e-17,3.41338572724959e-12,-7.73183829870545e-06,0.00204486339365498,0.999999650859611,-Inf,Inf,"s__Aeromonas_caviae"
"fixed",NA,"ResponseResponder:Days2",-3.32011485829975e-05,2.51362751872225e-05,-1.32084600187201,67.4771836496003,0.191014810202445,-8.33668426575795e-05,1.69645454915844e-05,"s__Gemmiger_SGB72777"
"fixed",NA,"ResponseResponder:Days2",9.45865130571394e-06,1.24488563381847e-05,0.759800824168979,55.6272111373239,0.450581813037728,-1.54830931335208e-05,3.44003957449487e-05,"p__Synergistetes"
"fixed",NA,"ResponseResponder:Days2",-4.7077103712736e-05,6.79845269223805e-05,-0.692467916508193,46.0284386421526,0.492122486726864,-0.000183920577156173,8.97663697307005e-05,"c__CFGB2984"
"fixed",NA,"ResponseResponder:Days2",2.13762632877988e-05,2.47944374873398e-05,0.862139473771636,47.6656333953712,0.392927593525985,-2.84853304820916e-05,7.12378570576892e-05,"c__CFGB10477"
"fixed",NA,"ResponseResponder:Days2",8.49487145178604e-06,5.45804027173236e-06,1.5563958909907,53.0006512062806,0.125565716280379,-2.45256782558191e-06,1.9442310729154e-05,"c__CFGB2937"
"fixed",NA,"ResponseResponder:Days2",2.96691993027328e-06,1.86622625542872e-06,1.58979647920113,59.0865438166323,0.117217619988919,-7.67275741797007e-07,6.70111560234357e-06,"c__CFGB77857"
"fixed",NA,"ResponseResponder:Days2",-1.90515965163266e-06,2.87822635143872e-06,-0.661921412358811,46.4293634248434,0.511293693802484,-7.69728335013314e-06,3.88696404686781e-06,"c__CFGB2837"
"fixed",NA,"ResponseResponder:Days2",2.44758622834613e-06,1.55213380409245e-06,1.57691702989309,73.6249306454536,0.119101986073411,-6.45369693371676e-07,5.54054215006393e-06,"c__CFGB7536"
"fixed",NA,"ResponseResponder:Days2",3.89033576518206e-07,3.12871426157041e-07,1.24342954962892,42.3946588713008,0.220541966173669,-2.42192432426134e-07,1.02025958546255e-06,"c__CFGB544"
"fixed",NA,"ResponseResponder:Days2",-3.46852728844692e-07,3.46835918633643e-07,-1.00004846733036,42.4293193524821,0.322956506495177,-1.0465861868604e-06,3.52880729171013e-07,"c__CFGB4448"
"fixed",NA,"ResponseResponder:Days2",-1.70772073956897e-07,4.55723359623999e-07,-0.374727497176786,43.1046468732613,0.709700521693883,-1.08976129826207e-06,7.48217150348271e-07,"c__CFGB1201"
"fixed",NA,"ResponseResponder:Days2",9.45865130571394e-06,1.24488563381847e-05,0.759800824168979,55.6272111373239,0.450581813037728,-1.54830931335208e-05,3.44003957449487e-05,"c__Synergistia"
"fixed",NA,"ResponseResponder:Days2",-7.43348777509719e-08,6.8834914579369e-08,-1.07990077717408,42.0512063561194,0.286341408223658,-2.1324434802009e-07,6.45745925181466e-08,"c__CFGB45503"
"fixed",NA,"ResponseResponder:Days2",3.55769435913654e-06,2.95189113268416e-06,1.20522546368488,74.3059549783106,0.231940531792467,-2.32367473744319e-06,9.43906345571627e-06,"c__CFGB73223"
"fixed",NA,"ResponseResponder:Days2",2.70457433471932e-07,4.22305557972976e-07,0.640430674817779,61.5345888804599,0.524270392461016,-5.73846374499367e-07,1.11476124144323e-06,"c__CFGB11916"
"fixed",NA,"ResponseResponder:Days2",-4.12241754869626e-07,8.32748346800721e-07,-0.495037614248517,50.3348108413461,0.622727709138513,-2.08459041754489e-06,1.26010690780564e-06,"c__CFGB9536"
"fixed",NA,"ResponseResponder:Days2",1.6796150561003e-06,1.21467756516513e-06,1.38276617949386,81.3312610117658,0.17052147225306,-7.37063068003125e-07,4.09629318020372e-06,"c__CFGB78183"
"fixed",NA,"ResponseResponder:Days2",6.44641220893214e-08,5.7277237462919e-08,1.12547540602068,41.9951401513065,0.266778874357338,-5.11264191221471e-08,1.8005466330079e-07,"c__CFGB2949"
"fixed",NA,"ResponseResponder:Days2",-3.97954853790638e-08,2.32628686024319e-07,-0.171068693458139,68.2746115384196,0.864675736215724,-5.03964995812073e-07,4.24374025053945e-07,"c__CFGB7511"
"fixed",NA,"ResponseResponder:Days2",-4.7077103712736e-05,6.79845269223805e-05,-0.692467916508193,46.0284386421526,0.492122486726864,-0.000183920577156173,8.97663697307005e-05,"o__OFGB2984"
"fixed",NA,"ResponseResponder:Days2",2.13762632877988e-05,2.47944374873398e-05,0.862139473771636,47.6656333953712,0.392927593525985,-2.84853304820916e-05,7.12378570576892e-05,"o__OFGB10477"
"fixed",NA,"ResponseResponder:Days2",8.49487145178604e-06,5.45804027173236e-06,1.5563958909907,53.0006512062806,0.125565716280379,-2.45256782558191e-06,1.9442310729154e-05,"o__OFGB2937"
"fixed",NA,"ResponseResponder:Days2",2.96691993027328e-06,1.86622625542872e-06,1.58979647920113,59.0865438166323,0.117217619988919,-7.67275741797007e-07,6.70111560234357e-06,"o__OFGB77857"
"fixed",NA,"ResponseResponder:Days2",-1.90515965163266e-06,2.87822635143872e-06,-0.661921412358811,46.4293634248434,0.511293693802484,-7.69728335013314e-06,3.88696404686781e-06,"o__OFGB2837"
"fixed",NA,"ResponseResponder:Days2",2.44758622834613e-06,1.55213380409245e-06,1.57691702989309,73.6249306454536,0.119101986073411,-6.45369693371676e-07,5.54054215006393e-06,"o__OFGB7536"
"fixed",NA,"ResponseResponder:Days2",3.89033576518206e-07,3.12871426157041e-07,1.24342954962892,42.3946588713008,0.220541966173669,-2.42192432426134e-07,1.02025958546255e-06,"o__OFGB544"
"fixed",NA,"ResponseResponder:Days2",-3.46852728844692e-07,3.46835918633643e-07,-1.00004846733036,42.4293193524821,0.322956506495177,-1.0465861868604e-06,3.52880729171013e-07,"o__OFGB4448"
"fixed",NA,"ResponseResponder:Days2",-1.70772073956897e-07,4.55723359623999e-07,-0.374727497176786,43.1046468732613,0.709700521693883,-1.08976129826207e-06,7.48217150348271e-07,"o__OFGB1201"
"fixed",NA,"ResponseResponder:Days2",9.45865130571394e-06,1.24488563381847e-05,0.759800824168979,55.6272111373239,0.450581813037728,-1.54830931335208e-05,3.44003957449487e-05,"o__Synergistales"
"fixed",NA,"ResponseResponder:Days2",-7.43348777509719e-08,6.8834914579369e-08,-1.07990077717408,42.0512063561194,0.286341408223658,-2.1324434802009e-07,6.45745925181466e-08,"o__OFGB45503"
"fixed",NA,"ResponseResponder:Days2",3.55769435913654e-06,2.95189113268416e-06,1.20522546368488,74.3059549783106,0.231940531792467,-2.32367473744319e-06,9.43906345571627e-06,"o__OFGB73223"
"fixed",NA,"ResponseResponder:Days2",2.70457433471932e-07,4.22305557972976e-07,0.640430674817779,61.5345888804599,0.524270392461016,-5.73846374499367e-07,1.11476124144323e-06,"o__OFGB11916"
"fixed",NA,"ResponseResponder:Days2",-4.12241754869626e-07,8.32748346800721e-07,-0.495037614248517,50.3348108413461,0.622727709138513,-2.08459041754489e-06,1.26010690780564e-06,"o__OFGB9536"
"fixed",NA,"ResponseResponder:Days2",1.6796150561003e-06,1.21467756516513e-06,1.38276617949386,81.3312610117658,0.17052147225306,-7.37063068003125e-07,4.09629318020372e-06,"o__OFGB78183"
"fixed",NA,"ResponseResponder:Days2",6.44641220893214e-08,5.7277237462919e-08,1.12547540602068,41.9951401513065,0.266778874357338,-5.11264191221471e-08,1.8005466330079e-07,"o__OFGB2949"
"fixed",NA,"ResponseResponder:Days2",-3.97954853790638e-08,2.32628686024319e-07,-0.171068693458139,68.2746115384196,0.864675736215724,-5.03964995812073e-07,4.24374025053945e-07,"o__OFGB7511"
"fixed",NA,"ResponseResponder:Days2",-4.7077103712736e-05,6.79845269223805e-05,-0.692467916508193,46.0284386421526,0.492122486726864,-0.000183920577156173,8.97663697307005e-05,"f__FGB2984"
"fixed",NA,"ResponseResponder:Days2",2.13762632877988e-05,2.47944374873398e-05,0.862139473771636,47.6656333953712,0.392927593525985,-2.84853304820916e-05,7.12378570576892e-05,"f__FGB10477"
"fixed",NA,"ResponseResponder:Days2",8.49487145178604e-06,5.45804027173236e-06,1.5563958909907,53.0006512062806,0.125565716280379,-2.45256782558191e-06,1.9442310729154e-05,"f__FGB2937"
"fixed",NA,"ResponseResponder:Days2",2.96691993027328e-06,1.86622625542872e-06,1.58979647920113,59.0865438166323,0.117217619988919,-7.67275741797007e-07,6.70111560234357e-06,"f__FGB77857"
"fixed",NA,"ResponseResponder:Days2",-1.90515965163266e-06,2.87822635143872e-06,-0.661921412358811,46.4293634248434,0.511293693802484,-7.69728335013314e-06,3.88696404686781e-06,"f__FGB2837"
"fixed",NA,"ResponseResponder:Days2",2.44758622834613e-06,1.55213380409245e-06,1.57691702989309,73.6249306454536,0.119101986073411,-6.45369693371676e-07,5.54054215006393e-06,"f__FGB7536"
"fixed",NA,"ResponseResponder:Days2",3.89033576518206e-07,3.12871426157041e-07,1.24342954962892,42.3946588713008,0.220541966173669,-2.42192432426134e-07,1.02025958546255e-06,"f__FGB544"
"fixed",NA,"ResponseResponder:Days2",-3.46852728844692e-07,3.46835918633643e-07,-1.00004846733036,42.4293193524821,0.322956506495177,-1.0465861868604e-06,3.52880729171013e-07,"f__FGB4448"
"fixed",NA,"ResponseResponder:Days2",-1.70772073956897e-07,4.55723359623999e-07,-0.374727497176786,43.1046468732613,0.709700521693883,-1.08976129826207e-06,7.48217150348271e-07,"f__FGB1201"
"fixed",NA,"ResponseResponder:Days2",9.45865130571394e-06,1.24488563381847e-05,0.759800824168979,55.6272111373239,0.450581813037728,-1.54830931335208e-05,3.44003957449487e-05,"f__Synergistaceae"
"fixed",NA,"ResponseResponder:Days2",-7.43348777509719e-08,6.8834914579369e-08,-1.07990077717408,42.0512063561194,0.286341408223658,-2.1324434802009e-07,6.45745925181466e-08,"f__FGB45503"
"fixed",NA,"ResponseResponder:Days2",3.55769435913654e-06,2.95189113268416e-06,1.20522546368488,74.3059549783106,0.231940531792467,-2.32367473744319e-06,9.43906345571627e-06,"f__FGB73223"
"fixed",NA,"ResponseResponder:Days2",-3.14783037497836e-07,3.8014739639701e-07,-0.828055224056014,43.8638268119828,0.412122035665329,-1.08098695680154e-06,4.5142088180587e-07,"f__Porphyromonadaceae"
"fixed",NA,"ResponseResponder:Days2",2.70457433471932e-07,4.22305557972976e-07,0.640430674817779,61.5345888804599,0.524270392461016,-5.73846374499367e-07,1.11476124144323e-06,"f__FGB11916"
"fixed",NA,"ResponseResponder:Days2",-4.12241754869626e-07,8.32748346800721e-07,-0.495037614248517,50.3348108413461,0.622727709138513,-2.08459041754489e-06,1.26010690780564e-06,"f__FGB9536"
"fixed",NA,"ResponseResponder:Days2",1.6796150561003e-06,1.21467756516513e-06,1.38276617949386,81.3312610117658,0.17052147225306,-7.37063068003125e-07,4.09629318020372e-06,"f__FGB78183"
"fixed",NA,"ResponseResponder:Days2",6.44641220893214e-08,5.7277237462919e-08,1.12547540602068,41.9951401513065,0.266778874357338,-5.11264191221471e-08,1.8005466330079e-07,"f__FGB2949"
"fixed",NA,"ResponseResponder:Days2",-3.97954853790638e-08,2.32628686024319e-07,-0.171068693458139,68.2746115384196,0.864675736215724,-5.03964995812073e-07,4.24374025053945e-07,"f__FGB7511"
"fixed",NA,"ResponseResponder:Days2",-4.7077103712736e-05,6.79845269223805e-05,-0.692467916508193,46.0284386421526,0.492122486726864,-0.000183920577156173,8.97663697307005e-05,"g__GGB9347"
"fixed",NA,"ResponseResponder:Days2",2.13762632877988e-05,2.47944374873398e-05,0.862139473771636,47.6656333953712,0.392927593525985,-2.84853304820916e-05,7.12378570576892e-05,"g__GGB9345"
"fixed",NA,"ResponseResponder:Days2",-1.02471211216235e-05,1.07392394244018e-05,-0.954175683832877,42.7532783411776,0.345358823882234,-3.19084764412393e-05,1.14142341979922e-05,"g__Butyrivibrio"
"fixed",NA,"ResponseResponder:Days2",2.40096452801957e-05,1.51048332179838e-05,1.5895339547086,68.1613239020273,0.116567911848198,-6.13028845976382e-06,5.41495790201551e-05,"g__GGB9334"
"fixed",NA,"ResponseResponder:Days2",4.49837540933436e-06,3.83743614559894e-06,1.17223459587554,43.2659319365357,0.247517251841764,-3.23917678491665e-06,1.22359276035854e-05,"g__GGB9677"
"fixed",NA,"ResponseResponder:Days2",-7.43223010030935e-06,1.00016754241342e-05,-0.743098509513238,45.2069445515385,0.461266462450947,-2.75740935749822e-05,1.27096333743635e-05,"g__GGB9687"
"fixed",NA,"ResponseResponder:Days2",1.18332308218908e-05,7.42489877115106e-06,1.59372284883776,64.7071357098004,0.115871583144671,-2.99658840247015e-06,2.66630500462518e-05,"g__GGB3497"
"fixed",NA,"ResponseResponder:Days2",8.49487145178604e-06,5.45804027173236e-06,1.5563958909907,53.0006512062806,0.125565716280379,-2.45256782558191e-06,1.9442310729154e-05,"g__GGB9271"
"fixed",NA,"ResponseResponder:Days2",9.15427365660395e-06,7.40001235573712e-06,1.23706194213403,48.6801370211636,0.221998593729183,-5.71907990141414e-06,2.4027627214622e-05,"g__GGB9211"
"fixed",NA,"ResponseResponder:Days2",-3.08068100525624e-07,2.82081727691455e-07,-1.09212355953305,42.0422402677619,0.280997820894548,-8.77315129732722e-07,2.61178928681474e-07,"g__GGB1582"
"fixed",NA,"ResponseResponder:Days2",6.86746682748248e-07,5.61570047529462e-07,1.22290475741981,42.2563128973901,0.22814234952574,-4.46343933355622e-07,1.81983729885212e-06,"g__GGB1239"
"fixed",NA,"ResponseResponder:Days2",3.9217117188065e-06,2.46655108181709e-06,1.58995763262985,59.1524808041346,0.117175313347706,-1.01357940877891e-06,8.85700284639191e-06,"g__GGB1672"
"fixed",NA,"ResponseResponder:Days2",2.96691993027328e-06,1.86622625542872e-06,1.58979647920113,59.0865438166323,0.117217619988919,-7.67275741797007e-07,6.70111560234357e-06,"g__GGB12893"
"fixed",NA,"ResponseResponder:Days2",-4.68503867582581e-07,4.54833510035847e-07,-1.03005573961702,42.2625029177955,0.308843000113989,-1.38622617491496e-06,4.49218439749796e-07,"g__Methanomassiliicoccus"
"fixed",NA,"ResponseResponder:Days2",-1.92859778947883e-06,2.8716462377444e-06,-0.671600061361909,46.3957706341223,0.505168804215086,-7.70759155527765e-06,3.85039597631998e-06,"g__GGB9080"
"fixed",NA,"ResponseResponder:Days2",2.44758622834613e-06,1.55213380409245e-06,1.57691702989309,73.6249306454536,0.119101986073411,-6.45369693371676e-07,5.54054215006393e-06,"g__GGB12868"
"fixed",NA,"ResponseResponder:Days2",3.89033576518206e-07,3.12871426157041e-07,1.24342954962892,42.3946588713008,0.220541966173669,-2.42192432426134e-07,1.02025958546255e-06,"g__GGB1123"
"fixed",NA,"ResponseResponder:Days2",-3.46852728844692e-07,3.46835918633643e-07,-1.00004846733036,42.4293193524821,0.322956506495177,-1.0465861868604e-06,3.52880729171013e-07,"g__GGB1617"
"fixed",NA,"ResponseResponder:Days2",-1.70772073956897e-07,4.55723359623999e-07,-0.374727497176786,43.1046468732613,0.709700521693883,-1.08976129826207e-06,7.48217150348271e-07,"g__GGB2958"
"fixed",NA,"ResponseResponder:Days2",-1.99418900758405e-06,5.17773668104838e-06,-0.385146856711197,48.5120742178956,0.701812162319678,-1.24018881951084e-05,8.41351017994034e-06,"g__GGB9063"
"fixed",NA,"ResponseResponder:Days2",-3.06725922610281e-06,7.73860905815163e-06,-0.39635795051203,58.5120754185519,0.693282783960129,-1.85548824041187e-05,1.24203639519131e-05,"g__GGB6610"
"fixed",NA,"ResponseResponder:Days2",9.28279925341574e-06,1.24442641229515e-05,0.745950034626401,55.5921439736985,0.458840347345326,-1.56500939523355e-05,3.4215692459167e-05,"g__Cloacibacillus"
"fixed",NA,"ResponseResponder:Days2",-1.46686511824571e-06,4.95206557907937e-06,-0.296212781277104,58.0117943084997,0.768125427747075,-1.13794584618003e-05,8.44572822530884e-06,"g__GGB1246"
"fixed",NA,"ResponseResponder:Days2",-7.43348777509719e-08,6.8834914579369e-08,-1.07990077717408,42.0512063561194,0.286341408223658,-2.1324434802009e-07,6.45745925181466e-08,"g__GGB9790"
"fixed",NA,"ResponseResponder:Days2",1.88170710248858e-08,1.64310214176252e-08,1.14521614613082,42.0050875869909,0.25860285902773,-1.43419536724135e-08,5.19760957221851e-08,"g__GGB6512"
"fixed",NA,"ResponseResponder:Days2",3.55769435913654e-06,2.95189113268416e-06,1.20522546368488,74.3059549783106,0.231940531792467,-2.32367473744319e-06,9.43906345571627e-06,"g__GGB9249"
"fixed",NA,"ResponseResponder:Days2",-3.14783037497836e-07,3.8014739639701e-07,-0.828055224056014,43.8638268119828,0.412122035665329,-1.08098695680154e-06,4.5142088180587e-07,"g__Sanguibacteroides"
"fixed",NA,"ResponseResponder:Days2",2.75192158771987e-08,2.37839956160711e-08,1.15704763494842,42.0182536347957,0.253788508555495,-2.04782127534463e-08,7.55166445078436e-08,"g__Methanosphaera"
"fixed",NA,"ResponseResponder:Days2",2.70457433471932e-07,4.22305557972976e-07,0.640430674817779,61.5345888804599,0.524270392461016,-5.73846374499367e-07,1.11476124144323e-06,"g__GGB34540"
"fixed",NA,"ResponseResponder:Days2",-4.12241754869626e-07,8.32748346800721e-07,-0.495037614248517,50.3348108413461,0.622727709138513,-2.08459041754489e-06,1.26010690780564e-06,"g__GGB28474"
"fixed",NA,"ResponseResponder:Days2",1.06308695860898e-08,9.23234291629096e-09,1.15148123098104,42.0110245740842,0.256045594527208,-8.00060787571974e-09,2.92623470478993e-08,"g__GGB31790"
"fixed",NA,"ResponseResponder:Days2",3.41610961318461e-07,2.16632172044148e-07,1.57691702988992,73.6249307478049,0.119101986068193,-9.00746044338802e-08,7.73296527070803e-07,"g__GGB9784"
"fixed",NA,"ResponseResponder:Days2",-2.64248696625363e-07,5.02837171710542e-07,-0.525515438181404,49.5282050343533,0.601569900689307,-1.27446530823393e-06,7.45967914983204e-07,"g__GGB9767"
"fixed",NA,"ResponseResponder:Days2",1.99168783918153e-07,1.26302639987187e-07,1.57691702990815,73.6249305434112,0.119101986075874,-5.25160239611666e-08,4.50853591797473e-07,"g__GGB6128"
"fixed",NA,"ResponseResponder:Days2",1.6796150561003e-06,1.21467756516513e-06,1.38276617949386,81.3312610117658,0.17052147225306,-7.37063068003125e-07,4.09629318020372e-06,"g__GGB9109"
"fixed",NA,"ResponseResponder:Days2",1.63550575562536e-07,1.02720040949677e-07,1.59219733608421,60.2690424345895,0.116572238651227,-4.19012349042432e-08,3.69002386029316e-07,"g__GGB6519"
"fixed",NA,"ResponseResponder:Days2",-2.18039532652053e-07,5.46932146994861e-07,-0.398659200871771,60.3887921328988,0.691550478978126,-1.3119218635091e-06,8.75842798204998e-07,"g__Cuneatibacter"
"fixed",NA,"ResponseResponder:Days2",6.44641220893214e-08,5.7277237462919e-08,1.12547540602068,41.9951401513065,0.266778874357338,-5.11264191221471e-08,1.8005466330079e-07,"g__GGB9290"
"fixed",NA,"ResponseResponder:Days2",7.63306543602422e-08,4.84049908222819e-08,1.57691702990894,73.6249306289741,0.11910198607072,-2.01265599664392e-08,1.72787868686924e-07,"g__GGB9582"
"fixed",NA,"ResponseResponder:Days2",-3.97954853790638e-08,2.32628686024319e-07,-0.171068693458139,68.2746115384196,0.864675736215724,-5.03964995812073e-07,4.24374025053945e-07,"g__GGB1158"
"fixed",NA,"ResponseResponder:Days2",5.19109973185869e-05,4.11580523033174e-05,1.26125981219968,42.543003115133,0.21408772980653,-3.11179180301996e-05,0.000134939912667373,"s__GGB3304_SGB4365"
"fixed",NA,"ResponseResponder:Days2",-4.7077103712736e-05,6.79845269223805e-05,-0.692467916508193,46.0284386421526,0.492122486726864,-0.000183920577156173,8.97663697307005e-05,"s__GGB9347_SGB14313"
"fixed",NA,"ResponseResponder:Days2",2.13762632877988e-05,2.47944374873398e-05,0.862139473771636,47.6656333953712,0.392927593525985,-2.84853304820916e-05,7.12378570576892e-05,"s__GGB9345_SGB14311"
"fixed",NA,"ResponseResponder:Days2",-1.02471211216235e-05,1.07392394244018e-05,-0.954175683832877,42.7532783411776,0.345358823882234,-3.19084764412393e-05,1.14142341979922e-05,"s__Butyrivibrio_crossotus"
"fixed",NA,"ResponseResponder:Days2",-2.05643461624046e-05,2.79648756004567e-05,-0.735363405731323,45.3262765249785,0.465906408979206,-7.68773085286618e-05,3.57486162038526e-05,"s__Segatella_hominis"
"fixed",NA,"ResponseResponder:Days2",-1.72869213005685e-07,1.53360287147434e-07,-1.12720976349957,42.0005933920567,0.26605256681799,-4.82362672893464e-07,1.36624246882095e-07,"s__Holdemanella_biformis"
"fixed",NA,"ResponseResponder:Days2",2.40096452801957e-05,1.51048332179838e-05,1.5895339547086,68.1613239020273,0.116567911848198,-6.13028845976382e-06,5.41495790201551e-05,"s__GGB9334_SGB14297"
"fixed",NA,"ResponseResponder:Days2",6.09374015646584e-06,5.23341956820368e-06,1.16438976028009,41.8566277766974,0.250860038298395,-4.46879999487705e-06,1.66562803078087e-05,"s__Desulfovibrio_piger"
"fixed",NA,"ResponseResponder:Days2",4.49837540933436e-06,3.83743614559894e-06,1.17223459587554,43.2659319365357,0.247517251841764,-3.23917678491665e-06,1.22359276035854e-05,"s__GGB9677_SGB15179"
"fixed",NA,"ResponseResponder:Days2",-7.43223010030935e-06,1.00016754241342e-05,-0.743098509513238,45.2069445515385,0.461266462450947,-2.75740935749822e-05,1.27096333743635e-05,"s__GGB9687_SGB15191"
"fixed",NA,"ResponseResponder:Days2",1.18332308218908e-05,7.42489877115106e-06,1.59372284883776,64.7071357098004,0.115871583144671,-2.99658840247015e-06,2.66630500462518e-05,"s__GGB3497_SGB4672"
"fixed",NA,"ResponseResponder:Days2",-4.97391295681068e-06,6.15265651107001e-06,-0.808417136217745,44.2836919622719,0.423172333344835,-1.73715341431203e-05,7.42370822949897e-06,"s__Segatella_sinensis"
"fixed",NA,"ResponseResponder:Days2",8.49487145178604e-06,5.45804027173236e-06,1.5563958909907,53.0006512062806,0.125565716280379,-2.45256782558191e-06,1.9442310729154e-05,"s__GGB9271_SGB14222"
"fixed",NA,"ResponseResponder:Days2",9.15427365660395e-06,7.40001235573712e-06,1.23706194213403,48.6801370211636,0.221998593729183,-5.71907990141414e-06,2.4027627214622e-05,"s__GGB9211_SGB14151"
"fixed",NA,"ResponseResponder:Days2",5.88978799407846e-06,4.44898684326254e-06,1.32384927210964,50.4071114636794,0.191525558147781,-3.04447722578434e-06,1.48240532139413e-05,"s__GGB9602_SGB15028"
"fixed",NA,"ResponseResponder:Days2",1.26696897793225e-05,1.46699758572647e-05,0.863647623049658,81.9999999979892,0.390300680207339,-1.65135654262903e-05,4.18529449849353e-05,"s__GGB4571_SGB6321"
"fixed",NA,"ResponseResponder:Days2",-3.08068100525624e-07,2.82081727691455e-07,-1.09212355953305,42.0422402677619,0.280997820894548,-8.77315129732722e-07,2.61178928681474e-07,"s__GGB1582_SGB2173"
"fixed",NA,"ResponseResponder:Days2",-4.51272253084614e-06,8.84841986900129e-06,-0.510003209347647,49.9307028817823,0.612296347272321,-2.22859080515738e-05,1.32604629898815e-05,"s__Prevotella_dentalis"
"fixed",NA,"ResponseResponder:Days2",6.86746682748248e-07,5.61570047529462e-07,1.22290475741981,42.2563128973901,0.22814234952574,-4.46343933355622e-07,1.81983729885212e-06,"s__GGB1239_SGB1657"
"fixed",NA,"ResponseResponder:Days2",-2.16074428196049e-06,2.64359338762703e-06,-0.817351220529434,44.1688984721344,0.418114966677889,-7.48798130865478e-06,3.16649274473379e-06,"s__Parabacteroides_sp_AGMB00274"
"fixed",NA,"ResponseResponder:Days2",3.9217117188065e-06,2.46655108181709e-06,1.58995763262985,59.1524808041346,0.117175313347706,-1.01357940877891e-06,8.85700284639191e-06,"s__GGB1672_SGB2289"
"fixed",NA,"ResponseResponder:Days2",1.67729068987124e-06,1.2168011699183e-06,1.37844269987335,44.3400838384303,0.174982417481812,-7.74479797973807e-07,4.12906117771628e-06,"s__Segatella_brunsvicensis"
"fixed",NA,"ResponseResponder:Days2",2.96691993027328e-06,1.86622625542872e-06,1.58979647920113,59.0865438166323,0.117217619988919,-7.67275741797007e-07,6.70111560234357e-06,"s__GGB12893_SGB20033"
"fixed",NA,"ResponseResponder:Days2",-4.68503867582581e-07,4.54833510035847e-07,-1.03005573961702,42.2625029177955,0.308843000113989,-1.38622617491496e-06,4.49218439749796e-07,"s__Candidatus_Methanomassiliicoccus_intestinalis"
"fixed",NA,"ResponseResponder:Days2",-1.92859778947883e-06,2.8716462377444e-06,-0.671600061361909,46.3957706341223,0.505168804215086,-7.70759155527765e-06,3.85039597631998e-06,"s__GGB9080_SGB14004"
"fixed",NA,"ResponseResponder:Days2",2.44758622834613e-06,1.55213380409245e-06,1.57691702989309,73.6249306454536,0.119101986073411,-6.45369693371676e-07,5.54054215006393e-06,"s__GGB12868_SGB20003"
"fixed",NA,"ResponseResponder:Days2",3.89033576518206e-07,3.12871426157041e-07,1.24342954962892,42.3946588713008,0.220541966173669,-2.42192432426134e-07,1.02025958546255e-06,"s__GGB1123_SGB1437"
"fixed",NA,"ResponseResponder:Days2",-3.46852728844692e-07,3.46835918633643e-07,-1.00004846733036,42.4293193524821,0.322956506495177,-1.0465861868604e-06,3.52880729171013e-07,"s__GGB1617_SGB2214"
"fixed",NA,"ResponseResponder:Days2",-1.70772073956897e-07,4.55723359623999e-07,-0.374727497176786,43.1046468732613,0.709700521693883,-1.08976129826207e-06,7.48217150348271e-07,"s__GGB2958_SGB3940"
"fixed",NA,"ResponseResponder:Days2",-1.99418900758405e-06,5.17773668104838e-06,-0.385146856711197,48.5120742178956,0.701812162319678,-1.24018881951084e-05,8.41351017994034e-06,"s__GGB9063_SGB13982"
"fixed",NA,"ResponseResponder:Days2",8.36722807847606e-07,1.30802062771572e-06,0.639686248151017,63.2710095121612,0.524686132600875,-1.77692874943013e-06,3.45037436512535e-06,"s__GGB9770_SGB73065"
"fixed",NA,"ResponseResponder:Days2",-3.06725922610281e-06,7.73860905815163e-06,-0.39635795051203,58.5120754185519,0.693282783960129,-1.85548824041187e-05,1.24203639519131e-05,"s__GGB6610_SGB9344"
"fixed",NA,"ResponseResponder:Days2",9.28279925341574e-06,1.24442641229515e-05,0.745950034626401,55.5921439736985,0.458840347345326,-1.56500939523355e-05,3.4215692459167e-05,"s__Cloacibacillus_evryensis"
"fixed",NA,"ResponseResponder:Days2",-1.46686511824571e-06,4.95206557907937e-06,-0.296212781277104,58.0117943084997,0.768125427747075,-1.13794584618003e-05,8.44572822530884e-06,"s__GGB1246_SGB1667"
"fixed",NA,"ResponseResponder:Days2",-7.43348777509719e-08,6.8834914579369e-08,-1.07990077717408,42.0512063561194,0.286341408223658,-2.1324434802009e-07,6.45745925181466e-08,"s__GGB9790_SGB15413"
"fixed",NA,"ResponseResponder:Days2",1.88170710248858e-08,1.64310214176252e-08,1.14521614613082,42.0050875869909,0.25860285902773,-1.43419536724135e-08,5.19760957221851e-08,"s__GGB6512_SGB9197"
"fixed",NA,"ResponseResponder:Days2",3.55769435913654e-06,2.95189113268416e-06,1.20522546368488,74.3059549783106,0.231940531792467,-2.32367473744319e-06,9.43906345571627e-06,"s__GGB9249_SGB14193"
"fixed",NA,"ResponseResponder:Days2",-3.14783037497836e-07,3.8014739639701e-07,-0.828055224056014,43.8638268119828,0.412122035665329,-1.08098695680154e-06,4.5142088180587e-07,"s__Sanguibacteroides_justesenii"
"fixed",NA,"ResponseResponder:Days2",2.75192158771987e-08,2.37839956160711e-08,1.15704763494842,42.0182536347957,0.253788508555495,-2.04782127534463e-08,7.55166445078436e-08,"s__Methanosphaera_stadtmanae"
"fixed",NA,"ResponseResponder:Days2",2.70457433471932e-07,4.22305557972976e-07,0.640430674817779,61.5345888804599,0.524270392461016,-5.73846374499367e-07,1.11476124144323e-06,"s__GGB34540_SGB54300"
"fixed",NA,"ResponseResponder:Days2",-4.12241754869626e-07,8.32748346800721e-07,-0.495037614248517,50.3348108413461,0.622727709138513,-2.08459041754489e-06,1.26010690780564e-06,"s__GGB28474_SGB41058"
"fixed",NA,"ResponseResponder:Days2",1.06308695860898e-08,9.23234291629096e-09,1.15148123098104,42.0110245740842,0.256045594527208,-8.00060787571974e-09,2.92623470478993e-08,"s__GGB31790_SGB47293"
"fixed",NA,"ResponseResponder:Days2",3.41610961318461e-07,2.16632172044148e-07,1.57691702988992,73.6249307478049,0.119101986068193,-9.00746044338802e-08,7.73296527070803e-07,"s__GGB9784_SGB15407"
"fixed",NA,"ResponseResponder:Days2",-2.64248696625363e-07,5.02837171710542e-07,-0.525515438181404,49.5282050343533,0.601569900689307,-1.27446530823393e-06,7.45967914983204e-07,"s__GGB9767_SGB15385"
"fixed",NA,"ResponseResponder:Days2",2.50890101627669e-07,1.59101650164306e-07,1.57691702988983,73.624930658057,0.119101986073428,-6.61536930064486e-08,5.67933896261786e-07,"s__Victivallis_sp_Marseille_Q1083"
"fixed",NA,"ResponseResponder:Days2",2.49013118323428e-07,1.57911363503962e-07,1.57691702989557,73.6249305853314,0.119101986076333,-6.56587776013922e-08,5.63685014248247e-07,"s__Senegalimassilia_SGB14826"
"fixed",NA,"ResponseResponder:Days2",1.99168783918153e-07,1.26302639987187e-07,1.57691702990815,73.6249305434112,0.119101986075874,-5.25160239611666e-08,4.50853591797473e-07,"s__GGB6128_SGB8774"
"fixed",NA,"ResponseResponder:Days2",1.6796150561003e-06,1.21467756516513e-06,1.38276617949386,81.3312610117658,0.17052147225306,-7.37063068003125e-07,4.09629318020372e-06,"s__GGB9109_SGB14042"
"fixed",NA,"ResponseResponder:Days2",1.63550575562536e-07,1.02720040949677e-07,1.59219733608421,60.2690424345895,0.116572238651227,-4.19012349042432e-08,3.69002386029316e-07,"s__GGB6519_SGB9208"
"fixed",NA,"ResponseResponder:Days2",-2.89725650698901e-08,4.9345927588851e-07,-0.0587131836111964,74.0268643107253,0.953338764959037,-1.01220570661176e-06,9.54260576471979e-07,"s__Cuneatibacter_sp_NSJ_177"
"fixed",NA,"ResponseResponder:Days2",6.44641220893214e-08,5.7277237462919e-08,1.12547540602068,41.9951401513065,0.266778874357338,-5.11264191221471e-08,1.8005466330079e-07,"s__GGB9290_SGB14247"
"fixed",NA,"ResponseResponder:Days2",7.63306543602422e-08,4.84049908222819e-08,1.57691702990894,73.6249306289741,0.11910198607072,-2.01265599664392e-08,1.72787868686924e-07,"s__GGB9582_SGB15003"
"fixed",NA,"ResponseResponder:Days2",-3.97954853790638e-08,2.32628686024319e-07,-0.171068693458139,68.2746115384196,0.864675736215724,-5.03964995812073e-07,4.24374025053945e-07,"s__GGB1158_SGB1488"
"fixed",NA,"ResponseResponder:Days2",-3.98417105613007e-06,5.19253108608411e-06,-0.767288821208519,79.3402746940206,0.445187182055418,-1.43189564674284e-05,6.35061435516827e-06,"s__Clostridium_SGB4909"
"fixed",NA,"ResponseResponder:Days2",-5.82272284876545e-07,5.08233189644071e-07,-1.14567937856307,69.5839100052727,0.255852786180252,-1.59601799351834e-06,4.31473423765252e-07,"c__CFGB30328"
"fixed",NA,"ResponseResponder:Days2",1.39004187588812e-08,2.79142900640888e-08,0.497967841093829,73.2022530167477,0.619999462407182,-4.17300916588086e-08,6.9530929176571e-08,"c__Epsilonproteobacteria"
"fixed",NA,"ResponseResponder:Days2",-5.82272284876545e-07,5.08233189644071e-07,-1.14567937856307,69.5839100052727,0.255852786180252,-1.59601799351834e-06,4.31473423765252e-07,"o__OFGB30328"
"fixed",NA,"ResponseResponder:Days2",1.39004187588812e-08,2.79142900640888e-08,0.497967841093829,73.2022530167477,0.619999462407182,-4.17300916588086e-08,6.9530929176571e-08,"o__Campylobacterales"
"fixed",NA,"ResponseResponder:Days2",-5.82272284876545e-07,5.08233189644071e-07,-1.14567937856307,69.5839100052727,0.255852786180252,-1.59601799351834e-06,4.31473423765252e-07,"f__FGB30328"
"fixed",NA,"ResponseResponder:Days2",1.39004187588812e-08,2.79142900640888e-08,0.497967841093829,73.2022530167477,0.619999462407182,-4.17300916588086e-08,6.9530929176571e-08,"f__Campylobacteraceae"
"fixed",NA,"ResponseResponder:Days2",-5.82272284876545e-07,5.08233189644071e-07,-1.14567937856307,69.5839100052727,0.255852786180252,-1.59601799351834e-06,4.31473423765252e-07,"g__GGB52106"
"fixed",NA,"ResponseResponder:Days2",1.39004187588812e-08,2.79142900640888e-08,0.497967841093829,73.2022530167477,0.619999462407182,-4.17300916588086e-08,6.9530929176571e-08,"g__Campylobacter"
"fixed",NA,"ResponseResponder:Days2",1.06868975201551e-06,2.15247834732866e-06,0.496492684045723,55.6774135781647,0.621501447522806,-3.24379389138021e-06,5.38117339541123e-06,"s__GGB9524_SGB14923"
"fixed",NA,"ResponseResponder:Days2",7.78697362302696e-07,1.56375028509599e-06,0.49796784673641,73.202252918742,0.619999458451458,-2.33770740127638e-06,3.89510212588178e-06,"s__Victivallis_vadensis"
"fixed",NA,"ResponseResponder:Days2",-7.30884223986894e-08,1.37347049561174e-06,-0.0532144102346634,47.9953944489268,0.957781955464099,-2.83464278532257e-06,2.68846594052519e-06,"s__Clostridia_bacterium_UC5_1_1E11"
"fixed",NA,"ResponseResponder:Days2",-1.90656647372377e-06,2.31083841012926e-06,-0.825054000040237,63.567580663301,0.412426402862111,-6.52360176981559e-06,2.71046882236806e-06,"s__Clostridium_transplantifaecale"
"fixed",NA,"ResponseResponder:Days2",-7.77931123758296e-08,7.50524919422761e-06,-0.0103651604846993,67.7292639940459,0.991760417513245,-1.50553687669586e-05,1.4899782542207e-05,"s__Eisenbergiella_tayi"
"fixed",NA,"ResponseResponder:Days2",7.90636150947102e-07,2.05657756085235e-06,0.384442661437687,73.9576656777432,0.70175360157082,-3.30722306541007e-06,4.88849536730428e-06,"s__Clostridium_saccharogumia"
"fixed",NA,"ResponseResponder:Days2",-5.82272284876545e-07,5.08233189644071e-07,-1.14567937856307,69.5839100052727,0.255852786180252,-1.59601799351834e-06,4.31473423765252e-07,"s__GGB52106_SGB72838"
"fixed",NA,"ResponseResponder:Days2",1.39004187588812e-08,2.79142900640888e-08,0.497967841093829,73.2022530167477,0.619999462407182,-4.17300916588086e-08,6.9530929176571e-08,"s__Campylobacter_gracilis"
"fixed",NA,"ResponseResponder:Days2",4.28649996891893e-06,1.88399166498678e-05,0.227522236354958,81.2222473764067,0.820589425871058,-3.31974696797304e-05,4.17704696175683e-05,"c__CFGB2833"
"fixed",NA,"ResponseResponder:Days2",-8.70281623902867e-06,1.26427409620945e-05,-0.688364672274905,63.8833504688693,0.493715369051398,-3.39604829996381e-05,1.65548505215808e-05,"c__CFGB72904"
"fixed",NA,"ResponseResponder:Days2",4.28649996891893e-06,1.88399166498678e-05,0.227522236354958,81.2222473764067,0.820589425871058,-3.31974696797304e-05,4.17704696175683e-05,"o__OFGB2833"
"fixed",NA,"ResponseResponder:Days2",-8.70281623902867e-06,1.26427409620945e-05,-0.688364672274905,63.8833504688693,0.493715369051398,-3.39604829996381e-05,1.65548505215808e-05,"o__OFGB72904"
"fixed",NA,"ResponseResponder:Days2",4.28649996891893e-06,1.88399166498678e-05,0.227522236354958,81.2222473764067,0.820589425871058,-3.31974696797304e-05,4.17704696175683e-05,"f__FGB2833"
"fixed",NA,"ResponseResponder:Days2",-8.70281623902867e-06,1.26427409620945e-05,-0.688364672274905,63.8833504688693,0.493715369051398,-3.39604829996381e-05,1.65548505215808e-05,"f__FGB72904"
"fixed",NA,"ResponseResponder:Days2",4.28649996891893e-06,1.88399166498678e-05,0.227522236354958,81.2222473764067,0.820589425871058,-3.31974696797304e-05,4.17704696175683e-05,"g__GGB74665"
"fixed",NA,"ResponseResponder:Days2",1.65425371012884e-07,7.27073422195151e-07,0.227522236356045,81.2222474790004,0.820589425869494,-1.28116266840784e-06,1.61201341043361e-06,"g__GGB9646"
"fixed",NA,"ResponseResponder:Days2",-8.70281623902867e-06,1.26427409620945e-05,-0.688364672274905,63.8833504688693,0.493715369051398,-3.39604829996381e-05,1.65548505215808e-05,"g__GGB47150"
"fixed",NA,"ResponseResponder:Days2",-1.18700326983745e-06,1.33162980998408e-06,-0.891391331838413,81.611750733283,0.375339803633063,-3.83622785274172e-06,1.46222131306683e-06,"g__GGB9237"
"fixed",NA,"ResponseResponder:Days2",2.31288172309009e-09,5.53652708633053e-09,0.417749554373266,41.9991694626906,0.678258325575865,-8.86028883293952e-09,1.34860522791197e-08,"g__Angelakisella"
"fixed",NA,"ResponseResponder:Days2",4.28649996891893e-06,1.88399166498678e-05,0.227522236354958,81.2222473764067,0.820589425871058,-3.31974696797304e-05,4.17704696175683e-05,"s__GGB74665_SGB13972"
"fixed",NA,"ResponseResponder:Days2",5.32620620341579e-07,1.55337550733816e-06,0.342879501978417,71.2733207852188,0.732698342297796,-2.56451634940791e-06,3.62975759009107e-06,"s__Clostridium_sp_AF12_28"
"fixed",NA,"ResponseResponder:Days2",-2.06796939195803e-07,1.32343783882393e-06,-0.156257387486799,36.7914612267274,0.876684414546765,-2.88884985756451e-06,2.47525597917291e-06,"s__Clostridiaceae_bacterium_Marseille_Q4145"
"fixed",NA,"ResponseResponder:Days2",1.65425371012884e-07,7.27073422195151e-07,0.227522236356045,81.2222474790004,0.820589425869494,-1.28116266840784e-06,1.61201341043361e-06,"s__GGB9646_SGB15123"
"fixed",NA,"ResponseResponder:Days2",-8.70281623902867e-06,1.26427409620945e-05,-0.688364672274905,63.8833504688693,0.493715369051398,-3.39604829996381e-05,1.65548505215808e-05,"s__GGB47150_SGB65079"
"fixed",NA,"ResponseResponder:Days2",-1.18700326983745e-06,1.33162980998408e-06,-0.891391331838413,81.611750733283,0.375339803633063,-3.83622785274172e-06,1.46222131306683e-06,"s__GGB9237_SGB14179"
"fixed",NA,"ResponseResponder:Days2",5.08809283032318e-08,2.23630573881526e-07,0.227522236428134,81.2222474119153,0.820589425814106,-3.94055309983607e-07,4.9581716659007e-07,"s__Enterobacter_ludwigii"
"fixed",NA,"ResponseResponder:Days2",-3.50304483638943e-08,1.70385877559027e-07,-0.20559478793516,81.217514920323,0.837621900349018,-3.7403113544407e-07,3.03970238716282e-07,"s__Lachnoclostridium_sp_An131"
"fixed",NA,"ResponseResponder:Days2",1.73656109462274e-08,7.63248956201385e-08,0.227522236422756,81.2222476698687,0.82058942581646,-1.3449069096185e-07,1.69221912854304e-07,"s__Lachnoclostridium_sp_An138"
"fixed",NA,"ResponseResponder:Days2",2.77991892440739e-07,6.92010751883506e-07,0.401716146294121,71.8621931596923,0.689085155899996,-1.10155152674805e-06,1.65753531162953e-06,"s__Mediterraneibacter_butyricigenes"
"fixed",NA,"ResponseResponder:Days2",2.31288172309009e-09,5.53652708633053e-09,0.417749554373266,41.9991694626906,0.678258325575865,-8.86028883293952e-09,1.34860522791197e-08,"s__Angelakisella_massiliensis"
"fixed",NA,"ResponseResponder:Days2",-8.61515170466815e-06,1.9598217531858e-05,-0.439588533531875,66.9640769660179,0.66165056301785,-4.77337433704207e-05,3.05034399610844e-05,"g__GGB3637"
"fixed",NA,"ResponseResponder:Days2",-8.61515170466815e-06,1.9598217531858e-05,-0.439588533531875,66.9640769660179,0.66165056301785,-4.77337433704207e-05,3.05034399610844e-05,"s__GGB3637_SGB4930"
"fixed",NA,"ResponseResponder:Days2",-8.6087317035595e-11,4.12724253239214e-07,-0.000208583131134043,59.1770997707153,0.999834276306252,-8.25893700407554e-07,8.25721525773483e-07,"g__GGB79118"
"fixed",NA,"ResponseResponder:Days2",5.05554122131124e-07,3.7115605123029e-07,1.36210664073868,76.2143030785545,0.17717652153904,-2.33633605990288e-07,1.24474185025254e-06,"g__GGB9513"
"fixed",NA,"ResponseResponder:Days2",2.40886524365613e-07,2.69563073943659e-07,0.893618405672138,81.0610226990464,0.374171557643614,-2.95453316501027e-07,7.77226365232253e-07,"g__Pyramidobacter"
"fixed",NA,"ResponseResponder:Days2",3.5276570558693e-06,6.39105700043088e-06,0.551967703563193,40.0107308180419,0.584040630704041,-9.3890430533948e-06,1.64443571651334e-05,"s__Collinsella_intestinalis"
"fixed",NA,"ResponseResponder:Days2",1.64891825248864e-06,2.23572651606294e-06,0.737531285978726,78.9105960799861,0.462986825288666,-2.80126245735765e-06,6.09909896233492e-06,"s__Lachnospiraceae_unclassified_SGB4550"
"fixed",NA,"ResponseResponder:Days2",3.30034882956617e-06,1.2637755059628e-05,0.261149928448076,61.718444190538,0.794846359607924,-2.19644562516384e-05,2.85651539107708e-05,"s__Blautia_argi"
"fixed",NA,"ResponseResponder:Days2",4.45846697608138e-06,5.3598748726846e-06,0.831822958928193,52.9455754349378,0.409244968682527,-6.29233856031051e-06,1.52092725124733e-05,"s__GGB74511_SGB47635"
"fixed",NA,"ResponseResponder:Days2",-8.6087317035595e-11,4.12724253239214e-07,-0.000208583131134043,59.1770997707153,0.999834276306252,-8.25893700407554e-07,8.25721525773483e-07,"s__GGB79118_SGB105839"
"fixed",NA,"ResponseResponder:Days2",5.05554122131124e-07,3.7115605123029e-07,1.36210664073868,76.2143030785545,0.17717652153904,-2.33633605990288e-07,1.24474185025254e-06,"s__GGB9513_SGB14911"
"fixed",NA,"ResponseResponder:Days2",2.40886524365613e-07,2.69563073943659e-07,0.893618405672138,81.0610226990464,0.374171557643614,-2.95453316501027e-07,7.77226365232253e-07,"s__Pyramidobacter_piscolens"
"fixed",NA,"ResponseResponder:Days2",2.1710494338542e-06,4.14118587852187e-06,0.524257905232961,81.0445958004454,0.601530105843175,-6.06854274016096e-06,1.04106416078694e-05,"p__Candidatus_Saccharibacteria"
"fixed",NA,"ResponseResponder:Days2",1.9683309626406e-07,3.75450888383662e-07,0.524257905238786,81.0445957501007,0.601530105840029,-5.50190170121261e-07,9.43856362649381e-07,"c__CFGB8118"
"fixed",NA,"ResponseResponder:Days2",6.61123788450908e-07,1.26106594071672e-06,0.524257905240992,81.0445959168423,0.601530105835564,-1.84798093677075e-06,3.17022851367257e-06,"c__CFGB28310"
"fixed",NA,"ResponseResponder:Days2",1.54807293063175e-06,3.2096326432413e-06,0.482320907936804,81.1159922075456,0.630876979963942,-4.83795081224687e-06,7.93409667351037e-06,"c__CFGB2838"
"fixed",NA,"ResponseResponder:Days2",8.00345603042302e-06,1.52662572190411e-05,0.524257905234334,81.044595763244,0.60153010584288,-2.23713537944106e-05,3.83782658552566e-05,"c__CFGB9395"
"fixed",NA,"ResponseResponder:Days2",9.63530339429029e-07,1.83789377292901e-06,0.524257905228915,81.044595752093,0.601530105846828,-2.69327126099543e-06,4.62033193985348e-06,"c__CFGB28682"
"fixed",NA,"ResponseResponder:Days2",2.08887216112617e-06,3.98443617207192e-06,0.524257905238307,81.0445957022522,0.601530105841204,-5.83883986748424e-06,1.00165841897366e-05,"c__CFGB77305"
"fixed",NA,"ResponseResponder:Days2",6.92585113906815e-07,1.3210771015416e-06,0.524257905234009,81.0445958658989,0.601530105841296,-1.93592200127847e-06,3.3210922290921e-06,"c__CFGB78137"
"fixed",NA,"ResponseResponder:Days2",4.50485491640203e-09,8.59282210400681e-09,0.524257905246453,81.0445956813399,0.601530105835933,-1.25920230889211e-08,2.16017329217252e-08,"c__CFGB9827"
"fixed",NA,"ResponseResponder:Days2",2.79155686903628e-07,5.32477782641186e-07,0.524257905219943,81.0445958304877,0.601530105851658,-7.80299237208262e-07,1.33861061101552e-06,"c__CFGB77359"
"fixed",NA,"ResponseResponder:Days2",1.06772327410797e-06,2.03663743256048e-06,0.524257905230399,81.0445957699308,0.601530105845486,-2.98451256919522e-06,5.11995911741116e-06,"c__CFGB9633"
"fixed",NA,"ResponseResponder:Days2",3.9860700113856e-07,7.60326162302272e-07,0.524257905227903,81.044595627732,0.60153010584972,-1.11419094625596e-06,1.91140494853308e-06,"c__CFGB50354"
"fixed",NA,"ResponseResponder:Days2",5.15151957352802e-08,9.82630785769246e-08,0.524257905220748,81.0445960384924,0.601530105847435,-1.43995876926357e-07,2.47026268396917e-07,"c__CFGB77250"
"fixed",NA,"ResponseResponder:Days2",1.61811482235699e-07,3.08648626220424e-07,0.524257905234088,81.0445957869375,0.601530105842633,-4.52297345460896e-07,7.75920309932294e-07,"c__CFGB10290"
"fixed",NA,"ResponseResponder:Days2",1.84793508203863e-06,3.52485878341451e-06,0.524257905234022,81.0445957338158,0.601530105843615,-5.1653697293501e-06,8.86123989342737e-06,"c__CFGB37573"
"fixed",NA,"ResponseResponder:Days2",1.38764063212736e-06,2.64686639584895e-06,0.524257905236009,81.0445954703197,0.601530105846882,-3.87874930592369e-06,6.6540305701784e-06,"c__CFGB9388"
"fixed",NA,"ResponseResponder:Days2",2.1710494338542e-06,4.14118587852187e-06,0.524257905232961,81.0445958004454,0.601530105843175,-6.06854274016096e-06,1.04106416078694e-05,"c__CFGB9318"
"fixed",NA,"ResponseResponder:Days2",1.36598826492168e-07,2.60556541219315e-07,0.524257905224455,81.0445956617164,0.601530105851508,-3.81822635608708e-07,6.55020288593043e-07,"c__CFGB9375"
"fixed",NA,"ResponseResponder:Days2",1.68496105658784e-07,3.21399265471786e-07,0.524257905230262,81.044595570863,0.601530105849089,-4.70982282974773e-07,8.07974494292341e-07,"c__CFGB10197"
"fixed",NA,"ResponseResponder:Days2",1.68568764608995e-07,3.21537859376696e-07,0.524257905230095,81.0445957054851,0.601530105846832,-4.71185380105339e-07,8.0832290932333e-07,"c__CFGB9656"
"fixed",NA,"ResponseResponder:Days2",2.96085222319388e-07,5.64770162482839e-07,0.524257905229518,81.0445958733723,0.601530105844273,-8.27620872348454e-07,1.41979131698723e-06,"c__CFGB40333"
"fixed",NA,"ResponseResponder:Days2",1.9683309626406e-07,3.75450888383662e-07,0.524257905238786,81.0445957501007,0.601530105840029,-5.50190170121261e-07,9.43856362649381e-07,"o__OFGB8118"
"fixed",NA,"ResponseResponder:Days2",6.61123788450908e-07,1.26106594071672e-06,0.524257905240992,81.0445959168423,0.601530105835564,-1.84798093677075e-06,3.17022851367257e-06,"o__OFGB28310"
"fixed",NA,"ResponseResponder:Days2",1.54807293063175e-06,3.2096326432413e-06,0.482320907936804,81.1159922075456,0.630876979963942,-4.83795081224687e-06,7.93409667351037e-06,"o__OFGB2838"
"fixed",NA,"ResponseResponder:Days2",8.00345603042302e-06,1.52662572190411e-05,0.524257905234334,81.044595763244,0.60153010584288,-2.23713537944106e-05,3.83782658552566e-05,"o__OFGB9395"
"fixed",NA,"ResponseResponder:Days2",9.63530339429029e-07,1.83789377292901e-06,0.524257905228915,81.044595752093,0.601530105846828,-2.69327126099543e-06,4.62033193985348e-06,"o__OFGB28682"
"fixed",NA,"ResponseResponder:Days2",2.08887216112617e-06,3.98443617207192e-06,0.524257905238307,81.0445957022522,0.601530105841204,-5.83883986748424e-06,1.00165841897366e-05,"o__OFGB77305"
"fixed",NA,"ResponseResponder:Days2",6.92585113906815e-07,1.3210771015416e-06,0.524257905234009,81.0445958658989,0.601530105841296,-1.93592200127847e-06,3.3210922290921e-06,"o__OFGB78137"
"fixed",NA,"ResponseResponder:Days2",4.50485491640203e-09,8.59282210400681e-09,0.524257905246453,81.0445956813399,0.601530105835933,-1.25920230889211e-08,2.16017329217252e-08,"o__OFGB9827"
"fixed",NA,"ResponseResponder:Days2",2.79155686903628e-07,5.32477782641186e-07,0.524257905219943,81.0445958304877,0.601530105851658,-7.80299237208262e-07,1.33861061101552e-06,"o__OFGB77359"
"fixed",NA,"ResponseResponder:Days2",1.06772327410797e-06,2.03663743256048e-06,0.524257905230399,81.0445957699308,0.601530105845486,-2.98451256919522e-06,5.11995911741116e-06,"o__OFGB9633"
"fixed",NA,"ResponseResponder:Days2",3.9860700113856e-07,7.60326162302272e-07,0.524257905227903,81.044595627732,0.60153010584972,-1.11419094625596e-06,1.91140494853308e-06,"o__OFGB50354"
"fixed",NA,"ResponseResponder:Days2",5.15151957352802e-08,9.82630785769246e-08,0.524257905220748,81.0445960384924,0.601530105847435,-1.43995876926357e-07,2.47026268396917e-07,"o__OFGB77250"
"fixed",NA,"ResponseResponder:Days2",1.61811482235699e-07,3.08648626220424e-07,0.524257905234088,81.0445957869375,0.601530105842633,-4.52297345460896e-07,7.75920309932294e-07,"o__OFGB10290"
"fixed",NA,"ResponseResponder:Days2",1.84793508203863e-06,3.52485878341451e-06,0.524257905234022,81.0445957338158,0.601530105843615,-5.1653697293501e-06,8.86123989342737e-06,"o__OFGB37573"
"fixed",NA,"ResponseResponder:Days2",1.38764063212736e-06,2.64686639584895e-06,0.524257905236009,81.0445954703197,0.601530105846882,-3.87874930592369e-06,6.6540305701784e-06,"o__OFGB9388"
"fixed",NA,"ResponseResponder:Days2",2.1710494338542e-06,4.14118587852187e-06,0.524257905232961,81.0445958004454,0.601530105843175,-6.06854274016096e-06,1.04106416078694e-05,"o__OFGB9318"
"fixed",NA,"ResponseResponder:Days2",1.36598826492168e-07,2.60556541219315e-07,0.524257905224455,81.0445956617164,0.601530105851508,-3.81822635608708e-07,6.55020288593043e-07,"o__OFGB9375"
"fixed",NA,"ResponseResponder:Days2",1.68496105658784e-07,3.21399265471786e-07,0.524257905230262,81.044595570863,0.601530105849089,-4.70982282974773e-07,8.07974494292341e-07,"o__OFGB10197"
"fixed",NA,"ResponseResponder:Days2",1.68568764608995e-07,3.21537859376696e-07,0.524257905230095,81.0445957054851,0.601530105846832,-4.71185380105339e-07,8.0832290932333e-07,"o__OFGB9656"
"fixed",NA,"ResponseResponder:Days2",2.96085222319388e-07,5.64770162482839e-07,0.524257905229518,81.0445958733723,0.601530105844273,-8.27620872348454e-07,1.41979131698723e-06,"o__OFGB40333"
"fixed",NA,"ResponseResponder:Days2",2.23604985963735e-05,6.19337993889435e-05,0.361038702889029,81.1639695056473,0.719008564586837,-0.000100864561210779,0.000145585558403526,"f__Bacteroidales_unclassified"
"fixed",NA,"ResponseResponder:Days2",1.9683309626406e-07,3.75450888383662e-07,0.524257905238786,81.0445957501007,0.601530105840029,-5.50190170121261e-07,9.43856362649381e-07,"f__FGB8118"
"fixed",NA,"ResponseResponder:Days2",6.61123788450908e-07,1.26106594071672e-06,0.524257905240992,81.0445959168423,0.601530105835564,-1.84798093677075e-06,3.17022851367257e-06,"f__FGB28310"
"fixed",NA,"ResponseResponder:Days2",1.54807293063175e-06,3.2096326432413e-06,0.482320907936804,81.1159922075456,0.630876979963942,-4.83795081224687e-06,7.93409667351037e-06,"f__FGB2838"
"fixed",NA,"ResponseResponder:Days2",8.00345603042302e-06,1.52662572190411e-05,0.524257905234334,81.044595763244,0.60153010584288,-2.23713537944106e-05,3.83782658552566e-05,"f__FGB9395"
"fixed",NA,"ResponseResponder:Days2",9.63530339429029e-07,1.83789377292901e-06,0.524257905228915,81.044595752093,0.601530105846828,-2.69327126099543e-06,4.62033193985348e-06,"f__FGB28682"
"fixed",NA,"ResponseResponder:Days2",2.08887216112617e-06,3.98443617207192e-06,0.524257905238307,81.0445957022522,0.601530105841204,-5.83883986748424e-06,1.00165841897366e-05,"f__FGB77305"
"fixed",NA,"ResponseResponder:Days2",6.92585113906815e-07,1.3210771015416e-06,0.524257905234009,81.0445958658989,0.601530105841296,-1.93592200127847e-06,3.3210922290921e-06,"f__FGB78137"
"fixed",NA,"ResponseResponder:Days2",4.50485491640203e-09,8.59282210400681e-09,0.524257905246453,81.0445956813399,0.601530105835933,-1.25920230889211e-08,2.16017329217252e-08,"f__FGB9827"
"fixed",NA,"ResponseResponder:Days2",2.79155686903628e-07,5.32477782641186e-07,0.524257905219943,81.0445958304877,0.601530105851658,-7.80299237208262e-07,1.33861061101552e-06,"f__FGB77359"
"fixed",NA,"ResponseResponder:Days2",1.06772327410797e-06,2.03663743256048e-06,0.524257905230399,81.0445957699308,0.601530105845486,-2.98451256919522e-06,5.11995911741116e-06,"f__FGB9633"
"fixed",NA,"ResponseResponder:Days2",4.6766206746981e-06,8.92045809522438e-06,0.524257905230423,81.0445957047462,0.601530105846618,-1.30721447435764e-05,2.24253860929726e-05,"f__Burkholderiaceae"
"fixed",NA,"ResponseResponder:Days2",3.9860700113856e-07,7.60326162302272e-07,0.524257905227903,81.044595627732,0.60153010584972,-1.11419094625596e-06,1.91140494853308e-06,"f__FGB50354"
"fixed",NA,"ResponseResponder:Days2",5.15151957352802e-08,9.82630785769246e-08,0.524257905220748,81.0445960384924,0.601530105847435,-1.43995876926357e-07,2.47026268396917e-07,"f__FGB77250"
"fixed",NA,"ResponseResponder:Days2",1.61811482235699e-07,3.08648626220424e-07,0.524257905234088,81.0445957869375,0.601530105842633,-4.52297345460896e-07,7.75920309932294e-07,"f__FGB10290"
"fixed",NA,"ResponseResponder:Days2",1.84793508203863e-06,3.52485878341451e-06,0.524257905234022,81.0445957338158,0.601530105843615,-5.1653697293501e-06,8.86123989342737e-06,"f__FGB37573"
"fixed",NA,"ResponseResponder:Days2",1.38764063212736e-06,2.64686639584895e-06,0.524257905236009,81.0445954703197,0.601530105846882,-3.87874930592369e-06,6.6540305701784e-06,"f__FGB9388"
"fixed",NA,"ResponseResponder:Days2",2.1710494338542e-06,4.14118587852187e-06,0.524257905232961,81.0445958004454,0.601530105843175,-6.06854274016096e-06,1.04106416078694e-05,"f__FGB9318"
"fixed",NA,"ResponseResponder:Days2",1.36598826492168e-07,2.60556541219315e-07,0.524257905224455,81.0445956617164,0.601530105851508,-3.81822635608708e-07,6.55020288593043e-07,"f__FGB9375"
"fixed",NA,"ResponseResponder:Days2",1.68496105658784e-07,3.21399265471786e-07,0.524257905230262,81.044595570863,0.601530105849089,-4.70982282974773e-07,8.07974494292341e-07,"f__FGB10197"
"fixed",NA,"ResponseResponder:Days2",1.68568764608995e-07,3.21537859376696e-07,0.524257905230095,81.0445957054851,0.601530105846832,-4.71185380105339e-07,8.0832290932333e-07,"f__FGB9656"
"fixed",NA,"ResponseResponder:Days2",6.41799042474815e-07,8.9473511309554e-07,0.717306198316465,66.6991441672665,0.475689823552857,-1.14424780581964e-06,2.42784589076927e-06,"f__Atopobiaceae"
"fixed",NA,"ResponseResponder:Days2",2.96085222319388e-07,5.64770162482839e-07,0.524257905229518,81.0445958733723,0.601530105844273,-8.27620872348454e-07,1.41979131698723e-06,"f__FGB40333"
"fixed",NA,"ResponseResponder:Days2",9.53444550561528e-05,0.000181865555298561,0.52425790524011,81.0445955827934,0.601530105842061,-0.000266507934616532,0.000457196844728837,"g__GGB24148"
"fixed",NA,"ResponseResponder:Days2",2.23604985963735e-05,6.19337993889435e-05,0.361038702889029,81.1639695056473,0.719008564586837,-0.000100864561210779,0.000145585558403526,"g__Bacteroidales_unclassified"
"fixed",NA,"ResponseResponder:Days2",8.44860835509623e-05,0.000161153666368254,0.524257905233768,81.044595573094,0.601530105846622,-0.000236156487738811,0.000405128654840735,"g__GGB27851"
"fixed",NA,"ResponseResponder:Days2",5.40781675484972e-05,0.000103151839978167,0.524257905238949,81.0445958417536,0.601530105838302,-0.000151159925680048,0.000259316260777042,"g__Paramuribaculum"
"fixed",NA,"ResponseResponder:Days2",4.01142798508372e-05,7.65163089582277e-05,0.524257905236081,81.0445957256701,0.601530105842333,-0.000112127903663655,0.00019235646336533,"g__Duncaniella"
"fixed",NA,"ResponseResponder:Days2",5.2010148505095e-05,9.92071802570037e-05,0.524257905227815,81.0445957967705,0.601530105846802,-0.000145379374696903,0.000249399671707093,"g__Muribaculaceae_unclassified"
"fixed",NA,"ResponseResponder:Days2",3.57434806979174e-05,6.81791926087187e-05,0.524257905238769,81.0445957079435,0.601530105840784,-9.99105948104486e-05,0.000171397556206283,"g__GGB27876"
"fixed",NA,"ResponseResponder:Days2",2.29529623879964e-05,4.37818145590798e-05,0.52425790523194,81.0445957946853,0.601530105843983,-6.41583886084787e-05,0.000110064313384472,"g__GGB1503"
"fixed",NA,"ResponseResponder:Days2",2.12637144533504e-05,4.05596448639712e-05,0.524257905232272,81.0445957049635,0.601530105845335,-5.9436583048693e-05,0.000101964011955394,"g__GGB24132"
"fixed",NA,"ResponseResponder:Days2",3.65979499522126e-05,6.98090569305455e-05,0.524257905226031,81.0445956439675,0.60153010585073,-0.000102299017257198,0.000175494917161623,"g__GGB14001"
"fixed",NA,"ResponseResponder:Days2",4.85369053646586e-05,9.2582114414792e-05,0.524257905227792,81.0445957177278,0.601530105848211,-0.000135670924898197,0.000232744735627514,"g__Heminiphilus"
"fixed",NA,"ResponseResponder:Days2",6.42377779271783e-06,1.22530871325383e-05,0.524257905231029,81.0445958988752,0.601530105842778,-1.79558187297564e-05,3.0803374315192e-05,"g__Faecalibaculum"
"fixed",NA,"ResponseResponder:Days2",9.79079354790861e-07,1.86755286857728e-06,0.524257905232279,81.0445957261038,0.601530105844957,-2.73673405037685e-06,4.69489275995857e-06,"g__GGB25041"
"fixed",NA,"ResponseResponder:Days2",6.61123788450908e-07,1.26106594071672e-06,0.524257905240992,81.0445959168423,0.601530105835564,-1.84798093677075e-06,3.17022851367257e-06,"g__GGB28310"
"fixed",NA,"ResponseResponder:Days2",6.70932746735943e-07,1.2797761178788e-06,0.524257905240488,81.0445959451718,0.601530105835414,-1.87539905154696e-06,3.21726454501884e-06,"g__GGB28835"
"fixed",NA,"ResponseResponder:Days2",7.6400886201372e-07,1.4573149100622e-06,0.52425790523279,81.044595608565,0.601530105846674,-2.13556649651637e-06,3.66358422054382e-06,"g__GGB42333"
"fixed",NA,"ResponseResponder:Days2",8.00345603042302e-06,1.52662572190411e-05,0.524257905234334,81.044595763244,0.60153010584288,-2.23713537944106e-05,3.83782658552566e-05,"g__GGB27929"
"fixed",NA,"ResponseResponder:Days2",6.85537195729491e-07,1.30763349276631e-06,0.524257905232476,81.0445956370568,0.60153010584639,-1.91622157817327e-06,3.28729596963225e-06,"g__GGB3793"
"fixed",NA,"ResponseResponder:Days2",1.06379969077334e-06,2.02915336169979e-06,0.524257905219256,81.0445955362584,0.601530105857318,-2.97354532348416e-06,5.10114470503084e-06,"g__GGB27778"
"fixed",NA,"ResponseResponder:Days2",2.90635801049638e-08,5.5437561961507e-08,0.524257905229383,81.0445957354074,0.601530105846798,-8.12388586382855e-08,1.39366018848213e-07,"g__GGB24130"
"fixed",NA,"ResponseResponder:Days2",9.63530339429029e-07,1.83789377292901e-06,0.524257905228915,81.044595752093,0.601530105846828,-2.69327126099543e-06,4.62033193985348e-06,"g__GGB28682"
"fixed",NA,"ResponseResponder:Days2",4.12964409713272e-06,7.87712317910673e-06,0.524257905231974,81.0445958458083,0.601530105843059,-1.15432294235645e-05,1.980251761783e-05,"g__GGB27849"
"fixed",NA,"ResponseResponder:Days2",7.69966895940552e-07,1.46867961026324e-06,0.524257905236762,81.0445957238849,0.601530105841893,-2.15222046246733e-06,3.69215425434844e-06,"g__GGB28415"
"fixed",NA,"ResponseResponder:Days2",2.08887216112617e-06,3.98443617207192e-06,0.524257905238307,81.0445957022522,0.601530105841204,-5.83883986748424e-06,1.00165841897366e-05,"g__GGB28828"
"fixed",NA,"ResponseResponder:Days2",3.26601981425586e-07,6.22979602543224e-07,0.524257905222388,81.0445960558785,0.601530105845993,-9.12921673878985e-07,1.56612563673016e-06,"g__GGB28761"
"fixed",NA,"ResponseResponder:Days2",4.55135664428524e-07,8.68152220320251e-07,0.524257905210022,81.0445960006205,0.601530105855528,-1.27220052621119e-06,2.18247185506823e-06,"g__GGB30454"
"fixed",NA,"ResponseResponder:Days2",8.21046137990501e-08,1.56611112540749e-07,0.524257905247224,81.0445957894132,0.601530105833496,-2.29499775646471e-07,3.93709003244571e-07,"g__GGB30450"
"fixed",NA,"ResponseResponder:Days2",2.00248066924026e-07,3.81964801914615e-07,0.524257905231775,81.0445958668532,0.601530105842826,-5.59735735997951e-07,9.60231869846003e-07,"g__GGB70448"
"fixed",NA,"ResponseResponder:Days2",1.01475489936476e-06,1.93560247588602e-06,0.524257905229355,81.0445957413393,0.601530105846713,-2.83645474935153e-06,4.86596454808104e-06,"g__GGB28893"
"fixed",NA,"ResponseResponder:Days2",2.02936448085945e-07,3.8709277639561e-07,0.524257905238053,81.0445955326495,0.601530105844369,-5.67250330466767e-07,9.73123226638657e-07,"g__GGB28787"
"fixed",NA,"ResponseResponder:Days2",8.41390644029428e-08,1.60491741878749e-07,0.524257905222997,81.0445959116464,0.601530105848113,-2.35186495748613e-07,4.03464624554498e-07,"g__GGB74395"
"fixed",NA,"ResponseResponder:Days2",4.95897335547671e-07,9.45903400966852e-07,0.524257905237248,81.0445960033386,0.601530105836632,-1.38613802541204e-06,2.37793269650738e-06,"g__GGB27885"
"fixed",NA,"ResponseResponder:Days2",3.03278458399261e-07,5.78490959067525e-07,0.524257905236961,81.044595652032,0.601530105843021,-8.47727489902892e-07,1.45428440670141e-06,"g__GGB29551"
"fixed",NA,"ResponseResponder:Days2",4.52687057818135e-06,8.63481605722292e-06,0.524257905227139,81.0445955722829,0.601530105851226,-1.26535615249011e-05,2.17073026812638e-05,"g__GGB24127"
"fixed",NA,"ResponseResponder:Days2",1.43428767818269e-07,2.73584368279979e-07,0.524257905230493,81.0445957636993,0.601530105845531,-4.00913767376671e-07,6.8777130301321e-07,"g__GGB28864"
"fixed",NA,"ResponseResponder:Days2",2.79155686903628e-07,5.32477782641186e-07,0.524257905219943,81.0445958304877,0.601530105851658,-7.80299237208262e-07,1.33861061101552e-06,"g__GGB28927"
"fixed",NA,"ResponseResponder:Days2",-5.64323631696154e-06,1.1077323814726e-05,-0.509440403778711,39.8724217573985,0.613251684431257,-2.80335745195901e-05,1.6747101885667e-05,"g__Lactobacillus"
"fixed",NA,"ResponseResponder:Days2",6.13968129724009e-07,1.17111849643549e-06,0.524257905235663,81.0445955082631,0.601530105846453,-1.7161708888234e-06,2.94410714827142e-06,"g__GGB28895"
"fixed",NA,"ResponseResponder:Days2",1.99448818472995e-06,3.80440268960299e-06,0.524257905237177,81.0445958011445,0.601530105840244,-5.5750166739217e-06,9.56399304338159e-06,"g__GGB24146"
"fixed",NA,"ResponseResponder:Days2",4.6766206746981e-06,8.92045809522438e-06,0.524257905230423,81.0445957047462,0.601530105846618,-1.30721447435764e-05,2.24253860929726e-05,"g__Burkholderiaceae_unclassified"
"fixed",NA,"ResponseResponder:Days2",1.06772327410797e-06,2.03663743256048e-06,0.524257905230399,81.0445957699308,0.601530105845486,-2.98451256919522e-06,5.11995911741116e-06,"g__GGB28885"
"fixed",NA,"ResponseResponder:Days2",2.00078044981737e-05,3.81640492176878e-05,0.52425790523561,81.0445955830159,0.601530105845172,-5.59260488713377e-05,9.59416578676852e-05,"g__GGB29472"
"fixed",NA,"ResponseResponder:Days2",6.59161996782402e-07,1.2573239052866e-06,0.52425790523099,81.0445957219799,0.601530105845922,-1.84249731392002e-06,3.16082130748482e-06,"g__GGB27892"
"fixed",NA,"ResponseResponder:Days2",6.96944650913743e-07,1.32939273583759e-06,0.524257905226651,81.0445960209505,0.601530105843658,-1.94810783000948e-06,3.34199713183697e-06,"g__GGB27914"
"fixed",NA,"ResponseResponder:Days2",1.02303801969107e-07,1.95140218104577e-07,0.524257905227314,81.0445957654183,0.601530105847702,-2.85960782405097e-07,4.9056838634331e-07,"g__GGB28926"
"fixed",NA,"ResponseResponder:Days2",4.55280982338674e-07,8.68429408128121e-07,0.524257905222281,81.0445959993397,0.601530105847064,-1.27260672049128e-06,2.18316868516863e-06,"g__GGB1690"
"fixed",NA,"ResponseResponder:Days2",4.50485491640203e-09,8.59282210400681e-09,0.524257905246453,81.0445956813399,0.601530105835933,-1.25920230889211e-08,2.16017329217252e-08,"g__GGB29531"
"fixed",NA,"ResponseResponder:Days2",5.15151957352802e-08,9.82630785769246e-08,0.524257905220748,81.0445960384924,0.601530105847435,-1.43995876926357e-07,2.47026268396917e-07,"g__GGB30408"
"fixed",NA,"ResponseResponder:Days2",5.58093396964313e-07,1.06453978356608e-06,0.524257905228084,81.0445955127723,0.60153010585162,-1.55998918309157e-06,2.6761759770202e-06,"g__GGB14013"
"fixed",NA,"ResponseResponder:Days2",1.3942525966004e-06,2.65947844119535e-06,0.52425790523563,81.0445957847032,0.601530105841604,-3.89723114595531e-06,6.6857363391561e-06,"g__GGB27893"
"fixed",NA,"ResponseResponder:Days2",9.80895828526396e-09,1.87101771620409e-08,0.524257905219856,81.0445956282924,0.601530105855281,-2.74181147913924e-08,4.70360313619203e-08,"g__GGB30471"
"fixed",NA,"ResponseResponder:Days2",1.61811482235699e-07,3.08648626220424e-07,0.524257905234088,81.0445957869375,0.601530105842633,-4.52297345460896e-07,7.75920309932294e-07,"g__GGB31438"
"fixed",NA,"ResponseResponder:Days2",1.84793508203863e-06,3.52485878341451e-06,0.524257905234022,81.0445957338158,0.601530105843615,-5.1653697293501e-06,8.86123989342737e-06,"g__GGB27861"
"fixed",NA,"ResponseResponder:Days2",1.43138132014873e-08,2.73029992660838e-08,0.524257905220989,81.0445955620077,0.601530105855664,-4.00101378814066e-08,6.86377642843812e-08,"g__GGB30290"
"fixed",NA,"ResponseResponder:Days2",1.61302869581742e-07,3.07678468886524e-07,0.524257905226487,81.0445956058977,0.601530105851085,-4.50875665458431e-07,7.73481404621914e-07,"g__GGB30473"
"fixed",NA,"ResponseResponder:Days2",1.13275303456912e-07,2.16067897745411e-07,0.524257905218212,81.0445957091418,0.601530105854994,-3.16628451547883e-07,5.43179058461707e-07,"g__GGB27697"
"fixed",NA,"ResponseResponder:Days2",2.20447255098282e-07,4.20493907477599e-07,0.52425790523499,81.0445955831716,0.601530105845599,-6.16196742792215e-07,1.05709125298878e-06,"g__GGB29685"
"fixed",NA,"ResponseResponder:Days2",1.77069861789222e-07,3.37753346250532e-07,0.524257905228507,81.0445956618647,0.6015301058487,-4.94947746263363e-07,8.49087469841807e-07,"g__GGB28248"
"fixed",NA,"ResponseResponder:Days2",3.89306655505963e-07,7.42586142474386e-07,0.524257905229347,81.0445956025017,0.601530105849165,-1.08819451149657e-06,1.86680782250849e-06,"g__GGB29549"
"fixed",NA,"ResponseResponder:Days2",2.85404356631097e-07,5.44396858461926e-07,0.5242579052301,81.0445958654868,0.601530105844009,-7.97765591801125e-07,1.36857430506332e-06,"g__GGB23844"
"fixed",NA,"ResponseResponder:Days2",7.64590133633249e-07,1.45842366129794e-06,0.524257905245992,81.0445957747158,0.601530105834607,-2.13719127357469e-06,3.66637154084119e-06,"g__GGB27792"
"fixed",NA,"ResponseResponder:Days2",1.38764063212736e-06,2.64686639584895e-06,0.524257905236009,81.0445954703197,0.601530105846882,-3.87874930592369e-06,6.6540305701784e-06,"g__GGB27866"
"fixed",NA,"ResponseResponder:Days2",1.49067102358809e-06,2.84339255300477e-06,0.524257905231135,81.0445956323978,0.6015301058474,-4.16674105966027e-06,7.14808310683645e-06,"g__GGB73359"
"fixed",NA,"ResponseResponder:Days2",1.36598826492168e-07,2.60556541219315e-07,0.524257905224455,81.0445956617164,0.601530105851508,-3.81822635608708e-07,6.55020288593043e-07,"g__GGB27770"
"fixed",NA,"ResponseResponder:Days2",4.14156016500421e-09,7.89985257950524e-09,0.524257905235947,81.0445955643865,0.601530105845267,-1.15765373563924e-08,1.98596576864008e-08,"g__GGB31701"
"fixed",NA,"ResponseResponder:Days2",1.68496105658784e-07,3.21399265471786e-07,0.524257905230262,81.044595570863,0.601530105849089,-4.70982282974773e-07,8.07974494292341e-07,"g__GGB31108"
"fixed",NA,"ResponseResponder:Days2",1.9683309626406e-07,3.75450888383662e-07,0.524257905238786,81.0445957501007,0.601530105840029,-5.50190170121261e-07,9.43856362649381e-07,"g__GGB29006"
"fixed",NA,"ResponseResponder:Days2",8.33616136360712e-07,1.59008787096089e-06,0.524257905229449,81.04459579119,0.601530105845769,-2.33013356285948e-06,3.9973658355809e-06,"g__GGB3171"
"fixed",NA,"ResponseResponder:Days2",3.72013825343835e-08,7.09600793107229e-08,0.524257905229848,81.0445959230082,0.60153010584317,-1.03985739052012e-07,1.78388504120779e-07,"g__GGB28405"
"fixed",NA,"ResponseResponder:Days2",4.96260630298997e-08,9.46596370491373e-08,0.524257905237257,81.0445954826454,0.601530105845801,-1.38715351132827e-07,2.37967477192627e-07,"g__GGB28793"
"fixed",NA,"ResponseResponder:Days2",2.13762631678858e-07,4.07743268225504e-07,0.524257905247956,81.0445957356938,0.601530105833935,-5.9751180527495e-07,1.02503706863267e-06,"g__GGB24134"
"fixed",NA,"ResponseResponder:Days2",1.03756980976332e-07,1.97912096202255e-07,0.524257905238384,81.0445956837932,0.601530105841476,-2.90022725340221e-07,4.97536687292884e-07,"g__GGB30461"
"fixed",NA,"ResponseResponder:Days2",1.09860332797495e-07,2.09553984214348e-07,0.524257905233244,81.0445958299878,0.601530105842458,-3.0708288564432e-07,5.26803551239309e-07,"g__GGB28399"
"fixed",NA,"ResponseResponder:Days2",2.21609798293691e-08,4.22711409957826e-08,0.524257905211976,81.0445957107354,0.601530105859283,-6.1944629713012e-08,1.0626658937175e-07,"g__GGB31823"
"fixed",NA,"ResponseResponder:Days2",1.68568764608995e-07,3.21537859376696e-07,0.524257905230095,81.0445957054851,0.601530105846832,-4.71185380105339e-07,8.0832290932333e-07,"g__GGB28996"
"fixed",NA,"ResponseResponder:Days2",5.43488947974365e-08,1.03668240867786e-07,0.52425790524169,81.044595932813,0.6015301058348,-1.51916665644366e-07,2.60614455239239e-07,"g__Granulimonas"
"fixed",NA,"ResponseResponder:Days2",3.33504581709202e-08,6.36146023507339e-08,0.524257905237624,81.0445958018602,0.601530105839922,-9.3221590285196e-08,1.59922506627036e-07,"g__GGB30456"
"fixed",NA,"ResponseResponder:Days2",1.35872236990006e-08,2.59170602170184e-08,0.524257905226401,81.0445958833366,0.601530105846256,-3.797916641207e-08,6.51536138100712e-08,"g__GGB33406"
"fixed",NA,"ResponseResponder:Days2",2.96085222319388e-07,5.64770162482839e-07,0.524257905229518,81.0445958733723,0.601530105844273,-8.27620872348454e-07,1.41979131698723e-06,"g__GGB42696"
"fixed",NA,"ResponseResponder:Days2",8.58828792118106e-08,1.63817995595922e-07,0.524257905240469,81.0445955098199,0.601530105843098,-2.40060827287578e-07,4.11826585711199e-07,"g__GGB28904"
"fixed",NA,"ResponseResponder:Days2",4.94662133378587e-07,9.43547304586433e-07,0.524257905220134,81.0445955073845,0.601530105857219,-1.38268537411469e-06,2.37200964087187e-06,"g__GGB75725"
"fixed",NA,"ResponseResponder:Days2",9.53444550561528e-05,0.000181865555298561,0.52425790524011,81.0445955827934,0.601530105842061,-0.000266507934616532,0.000457196844728837,"s__GGB24148_SGB35952"
"fixed",NA,"ResponseResponder:Days2",2.23604985963735e-05,6.19337993889435e-05,0.361038702889029,81.1639695056473,0.719008564586837,-0.000100864561210779,0.000145585558403526,"s__Bacteroidales_bacterium"
"fixed",NA,"ResponseResponder:Days2",8.44860835509623e-05,0.000161153666368254,0.524257905233768,81.044595573094,0.601530105846622,-0.000236156487738811,0.000405128654840735,"s__GGB27851_SGB40285"
"fixed",NA,"ResponseResponder:Days2",5.40781675484972e-05,0.000103151839978167,0.524257905238949,81.0445958417536,0.601530105838302,-0.000151159925680048,0.000259316260777042,"s__Paramuribaculum_intestinale"
"fixed",NA,"ResponseResponder:Days2",3.57434806979174e-05,6.81791926087187e-05,0.524257905238769,81.0445957079435,0.601530105840784,-9.99105948104486e-05,0.000171397556206283,"s__GGB27876_SGB40310"
"fixed",NA,"ResponseResponder:Days2",4.79755423152147e-05,9.15113379054488e-05,0.524257905231196,81.0445958657992,0.601530105843245,-0.000134101796338155,0.000230052880968585,"s__Muribaculaceae_bacterium"
"fixed",NA,"ResponseResponder:Days2",1.26959890152437e-05,2.42170673794363e-05,0.52425790523358,81.0445956402416,0.60153010584557,-3.54879768139838e-05,6.08799548444713e-05,"s__Duncaniella_muris"
"fixed",NA,"ResponseResponder:Days2",2.29529623879964e-05,4.37818145590798e-05,0.52425790523194,81.0445957946853,0.601530105843983,-6.41583886084787e-05,0.000110064313384472,"s__GGB1503_SGB2082"
"fixed",NA,"ResponseResponder:Days2",2.12637144533504e-05,4.05596448639712e-05,0.524257905232272,81.0445957049635,0.601530105845335,-5.9436583048693e-05,0.000101964011955394,"s__GGB24132_SGB35935"
"fixed",NA,"ResponseResponder:Days2",3.65979499522126e-05,6.98090569305455e-05,0.524257905226031,81.0445956439675,0.60153010585073,-0.000102299017257198,0.000175494917161623,"s__GGB14001_SGB21428"
"fixed",NA,"ResponseResponder:Days2",1.68973474961263e-05,3.2230982742715e-05,0.524257905227711,81.0445956926189,0.60153010584871,-4.72316631214402e-05,8.10263581136927e-05,"s__Muribaculum_intestinale"
"fixed",NA,"ResponseResponder:Days2",4.85369053646586e-05,9.2582114414792e-05,0.524257905227792,81.0445957177278,0.601530105848211,-0.000135670924898197,0.000232744735627514,"s__Heminiphilus_faecis"
"fixed",NA,"ResponseResponder:Days2",6.42377779271783e-06,1.22530871325383e-05,0.524257905231029,81.0445958988752,0.601530105842778,-1.79558187297564e-05,3.0803374315192e-05,"s__Faecalibaculum_rodentium"
"fixed",NA,"ResponseResponder:Days2",9.79079354790861e-07,1.86755286857728e-06,0.524257905232279,81.0445957261038,0.601530105844957,-2.73673405037685e-06,4.69489275995857e-06,"s__GGB25041_SGB36960"
"fixed",NA,"ResponseResponder:Days2",6.61123788450908e-07,1.26106594071672e-06,0.524257905240992,81.0445959168423,0.601530105835564,-1.84798093677075e-06,3.17022851367257e-06,"s__GGB28310_SGB40880"
"fixed",NA,"ResponseResponder:Days2",2.41931053507259e-05,4.61473353280473e-05,0.524257905223444,81.0445957617701,0.601530105850445,-6.76248507075757e-05,0.000116011061409028,"s__Duncaniella_dubosii"
"fixed",NA,"ResponseResponder:Days2",1.58146564783087e-05,3.01657949657355e-05,0.524257905229156,81.0445956958985,0.601530105847651,-4.42053125398884e-05,7.58346254965059e-05,"s__Prevotella_sp_MGM1"
"fixed",NA,"ResponseResponder:Days2",6.70932746735943e-07,1.2797761178788e-06,0.524257905240488,81.0445959451718,0.601530105835414,-1.87539905154696e-06,3.21726454501884e-06,"s__GGB28835_SGB41494"
"fixed",NA,"ResponseResponder:Days2",7.6400886201372e-07,1.4573149100622e-06,0.52425790523279,81.044595608565,0.601530105846674,-2.13556649651637e-06,3.66358422054382e-06,"s__GGB42333_SGB59501"
"fixed",NA,"ResponseResponder:Days2",2.55032915408535e-08,4.86464606214738e-08,0.524257905200932,81.0445959535277,0.601530105862651,-7.12870984529011e-08,1.22293681534608e-07,"s__Lachnospiraceae_unclassified_SGB41589"
"fixed",NA,"ResponseResponder:Days2",8.00345603042302e-06,1.52662572190411e-05,0.524257905234334,81.044595763244,0.60153010584288,-2.23713537944106e-05,3.83782658552566e-05,"s__GGB27929_SGB40368"
"fixed",NA,"ResponseResponder:Days2",1.06379969077334e-06,2.02915336169979e-06,0.524257905219256,81.0445955362584,0.601530105857318,-2.97354532348416e-06,5.10114470503084e-06,"s__GGB27778_SGB40192"
"fixed",NA,"ResponseResponder:Days2",8.60499947970506e-07,1.64136761577273e-06,0.524257905238003,81.0445956540718,0.601530105842263,-2.40527950716475e-06,4.12627940310576e-06,"s__Lachnospiraceae_bacterium_A2"
"fixed",NA,"ResponseResponder:Days2",2.90635801049638e-08,5.5437561961507e-08,0.524257905229383,81.0445957354074,0.601530105846798,-8.12388586382855e-08,1.39366018848213e-07,"s__GGB24130_SGB35933"
"fixed",NA,"ResponseResponder:Days2",9.63530339429029e-07,1.83789377292901e-06,0.524257905228915,81.044595752093,0.601530105846828,-2.69327126099543e-06,4.62033193985348e-06,"s__GGB28682_SGB41310"
"fixed",NA,"ResponseResponder:Days2",4.12964409713272e-06,7.87712317910673e-06,0.524257905231974,81.0445958458083,0.601530105843059,-1.15432294235645e-05,1.980251761783e-05,"s__GGB27849_SGB40283"
"fixed",NA,"ResponseResponder:Days2",2.28243560457568e-06,4.35365033474549e-06,0.524257905224974,81.0445958557363,0.60153010584773,-6.37989066584053e-06,1.09447618749919e-05,"s__Bacteroides_muris"
"fixed",NA,"ResponseResponder:Days2",7.69966895940552e-07,1.46867961026324e-06,0.524257905236762,81.0445957238849,0.601530105841893,-2.15222046246733e-06,3.69215425434844e-06,"s__GGB28415_SGB40997"
"fixed",NA,"ResponseResponder:Days2",2.08887216112617e-06,3.98443617207192e-06,0.524257905238307,81.0445957022522,0.601530105841204,-5.83883986748424e-06,1.00165841897366e-05,"s__GGB28828_SGB41484"
"fixed",NA,"ResponseResponder:Days2",3.26601981425586e-07,6.22979602543224e-07,0.524257905222388,81.0445960558785,0.601530105845993,-9.12921673878985e-07,1.56612563673016e-06,"s__GGB28761_SGB41409"
"fixed",NA,"ResponseResponder:Days2",1.54472928257483e-07,2.94650641825488e-07,0.524257905227888,81.0445959667059,0.601530105843757,-4.31784533637693e-07,7.4073039015266e-07,"s__GGB30454_SGB43514"
"fixed",NA,"ResponseResponder:Days2",8.21046137990501e-08,1.56611112540749e-07,0.524257905247224,81.0445957894132,0.601530105833496,-2.29499775646471e-07,3.93709003244571e-07,"s__GGB30450_SGB43507"
"fixed",NA,"ResponseResponder:Days2",4.03460619022515e-06,7.69584235148548e-06,0.524257905237153,81.0445960849291,0.60153010583526,-1.12775783550905e-05,1.93467907355408e-05,"s__Muribaculaceae_bacterium_Isolate_013_NCI"
"fixed",NA,"ResponseResponder:Days2",2.00248066924026e-07,3.81964801914615e-07,0.524257905231775,81.0445958668532,0.601530105842826,-5.59735735997951e-07,9.60231869846003e-07,"s__GGB70448_SGB94871"
"fixed",NA,"ResponseResponder:Days2",1.01475489936476e-06,1.93560247588602e-06,0.524257905229355,81.0445957413393,0.601530105846713,-2.83645474935153e-06,4.86596454808104e-06,"s__GGB28893_SGB41574"
"fixed",NA,"ResponseResponder:Days2",2.02936448085945e-07,3.8709277639561e-07,0.524257905238053,81.0445955326495,0.601530105844369,-5.67250330466767e-07,9.73123226638657e-07,"s__GGB28787_SGB41440"
"fixed",NA,"ResponseResponder:Days2",1.74480296804045e-05,3.32813859479324e-05,0.524257905235717,81.0445955226222,0.601530105846163,-4.87709363972749e-05,8.36669957580838e-05,"s__Ligilactobacillus_murinus"
"fixed",NA,"ResponseResponder:Days2",4.95897335547671e-07,9.45903400966852e-07,0.524257905237248,81.0445960033386,0.601530105836632,-1.38613802541204e-06,2.37793269650738e-06,"s__GGB27885_SGB40319"
"fixed",NA,"ResponseResponder:Days2",3.03278458399261e-07,5.78490959067525e-07,0.524257905236961,81.044595652032,0.601530105843021,-8.47727489902892e-07,1.45428440670141e-06,"s__GGB29551_SGB42345"
"fixed",NA,"ResponseResponder:Days2",8.41390644029428e-08,1.60491741878749e-07,0.524257905222997,81.0445959116464,0.601530105848113,-2.35186495748613e-07,4.03464624554498e-07,"s__GGB74395_SGB43523"
"fixed",NA,"ResponseResponder:Days2",3.02783976694406e-06,8.86372520912211e-06,0.341599011195424,81.4739691216562,0.733532171342846,-1.46066378999805e-05,2.06623174338686e-05,"s__Limosilactobacillus_reuteri"
"fixed",NA,"ResponseResponder:Days2",1.63097545654936e-06,3.11101738337303e-06,0.524257905232605,81.0445960593262,0.60153010583886,-4.55892164924643e-06,7.82087256234515e-06,"s__bacterium_1xD42_87"
"fixed",NA,"ResponseResponder:Days2",4.52687057818135e-06,8.63481605722292e-06,0.524257905227139,81.0445955722829,0.601530105851226,-1.26535615249011e-05,2.17073026812638e-05,"s__GGB24127_SGB35930"
"fixed",NA,"ResponseResponder:Days2",1.73887399767827e-06,3.3168293321573e-06,0.524257905228816,81.0445960137133,0.601530105842287,-4.86052091198763e-06,8.33826890734418e-06,"s__Odoribacter_sp_Z80"
"fixed",NA,"ResponseResponder:Days2",1.43428767818269e-07,2.73584368279979e-07,0.524257905230493,81.0445957636993,0.601530105845531,-4.00913767376671e-07,6.8777130301321e-07,"s__GGB28864_SGB41534"
"fixed",NA,"ResponseResponder:Days2",2.79155686903628e-07,5.32477782641186e-07,0.524257905219943,81.0445958304877,0.601530105851658,-7.80299237208262e-07,1.33861061101552e-06,"s__GGB28927_SGB41625"
"fixed",NA,"ResponseResponder:Days2",1.3919275101731e-05,2.65504343624224e-05,0.524257905227771,81.0445957252789,0.601530105848092,-3.89073203734949e-05,6.6745870576957e-05,"s__Bifidobacterium_pseudolongum"
"fixed",NA,"ResponseResponder:Days2",6.13968129724009e-07,1.17111849643549e-06,0.524257905235663,81.0445955082631,0.601530105846453,-1.7161708888234e-06,2.94410714827142e-06,"s__GGB28895_SGB41576"
"fixed",NA,"ResponseResponder:Days2",1.99448818472995e-06,3.80440268960299e-06,0.524257905237177,81.0445958011445,0.601530105840244,-5.5750166739217e-06,9.56399304338159e-06,"s__GGB24146_SGB35950"
"fixed",NA,"ResponseResponder:Days2",1.11139130322317e-06,2.11993236940613e-06,0.524257905234264,81.0445956391272,0.601530105845115,-3.10657395439082e-06,5.32935656083715e-06,"s__Alistipes_sp_DSM_112343"
"fixed",NA,"ResponseResponder:Days2",6.85537195729491e-07,1.30763349276631e-06,0.524257905232476,81.0445956370568,0.60153010584639,-1.91622157817327e-06,3.28729596963225e-06,"s__GGB3793_SGB41498"
"fixed",NA,"ResponseResponder:Days2",4.6766206746981e-06,8.92045809522438e-06,0.524257905230423,81.0445957047462,0.601530105846618,-1.30721447435764e-05,2.24253860929726e-05,"s__Burkholderiaceae_bacterium"
"fixed",NA,"ResponseResponder:Days2",3.83784575287403e-07,7.32053005701424e-07,0.524257905231432,81.0445957962137,0.601530105844308,-1.0727591283001e-06,1.8403282788749e-06,"s__Lactobacillus_johnsonii"
"fixed",NA,"ResponseResponder:Days2",1.06772327410797e-06,2.03663743256048e-06,0.524257905230399,81.0445957699308,0.601530105845486,-2.98451256919522e-06,5.11995911741116e-06,"s__GGB28885_SGB41566"
"fixed",NA,"ResponseResponder:Days2",2.00078044981737e-05,3.81640492176878e-05,0.52425790523561,81.0445955830159,0.601530105845172,-5.59260488713377e-05,9.59416578676852e-05,"s__GGB29472_SGB42251"
"fixed",NA,"ResponseResponder:Days2",6.59161996782402e-07,1.2573239052866e-06,0.52425790523099,81.0445957219799,0.601530105845922,-1.84249731392002e-06,3.16082130748482e-06,"s__GGB27892_SGB40326"
"fixed",NA,"ResponseResponder:Days2",6.96944650913743e-07,1.32939273583759e-06,0.524257905226651,81.0445960209505,0.601530105843658,-1.94810783000948e-06,3.34199713183697e-06,"s__GGB27914_SGB40352"
"fixed",NA,"ResponseResponder:Days2",1.02303801969107e-07,1.95140218104577e-07,0.524257905227314,81.0445957654183,0.601530105847702,-2.85960782405097e-07,4.9056838634331e-07,"s__GGB28926_SGB41623"
"fixed",NA,"ResponseResponder:Days2",4.55280982338674e-07,8.68429408128121e-07,0.524257905222281,81.0445959993397,0.601530105847064,-1.27260672049128e-06,2.18316868516863e-06,"s__GGB1690_SGB40190"
"fixed",NA,"ResponseResponder:Days2",4.50485491640203e-09,8.59282210400681e-09,0.524257905246453,81.0445956813399,0.601530105835933,-1.25920230889211e-08,2.16017329217252e-08,"s__GGB29531_SGB42317"
"fixed",NA,"ResponseResponder:Days2",5.15151957352802e-08,9.82630785769246e-08,0.524257905220748,81.0445960384924,0.601530105847435,-1.43995876926357e-07,2.47026268396917e-07,"s__GGB30408_SGB43438"
"fixed",NA,"ResponseResponder:Days2",5.58093396964313e-07,1.06453978356608e-06,0.524257905228084,81.0445955127723,0.60153010585162,-1.55998918309157e-06,2.6761759770202e-06,"s__GGB14013_SGB21440"
"fixed",NA,"ResponseResponder:Days2",1.3942525966004e-06,2.65947844119535e-06,0.52425790523563,81.0445957847032,0.601530105841604,-3.89723114595531e-06,6.6857363391561e-06,"s__GGB27893_SGB40327"
"fixed",NA,"ResponseResponder:Days2",9.80895828526396e-09,1.87101771620409e-08,0.524257905219856,81.0445956282924,0.601530105855281,-2.74181147913924e-08,4.70360313619203e-08,"s__GGB30471_SGB43555"
"fixed",NA,"ResponseResponder:Days2",1.61811482235699e-07,3.08648626220424e-07,0.524257905234088,81.0445957869375,0.601530105842633,-4.52297345460896e-07,7.75920309932294e-07,"s__GGB31438_SGB44768"
"fixed",NA,"ResponseResponder:Days2",1.84793508203863e-06,3.52485878341451e-06,0.524257905234022,81.0445957338158,0.601530105843615,-5.1653697293501e-06,8.86123989342737e-06,"s__GGB27861_SGB40295"
"fixed",NA,"ResponseResponder:Days2",8.35577928033543e-09,1.59382990639014e-08,0.524257905240366,81.0445957808491,0.601530105838394,-2.33561718580159e-08,4.00677304186868e-08,"s__Oscillospiraceae_unclassified_SGB43526"
"fixed",NA,"ResponseResponder:Days2",3.22511282530484e-06,6.15176765696204e-06,0.524257905230692,81.0445958838767,0.601530105843276,-9.01487304559397e-06,1.54650986962037e-05,"s__Duncaniella_freteri"
"fixed",NA,"ResponseResponder:Days2",1.43138132014873e-08,2.73029992660838e-08,0.524257905220989,81.0445955620077,0.601530105855664,-4.00101378814066e-08,6.86377642843812e-08,"s__GGB30290_SGB43252"
"fixed",NA,"ResponseResponder:Days2",1.61302869581742e-07,3.07678468886524e-07,0.524257905226487,81.0445956058977,0.601530105851085,-4.50875665458431e-07,7.73481404621914e-07,"s__GGB30473_SGB43557"
"fixed",NA,"ResponseResponder:Days2",1.13275303456912e-07,2.16067897745411e-07,0.524257905218212,81.0445957091418,0.601530105854994,-3.16628451547883e-07,5.43179058461707e-07,"s__GGB27697_SGB40070"
"fixed",NA,"ResponseResponder:Days2",2.20447255098282e-07,4.20493907477599e-07,0.52425790523499,81.0445955831716,0.601530105845599,-6.16196742792215e-07,1.05709125298878e-06,"s__GGB29685_SGB42494"
"fixed",NA,"ResponseResponder:Days2",1.77069861789222e-07,3.37753346250532e-07,0.524257905228507,81.0445956618647,0.6015301058487,-4.94947746263363e-07,8.49087469841807e-07,"s__GGB28248_SGB40791"
"fixed",NA,"ResponseResponder:Days2",3.89306655505963e-07,7.42586142474386e-07,0.524257905229347,81.0445956025017,0.601530105849165,-1.08819451149657e-06,1.86680782250849e-06,"s__GGB29549_SGB42343"
"fixed",NA,"ResponseResponder:Days2",2.85404356631097e-07,5.44396858461926e-07,0.5242579052301,81.0445958654868,0.601530105844009,-7.97765591801125e-07,1.36857430506332e-06,"s__GGB23844_SGB35575"
"fixed",NA,"ResponseResponder:Days2",7.64590133633249e-07,1.45842366129794e-06,0.524257905245992,81.0445957747158,0.601530105834607,-2.13719127357469e-06,3.66637154084119e-06,"s__GGB27792_SGB40208"
"fixed",NA,"ResponseResponder:Days2",1.38764063212736e-06,2.64686639584895e-06,0.524257905236009,81.0445954703197,0.601530105846882,-3.87874930592369e-06,6.6540305701784e-06,"s__GGB27866_SGB40300"
"fixed",NA,"ResponseResponder:Days2",8.91525319737714e-08,1.70054721316561e-07,0.524257905241054,81.0445953843476,0.601530105844904,-2.49200198892631e-07,4.27505262840174e-07,"s__Clostridiaceae_unclassified_SGB41663"
"fixed",NA,"ResponseResponder:Days2",1.49067102358809e-06,2.84339255300477e-06,0.524257905231135,81.0445956323978,0.6015301058474,-4.16674105966027e-06,7.14808310683645e-06,"s__GGB73359_SGB46611"
"fixed",NA,"ResponseResponder:Days2",1.36598826492168e-07,2.60556541219315e-07,0.524257905224455,81.0445956617164,0.601530105851508,-3.81822635608708e-07,6.55020288593043e-07,"s__GGB27770_SGB40184"
"fixed",NA,"ResponseResponder:Days2",4.14156016500421e-09,7.89985257950524e-09,0.524257905235947,81.0445955643865,0.601530105845267,-1.15765373563924e-08,1.98596576864008e-08,"s__GGB31701_SGB45057"
"fixed",NA,"ResponseResponder:Days2",1.68496105658784e-07,3.21399265471786e-07,0.524257905230262,81.044595570863,0.601530105849089,-4.70982282974773e-07,8.07974494292341e-07,"s__GGB31108_SGB44379"
"fixed",NA,"ResponseResponder:Days2",1.9683309626406e-07,3.75450888383662e-07,0.524257905238786,81.0445957501007,0.601530105840029,-5.50190170121261e-07,9.43856362649381e-07,"s__GGB29006_SGB41724"
"fixed",NA,"ResponseResponder:Days2",3.55665561541244e-07,6.78417164502583e-07,0.524257905240383,81.0445955507401,0.601530105842437,-9.94160532623163e-07,1.70549165570565e-06,"s__Adlercreutzia_muris"
"fixed",NA,"ResponseResponder:Days2",8.33616136360712e-07,1.59008787096089e-06,0.524257905229449,81.04459579119,0.601530105845769,-2.33013356285948e-06,3.9973658355809e-06,"s__GGB3171_SGB4185"
"fixed",NA,"ResponseResponder:Days2",3.72013825343835e-08,7.09600793107229e-08,0.524257905229848,81.0445959230082,0.60153010584317,-1.03985739052012e-07,1.78388504120779e-07,"s__GGB28405_SGB40987"
"fixed",NA,"ResponseResponder:Days2",3.17519612645485e-07,6.05655364429708e-07,0.524257905227118,81.0445956517828,0.60153010584984,-8.87534530643836e-07,1.52257375593481e-06,"s__bacterium_c_19"
"fixed",NA,"ResponseResponder:Days2",1.25917960802964e-07,2.40183237198588e-07,0.52425790522114,81.0445959173406,0.601530105849298,-3.51967355036624e-07,6.03803276642552e-07,"s__Oscillospiraceae_unclassified_SGB43502"
"fixed",NA,"ResponseResponder:Days2",1.50839980745141e-07,2.87720946580144e-07,0.524257905230841,81.0445958134703,0.601530105844413,-4.21629676323814e-07,7.23309637814096e-07,"s__Adlercreutzia_mucosicola"
"fixed",NA,"ResponseResponder:Days2",4.96260630298997e-08,9.46596370491373e-08,0.524257905237257,81.0445954826454,0.601530105845801,-1.38715351132827e-07,2.37967477192627e-07,"s__GGB28793_SGB41446"
"fixed",NA,"ResponseResponder:Days2",1.50549344946758e-07,2.87166570959992e-07,0.524257905241111,81.0445955512423,0.601530105841924,-4.20817287761722e-07,7.21915977655239e-07,"s__bacterium_0_1xD8_82"
"fixed",NA,"ResponseResponder:Days2",2.13762631678858e-07,4.07743268225504e-07,0.524257905247956,81.0445957356938,0.601530105833935,-5.9751180527495e-07,1.02503706863267e-06,"s__GGB24134_SGB35937"
"fixed",NA,"ResponseResponder:Days2",1.09860332797495e-07,2.09553984214348e-07,0.524257905233244,81.0445958299878,0.601530105842458,-3.0708288564432e-07,5.26803551239309e-07,"s__GGB28399_SGB40980"
"fixed",NA,"ResponseResponder:Days2",2.21609798293691e-08,4.22711409957826e-08,0.524257905211976,81.0445957107354,0.601530105859283,-6.1944629713012e-08,1.0626658937175e-07,"s__GGB31823_SGB45199"
"fixed",NA,"ResponseResponder:Days2",1.68568764608995e-07,3.21537859376696e-07,0.524257905230095,81.0445957054851,0.601530105846832,-4.71185380105339e-07,8.0832290932333e-07,"s__GGB28996_SGB41712"
"fixed",NA,"ResponseResponder:Days2",5.43488947974365e-08,1.03668240867786e-07,0.52425790524169,81.044595932813,0.6015301058348,-1.51916665644366e-07,2.60614455239239e-07,"s__Granulimonas_faecalis"
"fixed",NA,"ResponseResponder:Days2",3.33504581709202e-08,6.36146023507339e-08,0.524257905237624,81.0445958018602,0.601530105839922,-9.3221590285196e-08,1.59922506627036e-07,"s__GGB30456_SGB43520"
"fixed",NA,"ResponseResponder:Days2",1.35872236990006e-08,2.59170602170184e-08,0.524257905226401,81.0445958833366,0.601530105846256,-3.797916641207e-08,6.51536138100712e-08,"s__GGB33406_SGB48104"
"fixed",NA,"ResponseResponder:Days2",2.96085222319388e-07,5.64770162482839e-07,0.524257905229518,81.0445958733723,0.601530105844273,-8.27620872348454e-07,1.41979131698723e-06,"s__GGB42696_SGB59900"
"fixed",NA,"ResponseResponder:Days2",8.58828792118106e-08,1.63817995595922e-07,0.524257905240469,81.0445955098199,0.601530105843098,-2.40060827287578e-07,4.11826585711199e-07,"s__GGB28904_SGB41597"
"fixed",NA,"ResponseResponder:Days2",4.94662133378587e-07,9.43547304586433e-07,0.524257905220134,81.0445955073845,0.601530105857219,-1.38268537411469e-06,2.37200964087187e-06,"s__GGB75725_SGB102612"
"fixed",NA,"ResponseResponder:Days2",-1.35016092579767e-07,4.10346824992157e-07,-0.329029212258064,81.9999999982152,0.742972495026527,-9.51326646399003e-07,6.8129446123947e-07,"g__Congzhengia"
"fixed",NA,"ResponseResponder:Days2",-1.35016092579767e-07,4.10346824992157e-07,-0.329029212258064,81.9999999982152,0.742972495026527,-9.51326646399003e-07,6.8129446123947e-07,"s__Congzhengia_minquanensis"
"fixed",NA,"ResponseResponder:Days2",2.07878251292226e-05,3.9271047484842e-05,0.529342262572608,72.9464436291982,0.598175311753821,-5.74802277270396e-05,9.90558779854848e-05,"c__CFGB3002"
"fixed",NA,"ResponseResponder:Days2",2.07878251292226e-05,3.9271047484842e-05,0.529342262572608,72.9464436291982,0.598175311753821,-5.74802277270396e-05,9.90558779854848e-05,"o__OFGB3002"
"fixed",NA,"ResponseResponder:Days2",2.07878251292226e-05,3.9271047484842e-05,0.529342262572608,72.9464436291982,0.598175311753821,-5.74802277270396e-05,9.90558779854848e-05,"f__FGB3002"
"fixed",NA,"ResponseResponder:Days2",2.07878251292226e-05,3.9271047484842e-05,0.529342262572608,72.9464436291982,0.598175311753821,-5.74802277270396e-05,9.90558779854848e-05,"g__GGB9464"
"fixed",NA,"ResponseResponder:Days2",2.07878251292226e-05,3.9271047484842e-05,0.529342262572608,72.9464436291982,0.598175311753821,-5.74802277270396e-05,9.90558779854848e-05,"s__GGB9464_SGB14857"
"fixed",NA,"ResponseResponder:Days2",3.07160487306334e-07,7.8179189862685e-07,0.392892901353717,45.2096198296918,0.696245102307545,-1.26724774152937e-06,1.88156871614204e-06,"s__Flavonifractor_SGB105860"
"fixed",NA,"ResponseResponder:Days2",1.63371533973808e-07,4.24991600361042e-07,0.384411206798016,43.6215558352054,0.702541388512979,-6.93352684542064e-07,1.02009575248968e-06,"s__Lachnospiraceae_bacterium_EP_SM_12S_S03"
"fixed",NA,"ResponseResponder:Days2",6.00828734380491e-07,9.51845833476963e-07,0.631224840461554,63.3590600975872,0.530164214834302,-1.30107244979576e-06,2.50272991855674e-06,"s__GGB3600_SGB4859"
"fixed",NA,"ResponseResponder:Days2",1.55752967730752e-07,3.08009151789644e-07,0.505676428202771,73.2291458071796,0.614602609245501,-4.58076027200628e-07,7.69581962662133e-07,"s__Holdemania_massiliensis"
"fixed",NA,"ResponseResponder:Days2",-7.62000465295615e-08,2.53212840692498e-07,-0.300932789668826,72.9359331304914,0.764321959813196,-5.80859978437769e-07,4.28459885378646e-07,"c__CFGB2957"
"fixed",NA,"ResponseResponder:Days2",-7.62000465295615e-08,2.53212840692498e-07,-0.300932789668826,72.9359331304914,0.764321959813196,-5.80859978437769e-07,4.28459885378646e-07,"o__OFGB2957"
"fixed",NA,"ResponseResponder:Days2",-7.62000465295615e-08,2.53212840692498e-07,-0.300932789668826,72.9359331304914,0.764321959813196,-5.80859978437769e-07,4.28459885378646e-07,"f__FGB2957"
"fixed",NA,"ResponseResponder:Days2",-1.60642918538318e-07,1.15133969163594e-06,-0.139526952562593,81.9999999986177,0.889375887467609,-2.45102433267818e-06,2.12973849560154e-06,"g__Lactococcus"
"fixed",NA,"ResponseResponder:Days2",-7.62000465295615e-08,2.53212840692498e-07,-0.300932789668826,72.9359331304914,0.764321959813196,-5.80859978437769e-07,4.28459885378646e-07,"g__GGB9299"
"fixed",NA,"ResponseResponder:Days2",-9.26578622042057e-08,1.06857102528791e-06,-0.0867119358577412,81.9999999993468,0.931111881258908,-2.21838603242815e-06,2.03307030801974e-06,"s__Lactococcus_lactis"
"fixed",NA,"ResponseResponder:Days2",-7.62000465295615e-08,2.53212840692498e-07,-0.300932789668826,72.9359331304914,0.764321959813196,-5.80859978437769e-07,4.28459885378646e-07,"s__GGB9299_SGB14259"
"fixed",NA,"ResponseResponder:Days2",-6.9002819526511e-08,1.40996413333656e-07,-0.489394147659783,80.0828651561422,0.625900504328946,-3.49590167125726e-07,2.11584528072704e-07,"s__Lactococcus_cremoris"
"fixed",NA,"ResponseResponder:Days2",-1.12242598637953e-07,1.65743064346367e-07,-0.677208419432809,38.5893231951335,0.502313641382573,-4.47603698814328e-07,2.23118501538421e-07,"g__GGB55957"
"fixed",NA,"ResponseResponder:Days2",-3.49389624712807e-08,2.98434265397544e-08,-1.17074232158759,81.9999999986969,0.245093434504409,-9.43070446953703e-08,2.44291197528088e-08,"g__GGB58233"
"fixed",NA,"ResponseResponder:Days2",-4.05649983732439e-06,8.04843625246187e-06,-0.504010929586922,40.2566155817333,0.617001062970189,-2.03197668922068e-05,1.2206767217558e-05,"s__Lactobacillus_crispatus"
"fixed",NA,"ResponseResponder:Days2",-2.97925211933157e-06,4.86189874251021e-06,-0.612775435506781,41.8288140600733,0.543342261439211,-1.27921507895514e-05,6.8336465508883e-06,"s__Ligilactobacillus_salivarius"
"fixed",NA,"ResponseResponder:Days2",-1.10088433524971e-07,2.09975119866838e-07,-0.524292752373644,40.9140391454949,0.602904029526986,-5.34168849729446e-07,3.13991982679505e-07,"s__Limosilactobacillus_oris"
"fixed",NA,"ResponseResponder:Days2",-2.25399798732953e-06,6.64816235031782e-06,-0.339040755709249,67.0136962847223,0.73563916190838,-1.55237357244866e-05,1.10157397498275e-05,"s__Lactobacillus_gasseri"
"fixed",NA,"ResponseResponder:Days2",-1.12242598637953e-07,1.65743064346367e-07,-0.677208419432809,38.5893231951335,0.502313641382573,-4.47603698814328e-07,2.23118501538421e-07,"s__GGB55957_SGB77276"
"fixed",NA,"ResponseResponder:Days2",-3.49389624712807e-08,2.98434265397544e-08,-1.17074232158759,81.9999999986969,0.245093434504409,-9.43070446953703e-08,2.44291197528088e-08,"s__GGB58233_SGB79883"
"fixed",NA,"ResponseResponder:Days2",-2.60315145383903e-06,6.08525220033212e-06,-0.427780372635494,55.323299104091,0.670471671205313,-1.47966677316722e-05,9.59036482399411e-06,"c__CFGB1798"
"fixed",NA,"ResponseResponder:Days2",1.85934287965107e-07,9.93421863650684e-07,0.187165488065489,41.9987596946674,0.852432145629747,-1.81887395230073e-06,2.19074252823094e-06,"c__CFGB1776"
"fixed",NA,"ResponseResponder:Days2",-5.08438304780418e-08,1.00920352777101e-07,-0.503801553194512,41.9661564132121,0.61703545866371,-2.54514213974069e-07,1.52826553017985e-07,"c__CFGB4605"
"fixed",NA,"ResponseResponder:Days2",7.71006360412693e-06,9.60591502473356e-06,0.802637081868292,80.7204633581305,0.424541441984698,-1.14036975583616e-05,2.68238247666154e-05,"c__CFGB82363"
"fixed",NA,"ResponseResponder:Days2",-2.60315145383903e-06,6.08525220033212e-06,-0.427780372635494,55.323299104091,0.670471671205313,-1.47966677316722e-05,9.59036482399411e-06,"o__OFGB1798"
"fixed",NA,"ResponseResponder:Days2",1.85934287965107e-07,9.93421863650684e-07,0.187165488065489,41.9987596946674,0.852432145629747,-1.81887395230073e-06,2.19074252823094e-06,"o__OFGB1776"
"fixed",NA,"ResponseResponder:Days2",-5.08438304780418e-08,1.00920352777101e-07,-0.503801553194512,41.9661564132121,0.61703545866371,-2.54514213974069e-07,1.52826553017985e-07,"o__OFGB4605"
"fixed",NA,"ResponseResponder:Days2",7.71006360412693e-06,9.60591502473356e-06,0.802637081868292,80.7204633581305,0.424541441984698,-1.14036975583616e-05,2.68238247666154e-05,"o__OFGB82363"
"fixed",NA,"ResponseResponder:Days2",-2.60315145383903e-06,6.08525220033212e-06,-0.427780372635494,55.323299104091,0.670471671205313,-1.47966677316722e-05,9.59036482399411e-06,"f__FGB1798"
"fixed",NA,"ResponseResponder:Days2",1.85934287965107e-07,9.93421863650684e-07,0.187165488065489,41.9987596946674,0.852432145629747,-1.81887395230073e-06,2.19074252823094e-06,"f__FGB1776"
"fixed",NA,"ResponseResponder:Days2",-5.08438304780418e-08,1.00920352777101e-07,-0.503801553194512,41.9661564132121,0.61703545866371,-2.54514213974069e-07,1.52826553017985e-07,"f__FGB4605"
"fixed",NA,"ResponseResponder:Days2",7.71006360412693e-06,9.60591502473356e-06,0.802637081868292,80.7204633581305,0.424541441984698,-1.14036975583616e-05,2.68238247666154e-05,"f__FGB82363"
"fixed",NA,"ResponseResponder:Days2",9.90150881997347e-06,2.31356440635693e-05,0.427976363777352,68.769934917633,0.670005664165008,-3.62555930128827e-05,5.60586106528296e-05,"g__GGB4552"
"fixed",NA,"ResponseResponder:Days2",-5.63182976166068e-06,5.44323703198991e-06,-1.03464716464898,53.5619437797517,0.305482653695634,-1.65469073958987e-05,5.28324787257736e-06,"g__GGB4768"
"fixed",NA,"ResponseResponder:Days2",1.25241185248e-09,1.91958665092978e-06,0.000652438300648412,71.8827692279084,0.999481236871604,-3.82548026369176e-06,3.82798508739672e-06,"g__GGB9350"
"fixed",NA,"ResponseResponder:Days2",1.85934287965107e-07,9.93421863650684e-07,0.187165488065489,41.9987596946674,0.852432145629747,-1.81887395230073e-06,2.19074252823094e-06,"g__GGB4684"
"fixed",NA,"ResponseResponder:Days2",1.93675150347685e-06,1.72980952140633e-05,0.111963281477505,38.3555263510515,0.911436423512792,-3.3070755156128e-05,3.69442581630817e-05,"g__GGB3486"
"fixed",NA,"ResponseResponder:Days2",-5.08438304780418e-08,1.00920352777101e-07,-0.503801553194512,41.9661564132121,0.61703545866371,-2.54514213974069e-07,1.52826553017985e-07,"g__GGB13404"
"fixed",NA,"ResponseResponder:Days2",7.71006360412693e-06,9.60591502473356e-06,0.802637081868292,80.7204633581305,0.424541441984698,-1.14036975583616e-05,2.68238247666154e-05,"g__GGB9545"
"fixed",NA,"ResponseResponder:Days2",9.90150881997347e-06,2.31356440635693e-05,0.427976363777352,68.769934917633,0.670005664165008,-3.62555930128827e-05,5.60586106528296e-05,"s__GGB4552_SGB6276"
"fixed",NA,"ResponseResponder:Days2",-5.63182976166068e-06,5.44323703198991e-06,-1.03464716464898,53.5619437797517,0.305482653695634,-1.65469073958987e-05,5.28324787257736e-06,"s__GGB4768_SGB6601"
"fixed",NA,"ResponseResponder:Days2",1.25241185248e-09,1.91958665092978e-06,0.000652438300648412,71.8827692279084,0.999481236871604,-3.82548026369176e-06,3.82798508739672e-06,"s__GGB9350_SGB14317"
"fixed",NA,"ResponseResponder:Days2",1.85934287965107e-07,9.93421863650684e-07,0.187165488065489,41.9987596946674,0.852432145629747,-1.81887395230073e-06,2.19074252823094e-06,"s__GGB4684_SGB6478"
"fixed",NA,"ResponseResponder:Days2",1.93675150347685e-06,1.72980952140633e-05,0.111963281477505,38.3555263510515,0.911436423512792,-3.3070755156128e-05,3.69442581630817e-05,"s__GGB3486_SGB4658"
"fixed",NA,"ResponseResponder:Days2",-4.01712015125357e-07,5.97338257690054e-07,-0.672503409841525,40.6991303785516,0.505063689467075,-1.60833199041258e-06,8.04907960161866e-07,"s__GGB6518_SGB9205"
"fixed",NA,"ResponseResponder:Days2",-5.08438304780418e-08,1.00920352777101e-07,-0.503801553194512,41.9661564132121,0.61703545866371,-2.54514213974069e-07,1.52826553017985e-07,"s__GGB13404_SGB14252"
"fixed",NA,"ResponseResponder:Days2",-1.66172728671118e-06,5.58358252643033e-06,-0.297609514831251,74.4991196573608,0.766829549648755,-1.27860199644406e-05,9.46256539101823e-06,"s__GGB9545_SGB14952"
"fixed",NA,"ResponseResponder:Days2",1.53310385059057e-08,2.92433139345867e-08,0.524257905249696,81.0445957646653,0.60153010583222,-4.28534979306247e-08,7.3515574942436e-08,"c__CFGB10667"
"fixed",NA,"ResponseResponder:Days2",1.53310385059057e-08,2.92433139345867e-08,0.524257905249696,81.0445957646653,0.60153010583222,-4.28534979306247e-08,7.3515574942436e-08,"o__OFGB10667"
"fixed",NA,"ResponseResponder:Days2",1.53310385059057e-08,2.92433139345867e-08,0.524257905249696,81.0445957646653,0.60153010583222,-4.28534979306247e-08,7.3515574942436e-08,"f__FGB10667"
"fixed",NA,"ResponseResponder:Days2",8.49375862673439e-06,1.62014888893437e-05,0.524257905229996,81.0445958332629,0.601530105844649,-2.374185333929e-05,4.07293705927588e-05,"g__GGB28833"
"fixed",NA,"ResponseResponder:Days2",1.02935934837889e-06,1.96345985076939e-06,0.524257905235766,81.0445958020732,0.601530105841204,-2.87727727575691e-06,4.9359959725147e-06,"g__GGB31232"
"fixed",NA,"ResponseResponder:Days2",4.65017281670654e-07,8.87000991385869e-07,0.524257905218461,81.044595846927,0.601530105852394,-1.29982173818804e-06,2.22985630152934e-06,"g__GGB75959"
"fixed",NA,"ResponseResponder:Days2",3.71723189540344e-07,7.09046417488102e-07,0.524257905226045,81.044596076025,0.601530105843107,-1.03904500189683e-06,1.78249138097752e-06,"g__GGB31841"
"fixed",NA,"ResponseResponder:Days2",3.25948050883749e-07,6.21732257396974e-07,0.524257905241086,81.044595914824,0.601530105835535,-9.11093799577658e-07,1.56298990134516e-06,"g__GGB28875"
"fixed",NA,"ResponseResponder:Days2",1.8578893582203e-07,3.54384614838721e-07,0.524257905232659,81.044595486416,0.601530105848917,-5.19319403876587e-07,8.90897275520648e-07,"g__GGB27480"
"fixed",NA,"ResponseResponder:Days2",6.9752592252212e-08,1.33050148707556e-07,0.524257905231871,81.0445957988845,0.601530105843957,-1.94973260728323e-07,3.34478445232747e-07,"g__GGB30311"
"fixed",NA,"ResponseResponder:Days2",6.93892975004335e-08,1.32357179183131e-07,0.524257905227988,81.0445956912756,0.601530105848541,-1.93957775001312e-07,3.32736370002178e-07,"g__GGB28987"
"fixed",NA,"ResponseResponder:Days2",4.81728840232165e-08,9.18877589513503e-08,0.524257905220232,81.0445957301812,0.601530105853225,-1.34653408194201e-07,2.30999176240634e-07,"g__GGB28392"
"fixed",NA,"ResponseResponder:Days2",4.23601680030345e-08,8.08002465588859e-08,0.524257905230068,81.0445956168663,0.601530105848412,-1.18405636468793e-07,2.03125972474862e-07,"g__GGB28964"
"fixed",NA,"ResponseResponder:Days2",1.53310385059057e-08,2.92433139345867e-08,0.524257905249696,81.0445957646653,0.60153010583222,-4.28534979306247e-08,7.3515574942436e-08,"g__GGB28981"
"fixed",NA,"ResponseResponder:Days2",8.49375862673439e-06,1.62014888893437e-05,0.524257905229996,81.0445958332629,0.601530105844649,-2.374185333929e-05,4.07293705927588e-05,"s__GGB28833_SGB41490"
"fixed",NA,"ResponseResponder:Days2",1.02935934837889e-06,1.96345985076939e-06,0.524257905235766,81.0445958020732,0.601530105841204,-2.87727727575691e-06,4.9359959725147e-06,"s__GGB31232_SGB44532"
"fixed",NA,"ResponseResponder:Days2",4.65017281670654e-07,8.87000991385869e-07,0.524257905218461,81.044595846927,0.601530105852394,-1.29982173818804e-06,2.22985630152934e-06,"s__GGB75959_SGB102469"
"fixed",NA,"ResponseResponder:Days2",3.71723189540344e-07,7.09046417488102e-07,0.524257905226045,81.044596076025,0.601530105843107,-1.03904500189683e-06,1.78249138097752e-06,"s__GGB31841_SGB45219"
"fixed",NA,"ResponseResponder:Days2",3.25948050883749e-07,6.21732257396974e-07,0.524257905241086,81.044595914824,0.601530105835535,-9.11093799577658e-07,1.56298990134516e-06,"s__GGB28875_SGB41555"
"fixed",NA,"ResponseResponder:Days2",3.00735395137113e-07,5.7364017239649e-07,0.524257905231313,81.044596003844,0.601530105840732,-8.40619089700976e-07,1.4420898799752e-06,"s__GGB30454_SGB100837"
"fixed",NA,"ResponseResponder:Days2",1.8578893582203e-07,3.54384614838721e-07,0.524257905232659,81.044595486416,0.601530105848917,-5.19319403876587e-07,8.90897275520648e-07,"s__GGB27480_SGB39776"
"fixed",NA,"ResponseResponder:Days2",1.03756980976332e-07,1.97912096202255e-07,0.524257905238384,81.0445956837932,0.601530105841476,-2.90022725340221e-07,4.97536687292884e-07,"s__GGB30461_SGB43530"
"fixed",NA,"ResponseResponder:Days2",7.12057712588588e-08,1.35822026805349e-07,0.524257905243204,81.044595711236,0.601530105837656,-1.99035203662641e-07,3.41446746180359e-07,"s__Lachnospiraceae_unclassified_SGB41587"
"fixed",NA,"ResponseResponder:Days2",6.9752592252212e-08,1.33050148707556e-07,0.524257905231871,81.0445957988845,0.601530105843957,-1.94973260728323e-07,3.34478445232747e-07,"s__GGB30311_SGB43288"
"fixed",NA,"ResponseResponder:Days2",6.93892975004335e-08,1.32357179183131e-07,0.524257905227988,81.0445956912756,0.601530105848541,-1.93957775001312e-07,3.32736370002178e-07,"s__GGB28987_SGB41700"
"fixed",NA,"ResponseResponder:Days2",4.81728840232165e-08,9.18877589513503e-08,0.524257905220232,81.0445957301812,0.601530105853225,-1.34653408194201e-07,2.30999176240634e-07,"s__GGB28392_SGB40972"
"fixed",NA,"ResponseResponder:Days2",4.23601680030345e-08,8.08002465588859e-08,0.524257905230068,81.0445956168663,0.601530105848412,-1.18405636468793e-07,2.03125972474862e-07,"s__GGB28964_SGB94886"
"fixed",NA,"ResponseResponder:Days2",4.05436942482988e-08,7.73353989359244e-08,0.524257905256181,81.0445956967066,0.601530105828928,-1.13328207798895e-07,1.94415596295493e-07,"s__Lachnospiraceae_unclassified_SGB41414"
"fixed",NA,"ResponseResponder:Days2",1.53310385059057e-08,2.92433139345867e-08,0.524257905249696,81.0445957646653,0.60153010583222,-4.28534979306247e-08,7.3515574942436e-08,"s__GGB28981_SGB41693"
"fixed",NA,"ResponseResponder:Days2",-6.00285936833613e-06,5.46422614993187e-06,-1.09857447397395,81.9999999991067,0.27516889001834,-1.68729458487883e-05,4.86722711211605e-06,"s__Oscillospiraceae_unclassified_SGB4281"
"fixed",NA,"ResponseResponder:Days2",8.2817609047842e-08,4.01210223258067e-07,0.206419488454989,38.842417993926,0.837541467110256,-7.28811944019244e-07,8.94447162114928e-07,"g__GGB9561"
"fixed",NA,"ResponseResponder:Days2",-3.93062661884873e-09,2.05419573610656e-08,-0.191346255362144,81.9999999981493,0.848727325567236,-4.47951235971386e-08,3.69338703594412e-08,"g__Enorma"
"fixed",NA,"ResponseResponder:Days2",-4.50457259721157e-06,5.48021054745761e-06,-0.821970717767648,77.3533292790933,0.413620008976216,-1.54162705278966e-05,6.40712533347346e-06,"s__Akkermansia_sp_KLE1798"
"fixed",NA,"ResponseResponder:Days2",8.2817609047842e-08,4.01210223258067e-07,0.206419488454989,38.842417993926,0.837541467110256,-7.28811944019244e-07,8.94447162114928e-07,"s__GGB9561_SGB14972"
"fixed",NA,"ResponseResponder:Days2",-4.97334950220059e-08,1.80156368281726e-07,-0.276057380021301,67.8530079505332,0.783343060467752,-4.09244032732544e-07,3.09777042688533e-07,"s__Flavonifractor_sp_An100"
"fixed",NA,"ResponseResponder:Days2",-3.93062661884873e-09,2.05419573610656e-08,-0.191346255362144,81.9999999981493,0.848727325567236,-4.47951235971386e-08,3.69338703594412e-08,"s__Collinsella_massiliensis"
"fixed",NA,"ResponseResponder:Days2",-5.56526016545564e-05,7.36983327900478e-05,-0.755140578459215,71.2622952834414,0.45265323329101,-0.000202593531013841,9.12883277047286e-05,"g__GGB3001"
"fixed",NA,"ResponseResponder:Days2",6.62184016062779e-06,6.742546941624e-06,0.982097747032201,52.5639953748461,0.330550611554339,-6.90461548842172e-06,2.01482958096773e-05,"s__Parabacteroides_johnsonii"
"fixed",NA,"ResponseResponder:Days2",-5.56526016545564e-05,7.36983327900478e-05,-0.755140578459215,71.2622952834414,0.45265323329101,-0.000202593531013841,9.12883277047286e-05,"s__GGB3001_SGB3992"
"fixed",NA,"ResponseResponder:Days2",-3.2272850286426e-06,4.61832664310988e-06,-0.698799647153025,81.0866741177834,0.486676746404057,-1.2416157492166e-05,5.96158743488083e-06,"c__CFGB77241"
"fixed",NA,"ResponseResponder:Days2",6.89364482421845e-07,1.64563286288219e-06,0.418905393767162,80.6393809760125,0.676398983042608,-2.58515070498802e-06,3.96387966983171e-06,"c__CFGB1374"
"fixed",NA,"ResponseResponder:Days2",-1.56801605563978e-07,3.03659750481366e-07,-0.51637270107551,81.9999999994562,0.606983895628148,-7.6087758225208e-07,4.47274371124124e-07,"c__CFGB3022"
"fixed",NA,"ResponseResponder:Days2",-9.51691088984798e-08,4.78305108884484e-07,-0.198971550022612,42.0503558115435,0.843243956653594,-1.06039365334558e-06,8.70055435548624e-07,"c__CFGB3009"
"fixed",NA,"ResponseResponder:Days2",-3.2272850286426e-06,4.61832664310988e-06,-0.698799647153025,81.0866741177834,0.486676746404057,-1.2416157492166e-05,5.96158743488083e-06,"o__OFGB77241"
"fixed",NA,"ResponseResponder:Days2",6.89364482421845e-07,1.64563286288219e-06,0.418905393767162,80.6393809760125,0.676398983042608,-2.58515070498802e-06,3.96387966983171e-06,"o__OFGB1374"
"fixed",NA,"ResponseResponder:Days2",-1.56801605563978e-07,3.03659750481366e-07,-0.51637270107551,81.9999999994562,0.606983895628148,-7.6087758225208e-07,4.47274371124124e-07,"o__OFGB3022"
"fixed",NA,"ResponseResponder:Days2",-9.51691088984798e-08,4.78305108884484e-07,-0.198971550022612,42.0503558115435,0.843243956653594,-1.06039365334558e-06,8.70055435548624e-07,"o__OFGB3009"
"fixed",NA,"ResponseResponder:Days2",-3.2272850286426e-06,4.61832664310988e-06,-0.698799647153025,81.0866741177834,0.486676746404057,-1.2416157492166e-05,5.96158743488083e-06,"f__FGB77241"
"fixed",NA,"ResponseResponder:Days2",6.89364482421845e-07,1.64563286288219e-06,0.418905393767162,80.6393809760125,0.676398983042608,-2.58515070498802e-06,3.96387966983171e-06,"f__FGB1374"
"fixed",NA,"ResponseResponder:Days2",-1.56801605563978e-07,3.03659750481366e-07,-0.51637270107551,81.9999999994562,0.606983895628148,-7.6087758225208e-07,4.47274371124124e-07,"f__FGB3022"
"fixed",NA,"ResponseResponder:Days2",-9.51691088984798e-08,4.78305108884484e-07,-0.198971550022612,42.0503558115435,0.843243956653594,-1.06039365334558e-06,8.70055435548624e-07,"f__FGB3009"
"fixed",NA,"ResponseResponder:Days2",1.89633374212068e-05,8.59840042635137e-05,0.220544944186249,59.89715254179,0.826196801056014,-0.000153036353447723,0.000190963028290137,"g__GGB3496"
"fixed",NA,"ResponseResponder:Days2",1.22576909068354e-06,2.43498790805597e-06,0.50339843028714,80.941840783556,0.616051409535652,-3.61914582063836e-06,6.07068400200545e-06,"g__Paraeggerthella"
"fixed",NA,"ResponseResponder:Days2",-3.2272850286426e-06,4.61832664310988e-06,-0.698799647153025,81.0866741177834,0.486676746404057,-1.2416157492166e-05,5.96158743488083e-06,"g__GGB45497"
"fixed",NA,"ResponseResponder:Days2",2.07151211258319e-07,8.35631219707083e-07,0.24789788410602,73.277618471236,0.804906762900438,-1.4581531172929e-06,1.87245553980954e-06,"g__GGB9641"
"fixed",NA,"ResponseResponder:Days2",3.76814816351009e-08,8.98289785648947e-08,0.419480241644726,77.9885822260731,0.676018456428871,-1.41154689431621e-07,2.16517652701823e-07,"g__GGB9532"
"fixed",NA,"ResponseResponder:Days2",3.23305055217119e-07,6.42244861653732e-07,0.50339843028815,80.9418407342527,0.616051409535777,-9.54574681548816e-07,1.60118479198305e-06,"g__Massilicoli"
"fixed",NA,"ResponseResponder:Days2",2.60068643208837e-09,5.69474171597922e-09,0.456682069494204,81.3838198769555,0.649116135156802,-8.72925325322502e-09,1.39306261174018e-08,"g__GGB9529"
"fixed",NA,"ResponseResponder:Days2",4.01544595989141e-06,3.60258749190638e-06,1.11460053889394,81.2574928194414,0.268307477356425,-3.15222878370668e-06,1.11831207034895e-05,"g__Fumia"
"fixed",NA,"ResponseResponder:Days2",2.34345948282027e-07,1.53485154208785e-06,0.152683137004408,80.3254854588582,0.879031042451704,-2.81991596976765e-06,3.2886078663317e-06,"g__GGB3353"
"fixed",NA,"ResponseResponder:Days2",-1.31246504021095e-07,1.86968719469364e-07,-0.701970385172376,81.9999999987755,0.484685375825945,-5.03186847265647e-07,2.40693839223456e-07,"g__GGB9086"
"fixed",NA,"ResponseResponder:Days2",-1.56801605563978e-07,3.03659750481366e-07,-0.51637270107551,81.9999999994562,0.606983895628148,-7.6087758225208e-07,4.47274371124124e-07,"g__GGB9499"
"fixed",NA,"ResponseResponder:Days2",4.96294330803429e-07,2.04159135033131e-06,0.243091905107694,78.2454698653869,0.808570349332316,-3.56800099221209e-06,4.56058965381894e-06,"g__GGB9454"
"fixed",NA,"ResponseResponder:Days2",-4.56979317616033e-09,4.5564197518404e-09,-1.00293507294066,82.0000000016547,0.318842641090532,-1.36339635425973e-08,4.49437719027666e-09,"g__Neobittarella"
"fixed",NA,"ResponseResponder:Days2",-4.11606892627726e-08,4.64536789958397e-08,-0.886058761168494,82.0000000001366,0.378177017466103,-1.3357185493646e-07,5.12504764109144e-08,"g__GGB74700"
"fixed",NA,"ResponseResponder:Days2",-3.43682070076848e-09,3.93397224451745e-07,-0.00873626067280515,78.9769300848608,0.99305159159642,-7.86477965333655e-07,7.79604323932118e-07,"g__GGB9474"
"fixed",NA,"ResponseResponder:Days2",-3.25857484181092e-07,2.90182168947143e-07,-1.12294110063133,81.0200216358037,0.26477911770003,-9.03226814127277e-07,2.51511845765094e-07,"g__GGB3583"
"fixed",NA,"ResponseResponder:Days2",1.89633374212068e-05,8.59840042635137e-05,0.220544944186249,59.89715254179,0.826196801056014,-0.000153036353447723,0.000190963028290137,"s__GGB3496_SGB4671"
"fixed",NA,"ResponseResponder:Days2",1.22576909068354e-06,2.43498790805597e-06,0.50339843028714,80.941840783556,0.616051409535652,-3.61914582063836e-06,6.07068400200545e-06,"s__Paraeggerthella_hongkongensis"
"fixed",NA,"ResponseResponder:Days2",-2.12824387962936e-05,1.60926540070224e-05,-1.32249402659167,78.010393655059,0.189867869758797,-5.33203846214604e-05,1.07555070288732e-05,"s__Eubacteriaceae_bacterium_CHKCI004"
"fixed",NA,"ResponseResponder:Days2",-3.02565484150549e-07,4.97460187143867e-07,-0.608220500795666,63.5264454618572,0.545209773438345,-1.29649914651658e-06,6.91368178215486e-07,"s__GGB9469_SGB14863"
"fixed",NA,"ResponseResponder:Days2",-3.2272850286426e-06,4.61832664310988e-06,-0.698799647153025,81.0866741177834,0.486676746404057,-1.2416157492166e-05,5.96158743488083e-06,"s__GGB45497_SGB63169"
"fixed",NA,"ResponseResponder:Days2",2.14318595117756e-08,7.78357831168871e-07,0.0275347130247166,76.4927199805704,0.978104963857845,-1.52864064267007e-06,1.57150436169362e-06,"s__Gordonibacter_urolithinfaciens"
"fixed",NA,"ResponseResponder:Days2",2.07151211258319e-07,8.35631219707083e-07,0.24789788410602,73.277618471236,0.804906762900438,-1.4581531172929e-06,1.87245553980954e-06,"s__GGB9641_SGB15117"
"fixed",NA,"ResponseResponder:Days2",3.76814816351009e-08,8.98289785648947e-08,0.419480241644726,77.9885822260731,0.676018456428871,-1.41154689431621e-07,2.16517652701823e-07,"s__GGB9532_SGB14933"
"fixed",NA,"ResponseResponder:Days2",3.23305055217119e-07,6.42244861653732e-07,0.50339843028815,80.9418407342527,0.616051409535777,-9.54574681548816e-07,1.60118479198305e-06,"s__Massilicoli_timonensis"
"fixed",NA,"ResponseResponder:Days2",2.60068643208837e-09,5.69474171597922e-09,0.456682069494204,81.3838198769555,0.649116135156802,-8.72925325322502e-09,1.39306261174018e-08,"s__GGB9529_SGB53518"
"fixed",NA,"ResponseResponder:Days2",4.01544595989141e-06,3.60258749190638e-06,1.11460053889394,81.2574928194414,0.268307477356425,-3.15222878370668e-06,1.11831207034895e-05,"s__Fumia_xinanensis"
"fixed",NA,"ResponseResponder:Days2",6.86090296237377e-07,1.36291703543017e-06,0.503398430279969,80.9418406328415,0.616051409543212,-2.02571662739891e-06,3.39789721987366e-06,"s__GGB9695_SGB15209"
"fixed",NA,"ResponseResponder:Days2",2.34345948282027e-07,1.53485154208785e-06,0.152683137004408,80.3254854588582,0.879031042451704,-2.81991596976765e-06,3.2886078663317e-06,"s__GGB3353_SGB4437"
"fixed",NA,"ResponseResponder:Days2",-1.31246504021095e-07,1.86968719469364e-07,-0.701970385172376,81.9999999987755,0.484685375825945,-5.03186847265647e-07,2.40693839223456e-07,"s__GGB9086_SGB14014"
"fixed",NA,"ResponseResponder:Days2",-1.56801605563978e-07,3.03659750481366e-07,-0.51637270107551,81.9999999994562,0.606983895628148,-7.6087758225208e-07,4.47274371124124e-07,"s__GGB9499_SGB72735"
"fixed",NA,"ResponseResponder:Days2",4.96294330803429e-07,2.04159135033131e-06,0.243091905107694,78.2454698653869,0.808570349332316,-3.56800099221209e-06,4.56058965381894e-06,"s__GGB9454_SGB14846"
"fixed",NA,"ResponseResponder:Days2",-4.56979317616033e-09,4.5564197518404e-09,-1.00293507294066,82.0000000016547,0.318842641090532,-1.36339635425973e-08,4.49437719027666e-09,"s__Neobittarella_massiliensis"
"fixed",NA,"ResponseResponder:Days2",-4.11606892627726e-08,4.64536789958397e-08,-0.886058761168494,82.0000000001366,0.378177017466103,-1.3357185493646e-07,5.12504764109144e-08,"s__GGB74700_SGB54319"
"fixed",NA,"ResponseResponder:Days2",-3.43682070076848e-09,3.93397224451745e-07,-0.00873626067280515,78.9769300848608,0.99305159159642,-7.86477965333655e-07,7.79604323932118e-07,"s__GGB9474_SGB14868"
"fixed",NA,"ResponseResponder:Days2",-3.25857484181092e-07,2.90182168947143e-07,-1.12294110063133,81.0200216358037,0.26477911770003,-9.03226814127277e-07,2.51511845765094e-07,"s__GGB3583_SGB4799"
"fixed",NA,"ResponseResponder:Days2",-8.11484049078824e-08,1.33214120353664e-06,-0.0609157683077777,72.523532706662,0.951593851238668,-2.73639588250375e-06,2.57409907268799e-06,"c__CFGB2897"
"fixed",NA,"ResponseResponder:Days2",-1.37015844034025e-07,1.17209340720607e-06,-0.116898400069181,76.4721275703134,0.9072470332413,-2.47120912622331e-06,2.19717743815526e-06,"c__CFGB79253"
"fixed",NA,"ResponseResponder:Days2",-3.11612255107658e-08,2.66566740755507e-07,-0.116898400087154,76.4721283949972,0.907247033223807,-5.62021898895109e-07,4.99699447873577e-07,"c__CFGB3176"
"fixed",NA,"ResponseResponder:Days2",-3.0806387530307e-08,2.63531301679477e-07,-0.116898400053348,76.4721282946637,0.907247033250908,-5.55622063611529e-07,4.94009288550915e-07,"c__CFGB28372"
"fixed",NA,"ResponseResponder:Days2",-2.8064457759548e-08,2.4007563608401e-07,-0.116898400093074,76.4721286911493,0.907247033217946,-5.06168790901744e-07,4.50039875382648e-07,"c__CFGB79211"
"fixed",NA,"ResponseResponder:Days2",-2.56128499465492e-08,2.19103511553421e-07,-0.116898400052819,76.4721276111016,0.90724703325406,-4.6195174719092e-07,4.10726047297822e-07,"c__CFGB1311"
"fixed",NA,"ResponseResponder:Days2",5.22984427178468e-07,9.90289835487956e-07,0.528112486301319,79.7961788444074,0.598886898823761,-1.44783243051347e-06,2.4938012848704e-06,"c__CFGB2952"
"fixed",NA,"ResponseResponder:Days2",-3.46394537473761e-06,3.07416792436142e-06,-1.12679120333258,41.9964242357733,0.266228152883303,-9.66788306382315e-06,2.73999231434792e-06,"o__Selenomonadales"
"fixed",NA,"ResponseResponder:Days2",-8.11484049078824e-08,1.33214120353664e-06,-0.0609157683077777,72.523532706662,0.951593851238668,-2.73639588250375e-06,2.57409907268799e-06,"o__OFGB2897"
"fixed",NA,"ResponseResponder:Days2",-1.37015844034025e-07,1.17209340720607e-06,-0.116898400069181,76.4721275703134,0.9072470332413,-2.47120912622331e-06,2.19717743815526e-06,"o__OFGB79253"
"fixed",NA,"ResponseResponder:Days2",-3.11612255107658e-08,2.66566740755507e-07,-0.116898400087154,76.4721283949972,0.907247033223807,-5.62021898895109e-07,4.99699447873577e-07,"o__OFGB3176"
"fixed",NA,"ResponseResponder:Days2",-3.0806387530307e-08,2.63531301679477e-07,-0.116898400053348,76.4721282946637,0.907247033250908,-5.55622063611529e-07,4.94009288550915e-07,"o__OFGB28372"
"fixed",NA,"ResponseResponder:Days2",-2.8064457759548e-08,2.4007563608401e-07,-0.116898400093074,76.4721286911493,0.907247033217946,-5.06168790901744e-07,4.50039875382648e-07,"o__OFGB79211"
"fixed",NA,"ResponseResponder:Days2",-2.56128499465492e-08,2.19103511553421e-07,-0.116898400052819,76.4721276111016,0.90724703325406,-4.6195174719092e-07,4.10726047297822e-07,"o__OFGB1311"
"fixed",NA,"ResponseResponder:Days2",5.22984427178468e-07,9.90289835487956e-07,0.528112486301319,79.7961788444074,0.598886898823761,-1.44783243051347e-06,2.4938012848704e-06,"o__OFGB2952"
"fixed",NA,"ResponseResponder:Days2",-3.46394537473761e-06,3.07416792436142e-06,-1.12679120333258,41.9964242357733,0.266228152883303,-9.66788306382315e-06,2.73999231434792e-06,"f__Selenomonadaceae"
"fixed",NA,"ResponseResponder:Days2",-8.11484049078824e-08,1.33214120353664e-06,-0.0609157683077777,72.523532706662,0.951593851238668,-2.73639588250375e-06,2.57409907268799e-06,"f__FGB2897"
"fixed",NA,"ResponseResponder:Days2",-1.37015844034025e-07,1.17209340720607e-06,-0.116898400069181,76.4721275703134,0.9072470332413,-2.47120912622331e-06,2.19717743815526e-06,"f__FGB79253"
"fixed",NA,"ResponseResponder:Days2",-3.11612255107658e-08,2.66566740755507e-07,-0.116898400087154,76.4721283949972,0.907247033223807,-5.62021898895109e-07,4.99699447873577e-07,"f__FGB3176"
"fixed",NA,"ResponseResponder:Days2",-3.0806387530307e-08,2.63531301679477e-07,-0.116898400053348,76.4721282946637,0.907247033250908,-5.55622063611529e-07,4.94009288550915e-07,"f__FGB28372"
"fixed",NA,"ResponseResponder:Days2",-2.8064457759548e-08,2.4007563608401e-07,-0.116898400093074,76.4721286911493,0.907247033217946,-5.06168790901744e-07,4.50039875382648e-07,"f__FGB79211"
"fixed",NA,"ResponseResponder:Days2",-2.56128499465492e-08,2.19103511553421e-07,-0.116898400052819,76.4721276111016,0.90724703325406,-4.6195174719092e-07,4.10726047297822e-07,"f__FGB1311"
"fixed",NA,"ResponseResponder:Days2",5.22984427178468e-07,9.90289835487956e-07,0.528112486301319,79.7961788444074,0.598886898823761,-1.44783243051347e-06,2.4938012848704e-06,"f__FGB2952"
"fixed",NA,"ResponseResponder:Days2",-3.16838050709652e-07,2.71037114668598e-06,-0.116898400094413,76.4721280943023,0.907247033219276,-5.71447110899812e-06,5.08079500757882e-06,"g__Mitsuokella"
"fixed",NA,"ResponseResponder:Days2",-2.92547778588171e-07,2.50258154442635e-06,-0.116898400070009,76.4721275707255,0.907247033240645,-5.27637329387268e-06,4.69127773669634e-06,"g__GGB4558"
"fixed",NA,"ResponseResponder:Days2",-8.11484049078824e-08,1.33214120353664e-06,-0.0609157683077777,72.523532706662,0.951593851238668,-2.73639588250375e-06,2.57409907268799e-06,"g__GGB9209"
"fixed",NA,"ResponseResponder:Days2",-1.37015844034025e-07,1.17209340720607e-06,-0.116898400069181,76.4721275703134,0.9072470332413,-2.47120912622331e-06,2.19717743815526e-06,"g__GGB9058"
"fixed",NA,"ResponseResponder:Days2",-5.27740814706989e-07,1.08213766377278e-06,-0.487683621386087,40.9099637814221,0.628377388783533,-2.71330824049161e-06,1.65782661107763e-06,"g__GGB34797"
"fixed",NA,"ResponseResponder:Days2",-7.25804942174248e-08,6.20885265733312e-07,-0.11689840011214,76.4721277745071,0.907247033206555,-1.30905721809684e-06,1.16389622966199e-06,"g__GGB24836"
"fixed",NA,"ResponseResponder:Days2",1.42046710022514e-08,5.69402376796392e-07,0.0249466310312412,71.477914842005,0.980167048074654,-1.12101988592026e-06,1.14942922792477e-06,"g__GGB74220"
"fixed",NA,"ResponseResponder:Days2",-6.22676200059034e-07,8.04677493750922e-07,-0.77382082249684,82.0000000006418,0.441262019638799,-2.2234360708877e-06,9.78083670769636e-07,"g__GGB2652"
"fixed",NA,"ResponseResponder:Days2",-3.11612255107658e-08,2.66566740755507e-07,-0.116898400087154,76.4721283949972,0.907247033223807,-5.62021898895109e-07,4.99699447873577e-07,"g__GGB10708"
"fixed",NA,"ResponseResponder:Days2",-3.0806387530307e-08,2.63531301679477e-07,-0.116898400053348,76.4721282946637,0.907247033250908,-5.55622063611529e-07,4.94009288550915e-07,"g__GGB9083"
"fixed",NA,"ResponseResponder:Days2",-2.8064457759548e-08,2.4007563608401e-07,-0.116898400093074,76.4721286911493,0.907247033217946,-5.06168790901744e-07,4.50039875382648e-07,"g__GGB9267"
"fixed",NA,"ResponseResponder:Days2",-2.13386653028415e-08,1.82540268125297e-07,-0.116898400128318,76.4721283098674,0.907247033191636,-3.84862822081899e-07,3.42185491476216e-07,"g__GGB3142"
"fixed",NA,"ResponseResponder:Days2",-4.29031365727758e-09,3.67012179301061e-08,-0.116898400087105,76.4721274705343,0.907247033227544,-7.73798266736693e-08,6.87991993591141e-08,"g__GGB3140"
"fixed",NA,"ResponseResponder:Days2",1.44889791473855e-07,3.13754223315783e-07,0.461793916087078,73.3757155014472,0.645595342593645,-4.80367536408568e-07,7.70147119356278e-07,"g__GGB9293"
"fixed",NA,"ResponseResponder:Days2",-6.34176100491627e-07,5.42501950296896e-06,-0.116898400115347,76.4721279515271,0.907247033203314,-1.1437960168134e-05,1.01696079671507e-05,"s__Megasphaera_elsdenii"
"fixed",NA,"ResponseResponder:Days2",-3.16838050709652e-07,2.71037114668598e-06,-0.116898400094413,76.4721280943023,0.907247033219276,-5.71447110899812e-06,5.08079500757882e-06,"s__Mitsuokella_jalaludinii"
"fixed",NA,"ResponseResponder:Days2",-2.92547778588171e-07,2.50258154442635e-06,-0.116898400070009,76.4721275707255,0.907247033240645,-5.27637329387268e-06,4.69127773669634e-06,"s__GGB4558_SGB6291"
"fixed",NA,"ResponseResponder:Days2",-8.11484049078824e-08,1.33214120353664e-06,-0.0609157683077777,72.523532706662,0.951593851238668,-2.73639588250375e-06,2.57409907268799e-06,"s__GGB9209_SGB14148"
"fixed",NA,"ResponseResponder:Days2",-1.37015844034025e-07,1.17209340720607e-06,-0.116898400069181,76.4721275703134,0.9072470332413,-2.47120912622331e-06,2.19717743815526e-06,"s__GGB9058_SGB13975"
"fixed",NA,"ResponseResponder:Days2",-1.06403004507494e-07,9.1021779956659e-07,-0.116898400095185,76.4721282508259,0.907247033218041,-1.91907788153636e-06,1.70627187252137e-06,"s__GGB34797_SGB14322"
"fixed",NA,"ResponseResponder:Days2",-7.25804942174248e-08,6.20885265733312e-07,-0.11689840011214,76.4721277745071,0.907247033206555,-1.30905721809684e-06,1.16389622966199e-06,"s__GGB24836_SGB36733"
"fixed",NA,"ResponseResponder:Days2",1.42046710022514e-08,5.69402376796392e-07,0.0249466310312412,71.477914842005,0.980167048074654,-1.12101988592026e-06,1.14942922792477e-06,"s__GGB74220_SGB4052"
"fixed",NA,"ResponseResponder:Days2",-6.22676200059034e-07,8.04677493750922e-07,-0.77382082249684,82.0000000006418,0.441262019638799,-2.2234360708877e-06,9.78083670769636e-07,"s__GGB2652_SGB3573"
"fixed",NA,"ResponseResponder:Days2",-3.11612255107658e-08,2.66566740755507e-07,-0.116898400087154,76.4721283949972,0.907247033223807,-5.62021898895109e-07,4.99699447873577e-07,"s__GGB10708_SGB17364"
"fixed",NA,"ResponseResponder:Days2",-3.0806387530307e-08,2.63531301679477e-07,-0.116898400053348,76.4721282946637,0.907247033250908,-5.55622063611529e-07,4.94009288550915e-07,"s__GGB9083_SGB14011"
"fixed",NA,"ResponseResponder:Days2",-2.8064457759548e-08,2.4007563608401e-07,-0.116898400093074,76.4721286911493,0.907247033217946,-5.06168790901744e-07,4.50039875382648e-07,"s__GGB9267_SGB14218"
"fixed",NA,"ResponseResponder:Days2",-2.13386653028415e-08,1.82540268125297e-07,-0.116898400128318,76.4721283098674,0.907247033191636,-3.84862822081899e-07,3.42185491476216e-07,"s__GGB3142_SGB4155"
"fixed",NA,"ResponseResponder:Days2",-1.60160957269797e-08,1.37008681971513e-07,-0.116898400134305,76.4721284623703,0.907247033186297,-2.88865292756321e-07,2.56833101302362e-07,"s__GGB9708_SGB15235"
"fixed",NA,"ResponseResponder:Days2",-4.29031365727758e-09,3.67012179301061e-08,-0.116898400087105,76.4721274705343,0.907247033227544,-7.73798266736693e-08,6.87991993591141e-08,"s__GGB3140_SGB4153"
"fixed",NA,"ResponseResponder:Days2",1.44889791473855e-07,3.13754223315783e-07,0.461793916087078,73.3757155014472,0.645595342593645,-4.80367536408568e-07,7.70147119356278e-07,"s__GGB9293_SGB14250"
"fixed",NA,"ResponseResponder:Days2",-1.07807937636368e-06,5.36696131348536e-06,-0.200873327268977,72.9902108206646,0.841356321806736,-1.17744420169364e-05,9.61828326420902e-06,"c__CFGB2164"
"fixed",NA,"ResponseResponder:Days2",-1.07807937636368e-06,5.36696131348536e-06,-0.200873327268977,72.9902108206646,0.841356321806736,-1.17744420169364e-05,9.61828326420902e-06,"o__OFGB2164"
"fixed",NA,"ResponseResponder:Days2",-1.07807937636368e-06,5.36696131348536e-06,-0.200873327268977,72.9902108206646,0.841356321806736,-1.17744420169364e-05,9.61828326420902e-06,"f__FGB2164"
"fixed",NA,"ResponseResponder:Days2",-4.06079874493407e-09,1.00886681571194e-07,-0.0402510884657104,73.1145966977749,0.968002658418215,-2.05122356056325e-07,1.97000758566457e-07,"g__GGB48168"
"fixed",NA,"ResponseResponder:Days2",3.79270021500867e-07,9.50324659072794e-07,0.399095212230851,79.9642727151281,0.690886893789167,-1.51194929256887e-06,2.27048933557061e-06,"g__GGB84235"
"fixed",NA,"ResponseResponder:Days2",-1.07807937636368e-06,5.36696131348536e-06,-0.200873327268977,72.9902108206646,0.841356321806736,-1.17744420169364e-05,9.61828326420902e-06,"g__GGB6132"
"fixed",NA,"ResponseResponder:Days2",4.66850922337198e-07,2.94265253729237e-06,0.158649693234514,75.5431529098691,0.874368235968453,-5.39452277296119e-06,6.32822461763558e-06,"g__GGB51959"
"fixed",NA,"ResponseResponder:Days2",5.85884047520316e-07,1.08575034405113e-06,0.539612122372698,69.3013147362442,0.591194211801596,-1.57996062509034e-06,2.75172872013097e-06,"g__GGB29535"
"fixed",NA,"ResponseResponder:Days2",3.4607373894084e-07,2.30041743082581e-06,0.150439539495493,38.0416901996595,0.881212705506664,-4.31071028846948e-06,5.00285776635116e-06,"g__Lacticaseibacillus"
"fixed",NA,"ResponseResponder:Days2",-4.06079874493407e-09,1.00886681571194e-07,-0.0402510884657104,73.1145966977749,0.968002658418215,-2.05122356056325e-07,1.97000758566457e-07,"s__GGB48168_SGB66171"
"fixed",NA,"ResponseResponder:Days2",3.79270021500867e-07,9.50324659072794e-07,0.399095212230851,79.9642727151281,0.690886893789167,-1.51194929256887e-06,2.27048933557061e-06,"s__GGB84235_SGB119956"
"fixed",NA,"ResponseResponder:Days2",-1.07807937636368e-06,5.36696131348536e-06,-0.200873327268977,72.9902108206646,0.841356321806736,-1.17744420169364e-05,9.61828326420902e-06,"s__GGB6132_SGB8779"
"fixed",NA,"ResponseResponder:Days2",4.66850922337198e-07,2.94265253729237e-06,0.158649693234514,75.5431529098691,0.874368235968453,-5.39452277296119e-06,6.32822461763558e-06,"s__GGB51959_SGB72479"
"fixed",NA,"ResponseResponder:Days2",5.85884047520316e-07,1.08575034405113e-06,0.539612122372698,69.3013147362442,0.591194211801596,-1.57996062509034e-06,2.75172872013097e-06,"s__GGB29535_SGB36365"
"fixed",NA,"ResponseResponder:Days2",4.50501292395905e-07,1.01700588007524e-06,0.442968227836179,41.2800258182842,0.660101469681791,-1.60296070901977e-06,2.50396329381158e-06,"s__Lacticaseibacillus_rhamnosus"
"fixed",NA,"ResponseResponder:Days2",-2.91905926087031e-07,1.24289540811859e-06,-0.234859606190755,67.6411203057266,0.815027226333905,-2.77230338654529e-06,2.18849153437123e-06,"c__CFGB9718"
"fixed",NA,"ResponseResponder:Days2",-4.1378921484266e-08,1.92098713073488e-07,-0.215404470036384,41.8552275800117,0.830498213091063,-4.29089549590092e-07,3.4633170662156e-07,"c__CFGB9491"
"fixed",NA,"ResponseResponder:Days2",-2.91905926087031e-07,1.24289540811859e-06,-0.234859606190755,67.6411203057266,0.815027226333905,-2.77230338654529e-06,2.18849153437123e-06,"o__OFGB9718"
"fixed",NA,"ResponseResponder:Days2",-4.1378921484266e-08,1.92098713073488e-07,-0.215404470036384,41.8552275800117,0.830498213091063,-4.29089549590092e-07,3.4633170662156e-07,"o__OFGB9491"
"fixed",NA,"ResponseResponder:Days2",-2.91905926087031e-07,1.24289540811859e-06,-0.234859606190755,67.6411203057266,0.815027226333905,-2.77230338654529e-06,2.18849153437123e-06,"f__FGB9718"
"fixed",NA,"ResponseResponder:Days2",-4.1378921484266e-08,1.92098713073488e-07,-0.215404470036384,41.8552275800117,0.830498213091063,-4.29089549590092e-07,3.4633170662156e-07,"f__FGB9491"
"fixed",NA,"ResponseResponder:Days2",9.74170097354569e-07,1.93518699846085e-06,0.503398430296077,80.9418405289623,0.61605140953369,-2.87628694781903e-06,4.82462714252817e-06,"g__Mordavella"
"fixed",NA,"ResponseResponder:Days2",-2.91905926087031e-07,1.24289540811859e-06,-0.234859606190755,67.6411203057266,0.815027226333905,-2.77230338654529e-06,2.18849153437123e-06,"g__GGB3569"
"fixed",NA,"ResponseResponder:Days2",-4.58220810456021e-06,3.0354614603562e-06,-1.50955897955051,39.4480227402957,0.139124884792605,-1.07197797125595e-05,1.55536350343911e-06,"g__GGB3532"
"fixed",NA,"ResponseResponder:Days2",7.78565837271239e-07,1.24629094420885e-06,0.624706326310887,76.9303533332426,0.53401229322491,-1.70315233849647e-06,3.26028401303895e-06,"g__GGB3451"
"fixed",NA,"ResponseResponder:Days2",1.22832685093669e-07,5.26540722753605e-07,0.233282403023457,80.4029736061681,0.81613501080131,-9.24936130727727e-07,1.17060150091506e-06,"g__GGB3446"
"fixed",NA,"ResponseResponder:Days2",2.32626183213801e-07,4.62111459249485e-07,0.503398430308586,80.9418407758233,0.616051409520775,-6.8684068239428e-07,1.15209304882188e-06,"g__GGB3677"
"fixed",NA,"ResponseResponder:Days2",-6.10754834344753e-07,4.85630622306924e-07,-1.25765305211488,63.6652840490381,0.213110858530269,-1.58101177128508e-06,3.59502102595576e-07,"g__GGB33516"
"fixed",NA,"ResponseResponder:Days2",1.70197267465348e-08,3.38096539898908e-08,0.503398430271536,80.9418410120651,0.616051409542719,-5.02516121432006e-08,8.42910656362702e-08,"g__GGB3003"
"fixed",NA,"ResponseResponder:Days2",-4.1378921484266e-08,1.92098713073488e-07,-0.215404470036384,41.8552275800117,0.830498213091063,-4.29089549590092e-07,3.4633170662156e-07,"g__GGB9491"
"fixed",NA,"ResponseResponder:Days2",7.56212282339408e-11,4.97070986074354e-09,0.0152133659683426,82.0000000006932,0.987898913043168,-9.81270413988368e-09,9.96394659635156e-09,"g__Murimonas"
"fixed",NA,"ResponseResponder:Days2",9.74170097354569e-07,1.93518699846085e-06,0.503398430296077,80.9418405289623,0.61605140953369,-2.87628694781903e-06,4.82462714252817e-06,"s__Mordavella_massiliensis"
"fixed",NA,"ResponseResponder:Days2",-2.91905926087031e-07,1.24289540811859e-06,-0.234859606190755,67.6411203057266,0.815027226333905,-2.77230338654529e-06,2.18849153437123e-06,"s__GGB3569_SGB4776"
"fixed",NA,"ResponseResponder:Days2",-4.58220810456021e-06,3.0354614603562e-06,-1.50955897955051,39.4480227402957,0.139124884792605,-1.07197797125595e-05,1.55536350343911e-06,"s__GGB3532_SGB4720"
"fixed",NA,"ResponseResponder:Days2",7.78565837271239e-07,1.24629094420885e-06,0.624706326310887,76.9303533332426,0.53401229322491,-1.70315233849647e-06,3.26028401303895e-06,"s__GGB3451_SGB4605"
"fixed",NA,"ResponseResponder:Days2",1.22832685093669e-07,5.26540722753605e-07,0.233282403023457,80.4029736061681,0.81613501080131,-9.24936130727727e-07,1.17060150091506e-06,"s__GGB3446_SGB4597"
"fixed",NA,"ResponseResponder:Days2",2.32626183213801e-07,4.62111459249485e-07,0.503398430308586,80.9418407758233,0.616051409520775,-6.8684068239428e-07,1.15209304882188e-06,"s__GGB3677_SGB4990"
"fixed",NA,"ResponseResponder:Days2",-6.10754834344753e-07,4.85630622306924e-07,-1.25765305211488,63.6652840490381,0.213110858530269,-1.58101177128508e-06,3.59502102595576e-07,"s__GGB33516_SGB54324"
"fixed",NA,"ResponseResponder:Days2",-2.2644673543197e-06,2.9763817929341e-06,-0.760812124202454,42.6478501313478,0.450955503016669,-8.26834693657015e-06,3.73941222793076e-06,"s__GGB9453_SGB14844"
"fixed",NA,"ResponseResponder:Days2",3.02030396772225e-08,5.99982794164825e-08,0.503398430271072,80.9418406531161,0.616051409549096,-8.91760166392245e-08,1.49582095993669e-07,"s__GGB9695_SGB15210"
"fixed",NA,"ResponseResponder:Days2",1.70197267465348e-08,3.38096539898908e-08,0.503398430271536,80.9418410120651,0.616051409542719,-5.02516121432006e-08,8.42910656362702e-08,"s__GGB3003_SGB3994"
"fixed",NA,"ResponseResponder:Days2",-4.1378921484266e-08,1.92098713073488e-07,-0.215404470036384,41.8552275800117,0.830498213091063,-4.29089549590092e-07,3.4633170662156e-07,"s__GGB9491_SGB14888"
"fixed",NA,"ResponseResponder:Days2",7.56212282339408e-11,4.97070986074354e-09,0.0152133659683426,82.0000000006932,0.987898913043168,-9.81270413988368e-09,9.96394659635156e-09,"s__Murimonas_intestini"
"fixed",NA,"ResponseResponder:Days2",-3.07630394948273e-06,2.51922042010034e-06,-1.22113330176968,56.9366807697322,0.22706814543602,-8.12107741346889e-06,1.96846951450344e-06,"f__Bianqueaceae"
"fixed",NA,"ResponseResponder:Days2",1.40640881450247e-07,4.43272035432875e-07,0.317278939811541,41.5857457318104,0.752619489316988,-7.54182380928869e-07,1.03546414382936e-06,"g__GGB9537"
"fixed",NA,"ResponseResponder:Days2",3.5320745160591e-06,9.81542081504716e-06,0.359849524805333,48.9664550202858,0.72050709086811,-1.61930938977774e-05,2.32572429298956e-05,"g__Peptacetobacter"
"fixed",NA,"ResponseResponder:Days2",5.13704501581961e-07,9.05886745759826e-07,0.567073647987954,53.151075617773,0.573051417528777,-1.30315365846923e-06,2.33056266163315e-06,"g__Massiliimalia"
"fixed",NA,"ResponseResponder:Days2",4.70031056984805e-08,9.77195997108653e-07,0.0480999777297023,40.8972122164948,0.961870695887172,-1.92663488928343e-06,2.02064110068039e-06,"g__GGB74505"
"fixed",NA,"ResponseResponder:Days2",-3.07630394948273e-06,2.51922042010034e-06,-1.22113330176968,56.9366807697322,0.22706814543602,-8.12107741346889e-06,1.96846951450344e-06,"g__Bianquea"
"fixed",NA,"ResponseResponder:Days2",-3.49002324273069e-08,2.80780736061448e-07,-0.124297104270248,57.4988397711406,0.90151356091594,-5.97048261053637e-07,5.27247796199023e-07,"g__Anaerovorax"
"fixed",NA,"ResponseResponder:Days2",1.40640881450247e-07,4.43272035432875e-07,0.317278939811541,41.5857457318104,0.752619489316988,-7.54182380928869e-07,1.03546414382936e-06,"s__GGB9537_SGB14940"
"fixed",NA,"ResponseResponder:Days2",3.5320745160591e-06,9.81542081504716e-06,0.359849524805333,48.9664550202858,0.72050709086811,-1.61930938977774e-05,2.32572429298956e-05,"s__Peptacetobacter_hiranonis"
"fixed",NA,"ResponseResponder:Days2",5.13704501581961e-07,9.05886745759826e-07,0.567073647987954,53.151075617773,0.573051417528777,-1.30315365846923e-06,2.33056266163315e-06,"s__Massiliimalia_timonensis"
"fixed",NA,"ResponseResponder:Days2",4.70031056984805e-08,9.77195997108653e-07,0.0480999777297023,40.8972122164948,0.961870695887172,-1.92663488928343e-06,2.02064110068039e-06,"s__GGB74505_SGB47518"
"fixed",NA,"ResponseResponder:Days2",-4.83943993686675e-07,5.27825404123351e-07,-0.916863777124261,76.2469775905073,0.362105009017603,-1.53514432803399e-06,5.67256340660645e-07,"s__Bianquea_SGB71281"
"fixed",NA,"ResponseResponder:Days2",1.6582327700769e-07,3.19074959126942e-07,0.519700065029916,68.3607715726532,0.604951435425507,-4.70820053732994e-07,8.02466607748372e-07,"s__Clostridium_methylpentosum"
"fixed",NA,"ResponseResponder:Days2",-3.49002324273069e-08,2.80780736061448e-07,-0.124297104270248,57.4988397711406,0.90151356091594,-5.97048261053637e-07,5.27247796199023e-07,"s__Anaerovorax_odorimutans"
"fixed",NA,"ResponseResponder:Days2",1.3990403510234e-06,1.26087549572388e-06,1.10957850776551,80.4141267068019,0.270487895166801,-1.10998348963802e-06,3.90806419168483e-06,"s__Faecalicatena_contorta"
"fixed",NA,"ResponseResponder:Days2",-5.78479207329386e-21,3.69696859563564e-13,-1.56473930563623e-08,3.32511129468424e-05,0.999999999909773,-Inf,Inf,"c__CFGB28369"
"fixed",NA,"ResponseResponder:Days2",-1.14163245041623e-15,1.15463658731426e-10,-9.88737463336168e-06,0.907558019914403,0.999993826112972,-1.87195543659041e-09,1.87195315332551e-09,"c__CFGB2403"
"fixed",NA,"ResponseResponder:Days2",-5.78479207329386e-21,3.69696859563564e-13,-1.56473930563623e-08,3.32511129468424e-05,0.999999999909773,-Inf,Inf,"o__OFGB28369"
"fixed",NA,"ResponseResponder:Days2",-1.14163245041623e-15,1.15463658731426e-10,-9.88737463336168e-06,0.907558019914403,0.999993826112972,-1.87195543659041e-09,1.87195315332551e-09,"o__OFGB2403"
"fixed",NA,"ResponseResponder:Days2",2.23751765399098e-07,8.79662887655317e-07,0.254360810873235,65.7110873668937,0.800011127602278,-1.53269600073358e-06,1.98019953153177e-06,"o__Pseudomonadales"
"fixed",NA,"ResponseResponder:Days2",-5.78479207329386e-21,3.69696859563564e-13,-1.56473930563623e-08,3.32511129468424e-05,0.999999999909773,-Inf,Inf,"f__FGB28369"
"fixed",NA,"ResponseResponder:Days2",-1.14163245041623e-15,1.15463658731426e-10,-9.88737463336168e-06,0.907558019914403,0.999993826112972,-1.87195543659041e-09,1.87195315332551e-09,"f__FGB2403"
"fixed",NA,"ResponseResponder:Days2",2.23751765399098e-07,8.79662887655317e-07,0.254360810873235,65.7110873668937,0.800011127602278,-1.53269600073358e-06,1.98019953153177e-06,"f__Pseudomonadaceae"
"fixed",NA,"ResponseResponder:Days2",-5.78479207329386e-21,3.69696859563564e-13,-1.56473930563623e-08,3.32511129468424e-05,0.999999999909773,-Inf,Inf,"g__GGB28369"
"fixed",NA,"ResponseResponder:Days2",-1.14163245041623e-15,1.15463658731426e-10,-9.88737463336168e-06,0.907558019914403,0.999993826112972,-1.87195543659041e-09,1.87195315332551e-09,"g__GGB6601"
"fixed",NA,"ResponseResponder:Days2",2.23751765399098e-07,8.79662887655317e-07,0.254360810873235,65.7110873668937,0.800011127602278,-1.53269600073358e-06,1.98019953153177e-06,"g__Pseudomonas"
"fixed",NA,"ResponseResponder:Days2",-3.95019627993843e-07,9.2151834618967e-07,-0.428661707742646,68.5500860023152,0.66951346527565,-2.23361370749829e-06,1.44357445151061e-06,"g__Hydrogeniiclostridium"
"fixed",NA,"ResponseResponder:Days2",-5.79159607380618e-06,1.62457616337043e-05,-0.356498895182028,42.5151785156076,0.723230199589172,-3.85651046150369e-05,2.69819124674245e-05,"s__Streptococcus_lutetiensis"
"fixed",NA,"ResponseResponder:Days2",-5.80199749598965e-15,4.54122912919327e-10,-1.27762712052813e-05,5.46185526722847,0.999990259693168,-1.13829120368115e-09,1.13827959968616e-09,"s__GGB6007_SGB8633"
"fixed",NA,"ResponseResponder:Days2",-5.78479207329386e-21,3.69696859563564e-13,-1.56473930563623e-08,3.32511129468424e-05,0.999999999909773,-Inf,Inf,"s__GGB28369_SGB40949"
"fixed",NA,"ResponseResponder:Days2",-1.14163245041623e-15,1.15463658731426e-10,-9.88737463336168e-06,0.907558019914403,0.999993826112972,-1.87195543659041e-09,1.87195315332551e-09,"s__GGB6601_SGB9333"
"fixed",NA,"ResponseResponder:Days2",1.07125614365723e-05,7.47470548957364e-06,1.4331750530526,50.5400530810343,0.15796524082272,-4.29685250584277e-06,2.57219753789873e-05,"s__Dysosmobacter_SGB15077"
"fixed",NA,"ResponseResponder:Days2",-6.54275023685304e-07,9.84316975341218e-06,-0.0664699522690338,42.0677310181007,0.947318582722449,-2.05176483210805e-05,1.92090982737099e-05,"s__Collinsella_tanakaei"
"fixed",NA,"ResponseResponder:Days2",-5.80120256181243e-07,6.21857623448277e-07,-0.93288276014758,81.9999999993028,0.353619276809789,-1.8171931664039e-06,6.56952654041418e-07,"s__GGB33512_SGB15203"
"fixed",NA,"ResponseResponder:Days2",-1.12637162706696e-17,8.26274627939212e-13,-1.36319280416029e-05,0.000149354859001611,0.999999833420361,-Inf,Inf,"s__Clostridium_sp_MCC353"
"fixed",NA,"ResponseResponder:Days2",-3.95019627993843e-07,9.2151834618967e-07,-0.428661707742646,68.5500860023152,0.66951346527565,-2.23361370749829e-06,1.44357445151061e-06,"s__Hydrogeniiclostridium_mannosilyticum"
"fixed",NA,"ResponseResponder:Days2",5.93317767839248e-07,1.66165333507828e-06,0.357064710980342,67.5907196893256,0.722155774485476,-2.72282342584303e-06,3.90945896152153e-06,"g__GGB3818"
"fixed",NA,"ResponseResponder:Days2",1.25629313218662e-07,6.25476410868672e-07,0.200853798857396,53.7387013202257,0.841571166762179,-1.12851504893582e-06,1.37977367537314e-06,"g__GGB9423"
"fixed",NA,"ResponseResponder:Days2",5.93317767839248e-07,1.66165333507828e-06,0.357064710980342,67.5907196893256,0.722155774485476,-2.72282342584303e-06,3.90945896152153e-06,"s__GGB3818_SGB5183"
"fixed",NA,"ResponseResponder:Days2",1.25629313218662e-07,6.25476410868672e-07,0.200853798857396,53.7387013202257,0.841571166762179,-1.12851504893582e-06,1.37977367537314e-06,"s__GGB9423_SGB14792"
"fixed",NA,"ResponseResponder:Days2",3.49795799545401e-07,7.13997422266087e-07,0.489911852111761,26.3255262310223,0.628254289218557,-1.11696416547824e-06,1.81655576456904e-06,"g__GGB3034"
"fixed",NA,"ResponseResponder:Days2",-6.13227426535926e-09,1.03457748477602e-07,-0.0592732236647006,41.9395260869254,0.953016026406012,-2.14927383010022e-07,2.02662834479304e-07,"g__Oxalobacter"
"fixed",NA,"ResponseResponder:Days2",-3.97326852534646e-16,1.12910913124605e-10,-3.51894109736027e-06,0.876570968333149,0.999997818526765,-2.01232182591533e-09,2.01232103126162e-09,"s__Desulfovibrio_legallii"
"fixed",NA,"ResponseResponder:Days2",2.25894390215075e-16,1.88965392667352e-11,1.19542730563756e-05,0.0440320846842127,0.999997565059713,-711498551906891520,711498551906891520,"s__Coprobacter_secundus"
"fixed",NA,"ResponseResponder:Days2",3.49795799545401e-07,7.13997422266087e-07,0.489911852111761,26.3255262310223,0.628254289218557,-1.11696416547824e-06,1.81655576456904e-06,"s__GGB3034_SGB4030"
"fixed",NA,"ResponseResponder:Days2",-4.75100481576333e-08,9.29725704781099e-08,-0.511011451155041,41.9509427434377,0.612022046498358,-2.35142792010829e-07,1.40122695695563e-07,"s__Oxalobacter_formigenes"
"fixed",NA,"ResponseResponder:Days2",-7.16387457720851e-07,6.77441720690884e-07,-1.05748942800607,76.7635559576119,0.293604812392534,-2.06541257330089e-06,6.32637657859192e-07,"g__GGB9787"
"fixed",NA,"ResponseResponder:Days2",-1.17128675178641e-05,1.8037171941081e-05,-0.649373835106998,75.4985754286405,0.518067512205989,-4.76408676871402e-05,2.42151326514121e-05,"s__Klebsiella_variicola"
"fixed",NA,"ResponseResponder:Days2",-7.16387457720851e-07,6.77441720690884e-07,-1.05748942800607,76.7635559576119,0.293604812392534,-2.06541257330089e-06,6.32637657859192e-07,"s__GGB9787_SGB15410"
"fixed",NA,"ResponseResponder:Days2",-2.64966434392546e-08,7.02026885236126e-09,-3.77430608378232,81.9999999988973,0.000302293346277447,-4.04621945433475e-08,-1.25310923351617e-08,"s__Collinsella_bouchesdurhonensis"
"fixed",NA,"ResponseResponder:Days2",-4.62414172060837e-07,7.02077942181123e-07,-0.658636519222167,79.653963744099,0.512028584907003,-1.85968698883369e-06,9.34858644712017e-07,"c__CFGB79244"
"fixed",NA,"ResponseResponder:Days2",2.11941008406336e-06,1.74612102959191e-06,1.21378189034164,70.5243617425411,0.228880274688208,-1.36266332693524e-06,5.60148349506197e-06,"c__CFGB36753"
"fixed",NA,"ResponseResponder:Days2",-1.24916559682347e-07,3.57287333070675e-07,-0.34962493242837,75.1283253152828,0.727598362004859,-8.3664949917077e-07,5.86816379806075e-07,"c__CFGB13532"
"fixed",NA,"ResponseResponder:Days2",-2.04570622412163e-07,2.95445382322604e-07,-0.692414350171794,81.197012504221,0.490652674123095,-7.92392637771485e-07,3.83251392947159e-07,"c__CFGB1677"
"fixed",NA,"ResponseResponder:Days2",-4.62414172060837e-07,7.02077942181123e-07,-0.658636519222167,79.653963744099,0.512028584907003,-1.85968698883369e-06,9.34858644712017e-07,"o__OFGB79244"
"fixed",NA,"ResponseResponder:Days2",2.11941008406336e-06,1.74612102959191e-06,1.21378189034164,70.5243617425411,0.228880274688208,-1.36266332693524e-06,5.60148349506197e-06,"o__OFGB36753"
"fixed",NA,"ResponseResponder:Days2",-1.24916559682347e-07,3.57287333070675e-07,-0.34962493242837,75.1283253152828,0.727598362004859,-8.3664949917077e-07,5.86816379806075e-07,"o__OFGB13532"
"fixed",NA,"ResponseResponder:Days2",-2.04570622412163e-07,2.95445382322604e-07,-0.692414350171794,81.197012504221,0.490652674123095,-7.92392637771485e-07,3.83251392947159e-07,"o__OFGB1677"
"fixed",NA,"ResponseResponder:Days2",-4.62414172060837e-07,7.02077942181123e-07,-0.658636519222167,79.653963744099,0.512028584907003,-1.85968698883369e-06,9.34858644712017e-07,"f__FGB79244"
"fixed",NA,"ResponseResponder:Days2",2.11941008406336e-06,1.74612102959191e-06,1.21378189034164,70.5243617425411,0.228880274688208,-1.36266332693524e-06,5.60148349506197e-06,"f__FGB36753"
"fixed",NA,"ResponseResponder:Days2",-1.24916559682347e-07,3.57287333070675e-07,-0.34962493242837,75.1283253152828,0.727598362004859,-8.3664949917077e-07,5.86816379806075e-07,"f__FGB13532"
"fixed",NA,"ResponseResponder:Days2",-2.04570622412163e-07,2.95445382322604e-07,-0.692414350171794,81.197012504221,0.490652674123095,-7.92392637771485e-07,3.83251392947159e-07,"f__FGB1677"
"fixed",NA,"ResponseResponder:Days2",-4.62414172060837e-07,7.02077942181123e-07,-0.658636519222167,79.653963744099,0.512028584907003,-1.85968698883369e-06,9.34858644712017e-07,"g__GGB3325"
"fixed",NA,"ResponseResponder:Days2",-3.43792296021085e-07,4.96512378624715e-07,-0.692414350218926,81.1970124851681,0.490652674094124,-1.33165984961303e-06,6.44075257570856e-07,"g__GGB9060"
"fixed",NA,"ResponseResponder:Days2",2.11941008406336e-06,1.74612102959191e-06,1.21378189034164,70.5243617425411,0.228880274688208,-1.36266332693524e-06,5.60148349506197e-06,"g__GGB2658"
"fixed",NA,"ResponseResponder:Days2",-1.24916559682347e-07,3.57287333070675e-07,-0.34962493242837,75.1283253152828,0.727598362004859,-8.3664949917077e-07,5.86816379806075e-07,"g__GGB13532"
"fixed",NA,"ResponseResponder:Days2",-2.04570622412163e-07,2.95445382322604e-07,-0.692414350171794,81.197012504221,0.490652674123095,-7.92392637771485e-07,3.83251392947159e-07,"g__GGB4716"
"fixed",NA,"ResponseResponder:Days2",-1.15544518222532e-08,1.66871928904155e-08,-0.692414350222423,81.1970122029827,0.49065267409879,-4.47555100989851e-08,2.16466064544786e-08,"g__GGB9696"
"fixed",NA,"ResponseResponder:Days2",-3.8693333859719e-06,5.21383427574371e-06,-0.742128188456849,80.1586433891287,0.460178753110359,-1.42448790271354e-05,6.50621225519163e-06,"s__Clostridium_SGB6179"
"fixed",NA,"ResponseResponder:Days2",-4.62414172060837e-07,7.02077942181123e-07,-0.658636519222167,79.653963744099,0.512028584907003,-1.85968698883369e-06,9.34858644712017e-07,"s__GGB3325_SGB4402"
"fixed",NA,"ResponseResponder:Days2",-3.43792296021085e-07,4.96512378624715e-07,-0.692414350218926,81.1970124851681,0.490652674094124,-1.33165984961303e-06,6.44075257570856e-07,"s__GGB9060_SGB13977"
"fixed",NA,"ResponseResponder:Days2",2.11941008406336e-06,1.74612102959191e-06,1.21378189034164,70.5243617425411,0.228880274688208,-1.36266332693524e-06,5.60148349506197e-06,"s__GGB2658_SGB3579"
"fixed",NA,"ResponseResponder:Days2",-1.24916559682347e-07,3.57287333070675e-07,-0.34962493242837,75.1283253152828,0.727598362004859,-8.3664949917077e-07,5.86816379806075e-07,"s__GGB13532_SGB14832"
"fixed",NA,"ResponseResponder:Days2",-2.04570622412163e-07,2.95445382322604e-07,-0.692414350171794,81.197012504221,0.490652674123095,-7.92392637771485e-07,3.83251392947159e-07,"s__GGB4716_SGB6531"
"fixed",NA,"ResponseResponder:Days2",1.46697605450916e-06,1.21546880553904e-06,1.20692201052299,72.6101136471823,0.231379445488624,-9.55668937434525e-07,3.88962104645284e-06,"s__Collinsella_SGB63083"
"fixed",NA,"ResponseResponder:Days2",-1.45662045832535e-09,2.88978194212948e-07,-0.00504058952369247,73.2763013360385,0.995991906223512,-5.7735274724216e-07,5.7443950632551e-07,"s__GGB3033_SGB4028"
"fixed",NA,"ResponseResponder:Days2",-1.15544518222532e-08,1.66871928904155e-08,-0.692414350222423,81.1970122029827,0.49065267409879,-4.47555100989851e-08,2.16466064544786e-08,"s__GGB9696_SGB15212"
"fixed",NA,"ResponseResponder:Days2",1.42859360422666e-15,1.38029835689734e-10,1.03498899139305e-05,1.19317525521245,0.999993195944935,-1.20666614201445e-09,1.20666899920166e-09,"g__Weissella"
"fixed",NA,"ResponseResponder:Days2",6.45559767388496e-07,1.26459908730061e-06,0.510485713512964,41.2023925774752,0.612435477963472,-1.90796896704821e-06,3.1990885018252e-06,"g__GGB4605"
"fixed",NA,"ResponseResponder:Days2",1.42859360422666e-15,1.38029835689734e-10,1.03498899139305e-05,1.19317525521245,0.999993195944935,-1.20666614201445e-09,1.20666899920166e-09,"s__Weissella_confusa"
"fixed",NA,"ResponseResponder:Days2",7.59785264232463e-07,1.2683782642189e-06,0.599021037860782,40.662369827211,0.552481790407181,-1.80240269103817e-06,3.3219732195031e-06,"s__GGB4605_SGB6376"
"fixed",NA,"ResponseResponder:Days2",-3.37656196805212e-07,7.65459690313542e-07,-0.441115582019615,41.5449888352477,0.661416521260289,-1.88291778465134e-06,1.20760539104091e-06,"s__Eubacterium_sp_AF34_35BH"
"fixed",NA,"ResponseResponder:Days2",1.40869848941668e-06,1.8306629009912e-06,0.769501850206257,41.934536890816,0.445908443218014,-2.28589968631209e-06,5.10329666514545e-06,"g__Faecalitalea"
"fixed",NA,"ResponseResponder:Days2",-1.99677430395195e-08,2.19952365269776e-08,-0.907821246433458,51.6457494454465,0.368189363444247,-6.41116214124531e-08,2.41761353334141e-08,"g__Luoshenia"
"fixed",NA,"ResponseResponder:Days2",1.40869848941668e-06,1.8306629009912e-06,0.769501850206257,41.934536890816,0.445908443218014,-2.28589968631209e-06,5.10329666514545e-06,"s__Faecalitalea_cylindroides"
"fixed",NA,"ResponseResponder:Days2",-2.05941806677819e-08,6.99487820055491e-08,-0.294418002391352,73.1403396529547,0.769272503368192,-1.59997395863478e-07,1.18809034527914e-07,"s__Eubacterium_hominis"
"fixed",NA,"ResponseResponder:Days2",6.56166250896484e-08,3.27317335171994e-07,0.200467919168318,41.9765063322965,0.842082774663488,-5.94947453131412e-07,7.26180703310709e-07,"s__GGB9580_SGB14998"
"fixed",NA,"ResponseResponder:Days2",-1.99677430395195e-08,2.19952365269776e-08,-0.907821246433458,51.6457494454465,0.368189363444247,-6.41116214124531e-08,2.41761353334141e-08,"s__Luoshenia_tenuis"
"fixed",NA,"ResponseResponder:Days2",-2.02891873599805e-07,1.81952288910478e-07,-1.11508283195948,81.0204175606278,0.268111581137064,-5.64918471344304e-07,1.59134724144695e-07,"g__GGB3152"
"fixed",NA,"ResponseResponder:Days2",-2.02891873599805e-07,1.81952288910478e-07,-1.11508283195948,81.0204175606278,0.268111581137064,-5.64918471344304e-07,1.59134724144695e-07,"s__GGB3152_SGB4165"
"fixed",NA,"ResponseResponder:Days2",-7.51622168065397e-08,6.74050524829929e-08,-1.11508283189163,81.020417603387,0.268111581164229,-2.09276615515854e-07,5.89521819027747e-08,"s__Eubacteriales_unclassified_SGB15148"
"fixed",NA,"ResponseResponder:Days2",-4.76318091916357e-06,4.32581985569841e-06,-1.10110477968448,77.1137958679751,0.274276211989342,-1.33767858697199e-05,3.85042403139275e-06,"s__Turicibacter_bilis"
"fixed",NA,"ResponseResponder:Days2",3.00001810399896e-06,6.5743925206535e-06,0.456318678048867,74.8238400610953,0.649482634202173,-1.00973488168494e-05,1.60973850248473e-05,"g__GGB9613"
"fixed",NA,"ResponseResponder:Days2",3.00001810399896e-06,6.5743925206535e-06,0.456318678048867,74.8238400610953,0.649482634202173,-1.00973488168494e-05,1.60973850248473e-05,"s__GGB9613_SGB15048"
"fixed",NA,"ResponseResponder:Days2",1.55570334980665e-06,3.63721854597794e-06,0.427717864665284,42.0977786530035,0.671036660380667,-5.78399578828268e-06,8.89540248789599e-06,"g__GGB3277"
"fixed",NA,"ResponseResponder:Days2",1.55570334980665e-06,3.63721854597794e-06,0.427717864665284,42.0977786530035,0.671036660380667,-5.78399578828268e-06,8.89540248789599e-06,"s__GGB3277_SGB4327"
"fixed",NA,"ResponseResponder:Days2",-1.46304958938954e-15,8.88126911276279e-11,-1.64734293130142e-05,0.600129675464108,0.999990660413999,-6.01975668309327e-09,6.01975375699409e-09,"s__Veillonella_rogosae"
"fixed",NA,"ResponseResponder:Days2",-1.78647077497976e-07,3.3640147994712e-07,-0.531053185396383,61.8214644103977,0.597284751395998,-8.51142686712138e-07,4.93848531716187e-07,"s__Lachnospiraceae_bacterium_OF09_6"
"fixed",NA,"ResponseResponder:Days2",6.10177417425868e-06,3.72532313525576e-06,1.63791809534927,79.0850071089635,0.105411772053345,-1.3131721169967e-06,1.35167204655141e-05,"c__CFGB79093"
"fixed",NA,"ResponseResponder:Days2",3.20164803272171e-07,1.9738493927095e-07,1.62203258493132,81.4993467871008,0.108658836841614,-7.25328365642211e-08,7.12862443108563e-07,"c__CFGB77220"
"fixed",NA,"ResponseResponder:Days2",7.75115535349642e-08,5.09560332645886e-08,1.52114575191688,82.0000000000329,0.132070206886781,-2.38562290363498e-08,1.78879336106278e-07,"c__CFGB1262"
"fixed",NA,"ResponseResponder:Days2",6.10177417425868e-06,3.72532313525576e-06,1.63791809534927,79.0850071089635,0.105411772053345,-1.3131721169967e-06,1.35167204655141e-05,"o__OFGB79093"
"fixed",NA,"ResponseResponder:Days2",3.20164803272171e-07,1.9738493927095e-07,1.62203258493132,81.4993467871008,0.108658836841614,-7.25328365642211e-08,7.12862443108563e-07,"o__OFGB77220"
"fixed",NA,"ResponseResponder:Days2",7.75115535349642e-08,5.09560332645886e-08,1.52114575191688,82.0000000000329,0.132070206886781,-2.38562290363498e-08,1.78879336106278e-07,"o__OFGB1262"
"fixed",NA,"ResponseResponder:Days2",6.10177417425868e-06,3.72532313525576e-06,1.63791809534927,79.0850071089635,0.105411772053345,-1.3131721169967e-06,1.35167204655141e-05,"f__FGB79093"
"fixed",NA,"ResponseResponder:Days2",3.20164803272171e-07,1.9738493927095e-07,1.62203258493132,81.4993467871008,0.108658836841614,-7.25328365642211e-08,7.12862443108563e-07,"f__FGB77220"
"fixed",NA,"ResponseResponder:Days2",7.75115535349642e-08,5.09560332645886e-08,1.52114575191688,82.0000000000329,0.132070206886781,-2.38562290363498e-08,1.78879336106278e-07,"f__FGB1262"
"fixed",NA,"ResponseResponder:Days2",6.10177417425868e-06,3.72532313525576e-06,1.63791809534927,79.0850071089635,0.105411772053345,-1.3131721169967e-06,1.35167204655141e-05,"g__GGB4751"
"fixed",NA,"ResponseResponder:Days2",3.74877280150039e-06,2.43130288269306e-06,1.54187815437788,75.1604897031339,0.127303226653134,-1.09446139845912e-06,8.59200700145991e-06,"g__GGB4769"
"fixed",NA,"ResponseResponder:Days2",-2.79566934069155e-06,6.53286686808065e-06,-0.427939126442494,48.1881413017178,0.670601997751883,-1.5929553788307e-05,1.03382151069239e-05,"g__GGB4456"
"fixed",NA,"ResponseResponder:Days2",3.20164803272171e-07,1.9738493927095e-07,1.62203258493132,81.4993467871008,0.108658836841614,-7.25328365642211e-08,7.12862443108563e-07,"g__GGB4773"
"fixed",NA,"ResponseResponder:Days2",7.75115535349642e-08,5.09560332645886e-08,1.52114575191688,82.0000000000329,0.132070206886781,-2.38562290363498e-08,1.78879336106278e-07,"g__GGB3061"
"fixed",NA,"ResponseResponder:Days2",6.10177417425868e-06,3.72532313525576e-06,1.63791809534927,79.0850071089635,0.105411772053345,-1.3131721169967e-06,1.35167204655141e-05,"s__GGB4751_SGB6580"
"fixed",NA,"ResponseResponder:Days2",3.74877280150039e-06,2.43130288269306e-06,1.54187815437788,75.1604897031339,0.127303226653134,-1.09446139845912e-06,8.59200700145991e-06,"s__GGB4769_SGB6602"
"fixed",NA,"ResponseResponder:Days2",-2.79566934069155e-06,6.53286686808065e-06,-0.427939126442494,48.1881413017178,0.670601997751883,-1.5929553788307e-05,1.03382151069239e-05,"s__GGB4456_SGB6141"
"fixed",NA,"ResponseResponder:Days2",3.20164803272171e-07,1.9738493927095e-07,1.62203258493132,81.4993467871008,0.108658836841614,-7.25328365642211e-08,7.12862443108563e-07,"s__GGB4773_SGB6607"
"fixed",NA,"ResponseResponder:Days2",7.75115535349642e-08,5.09560332645886e-08,1.52114575191688,82.0000000000329,0.132070206886781,-2.38562290363498e-08,1.78879336106278e-07,"s__GGB3061_SGB4063"
"fixed",NA,"ResponseResponder:Days2",7.39898444331213e-07,9.72888248568157e-07,0.76051740312431,81.9999999997714,0.449126677552154,-1.1954862025656e-06,2.67528309122803e-06,"g__GGB9445"
"fixed",NA,"ResponseResponder:Days2",-1.19418802677877e-06,1.17178798277047e-06,-1.01911612368249,57.7418817738789,0.312398956091063,-3.53999978512328e-06,1.15162373156574e-06,"s__Clostridiaceae_unclassified_SGB4771"
"fixed",NA,"ResponseResponder:Days2",7.39898444331213e-07,9.72888248568157e-07,0.76051740312431,81.9999999997714,0.449126677552154,-1.1954862025656e-06,2.67528309122803e-06,"s__GGB9445_SGB14835"
"fixed",NA,"ResponseResponder:Days2",-5.43838261208356e-08,1.32002681730583e-07,-0.411990312680411,41.2216339632389,0.682481142010173,-3.20925127749715e-07,2.12157475508044e-07,"s__Oscillospiraceae_bacterium_Marseille_Q3528"
"fixed",NA,"ResponseResponder:Days2",-2.31427754093149e-07,4.31869311110536e-06,-0.0535874506799386,63.6939592626122,0.957431579071187,-8.85980749650516e-06,8.39695198831887e-06,"c__CFGB11739"
"fixed",NA,"ResponseResponder:Days2",-2.31427754093149e-07,4.31869311110536e-06,-0.0535874506799386,63.6939592626122,0.957431579071187,-8.85980749650516e-06,8.39695198831887e-06,"o__OFGB11739"
"fixed",NA,"ResponseResponder:Days2",-2.31427754093149e-07,4.31869311110536e-06,-0.0535874506799386,63.6939592626122,0.957431579071187,-8.85980749650516e-06,8.39695198831887e-06,"f__FGB11739"
"fixed",NA,"ResponseResponder:Days2",-2.31427754093149e-07,4.31869311110536e-06,-0.0535874506799386,63.6939592626122,0.957431579071187,-8.85980749650516e-06,8.39695198831887e-06,"g__GGB34231"
"fixed",NA,"ResponseResponder:Days2",4.00292055121043e-07,8.24145010155925e-07,0.485705852960645,73.1427892288239,0.628627589000605,-1.24217256276114e-06,2.04275667300322e-06,"s__Pseudomonas_fragi"
"fixed",NA,"ResponseResponder:Days2",-2.31427754093149e-07,4.31869311110536e-06,-0.0535874506799386,63.6939592626122,0.957431579071187,-8.85980749650516e-06,8.39695198831887e-06,"s__GGB34231_SGB47113"
"fixed",NA,"ResponseResponder:Days2",-4.35167785433262e-08,4.0822169954567e-08,-1.06600846039684,55.3987078318283,0.29104375706796,-1.25313003120688e-07,3.82794460340358e-08,"g__Diplocloster"
"fixed",NA,"ResponseResponder:Days2",4.51785723344009e-09,1.0797879354818e-08,0.418402270018346,75.5707610168411,0.676839684719827,-1.69899589281386e-08,2.60256733950188e-08,"s__Diplocloster_agilis"
"fixed",NA,"ResponseResponder:Days2",-3.15674202706708e-08,1.57150880611773e-07,-0.200873327262194,72.9902108919799,0.841356321811475,-3.44769381324043e-07,2.81634540782702e-07,"g__GGB32387"
"fixed",NA,"ResponseResponder:Days2",-3.73394404247129e-07,1.13488292627401e-06,-0.329015791499339,47.7295201824122,0.743583128383497,-2.65556356963964e-06,1.90877476114538e-06,"g__GGB9361"
"fixed",NA,"ResponseResponder:Days2",9.43308738915977e-06,7.83616520310138e-06,1.20378873398769,81.3340222045017,0.232163093408686,-6.15745273487174e-06,2.50236275131913e-05,"s__GGB9545_SGB14951"
"fixed",NA,"ResponseResponder:Days2",-3.15674202706708e-08,1.57150880611773e-07,-0.200873327262194,72.9902108919799,0.841356321811475,-3.44769381324043e-07,2.81634540782702e-07,"s__GGB32387_SGB47381"
"fixed",NA,"ResponseResponder:Days2",-3.73394404247129e-07,1.13488292627401e-06,-0.329015791499339,47.7295201824122,0.743583128383497,-2.65556356963964e-06,1.90877476114538e-06,"s__GGB9361_SGB14336"
"fixed",NA,"ResponseResponder:Days2",3.56401992350596e-06,9.81074572307106e-06,0.363277168128491,74.0643263262372,0.71743265697641,-1.59840355487443e-05,2.31120753957563e-05,"g__Caproicibacterium"
"fixed",NA,"ResponseResponder:Days2",2.23512431533212e-06,2.63435835207658e-06,0.848451127983497,74.6787952392762,0.398898199512821,-3.01315663243806e-06,7.4834052631023e-06,"g__Leuconostoc"
"fixed",NA,"ResponseResponder:Days2",3.58309246473266e-07,9.86324650184029e-07,0.363277189114571,74.064326173562,0.717432641369095,-1.60695715837956e-06,2.32357565132609e-06,"g__Candidatus_Galacturonibacter"
"fixed",NA,"ResponseResponder:Days2",2.85382583919775e-07,7.85578090150519e-07,0.363277168110805,74.0643260945518,0.717432656992795,-1.27989334089924e-06,1.85065850873879e-06,"g__Terrisporobacter"
"fixed",NA,"ResponseResponder:Days2",2.73035746838949e-08,7.51590715866724e-08,0.363277168111488,74.0643260391099,0.717432656993061,-1.22451983373087e-07,1.77059132740877e-07,"g__Luxibacter"
"fixed",NA,"ResponseResponder:Days2",5.73580848986158e-06,1.57890695955676e-05,0.363277168115833,74.0643262351228,0.717432656987095,-2.57241454247388e-05,3.7195762404462e-05,"s__Oscillibacter_ruminantium"
"fixed",NA,"ResponseResponder:Days2",3.56401992350596e-06,9.81074572307106e-06,0.363277168128491,74.0643263262372,0.71743265697641,-1.59840355487443e-05,2.31120753957563e-05,"s__Caproicibacterium_amylolyticum"
"fixed",NA,"ResponseResponder:Days2",2.53883105802786e-06,6.98868834640516e-06,0.363277189107135,74.064326001048,0.717432641377031,-1.13862334926198e-05,1.64638956086755e-05,"s__GGB9480_SGB14876"
"fixed",NA,"ResponseResponder:Days2",1.06947907262635e-06,1.96426771398693e-06,0.544467062718042,48.084159726559,0.588636332340441,-2.87976729553815e-06,5.01872544079084e-06,"s__Lachnoclostridium_phytofermentans"
"fixed",NA,"ResponseResponder:Days2",1.04325754306687e-06,2.87179496689248e-06,0.363277168145386,74.0643263138819,0.717432656964015,-4.67883626126893e-06,6.76535134740268e-06,"s__Clostridium_sporosphaeroides"
"fixed",NA,"ResponseResponder:Days2",8.15844908460317e-07,2.24579173395773e-06,0.363277189119653,74.0643260939442,0.717432641366425,-3.65892822663124e-06,5.29061804355187e-06,"s__Lachnospiraceae_bacterium_MD329"
"fixed",NA,"ResponseResponder:Days2",6.68034152652497e-07,1.8389103728282e-06,0.363277168111829,74.0643262884735,0.71743265698933,-2.99602187239694e-06,4.33209017770193e-06,"s__Leuconostoc_lactis"
"fixed",NA,"ResponseResponder:Days2",3.58309246473266e-07,9.86324650184029e-07,0.363277189114571,74.064326173562,0.717432641369095,-1.60695715837956e-06,2.32357565132609e-06,"s__Candidatus_Galacturonibacter_soehngenii"
"fixed",NA,"ResponseResponder:Days2",3.21746461565405e-07,9.76708915254604e-07,0.329418987110949,74.921911048384,0.742758191301618,-1.62399071271004e-06,2.26748363584085e-06,"s__Lacticaseibacillus_paracasei"
"fixed",NA,"ResponseResponder:Days2",2.85382583919775e-07,7.85578090150519e-07,0.363277168110805,74.0643260945518,0.717432656992795,-1.27989334089924e-06,1.85065850873879e-06,"s__Terrisporobacter_mayombei"
"fixed",NA,"ResponseResponder:Days2",1.60411423434038e-06,1.83414356399827e-06,0.874584883008586,69.6815757702433,0.384804306830883,-2.05426367177687e-06,5.26249214045764e-06,"s__Streptococcus_anginosus"
"fixed",NA,"ResponseResponder:Days2",8.57753844315534e-08,2.36115539232595e-07,0.363277168077689,74.0643261528919,0.717432657016614,-3.8468830805864e-07,5.56239076921747e-07,"s__Clostridium_cuniculi"
"fixed",NA,"ResponseResponder:Days2",2.73035746838949e-08,7.51590715866724e-08,0.363277168111488,74.0643260391099,0.717432656993061,-1.22451983373087e-07,1.77059132740877e-07,"s__Luxibacter_massiliensis"
"fixed",NA,"ResponseResponder:Days2",2.78772800409916e-07,3.66556766833579e-07,0.76051740312431,81.9999999969568,0.449126677552229,-4.5042537809651e-07,1.00797097891634e-06,"c__CFGB9583"
"fixed",NA,"ResponseResponder:Days2",2.78772800409916e-07,3.66556766833579e-07,0.76051740312431,81.9999999969568,0.449126677552229,-4.5042537809651e-07,1.00797097891634e-06,"o__OFGB9583"
"fixed",NA,"ResponseResponder:Days2",2.78772800409916e-07,3.66556766833579e-07,0.76051740312431,81.9999999969568,0.449126677552229,-4.5042537809651e-07,1.00797097891634e-06,"f__FGB9583"
"fixed",NA,"ResponseResponder:Days2",-1.95532546837868e-06,3.26730735623724e-06,-0.598451646933673,42.064834909319,0.552747661725123,-8.54871758489691e-06,4.63806664813955e-06,"g__GGB6572"
"fixed",NA,"ResponseResponder:Days2",2.78772800409916e-07,3.66556766833579e-07,0.76051740312431,81.9999999969568,0.449126677552229,-4.5042537809651e-07,1.00797097891634e-06,"g__GGB3490"
"fixed",NA,"ResponseResponder:Days2",-1.95532546837868e-06,3.26730735623724e-06,-0.598451646933673,42.064834909319,0.552747661725123,-8.54871758489691e-06,4.63806664813955e-06,"s__GGB6572_SGB9284"
"fixed",NA,"ResponseResponder:Days2",2.78772800409916e-07,3.66556766833579e-07,0.76051740312431,81.9999999969568,0.449126677552229,-4.5042537809651e-07,1.00797097891634e-06,"s__GGB3490_SGB4664"
"fixed",NA,"ResponseResponder:Days2",-1.35494793506327e-16,1.50481292605965e-11,-9.00409553638804e-06,0.0294966658756209,0.999998484348714,-1.6756867150231e+32,1.6756867150231e+32,"s__GGB3321_SGB4395"
"fixed",NA,"ResponseResponder:Days2",3.16137580040564e-07,3.71748007779431e-07,0.850408269647373,41.9208432813971,0.399929381415026,-4.3412224321853e-07,1.06639740329966e-06,"c__CFGB75783"
"fixed",NA,"ResponseResponder:Days2",1.46103199799082e-07,9.42763361364456e-08,1.54973353639483,82.0000000008454,0.12505659329829,-4.14424651759658e-08,3.33648864774129e-07,"c__CFGB77508"
"fixed",NA,"ResponseResponder:Days2",3.16137580040564e-07,3.71748007779431e-07,0.850408269647373,41.9208432813971,0.399929381415026,-4.3412224321853e-07,1.06639740329966e-06,"o__OFGB75783"
"fixed",NA,"ResponseResponder:Days2",1.46103199799082e-07,9.42763361364456e-08,1.54973353639483,82.0000000008454,0.12505659329829,-4.14424651759658e-08,3.33648864774129e-07,"o__OFGB77508"
"fixed",NA,"ResponseResponder:Days2",3.16137580040564e-07,3.71748007779431e-07,0.850408269647373,41.9208432813971,0.399929381415026,-4.3412224321853e-07,1.06639740329966e-06,"f__FGB75783"
"fixed",NA,"ResponseResponder:Days2",1.46103199799082e-07,9.42763361364456e-08,1.54973353639483,82.0000000008454,0.12505659329829,-4.14424651759658e-08,3.33648864774129e-07,"f__FGB77508"
"fixed",NA,"ResponseResponder:Days2",3.16137580040564e-07,3.71748007779431e-07,0.850408269647373,41.9208432813971,0.399929381415026,-4.3412224321853e-07,1.06639740329966e-06,"g__GGB79420"
"fixed",NA,"ResponseResponder:Days2",1.46103199799082e-07,9.42763361364456e-08,1.54973353639483,82.0000000008454,0.12505659329829,-4.14424651759658e-08,3.33648864774129e-07,"g__GGB3257"
"fixed",NA,"ResponseResponder:Days2",3.16137580040564e-07,3.71748007779431e-07,0.850408269647373,41.9208432813971,0.399929381415026,-4.3412224321853e-07,1.06639740329966e-06,"s__GGB79420_SGB105987"
"fixed",NA,"ResponseResponder:Days2",1.46103199799082e-07,9.42763361364456e-08,1.54973353639483,82.0000000008454,0.12505659329829,-4.14424651759658e-08,3.33648864774129e-07,"s__GGB3257_SGB4304"
"fixed",NA,"ResponseResponder:Days2",2.21398096473024e-14,1.94831697548009e-09,1.13635563031764e-05,100516.387382671,0.999990933216421,-3.81865494506187e-09,3.81869922468117e-09,"g__GGB1154"
"fixed",NA,"ResponseResponder:Days2",2.99228608106644e-06,3.29276504642021e-06,0.908745701221398,41.9939318883375,0.368670437692085,-3.65281125841461e-06,9.6373834205475e-06,"s__GGB9715_SGB15266"
"fixed",NA,"ResponseResponder:Days2",2.21398096473024e-14,1.94831697548009e-09,1.13635563031764e-05,100516.387382671,0.999990933216421,-3.81865494506187e-09,3.81869922468117e-09,"s__GGB1154_SGB1482"
"fixed",NA,"ResponseResponder:Days2",9.33199924490735e-09,3.12902923646367e-07,0.0298239439125665,38.324836802992,0.976362234703787,-6.2393058614385e-07,6.42594584633665e-07,"g__GGB3534"
"fixed",NA,"ResponseResponder:Days2",-4.05742242610599e-08,4.04554844633102e-08,-1.00293507294066,82.0000000000872,0.318842641090588,-1.21053070241872e-07,3.99046217197521e-08,"g__GGB45656"
"fixed",NA,"ResponseResponder:Days2",9.33199924490735e-09,3.12902923646367e-07,0.0298239439125665,38.324836802992,0.976362234703787,-6.2393058614385e-07,6.42594584633665e-07,"s__GGB3534_SGB4722"
"fixed",NA,"ResponseResponder:Days2",-4.05742242610599e-08,4.04554844633102e-08,-1.00293507294066,82.0000000000872,0.318842641090588,-1.21053070241872e-07,3.99046217197521e-08,"s__GGB45656_SGB63370"
"fixed",NA,"ResponseResponder:Days2",-3.30156750520827e-21,1.47649468231261e-13,-2.23608492787598e-08,5.91377082163593e-06,0.999999999945623,-Inf,Inf,"s__GGB4605_SGB6378"
"fixed",NA,"ResponseResponder:Days2",-3.68734190342737e-08,2.44873318544772e-08,-1.50581611967381,79.0005106131485,0.136102496944472,-8.56142289736442e-08,1.18673909050968e-08,"s__Oscillibacter_sp_PC13"
"fixed",NA,"ResponseResponder:Days2",-1.20069613416225e-07,1.79162726350636e-07,-0.670170720561811,81.4306911125427,0.504645105681106,-4.76518660152501e-07,2.36379433320052e-07,"c__CFGB3071"
"fixed",NA,"ResponseResponder:Days2",-1.20069613416225e-07,1.79162726350636e-07,-0.670170720561811,81.4306911125427,0.504645105681106,-4.76518660152501e-07,2.36379433320052e-07,"o__OFGB3071"
"fixed",NA,"ResponseResponder:Days2",-1.20069613416225e-07,1.79162726350636e-07,-0.670170720561811,81.4306911125427,0.504645105681106,-4.76518660152501e-07,2.36379433320052e-07,"f__FGB3071"
"fixed",NA,"ResponseResponder:Days2",-4.1467342525604e-06,7.95641918948817e-06,-0.521180967694484,79.5494581506295,0.603688608628504,-1.99818898473838e-05,1.1688421342263e-05,"g__Bariatricus"
"fixed",NA,"ResponseResponder:Days2",-7.8164898977878e-07,6.92728517246816e-07,-1.12836265624717,81.323045427694,0.262484631362945,-2.1598784514949e-06,5.96580471937341e-07,"g__Lactonifactor"
"fixed",NA,"ResponseResponder:Days2",-3.71121237814694e-08,7.07461903324765e-07,-0.0524581233378907,65.974051827578,0.958322178757144,-1.44961575721642e-06,1.37539150965348e-06,"g__GGB9769"
"fixed",NA,"ResponseResponder:Days2",-1.20069613416225e-07,1.79162726350636e-07,-0.670170720561811,81.4306911125427,0.504645105681106,-4.76518660152501e-07,2.36379433320052e-07,"g__GGB34197"
"fixed",NA,"ResponseResponder:Days2",-3.43856947421049e-08,5.13088585963614e-08,-0.670170720666614,81.4306915452273,0.504645105604599,-1.36466044303995e-07,6.76946548197848e-08,"g__GGB3538"
"fixed",NA,"ResponseResponder:Days2",-5.93027947508094e-05,9.98426337141987e-05,-0.59396264446073,64.2453503528626,0.554622843504064,-0.000258746715786041,0.000140141126284422,"s__GGB4567_SGB6307"
"fixed",NA,"ResponseResponder:Days2",-2.20626839797768e-05,3.29255219538667e-05,-0.670078488374149,74.3628267622998,0.504883329883846,-8.76629002956514e-05,4.35375323360977e-05,"s__Eubacterium_coprostanoligenes"
"fixed",NA,"ResponseResponder:Days2",-1.13848313606431e-05,1.68083061578302e-05,-0.677333650026326,72.2942286144661,0.500356131846458,-4.48892476357288e-05,2.21195849144426e-05,"s__Desulfovibrio_sp_86"
"fixed",NA,"ResponseResponder:Days2",-4.1467342525604e-06,7.95641918948817e-06,-0.521180967694484,79.5494581506295,0.603688608628504,-1.99818898473838e-05,1.1688421342263e-05,"s__Bariatricus_massiliensis"
"fixed",NA,"ResponseResponder:Days2",-7.8164898977878e-07,6.92728517246816e-07,-1.12836265624717,81.323045427694,0.262484631362945,-2.1598784514949e-06,5.96580471937341e-07,"s__Lactonifactor_longoviformis"
"fixed",NA,"ResponseResponder:Days2",-5.99124590835232e-07,8.9105166593229e-07,-0.672379182646362,77.3910254794407,0.503344894370232,-2.37329208082447e-06,1.17504289915401e-06,"s__Actinomyces_sp_ICM47"
"fixed",NA,"ResponseResponder:Days2",-3.24536141826364e-06,4.96722832655575e-06,-0.65335458829491,74.1858122931179,0.515547625370576,-1.31423680212044e-05,6.65164518467713e-06,"s__Clostridium_sp_NSJ_42"
"fixed",NA,"ResponseResponder:Days2",-3.71121237814694e-08,7.07461903324765e-07,-0.0524581233378907,65.974051827578,0.958322178757144,-1.44961575721642e-06,1.37539150965348e-06,"s__GGB9769_SGB15388"
"fixed",NA,"ResponseResponder:Days2",-2.4471775686813e-07,3.65157338761147e-07,-0.670170720649824,81.4306912908784,0.504645105621154,-9.71208070769328e-07,4.81772557033068e-07,"s__Clostridium_thermobutyricum"
"fixed",NA,"ResponseResponder:Days2",-2.06314168439975e-07,3.07853151579562e-07,-0.670170720622473,81.430691422986,0.504645105635428,-8.1879626582795e-07,4.06167928948e-07,"s__Ruminococcus_gauvreauii"
"fixed",NA,"ResponseResponder:Days2",-1.20069613416225e-07,1.79162726350636e-07,-0.670170720561811,81.4306911125427,0.504645105681106,-4.76518660152501e-07,2.36379433320052e-07,"s__GGB34197_SGB53486"
"fixed",NA,"ResponseResponder:Days2",-4.70000121041913e-08,7.01314018317202e-08,-0.670170720627651,81.4306913370117,0.504645105634142,-1.86528315994994e-07,9.25282917866118e-08,"s__Christensenella_hongkongensis"
"fixed",NA,"ResponseResponder:Days2",-3.43856947421049e-08,5.13088585963614e-08,-0.670170720666614,81.4306915452273,0.504645105604599,-1.36466044303995e-07,6.76946548197848e-08,"s__GGB3538_SGB4728"
"fixed",NA,"ResponseResponder:Days2",7.15304773541559e-07,7.78154331598114e-07,0.919232528170243,42.2273993209078,0.363195262821523,-8.54823743604009e-07,2.28543329068713e-06,"c__CFGB2964"
"fixed",NA,"ResponseResponder:Days2",7.15304773541559e-07,7.78154331598114e-07,0.919232528170243,42.2273993209078,0.363195262821523,-8.54823743604009e-07,2.28543329068713e-06,"o__OFGB2964"
"fixed",NA,"ResponseResponder:Days2",7.15304773541559e-07,7.78154331598114e-07,0.919232528170243,42.2273993209078,0.363195262821523,-8.54823743604009e-07,2.28543329068713e-06,"f__FGB2964"
"fixed",NA,"ResponseResponder:Days2",2.26348866947288e-05,2.44240049396219e-05,0.926747548188106,45.7752366978326,0.358918294840248,-2.65346004361359e-05,7.18043738255935e-05,"g__GGB4386"
"fixed",NA,"ResponseResponder:Days2",-3.96919845218337e-06,4.49710452048244e-06,-0.882612008261166,42.4006311642165,0.382422637987629,-1.30421829706524e-05,5.10378606628564e-06,"g__GGB4249"
"fixed",NA,"ResponseResponder:Days2",7.15304773541559e-07,7.78154331598114e-07,0.919232528170243,42.2273993209078,0.363195262821523,-8.54823743604009e-07,2.28543329068713e-06,"g__GGB9309"
"fixed",NA,"ResponseResponder:Days2",2.26348866947288e-05,2.44240049396219e-05,0.926747548188106,45.7752366978326,0.358918294840248,-2.65346004361359e-05,7.18043738255935e-05,"s__GGB4386_SGB6036"
"fixed",NA,"ResponseResponder:Days2",-1.02487109604921e-05,1.17895963339703e-05,-0.869301261058596,63.1171035884566,0.387976169943949,-3.38074838787481e-05,1.33100619577638e-05,"s__Blautia_faecicola"
"fixed",NA,"ResponseResponder:Days2",-3.96919845218337e-06,4.49710452048244e-06,-0.882612008261166,42.4006311642165,0.382422637987629,-1.30421829706524e-05,5.10378606628564e-06,"s__GGB4249_SGB5749"
"fixed",NA,"ResponseResponder:Days2",7.15304773541559e-07,7.78154331598114e-07,0.919232528170243,42.2273993209078,0.363195262821523,-8.54823743604009e-07,2.28543329068713e-06,"s__GGB9309_SGB14270"
"fixed",NA,"ResponseResponder:Days2",-7.8820920904633e-07,5.69927501423879e-07,-1.38299907808819,80.4009511161527,0.170493969352146,-1.92231425903633e-06,3.45895840943671e-07,"c__CFGB2959"
"fixed",NA,"ResponseResponder:Days2",-7.8820920904633e-07,5.69927501423879e-07,-1.38299907808819,80.4009511161527,0.170493969352146,-1.92231425903633e-06,3.45895840943671e-07,"o__OFGB2959"
"fixed",NA,"ResponseResponder:Days2",-7.8820920904633e-07,5.69927501423879e-07,-1.38299907808819,80.4009511161527,0.170493969352146,-1.92231425903633e-06,3.45895840943671e-07,"f__FGB2959"
"fixed",NA,"ResponseResponder:Days2",-9.85951515671205e-06,1.18949765626858e-05,-0.828880587090944,81.9999999979443,0.409578237365093,-3.35224127695765e-05,1.38033824561524e-05,"g__Citrobacter"
"fixed",NA,"ResponseResponder:Days2",-1.25932719256997e-06,2.321753929532e-06,-0.542403385885004,38.998846976088,0.590626936214191,-5.95552222366815e-06,3.43686783852821e-06,"g__GGB9359"
"fixed",NA,"ResponseResponder:Days2",-7.8820920904633e-07,5.69927501423879e-07,-1.38299907808819,80.4009511161527,0.170493969352146,-1.92231425903633e-06,3.45895840943671e-07,"g__GGB9301"
"fixed",NA,"ResponseResponder:Days2",-1.08066096861796e-08,3.21915733701759e-08,-0.335696847181488,40.4156466878461,0.738835979884926,-7.58473697114333e-08,5.42341503390741e-08,"g__Ligaoa"
"fixed",NA,"ResponseResponder:Days2",-5.13397378937251e-06,6.19386419386513e-06,-0.828880587090945,81.9999999982517,0.409578237365083,-1.74555427706161e-05,7.18759519187108e-06,"s__Citrobacter_braakii"
"fixed",NA,"ResponseResponder:Days2",-4.83512079764108e-06,5.83331407797896e-06,-0.828880587090945,81.9999999997157,0.409578237365041,-1.64394407425712e-05,6.76919914728909e-06,"s__Enterobacter_kobei"
"fixed",NA,"ResponseResponder:Days2",-4.72554136733956e-06,5.70111236882071e-06,-0.828880587090946,81.9999999972067,0.409578237365114,-1.60668699989612e-05,6.6157872642821e-06,"s__Citrobacter_portucalensis"
"fixed",NA,"ResponseResponder:Days2",-3.20795656729257e-06,3.70298695362095e-06,-0.86631592481191,81.999999998852,0.388844727783236,-1.05743772309669e-05,4.15846409638176e-06,"s__Klebsiella_michiganensis"
"fixed",NA,"ResponseResponder:Days2",-1.25932719256997e-06,2.321753929532e-06,-0.542403385885004,38.998846976088,0.590626936214191,-5.95552222366815e-06,3.43686783852821e-06,"s__GGB9359_SGB14334"
"fixed",NA,"ResponseResponder:Days2",-5.26599581981939e-07,6.35314169716657e-07,-0.828880587090945,82.0000000001371,0.409578237365028,-1.79044184941107e-06,7.37242685447188e-07,"s__Alistipes_provencensis"
"fixed",NA,"ResponseResponder:Days2",-7.8820920904633e-07,5.69927501423879e-07,-1.38299907808819,80.4009511161527,0.170493969352146,-1.92231425903633e-06,3.45895840943671e-07,"s__GGB9301_SGB14262"
"fixed",NA,"ResponseResponder:Days2",-1.08066096861796e-08,3.21915733701759e-08,-0.335696847181488,40.4156466878461,0.738835979884926,-7.58473697114333e-08,5.42341503390741e-08,"s__Ligaoa_zhengdingensis"
"fixed",NA,"ResponseResponder:Days2",-8.04840551358134e-08,7.72337079386738e-08,-1.04208456752744,81.9999999998868,0.300435134637661,-2.34126503574686e-07,7.31583933030597e-08,"g__GGB45432"
"fixed",NA,"ResponseResponder:Days2",-8.04840551358134e-08,7.72337079386738e-08,-1.04208456752744,81.9999999998868,0.300435134637661,-2.34126503574686e-07,7.31583933030597e-08,"s__GGB45432_SGB63101"
"fixed",NA,"ResponseResponder:Days2",-1.22513121275123e-05,1.27663480639254e-05,-0.959656752750739,73.4576628673122,0.340376111956258,-3.76919368199993e-05,1.31893125649746e-05,"g__Amedibacterium"
"fixed",NA,"ResponseResponder:Days2",-1.22513121275123e-05,1.27663480639254e-05,-0.959656752750739,73.4576628673122,0.340376111956258,-3.76919368199993e-05,1.31893125649746e-05,"s__Amedibacterium_intestinale"
"fixed",NA,"ResponseResponder:Days2",-3.39571964256779e-06,5.75198271981345e-06,-0.590356370659946,51.8280190271201,0.557517248394793,-1.49388291156051e-05,8.14738983046952e-06,"g__GGB4585"
"fixed",NA,"ResponseResponder:Days2",5.12865082908883e-07,8.64608944942241e-07,0.593175777221625,68.4649133478976,0.555018019239238,-1.21222309424017e-06,2.23795326005793e-06,"g__Paratractidigestivibacter"
"fixed",NA,"ResponseResponder:Days2",-3.398443423742e-06,6.79928458307383e-06,-0.499823677361895,77.0590479173604,0.618623505072619,-1.69373831724903e-05,1.01404963250063e-05,"g__GGB3340"
"fixed",NA,"ResponseResponder:Days2",4.08010192656678e-06,3.6864369264218e-06,1.10678739606894,69.760066018471,0.272187852422486,-3.27270930228189e-06,1.14329131554155e-05,"g__Enteroscipio"
"fixed",NA,"ResponseResponder:Days2",2.99127187507226e-06,2.17164835310472e-06,1.37742000024809,76.0209054293752,0.172424407872437,-1.33392143259868e-06,7.31646518274321e-06,"g__GGB25442"
"fixed",NA,"ResponseResponder:Days2",4.3329037546782e-07,5.70257468056678e-07,0.75981534611793,71.188949280582,0.449873913108137,-7.03718423589734e-07,1.57029917452537e-06,"g__GGB3352"
"fixed",NA,"ResponseResponder:Days2",1.49695103955852e-05,1.59370994141239e-05,0.939287006161162,58.1900585567545,0.351466111517121,-1.69298418318441e-05,4.68688626230146e-05,"s__Alistipes_montrealensis"
"fixed",NA,"ResponseResponder:Days2",-3.39571964256779e-06,5.75198271981345e-06,-0.590356370659946,51.8280190271201,0.557517248394793,-1.49388291156051e-05,8.14738983046952e-06,"s__GGB4585_SGB6340"
"fixed",NA,"ResponseResponder:Days2",5.12865082908883e-07,8.64608944942241e-07,0.593175777221625,68.4649133478976,0.555018019239238,-1.21222309424017e-06,2.23795326005793e-06,"s__Paratractidigestivibacter_faecalis"
"fixed",NA,"ResponseResponder:Days2",-3.398443423742e-06,6.79928458307383e-06,-0.499823677361895,77.0590479173604,0.618623505072619,-1.69373831724903e-05,1.01404963250063e-05,"s__GGB3340_SGB4419"
"fixed",NA,"ResponseResponder:Days2",4.08010192656678e-06,3.6864369264218e-06,1.10678739606894,69.760066018471,0.272187852422486,-3.27270930228189e-06,1.14329131554155e-05,"s__Enteroscipio_rubneri"
"fixed",NA,"ResponseResponder:Days2",2.99127187507226e-06,2.17164835310472e-06,1.37742000024809,76.0209054293752,0.172424407872437,-1.33392143259868e-06,7.31646518274321e-06,"s__GGB25442_SGB37397"
"fixed",NA,"ResponseResponder:Days2",4.3329037546782e-07,5.70257468056678e-07,0.75981534611793,71.188949280582,0.449873913108137,-7.03718423589734e-07,1.57029917452537e-06,"s__GGB3352_SGB62935"
"fixed",NA,"ResponseResponder:Days2",1.51981066169423e-06,1.99839037930052e-06,0.760517403124308,81.9999999990235,0.449126677552176,-2.4556244042522e-06,5.49524572764066e-06,"c__CFGB58291"
"fixed",NA,"ResponseResponder:Days2",4.98899460193057e-08,6.56000057518092e-08,0.76051740312431,82.0000000005075,0.449126677552135,-8.06093627710221e-08,1.80389254809633e-07,"c__CFGB2924"
"fixed",NA,"ResponseResponder:Days2",4.38827892537158e-08,5.77012295490403e-08,0.760517403124309,81.9999999981265,0.449126677552198,-7.09033374578265e-08,1.58668915965258e-07,"c__CFGB38791"
"fixed",NA,"ResponseResponder:Days2",1.51981066169423e-06,1.99839037930052e-06,0.760517403124308,81.9999999990235,0.449126677552176,-2.4556244042522e-06,5.49524572764066e-06,"o__OFGB58291"
"fixed",NA,"ResponseResponder:Days2",4.98899460193057e-08,6.56000057518092e-08,0.76051740312431,82.0000000005075,0.449126677552135,-8.06093627710221e-08,1.80389254809633e-07,"o__OFGB2924"
"fixed",NA,"ResponseResponder:Days2",4.38827892537158e-08,5.77012295490403e-08,0.760517403124309,81.9999999981265,0.449126677552198,-7.09033374578265e-08,1.58668915965258e-07,"o__OFGB38791"
"fixed",NA,"ResponseResponder:Days2",1.51981066169423e-06,1.99839037930052e-06,0.760517403124308,81.9999999990235,0.449126677552176,-2.4556244042522e-06,5.49524572764066e-06,"f__FGB58291"
"fixed",NA,"ResponseResponder:Days2",4.98899460193057e-08,6.56000057518092e-08,0.76051740312431,82.0000000005075,0.449126677552135,-8.06093627710221e-08,1.80389254809633e-07,"f__FGB2924"
"fixed",NA,"ResponseResponder:Days2",4.38827892537158e-08,5.77012295490403e-08,0.760517403124309,81.9999999981265,0.449126677552198,-7.09033374578265e-08,1.58668915965258e-07,"f__FGB38791"
"fixed",NA,"ResponseResponder:Days2",1.51981066169423e-06,1.99839037930052e-06,0.760517403124308,81.9999999990235,0.449126677552176,-2.4556244042522e-06,5.49524572764066e-06,"g__GGB9263"
"fixed",NA,"ResponseResponder:Days2",1.04331076910169e-06,1.37184338558936e-06,0.760517403124311,81.9999999992164,0.449126677552169,-1.68572273533669e-06,3.77234427354006e-06,"g__GGB3204"
"fixed",NA,"ResponseResponder:Days2",5.30462487266495e-08,6.97502101973318e-08,0.76051740312431,81.999999996587,0.449126677552239,-8.57091387831656e-08,1.91801636236465e-07,"g__GGB4584"
"fixed",NA,"ResponseResponder:Days2",4.98899460193057e-08,6.56000057518092e-08,0.76051740312431,82.0000000005075,0.449126677552135,-8.06093627710221e-08,1.80389254809633e-07,"g__GGB9247"
"fixed",NA,"ResponseResponder:Days2",4.38827892537158e-08,5.77012295490403e-08,0.760517403124309,81.9999999981265,0.449126677552198,-7.09033374578265e-08,1.58668915965258e-07,"g__GGB9252"
"fixed",NA,"ResponseResponder:Days2",4.2151913575495e-08,5.54253109821408e-08,0.760517403124309,81.999999997471,0.449126677552216,-6.81066860963941e-08,1.52410513247384e-07,"g__GGB9079"
"fixed",NA,"ResponseResponder:Days2",1.51981066169423e-06,1.99839037930052e-06,0.760517403124308,81.9999999990235,0.449126677552176,-2.4556244042522e-06,5.49524572764066e-06,"s__GGB9263_SGB14211"
"fixed",NA,"ResponseResponder:Days2",1.04331076910169e-06,1.37184338558936e-06,0.760517403124311,81.9999999992164,0.449126677552169,-1.68572273533669e-06,3.77234427354006e-06,"s__GGB3204_SGB4228"
"fixed",NA,"ResponseResponder:Days2",5.30462487266495e-08,6.97502101973318e-08,0.76051740312431,81.999999996587,0.449126677552239,-8.57091387831656e-08,1.91801636236465e-07,"s__GGB4584_SGB6338"
"fixed",NA,"ResponseResponder:Days2",4.98899460193057e-08,6.56000057518092e-08,0.76051740312431,82.0000000005075,0.449126677552135,-8.06093627710221e-08,1.80389254809633e-07,"s__GGB9247_SGB14190"
"fixed",NA,"ResponseResponder:Days2",4.38827892537158e-08,5.77012295490403e-08,0.760517403124309,81.9999999981265,0.449126677552198,-7.09033374578265e-08,1.58668915965258e-07,"s__GGB9252_SGB14196"
"fixed",NA,"ResponseResponder:Days2",4.2151913575495e-08,5.54253109821408e-08,0.760517403124309,81.999999997471,0.449126677552216,-6.81066860963941e-08,1.52410513247384e-07,"s__GGB9079_SGB14003"
"fixed",NA,"ResponseResponder:Days2",1.6941084952571e-07,2.30664528616191e-06,0.0734446906691911,58.7616746579205,0.941701694159805,-4.44656742154465e-06,4.78538912059607e-06,"c__CFGB1780"
"fixed",NA,"ResponseResponder:Days2",2.13484175235517e-08,1.27309206208071e-07,0.167689503056523,80.9600589472332,0.867245729647708,-2.31958863335778e-07,2.74655698382882e-07,"c__CFGB2930"
"fixed",NA,"ResponseResponder:Days2",1.91787095188109e-08,4.60572082971177e-08,0.416410595168684,34.8836034261089,0.67966066442807,-7.43335480839564e-08,1.12690967121578e-07,"c__CFGB79245"
"fixed",NA,"ResponseResponder:Days2",1.6941084952571e-07,2.30664528616191e-06,0.0734446906691911,58.7616746579205,0.941701694159805,-4.44656742154465e-06,4.78538912059607e-06,"o__OFGB1780"
"fixed",NA,"ResponseResponder:Days2",2.13484175235517e-08,1.27309206208071e-07,0.167689503056523,80.9600589472332,0.867245729647708,-2.31958863335778e-07,2.74655698382882e-07,"o__OFGB2930"
"fixed",NA,"ResponseResponder:Days2",1.91787095188109e-08,4.60572082971177e-08,0.416410595168684,34.8836034261089,0.67966066442807,-7.43335480839564e-08,1.12690967121578e-07,"o__OFGB79245"
"fixed",NA,"ResponseResponder:Days2",1.6941084952571e-07,2.30664528616191e-06,0.0734446906691911,58.7616746579205,0.941701694159805,-4.44656742154465e-06,4.78538912059607e-06,"f__FGB1780"
"fixed",NA,"ResponseResponder:Days2",2.13484175235517e-08,1.27309206208071e-07,0.167689503056523,80.9600589472332,0.867245729647708,-2.31958863335778e-07,2.74655698382882e-07,"f__FGB2930"
"fixed",NA,"ResponseResponder:Days2",1.91787095188109e-08,4.60572082971177e-08,0.416410595168684,34.8836034261089,0.67966066442807,-7.43335480839564e-08,1.12690967121578e-07,"f__FGB79245"
"fixed",NA,"ResponseResponder:Days2",3.16020923359583e-07,1.88455996100195e-06,0.167689503066576,80.9600587931206,0.867245729640619,-3.43369029996975e-06,4.06573214668892e-06,"g__GGB4722"
"fixed",NA,"ResponseResponder:Days2",5.03177953462885e-07,8.13889614972926e-07,0.618238572167583,64.7507283748831,0.538586748470336,-1.12239048539858e-06,2.12874639232435e-06,"g__GGB9303"
"fixed",NA,"ResponseResponder:Days2",2.13484175235517e-08,1.27309206208071e-07,0.167689503056523,80.9600589472332,0.867245729647708,-2.31958863335778e-07,2.74655698382882e-07,"g__GGB9253"
"fixed",NA,"ResponseResponder:Days2",1.0777618751072e-08,6.42712784837516e-08,0.167689503077127,80.9600588126141,0.867245729632245,-1.17103021427253e-07,1.38658258929397e-07,"g__GGB37488"
"fixed",NA,"ResponseResponder:Days2",1.91787095188109e-08,4.60572082971177e-08,0.416410595168684,34.8836034261089,0.67966066442807,-7.43335480839564e-08,1.12690967121578e-07,"g__GGB3510"
"fixed",NA,"ResponseResponder:Days2",3.16020923359583e-07,1.88455996100195e-06,0.167689503066576,80.9600587931206,0.867245729640619,-3.43369029996975e-06,4.06573214668892e-06,"s__GGB4722_SGB6538"
"fixed",NA,"ResponseResponder:Days2",5.03177953462885e-07,8.13889614972926e-07,0.618238572167583,64.7507283748831,0.538586748470336,-1.12239048539858e-06,2.12874639232435e-06,"s__GGB9303_SGB14264"
"fixed",NA,"ResponseResponder:Days2",4.59321349150862e-08,2.03009503368868e-07,0.226256082364911,41.6680601939298,0.82210849765789,-3.63854342936408e-07,4.5571861276658e-07,"s__Eubacterium_sp_c_25"
"fixed",NA,"ResponseResponder:Days2",2.13484175235517e-08,1.27309206208071e-07,0.167689503056523,80.9600589472332,0.867245729647708,-2.31958863335778e-07,2.74655698382882e-07,"s__GGB9253_SGB14199"
"fixed",NA,"ResponseResponder:Days2",1.0777618751072e-08,6.42712784837516e-08,0.167689503077127,80.9600588126141,0.867245729632245,-1.17103021427253e-07,1.38658258929397e-07,"s__GGB37488_SGB54315"
"fixed",NA,"ResponseResponder:Days2",1.91787095188109e-08,4.60572082971177e-08,0.416410595168684,34.8836034261089,0.67966066442807,-7.43335480839564e-08,1.12690967121578e-07,"s__GGB3510_SGB4687"
"fixed",NA,"ResponseResponder:Days2",-1.92590198311232e-08,4.70144351315975e-08,-0.409640566290237,42.0914392809476,0.684146961187844,-1.1413188509775e-07,7.56138454355033e-08,"s__Cuneatibacter_caecimuris"
"fixed",NA,"ResponseResponder:Days2",-1.67135036651407e-16,9.0892199327282e-12,-1.83882707084237e-05,0.0120317048200426,0.999997999639843,-6.81177967099703e+95,6.81177967099703e+95,"c__CFGB11257"
"fixed",NA,"ResponseResponder:Days2",-1.67135036651407e-16,9.0892199327282e-12,-1.83882707084237e-05,0.0120317048200426,0.999997999639843,-6.81177967099703e+95,6.81177967099703e+95,"o__OFGB11257"
"fixed",NA,"ResponseResponder:Days2",-1.67135036651407e-16,9.0892199327282e-12,-1.83882707084237e-05,0.0120317048200426,0.999997999639843,-6.81177967099703e+95,6.81177967099703e+95,"f__FGB11257"
"fixed",NA,"ResponseResponder:Days2",-1.67135036651407e-16,9.0892199327282e-12,-1.83882707084237e-05,0.0120317048200426,0.999997999639843,-6.81177967099703e+95,6.81177967099703e+95,"g__GGB74802"
"fixed",NA,"ResponseResponder:Days2",-9.62334831489247e-15,5.50894373223086e-10,-1.74685906820752e-05,6.31219112590711,0.99998660115892,-1.33200248599807e-09,1.33198323930144e-09,"s__Parasutterella_secunda"
"fixed",NA,"ResponseResponder:Days2",-1.67135036651407e-16,9.0892199327282e-12,-1.83882707084237e-05,0.0120317048200426,0.999997999639843,-6.81177967099703e+95,6.81177967099703e+95,"s__GGB74802_SGB47402"
"fixed",NA,"ResponseResponder:Days2",3.79580850524701e-07,7.35991607471499e-07,0.515740732192248,41.9726080444364,0.608741696351634,-1.10573906395655e-06,1.86490076500596e-06,"s__GGB3363_SGB4448"
"fixed",NA,"ResponseResponder:Days2",6.46777687867708e-07,5.28906536868349e-07,1.22285818529919,81.3532718970471,0.224913965010998,-4.05511144301843e-07,1.69906652003726e-06,"g__GGB9101"
"fixed",NA,"ResponseResponder:Days2",2.33418732297745e-06,1.90879641730803e-06,1.22285818530053,81.353272071729,0.224913965002938,-1.46346880856959e-06,6.1318434545245e-06,"s__bacterium_OL_1"
"fixed",NA,"ResponseResponder:Days2",6.46777687867708e-07,5.28906536868349e-07,1.22285818529919,81.3532718970471,0.224913965010998,-4.05511144301843e-07,1.69906652003726e-06,"s__GGB9101_SGB14033"
"fixed",NA,"ResponseResponder:Days2",-2.01556815304976e-07,5.0074873256053e-06,-0.0402510884599417,73.1145967945012,0.968002658422654,-1.01812011469541e-05,9.77808751634411e-06,"g__GGB3276"
"fixed",NA,"ResponseResponder:Days2",-2.07965434380128e-08,5.16670336887287e-07,-0.040251088466396,73.114596808108,0.968002658417505,-1.05049185039698e-06,1.00889876352096e-06,"g__Kosakonia"
"fixed",NA,"ResponseResponder:Days2",-2.50653076172881e-09,6.2272372182738e-08,-0.0402510884662207,73.1145967212632,0.968002658417774,-1.26611912497698e-07,1.21598850974241e-07,"g__Lelliottia"
"fixed",NA,"ResponseResponder:Days2",3.95451295745892e-07,7.51668637917187e-07,0.526097905111028,57.271455682083,0.600851617364702,-1.109584586102e-06,1.90048717759378e-06,"g__GGB3444"
"fixed",NA,"ResponseResponder:Days2",-2.01556815304976e-07,5.0074873256053e-06,-0.0402510884599417,73.1145967945012,0.968002658422654,-1.01812011469541e-05,9.77808751634411e-06,"s__GGB3276_SGB4326"
"fixed",NA,"ResponseResponder:Days2",-2.07965434380128e-08,5.16670336887287e-07,-0.040251088466396,73.114596808108,0.968002658417505,-1.05049185039698e-06,1.00889876352096e-06,"s__Kosakonia_cowanii"
"fixed",NA,"ResponseResponder:Days2",-2.50653076172881e-09,6.2272372182738e-08,-0.0402510884662207,73.1145967212632,0.968002658417774,-1.26611912497698e-07,1.21598850974241e-07,"s__Lelliottia_nimipressuralis"
"fixed",NA,"ResponseResponder:Days2",3.95451295745892e-07,7.51668637917187e-07,0.526097905111028,57.271455682083,0.600851617364702,-1.109584586102e-06,1.90048717759378e-06,"s__GGB3444_SGB4594"
"fixed",NA,"ResponseResponder:Days2",-6.36093049583472e-07,6.19685391295208e-07,-1.02647740049829,74.2762769933519,0.307997932469023,-1.87076683725758e-06,5.98580738090634e-07,"g__GGB25063"
"fixed",NA,"ResponseResponder:Days2",-6.36093049583472e-07,6.19685391295208e-07,-1.02647740049829,74.2762769933519,0.307997932469023,-1.87076683725758e-06,5.98580738090634e-07,"s__GGB25063_SGB36986"
"fixed",NA,"ResponseResponder:Days2",-7.20175375804257e-07,5.85865081037887e-07,-1.2292512373812,72.8147864330004,0.222935191631922,-1.88785283638174e-06,4.47502084773227e-07,"s__Clostridium_SGB6176"
"fixed",NA,"ResponseResponder:Days2",-4.44942102248048e-07,4.33465073884817e-07,-1.0264774004982,74.2762771648887,0.307997932461398,-1.30858673885751e-06,4.18702534361416e-07,"s__Romboutsia_hominis"
"fixed",NA,"ResponseResponder:Days2",-4.86756157790032e-21,7.12266834717511e-14,-6.83390176355863e-08,1.48897201925486e-06,0.99999999991661,-Inf,Inf,"s__Fusobacterium_periodonticum"
"fixed",NA,"ResponseResponder:Days2",-2.93660827654979e-21,6.61724816115637e-14,-4.43780889734172e-08,1.2949826884893e-06,0.999999999949499,-Inf,Inf,"s__Aeromonas_dhakensis"
"fixed",NA,"ResponseResponder:Days2",-3.33135500714168e-21,3.68094816039481e-14,-9.05026330711586e-08,4.24937719355008e-07,0.999999999941004,-Inf,Inf,"s__Catenibacterium_mitsuokai"
"fixed",NA,"ResponseResponder:Days2",-9.97334825533627e-08,3.90053470427442e-07,-0.255691822057292,79.8917689254305,0.798845980559658,-8.7598077004223e-07,6.76513804935505e-07,"s__Intestinimonas_sp_MSJ_38"
"fixed",NA,"ResponseResponder:Days2",-1.87118232471539e-08,3.29454713940121e-08,-0.567963439447243,82.0000000001197,0.571611746550975,-8.42508608648729e-08,4.68272143705651e-08,"s__Slackia_SGB14778"
"fixed",NA,"ResponseResponder:Days2",5.63881364286529e-07,1.46817975657755e-06,0.384068341604834,81.3955787232986,0.701929295547945,-2.35712061683022e-06,3.48488334540328e-06,"c__CFGB3297"
"fixed",NA,"ResponseResponder:Days2",5.63881364286529e-07,1.46817975657755e-06,0.384068341604834,81.3955787232986,0.701929295547945,-2.35712061683022e-06,3.48488334540328e-06,"o__OFGB3297"
"fixed",NA,"ResponseResponder:Days2",5.63881364286529e-07,1.46817975657755e-06,0.384068341604834,81.3955787232986,0.701929295547945,-2.35712061683022e-06,3.48488334540328e-06,"f__FGB3297"
"fixed",NA,"ResponseResponder:Days2",5.63881364286529e-07,1.46817975657755e-06,0.384068341604834,81.3955787232986,0.701929295547945,-2.35712061683022e-06,3.48488334540328e-06,"g__GGB29668"
"fixed",NA,"ResponseResponder:Days2",5.63881364286529e-07,1.46817975657755e-06,0.384068341604834,81.3955787232986,0.701929295547945,-2.35712061683022e-06,3.48488334540328e-06,"s__GGB29668_SGB42476"
"fixed",NA,"ResponseResponder:Days2",-2.68982459177837e-08,4.73591151288924e-08,-0.567963439447243,81.999999998637,0.571611746551003,-1.2111061249328e-07,6.73141206577128e-08,"g__Alloscardovia"
"fixed",NA,"ResponseResponder:Days2",-2.68982459177837e-08,4.73591151288924e-08,-0.567963439447243,81.999999998637,0.571611746551003,-1.2111061249328e-07,6.73141206577128e-08,"s__Alloscardovia_omnicolens"
"fixed",NA,"ResponseResponder:Days2",9.59769537872912e-24,3.80079155275331e-14,2.52518330603437e-10,4.51647043074575e-07,0.99999999999983,-Inf,Inf,"s__Mediterraneibacter_sp_NSJ_151"
"fixed",NA,"ResponseResponder:Days2",-1.93604509365318e-21,1.68105932245911e-14,-1.15168160206332e-07,9.53810416701781e-08,0.999999999964432,-Inf,Inf,"s__Clostridium_sp_chh4_2"
"fixed",NA,"ResponseResponder:Days2",7.18562166037241e-09,2.89862165830891e-08,0.247897880697013,73.2776185125008,0.804906765527685,-5.05801376905118e-08,6.49513810112567e-08,"c__CFGB77202"
"fixed",NA,"ResponseResponder:Days2",7.18562166037241e-09,2.89862165830891e-08,0.247897880697013,73.2776185125008,0.804906765527685,-5.05801376905118e-08,6.49513810112567e-08,"o__OFGB77202"
"fixed",NA,"ResponseResponder:Days2",7.18562166037241e-09,2.89862165830891e-08,0.247897880697013,73.2776185125008,0.804906765527685,-5.05801376905118e-08,6.49513810112567e-08,"f__FGB77202"
"fixed",NA,"ResponseResponder:Days2",7.18562166037241e-09,2.89862165830891e-08,0.247897880697013,73.2776185125008,0.804906765527685,-5.05801376905118e-08,6.49513810112567e-08,"g__GGB34900"
"fixed",NA,"ResponseResponder:Days2",4.85884902522258e-09,1.96002036997727e-08,0.247897884106118,73.2776185358962,0.804906762899751,-3.42018075077817e-08,4.39195055582269e-08,"g__Companilactobacillus"
"fixed",NA,"ResponseResponder:Days2",-3.43218158241189e-07,1.23097629667627e-06,-0.278817844964119,68.6570435886057,0.781222718118633,-2.7991675390094e-06,2.11273122252702e-06,"s__Lentihominibacter_SGB71368"
"fixed",NA,"ResponseResponder:Days2",3.96804764753445e-08,3.28649188998708e-07,0.120738093394475,41.5250973866103,0.904480819721419,-6.2378523244975e-07,7.03146185400439e-07,"s__Clostridium_hylemonae"
"fixed",NA,"ResponseResponder:Days2",7.18562166037241e-09,2.89862165830891e-08,0.247897880697013,73.2776185125008,0.804906765527685,-5.05801376905118e-08,6.49513810112567e-08,"s__GGB34900_SGB14891"
"fixed",NA,"ResponseResponder:Days2",4.85884902522258e-09,1.96002036997727e-08,0.247897884106118,73.2776185358962,0.804906762899751,-3.42018075077817e-08,4.39195055582269e-08,"s__Companilactobacillus_paralimentarius"
"fixed",NA,"ResponseResponder:Days2",-5.41623955499053e-06,2.61034601149577e-05,-0.207491249479487,42.4850044082306,0.836617617668573,-5.80773440120104e-05,4.72448649020293e-05,"c__CFGB11479"
"fixed",NA,"ResponseResponder:Days2",-5.41623955499053e-06,2.61034601149577e-05,-0.207491249479487,42.4850044082306,0.836617617668573,-5.80773440120104e-05,4.72448649020293e-05,"o__OFGB11479"
"fixed",NA,"ResponseResponder:Days2",-5.41623955499053e-06,2.61034601149577e-05,-0.207491249479487,42.4850044082306,0.836617617668573,-5.80773440120104e-05,4.72448649020293e-05,"f__FGB11479"
"fixed",NA,"ResponseResponder:Days2",-5.41623955499053e-06,2.61034601149577e-05,-0.207491249479487,42.4850044082306,0.836617617668573,-5.80773440120104e-05,4.72448649020293e-05,"g__GGB1630"
"fixed",NA,"ResponseResponder:Days2",-4.4760725553208e-06,1.23811844577629e-05,-0.361522160548569,48.4844664578682,0.719279893274994,-2.93636878332655e-05,2.04115427226239e-05,"g__Duodenibacillus"
"fixed",NA,"ResponseResponder:Days2",-5.39304218170025e-07,5.83575314223796e-07,-0.924138161819516,45.290822291172,0.360312077921309,-1.71447695947925e-06,6.35868523139197e-07,"g__Jingyaoa"
"fixed",NA,"ResponseResponder:Days2",1.4803837790185e-08,2.34939667519629e-07,0.0630112315492578,61.1508590744993,0.949963076378817,-4.54963624132613e-07,4.84571299712983e-07,"g__GGB3593"
"fixed",NA,"ResponseResponder:Days2",-1.30548705141889e-07,1.19348855011306e-07,-1.09384128678505,57.5253011767562,0.278583872513121,-3.69493376268813e-07,1.08395965985034e-07,"g__Qingrenia"
"fixed",NA,"ResponseResponder:Days2",-1.66491418656756e-06,1.51923870896105e-06,-1.09588715502524,65.6966265510213,0.277129295687296,-4.69843360238639e-06,1.36860522925128e-06,"g__GGB4749"
"fixed",NA,"ResponseResponder:Days2",-5.41623955499053e-06,2.61034601149577e-05,-0.207491249479487,42.4850044082306,0.836617617668573,-5.80773440120104e-05,4.72448649020293e-05,"s__GGB1630_SGB2238"
"fixed",NA,"ResponseResponder:Days2",6.74132518217944e-06,1.28625801642205e-05,0.524103647643852,44.1502066053013,0.602827855496604,-1.91790110534333e-05,3.26616614177921e-05,"s__Bacteroides_fluxus"
"fixed",NA,"ResponseResponder:Days2",-4.4760725553208e-06,1.23811844577629e-05,-0.361522160548569,48.4844664578682,0.719279893274994,-2.93636878332655e-05,2.04115427226239e-05,"s__Duodenibacillus_massiliensis"
"fixed",NA,"ResponseResponder:Days2",-5.39304218170025e-07,5.83575314223796e-07,-0.924138161819516,45.290822291172,0.360312077921309,-1.71447695947925e-06,6.35868523139197e-07,"s__Jingyaoa_shaoxingensis"
"fixed",NA,"ResponseResponder:Days2",2.4079115728775e-07,2.92299388059258e-07,0.823782625364012,41.7916022798267,0.414739704761157,-3.49180048060922e-07,8.30762362636422e-07,"s__GGB34797_SGB14323"
"fixed",NA,"ResponseResponder:Days2",1.4803837790185e-08,2.34939667519629e-07,0.0630112315492578,61.1508590744993,0.949963076378817,-4.54963624132613e-07,4.84571299712983e-07,"s__GGB3593_SGB4817"
"fixed",NA,"ResponseResponder:Days2",-3.41315883277716e-06,2.94628268656906e-06,-1.15846278034908,67.6233770123176,0.250750087306798,-9.29296734540197e-06,2.46664967984764e-06,"s__Ruminococcus_sp_AF41_9"
"fixed",NA,"ResponseResponder:Days2",-1.30548705141889e-07,1.19348855011306e-07,-1.09384128678505,57.5253011767562,0.278583872513121,-3.69493376268813e-07,1.08395965985034e-07,"s__Qingrenia_yutianensis"
"fixed",NA,"ResponseResponder:Days2",-1.66491418656756e-06,1.51923870896105e-06,-1.09588715502524,65.6966265510213,0.277129295687296,-4.69843360238639e-06,1.36860522925128e-06,"s__GGB4749_SGB6578"
"fixed",NA,"ResponseResponder:Days2",-1.57904353269823e-06,2.75411278421445e-06,-0.573340184813315,45.1296230026825,0.569260534529796,-7.12567171154856e-06,3.96758464615211e-06,"g__GGB4604"
"fixed",NA,"ResponseResponder:Days2",-2.97113001667018e-07,5.32468800661268e-07,-0.557991381463169,43.216359272639,0.579729630897892,-1.37078323157606e-06,7.76557228242028e-07,"g__GGB4723"
"fixed",NA,"ResponseResponder:Days2",-1.57904353269823e-06,2.75411278421445e-06,-0.573340184813315,45.1296230026825,0.569260534529796,-7.12567171154856e-06,3.96758464615211e-06,"s__GGB4604_SGB6369"
"fixed",NA,"ResponseResponder:Days2",7.9046999365609e-07,1.69483371250251e-06,0.466399734572733,73.3741400502448,0.642311180355534,-2.58703858111403e-06,4.16797856842621e-06,"s__GGB6002_SGB8625"
"fixed",NA,"ResponseResponder:Days2",-2.97113001667018e-07,5.32468800661268e-07,-0.557991381463169,43.216359272639,0.579729630897892,-1.37078323157606e-06,7.76557228242028e-07,"s__GGB4723_SGB6540"
"fixed",NA,"ResponseResponder:Days2",-6.84487205177412e-08,1.38013126413973e-07,-0.495958046138508,41.757208362475,0.622524485596195,-3.47018471304653e-07,2.10121030269171e-07,"s__Lachnospiraceae_bacterium_CLA_AA_H215"
"fixed",NA,"ResponseResponder:Days2",4.66833213157142e-08,1.00092941428282e-07,0.466399734582318,73.3741402436678,0.642311180345072,-1.52784488085999e-07,2.46151130717428e-07,"s__Streptococcus_sobrinus"
"fixed",NA,"ResponseResponder:Days2",1.67878441830596e-06,1.93128696560032e-06,0.86925684696688,74.9876929754173,0.387480474562986,-2.16854685546552e-06,5.52611569207744e-06,"s__Streptococcus_gordonii"
"fixed",NA,"ResponseResponder:Days2",3.73185360961375e-07,4.10561969730468e-07,0.908962321099465,42.0137947437307,0.368554968083528,-4.55354178438309e-07,1.20172490036106e-06,"g__GGB4257"
"fixed",NA,"ResponseResponder:Days2",2.5466840220793e-06,2.69482035975136e-06,0.94502923464415,42.7096803973589,0.349959851962411,-2.88900769615528e-06,7.98237574031388e-06,"g__GGB3267"
"fixed",NA,"ResponseResponder:Days2",-1.89244525803556e-06,2.41059399574383e-06,-0.785053501907366,44.9633011130749,0.436539306175301,-6.74774017179148e-06,2.96284965572036e-06,"g__GGB3649"
"fixed",NA,"ResponseResponder:Days2",3.73185360961375e-07,4.10561969730468e-07,0.908962321099465,42.0137947437307,0.368554968083528,-4.55354178438309e-07,1.20172490036106e-06,"s__GGB4257_SGB5789"
"fixed",NA,"ResponseResponder:Days2",2.5466840220793e-06,2.69482035975136e-06,0.94502923464415,42.7096803973589,0.349959851962411,-2.88900769615528e-06,7.98237574031388e-06,"s__GGB3267_SGB4317"
"fixed",NA,"ResponseResponder:Days2",-1.89244525803556e-06,2.41059399574383e-06,-0.785053501907366,44.9633011130749,0.436539306175301,-6.74774017179148e-06,2.96284965572036e-06,"s__GGB3649_SGB4958"
"fixed",NA,"ResponseResponder:Days2",-2.62901116622512e-07,4.6288387308587e-07,-0.567963439447243,81.9999999986407,0.571611746551003,-1.18372459515171e-06,6.57922361906688e-07,"s__Streptococcus_sanguinis"
"fixed",NA,"ResponseResponder:Days2",-4.54541373045447e-08,8.00300409279544e-08,-0.567963439447244,81.9999999988867,0.571611746550998,-2.04659382850956e-07,1.13751108241867e-07,"s__Collinsella_SGB14745"
"fixed",NA,"ResponseResponder:Days2",1.22528917342962e-16,1.37705938758476e-11,8.89786732857373e-06,0.0252141357539119,0.999998611233443,-4.38931489325915e+39,4.38931489325915e+39,"s__Hafnia_paralvei"
"fixed",NA,"ResponseResponder:Days2",1.61433924393415e-07,3.50347443329302e-07,0.460782367524454,75.7243083612414,0.646275396071934,-5.36384568010048e-07,8.59252416796879e-07,"g__GGB79395"
"fixed",NA,"ResponseResponder:Days2",8.85256148651472e-08,1.71846820545931e-07,0.515142582120023,59.0165624674805,0.608377612611727,-2.55337059642421e-07,4.32388289372715e-07,"g__Bittarella"
"fixed",NA,"ResponseResponder:Days2",6.9870964559559e-09,9.03525138402345e-07,0.00773315114210414,57.7785325495839,0.99385653885422,-1.80176258283902e-06,1.81573677575093e-06,"s__Lachnoclostridium_edouardi"
"fixed",NA,"ResponseResponder:Days2",-2.64788775074105e-06,2.49069223998668e-06,-1.06311318123961,57.0610988259866,0.292209171046784,-7.63529719319756e-06,2.33952169171547e-06,"s__Bianquea_renquensis"
"fixed",NA,"ResponseResponder:Days2",1.61433924393415e-07,3.50347443329302e-07,0.460782367524454,75.7243083612414,0.646275396071934,-5.36384568010048e-07,8.59252416796879e-07,"s__GGB79395_SGB105947"
"fixed",NA,"ResponseResponder:Days2",8.85256148651472e-08,1.71846820545931e-07,0.515142582120023,59.0165624674805,0.608377612611727,-2.55337059642421e-07,4.32388289372715e-07,"s__Bittarella_massiliensis"
"fixed",NA,"ResponseResponder:Days2",2.27630499058412e-08,5.44046998263895e-08,0.41840226999653,75.5707612141091,0.676839684732614,-8.56032545963541e-08,1.31129354408037e-07,"s__Clostridium_sp_Marseille_P2538"
"fixed",NA,"ResponseResponder:Days2",-1.99293493370612e-07,1.98936978982877e-07,-1.00179209712321,81.515164038141,0.319408593954067,-5.95077761624665e-07,1.96490774883442e-07,"c__CFGB10341"
"fixed",NA,"ResponseResponder:Days2",-1.99293493370612e-07,1.98936978982877e-07,-1.00179209712321,81.515164038141,0.319408593954067,-5.95077761624665e-07,1.96490774883442e-07,"o__OFGB10341"
"fixed",NA,"ResponseResponder:Days2",-1.99293493370612e-07,1.98936978982877e-07,-1.00179209712321,81.515164038141,0.319408593954067,-5.95077761624665e-07,1.96490774883442e-07,"f__FGB10341"
"fixed",NA,"ResponseResponder:Days2",-7.88592888939614e-07,1.49341396277613e-06,-0.528047084462559,41.7946585909471,0.600259293289605,-3.80286302803988e-06,2.22567725016065e-06,"g__GGB3585"
"fixed",NA,"ResponseResponder:Days2",-8.82817776513477e-07,9.21936317950156e-07,-0.957569150195043,70.3072320215002,0.34156133772353,-2.7214205301127e-06,9.5578497708575e-07,"g__GGB4597"
"fixed",NA,"ResponseResponder:Days2",-1.99293493370612e-07,1.98936978982877e-07,-1.00179209712321,81.515164038141,0.319408593954067,-5.95077761624665e-07,1.96490774883442e-07,"g__GGB4555"
"fixed",NA,"ResponseResponder:Days2",-8.25656534969821e-08,1.6371540993641e-07,-0.50432426323858,40.9401606960777,0.616737137928231,-4.13210308167771e-07,2.48079001173806e-07,"g__GGB9189"
"fixed",NA,"ResponseResponder:Days2",-1.15758954846813e-07,1.15551874675143e-07,-1.0017920970322,81.5151625712262,0.319408594050946,-3.4564891502369e-07,1.14131005330063e-07,"g__GGB9102"
"fixed",NA,"ResponseResponder:Days2",-7.88592888939614e-07,1.49341396277613e-06,-0.528047084462559,41.7946585909471,0.600259293289605,-3.80286302803988e-06,2.22567725016065e-06,"s__GGB3585_SGB4803"
"fixed",NA,"ResponseResponder:Days2",-8.82817776513477e-07,9.21936317950156e-07,-0.957569150195043,70.3072320215002,0.34156133772353,-2.7214205301127e-06,9.5578497708575e-07,"s__GGB4597_SGB6359"
"fixed",NA,"ResponseResponder:Days2",-2.57103819678918e-07,2.56643888915475e-07,-1.00179209707812,81.5151633545488,0.319408594000498,-7.67695738327986e-07,2.53488098970149e-07,"s__Bacteroides_faecalis"
"fixed",NA,"ResponseResponder:Days2",-2.12017297239346e-07,2.11638021359571e-07,-1.00179209707849,81.5151622843023,0.319408594039126,-6.33070235078963e-07,2.09035640600272e-07,"s__Limosilactobacillus_vaginalis"
"fixed",NA,"ResponseResponder:Days2",-1.99293493370612e-07,1.98936978982877e-07,-1.00179209712321,81.515164038141,0.319408593954067,-5.95077761624665e-07,1.96490774883442e-07,"s__GGB4555_SGB6286"
"fixed",NA,"ResponseResponder:Days2",-8.25656534969821e-08,1.6371540993641e-07,-0.50432426323858,40.9401606960777,0.616737137928231,-4.13210308167771e-07,2.48079001173806e-07,"s__GGB9189_SGB14128"
"fixed",NA,"ResponseResponder:Days2",-1.15758954846813e-07,1.15551874675143e-07,-1.0017920970322,81.5151625712262,0.319408594050946,-3.4564891502369e-07,1.14131005330063e-07,"s__GGB9102_SGB54310"
"fixed",NA,"ResponseResponder:Days2",-3.06210717320245e-08,2.72012263221725e-08,-1.12572394234536,74.9153051408079,0.263875857882464,-8.48096974226832e-08,2.35675539586342e-08,"o__Corynebacteriales"
"fixed",NA,"ResponseResponder:Days2",-3.06210717320245e-08,2.72012263221725e-08,-1.12572394234536,74.9153051408079,0.263875857882464,-8.48096974226832e-08,2.35675539586342e-08,"f__Corynebacteriaceae"
"fixed",NA,"ResponseResponder:Days2",-3.06210717320245e-08,2.72012263221725e-08,-1.12572394234536,74.9153051408079,0.263875857882464,-8.48096974226832e-08,2.35675539586342e-08,"g__Corynebacterium"
"fixed",NA,"ResponseResponder:Days2",-6.32170479232008e-06,5.61567944334152e-06,-1.12572394063833,74.9153048654983,0.263875858613766,-1.75089192130266e-05,4.86550962838648e-06,"s__Mediterraneibacter_SGB4598"
"fixed",NA,"ResponseResponder:Days2",-1.43362290346103e-07,1.27351196124763e-07,-1.12572394063464,74.915304991706,0.263875858609285,-3.9706358368311e-07,1.10339002990904e-07,"s__Actinomyces_sp_ph3"
"fixed",NA,"ResponseResponder:Days2",-1.39959949043511e-07,1.24328837640133e-07,-1.12572394064056,74.9153052847325,0.263875858592792,-3.87640283945609e-07,1.07720385858588e-07,"s__Actinomyces_naeslundii"
"fixed",NA,"ResponseResponder:Days2",-5.44374608433912e-08,4.83577357453435e-08,-1.12572394063411,74.9153049213273,0.263875858612871,-1.50772795531673e-07,4.18978738448903e-08,"s__Diplocloster_modestus"
"fixed",NA,"ResponseResponder:Days2",-3.06210717320245e-08,2.72012263221725e-08,-1.12572394234536,74.9153051408079,0.263875857882464,-8.48096974226832e-08,2.35675539586342e-08,"s__Corynebacterium_propinquum"
"fixed",NA,"ResponseResponder:Days2",-3.20140096524353e-06,2.82216341336928e-06,-1.13437831065264,81.9999999972999,0.259941192412451,-8.8155830147337e-06,2.41278108424664e-06,"s__Anaeromassilibacillus_sp_An172"
"fixed",NA,"ResponseResponder:Days2",-5.13642397344277e-07,4.52796384169902e-07,-1.13437831065264,81.9999999985675,0.2599411924124,-1.41439864697804e-06,3.87113852289486e-07,"s__Lacticaseibacillus_zeae"
"fixed",NA,"ResponseResponder:Days2",-2.47094311489687e-07,2.17823550723151e-07,-1.13437831065264,81.9999999993962,0.259941192412367,-6.80414743124678e-07,1.86226120145304e-07,"s__Schaalia_SGB17157"
"fixed",NA,"ResponseResponder:Days2",-3.64658124467103e-08,1.05759097490465e-07,-0.344800715134675,68.1911072938629,0.73130540691501,-2.47494097027818e-07,1.74562472134398e-07,"g__GGB3828"
"fixed",NA,"ResponseResponder:Days2",-9.94133910522508e-07,1.55348429574369e-06,-0.639938178484511,73.1685015785894,0.524211611658609,-4.09010353114074e-06,2.10183571009572e-06,"s__Clostridium_disporicum"
"fixed",NA,"ResponseResponder:Days2",-2.62975730704374e-07,4.10939274364176e-07,-0.639938178484552,73.1685017636886,0.524211611653539,-1.08194474943349e-06,5.55993288024737e-07,"s__Clostridium_SGB47280"
"fixed",NA,"ResponseResponder:Days2",-3.64658124467103e-08,1.05759097490465e-07,-0.344800715134675,68.1911072938629,0.73130540691501,-2.47494097027818e-07,1.74562472134398e-07,"s__GGB3828_SGB5197"
"fixed",NA,"ResponseResponder:Days2",1.56677572846475e-06,1.88623179158767e-06,0.83063796053717,75.2278729545467,0.408806677373854,-2.19060413414084e-06,5.32415559107034e-06,"s__Leuconostoc_mesenteroides"
"fixed",NA,"ResponseResponder:Days2",1.43262383088078e-07,1.72472713606339e-07,0.830637960593974,75.2278728902274,0.408806677344197,-2.00303823277782e-07,4.86828589453938e-07,"s__Fusobacterium_nucleatum"
"fixed",NA,"ResponseResponder:Days2",3.79223955243183e-08,4.56545418367894e-08,0.83063796061928,75.2278728454229,0.408806677331547,-5.30216002789303e-08,1.28866391327567e-07,"s__Streptococcus_cristatus"
"fixed",NA,"ResponseResponder:Days2",3.21144610729749e-08,3.86624047990268e-08,0.83063796056947,75.22787295929,0.40880667735555,-4.49011750113603e-08,1.0913009715731e-07,"s__Oxalobacter_SGB9385"
"fixed",NA,"ResponseResponder:Days2",-2.06774413904078e-06,2.94562873693457e-06,-0.701970385172375,81.9999999977675,0.48468537582597,-7.92753804786187e-06,3.79204976978032e-06,"s__Fusobacterium_ulcerans"
"fixed",NA,"ResponseResponder:Days2",-1.08231834907962e-14,8.36631378326438e-10,-1.29366215171686e-05,6.68642880122991,0.999990055521077,-1.99729344220582e-09,1.99727179583884e-09,"s__Bifidobacterium_animalis"
"fixed",NA,"ResponseResponder:Days2",1.02483754734567e-15,1.19500414763106e-09,8.57601665548429e-07,19.0323933463385,0.99999932465822,-2.50088330521625e-09,2.50088535489135e-09,"s__Klebsiella_aerogenes"
"fixed",NA,"ResponseResponder:Days2",2.67145331424137e-07,4.95721875460489e-07,0.538901639504971,81.6953639714285,0.591420263832546,-7.19058453109976e-07,1.25334911595825e-06,"s__Schaalia_SGB17168"
"fixed",NA,"ResponseResponder:Days2",-5.61981674935965e-07,8.00577469942646e-07,-0.701970385172375,82.0000000006304,0.4846853758259,-2.15458529231813e-06,1.0306219424462e-06,"g__GGB3627"
"fixed",NA,"ResponseResponder:Days2",-5.61981674935965e-07,8.00577469942646e-07,-0.701970385172375,82.0000000006304,0.4846853758259,-2.15458529231813e-06,1.0306219424462e-06,"s__GGB3627_SGB4906"
"fixed",NA,"ResponseResponder:Days2",1.6367034900924e-19,1.11074396002788e-11,1.47352004511581e-08,0.0172136711605168,0.999999998089429,-2.79744205285095e+63,2.79744205285095e+63,"s__Bifidobacterium_angulatum"
"fixed",NA,"ResponseResponder:Days2",-2.89382400330705e-20,4.04488765289199e-13,-7.15427535110411e-08,3.93554108027531e-05,0.999999999551197,-Inf,Inf,"s__Firmicutes_unclassified_SGB4554"
"fixed",NA,"ResponseResponder:Days2",-9.16971899793337e-19,1.7576155663829e-13,-5.21713574533497e-06,8.2158782359161e-06,0.999999985046033,-Inf,Inf,"c__CFGB4623"
"fixed",NA,"ResponseResponder:Days2",-9.16971899793337e-19,1.7576155663829e-13,-5.21713574533497e-06,8.2158782359161e-06,0.999999985046033,-Inf,Inf,"o__OFGB4623"
"fixed",NA,"ResponseResponder:Days2",-9.16971899793337e-19,1.7576155663829e-13,-5.21713574533497e-06,8.2158782359161e-06,0.999999985046033,-Inf,Inf,"f__FGB4623"
"fixed",NA,"ResponseResponder:Days2",-9.16971899793337e-19,1.7576155663829e-13,-5.21713574533497e-06,8.2158782359161e-06,0.999999985046033,-Inf,Inf,"g__GGB9525"
"fixed",NA,"ResponseResponder:Days2",-9.16971899793337e-19,1.7576155663829e-13,-5.21713574533497e-06,8.2158782359161e-06,0.999999985046033,-Inf,Inf,"s__GGB9525_SGB14925"
"fixed",NA,"ResponseResponder:Days2",-3.43690991312596e-07,1.14845805263382e-06,-0.299262990515318,58.4124109287537,0.765801613945576,-2.64223402826524e-06,1.95485204564005e-06,"g__Allisonella"
"fixed",NA,"ResponseResponder:Days2",-1.9062361516611e-06,6.34755432893918e-06,-0.300310332590674,57.3927680306735,0.765025568128325,-1.46151095158738e-05,1.08026372125516e-05,"s__Megasphaera_sp_DJF_B143"
"fixed",NA,"ResponseResponder:Days2",-3.43690991312596e-07,1.14845805263382e-06,-0.299262990515318,58.4124109287537,0.765801613945576,-2.64223402826524e-06,1.95485204564005e-06,"s__Allisonella_histaminiformans"
"fixed",NA,"ResponseResponder:Days2",-5.91057437570933e-18,4.26827114207103e-13,-1.38477012799178e-05,4.3523448593725e-05,0.999999908646348,-Inf,Inf,"c__CFGB4559"
"fixed",NA,"ResponseResponder:Days2",-5.91057437570933e-18,4.26827114207103e-13,-1.38477012799178e-05,4.3523448593725e-05,0.999999908646348,-Inf,Inf,"o__OFGB4559"
"fixed",NA,"ResponseResponder:Days2",-5.91057437570933e-18,4.26827114207103e-13,-1.38477012799178e-05,4.3523448593725e-05,0.999999908646348,-Inf,Inf,"f__FGB4559"
"fixed",NA,"ResponseResponder:Days2",-5.91057437570933e-18,4.26827114207103e-13,-1.38477012799178e-05,4.3523448593725e-05,0.999999908646348,-Inf,Inf,"g__GGB2983"
"fixed",NA,"ResponseResponder:Days2",-5.91057437570933e-18,4.26827114207103e-13,-1.38477012799178e-05,4.3523448593725e-05,0.999999908646348,-Inf,Inf,"s__GGB2983_SGB3965"
"fixed",NA,"ResponseResponder:Days2",-1.80085500284081e-20,8.04345472499412e-13,-2.23890736556874e-08,0.000142064020649787,0.99999999973317,-Inf,Inf,"g__GGB1496"
"fixed",NA,"ResponseResponder:Days2",-6.37802813506137e-22,2.94727450386037e-14,-2.16404278824635e-08,2.78312210246489e-07,0.999999999988584,-Inf,Inf,"g__Faecalicoccus"
"fixed",NA,"ResponseResponder:Days2",-4.34157082678359e-22,1.89964433725245e-14,-2.28546509556785e-08,1.20453152100033e-07,0.999999999992068,-Inf,Inf,"g__GGB42689"
"fixed",NA,"ResponseResponder:Days2",-5.77893673441497e-15,3.84194717297513e-10,-1.50416871295496e-05,4.64877659109103,0.999988622350381,-1.01047992783318e-09,1.01046836995971e-09,"s__Bacteroides_sp_ET71"
"fixed",NA,"ResponseResponder:Days2",-1.80085500284081e-20,8.04345472499412e-13,-2.23890736556874e-08,0.000142064020649787,0.99999999973317,-Inf,Inf,"s__GGB1496_SGB2073"
"fixed",NA,"ResponseResponder:Days2",-1.38155200251148e-15,7.1563107623701e-11,-1.93053662478727e-05,0.423406321524482,0.999990087877231,-3.14652779255864e-08,3.14652751624824e-08,"s__Lactobacillus_delbrueckii"
"fixed",NA,"ResponseResponder:Days2",-6.37802813506137e-22,2.94727450386037e-14,-2.16404278824635e-08,2.78312210246489e-07,0.999999999988584,-Inf,Inf,"s__Faecalicoccus_pleomorphus"
"fixed",NA,"ResponseResponder:Days2",-4.34157082678359e-22,1.89964433725245e-14,-2.28546509556785e-08,1.20453152100033e-07,0.999999999992068,-Inf,Inf,"s__GGB42689_SGB59892"
"fixed",NA,"ResponseResponder:Days2",-3.75385644834774e-22,6.48286861135711e-15,-5.79042500070337e-08,1.54059944771663e-08,0.999999999992813,-Inf,Inf,"s__Streptococcus_agalactiae"
"fixed",NA,"ResponseResponder:Days2",1.53811592275315e-08,3.49648747747518e-08,0.439903169298299,73.2378806401391,0.661302704005114,-5.42999227438167e-08,8.50622411988796e-08,"s__Streptococcus_oralis"
