"term","estimate","std.error","statistic","p.value"
"k__Archaea",-0.119617877872368,0.605419023187579,-0.197578657575988,0.843374734402544
"k__Archaea.p__Euryarchaeota",-0.119617877872368,0.605419023187579,-0.197578657575988,0.843374734402544
"k__Archaea.p__Euryarchaeota.c__Methanobacteria",0.861388076677878,1.20890355696796,0.712536638438157,0.476132531857795
"k__Archaea.p__Euryarchaeota.c__Methanobacteria.o__Methanobacteriales",0.861388076677878,1.20890355696796,0.712536638438157,0.476132531857795
"k__Archaea.p__Euryarchaeota.c__Methanobacteria.o__Methanobacteriales.f__Methanobacteriaceae",0.861388076677878,1.20890355696796,0.712536638438157,0.476132531857795
"k__Archaea.p__Euryarchaeota.c__Methanobacteria.o__Methanobacteriales.f__Methanobacteriaceae.g__Methanobrevibacter",0.834490452809693,1.25247297432639,0.666274219017384,0.50523584112783
"k__Archaea.p__Euryarchaeota.c__Methanobacteria.o__Methanobacteriales.f__Methanobacteriaceae.g__Methanobrevibacter.s__Methanobrevibacter_smithii",0.834490452809693,1.25247297432639,0.666274219017384,0.50523584112783
"k__Archaea.p__Euryarchaeota.c__Methanobacteria.o__Methanobacteriales.f__Methanobacteriaceae.g__Methanosphaera",181.434719426618,16145.9681130081,0.011237153334921,0.991034237536962
"k__Archaea.p__Euryarchaeota.c__Methanobacteria.o__Methanobacteriales.f__Methanobacteriaceae.g__Methanosphaera.s__Methanosphaera_stadtmanae",181.434719426618,16145.9681130081,0.011237153334921,0.991034237536962
"k__Archaea.p__Euryarchaeota.c__Thermoplasmata",-0.691645616647235,1.24925641133197,-0.553645841136645,0.579821246959909
"k__Archaea.p__Euryarchaeota.c__Thermoplasmata.o__Methanomassiliicoccales",-0.691645616647235,1.24925641133197,-0.553645841136645,0.579821246959909
"k__Archaea.p__Euryarchaeota.c__Thermoplasmata.o__Methanomassiliicoccales.f__Methanomassiliicoccaceae",-0.691645616647235,1.24925641133197,-0.553645841136645,0.579821246959909
"k__Archaea.p__Euryarchaeota.c__Thermoplasmata.o__Methanomassiliicoccales.f__Methanomassiliicoccaceae.g__Methanomassiliicoccus",-0.691645616647235,1.24925641133197,-0.553645841136645,0.579821246959909
"k__Archaea.p__Euryarchaeota.c__Thermoplasmata.o__Methanomassiliicoccales.f__Methanomassiliicoccaceae.g__Methanomassiliicoccus.s__Candidatus_Methanomassiliicoccus_intestinalis",-0.691645616647235,1.24925641133197,-0.553645841136645,0.579821246959909
"k__Bacteria",0.127936282893714,0.603259289139924,0.212075114626274,0.832048433778349
"k__Bacteria.p__Actinobacteria",0.0595745591572992,0.056375974889724,1.05673665553158,0.290631790946999
"k__Bacteria.p__Actinobacteria.c__Actinobacteria",0.05147645116868,0.0558046597411064,0.922440015000429,0.356299105596834
"k__Bacteria.p__Actinobacteria.c__Actinobacteria.o__Actinomycetales",945.913119984712,93292.0647003346,0.0101392666463445,0.991910174297311
"k__Bacteria.p__Actinobacteria.c__Actinobacteria.o__Actinomycetales.f__Actinomycetaceae",945.913119984712,93292.0647003346,0.0101392666463445,0.991910174297311
"k__Bacteria.p__Actinobacteria.c__Actinobacteria.o__Actinomycetales.f__Actinomycetaceae.g__Actinomyces",945.913119984712,93292.0647003346,0.0101392666463445,0.991910174297311
"k__Bacteria.p__Actinobacteria.c__Actinobacteria.o__Actinomycetales.f__Actinomycetaceae.g__Actinomyces.s__Actinomyces_graevenitzii",928.179659994943,82599.1808005071,0.0112371533349305,0.991034237536955
"k__Bacteria.p__Actinobacteria.c__Actinobacteria.o__Actinomycetales.f__Actinomycetaceae.g__Actinomyces.s__Actinomyces_odontolyticus",977.556820629892,86993.2794812425,0.0112371533348237,0.99103423753704
"k__Bacteria.p__Actinobacteria.c__Actinobacteria.o__Actinomycetales.f__Actinomycetaceae.g__Actinomyces.s__Actinomyces_oris",1205.19717090029,107251.110221648,0.0112371533349127,0.991034237536969
"k__Bacteria.p__Actinobacteria.c__Actinobacteria.o__Actinomycetales.f__Actinomycetaceae.g__Actinomyces.s__Actinomyces_sp_HMSC035G02",313.545352935848,27902.5606924798,0.0112371533348319,0.991034237537033
"k__Bacteria.p__Actinobacteria.c__Actinobacteria.o__Actinomycetales.f__Actinomycetaceae.g__Actinomyces.s__Actinomyces_sp_ICM47",NA,NA,NA,NA
"k__Bacteria.p__Actinobacteria.c__Actinobacteria.o__Actinomycetales.f__Actinomycetaceae.g__Actinomyces.s__Actinomyces_sp_oral_taxon_181",23702.2110277359,2109271.8343782,0.0112371533348252,0.991034237537039
"k__Bacteria.p__Actinobacteria.c__Actinobacteria.o__Actinomycetales.f__Actinomycetaceae.g__Actinomyces.s__Actinomyces_viscosus",956.405006381896,85110.9687553825,0.0112371533348504,0.991034237537018
"k__Bacteria.p__Actinobacteria.c__Actinobacteria.o__Bifidobacteriales",0.0513565140135537,0.0558189970092841,0.920054403790376,0.357544330009903
"k__Bacteria.p__Actinobacteria.c__Actinobacteria.o__Bifidobacteriales.f__Bifidobacteriaceae",0.0513565140135537,0.0558189970092841,0.920054403790376,0.357544330009903
"k__Bacteria.p__Actinobacteria.c__Actinobacteria.o__Bifidobacteriales.f__Bifidobacteriaceae.g__Alloscardovia",-1877.89407427166,183762.31876614,-0.010219146595889,0.991846442620773
"k__Bacteria.p__Actinobacteria.c__Actinobacteria.o__Bifidobacteriales.f__Bifidobacteriaceae.g__Alloscardovia.s__Alloscardovia_omnicolens",-1877.89407427166,183762.31876614,-0.010219146595889,0.991846442620773
"k__Bacteria.p__Actinobacteria.c__Actinobacteria.o__Bifidobacteriales.f__Bifidobacteriaceae.g__Bifidobacterium",0.0513636566917699,0.0558213516257549,0.920143550735373,0.357497748500944
"k__Bacteria.p__Actinobacteria.c__Actinobacteria.o__Bifidobacteriales.f__Bifidobacteriaceae.g__Bifidobacterium.s__Bifidobacterium_adolescentis",0.400358455569997,0.428381719312043,0.934583427633071,0.350003022908199
"k__Bacteria.p__Actinobacteria.c__Actinobacteria.o__Bifidobacteriales.f__Bifidobacteriaceae.g__Bifidobacterium.s__Bifidobacterium_animalis",1035.09655754038,92113.7699823486,0.0112371533348242,0.991034237537039
"k__Bacteria.p__Actinobacteria.c__Actinobacteria.o__Bifidobacteriales.f__Bifidobacteriaceae.g__Bifidobacterium.s__Bifidobacterium_bifidum",5.13860964589235,2.97095109174201,1.72961771742911,0.0836985984257123
"k__Bacteria.p__Actinobacteria.c__Actinobacteria.o__Bifidobacteriales.f__Bifidobacteriaceae.g__Bifidobacterium.s__Bifidobacterium_catenulatum",-5.52521113764392,9.42916296202751,-0.585970479022866,0.557895353261085
"k__Bacteria.p__Actinobacteria.c__Actinobacteria.o__Bifidobacteriales.f__Bifidobacteriaceae.g__Bifidobacterium.s__Bifidobacterium_dentium",-11.9227273654382,19.7359538459581,-0.604112041328065,0.545769154426742
"k__Bacteria.p__Actinobacteria.c__Actinobacteria.o__Bifidobacteriales.f__Bifidobacteriaceae.g__Bifidobacterium.s__Bifidobacterium_kashiwanohense",1365.15238807284,121485.606486004,0.0112371533349518,0.991034237536938
"k__Bacteria.p__Actinobacteria.c__Actinobacteria.o__Bifidobacteriales.f__Bifidobacteriaceae.g__Bifidobacterium.s__Bifidobacterium_longum",0.208100048711345,0.196997528960022,1.05635867520742,0.290804378438537
"k__Bacteria.p__Actinobacteria.c__Actinobacteria.o__Bifidobacteriales.f__Bifidobacteriaceae.g__Bifidobacterium.s__Bifidobacterium_pseudocatenulatum",5.00874534596295,6.84763844204494,0.731455871736587,0.464500749023425
"k__Bacteria.p__Actinobacteria.c__Actinobacteria.o__Bifidobacteriales.f__Bifidobacteriaceae.g__Bifidobacterium.s__Bifidobacterium_pseudolongum",-0.879005415916703,86.0155403064919,-0.0102191465958897,0.991846442620772
"k__Bacteria.p__Actinobacteria.c__Actinobacteria.o__Bifidobacteriales.f__Bifidobacteriaceae.g__Bifidobacterium.s__Bifidobacterium_pullorum",-239.309794511218,25081.346701758,-0.00954134550097518,0.992387223243402
"k__Bacteria.p__Actinobacteria.c__Actinobacteria.o__Micrococcales",7905.08762277824,933239.083060187,0.00847059211971346,0.993241526148051
"k__Bacteria.p__Actinobacteria.c__Actinobacteria.o__Micrococcales.f__Micrococcaceae",7905.08762277824,933239.083060187,0.00847059211971346,0.993241526148051
"k__Bacteria.p__Actinobacteria.c__Actinobacteria.o__Micrococcales.f__Micrococcaceae.g__Rothia",7905.08762277824,933239.083060187,0.00847059211971346,0.993241526148051
"k__Bacteria.p__Actinobacteria.c__Actinobacteria.o__Micrococcales.f__Micrococcaceae.g__Rothia.s__Rothia_dentocariosa",7571.5396338555,673795.169313339,0.0112371533348504,0.991034237537018
"k__Bacteria.p__Actinobacteria.c__Actinobacteria.o__Micrococcales.f__Micrococcaceae.g__Rothia.s__Rothia_mucilaginosa",322.638106315041,28711.7294476563,0.0112371533349545,0.991034237536936
"k__Bacteria.p__Actinobacteria.c__Coriobacteriia",0.337648182853732,0.213422833849217,1.58206212879865,0.113635388011583
"k__Bacteria.p__Actinobacteria.c__Coriobacteriia.o__Coriobacteriales",0.359430922350589,0.226550439848778,1.5865381792704,0.112617278502281
"k__Bacteria.p__Actinobacteria.c__Coriobacteriia.o__Coriobacteriales.f__Atopobiaceae",NA,NA,NA,NA
"k__Bacteria.p__Actinobacteria.c__Coriobacteriia.o__Coriobacteriales.f__Atopobiaceae.g__Olsenella",NA,NA,NA,NA
"k__Bacteria.p__Actinobacteria.c__Coriobacteriia.o__Coriobacteriales.f__Atopobiaceae.g__Olsenella.s__Olsenella_scatoligenes",NA,NA,NA,NA
"k__Bacteria.p__Actinobacteria.c__Coriobacteriia.o__Coriobacteriales.f__Coriobacteriaceae",0.359430922350589,0.226550439848778,1.5865381792704,0.112617278502281
"k__Bacteria.p__Actinobacteria.c__Coriobacteriia.o__Coriobacteriales.f__Coriobacteriaceae.g__Collinsella",0.358316899867859,0.226203090551255,1.58404953263301,0.113182447645886
"k__Bacteria.p__Actinobacteria.c__Coriobacteriia.o__Coriobacteriales.f__Coriobacteriaceae.g__Collinsella.s__Collinsella_aerofaciens",0.355929595748016,0.23776722258526,1.49696662087384,0.134401943597918
"k__Bacteria.p__Actinobacteria.c__Coriobacteriia.o__Coriobacteriales.f__Coriobacteriaceae.g__Collinsella.s__Collinsella_intestinalis",4.03927448213388,2.72115421275333,1.48439748956633,0.137703500378896
"k__Bacteria.p__Actinobacteria.c__Coriobacteriia.o__Coriobacteriales.f__Coriobacteriaceae.g__Collinsella.s__Collinsella_stercoris",-2.47544741836306,4.98122917800006,-0.496955134948628,0.619220689816964
"k__Bacteria.p__Actinobacteria.c__Coriobacteriia.o__Coriobacteriales.f__Coriobacteriaceae.g__Enorma",548.073914515248,48773.3768673141,0.0112371533348257,0.991034237537038
"k__Bacteria.p__Actinobacteria.c__Coriobacteriia.o__Coriobacteriales.f__Coriobacteriaceae.g__Enorma.s__Collinsella_massiliensis",548.073914515248,48773.3768673141,0.0112371533348257,0.991034237537038
"k__Bacteria.p__Actinobacteria.c__Coriobacteriia.o__Coriobacteriales.f__Coriobacteriaceae.g__Enorma.s__Enorma_massiliensis",NA,NA,NA,NA
"k__Bacteria.p__Actinobacteria.c__Coriobacteriia.o__Eggerthellales",1.22417822615373,0.933958814155018,1.31074112434099,0.189945239718069
"k__Bacteria.p__Actinobacteria.c__Coriobacteriia.o__Eggerthellales.f__Eggerthellaceae",1.22417822615373,0.933958814155018,1.31074112434099,0.189945239718069
"k__Bacteria.p__Actinobacteria.c__Coriobacteriia.o__Eggerthellales.f__Eggerthellaceae.g__Adlercreutzia",4.63866575768892,5.46780113043924,0.848360364071304,0.39623730938138
"k__Bacteria.p__Actinobacteria.c__Coriobacteriia.o__Eggerthellales.f__Eggerthellaceae.g__Adlercreutzia.s__Adlercreutzia_equolifaciens",4.63866575768892,5.46780113043924,0.848360364071304,0.39623730938138
"k__Bacteria.p__Actinobacteria.c__Coriobacteriia.o__Eggerthellales.f__Eggerthellaceae.g__Asaccharobacter",1.23318139817914,3.6729077710647,0.335750711709721,0.737058860940684
"k__Bacteria.p__Actinobacteria.c__Coriobacteriia.o__Eggerthellales.f__Eggerthellaceae.g__Asaccharobacter.s__Asaccharobacter_celatus",1.23318139817914,3.6729077710647,0.335750711709721,0.737058860940684
"k__Bacteria.p__Actinobacteria.c__Coriobacteriia.o__Eggerthellales.f__Eggerthellaceae.g__Eggerthella",1.76149961798469,1.31733616877517,1.33716788450627,0.181167842425707
"k__Bacteria.p__Actinobacteria.c__Coriobacteriia.o__Eggerthellales.f__Eggerthellaceae.g__Eggerthella.s__Eggerthella_lenta",1.76149961798469,1.31733616877517,1.33716788450627,0.181167842425707
"k__Bacteria.p__Actinobacteria.c__Coriobacteriia.o__Eggerthellales.f__Eggerthellaceae.g__Enterorhabdus",-54.0499366509112,5289.08516418088,-0.01021914659589,0.991846442620772
"k__Bacteria.p__Actinobacteria.c__Coriobacteriia.o__Eggerthellales.f__Eggerthellaceae.g__Enterorhabdus.s__Enterorhabdus_caecimuris",-54.0499366509112,5289.08516418088,-0.01021914659589,0.991846442620772
"k__Bacteria.p__Actinobacteria.c__Coriobacteriia.o__Eggerthellales.f__Eggerthellaceae.g__Gordonibacter",-0.0297988256409997,2.7884925592467,-0.0106863565198286,0.991473683403593
"k__Bacteria.p__Actinobacteria.c__Coriobacteriia.o__Eggerthellales.f__Eggerthellaceae.g__Gordonibacter.s__Gordonibacter_pamelaeae",-0.0297988256409997,2.7884925592467,-0.0106863565198286,0.991473683403593
"k__Bacteria.p__Actinobacteria.c__Coriobacteriia.o__Eggerthellales.f__Eggerthellaceae.g__Slackia",3.63560633411078,4.69062794257266,0.775078812180692,0.438293090675922
"k__Bacteria.p__Actinobacteria.c__Coriobacteriia.o__Eggerthellales.f__Eggerthellaceae.g__Slackia.s__Slackia_isoflavoniconvertens",3.63560633411078,4.69062794257266,0.775078812180692,0.438293090675922
"k__Bacteria.p__Bacteroidetes",-0.0147379603817578,0.0152405281130304,-0.967024257457132,0.333531907365233
"k__Bacteria.p__Bacteroidetes.c__Bacteroidia",-0.0147379603817578,0.0152405281130304,-0.967024257457132,0.333531907365233
"k__Bacteria.p__Bacteroidetes.c__Bacteroidia.o__Bacteroidales",-0.0147379603817578,0.0152405281130304,-0.967024257457132,0.333531907365233
"k__Bacteria.p__Bacteroidetes.c__Bacteroidia.o__Bacteroidales.f__Bacteroidaceae",-0.0214497852216128,0.0150392961670936,-1.42624927279147,0.153796401458257
"k__Bacteria.p__Bacteroidetes.c__Bacteroidia.o__Bacteroidales.f__Bacteroidaceae.g__Bacteroides",-0.0214497852216128,0.0150392961670936,-1.42624927279147,0.153796401458257
"k__Bacteria.p__Bacteroidetes.c__Bacteroidia.o__Bacteroidales.f__Bacteroidaceae.g__Bacteroides.s__Bacteroides_caccae",-0.005575033573806,0.170341167804169,-0.0327286330466824,0.973890990248429
"k__Bacteria.p__Bacteroidetes.c__Bacteroidia.o__Bacteroidales.f__Bacteroidaceae.g__Bacteroides.s__Bacteroides_caecimuris",-59.1698005578896,5790.09215717548,-0.0102191465958901,0.991846442620772
"k__Bacteria.p__Bacteroidetes.c__Bacteroidia.o__Bacteroidales.f__Bacteroidaceae.g__Bacteroides.s__Bacteroides_cellulosilyticus",-0.129195545871774,0.129843811363325,-0.995007343940807,0.319732692556644
"k__Bacteria.p__Bacteroidetes.c__Bacteroidia.o__Bacteroidales.f__Bacteroidaceae.g__Bacteroides.s__Bacteroides_clarus",-7.71951941219434,13.2126857778066,-0.58425058629343,0.559051731971609
"k__Bacteria.p__Bacteroidetes.c__Bacteroidia.o__Bacteroidales.f__Bacteroidaceae.g__Bacteroides.s__Bacteroides_coprocola",-1.07030945730282,1.29769606028551,-0.824776686975023,0.409498384570431
"k__Bacteria.p__Bacteroidetes.c__Bacteroidia.o__Bacteroidales.f__Bacteroidaceae.g__Bacteroides.s__Bacteroides_coprophilus",-0.165115185226443,1.04002150149404,-0.158761318866242,0.873856925283189
"k__Bacteria.p__Bacteroidetes.c__Bacteroidia.o__Bacteroidales.f__Bacteroidaceae.g__Bacteroides.s__Bacteroides_dorei",-0.327653476463603,0.244133552192165,-1.34210752074625,0.179561135717931
"k__Bacteria.p__Bacteroidetes.c__Bacteroidia.o__Bacteroidales.f__Bacteroidaceae.g__Bacteroides.s__Bacteroides_eggerthii",-0.0444250690264991,0.0642150924356956,-0.691816632841975,0.489052489922379
"k__Bacteria.p__Bacteroidetes.c__Bacteroidia.o__Bacteroidales.f__Bacteroidaceae.g__Bacteroides.s__Bacteroides_faecis",0.0379124089059136,0.133282102633002,0.284452361997222,0.776063736365371
"k__Bacteria.p__Bacteroidetes.c__Bacteroidia.o__Bacteroidales.f__Bacteroidaceae.g__Bacteroides.s__Bacteroides_faecis_CAG_32",-0.343721287661836,0.649794505327459,-0.528969212333705,0.596826807543133
"k__Bacteria.p__Bacteroidetes.c__Bacteroidia.o__Bacteroidales.f__Bacteroidaceae.g__Bacteroides.s__Bacteroides_finegoldii",0.351944127743841,0.241634042514702,1.45651715329982,0.145249711264065
"k__Bacteria.p__Bacteroidetes.c__Bacteroidia.o__Bacteroidales.f__Bacteroidaceae.g__Bacteroides.s__Bacteroides_fragilis",0.151953324306401,0.142523341601746,1.06616447943667,0.286349296005885
"k__Bacteria.p__Bacteroidetes.c__Bacteroidia.o__Bacteroidales.f__Bacteroidaceae.g__Bacteroides.s__Bacteroides_galacturonicus",NA,NA,NA,NA
"k__Bacteria.p__Bacteroidetes.c__Bacteroidia.o__Bacteroidales.f__Bacteroidaceae.g__Bacteroides.s__Bacteroides_intestinalis",0.799482601500519,0.572061510367673,1.3975465697503,0.162249272721798
"k__Bacteria.p__Bacteroidetes.c__Bacteroidia.o__Bacteroidales.f__Bacteroidaceae.g__Bacteroides.s__Bacteroides_massiliensis",-0.137780840688005,0.517899857846258,-0.266037610554638,0.790210243380763
"k__Bacteria.p__Bacteroidetes.c__Bacteroidia.o__Bacteroidales.f__Bacteroidaceae.g__Bacteroides.s__Bacteroides_nordii",-98.5527819170723,138.6043704859,-0.711036611411167,0.477061548735554
"k__Bacteria.p__Bacteroidetes.c__Bacteroidia.o__Bacteroidales.f__Bacteroidaceae.g__Bacteroides.s__Bacteroides_ovatus",-0.193843064907278,0.203255780668939,-0.953690292444903,0.340240435440573
"k__Bacteria.p__Bacteroidetes.c__Bacteroidia.o__Bacteroidales.f__Bacteroidaceae.g__Bacteroides.s__Bacteroides_plebeius",-0.220643539770028,0.217569041537205,-1.01413113837842,0.310520181585349
"k__Bacteria.p__Bacteroidetes.c__Bacteroidia.o__Bacteroidales.f__Bacteroidaceae.g__Bacteroides.s__Bacteroides_salyersiae",0.161422498683087,0.452078745139258,0.357067215432486,0.721041487123381
"k__Bacteria.p__Bacteroidetes.c__Bacteroidia.o__Bacteroidales.f__Bacteroidaceae.g__Bacteroides.s__Bacteroides_sp_CAG_443",-2.31259831949416,226.300532808194,-0.0102191465958865,0.991846442620775
"k__Bacteria.p__Bacteroidetes.c__Bacteroidia.o__Bacteroidales.f__Bacteroidaceae.g__Bacteroides.s__Bacteroides_stercorirosoris",-23.4474012205883,2294.45785913483,-0.010219146595889,0.991846442620773
"k__Bacteria.p__Bacteroidetes.c__Bacteroidia.o__Bacteroidales.f__Bacteroidaceae.g__Bacteroides.s__Bacteroides_stercoris",0.0344249972726227,0.0339973355270972,1.01257927243106,0.311261164514009
"k__Bacteria.p__Bacteroidetes.c__Bacteroidia.o__Bacteroidales.f__Bacteroidaceae.g__Bacteroides.s__Bacteroides_thetaiotaomicron",-0.0404631109051753,0.0905073229094567,-0.44707002267269,0.654824502582175
"k__Bacteria.p__Bacteroidetes.c__Bacteroidia.o__Bacteroidales.f__Bacteroidaceae.g__Bacteroides.s__Bacteroides_uniformis",-0.0890541558736121,0.0464805218598483,-1.91594569747162,0.0553720079970696
"k__Bacteria.p__Bacteroidetes.c__Bacteroidia.o__Bacteroidales.f__Bacteroidaceae.g__Bacteroides.s__Bacteroides_vulgatus",0.0167896272718838,0.0351769476165664,0.477290623816854,0.633155186681443
"k__Bacteria.p__Bacteroidetes.c__Bacteroidia.o__Bacteroidales.f__Bacteroidaceae.g__Bacteroides.s__Bacteroides_xylanisolvens",0.807313807379732,0.535698953574593,1.50702890493386,0.131803248356658
"k__Bacteria.p__Bacteroidetes.c__Bacteroidia.o__Bacteroidales.f__Barnesiellaceae",-0.263222589160351,0.297379937988011,-0.885139027673626,0.376081652394704
"k__Bacteria.p__Bacteroidetes.c__Bacteroidia.o__Bacteroidales.f__Barnesiellaceae.g__Barnesiella",-0.202973436562254,0.316290064133213,-0.641731940326671,0.521047246869901
"k__Bacteria.p__Bacteroidetes.c__Bacteroidia.o__Bacteroidales.f__Barnesiellaceae.g__Barnesiella.s__Barnesiella_intestinihominis",-0.202973436562254,0.316290064133213,-0.641731940326671,0.521047246869901
"k__Bacteria.p__Bacteroidetes.c__Bacteroidia.o__Bacteroidales.f__Barnesiellaceae.g__Coprobacter",-0.32559777051441,0.6045906209138,-0.538542543088561,0.590202542463994
"k__Bacteria.p__Bacteroidetes.c__Bacteroidia.o__Bacteroidales.f__Barnesiellaceae.g__Coprobacter.s__Coprobacter_fastidiosus",-0.185673006599843,0.571095429217509,-0.3251173045707,0.745092292634093
"k__Bacteria.p__Bacteroidetes.c__Bacteroidia.o__Bacteroidales.f__Barnesiellaceae.g__Coprobacter.s__Coprobacter_secundus",-175.222915506952,17146.5311572581,-0.0102191465958863,0.991846442620775
"k__Bacteria.p__Bacteroidetes.c__Bacteroidia.o__Bacteroidales.f__Barnesiellaceae.g__Coprobacter.s__Coprobacter_sp",-12.707975137731,27.1532205450144,-0.468009867067657,0.639777533574655
"k__Bacteria.p__Bacteroidetes.c__Bacteroidia.o__Bacteroidales.f__Muribaculaceae",-0.48109450205116,47.077757182254,-0.0102191465958898,0.991846442620772
"k__Bacteria.p__Bacteroidetes.c__Bacteroidia.o__Bacteroidales.f__Muribaculaceae.g__Muribaculaceae_unclassified",-1.24027311239331,121.367581994774,-0.0102191465958901,0.991846442620772
"k__Bacteria.p__Bacteroidetes.c__Bacteroidia.o__Bacteroidales.f__Muribaculaceae.g__Muribaculaceae_unclassified.s__Muribaculaceae_bacterium_DSM_103720",-1.24027311239331,121.367581994774,-0.0102191465958901,0.991846442620772
"k__Bacteria.p__Bacteroidetes.c__Bacteroidia.o__Bacteroidales.f__Muribaculaceae.g__Muribaculum",-0.785965584334472,76.911078333156,-0.0102191465958896,0.991846442620772
"k__Bacteria.p__Bacteroidetes.c__Bacteroidia.o__Bacteroidales.f__Muribaculaceae.g__Muribaculum.s__Muribaculum_intestinale",-0.785965584334472,76.911078333156,-0.0102191465958896,0.991846442620772
"k__Bacteria.p__Bacteroidetes.c__Bacteroidia.o__Bacteroidales.f__Odoribacteraceae",-0.984146058752298,0.557275508079407,-1.76599553449614,0.0773965980421165
"k__Bacteria.p__Bacteroidetes.c__Bacteroidia.o__Bacteroidales.f__Odoribacteraceae.g__Butyricimonas",-0.463098682107375,1.51350753342979,-0.305977123918199,0.759622063462073
"k__Bacteria.p__Bacteroidetes.c__Bacteroidia.o__Bacteroidales.f__Odoribacteraceae.g__Butyricimonas.s__Butyricimonas_synergistica",-4.06543015319464,7.23294946189317,-0.562070863983411,0.574067738547168
"k__Bacteria.p__Bacteroidetes.c__Bacteroidia.o__Bacteroidales.f__Odoribacteraceae.g__Butyricimonas.s__Butyricimonas_virosa",-0.253051658649543,1.47633153569136,-0.171405712424236,0.863904763386762
"k__Bacteria.p__Bacteroidetes.c__Bacteroidia.o__Bacteroidales.f__Odoribacteraceae.g__Odoribacter",-1.13210883754311,0.63998837783406,-1.7689521821858,0.0769018548276746
"k__Bacteria.p__Bacteroidetes.c__Bacteroidia.o__Bacteroidales.f__Odoribacteraceae.g__Odoribacter.s__Odoribacter_laneus",-97.2053318366014,11840.56848403,-0.00820951561301364,0.99344982781685
"k__Bacteria.p__Bacteroidetes.c__Bacteroidia.o__Bacteroidales.f__Odoribacteraceae.g__Odoribacter.s__Odoribacter_splanchnicus",-1.1335319077965,0.644196923167029,-1.75960465974252,0.0784748609156952
"k__Bacteria.p__Bacteroidetes.c__Bacteroidia.o__Bacteroidales.f__Porphyromonadaceae",83.343655961032,7416.79440346288,0.0112371533343461,0.991034237537421
"k__Bacteria.p__Bacteroidetes.c__Bacteroidia.o__Bacteroidales.f__Porphyromonadaceae.g__Porphyromonas",NA,NA,NA,NA
"k__Bacteria.p__Bacteroidetes.c__Bacteroidia.o__Bacteroidales.f__Porphyromonadaceae.g__Porphyromonas.s__Porphyromonas_asaccharolytica",NA,NA,NA,NA
"k__Bacteria.p__Bacteroidetes.c__Bacteroidia.o__Bacteroidales.f__Porphyromonadaceae.g__Sanguibacteroides",83.343655961032,7416.79440346288,0.0112371533343461,0.991034237537421
"k__Bacteria.p__Bacteroidetes.c__Bacteroidia.o__Bacteroidales.f__Porphyromonadaceae.g__Sanguibacteroides.s__Sanguibacteroides_justesenii",83.343655961032,7416.79440346288,0.0112371533343461,0.991034237537421
"k__Bacteria.p__Bacteroidetes.c__Bacteroidia.o__Bacteroidales.f__Prevotellaceae",0.0130462863626334,0.0297974896036333,0.437831727980289,0.661508269312442
"k__Bacteria.p__Bacteroidetes.c__Bacteroidia.o__Bacteroidales.f__Prevotellaceae.g__Paraprevotella",-0.558229029195169,0.795687363888845,-0.701568297461554,0.482948428152937
"k__Bacteria.p__Bacteroidetes.c__Bacteroidia.o__Bacteroidales.f__Prevotellaceae.g__Paraprevotella.s__Paraprevotella_clara",-11365.1680460437,1317473.41901699,-0.00862648754957318,0.99311714413644
"k__Bacteria.p__Bacteroidetes.c__Bacteroidia.o__Bacteroidales.f__Prevotellaceae.g__Paraprevotella.s__Paraprevotella_xylaniphila",-0.505012220655767,0.827504432149893,-0.610283402765256,0.541674089482419
"k__Bacteria.p__Bacteroidetes.c__Bacteroidia.o__Bacteroidales.f__Prevotellaceae.g__Prevotella",0.0143748819632047,0.0301577140124245,0.476656883120601,0.633606470534748
"k__Bacteria.p__Bacteroidetes.c__Bacteroidia.o__Bacteroidales.f__Prevotellaceae.g__Prevotella.s__Prevotella_buccalis",-240.740062613003,23557.7462710876,-0.0102191465958891,0.991846442620773
"k__Bacteria.p__Bacteroidetes.c__Bacteroidia.o__Bacteroidales.f__Prevotellaceae.g__Prevotella.s__Prevotella_copri",0.0291348537076649,0.0363596632959081,0.801296026053787,0.422960290914563
"k__Bacteria.p__Bacteroidetes.c__Bacteroidia.o__Bacteroidales.f__Prevotellaceae.g__Prevotella.s__Prevotella_sp_AM42_24",97.8726846744978,8709.74007002354,0.0112371533349598,0.991034237536931
"k__Bacteria.p__Bacteroidetes.c__Bacteroidia.o__Bacteroidales.f__Prevotellaceae.g__Prevotella.s__Prevotella_sp_CAG_1031",0.184945262474249,0.198846504693221,0.930090588012002,0.352324183518089
"k__Bacteria.p__Bacteroidetes.c__Bacteroidia.o__Bacteroidales.f__Prevotellaceae.g__Prevotella.s__Prevotella_sp_CAG_1092",43.9921605579354,3914.88477952603,0.0112371533353943,0.991034237536585
"k__Bacteria.p__Bacteroidetes.c__Bacteroidia.o__Bacteroidales.f__Prevotellaceae.g__Prevotella.s__Prevotella_sp_CAG_279",-5.70789458423461,591.007223728568,-0.00965791001372951,0.992294222503631
"k__Bacteria.p__Bacteroidetes.c__Bacteroidia.o__Bacteroidales.f__Prevotellaceae.g__Prevotella.s__Prevotella_sp_CAG_520",24.6069626848603,2189.78614536487,0.0112371533343317,0.991034237537432
"k__Bacteria.p__Bacteroidetes.c__Bacteroidia.o__Bacteroidales.f__Prevotellaceae.g__Prevotella.s__Prevotella_sp_CAG_891",0.00214945032662587,0.0589537899285979,0.0364599176614292,0.970915638516876
"k__Bacteria.p__Bacteroidetes.c__Bacteroidia.o__Bacteroidales.f__Prevotellaceae.g__Prevotella.s__Prevotella_sp_MGM1",-0.932944739258413,91.293801346739,-0.0102191465958903,0.991846442620772
"k__Bacteria.p__Bacteroidetes.c__Bacteroidia.o__Bacteroidales.f__Prevotellaceae.g__Prevotella.s__Prevotella_stercorea",-1.3195057698803,9.31869122550777,-0.141597756374678,0.887397739229927
"k__Bacteria.p__Bacteroidetes.c__Bacteroidia.o__Bacteroidales.f__Rikenellaceae",0.010281562544896,0.0475774381766719,0.21610164268864,0.828908519287017
"k__Bacteria.p__Bacteroidetes.c__Bacteroidia.o__Bacteroidales.f__Rikenellaceae.g__Alistipes",0.010281562544896,0.0475774381766719,0.21610164268864,0.828908519287017
"k__Bacteria.p__Bacteroidetes.c__Bacteroidia.o__Bacteroidales.f__Rikenellaceae.g__Alistipes.s__Alistipes_finegoldii",0.0115380648521589,0.0693022052602008,0.166489144304113,0.867772025539818
"k__Bacteria.p__Bacteroidetes.c__Bacteroidia.o__Bacteroidales.f__Rikenellaceae.g__Alistipes.s__Alistipes_indistinctus",-11.2635269890142,11.3406926776423,-0.993195681179135,0.320614602629437
"k__Bacteria.p__Bacteroidetes.c__Bacteroidia.o__Bacteroidales.f__Rikenellaceae.g__Alistipes.s__Alistipes_inops",-0.946172035495256,1.69635664161254,-0.557767165397385,0.577003386672749
"k__Bacteria.p__Bacteroidetes.c__Bacteroidia.o__Bacteroidales.f__Rikenellaceae.g__Alistipes.s__Alistipes_onderdonkii",-19.6365522877058,1921.54521940253,-0.0102191465958898,0.991846442620772
"k__Bacteria.p__Bacteroidetes.c__Bacteroidia.o__Bacteroidales.f__Rikenellaceae.g__Alistipes.s__Alistipes_putredinis",0.0128690282669265,0.0826755615241918,0.155656980487043,0.876303408343484
"k__Bacteria.p__Bacteroidetes.c__Bacteroidia.o__Bacteroidales.f__Rikenellaceae.g__Alistipes.s__Alistipes_shahii",0.096752700945291,0.296888066273703,0.325889491482942,0.744507966644119
"k__Bacteria.p__Bacteroidetes.c__Bacteroidia.o__Bacteroidales.f__Rikenellaceae.g__Alistipes.s__Alistipes_timonensis",976.389588605054,86889.4069086768,0.0112371533348279,0.991034237537036
"k__Bacteria.p__Bacteroidetes.c__Bacteroidia.o__Bacteroidales.f__Tannerellaceae",0.0229545555310238,0.0263749942774667,0.870315090480793,0.384128234371472
"k__Bacteria.p__Bacteroidetes.c__Bacteroidia.o__Bacteroidales.f__Tannerellaceae.g__Parabacteroides",0.0229545555310238,0.0263749942774667,0.870315090480793,0.384128234371472
"k__Bacteria.p__Bacteroidetes.c__Bacteroidia.o__Bacteroidales.f__Tannerellaceae.g__Parabacteroides.s__Parabacteroides_distasonis",0.0241602142630444,0.0274701152731406,0.879509023635858,0.379125342625718
"k__Bacteria.p__Bacteroidetes.c__Bacteroidia.o__Bacteroidales.f__Tannerellaceae.g__Parabacteroides.s__Parabacteroides_goldsteinii",-11.6230951309664,13.6183764274442,-0.853486110689612,0.393389786752128
"k__Bacteria.p__Bacteroidetes.c__Bacteroidia.o__Bacteroidales.f__Tannerellaceae.g__Parabacteroides.s__Parabacteroides_gordonii",51.4820139130552,53.321635864745,0.965499521500875,0.334294675540573
"k__Bacteria.p__Bacteroidetes.c__Bacteroidia.o__Bacteroidales.f__Tannerellaceae.g__Parabacteroides.s__Parabacteroides_johnsonii",-195.979985086705,19177.7251894588,-0.0102191465958865,0.991846442620775
"k__Bacteria.p__Bacteroidetes.c__Bacteroidia.o__Bacteroidales.f__Tannerellaceae.g__Parabacteroides.s__Parabacteroides_merdae",-0.00196205947085096,0.097096112803822,-0.0202073946545647,0.983877929009722
"k__Bacteria.p__Bacteroidetes.c__Bacteroidia.o__Bacteroidales.f__Tannerellaceae.g__Parabacteroides.s__Parabacteroides_sp_CAG_409",33.9460451017332,3020.87584728016,0.0112371533349497,0.991034237536939
"k__Bacteria.p__Candidatus_Melainabacteria",-218.590844624207,21390.322819336,-0.0102191465958901,0.991846442620772
"k__Bacteria.p__Candidatus_Melainabacteria.c__Candidatus_Melainabacteria_unclassified",-218.590844624207,21390.322819336,-0.0102191465958901,0.991846442620772
"k__Bacteria.p__Candidatus_Melainabacteria.c__Candidatus_Melainabacteria_unclassified.o__Candidatus_Gastranaerophilales",-218.590844624207,21390.322819336,-0.0102191465958901,0.991846442620772
"k__Bacteria.p__Candidatus_Melainabacteria.c__Candidatus_Melainabacteria_unclassified.o__Candidatus_Gastranaerophilales.f__Candidatus_Gastranaerophilales_unclassified",-218.590844624207,21390.322819336,-0.0102191465958901,0.991846442620772
"k__Bacteria.p__Candidatus_Melainabacteria.c__Candidatus_Melainabacteria_unclassified.o__Candidatus_Gastranaerophilales.f__Candidatus_Gastranaerophilales_unclassified.g__Candidatus_Gastranaerophilales_unclassified",-218.590844624207,21390.322819336,-0.0102191465958901,0.991846442620772
"k__Bacteria.p__Candidatus_Melainabacteria.c__Candidatus_Melainabacteria_unclassified.o__Candidatus_Gastranaerophilales.f__Candidatus_Gastranaerophilales_unclassified.g__Candidatus_Gastranaerophilales_unclassified.s__Candidatus_Gastranaerophilales_bacterium",-218.590844624207,21390.322819336,-0.0102191465958901,0.991846442620772
"k__Bacteria.p__Deferribacteres",-159.392573874518,15597.4446964706,-0.0102191465958898,0.991846442620772
"k__Bacteria.p__Deferribacteres.c__Deferribacteres",-159.392573874518,15597.4446964706,-0.0102191465958898,0.991846442620772
"k__Bacteria.p__Deferribacteres.c__Deferribacteres.o__Deferribacterales",-159.392573874518,15597.4446964706,-0.0102191465958898,0.991846442620772
"k__Bacteria.p__Deferribacteres.c__Deferribacteres.o__Deferribacterales.f__Deferribacteraceae",-159.392573874518,15597.4446964706,-0.0102191465958898,0.991846442620772
"k__Bacteria.p__Deferribacteres.c__Deferribacteres.o__Deferribacterales.f__Deferribacteraceae.g__Mucispirillum",-159.392573874518,15597.4446964706,-0.0102191465958898,0.991846442620772
"k__Bacteria.p__Deferribacteres.c__Deferribacteres.o__Deferribacterales.f__Deferribacteraceae.g__Mucispirillum.s__Mucispirillum_schaedleri",-159.392573874518,15597.4446964706,-0.0102191465958898,0.991846442620772
"k__Bacteria.p__Firmicutes",0.0359299960739887,0.0218254416514697,1.64624371170831,0.0997135930866168
"k__Bacteria.p__Firmicutes.c__Bacilli",-0.0945903665313919,0.113937131701581,-0.830197891756122,0.406426907029995
"k__Bacteria.p__Firmicutes.c__Bacilli.o__Bacillales",811.63898804549,72228.167032636,0.0112371533349137,0.991034237536968
"k__Bacteria.p__Firmicutes.c__Bacilli.o__Bacillales.f__Bacillales_unclassified",811.63898804549,72228.167032636,0.0112371533349137,0.991034237536968
"k__Bacteria.p__Firmicutes.c__Bacilli.o__Bacillales.f__Bacillales_unclassified.g__Gemella",811.63898804549,72228.167032636,0.0112371533349137,0.991034237536968
"k__Bacteria.p__Firmicutes.c__Bacilli.o__Bacillales.f__Bacillales_unclassified.g__Gemella.s__Gemella_sanguinis",811.63898804549,72228.167032636,0.0112371533349137,0.991034237536968
"k__Bacteria.p__Firmicutes.c__Bacilli.o__Lactobacillales",-0.0947678958132753,0.114079104451062,-0.830720895551291,0.406131319216426
"k__Bacteria.p__Firmicutes.c__Bacilli.o__Lactobacillales.f__Enterococcaceae",-6.04306003014731,10.0421538814313,-0.601769311792902,0.54732770534291
"k__Bacteria.p__Firmicutes.c__Bacilli.o__Lactobacillales.f__Enterococcaceae.g__Enterococcus",-6.04306003014731,10.0421538814313,-0.601769311792902,0.54732770534291
"k__Bacteria.p__Firmicutes.c__Bacilli.o__Lactobacillales.f__Enterococcaceae.g__Enterococcus.s__Enterococcus_faecalis",-701.365046978517,104349.796295141,-0.00672128812781569,0.994637228351978
"k__Bacteria.p__Firmicutes.c__Bacilli.o__Lactobacillales.f__Enterococcaceae.g__Enterococcus.s__Enterococcus_faecium",505.549477871337,44989.1055864247,0.0112371533348261,0.991034237537038
"k__Bacteria.p__Firmicutes.c__Bacilli.o__Lactobacillales.f__Lactobacillaceae",-0.0837901451448566,0.121024108932643,-0.692342590941863,0.488722209156537
"k__Bacteria.p__Firmicutes.c__Bacilli.o__Lactobacillales.f__Lactobacillaceae.g__Lactobacillus",-0.0892911524811199,0.126821070338149,-0.704071904164181,0.481387995941658
"k__Bacteria.p__Firmicutes.c__Bacilli.o__Lactobacillales.f__Lactobacillaceae.g__Lactobacillus.s__Lactobacillus_animalis",NA,NA,NA,NA
"k__Bacteria.p__Firmicutes.c__Bacilli.o__Lactobacillales.f__Lactobacillaceae.g__Lactobacillus.s__Lactobacillus_crispatus",23.3994142236999,2713.26518781877,0.00862407933022979,0.993119065546
"k__Bacteria.p__Firmicutes.c__Bacilli.o__Lactobacillales.f__Lactobacillaceae.g__Lactobacillus.s__Lactobacillus_fermentum",1049.69419698256,141331.519638102,0.00742717689352268,0.994074024708743
"k__Bacteria.p__Firmicutes.c__Bacilli.o__Lactobacillales.f__Lactobacillaceae.g__Lactobacillus.s__Lactobacillus_gasseri",1238.90414515253,154282.678205184,0.0080300922926998,0.993592982194535
"k__Bacteria.p__Firmicutes.c__Bacilli.o__Lactobacillales.f__Lactobacillaceae.g__Lactobacillus.s__Lactobacillus_helveticus",-207.83847216645,20338.1437203414,-0.0102191465958901,0.991846442620772
"k__Bacteria.p__Firmicutes.c__Bacilli.o__Lactobacillales.f__Lactobacillaceae.g__Lactobacillus.s__Lactobacillus_intestinalis",NA,NA,NA,NA
"k__Bacteria.p__Firmicutes.c__Bacilli.o__Lactobacillales.f__Lactobacillaceae.g__Lactobacillus.s__Lactobacillus_johnsonii",-28.868689456275,3270.09244263412,-0.00882809582992117,0.992956290128382
"k__Bacteria.p__Firmicutes.c__Bacilli.o__Lactobacillales.f__Lactobacillaceae.g__Lactobacillus.s__Lactobacillus_murinus",-0.70562185566444,69.0490002314129,-0.0102191465958898,0.991846442620772
"k__Bacteria.p__Firmicutes.c__Bacilli.o__Lactobacillales.f__Lactobacillaceae.g__Lactobacillus.s__Lactobacillus_oris",695.460147118886,83832.5900236928,0.00829582083676927,0.993380968556243
"k__Bacteria.p__Firmicutes.c__Bacilli.o__Lactobacillales.f__Lactobacillaceae.g__Lactobacillus.s__Lactobacillus_paragasseri",455.16271219276,52728.9185922207,0.00863212681664804,0.993112644819831
"k__Bacteria.p__Firmicutes.c__Bacilli.o__Lactobacillales.f__Lactobacillaceae.g__Lactobacillus.s__Lactobacillus_reuteri",-368.490601621974,38659.3906543318,-0.00953172296265059,0.99239490056905
"k__Bacteria.p__Firmicutes.c__Bacilli.o__Lactobacillales.f__Lactobacillaceae.g__Lactobacillus.s__Lactobacillus_rhamnosus",-536.198183371775,75904.5912446967,-0.00706410738242713,0.994363704660452
"k__Bacteria.p__Firmicutes.c__Bacilli.o__Lactobacillales.f__Lactobacillaceae.g__Lactobacillus.s__Lactobacillus_rogosae",6.4425367251279,33.5905250354701,0.191796249636612,0.847901808784819
"k__Bacteria.p__Firmicutes.c__Bacilli.o__Lactobacillales.f__Lactobacillaceae.g__Lactobacillus.s__Lactobacillus_salivarius",0.0692888197008071,0.521121020263002,0.1329610915826,0.894224151643227
"k__Bacteria.p__Firmicutes.c__Bacilli.o__Lactobacillales.f__Lactobacillaceae.g__Lactobacillus.s__Lactobacillus_vaginalis",2126.72634708827,189258.461079468,0.0112371533349586,0.991034237536932
"k__Bacteria.p__Firmicutes.c__Bacilli.o__Lactobacillales.f__Lactobacillaceae.g__Pediococcus",746.86999413512,88988.037927413,0.00839292574069717,0.993303492749962
"k__Bacteria.p__Firmicutes.c__Bacilli.o__Lactobacillales.f__Lactobacillaceae.g__Pediococcus.s__Pediococcus_acidilactici",746.86999413512,88988.037927413,0.00839292574069717,0.993303492749962
"k__Bacteria.p__Firmicutes.c__Bacilli.o__Lactobacillales.f__Leuconostocaceae",6.48207549602155,6.89732087557413,0.93979613431889,0.347322142087114
"k__Bacteria.p__Firmicutes.c__Bacilli.o__Lactobacillales.f__Leuconostocaceae.g__Leuconostoc",-152.012684671214,14875.2817316853,-0.0102191465958872,0.991846442620774
"k__Bacteria.p__Firmicutes.c__Bacilli.o__Lactobacillales.f__Leuconostocaceae.g__Leuconostoc.s__Leuconostoc_garlicum",-169.56927452093,16593.2911256135,-0.0102191465958903,0.991846442620772
"k__Bacteria.p__Firmicutes.c__Bacilli.o__Lactobacillales.f__Leuconostocaceae.g__Leuconostoc.s__Leuconostoc_lactis",-1468.20543615356,143672.020200375,-0.0102191465958779,0.991846442620782
"k__Bacteria.p__Firmicutes.c__Bacilli.o__Lactobacillales.f__Leuconostocaceae.g__Weissella",34.947061004976,3109.95676247055,0.0112371533349596,0.991034237536931
"k__Bacteria.p__Firmicutes.c__Bacilli.o__Lactobacillales.f__Leuconostocaceae.g__Weissella.s__Weissella_confusa",34.947061004976,3109.95676247055,0.0112371533349596,0.991034237536931
"k__Bacteria.p__Firmicutes.c__Bacilli.o__Lactobacillales.f__Streptococcaceae",-0.171333260913748,0.308604851626699,-0.555186543603015,0.57876707205416
"k__Bacteria.p__Firmicutes.c__Bacilli.o__Lactobacillales.f__Streptococcaceae.g__Lactococcus",-38.6271342794099,55.305128860059,-0.698436746746397,0.484904102349387
"k__Bacteria.p__Firmicutes.c__Bacilli.o__Lactobacillales.f__Streptococcaceae.g__Lactococcus.s__Lactococcus_lactis",-38.6271342794099,55.305128860059,-0.698436746746397,0.484904102349387
"k__Bacteria.p__Firmicutes.c__Bacilli.o__Lactobacillales.f__Streptococcaceae.g__Streptococcus",-0.168298796105779,0.306763551855175,-0.548627094346703,0.583261388007357
"k__Bacteria.p__Firmicutes.c__Bacilli.o__Lactobacillales.f__Streptococcaceae.g__Streptococcus.s__Streptococcus_anginosus_group",-317.119852201116,31031.9310155261,-0.0102191465958871,0.991846442620774
"k__Bacteria.p__Firmicutes.c__Bacilli.o__Lactobacillales.f__Streptococcaceae.g__Streptococcus.s__Streptococcus_lutetiensis",-2.84648662265362,278.544455346069,-0.0102191465958893,0.991846442620773
"k__Bacteria.p__Firmicutes.c__Bacilli.o__Lactobacillales.f__Streptococcaceae.g__Streptococcus.s__Streptococcus_mitis",507.246949528213,45737.6786163752,0.0110903518690301,0.991151360861264
"k__Bacteria.p__Firmicutes.c__Bacilli.o__Lactobacillales.f__Streptococcaceae.g__Streptococcus.s__Streptococcus_mutans",NA,NA,NA,NA
"k__Bacteria.p__Firmicutes.c__Bacilli.o__Lactobacillales.f__Streptococcaceae.g__Streptococcus.s__Streptococcus_oralis",1093.21695248248,97285.9335375088,0.011237153334824,0.99103423753704
"k__Bacteria.p__Firmicutes.c__Bacilli.o__Lactobacillales.f__Streptococcaceae.g__Streptococcus.s__Streptococcus_parasanguinis",1.78403123598427,1.74589937530753,1.02184081237215,0.306856249476745
"k__Bacteria.p__Firmicutes.c__Bacilli.o__Lactobacillales.f__Streptococcaceae.g__Streptococcus.s__Streptococcus_pasteurianus",NA,NA,NA,NA
"k__Bacteria.p__Firmicutes.c__Bacilli.o__Lactobacillales.f__Streptococcaceae.g__Streptococcus.s__Streptococcus_salivarius",-0.0926469556139279,0.720483532768905,-0.128589969652567,0.897682103468819
"k__Bacteria.p__Firmicutes.c__Bacilli.o__Lactobacillales.f__Streptococcaceae.g__Streptococcus.s__Streptococcus_salivarius_CAG_79",NA,NA,NA,NA
"k__Bacteria.p__Firmicutes.c__Bacilli.o__Lactobacillales.f__Streptococcaceae.g__Streptococcus.s__Streptococcus_sanguinis",NA,NA,NA,NA
"k__Bacteria.p__Firmicutes.c__Bacilli.o__Lactobacillales.f__Streptococcaceae.g__Streptococcus.s__Streptococcus_thermophilus",-1.34985824921504,1.82339759330756,-0.740298360691841,0.459118975443106
"k__Bacteria.p__Firmicutes.c__Bacilli.o__Lactobacillales.f__Streptococcaceae.g__Streptococcus.s__Streptococcus_vestibularis",-3.83915762825519,4.82199198992919,-0.796176691349413,0.425929343350399
"k__Bacteria.p__Firmicutes.c__Clostridia",0.0365312251247015,0.0213283502521584,1.71280125714386,0.0867491087860435
"k__Bacteria.p__Firmicutes.c__Clostridia.o__Clostridiales",0.0365312251247015,0.0213283502521584,1.71280125714386,0.0867491087860435
"k__Bacteria.p__Firmicutes.c__Clostridia.o__Clostridiales.f__Catabacteriaceae",NA,NA,NA,NA
"k__Bacteria.p__Firmicutes.c__Clostridia.o__Clostridiales.f__Catabacteriaceae.g__Catabacter",NA,NA,NA,NA
"k__Bacteria.p__Firmicutes.c__Clostridia.o__Clostridiales.f__Catabacteriaceae.g__Catabacter.s__Catabacter_hongkongensis",NA,NA,NA,NA
"k__Bacteria.p__Firmicutes.c__Clostridia.o__Clostridiales.f__Christensenellaceae",NA,NA,NA,NA
"k__Bacteria.p__Firmicutes.c__Clostridia.o__Clostridiales.f__Christensenellaceae.g__Christensenella",NA,NA,NA,NA
"k__Bacteria.p__Firmicutes.c__Clostridia.o__Clostridiales.f__Christensenellaceae.g__Christensenella.s__Christensenella_minuta",NA,NA,NA,NA
"k__Bacteria.p__Firmicutes.c__Clostridia.o__Clostridiales.f__Clostridiaceae",0.120600603690486,0.513654100051857,0.234789527968939,0.814372096045473
"k__Bacteria.p__Firmicutes.c__Clostridia.o__Clostridiales.f__Clostridiaceae.g__Clostridium",0.228585631172684,0.502923501823645,0.454513718972791,0.649459119956358
"k__Bacteria.p__Firmicutes.c__Clostridia.o__Clostridiales.f__Clostridiaceae.g__Clostridium.s__Butyribacterium_methylotrophicum",-6744.76307813206,977487.707839793,-0.00690010014861231,0.994494560310395
"k__Bacteria.p__Firmicutes.c__Clostridia.o__Clostridiales.f__Clostridiaceae.g__Clostridium.s__Clostridium_bolteae_CAG_59",-13.4141864065029,13.1032273995031,-1.0237314821394,0.305962121136497
"k__Bacteria.p__Firmicutes.c__Clostridia.o__Clostridiales.f__Clostridiaceae.g__Clostridium.s__Clostridium_disporicum",1.40309963176622,1.50023117684757,0.935255614881,0.349656583361907
"k__Bacteria.p__Firmicutes.c__Clostridia.o__Clostridiales.f__Clostridiaceae.g__Clostridium.s__Clostridium_neonatale",NA,NA,NA,NA
"k__Bacteria.p__Firmicutes.c__Clostridia.o__Clostridiales.f__Clostridiaceae.g__Clostridium.s__Clostridium_paraputrificum",-246.240415036922,24095.9861693389,-0.0102191465958862,0.991846442620775
"k__Bacteria.p__Firmicutes.c__Clostridia.o__Clostridiales.f__Clostridiaceae.g__Clostridium.s__Clostridium_perfringens",-6.49330765605794,50.1202579799381,-0.129554553742661,0.896918860973849
"k__Bacteria.p__Firmicutes.c__Clostridia.o__Clostridiales.f__Clostridiaceae.g__Clostridium.s__Clostridium_sp_ASF356",NA,NA,NA,NA
"k__Bacteria.p__Firmicutes.c__Clostridia.o__Clostridiales.f__Clostridiaceae.g__Clostridium.s__Clostridium_sp_ASF502",NA,NA,NA,NA
"k__Bacteria.p__Firmicutes.c__Clostridia.o__Clostridiales.f__Clostridiaceae.g__Clostridium.s__Clostridium_sp_CAG_167",-6.67263730616907,9.62452164242619,-0.693295475253044,0.488124142015696
"k__Bacteria.p__Firmicutes.c__Clostridia.o__Clostridiales.f__Clostridiaceae.g__Clostridium.s__Clostridium_sp_CAG_242",-6.47251849335589,10.7052062617188,-0.604614085438154,0.545435445455672
"k__Bacteria.p__Firmicutes.c__Clostridia.o__Clostridiales.f__Clostridiaceae.g__Clostridium.s__Clostridium_sp_CAG_253",0.880176315226741,1.20805618444106,0.728588890618509,0.466253176138263
"k__Bacteria.p__Firmicutes.c__Clostridia.o__Clostridiales.f__Clostridiaceae.g__Clostridium.s__Clostridium_sp_CAG_299",0.201221985084927,0.631858650434038,0.318460441978127,0.750135696599237
"k__Bacteria.p__Firmicutes.c__Clostridia.o__Clostridiales.f__Clostridiaceae.g__Clostridium.s__Clostridium_sp_CAG_58",0.00834884198363946,0.958356305505844,0.00871162628729483,0.993049215804648
"k__Bacteria.p__Firmicutes.c__Clostridia.o__Clostridiales.f__Clostridiaceae.g__Clostridium.s__Clostridium_sp_chh4_2",35.5687812290321,3165.28396194257,0.011237153334958,0.991034237536933
"k__Bacteria.p__Firmicutes.c__Clostridia.o__Clostridiales.f__Clostridiaceae.g__Hungatella",-13.4000347994604,15.9894446331715,-0.838055048620067,0.401999787296824
"k__Bacteria.p__Firmicutes.c__Clostridia.o__Clostridiales.f__Clostridiaceae.g__Hungatella.s__Hungatella_hathewayi",-13.4000347994604,15.9894446331715,-0.838055048620067,0.401999787296824
"k__Bacteria.p__Firmicutes.c__Clostridia.o__Clostridiales.f__Clostridiaceae.g__Lactonifactor",NA,NA,NA,NA
"k__Bacteria.p__Firmicutes.c__Clostridia.o__Clostridiales.f__Clostridiaceae.g__Lactonifactor.s__Lactonifactor_longoviformis",NA,NA,NA,NA
"k__Bacteria.p__Firmicutes.c__Clostridia.o__Clostridiales.f__Clostridiales_unclassified",0.111213380966983,0.314865806643697,0.353208822998148,0.723931893849448
"k__Bacteria.p__Firmicutes.c__Clostridia.o__Clostridiales.f__Clostridiales_unclassified.g__Clostridiales_unclassified",-25.2015048147291,49.4344824288145,-0.509796068989277,0.610194339977627
"k__Bacteria.p__Firmicutes.c__Clostridia.o__Clostridiales.f__Clostridiales_unclassified.g__Clostridiales_unclassified.s__Bacteroides_pectinophilus",1517.1174034444,135009.050623113,0.0112371533348496,0.991034237537019
"k__Bacteria.p__Firmicutes.c__Clostridia.o__Clostridiales.f__Clostridiales_unclassified.g__Clostridiales_unclassified.s__Clostridiales_bacterium_1_7_47FAA",-3907.28885495651,405331.338293324,-0.00963974034528992,0.992308719126721
"k__Bacteria.p__Firmicutes.c__Clostridia.o__Clostridiales.f__Clostridiales_unclassified.g__Intestinimonas",-0.292502302395824,0.535693108199795,-0.546025882951495,0.585048145579494
"k__Bacteria.p__Firmicutes.c__Clostridia.o__Clostridiales.f__Clostridiales_unclassified.g__Intestinimonas.s__Intestinimonas_butyriciproducens",-0.292502302395824,0.535693108199795,-0.546025882951495,0.585048145579494
"k__Bacteria.p__Firmicutes.c__Clostridia.o__Clostridiales.f__Clostridiales_unclassified.g__Lawsonibacter",1.19678590811265,1.17397222551185,1.01943289807462,0.307997494507148
"k__Bacteria.p__Firmicutes.c__Clostridia.o__Clostridiales.f__Clostridiales_unclassified.g__Lawsonibacter.s__Lawsonibacter_asaccharolyticus",1.19678590811265,1.17397222551185,1.01943289807462,0.307997494507148
"k__Bacteria.p__Firmicutes.c__Clostridia.o__Clostridiales.f__Clostridiales_unclassified.g__Monoglobus",0.387447873967999,0.518275962185106,0.747570603765759,0.454719201386974
"k__Bacteria.p__Firmicutes.c__Clostridia.o__Clostridiales.f__Clostridiales_unclassified.g__Monoglobus.s__Monoglobus_pectinilyticus",0.387447873967999,0.518275962185106,0.747570603765759,0.454719201386974
"k__Bacteria.p__Firmicutes.c__Clostridia.o__Clostridiales.f__Eubacteriaceae",0.063556221463369,0.0659915261970121,0.963096705380436,0.335498994993068
"k__Bacteria.p__Firmicutes.c__Clostridia.o__Clostridiales.f__Eubacteriaceae.g__Anaerofustis",NA,NA,NA,NA
"k__Bacteria.p__Firmicutes.c__Clostridia.o__Clostridiales.f__Eubacteriaceae.g__Anaerofustis.s__Anaerofustis_stercorihominis",NA,NA,NA,NA
"k__Bacteria.p__Firmicutes.c__Clostridia.o__Clostridiales.f__Eubacteriaceae.g__Eubacterium",0.063556221463369,0.0659915261970121,0.963096705380436,0.335498994993068
"k__Bacteria.p__Firmicutes.c__Clostridia.o__Clostridiales.f__Eubacteriaceae.g__Eubacterium.s__Eubacterium_callanderi",-82.251688145193,128.211511973925,-0.641531223513852,0.52117760143037
"k__Bacteria.p__Firmicutes.c__Clostridia.o__Clostridiales.f__Eubacteriaceae.g__Eubacterium.s__Eubacterium_coprostanoligenes",-24.2001384168558,2368.11735596286,-0.01021914659589,0.991846442620772
"k__Bacteria.p__Firmicutes.c__Clostridia.o__Clostridiales.f__Eubacteriaceae.g__Eubacterium.s__Eubacterium_dolichum_CAG_375",529.101443194364,47085.0069790008,0.0112371533348256,0.991034237537038
"k__Bacteria.p__Firmicutes.c__Clostridia.o__Clostridiales.f__Eubacteriaceae.g__Eubacterium.s__Eubacterium_eligens",-0.262410785362986,0.487913667425189,-0.537822165851136,0.590699827574364
"k__Bacteria.p__Firmicutes.c__Clostridia.o__Clostridiales.f__Eubacteriaceae.g__Eubacterium.s__Eubacterium_hallii",0.17385037306265,0.226743147677157,0.766728233437877,0.443243113536186
"k__Bacteria.p__Firmicutes.c__Clostridia.o__Clostridiales.f__Eubacteriaceae.g__Eubacterium.s__Eubacterium_limosum",-4083.19556265033,420257.051438085,-0.00971594777215035,0.992247917244864
"k__Bacteria.p__Firmicutes.c__Clostridia.o__Clostridiales.f__Eubacteriaceae.g__Eubacterium.s__Eubacterium_ramulus",-3.42322298687213,5.18009001201605,-0.660842375119237,0.508713404280001
"k__Bacteria.p__Firmicutes.c__Clostridia.o__Clostridiales.f__Eubacteriaceae.g__Eubacterium.s__Eubacterium_sp_An11",-420.376514082293,41136.1663263946,-0.0102191465958889,0.991846442620773
"k__Bacteria.p__Firmicutes.c__Clostridia.o__Clostridiales.f__Eubacteriaceae.g__Eubacterium.s__Eubacterium_sp_CAG_180",0.013757833848902,0.0949242068607337,0.144934936028347,0.88476224268834
"k__Bacteria.p__Firmicutes.c__Clostridia.o__Clostridiales.f__Eubacteriaceae.g__Eubacterium.s__Eubacterium_sp_CAG_251",-13.1272725994191,1974.47803520646,-0.00664847740281216,0.994695321607267
"k__Bacteria.p__Firmicutes.c__Clostridia.o__Clostridiales.f__Eubacteriaceae.g__Eubacterium.s__Eubacterium_sp_CAG_274",-3.20963048614559,6.86629709975487,-0.46744707365782,0.64018005015589
"k__Bacteria.p__Firmicutes.c__Clostridia.o__Clostridiales.f__Eubacteriaceae.g__Eubacterium.s__Eubacterium_sp_CAG_38",1.25691778831534,1.13666164599713,1.10579765996478,0.268814108089067
"k__Bacteria.p__Firmicutes.c__Clostridia.o__Clostridiales.f__Eubacteriaceae.g__Eubacterium.s__Eubacterium_ventriosum",-1.47658790639975,3.92669927458965,-0.376037940046748,0.70688869041413
"k__Bacteria.p__Firmicutes.c__Clostridia.o__Clostridiales.f__Lachnospiraceae",0.0659425335620787,0.0580372407553606,1.13621069340703,0.255868396222368
"k__Bacteria.p__Firmicutes.c__Clostridia.o__Clostridiales.f__Lachnospiraceae.g__Anaerostipes",-0.552445485324477,0.555103223322511,-0.995212173364575,0.319633082365005
"k__Bacteria.p__Firmicutes.c__Clostridia.o__Clostridiales.f__Lachnospiraceae.g__Anaerostipes.s__Anaerostipes_caccae",654.300929575433,65411.1336292609,0.0100028984864243,0.992018974828833
"k__Bacteria.p__Firmicutes.c__Clostridia.o__Clostridiales.f__Lachnospiraceae.g__Anaerostipes.s__Anaerostipes_hadrus",-0.584252070472905,0.567606770740521,-1.02932540728975,0.303326787983199
"k__Bacteria.p__Firmicutes.c__Clostridia.o__Clostridiales.f__Lachnospiraceae.g__Anaerotignum",0.572962012810595,0.953436315581012,0.600944188350366,0.547877160223907
"k__Bacteria.p__Firmicutes.c__Clostridia.o__Clostridiales.f__Lachnospiraceae.g__Anaerotignum.s__Anaerotignum_lactatifermentans",0.572962012810595,0.953436315581012,0.600944188350366,0.547877160223907
"k__Bacteria.p__Firmicutes.c__Clostridia.o__Clostridiales.f__Lachnospiraceae.g__Blautia",0.213638510879671,0.135871260664878,1.57235981939259,0.115867127216341
"k__Bacteria.p__Firmicutes.c__Clostridia.o__Clostridiales.f__Lachnospiraceae.g__Blautia.s__Blautia_coccoides",-2.26448218919943,4.64120950953401,-0.487907771572842,0.625615169516876
"k__Bacteria.p__Firmicutes.c__Clostridia.o__Clostridiales.f__Lachnospiraceae.g__Blautia.s__Blautia_hansenii",-2.39299301452288,5.1949004386285,-0.460642709671381,0.645054964198183
"k__Bacteria.p__Firmicutes.c__Clostridia.o__Clostridiales.f__Lachnospiraceae.g__Blautia.s__Blautia_hydrogenotrophica",1.77070481930604,1.8890307939915,0.937361542722428,0.34857261588795
"k__Bacteria.p__Firmicutes.c__Clostridia.o__Clostridiales.f__Lachnospiraceae.g__Blautia.s__Blautia_obeum",-0.230013661562319,0.351401256547967,-0.654561295033167,0.512750250774848
"k__Bacteria.p__Firmicutes.c__Clostridia.o__Clostridiales.f__Lachnospiraceae.g__Blautia.s__Blautia_producta",4.39226709787053,3.33128262435986,1.31849128193215,0.187339241573855
"k__Bacteria.p__Firmicutes.c__Clostridia.o__Clostridiales.f__Lachnospiraceae.g__Blautia.s__Blautia_sp_An249",429.816704576014,38249.6075087549,0.0112371533349103,0.991034237536971
"k__Bacteria.p__Firmicutes.c__Clostridia.o__Clostridiales.f__Lachnospiraceae.g__Blautia.s__Blautia_sp_CAG_257",0.123577268460516,0.204061615749994,0.605588013239672,0.544788364017192
"k__Bacteria.p__Firmicutes.c__Clostridia.o__Clostridiales.f__Lachnospiraceae.g__Blautia.s__Blautia_sp_N6H1_15",-325.301615595932,33726.8797163502,-0.00964517377035124,0.992304384082287
"k__Bacteria.p__Firmicutes.c__Clostridia.o__Clostridiales.f__Lachnospiraceae.g__Blautia.s__Blautia_wexlerae",0.262350952541646,0.29649436151188,0.884842973754608,0.376241328226298
"k__Bacteria.p__Firmicutes.c__Clostridia.o__Clostridiales.f__Lachnospiraceae.g__Blautia.s__Ruminococcus_gnavus",0.611482657211703,0.341523223034189,1.79045703474896,0.0733804684397331
"k__Bacteria.p__Firmicutes.c__Clostridia.o__Clostridiales.f__Lachnospiraceae.g__Blautia.s__Ruminococcus_torques",-0.520012542999974,0.603523350621677,-0.861627876476228,0.388892325814262
"k__Bacteria.p__Firmicutes.c__Clostridia.o__Clostridiales.f__Lachnospiraceae.g__Butyrivibrio",41.704615744048,5015.24529820419,0.00831556848455273,0.993365212756427
"k__Bacteria.p__Firmicutes.c__Clostridia.o__Clostridiales.f__Lachnospiraceae.g__Butyrivibrio.s__Butyrivibrio_crossotus",1.82336896660968,162.262533246497,0.0112371533349584,0.991034237536932
"k__Bacteria.p__Firmicutes.c__Clostridia.o__Clostridiales.f__Lachnospiraceae.g__Butyrivibrio.s__Butyrivibrio_sp_CAG_318",39.8472957851932,3546.03115198174,0.0112371533349119,0.991034237536969
"k__Bacteria.p__Firmicutes.c__Clostridia.o__Clostridiales.f__Lachnospiraceae.g__Coprococcus",0.217810023054524,0.710269236466794,0.306658393566377,0.75910340192187
"k__Bacteria.p__Firmicutes.c__Clostridia.o__Clostridiales.f__Lachnospiraceae.g__Coprococcus.s__Coprococcus_catus",-2.24485695611413,3.23373970378526,-0.694198408575189,0.487557790504276
"k__Bacteria.p__Firmicutes.c__Clostridia.o__Clostridiales.f__Lachnospiraceae.g__Coprococcus.s__Coprococcus_comes",0.104662546553948,1.28612710388439,0.0813780739382937,0.935141285731023
"k__Bacteria.p__Firmicutes.c__Clostridia.o__Clostridiales.f__Lachnospiraceae.g__Coprococcus.s__Coprococcus_eutactus",1.20156068348795,1.25584723830047,0.956772963178235,0.338681861560389
"k__Bacteria.p__Firmicutes.c__Clostridia.o__Clostridiales.f__Lachnospiraceae.g__Dorea",-0.00453036964910629,0.502631685465493,-0.00901329896246128,0.992808525288122
"k__Bacteria.p__Firmicutes.c__Clostridia.o__Clostridiales.f__Lachnospiraceae.g__Dorea.s__Dorea_formicigenerans",0.126944956347659,1.54224912654923,0.0823115761016493,0.934398949260987
"k__Bacteria.p__Firmicutes.c__Clostridia.o__Clostridiales.f__Lachnospiraceae.g__Dorea.s__Dorea_longicatena",0.550704515720419,0.60651669387401,0.907979155862798,0.363889234461531
"k__Bacteria.p__Firmicutes.c__Clostridia.o__Clostridiales.f__Lachnospiraceae.g__Dorea.s__Dorea_sp_5_2",NA,NA,NA,NA
"k__Bacteria.p__Firmicutes.c__Clostridia.o__Clostridiales.f__Lachnospiraceae.g__Dorea.s__Dorea_sp_CAG_317",-7.92210564287782,4.8053391920074,-1.64860488018296,0.0992286082954918
"k__Bacteria.p__Firmicutes.c__Clostridia.o__Clostridiales.f__Lachnospiraceae.g__Eisenbergiella",0.522485343809885,3.87445704524768,0.13485382279583,0.892727450019352
"k__Bacteria.p__Firmicutes.c__Clostridia.o__Clostridiales.f__Lachnospiraceae.g__Eisenbergiella.s__Eisenbergiella_massiliensis",10.2244364784267,8.58350543057627,1.19117259971726,0.233585833793761
"k__Bacteria.p__Firmicutes.c__Clostridia.o__Clostridiales.f__Lachnospiraceae.g__Eisenbergiella.s__Eisenbergiella_tayi",-5.95480143938759,12.1015690314158,-0.492068542841748,0.622670889353964
"k__Bacteria.p__Firmicutes.c__Clostridia.o__Clostridiales.f__Lachnospiraceae.g__Fusicatenibacter",-0.140502813708923,0.216790028501205,-0.648105517953479,0.516916705321373
"k__Bacteria.p__Firmicutes.c__Clostridia.o__Clostridiales.f__Lachnospiraceae.g__Fusicatenibacter.s__Fusicatenibacter_saccharivorans",-0.140502813708923,0.216790028501205,-0.648105517953479,0.516916705321373
"k__Bacteria.p__Firmicutes.c__Clostridia.o__Clostridiales.f__Lachnospiraceae.g__Lachnoclostridium",0.354814967662118,0.278234649954857,1.27523645138981,0.202225562991088
"k__Bacteria.p__Firmicutes.c__Clostridia.o__Clostridiales.f__Lachnospiraceae.g__Lachnoclostridium.s__Clostridium_aldenense",2.88215810117309,28.6843551162857,0.10047839979281,0.919964530512256
"k__Bacteria.p__Firmicutes.c__Clostridia.o__Clostridiales.f__Lachnospiraceae.g__Lachnoclostridium.s__Clostridium_asparagiforme",-1.56362472120163,3.00973937341887,-0.519521635331983,0.603397029563178
"k__Bacteria.p__Firmicutes.c__Clostridia.o__Clostridiales.f__Lachnospiraceae.g__Lachnoclostridium.s__Clostridium_bolteae",-1.07996743654673,2.0417933033234,-0.528930834864075,0.596853430799746
"k__Bacteria.p__Firmicutes.c__Clostridia.o__Clostridiales.f__Lachnospiraceae.g__Lachnoclostridium.s__Clostridium_citroniae",-19.4983703732994,20.9882065025485,-0.92901555790066,0.352881023622935
"k__Bacteria.p__Firmicutes.c__Clostridia.o__Clostridiales.f__Lachnospiraceae.g__Lachnoclostridium.s__Clostridium_clostridioforme",0.676905421056102,0.464072386816732,1.45862033657999,0.144669633102852
"k__Bacteria.p__Firmicutes.c__Clostridia.o__Clostridiales.f__Lachnospiraceae.g__Lachnoclostridium.s__Clostridium_hylemonae",NA,NA,NA,NA
"k__Bacteria.p__Firmicutes.c__Clostridia.o__Clostridiales.f__Lachnospiraceae.g__Lachnoclostridium.s__Clostridium_lavalense",0.205063758975722,2.81054141200282,0.0729623687806086,0.941836063026155
"k__Bacteria.p__Firmicutes.c__Clostridia.o__Clostridiales.f__Lachnospiraceae.g__Lachnoclostridium.s__Clostridium_saccharolyticum",-12.1705361743852,16.6149518895546,-0.732505050588592,0.463860361166149
"k__Bacteria.p__Firmicutes.c__Clostridia.o__Clostridiales.f__Lachnospiraceae.g__Lachnoclostridium.s__Clostridium_scindens",9.80487137320894,8.17751758463907,1.19900339824726,0.230526624239303
"k__Bacteria.p__Firmicutes.c__Clostridia.o__Clostridiales.f__Lachnospiraceae.g__Lachnoclostridium.s__Clostridium_symbiosum",0.87193669023946,1.08519893310728,0.803480968915825,0.421696792233251
"k__Bacteria.p__Firmicutes.c__Clostridia.o__Clostridiales.f__Lachnospiraceae.g__Lachnoclostridium.s__Lachnoclostridium_sp_An14",-38.6139135141139,3778.58494853616,-0.0102191465958898,0.991846442620772
"k__Bacteria.p__Firmicutes.c__Clostridia.o__Clostridiales.f__Lachnospiraceae.g__Lachnoclostridium.s__Lachnoclostridium_sp_An181",105.622097708055,9399.36428381884,0.0112371533349213,0.991034237536962
"k__Bacteria.p__Firmicutes.c__Clostridia.o__Clostridiales.f__Lachnospiraceae.g__Lachnospira",-0.670833058612637,0.70160592323927,-0.956139388783155,0.339001817041799
"k__Bacteria.p__Firmicutes.c__Clostridia.o__Clostridiales.f__Lachnospiraceae.g__Lachnospira.s__Lachnospira_pectinoschiza",-0.670833058612637,0.70160592323927,-0.956139388783155,0.339001817041799
"k__Bacteria.p__Firmicutes.c__Clostridia.o__Clostridiales.f__Lachnospiraceae.g__Lachnospiraceae_unclassified",0.20449935284664,0.14343330745249,1.42574522249218,0.153941897756756
"k__Bacteria.p__Firmicutes.c__Clostridia.o__Clostridiales.f__Lachnospiraceae.g__Lachnospiraceae_unclassified.s__Eubacterium_rectale",0.209987768271911,0.142910140577591,1.46936926535245,0.141732658916287
"k__Bacteria.p__Firmicutes.c__Clostridia.o__Clostridiales.f__Lachnospiraceae.g__Lachnospiraceae_unclassified.s__Lachnospiraceae_bacterium_10_1",NA,NA,NA,NA
"k__Bacteria.p__Firmicutes.c__Clostridia.o__Clostridiales.f__Lachnospiraceae.g__Lachnospiraceae_unclassified.s__Lachnospiraceae_bacterium_3_1",NA,NA,NA,NA
"k__Bacteria.p__Firmicutes.c__Clostridia.o__Clostridiales.f__Lachnospiraceae.g__Lachnospiraceae_unclassified.s__Lachnospiraceae_bacterium_3_2",NA,NA,NA,NA
"k__Bacteria.p__Firmicutes.c__Clostridia.o__Clostridiales.f__Lachnospiraceae.g__Lachnospiraceae_unclassified.s__Lachnospiraceae_bacterium_A2",-12.962732767598,1268.47507724484,-0.0102191465958901,0.991846442620772
"k__Bacteria.p__Firmicutes.c__Clostridia.o__Clostridiales.f__Lachnospiraceae.g__Lachnospiraceae_unclassified.s__Lachnospiraceae_bacterium_A4",NA,NA,NA,NA
"k__Bacteria.p__Firmicutes.c__Clostridia.o__Clostridiales.f__Lachnospiraceae.g__Lachnospiraceae_unclassified.s__Lachnospiraceae_bacterium_COE1",NA,NA,NA,NA
"k__Bacteria.p__Firmicutes.c__Clostridia.o__Clostridiales.f__Lachnospiraceae.g__Lachnospiraceae_unclassified.s__Lachnospiraceae_bacterium_M18_1",NA,NA,NA,NA
"k__Bacteria.p__Firmicutes.c__Clostridia.o__Clostridiales.f__Lachnospiraceae.g__Lachnospiraceae_unclassified.s__Lachnospiraceae_bacterium_oral_taxon_096",NA,NA,NA,NA
"k__Bacteria.p__Firmicutes.c__Clostridia.o__Clostridiales.f__Lachnospiraceae.g__Roseburia",-0.0699272625024663,0.145605806244706,-0.480250508588551,0.631049275839496
"k__Bacteria.p__Firmicutes.c__Clostridia.o__Clostridiales.f__Lachnospiraceae.g__Roseburia.s__Roseburia_faecis",-0.366103139840474,0.288050409053015,-1.27096899825299,0.203739677883269
"k__Bacteria.p__Firmicutes.c__Clostridia.o__Clostridiales.f__Lachnospiraceae.g__Roseburia.s__Roseburia_hominis",-0.490974617938131,0.730403186937725,-0.672196708227113,0.501458476331514
"k__Bacteria.p__Firmicutes.c__Clostridia.o__Clostridiales.f__Lachnospiraceae.g__Roseburia.s__Roseburia_intestinalis",0.517391879013632,0.392730137733098,1.31742341445987,0.187696736732123
"k__Bacteria.p__Firmicutes.c__Clostridia.o__Clostridiales.f__Lachnospiraceae.g__Roseburia.s__Roseburia_inulinivorans",0.58324555696997,0.622089965163566,0.937558214456356,0.348471493742321
"k__Bacteria.p__Firmicutes.c__Clostridia.o__Clostridiales.f__Lachnospiraceae.g__Roseburia.s__Roseburia_sp_CAG_182",203.870925070227,18142.5774834146,0.0112371533348334,0.991034237537032
"k__Bacteria.p__Firmicutes.c__Clostridia.o__Clostridiales.f__Lachnospiraceae.g__Roseburia.s__Roseburia_sp_CAG_303",-68.8019663608799,6732.6528409481,-0.0102191465958894,0.991846442620773
"k__Bacteria.p__Firmicutes.c__Clostridia.o__Clostridiales.f__Lachnospiraceae.g__Roseburia.s__Roseburia_sp_CAG_309",-2.41804972728234,6.23683409401425,-0.387704673690622,0.69823459671301
"k__Bacteria.p__Firmicutes.c__Clostridia.o__Clostridiales.f__Lachnospiraceae.g__Roseburia.s__Roseburia_sp_CAG_471",-302.84913598516,29635.4625255077,-0.0102191465958897,0.991846442620772
"k__Bacteria.p__Firmicutes.c__Clostridia.o__Clostridiales.f__Lachnospiraceae.g__Sellimonas",1.11385495993171,3.46507431486216,0.321451968621348,0.74786790574401
"k__Bacteria.p__Firmicutes.c__Clostridia.o__Clostridiales.f__Lachnospiraceae.g__Sellimonas.s__Sellimonas_intestinalis",1.11385495993171,3.46507431486216,0.321451968621348,0.74786790574401
"k__Bacteria.p__Firmicutes.c__Clostridia.o__Clostridiales.f__Lachnospiraceae.g__Tyzzerella",90.4217009285687,86.7964362466047,1.04176743699089,0.297519514672043
"k__Bacteria.p__Firmicutes.c__Clostridia.o__Clostridiales.f__Lachnospiraceae.g__Tyzzerella.s__Tyzzerella_nexilis",90.4217009285687,86.7964362466047,1.04176743699089,0.297519514672043
"k__Bacteria.p__Firmicutes.c__Clostridia.o__Clostridiales.f__Oscillospiraceae",0.188700021565481,0.255461672549695,0.73866275000127,0.460111810332427
"k__Bacteria.p__Firmicutes.c__Clostridia.o__Clostridiales.f__Oscillospiraceae.g__Oscillibacter",0.188700021565481,0.255461672549695,0.73866275000127,0.460111810332427
"k__Bacteria.p__Firmicutes.c__Clostridia.o__Clostridiales.f__Oscillospiraceae.g__Oscillibacter.s__Oscillibacter_sp_1_3",NA,NA,NA,NA
"k__Bacteria.p__Firmicutes.c__Clostridia.o__Clostridiales.f__Oscillospiraceae.g__Oscillibacter.s__Oscillibacter_sp_57_20",-0.0586230938598128,0.354325848459141,-0.165449667628674,0.868590063180062
"k__Bacteria.p__Firmicutes.c__Clostridia.o__Clostridiales.f__Oscillospiraceae.g__Oscillibacter.s__Oscillibacter_sp_CAG_241",0.613470293748761,0.520364907987863,1.17892326006555,0.238428734722839
"k__Bacteria.p__Firmicutes.c__Clostridia.o__Clostridiales.f__Peptostreptococcaceae",0.920482386744491,2.30695991282817,0.399002332734966,0.689891485425858
"k__Bacteria.p__Firmicutes.c__Clostridia.o__Clostridiales.f__Peptostreptococcaceae.g__Clostridioides",63.3297298353547,65.8737619257265,0.961380191202072,0.336361040529263
"k__Bacteria.p__Firmicutes.c__Clostridia.o__Clostridiales.f__Peptostreptococcaceae.g__Clostridioides.s__Clostridioides_difficile",63.3297298353547,65.8737619257265,0.961380191202072,0.336361040529263
"k__Bacteria.p__Firmicutes.c__Clostridia.o__Clostridiales.f__Peptostreptococcaceae.g__Intestinibacter",0.730042789546094,2.32511674817776,0.313981132396144,0.753535368833219
"k__Bacteria.p__Firmicutes.c__Clostridia.o__Clostridiales.f__Peptostreptococcaceae.g__Intestinibacter.s__Intestinibacter_bartlettii",0.730042789546094,2.32511674817776,0.313981132396144,0.753535368833219
"k__Bacteria.p__Firmicutes.c__Clostridia.o__Clostridiales.f__Peptostreptococcaceae.g__Paeniclostridium",NA,NA,NA,NA
"k__Bacteria.p__Firmicutes.c__Clostridia.o__Clostridiales.f__Peptostreptococcaceae.g__Paeniclostridium.s__Paeniclostridium_sordellii",NA,NA,NA,NA
"k__Bacteria.p__Firmicutes.c__Clostridia.o__Clostridiales.f__Peptostreptococcaceae.g__Peptostreptococcaceae_unclassified",NA,NA,NA,NA
"k__Bacteria.p__Firmicutes.c__Clostridia.o__Clostridiales.f__Peptostreptococcaceae.g__Peptostreptococcaceae_unclassified.s__Clostridium_hiranonis",NA,NA,NA,NA
"k__Bacteria.p__Firmicutes.c__Clostridia.o__Clostridiales.f__Peptostreptococcaceae.g__Romboutsia",1308.85917085371,126451.186593554,0.0103507069100167,0.99174147822909
"k__Bacteria.p__Firmicutes.c__Clostridia.o__Clostridiales.f__Peptostreptococcaceae.g__Romboutsia.s__Romboutsia_ilealis",1308.85917085371,126451.186593554,0.0103507069100167,0.99174147822909
"k__Bacteria.p__Firmicutes.c__Clostridia.o__Clostridiales.f__Peptostreptococcaceae.g__Terrisporobacter",-636.410828764656,62276.3185549411,-0.0102191465958799,0.99184644262078
"k__Bacteria.p__Firmicutes.c__Clostridia.o__Clostridiales.f__Peptostreptococcaceae.g__Terrisporobacter.s__Terrisporobacter_othiniensis",-636.410828764656,62276.3185549411,-0.0102191465958799,0.99184644262078
"k__Bacteria.p__Firmicutes.c__Clostridia.o__Clostridiales.f__Ruminococcaceae",0.0385240045935608,0.0288322301324554,1.33614376746375,0.181502286736762
"k__Bacteria.p__Firmicutes.c__Clostridia.o__Clostridiales.f__Ruminococcaceae.g__Acutalibacter",NA,NA,NA,NA
"k__Bacteria.p__Firmicutes.c__Clostridia.o__Clostridiales.f__Ruminococcaceae.g__Acutalibacter.s__Acutalibacter_muris",NA,NA,NA,NA
"k__Bacteria.p__Firmicutes.c__Clostridia.o__Clostridiales.f__Ruminococcaceae.g__Agathobaculum",0.688995777393895,1.57480410632189,0.43751205285025,0.661740037009343
"k__Bacteria.p__Firmicutes.c__Clostridia.o__Clostridiales.f__Ruminococcaceae.g__Agathobaculum.s__Agathobaculum_butyriciproducens",0.688995777393895,1.57480410632189,0.43751205285025,0.661740037009343
"k__Bacteria.p__Firmicutes.c__Clostridia.o__Clostridiales.f__Ruminococcaceae.g__Anaeromassilibacillus",5.79788807126678,9.13031814552368,0.635014900779696,0.525418696754077
"k__Bacteria.p__Firmicutes.c__Clostridia.o__Clostridiales.f__Ruminococcaceae.g__Anaeromassilibacillus.s__Anaeromassilibacillus_sp_An250",5.79788807126678,9.13031814552368,0.635014900779696,0.525418696754077
"k__Bacteria.p__Firmicutes.c__Clostridia.o__Clostridiales.f__Ruminococcaceae.g__Anaerotruncus",0.709821089020284,0.757580445074913,0.936958040079946,0.348780142056624
"k__Bacteria.p__Firmicutes.c__Clostridia.o__Clostridiales.f__Ruminococcaceae.g__Anaerotruncus.s__Anaerotruncus_colihominis",0.747069465528587,0.794376373179916,0.940447740833532,0.346987943666213
"k__Bacteria.p__Firmicutes.c__Clostridia.o__Clostridiales.f__Ruminococcaceae.g__Anaerotruncus.s__Anaerotruncus_sp_G3_2012",-77.8035209679389,7613.50473230627,-0.0102191465958898,0.991846442620772
"k__Bacteria.p__Firmicutes.c__Clostridia.o__Clostridiales.f__Ruminococcaceae.g__Faecalibacterium",0.00475639576571946,0.0511770469876426,0.0929400199051728,0.925951212036541
"k__Bacteria.p__Firmicutes.c__Clostridia.o__Clostridiales.f__Ruminococcaceae.g__Faecalibacterium.s__Faecalibacterium_prausnitzii",0.00475639576571946,0.0511770469876426,0.0929400199051728,0.925951212036541
"k__Bacteria.p__Firmicutes.c__Clostridia.o__Clostridiales.f__Ruminococcaceae.g__Flavonifractor",-0.48093004781881,0.488763438185415,-0.983973043491783,0.325128767157144
"k__Bacteria.p__Firmicutes.c__Clostridia.o__Clostridiales.f__Ruminococcaceae.g__Flavonifractor.s__Flavonifractor_plautii",-0.471696859752571,0.486893567303764,-0.968788440489475,0.33265075524388
"k__Bacteria.p__Firmicutes.c__Clostridia.o__Clostridiales.f__Ruminococcaceae.g__Flavonifractor.s__Flavonifractor_sp_An10",-21.5167191369888,32.8103078599771,-0.655791443006711,0.511958322901286
"k__Bacteria.p__Firmicutes.c__Clostridia.o__Clostridiales.f__Ruminococcaceae.g__Flavonifractor.s__Flavonifractor_sp_An100",-931.905807064635,114886.555940319,-0.0081115305392977,0.993528005991178
"k__Bacteria.p__Firmicutes.c__Clostridia.o__Clostridiales.f__Ruminococcaceae.g__Gemmiger",2.57989484860636,3.51979559351588,0.732967236324461,0.463578412688394
"k__Bacteria.p__Firmicutes.c__Clostridia.o__Clostridiales.f__Ruminococcaceae.g__Gemmiger.s__Gemmiger_formicilis",2.57989484860636,3.51979559351588,0.732967236324461,0.463578412688394
"k__Bacteria.p__Firmicutes.c__Clostridia.o__Clostridiales.f__Ruminococcaceae.g__Harryflintia",3.93221434730802,4.71056732214744,0.834764494038781,0.403850320795803
"k__Bacteria.p__Firmicutes.c__Clostridia.o__Clostridiales.f__Ruminococcaceae.g__Harryflintia.s__Harryflintia_acetispora",3.93221434730802,4.71056732214744,0.834764494038781,0.403850320795803
"k__Bacteria.p__Firmicutes.c__Clostridia.o__Clostridiales.f__Ruminococcaceae.g__Pseudoflavonifractor",-195.470356389844,21410.8877251656,-0.00912948397558011,0.992715826874171
"k__Bacteria.p__Firmicutes.c__Clostridia.o__Clostridiales.f__Ruminococcaceae.g__Pseudoflavonifractor.s__Pseudoflavonifractor_sp_An184",-195.470356389844,21410.8877251656,-0.00912948397558011,0.992715826874171
"k__Bacteria.p__Firmicutes.c__Clostridia.o__Clostridiales.f__Ruminococcaceae.g__Ruminococcaceae_unclassified",0.0455440483157095,0.0598859879154629,0.760512599040715,0.446948241147467
"k__Bacteria.p__Firmicutes.c__Clostridia.o__Clostridiales.f__Ruminococcaceae.g__Ruminococcaceae_unclassified.s__Clostridium_leptum",0.319501844832673,1.50467415962985,0.212339557230963,0.831842136773797
"k__Bacteria.p__Firmicutes.c__Clostridia.o__Clostridiales.f__Ruminococcaceae.g__Ruminococcaceae_unclassified.s__Clostridium_methylpentosum",NA,NA,NA,NA
"k__Bacteria.p__Firmicutes.c__Clostridia.o__Clostridiales.f__Ruminococcaceae.g__Ruminococcaceae_unclassified.s__Eubacterium_siraeum",0.0468667899565588,0.061521643529517,0.76179352936293,0.446183242908234
"k__Bacteria.p__Firmicutes.c__Clostridia.o__Clostridiales.f__Ruminococcaceae.g__Ruminococcaceae_unclassified.s__Ruminococcaceae_bacterium_D16",-5.80649460505771,28.2512372098764,-0.20553063081527,0.837157568958953
"k__Bacteria.p__Firmicutes.c__Clostridia.o__Clostridiales.f__Ruminococcaceae.g__Ruminococcaceae_unclassified.s__Ruminococcaceae_bacterium_D5",2.34146206397709,3.5052878416809,0.66797996904422,0.504146378892157
"k__Bacteria.p__Firmicutes.c__Clostridia.o__Clostridiales.f__Ruminococcaceae.g__Ruminococcus",0.175124376922313,0.0791131802781573,2.21359293491408,0.0268567937739719
"k__Bacteria.p__Firmicutes.c__Clostridia.o__Clostridiales.f__Ruminococcaceae.g__Ruminococcus.s__Ruminococcus_bicirculans",0.225370450714883,0.168809040338355,1.33506150063503,0.18185621863739
"k__Bacteria.p__Firmicutes.c__Clostridia.o__Clostridiales.f__Ruminococcaceae.g__Ruminococcus.s__Ruminococcus_bromii",0.183165423206653,0.100808652532776,1.81696132826595,0.0692230349548824
"k__Bacteria.p__Firmicutes.c__Clostridia.o__Clostridiales.f__Ruminococcaceae.g__Ruminococcus.s__Ruminococcus_callidus",247.680352599719,27929.3430654327,0.00886810520460346,0.992924368515616
"k__Bacteria.p__Firmicutes.c__Clostridia.o__Clostridiales.f__Ruminococcaceae.g__Ruminococcus.s__Ruminococcus_lactaris",0.357908716527257,0.8178542549266,0.437619189936694,0.661662357927311
"k__Bacteria.p__Firmicutes.c__Clostridia.o__Clostridiales.f__Ruminococcaceae.g__Ruminococcus.s__Ruminococcus_obeum_CAG_39",995.406306100955,88581.7142905589,0.0112371533343315,0.991034237537433
"k__Bacteria.p__Firmicutes.c__Clostridia.o__Clostridiales.f__Ruminococcaceae.g__Ruminococcus.s__Ruminococcus_sp_CAG_330",NA,NA,NA,NA
"k__Bacteria.p__Firmicutes.c__Clostridia.o__Clostridiales.f__Ruminococcaceae.g__Ruthenibacterium",0.0545336766027336,0.182753261637204,0.298400565408196,0.765397457577304
"k__Bacteria.p__Firmicutes.c__Clostridia.o__Clostridiales.f__Ruminococcaceae.g__Ruthenibacterium.s__Ruthenibacterium_lactatiformans",0.0545336766027336,0.182753261637204,0.298400565408196,0.765397457577304
"k__Bacteria.p__Firmicutes.c__Erysipelotrichia",-0.191234847232142,0.391916757731155,-0.487947615047695,0.625586946705091
"k__Bacteria.p__Firmicutes.c__Erysipelotrichia.o__Erysipelotrichales",-0.191234847232142,0.391916757731155,-0.487947615047695,0.625586946705091
"k__Bacteria.p__Firmicutes.c__Erysipelotrichia.o__Erysipelotrichales.f__Erysipelotrichaceae",-0.191234847232142,0.391916757731155,-0.487947615047695,0.625586946705091
"k__Bacteria.p__Firmicutes.c__Erysipelotrichia.o__Erysipelotrichales.f__Erysipelotrichaceae.g__Absiella",1024.07799681518,91133.2226500527,0.0112371533348227,0.991034237537041
"k__Bacteria.p__Firmicutes.c__Erysipelotrichia.o__Erysipelotrichales.f__Erysipelotrichaceae.g__Absiella.s__Absiella_dolichum",1024.07799681518,91133.2226500527,0.0112371533348227,0.991034237537041
"k__Bacteria.p__Firmicutes.c__Erysipelotrichia.o__Erysipelotrichales.f__Erysipelotrichaceae.g__Candidatus_Stoquefichus",0.618583718239639,4.18315454002937,0.147874937997221,0.882441467313419
"k__Bacteria.p__Firmicutes.c__Erysipelotrichia.o__Erysipelotrichales.f__Erysipelotrichaceae.g__Candidatus_Stoquefichus.s__Candidatus_Stoquefichus_sp_KLE1796",0.618583718239639,4.18315454002937,0.147874937997221,0.882441467313419
"k__Bacteria.p__Firmicutes.c__Erysipelotrichia.o__Erysipelotrichales.f__Erysipelotrichaceae.g__Catenibacterium",-0.526001890184116,1.53055031374567,-0.343668473659548,0.731095622972533
"k__Bacteria.p__Firmicutes.c__Erysipelotrichia.o__Erysipelotrichales.f__Erysipelotrichaceae.g__Catenibacterium.s__Catenibacterium_mitsuokai",-0.526001890184116,1.53055031374567,-0.343668473659548,0.731095622972533
"k__Bacteria.p__Firmicutes.c__Erysipelotrichia.o__Erysipelotrichales.f__Erysipelotrichaceae.g__Coprobacillus",46.4362905676221,70.4089375273598,0.659522671387815,0.509560192534667
"k__Bacteria.p__Firmicutes.c__Erysipelotrichia.o__Erysipelotrichales.f__Erysipelotrichaceae.g__Coprobacillus.s__Coprobacillus_cateniformis",46.4362905676221,70.4089375273598,0.659522671387815,0.509560192534667
"k__Bacteria.p__Firmicutes.c__Erysipelotrichia.o__Erysipelotrichales.f__Erysipelotrichaceae.g__Dielma",1.95551838414061,5.35671126829793,0.365059508753766,0.715066985406876
"k__Bacteria.p__Firmicutes.c__Erysipelotrichia.o__Erysipelotrichales.f__Erysipelotrichaceae.g__Dielma.s__Dielma_fastidiosa",1.95551838414061,5.35671126829793,0.365059508753766,0.715066985406876
"k__Bacteria.p__Firmicutes.c__Erysipelotrichia.o__Erysipelotrichales.f__Erysipelotrichaceae.g__Erysipelatoclostridium",1.58943197849772,2.07997130795471,0.764160530685711,0.444771584110779
"k__Bacteria.p__Firmicutes.c__Erysipelotrichia.o__Erysipelotrichales.f__Erysipelotrichaceae.g__Erysipelatoclostridium.s__Clostridium_innocuum",0.469459829633095,3.57989918423015,0.131137723570853,0.895666359733337
"k__Bacteria.p__Firmicutes.c__Erysipelotrichia.o__Erysipelotrichales.f__Erysipelotrichaceae.g__Erysipelatoclostridium.s__Clostridium_spiroforme",20.9029253782,27.314413478396,0.765270885085373,0.444110257329752
"k__Bacteria.p__Firmicutes.c__Erysipelotrichia.o__Erysipelotrichales.f__Erysipelotrichaceae.g__Erysipelatoclostridium.s__Erysipelatoclostridium_ramosum",2.59124319283942,2.95180569880767,0.877850189762189,0.380025023255328
"k__Bacteria.p__Firmicutes.c__Erysipelotrichia.o__Erysipelotrichales.f__Erysipelotrichaceae.g__Erysipelothrix",39.3866666886226,3505.03953401189,0.0112371533349127,0.991034237536969
"k__Bacteria.p__Firmicutes.c__Erysipelotrichia.o__Erysipelotrichales.f__Erysipelotrichaceae.g__Erysipelothrix.s__Erysipelothrix_larvae",39.3866666886226,3505.03953401189,0.0112371533349127,0.991034237536969
"k__Bacteria.p__Firmicutes.c__Erysipelotrichia.o__Erysipelotrichales.f__Erysipelotrichaceae.g__Faecalibaculum",-1.94528900483168,190.357285373913,-0.01021914659589,0.991846442620772
"k__Bacteria.p__Firmicutes.c__Erysipelotrichia.o__Erysipelotrichales.f__Erysipelotrichaceae.g__Faecalibaculum.s__Faecalibaculum_rodentium",-1.94528900483168,190.357285373913,-0.01021914659589,0.991846442620772
"k__Bacteria.p__Firmicutes.c__Erysipelotrichia.o__Erysipelotrichales.f__Erysipelotrichaceae.g__Faecalitalea",-1.80816948073874,3.73815166900076,-0.483706826486812,0.62859394778744
"k__Bacteria.p__Firmicutes.c__Erysipelotrichia.o__Erysipelotrichales.f__Erysipelotrichaceae.g__Faecalitalea.s__Faecalitalea_cylindroides",-1.80816948073874,3.73815166900076,-0.483706826486812,0.62859394778744
"k__Bacteria.p__Firmicutes.c__Erysipelotrichia.o__Erysipelotrichales.f__Erysipelotrichaceae.g__Holdemanella",36.8778927781516,26.4928401887448,1.39199468669345,0.163924006925919
"k__Bacteria.p__Firmicutes.c__Erysipelotrichia.o__Erysipelotrichales.f__Erysipelotrichaceae.g__Holdemanella.s__Holdemanella_biformis",36.8778927781516,26.4928401887448,1.39199468669345,0.163924006925919
"k__Bacteria.p__Firmicutes.c__Erysipelotrichia.o__Erysipelotrichales.f__Erysipelotrichaceae.g__Holdemania",-20.7377823007301,17.3804083280163,-1.19317002853735,0.232802790067632
"k__Bacteria.p__Firmicutes.c__Erysipelotrichia.o__Erysipelotrichales.f__Erysipelotrichaceae.g__Holdemania.s__Holdemania_filiformis",-20.7377823007301,17.3804083280163,-1.19317002853735,0.232802790067632
"k__Bacteria.p__Firmicutes.c__Erysipelotrichia.o__Erysipelotrichales.f__Erysipelotrichaceae.g__Massiliomicrobiota",60.5925145753477,5392.15874049159,0.0112371533353307,0.991034237536635
"k__Bacteria.p__Firmicutes.c__Erysipelotrichia.o__Erysipelotrichales.f__Erysipelotrichaceae.g__Massiliomicrobiota.s__Massiliomicrobiota_timonensis",60.5925145753477,5392.15874049159,0.0112371533353307,0.991034237536635
"k__Bacteria.p__Firmicutes.c__Erysipelotrichia.o__Erysipelotrichales.f__Erysipelotrichaceae.g__Turicibacter",-1080.09593814315,105693.359813194,-0.0102191465958897,0.991846442620772
"k__Bacteria.p__Firmicutes.c__Erysipelotrichia.o__Erysipelotrichales.f__Erysipelotrichaceae.g__Turicibacter.s__Turicibacter_sanguinis",-1080.09593814315,105693.359813194,-0.0102191465958897,0.991846442620772
"k__Bacteria.p__Firmicutes.c__Firmicutes_unclassified",0.490132892326509,0.255605036447331,1.91754004200737,0.0551693590215613
"k__Bacteria.p__Firmicutes.c__Firmicutes_unclassified.o__Firmicutes_unclassified",0.490132892326509,0.255605036447331,1.91754004200737,0.0551693590215613
"k__Bacteria.p__Firmicutes.c__Firmicutes_unclassified.o__Firmicutes_unclassified.f__Firmicutes_unclassified",0.490132892326509,0.255605036447331,1.91754004200737,0.0551693590215613
"k__Bacteria.p__Firmicutes.c__Firmicutes_unclassified.o__Firmicutes_unclassified.f__Firmicutes_unclassified.g__Firmicutes_unclassified",0.490132892326509,0.255605036447331,1.91754004200737,0.0551693590215613
"k__Bacteria.p__Firmicutes.c__Firmicutes_unclassified.o__Firmicutes_unclassified.f__Firmicutes_unclassified.g__Firmicutes_unclassified.s__Firmicutes_bacterium_ASF500",NA,NA,NA,NA
"k__Bacteria.p__Firmicutes.c__Firmicutes_unclassified.o__Firmicutes_unclassified.f__Firmicutes_unclassified.g__Firmicutes_unclassified.s__Firmicutes_bacterium_CAG_110",0.827723394041445,0.645664729079319,1.28197090031808,0.199852854439268
"k__Bacteria.p__Firmicutes.c__Firmicutes_unclassified.o__Firmicutes_unclassified.f__Firmicutes_unclassified.g__Firmicutes_unclassified.s__Firmicutes_bacterium_CAG_145",0.428200552130779,0.450846984930794,0.949769137740842,0.342229570775983
"k__Bacteria.p__Firmicutes.c__Firmicutes_unclassified.o__Firmicutes_unclassified.f__Firmicutes_unclassified.g__Firmicutes_unclassified.s__Firmicutes_bacterium_CAG_170",2.77041471383678,3.4175538787027,0.810642585944665,0.417570953437779
"k__Bacteria.p__Firmicutes.c__Firmicutes_unclassified.o__Firmicutes_unclassified.f__Firmicutes_unclassified.g__Firmicutes_unclassified.s__Firmicutes_bacterium_CAG_238",NA,NA,NA,NA
"k__Bacteria.p__Firmicutes.c__Firmicutes_unclassified.o__Firmicutes_unclassified.f__Firmicutes_unclassified.g__Firmicutes_unclassified.s__Firmicutes_bacterium_CAG_424",2.54592682834443,3.50852221873333,0.725640788235789,0.468059009506516
"k__Bacteria.p__Firmicutes.c__Firmicutes_unclassified.o__Firmicutes_unclassified.f__Firmicutes_unclassified.g__Firmicutes_unclassified.s__Firmicutes_bacterium_CAG_646",18.0128142268013,18.5053921417275,0.9733819250544,0.330363518832175
"k__Bacteria.p__Firmicutes.c__Firmicutes_unclassified.o__Firmicutes_unclassified.f__Firmicutes_unclassified.g__Firmicutes_unclassified.s__Firmicutes_bacterium_CAG_83",-0.256932365453868,0.625738587445251,-0.410606554572358,0.68136105670477
"k__Bacteria.p__Firmicutes.c__Firmicutes_unclassified.o__Firmicutes_unclassified.f__Firmicutes_unclassified.g__Firmicutes_unclassified.s__Firmicutes_bacterium_CAG_94",-0.816110859594424,3.98192488083302,-0.204953856242435,0.837608177033173
"k__Bacteria.p__Firmicutes.c__Firmicutes_unclassified.o__Firmicutes_unclassified.f__Firmicutes_unclassified.g__Firmicutes_unclassified.s__Firmicutes_bacterium_CAG_95",-2.33075275119676,7.40313998572998,-0.314832997307822,0.75288845657064
"k__Bacteria.p__Firmicutes.c__Negativicutes",-0.0236852763548239,0.165988210668451,-0.142692521712481,0.886533023087478
"k__Bacteria.p__Firmicutes.c__Negativicutes.o__Acidaminococcales",-0.173103080586414,0.267886064473994,-0.646181730006409,0.518161670118665
"k__Bacteria.p__Firmicutes.c__Negativicutes.o__Acidaminococcales.f__Acidaminococcaceae",-0.173103080586414,0.267886064473994,-0.646181730006409,0.518161670118665
"k__Bacteria.p__Firmicutes.c__Negativicutes.o__Acidaminococcales.f__Acidaminococcaceae.g__Acidaminococcus",-0.221100230297198,0.320588122489075,-0.68967068580257,0.490401304492829
"k__Bacteria.p__Firmicutes.c__Negativicutes.o__Acidaminococcales.f__Acidaminococcaceae.g__Acidaminococcus.s__Acidaminococcus_intestini",-0.221100230297198,0.320588122489075,-0.68967068580257,0.490401304492829
"k__Bacteria.p__Firmicutes.c__Negativicutes.o__Acidaminococcales.f__Acidaminococcaceae.g__Phascolarctobacterium",-0.0067681106094271,0.710835683793751,-0.00952134334802313,0.992403181927513
"k__Bacteria.p__Firmicutes.c__Negativicutes.o__Acidaminococcales.f__Acidaminococcaceae.g__Phascolarctobacterium.s__Phascolarctobacterium_faecium",-1.2831279128884,1.06162968430946,-1.20863982220223,0.226801250306354
"k__Bacteria.p__Firmicutes.c__Negativicutes.o__Acidaminococcales.f__Acidaminococcaceae.g__Phascolarctobacterium.s__Phascolarctobacterium_sp_CAG_266",46.0713927187211,5859.54086438652,0.00786262845246744,0.993726594788467
"k__Bacteria.p__Firmicutes.c__Negativicutes.o__Acidaminococcales.f__Acidaminococcaceae.g__Phascolarctobacterium.s__Phascolarctobacterium_succinatutens",0.350679805069326,1.05371109317259,0.332804510972239,0.739281852904796
"k__Bacteria.p__Firmicutes.c__Negativicutes.o__Selenomonadales",105.204057775547,12804.5023602109,0.00821617699899535,0.99344451297907
"k__Bacteria.p__Firmicutes.c__Negativicutes.o__Selenomonadales.f__Selenomonadaceae",105.204057775547,12804.5023602109,0.00821617699899535,0.99344451297907
"k__Bacteria.p__Firmicutes.c__Negativicutes.o__Selenomonadales.f__Selenomonadaceae.g__Megamonas",105.204057775547,12804.5023602109,0.00821617699899535,0.99344451297907
"k__Bacteria.p__Firmicutes.c__Negativicutes.o__Selenomonadales.f__Selenomonadaceae.g__Megamonas.s__Megamonas_funiformis",160.327064751902,14493.0081518362,0.01106237318521,0.991173683251753
"k__Bacteria.p__Firmicutes.c__Negativicutes.o__Selenomonadales.f__Selenomonadaceae.g__Megamonas.s__Megamonas_funiformis_CAG_377",6.33471571742,563.729578894938,0.0112371533348272,0.991034237537037
"k__Bacteria.p__Firmicutes.c__Negativicutes.o__Selenomonadales.f__Selenomonadaceae.g__Megamonas.s__Megamonas_hypermegale",287.771211047745,38114.9761598982,0.00755008240961508,0.993975963044744
"k__Bacteria.p__Firmicutes.c__Negativicutes.o__Veillonellales",-0.136794844005348,0.573344046551581,-0.238591199870498,0.811422589573334
"k__Bacteria.p__Firmicutes.c__Negativicutes.o__Veillonellales.f__Veillonellaceae",-0.136794844005348,0.573344046551581,-0.238591199870498,0.811422589573334
"k__Bacteria.p__Firmicutes.c__Negativicutes.o__Veillonellales.f__Veillonellaceae.g__Dialister",9.0226252965122,5.77168331859871,1.56325716406471,0.117992119376242
"k__Bacteria.p__Firmicutes.c__Negativicutes.o__Veillonellales.f__Veillonellaceae.g__Dialister.s__Dialister_invisus",6.52513124848363,5.92247010328737,1.10175841071139,0.27056671556712
"k__Bacteria.p__Firmicutes.c__Negativicutes.o__Veillonellales.f__Veillonellaceae.g__Dialister.s__Dialister_sp_CAG_357",94.8968643909172,8444.92030705079,0.0112371533348499,0.991034237537019
"k__Bacteria.p__Firmicutes.c__Negativicutes.o__Veillonellales.f__Veillonellaceae.g__Megasphaera",-0.0936259596206381,0.597683728249348,-0.156647998256326,0.87552227234201
"k__Bacteria.p__Firmicutes.c__Negativicutes.o__Veillonellales.f__Veillonellaceae.g__Megasphaera.s__Megasphaera_elsdenii",138.386576485978,12315.0919419744,0.0112371533349503,0.991034237536939
"k__Bacteria.p__Firmicutes.c__Negativicutes.o__Veillonellales.f__Veillonellaceae.g__Megasphaera.s__Megasphaera_micronuciformis",NA,NA,NA,NA
"k__Bacteria.p__Firmicutes.c__Negativicutes.o__Veillonellales.f__Veillonellaceae.g__Megasphaera.s__Megasphaera_sp_DISK_18",84.8483818891517,7550.7007300639,0.0112371533348314,0.991034237537034
"k__Bacteria.p__Firmicutes.c__Negativicutes.o__Veillonellales.f__Veillonellaceae.g__Megasphaera.s__Megasphaera_sp_MJR8396C",-0.17345240546013,0.634829616131992,-0.273226706902827,0.784678951607223
"k__Bacteria.p__Firmicutes.c__Negativicutes.o__Veillonellales.f__Veillonellaceae.g__Veillonella",-2.15757352579273,2.92494863660613,-0.737644927774254,0.460730246285836
"k__Bacteria.p__Firmicutes.c__Negativicutes.o__Veillonellales.f__Veillonellaceae.g__Veillonella.s__Veillonella_atypica",-3.28244651148411,6.51122625492765,-0.504121095315952,0.614176283700361
"k__Bacteria.p__Firmicutes.c__Negativicutes.o__Veillonellales.f__Veillonellaceae.g__Veillonella.s__Veillonella_dispar",-52.2241689252819,5110.42369685594,-0.0102191465958902,0.991846442620772
"k__Bacteria.p__Firmicutes.c__Negativicutes.o__Veillonellales.f__Veillonellaceae.g__Veillonella.s__Veillonella_infantium",-172.479659842643,16878.088421983,-0.0102191465958903,0.991846442620772
"k__Bacteria.p__Firmicutes.c__Negativicutes.o__Veillonellales.f__Veillonellaceae.g__Veillonella.s__Veillonella_parvula",-2.86177107333561,4.6185043680369,-0.619631561494444,0.535500382732848
"k__Bacteria.p__Firmicutes.c__Negativicutes.o__Veillonellales.f__Veillonellaceae.g__Veillonella.s__Veillonella_sp_CAG_933",NA,NA,NA,NA
"k__Bacteria.p__Firmicutes.c__Negativicutes.o__Veillonellales.f__Veillonellaceae.g__Veillonella.s__Veillonella_sp_T11011_6",-2646.42723634004,258967.538189965,-0.0102191465958902,0.991846442620772
"k__Bacteria.p__Fusobacteria",-70.5145129349092,6900.23499254491,-0.0102191465958904,0.991846442620772
"k__Bacteria.p__Fusobacteria.c__Fusobacteriia",-70.5145129349092,6900.23499254491,-0.0102191465958904,0.991846442620772
"k__Bacteria.p__Fusobacteria.c__Fusobacteriia.o__Fusobacteriales",-70.5145129349092,6900.23499254491,-0.0102191465958904,0.991846442620772
"k__Bacteria.p__Fusobacteria.c__Fusobacteriia.o__Fusobacteriales.f__Fusobacteriaceae",-70.5145129349092,6900.23499254491,-0.0102191465958904,0.991846442620772
"k__Bacteria.p__Fusobacteria.c__Fusobacteriia.o__Fusobacteriales.f__Fusobacteriaceae.g__Fusobacterium",-70.5145129349092,6900.23499254491,-0.0102191465958904,0.991846442620772
"k__Bacteria.p__Fusobacteria.c__Fusobacteriia.o__Fusobacteriales.f__Fusobacteriaceae.g__Fusobacterium.s__Fusobacterium_sp_CAG_439",-70.5145129349092,6900.23499254491,-0.0102191465958904,0.991846442620772
"k__Bacteria.p__Lentisphaerae",-150.87158722085,14763.6190365975,-0.0102191465958892,0.991846442620773
"k__Bacteria.p__Lentisphaerae.c__Lentisphaeria",-150.87158722085,14763.6190365975,-0.0102191465958892,0.991846442620773
"k__Bacteria.p__Lentisphaerae.c__Lentisphaeria.o__Victivallales",-150.87158722085,14763.6190365975,-0.0102191465958892,0.991846442620773
"k__Bacteria.p__Lentisphaerae.c__Lentisphaeria.o__Victivallales.f__Victivallaceae",-150.87158722085,14763.6190365975,-0.0102191465958892,0.991846442620773
"k__Bacteria.p__Lentisphaerae.c__Lentisphaeria.o__Victivallales.f__Victivallaceae.g__Victivallis",-150.87158722085,14763.6190365975,-0.0102191465958892,0.991846442620773
"k__Bacteria.p__Lentisphaerae.c__Lentisphaeria.o__Victivallales.f__Victivallaceae.g__Victivallis.s__Victivallis_vadensis",-150.87158722085,14763.6190365975,-0.0102191465958892,0.991846442620773
"k__Bacteria.p__Proteobacteria",-0.0805391678001293,0.12918387530545,-0.623445980465425,0.532991490271391
"k__Bacteria.p__Proteobacteria.c__Betaproteobacteria",0.503326243939627,0.417605411771761,1.20526753186502,0.228100039464129
"k__Bacteria.p__Proteobacteria.c__Betaproteobacteria.o__Burkholderiales",0.503326243939627,0.417605411771761,1.20526753186502,0.228100039464129
"k__Bacteria.p__Proteobacteria.c__Betaproteobacteria.o__Burkholderiales.f__Oxalobacteraceae",-167.733405528703,16413.6411935047,-0.0102191465958863,0.991846442620775
"k__Bacteria.p__Proteobacteria.c__Betaproteobacteria.o__Burkholderiales.f__Oxalobacteraceae.g__Oxalobacter",-167.733405528703,16413.6411935047,-0.0102191465958863,0.991846442620775
"k__Bacteria.p__Proteobacteria.c__Betaproteobacteria.o__Burkholderiales.f__Oxalobacteraceae.g__Oxalobacter.s__Oxalobacter_formigenes",-167.733405528703,16413.6411935047,-0.0102191465958863,0.991846442620775
"k__Bacteria.p__Proteobacteria.c__Betaproteobacteria.o__Burkholderiales.f__Sutterellaceae",0.507147236088355,0.417341869107741,1.2151841778363,0.224295853622565
"k__Bacteria.p__Proteobacteria.c__Betaproteobacteria.o__Burkholderiales.f__Sutterellaceae.g__Parasutterella",0.600919076306055,0.434909419489211,1.38171087904193,0.167060492662625
"k__Bacteria.p__Proteobacteria.c__Betaproteobacteria.o__Burkholderiales.f__Sutterellaceae.g__Parasutterella.s__Parasutterella_excrementihominis",0.600919076306055,0.434909419489211,1.38171087904193,0.167060492662625
"k__Bacteria.p__Proteobacteria.c__Betaproteobacteria.o__Burkholderiales.f__Sutterellaceae.g__Sutterella",-3221.21441155632,480897.366864011,-0.00669834071365838,0.99465553732729
"k__Bacteria.p__Proteobacteria.c__Betaproteobacteria.o__Burkholderiales.f__Sutterellaceae.g__Sutterella.s__Sutterella_parvirubra",-3221.21441155632,480897.366864011,-0.00669834071365838,0.99465553732729
"k__Bacteria.p__Proteobacteria.c__Betaproteobacteria.o__Burkholderiales.f__Sutterellaceae.g__Turicimonas",-2.17856219596608,3.91814928716015,-0.556018169880681,0.578198433619357
"k__Bacteria.p__Proteobacteria.c__Betaproteobacteria.o__Burkholderiales.f__Sutterellaceae.g__Turicimonas.s__Turicimonas_muris",-2.17856219596608,3.91814928716015,-0.556018169880681,0.578198433619357
"k__Bacteria.p__Proteobacteria.c__Deltaproteobacteria",0.41420350733485,0.503842722970551,0.822088894909096,0.411026305333984
"k__Bacteria.p__Proteobacteria.c__Deltaproteobacteria.o__Desulfovibrionales",0.41420350733485,0.503842722970551,0.822088894909096,0.411026305333984
"k__Bacteria.p__Proteobacteria.c__Deltaproteobacteria.o__Desulfovibrionales.f__Desulfovibrionaceae",0.41420350733485,0.503842722970551,0.822088894909096,0.411026305333984
"k__Bacteria.p__Proteobacteria.c__Deltaproteobacteria.o__Desulfovibrionales.f__Desulfovibrionaceae.g__Bilophila",-0.56438687662141,1.13123040805448,-0.498914166913227,0.617839853248655
"k__Bacteria.p__Proteobacteria.c__Deltaproteobacteria.o__Desulfovibrionales.f__Desulfovibrionaceae.g__Bilophila.s__Bilophila_wadsworthia",-0.56438687662141,1.13123040805448,-0.498914166913227,0.617839853248655
"k__Bacteria.p__Proteobacteria.c__Deltaproteobacteria.o__Desulfovibrionales.f__Desulfovibrionaceae.g__Desulfovibrio",1.73630907584752,1.3032191961359,1.33232312798625,0.182754030370662
"k__Bacteria.p__Proteobacteria.c__Deltaproteobacteria.o__Desulfovibrionales.f__Desulfovibrionaceae.g__Desulfovibrio.s__Desulfovibrio_fairfieldensis",-235.584429922338,24586.8599178273,-0.00958172091554976,0.992355009796036
"k__Bacteria.p__Proteobacteria.c__Deltaproteobacteria.o__Desulfovibrionales.f__Desulfovibrionaceae.g__Desulfovibrio.s__Desulfovibrio_legallii",-81.9896420519921,8023.13982705484,-0.0102191465958894,0.991846442620773
"k__Bacteria.p__Proteobacteria.c__Deltaproteobacteria.o__Desulfovibrionales.f__Desulfovibrionaceae.g__Desulfovibrio.s__Desulfovibrio_piger",1.9417859833231,1.48355311101392,1.30887527309084,0.190576603778962
"k__Bacteria.p__Proteobacteria.c__Deltaproteobacteria.o__Desulfovibrionales.f__Desulfovibrionaceae.g__Desulfovibrio.s__Desulfovibrio_sp_MES5",NA,NA,NA,NA
"k__Bacteria.p__Proteobacteria.c__Deltaproteobacteria.o__Desulfovibrionales.f__Desulfovibrionaceae.g__Desulfovibrionaceae_unclassified",147.20471422443,18966.9857079889,0.00776110218517367,0.993807598557947
"k__Bacteria.p__Proteobacteria.c__Deltaproteobacteria.o__Desulfovibrionales.f__Desulfovibrionaceae.g__Desulfovibrionaceae_unclassified.s__Desulfovibrionaceae_bacterium",147.20471422443,18966.9857079889,0.00776110218517367,0.993807598557947
"k__Bacteria.p__Proteobacteria.c__Epsilonproteobacteria",-140.046337742292,13704.3085181526,-0.0102191465958891,0.991846442620773
"k__Bacteria.p__Proteobacteria.c__Epsilonproteobacteria.o__Campylobacterales",-140.046337742292,13704.3085181526,-0.0102191465958891,0.991846442620773
"k__Bacteria.p__Proteobacteria.c__Epsilonproteobacteria.o__Campylobacterales.f__Campylobacteraceae",-140.046337742292,13704.3085181526,-0.0102191465958891,0.991846442620773
"k__Bacteria.p__Proteobacteria.c__Epsilonproteobacteria.o__Campylobacterales.f__Campylobacteraceae.g__Campylobacter",-140.046337742292,13704.3085181526,-0.0102191465958891,0.991846442620773
"k__Bacteria.p__Proteobacteria.c__Epsilonproteobacteria.o__Campylobacterales.f__Campylobacteraceae.g__Campylobacter.s__Campylobacter_gracilis",-140.046337742292,13704.3085181526,-0.0102191465958891,0.991846442620773
"k__Bacteria.p__Proteobacteria.c__Gammaproteobacteria",-0.480098414724052,0.455998080269086,-1.0528518331497,0.292408904649955
"k__Bacteria.p__Proteobacteria.c__Gammaproteobacteria.o__Aeromonadales",-610.547772053405,70593.3842614544,-0.00864879589554934,0.993099345315596
"k__Bacteria.p__Proteobacteria.c__Gammaproteobacteria.o__Aeromonadales.f__Aeromonadaceae",-610.547772053405,70593.3842614544,-0.00864879589554934,0.993099345315596
"k__Bacteria.p__Proteobacteria.c__Gammaproteobacteria.o__Aeromonadales.f__Aeromonadaceae.g__Aeromonas",-610.547772053405,70593.3842614544,-0.00864879589554934,0.993099345315596
"k__Bacteria.p__Proteobacteria.c__Gammaproteobacteria.o__Aeromonadales.f__Aeromonadaceae.g__Aeromonas.s__Aeromonas_caviae",-593.729383961317,58099.7031787458,-0.0102191465958903,0.991846442620772
"k__Bacteria.p__Proteobacteria.c__Gammaproteobacteria.o__Aeromonadales.f__Aeromonadaceae.g__Aeromonas.s__Aeromonas_dhakensis",-245.670978992915,24040.2637037921,-0.0102191465958904,0.991846442620772
"k__Bacteria.p__Proteobacteria.c__Gammaproteobacteria.o__Enterobacterales",-0.515572470746835,0.479017733203041,-1.07631186699366,0.281787803119428
"k__Bacteria.p__Proteobacteria.c__Gammaproteobacteria.o__Enterobacterales.f__Enterobacteriaceae",-0.552131794909691,0.505291019761956,-1.09270058899879,0.274525281093465
"k__Bacteria.p__Proteobacteria.c__Gammaproteobacteria.o__Enterobacterales.f__Enterobacteriaceae.g__Citrobacter",641.353945455263,57074.4143412299,0.0112371533349569,0.991034237536934
"k__Bacteria.p__Proteobacteria.c__Gammaproteobacteria.o__Enterobacterales.f__Enterobacteriaceae.g__Citrobacter.s__Citrobacter_braakii",NA,NA,NA,NA
"k__Bacteria.p__Proteobacteria.c__Gammaproteobacteria.o__Enterobacterales.f__Enterobacteriaceae.g__Citrobacter.s__Citrobacter_farmeri",641.353945455263,57074.4143412299,0.0112371533349569,0.991034237536934
"k__Bacteria.p__Proteobacteria.c__Gammaproteobacteria.o__Enterobacterales.f__Enterobacteriaceae.g__Citrobacter.s__Citrobacter_freundii",NA,NA,NA,NA
"k__Bacteria.p__Proteobacteria.c__Gammaproteobacteria.o__Enterobacterales.f__Enterobacteriaceae.g__Citrobacter.s__Citrobacter_portucalensis",NA,NA,NA,NA
"k__Bacteria.p__Proteobacteria.c__Gammaproteobacteria.o__Enterobacterales.f__Enterobacteriaceae.g__Citrobacter.s__Citrobacter_youngae",NA,NA,NA,NA
"k__Bacteria.p__Proteobacteria.c__Gammaproteobacteria.o__Enterobacterales.f__Enterobacteriaceae.g__Enterobacter",-71.5456723628525,7677.67142953339,-0.00931866816905458,0.9925648861487
"k__Bacteria.p__Proteobacteria.c__Gammaproteobacteria.o__Enterobacterales.f__Enterobacteriaceae.g__Enterobacter.s__Enterobacter_cloacae_complex",-50.6165021964615,7304.40930176726,-0.00692958186012593,0.994471037870323
"k__Bacteria.p__Proteobacteria.c__Gammaproteobacteria.o__Enterobacterales.f__Enterobacteriaceae.g__Enterobacter.s__Enterobacter_mori",-70.0000991586161,6849.89676014338,-0.0102191465958898,0.991846442620772
"k__Bacteria.p__Proteobacteria.c__Gammaproteobacteria.o__Enterobacterales.f__Enterobacteriaceae.g__Escherichia",-0.263561606941072,0.477147503418611,-0.552369246517558,0.580695396348518
"k__Bacteria.p__Proteobacteria.c__Gammaproteobacteria.o__Enterobacterales.f__Enterobacteriaceae.g__Escherichia.s__Escherichia_coli",-0.263561606941072,0.477147503418611,-0.552369246517558,0.580695396348518
"k__Bacteria.p__Proteobacteria.c__Gammaproteobacteria.o__Enterobacterales.f__Enterobacteriaceae.g__Klebsiella",-2.82141969948191,3.87973422026824,-0.727219840148442,0.467091294152532
"k__Bacteria.p__Proteobacteria.c__Gammaproteobacteria.o__Enterobacterales.f__Enterobacteriaceae.g__Klebsiella.s__Klebsiella_michiganensis",NA,NA,NA,NA
"k__Bacteria.p__Proteobacteria.c__Gammaproteobacteria.o__Enterobacterales.f__Enterobacteriaceae.g__Klebsiella.s__Klebsiella_oxytoca",-6.62069755368045,10.0633913207012,-0.657899245164117,0.510602875734696
"k__Bacteria.p__Proteobacteria.c__Gammaproteobacteria.o__Enterobacterales.f__Enterobacteriaceae.g__Klebsiella.s__Klebsiella_pneumoniae",-2.85821436405737,5.27725838098808,-0.541609706728482,0.588087403534352
"k__Bacteria.p__Proteobacteria.c__Gammaproteobacteria.o__Enterobacterales.f__Enterobacteriaceae.g__Klebsiella.s__Klebsiella_quasipneumoniae",-178.066615290322,20759.7381179038,-0.00857749814949505,0.993156230576288
"k__Bacteria.p__Proteobacteria.c__Gammaproteobacteria.o__Enterobacterales.f__Enterobacteriaceae.g__Klebsiella.s__Klebsiella_variicola",-8.20005091726093,9.7373420799593,-0.842124149477883,0.399718464992871
"k__Bacteria.p__Proteobacteria.c__Gammaproteobacteria.o__Enterobacterales.f__Enterobacteriaceae.g__Kosakonia",NA,NA,NA,NA
"k__Bacteria.p__Proteobacteria.c__Gammaproteobacteria.o__Enterobacterales.f__Enterobacteriaceae.g__Kosakonia.s__Kosakonia_cowanii",NA,NA,NA,NA
"k__Bacteria.p__Proteobacteria.c__Gammaproteobacteria.o__Enterobacterales.f__Enterobacteriaceae.g__Raoultella",NA,NA,NA,NA
"k__Bacteria.p__Proteobacteria.c__Gammaproteobacteria.o__Enterobacterales.f__Enterobacteriaceae.g__Raoultella.s__Raoultella_ornithinolytica",NA,NA,NA,NA
"k__Bacteria.p__Proteobacteria.c__Gammaproteobacteria.o__Enterobacterales.f__Hafniaceae",NA,NA,NA,NA
"k__Bacteria.p__Proteobacteria.c__Gammaproteobacteria.o__Enterobacterales.f__Hafniaceae.g__Hafnia",NA,NA,NA,NA
"k__Bacteria.p__Proteobacteria.c__Gammaproteobacteria.o__Enterobacterales.f__Hafniaceae.g__Hafnia.s__Hafnia_alvei",NA,NA,NA,NA
"k__Bacteria.p__Proteobacteria.c__Gammaproteobacteria.o__Enterobacterales.f__Morganellaceae",101.122399116502,8998.93381377485,0.0112371533349553,0.991034237536935
"k__Bacteria.p__Proteobacteria.c__Gammaproteobacteria.o__Enterobacterales.f__Morganellaceae.g__Morganella",101.122399116502,8998.93381377485,0.0112371533349553,0.991034237536935
"k__Bacteria.p__Proteobacteria.c__Gammaproteobacteria.o__Enterobacterales.f__Morganellaceae.g__Morganella.s__Morganella_morganii",101.122399116502,8998.93381377485,0.0112371533349553,0.991034237536935
"k__Bacteria.p__Proteobacteria.c__Gammaproteobacteria.o__Pasteurellales",8.66228177934689,9.26796883104557,0.93464727139891,0.34997010902134
"k__Bacteria.p__Proteobacteria.c__Gammaproteobacteria.o__Pasteurellales.f__Pasteurellaceae",8.66228177934689,9.26796883104557,0.93464727139891,0.34997010902134
"k__Bacteria.p__Proteobacteria.c__Gammaproteobacteria.o__Pasteurellales.f__Pasteurellaceae.g__Haemophilus",8.66228177934689,9.26796883104557,0.93464727139891,0.34997010902134
"k__Bacteria.p__Proteobacteria.c__Gammaproteobacteria.o__Pasteurellales.f__Pasteurellaceae.g__Haemophilus.s__Haemophilus_parainfluenzae",11.8122513124764,12.8739404230791,0.917531922961249,0.358863972739779
"k__Bacteria.p__Proteobacteria.c__Gammaproteobacteria.o__Pasteurellales.f__Pasteurellaceae.g__Haemophilus.s__Haemophilus_sp_HMSC71H05",-285.797868336493,27966.9017030667,-0.0102191465958903,0.991846442620772
"k__Bacteria.p__Proteobacteria.c__Gammaproteobacteria.o__Pseudomonadales",-681.931273188047,66730.7457417586,-0.0102191465958893,0.991846442620773
"k__Bacteria.p__Proteobacteria.c__Gammaproteobacteria.o__Pseudomonadales.f__Pseudomonadaceae",-681.931273188047,66730.7457417586,-0.0102191465958893,0.991846442620773
"k__Bacteria.p__Proteobacteria.c__Gammaproteobacteria.o__Pseudomonadales.f__Pseudomonadaceae.g__Pseudomonas",-681.931273188047,66730.7457417586,-0.0102191465958893,0.991846442620773
"k__Bacteria.p__Proteobacteria.c__Gammaproteobacteria.o__Pseudomonadales.f__Pseudomonadaceae.g__Pseudomonas.s__Pseudomonas_fragi",-681.931273188047,66730.7457417586,-0.0102191465958893,0.991846442620773
"k__Bacteria.p__Proteobacteria.c__Proteobacteria_unclassified",-0.0355682538154633,0.370845526626506,-0.0959112386740088,0.92359106856178
"k__Bacteria.p__Proteobacteria.c__Proteobacteria_unclassified.o__Proteobacteria_unclassified",-0.0355682538154633,0.370845526626506,-0.0959112386740088,0.92359106856178
"k__Bacteria.p__Proteobacteria.c__Proteobacteria_unclassified.o__Proteobacteria_unclassified.f__Proteobacteria_unclassified",-0.0355682538154633,0.370845526626506,-0.0959112386740088,0.92359106856178
"k__Bacteria.p__Proteobacteria.c__Proteobacteria_unclassified.o__Proteobacteria_unclassified.f__Proteobacteria_unclassified.g__Proteobacteria_unclassified",-0.0355682538154633,0.370845526626506,-0.0959112386740088,0.92359106856178
"k__Bacteria.p__Proteobacteria.c__Proteobacteria_unclassified.o__Proteobacteria_unclassified.f__Proteobacteria_unclassified.g__Proteobacteria_unclassified.s__Proteobacteria_bacterium_CAG_139",-0.0355682538154633,0.370845526626506,-0.0959112386740088,0.92359106856178
"k__Bacteria.p__Synergistetes",-0.40235737485943,1.01235727474963,-0.397446025128764,0.691038581287553
"k__Bacteria.p__Synergistetes.c__Synergistia",-0.40235737485943,1.01235727474963,-0.397446025128764,0.691038581287553
"k__Bacteria.p__Synergistetes.c__Synergistia.o__Synergistales",-0.40235737485943,1.01235727474963,-0.397446025128764,0.691038581287553
"k__Bacteria.p__Synergistetes.c__Synergistia.o__Synergistales.f__Synergistaceae",-0.40235737485943,1.01235727474963,-0.397446025128764,0.691038581287553
"k__Bacteria.p__Synergistetes.c__Synergistia.o__Synergistales.f__Synergistaceae.g__Cloacibacillus",-0.40235737485943,1.01235727474963,-0.397446025128764,0.691038581287553
"k__Bacteria.p__Synergistetes.c__Synergistia.o__Synergistales.f__Synergistaceae.g__Cloacibacillus.s__Cloacibacillus_evryensis",0.450643285370895,1.42959971091208,0.315223402698779,0.752592037888533
"k__Bacteria.p__Synergistetes.c__Synergistia.o__Synergistales.f__Synergistaceae.g__Cloacibacillus.s__Cloacibacillus_porcorum",-7.16208120322029,700.849247636909,-0.0102191465958893,0.991846442620773
"k__Bacteria.p__Synergistetes.c__Synergistia.o__Synergistales.f__Synergistaceae.g__Pyramidobacter",NA,NA,NA,NA
"k__Bacteria.p__Synergistetes.c__Synergistia.o__Synergistales.f__Synergistaceae.g__Pyramidobacter.s__Pyramidobacter_piscolens",NA,NA,NA,NA
"k__Bacteria.p__Verrucomicrobia",-0.0668101566479872,0.127141879533107,-0.525477182603631,0.599251511124005
"k__Bacteria.p__Verrucomicrobia.c__Verrucomicrobiae",-0.0668101566479872,0.127141879533107,-0.525477182603631,0.599251511124005
"k__Bacteria.p__Verrucomicrobia.c__Verrucomicrobiae.o__Verrucomicrobiales",-0.0668101566479872,0.127141879533107,-0.525477182603631,0.599251511124005
"k__Bacteria.p__Verrucomicrobia.c__Verrucomicrobiae.o__Verrucomicrobiales.f__Akkermansiaceae",-0.0668101566479872,0.127141879533107,-0.525477182603631,0.599251511124005
"k__Bacteria.p__Verrucomicrobia.c__Verrucomicrobiae.o__Verrucomicrobiales.f__Akkermansiaceae.g__Akkermansia",-0.0668101566479872,0.127141879533107,-0.525477182603631,0.599251511124005
"k__Bacteria.p__Verrucomicrobia.c__Verrucomicrobiae.o__Verrucomicrobiales.f__Akkermansiaceae.g__Akkermansia.s__Akkermansia_muciniphila",-0.0668101566479872,0.127141879533107,-0.525477182603631,0.599251511124005
"k__Eukaryota",295.474717418855,26294.4456317901,0.011237153334833,0.991034237537032
"k__Eukaryota.p__Ascomycota",295.474717418855,26294.4456317901,0.011237153334833,0.991034237537032
"k__Eukaryota.p__Ascomycota.c__Saccharomycetes",295.474717418855,26294.4456317901,0.011237153334833,0.991034237537032
"k__Eukaryota.p__Ascomycota.c__Saccharomycetes.o__Saccharomycetales",295.474717418855,26294.4456317901,0.011237153334833,0.991034237537032
"k__Eukaryota.p__Ascomycota.c__Saccharomycetes.o__Saccharomycetales.f__Saccharomycetaceae",295.474717418855,26294.4456317901,0.011237153334833,0.991034237537032
"k__Eukaryota.p__Ascomycota.c__Saccharomycetes.o__Saccharomycetales.f__Saccharomycetaceae.g__Saccharomyces",295.474717418855,26294.4456317901,0.011237153334833,0.991034237537032
"k__Eukaryota.p__Ascomycota.c__Saccharomycetes.o__Saccharomycetales.f__Saccharomycetaceae.g__Saccharomyces.s__Saccharomyces_cerevisiae",295.474717418855,26294.4456317901,0.011237153334833,0.991034237537032
"UNKNOWN",-0.148729210682312,14.5539756462767,-0.0102191465958898,0.991846442620772
