"taxon","structural_zero (Response = Non_Responder)","structural_zero (Response = Responder)"
"Candidatus_Methanomethylophilus_alvus",FALSE,TRUE
"GGB269_SGB376",FALSE,FALSE
"GGB260_SGB362",FALSE,FALSE
"Methanomassiliicoccaceae_archaeon_DOK",FALSE,TRUE
"Methanomassiliicoccaceae_unclassified_SGB380",TRUE,FALSE
"Candidatus_Methanomassiliicoccus_intestinalis",FALSE,FALSE
"GGB532_SGB711",TRUE,FALSE
"Methanobrevibacter_oralis",TRUE,FALSE
"Methanobrevibacter_smithii",FALSE,FALSE
"Methanobrevibacter_woesei",TRUE,FALSE
"Methanosphaera_stadtmanae",FALSE,FALSE
"Actinobaculum_sp_oral_taxon_183",FALSE,FALSE
"Actinomyces_bouchesdurhonensis",FALSE,FALSE
"Actinomyces_culturomici",FALSE,TRUE
"Actinomyces_dentalis",FALSE,FALSE
"Actinomyces_gerencseriae",TRUE,FALSE
"Actinomyces_graevenitzii",FALSE,FALSE
"Actinomyces_israelii",FALSE,FALSE
"Actinomyces_johnsonii",FALSE,FALSE
"Actinomyces_massiliensis",FALSE,FALSE
"Actinomyces_naeslundii",FALSE,FALSE
"Actinomyces_oris",FALSE,FALSE
"Actinomyces_radicidentis",FALSE,TRUE
"Actinomyces_SGB17132",FALSE,FALSE
"Actinomyces_sp_HMSC065F11",FALSE,TRUE
"Actinomyces_sp_ICM47",FALSE,FALSE
"Actinomyces_sp_oral_taxon_448",FALSE,FALSE
"Actinomyces_sp_ph3",FALSE,FALSE
"Actinotignum_sanguinis",TRUE,FALSE
"GGB9832_SGB15478",FALSE,TRUE
"Mobiluncus_SGB15488",TRUE,FALSE
"Pauljensenia_hongkongensis",FALSE,FALSE
"Peptidiphaga_gingivicola",TRUE,FALSE
"Schaalia_meyeri",FALSE,FALSE
"Schaalia_odontolytica",FALSE,FALSE
"Schaalia_SGB17153",FALSE,FALSE
"Schaalia_SGB17154",FALSE,FALSE
"Schaalia_SGB17157",FALSE,FALSE
"Schaalia_SGB17158",FALSE,FALSE
"Schaalia_SGB17168",FALSE,FALSE
"Schaalia_turicensis",FALSE,FALSE
"Trueperella_bernardiae",FALSE,FALSE
"Varibaculum_cambriense",TRUE,FALSE
"Varibaculum_massiliense",TRUE,FALSE
"Winkia_neuii",TRUE,FALSE
"Alloscardovia_omnicolens",FALSE,FALSE
"Bifidobacterium_adolescentis",FALSE,FALSE
"Bifidobacterium_angulatum",TRUE,FALSE
"Bifidobacterium_animalis",FALSE,FALSE
"Bifidobacterium_bifidum",FALSE,FALSE
"Bifidobacterium_breve",FALSE,FALSE
"Bifidobacterium_catenulatum",FALSE,FALSE
"Bifidobacterium_dentium",FALSE,FALSE
"Bifidobacterium_longum",FALSE,FALSE
"Bifidobacterium_mongoliense",TRUE,FALSE
"Bifidobacterium_pseudocatenulatum",FALSE,FALSE
"Bifidobacterium_pseudolongum",TRUE,FALSE
"Bifidobacterium_pullorum",FALSE,FALSE
"Bifidobacterium_ruminantium",TRUE,FALSE
"Gardnerella_vaginalis",FALSE,FALSE
"Parascardovia_denticolens",TRUE,FALSE
"Scardovia_inopinata",TRUE,FALSE
"Scardovia_wiggsiae",FALSE,FALSE
"Corynebacterium_accolens",FALSE,TRUE
"Corynebacterium_amycolatum",FALSE,FALSE
"Corynebacterium_argentoratense",FALSE,FALSE
"Corynebacterium_aurimucosum",FALSE,TRUE
"Corynebacterium_durum",FALSE,FALSE
"Corynebacterium_glutamicum",TRUE,FALSE
"Corynebacterium_parakroppenstedtii",TRUE,FALSE
"Corynebacterium_propinquum",FALSE,TRUE
"Corynebacterium_pseudokroppenstedtii",TRUE,FALSE
"Lawsonella_clevelandensis",FALSE,TRUE
"Lawsonella_SGB3665",TRUE,FALSE
"Clavibacter_michiganensis",FALSE,FALSE
"Rothia_mucilaginosa",FALSE,FALSE
"Rothia_SGB49305",FALSE,FALSE
"Tropheryma_whipplei",FALSE,TRUE
"Arachnia_propionica",TRUE,FALSE
"Propionibacterium_acidifaciens",FALSE,FALSE
"Propionibacterium_freudenreichii",FALSE,FALSE
"GGB34797_SGB14322",FALSE,FALSE
"GGB34797_SGB14323",FALSE,FALSE
"GGB8965_SGB13825",TRUE,FALSE
"GGB9412_SGB14766",FALSE,TRUE
"GGB9412_SGB14768",FALSE,TRUE
"GGB9412_SGB14770",FALSE,FALSE
"GGB30861_SGB44083",FALSE,TRUE
"GGB9421_SGB14789",FALSE,TRUE
"GGB9355_SGB14328",TRUE,FALSE
"GGB9356_SGB14329",FALSE,TRUE
"GGB9359_SGB14334",FALSE,FALSE
"GGB9361_SGB14336",FALSE,FALSE
"GGB9364_SGB14339",FALSE,FALSE
"Atopobium_deltae",TRUE,FALSE
"Atopobium_sp_oral_taxon_199",FALSE,TRUE
"Atopobium_sp_oral_taxon_416",TRUE,FALSE
"Lancefieldella_parvula",FALSE,FALSE
"Lancefieldella_rimae",FALSE,FALSE
"Olsenella_profusa",TRUE,FALSE
"Olsenella_sp_oral_taxon_807",FALSE,FALSE
"Olsenella_uli",FALSE,FALSE
"Paratractidigestivibacter_faecalis",FALSE,FALSE
"Parolsenella_catena",TRUE,FALSE
"Collinsella_aerofaciens",FALSE,FALSE
"Collinsella_bouchesdurhonensis",FALSE,FALSE
"Collinsella_intestinalis",FALSE,FALSE
"Collinsella_phocaeensis",TRUE,FALSE
"Collinsella_SGB14745",FALSE,TRUE
"Collinsella_SGB14754",FALSE,TRUE
"Collinsella_sp_AF08_23",FALSE,FALSE
"Collinsella_stercoris",TRUE,FALSE
"Collinsella_tanakaei",FALSE,FALSE
"Collinsella_massiliensis",FALSE,TRUE
"Enorma_massiliensis",FALSE,TRUE
"GGB51959_SGB72479",FALSE,FALSE
"GGB51960_SGB72480",FALSE,TRUE
"GGB9380_SGB14375",FALSE,TRUE
"GGB9380_SGB72486",FALSE,TRUE
"Olegusella_massiliensis",TRUE,FALSE
"Parvibacter_caecicola",TRUE,FALSE
"Senegalimassilia_anaerobia",FALSE,FALSE
"Senegalimassilia_faecalis",FALSE,TRUE
"Senegalimassilia_SGB14826",FALSE,FALSE
"Adlercreutzia_caecimuris",TRUE,FALSE
"Adlercreutzia_equolifaciens",FALSE,FALSE
"Adlercreutzia_muris",TRUE,FALSE
"Eggerthella_lenta",FALSE,FALSE
"Eggerthella_sinensis",FALSE,FALSE
"Eggerthella_sp_YY7918",FALSE,FALSE
"Eggerthella_timonensis",FALSE,FALSE
"Ellagibacter_isourolithinifaciens",FALSE,FALSE
"Enteroscipio_rubneri",FALSE,FALSE
"GGB45432_SGB63101",FALSE,FALSE
"GGB70023_SGB94353",FALSE,TRUE
"GGB75046_SGB102341",FALSE,TRUE
"GGB9365_SGB14341",FALSE,FALSE
"GGB9365_SGB14342",FALSE,TRUE
"GGB9423_SGB14792",TRUE,FALSE
"GGB9424_SGB14794",FALSE,FALSE
"GGB9425_SGB14795",FALSE,TRUE
"GGB9434_SGB14812",TRUE,FALSE
"Gordonibacter_pamelaeae",FALSE,FALSE
"Gordonibacter_urolithinfaciens",FALSE,FALSE
"Paraeggerthella_hongkongensis",TRUE,FALSE
"Raoultibacter_massiliensis",FALSE,FALSE
"Raoultibacter_sp_Marseille_P8396",TRUE,FALSE
"Raoultibacter_timonensis",FALSE,FALSE
"Rubneribacter_badeniensis",FALSE,TRUE
"Slackia_exigua",FALSE,TRUE
"Slackia_isoflavoniconvertens",FALSE,FALSE
"Slackia_piriformis",FALSE,FALSE
"Slackia_SGB14778",FALSE,TRUE
"bacterium_210820_DFI_6_37",FALSE,FALSE
"bacterium_210917_DFI_7_65",FALSE,FALSE
"bacterium_210917_SL_2_15",FALSE,FALSE
"bacterium_OL_1",FALSE,FALSE
"GGB28898_SGB41580",FALSE,TRUE
"GGB79097_SGB105802",FALSE,FALSE
"Bacteroidaceae_bacterium",FALSE,TRUE
"Bacteroides_caccae",FALSE,FALSE
"Bacteroides_caecigallinarum",FALSE,FALSE
"Bacteroides_cellulosilyticus",FALSE,FALSE
"Bacteroides_clarus",FALSE,FALSE
"Bacteroides_congonensis",FALSE,FALSE
"Bacteroides_cutis",FALSE,FALSE
"Bacteroides_eggerthii",FALSE,FALSE
"Bacteroides_faecalis",FALSE,TRUE
"Bacteroides_faecis",FALSE,FALSE
"Bacteroides_finegoldii",FALSE,FALSE
"Bacteroides_fluxus",FALSE,FALSE
"Bacteroides_fragilis",FALSE,FALSE
"Bacteroides_gallinarum",FALSE,FALSE
"Bacteroides_helcogenes",TRUE,FALSE
"Bacteroides_heparinolyticus",TRUE,FALSE
"Bacteroides_ilei",FALSE,TRUE
"Bacteroides_intestinalis",FALSE,FALSE
"Bacteroides_mediterraneensis",FALSE,FALSE
"Bacteroides_ndongoniae",FALSE,TRUE
"Bacteroides_nordii",FALSE,FALSE
"Bacteroides_ovatus",FALSE,FALSE
"Bacteroides_propionicigenes",FALSE,FALSE
"Bacteroides_rodentium",FALSE,FALSE
"Bacteroides_salyersiae",FALSE,FALSE
"Bacteroides_SGB1909",FALSE,FALSE
"Bacteroides_SGB1911",TRUE,FALSE
"Bacteroides_sp_AF16_49",FALSE,TRUE
"Bacteroides_sp_AF39_11AC",FALSE,FALSE
"Bacteroides_sp_GM023",TRUE,FALSE
"Bacteroides_sp_Marseille_P3684",FALSE,TRUE
"Bacteroides_stercorirosoris",FALSE,FALSE
"Bacteroides_stercoris",FALSE,FALSE
"Bacteroides_thetaiotaomicron",FALSE,FALSE
"Bacteroides_togonis",FALSE,TRUE
"Bacteroides_uniformis",FALSE,FALSE
"Bacteroides_xylanisolvens",FALSE,FALSE
"GGB1350_SGB1808",FALSE,TRUE
"GGB1354_SGB1818",FALSE,FALSE
"GGB1364_SGB1834",TRUE,FALSE
"GGB1379_SGB1880",TRUE,FALSE
"GGB1379_SGB48439",FALSE,TRUE
"GGB1380_SGB1883",TRUE,FALSE
"GGB1387_SGB1894",TRUE,FALSE
"GGB28262_SGB40814",TRUE,FALSE
"GGB82120_SGB113575",TRUE,FALSE
"Mediterranea_massiliensis",FALSE,TRUE
"Phocaeicola_barnesiae",FALSE,TRUE
"Phocaeicola_coprocola",FALSE,FALSE
"Phocaeicola_coprophilus",FALSE,FALSE
"Phocaeicola_dorei",FALSE,FALSE
"Phocaeicola_faecalis",FALSE,FALSE
"Phocaeicola_faecicola",TRUE,FALSE
"Phocaeicola_massiliensis",FALSE,FALSE
"Phocaeicola_plebeius",FALSE,FALSE
"Phocaeicola_sartorii",FALSE,FALSE
"Phocaeicola_vulgatus",FALSE,FALSE
"Bacteroidales_bacterium",FALSE,FALSE
"Bacteroidales_unclassified_SGB2124",TRUE,FALSE
"Barnesiella_intestinihominis",FALSE,FALSE
"Barnesiella_viscericola",FALSE,TRUE
"Coprobacter_fastidiosus",FALSE,FALSE
"Coprobacter_secundus",FALSE,FALSE
"GGB1425_SGB1964",TRUE,FALSE
"Dysgonomonas_mossii",FALSE,TRUE
"GGB1461_SGB2024",TRUE,FALSE
"GGB1497_SGB2076",FALSE,FALSE
"GGB1512_SGB2092",FALSE,TRUE
"GGB1538_SGB2121",FALSE,FALSE
"GGB1539_SGB2122",FALSE,TRUE
"GGB1543_SGB2126",TRUE,FALSE
"GGB1547_SGB2131",FALSE,TRUE
"GGB1549_SGB2133",TRUE,FALSE
"GGB1550_SGB2135",FALSE,FALSE
"GGB1551_SGB2136",FALSE,TRUE
"GGB1554_SGB2141",FALSE,TRUE
"GGB1559_SGB2146",FALSE,TRUE
"GGB1567_SGB2154",TRUE,FALSE
"GGB1568_SGB2155",TRUE,FALSE
"GGB1578_SGB2169",TRUE,FALSE
"GGB24127_SGB35930",TRUE,FALSE
"GGB27851_SGB40285",FALSE,FALSE
"GGB27873_SGB40307",FALSE,TRUE
"GGB27876_SGB40310",TRUE,FALSE
"GGB46149_SGB63917",FALSE,TRUE
"GGB70873_SGB95326",TRUE,FALSE
"GGB74478_SGB48259",FALSE,FALSE
"Muribaculum_gordoncarteri",FALSE,FALSE
"Muribaculum_intestinale",TRUE,FALSE
"Butyricimonas_faecalis",FALSE,FALSE
"Butyricimonas_faecihominis",FALSE,FALSE
"Butyricimonas_paravirosa",FALSE,FALSE
"Butyricimonas_synergistica",FALSE,FALSE
"Butyricimonas_virosa",FALSE,FALSE
"Culturomica_massiliensis",FALSE,FALSE
"GGB1331_SGB1787",FALSE,TRUE
"GGB1331_SGB1788",FALSE,FALSE
"GGB1332_SGB1789",FALSE,FALSE
"Odoribacter_laneus",FALSE,FALSE
"Odoribacter_splanchnicus",FALSE,FALSE
"Porphyromonadaceae_bacterium_FC4",TRUE,FALSE
"Porphyromonas_asaccharolytica",FALSE,FALSE
"Porphyromonas_bennonis",FALSE,FALSE
"Porphyromonas_SGB1977",FALSE,FALSE
"Porphyromonas_SGB1979",FALSE,TRUE
"Porphyromonas_SGB1980",FALSE,FALSE
"Porphyromonas_SGB1982",FALSE,TRUE
"Porphyromonas_SGB1983",FALSE,FALSE
"Porphyromonas_SGB1984",TRUE,FALSE
"Porphyromonas_somerae",FALSE,FALSE
"Porphyromonas_sp_HMSC065F10",TRUE,FALSE
"Porphyromonas_uenonis",TRUE,FALSE
"Sanguibacteroides_justesenii",FALSE,FALSE
"GGB1146_SGB1472",FALSE,TRUE
"GGB1153_SGB1481",FALSE,FALSE
"GGB1215_SGB1581",FALSE,FALSE
"GGB1221_SGB1590",FALSE,TRUE
"GGB1247_SGB1668",FALSE,FALSE
"GGB1249_SGB1670",FALSE,TRUE
"Marseilla_massiliensis",FALSE,TRUE
"Paraprevotella_clara",FALSE,FALSE
"Prevotella_bergensis",TRUE,FALSE
"Prevotella_bivia",FALSE,FALSE
"Prevotella_buccalis",FALSE,FALSE
"Prevotella_corporis",FALSE,FALSE
"Prevotella_dentalis",FALSE,TRUE
"Prevotella_denticola",FALSE,TRUE
"Prevotella_disiens",FALSE,FALSE
"Prevotella_lascolaii",FALSE,FALSE
"Prevotella_marseillensis",FALSE,FALSE
"Prevotella_nigrescens",FALSE,FALSE
"Prevotella_oralis",TRUE,FALSE
"Prevotella_pectinovora",FALSE,TRUE
"Prevotella_SGB1589",TRUE,FALSE
"Prevotella_SGB48271",TRUE,FALSE
"Prevotella_sp_885",FALSE,FALSE
"Prevotella_stercorea",FALSE,FALSE
"Prevotella_timonensis",FALSE,FALSE
"Prevotellamassilia_timonensis",FALSE,TRUE
"Segatella_brasiliensis",FALSE,TRUE
"Segatella_brunsvicensis",FALSE,FALSE
"Segatella_copri",FALSE,FALSE
"Segatella_hominis",FALSE,FALSE
"Segatella_sinensis",FALSE,FALSE
"Sgatella_sinensis",FALSE,TRUE
"Alistipes_communis",FALSE,FALSE
"Alistipes_dispar",FALSE,FALSE
"Alistipes_finegoldii",FALSE,FALSE
"Alistipes_ihumii",FALSE,FALSE
"Alistipes_indistinctus",FALSE,FALSE
"Alistipes_montrealensis",FALSE,FALSE
"Alistipes_onderdonkii",FALSE,FALSE
"Alistipes_provencensis",FALSE,FALSE
"Alistipes_putredinis",FALSE,FALSE
"Alistipes_senegalensis",FALSE,FALSE
"Alistipes_SGB2300",FALSE,FALSE
"Alistipes_SGB2302",FALSE,FALSE
"Alistipes_SGB2313",FALSE,FALSE
"Alistipes_shahii",FALSE,FALSE
"Alistipes_sp_AF17_16",FALSE,FALSE
"Alistipes_sp_An31A",TRUE,FALSE
"Alistipes_sp_An66",FALSE,FALSE
"Alistipes_timonensis",FALSE,FALSE
"Gallalistipes_aquisgranensis",FALSE,TRUE
"GGB1672_SGB2289",FALSE,TRUE
"GGB1689_SGB2321",FALSE,TRUE
"GGB1690_SGB40190",FALSE,FALSE
"GGB1691_SGB2323",FALSE,FALSE
"Rikenellaceae_bacterium",FALSE,FALSE
"Parabacteroides_distasonis",FALSE,FALSE
"Parabacteroides_faecis",FALSE,FALSE
"Parabacteroides_goldsteinii",FALSE,FALSE
"Parabacteroides_gordonii",FALSE,FALSE
"Parabacteroides_johnsonii",FALSE,FALSE
"Parabacteroides_merdae",FALSE,FALSE
"Parabacteroides_SGB1950",FALSE,TRUE
"Parabacteroides_sp_AGMB00274",FALSE,FALSE
"Parabacteroides_sp_N37",TRUE,FALSE
"Parabacteroides_sp_TM07_1AC",FALSE,FALSE
"GGB1630_SGB2238",FALSE,TRUE
"GGB1631_SGB2239",FALSE,FALSE
"GGB1632_SGB2240",TRUE,FALSE
"GGB47687_SGB2286",FALSE,FALSE
"GGB1515_SGB48227",FALSE,FALSE
"GGB1266_SGB1699",FALSE,FALSE
"GGB1511_SGB2091",TRUE,FALSE
"GGB74504_SGB48228",FALSE,TRUE
"GGB1093_SGB1404",FALSE,FALSE
"GGB1096_SGB1408",FALSE,FALSE
"GGB77016_SGB104875",TRUE,FALSE
"GGB1420_SGB1956",FALSE,FALSE
"GGB1420_SGB1957",FALSE,FALSE
"GGB1455_SGB2018",FALSE,FALSE
"GGB1456_SGB2019",FALSE,FALSE
"GGB1495_SGB2071",FALSE,FALSE
"GGB1496_SGB2072",TRUE,FALSE
"GGB1496_SGB2073",FALSE,TRUE
"GGB13054_SGB20235",TRUE,FALSE
"GGB13054_SGB20236",TRUE,FALSE
"GGB13054_SGB20238",TRUE,FALSE
"GGB13056_SGB20241",TRUE,FALSE
"GGB13056_SGB20243",TRUE,FALSE
"GGB1627_SGB2227",FALSE,FALSE
"GGB1627_SGB2229",TRUE,FALSE
"GGB1627_SGB2230",FALSE,FALSE
"GGB1661_SGB2275",FALSE,FALSE
"GGB1662_SGB2276",FALSE,FALSE
"GGB1663_SGB2278",TRUE,FALSE
"GGB1663_SGB2279",FALSE,TRUE
"GGB27930_SGB40369",FALSE,TRUE
"Candidatus_Gastranaerophilales_bacterium",FALSE,FALSE
"GGB5979_SGB8597",FALSE,FALSE
"GGB5979_SGB8598",TRUE,FALSE
"GGB5980_SGB8599",FALSE,FALSE
"GGB13727_SGB8655",TRUE,FALSE
"GGB5997_SGB8620",FALSE,FALSE
"GGB6001_SGB8624",FALSE,FALSE
"GGB6002_SGB24096",TRUE,FALSE
"GGB6002_SGB8625",FALSE,FALSE
"GGB6006_SGB8630",FALSE,FALSE
"GGB6006_SGB8631",TRUE,FALSE
"GGB6007_SGB8634",TRUE,FALSE
"GGB6012_SGB8640",TRUE,FALSE
"GGB6016_SGB8648",TRUE,FALSE
"GGB6020_SGB8653",FALSE,TRUE
"Candidatus_Nanoperiomorbus_periodonticus",TRUE,FALSE
"GGB12785_SGB19823",FALSE,FALSE
"GGB12785_SGB19827",TRUE,FALSE
"Candidatus_Saccharibacteria_unclassified_SGB19846",FALSE,FALSE
"Candidatus_Saccharibacteria_unclassified_SGB19905",FALSE,TRUE
"TM7_phylum_sp_oral_taxon_348",FALSE,FALSE
"TM7_phylum_sp_oral_taxon_351",TRUE,FALSE
"TM7_phylum_sp_oral_taxon_352",FALSE,FALSE
"GGB18703_SGB19793",TRUE,FALSE
"Candidatus_Nanosynbacter_sp_HMT_352",FALSE,FALSE
"Candidatus_Nanosynsacchari_sp_TM7_ANC_38_39_G1_1",FALSE,FALSE
"Peribacillus_faecalis",FALSE,TRUE
"Gemella_haemolysans",FALSE,TRUE
"Gemella_morbillorum",FALSE,FALSE
"Gemella_sanguinis",FALSE,FALSE
"Gemella_SGB7284",TRUE,FALSE
"Staphylococcus_argenteus",FALSE,TRUE
"Staphylococcus_aureus",FALSE,TRUE
"Staphylococcus_epidermidis",FALSE,FALSE
"Abiotrophia_defectiva",FALSE,TRUE
"Facklamia_hominis",FALSE,TRUE
"Carnobacterium_divergens",TRUE,FALSE
"Granulicatella_adiacens",FALSE,FALSE
"Granulicatella_SGB8255",FALSE,FALSE
"Enterococcus_aquimarinus",FALSE,TRUE
"Enterococcus_asini",FALSE,TRUE
"Enterococcus_avium",FALSE,FALSE
"Enterococcus_durans",TRUE,FALSE
"Enterococcus_faecalis",FALSE,FALSE
"Enterococcus_faecium",FALSE,FALSE
"Enterococcus_gallinarum",TRUE,FALSE
"Enterococcus_hirae",TRUE,FALSE
"Enterococcus_raffinosus",FALSE,TRUE
"Dellaglioa_algida",FALSE,TRUE
"Lacticaseibacillus_paracasei",FALSE,FALSE
"Lacticaseibacillus_rhamnosus",FALSE,FALSE
"Lacticaseibacillus_suibinensis",TRUE,FALSE
"Lacticaseibacillus_zeae",TRUE,FALSE
"Lactiplantibacillus_plantarum",FALSE,FALSE
"Lactobacillus_acidophilus",FALSE,FALSE
"Lactobacillus_apis",TRUE,FALSE
"Lactobacillus_crispatus",FALSE,FALSE
"Lactobacillus_delbrueckii",FALSE,FALSE
"Lactobacillus_gasseri",FALSE,FALSE
"Lactobacillus_helsingborgensis",TRUE,FALSE
"Lactobacillus_helveticus",FALSE,TRUE
"Lactobacillus_johnsonii",FALSE,FALSE
"Lactobacillus_kalixensis",FALSE,TRUE
"Lactobacillus_kimbladii",TRUE,FALSE
"Lactobacillus_kullabergensis",TRUE,FALSE
"Latilactobacillus_curvatus",FALSE,FALSE
"Latilactobacillus_sakei",TRUE,FALSE
"Lentilactobacillus_parabuchneri",TRUE,FALSE
"Leuconostoc_carnosum",FALSE,FALSE
"Leuconostoc_citreum",FALSE,FALSE
"Leuconostoc_gelidum",FALSE,FALSE
"Leuconostoc_holzapfelii",TRUE,FALSE
"Leuconostoc_inhae",TRUE,FALSE
"Leuconostoc_lactis",FALSE,FALSE
"Leuconostoc_mesenteroides",FALSE,FALSE
"Leuconostoc_miyukkimchii",TRUE,FALSE
"Leuconostoc_pseudomesenteroides",FALSE,FALSE
"Ligilactobacillus_animalis",FALSE,FALSE
"Ligilactobacillus_ruminis",FALSE,FALSE
"Ligilactobacillus_salivarius",FALSE,FALSE
"Lactobacillus_timonensis",TRUE,FALSE
"Limosilactobacillus_fermentum",FALSE,FALSE
"Limosilactobacillus_mucosae",FALSE,FALSE
"Limosilactobacillus_oris",FALSE,FALSE
"Limosilactobacillus_pontis",FALSE,FALSE
"Limosilactobacillus_portuensis",FALSE,FALSE
"Limosilactobacillus_reuteri",FALSE,FALSE
"Limosilactobacillus_urinaemulieris",FALSE,TRUE
"Limosilactobacillus_vaginalis",FALSE,FALSE
"Pediococcus_acidilactici",TRUE,FALSE
"Pediococcus_argentinicus",TRUE,FALSE
"Pediococcus_pentosaceus",FALSE,TRUE
"Weissella_cibaria",FALSE,FALSE
"Weissella_confusa",FALSE,FALSE
"Weissella_soli",TRUE,FALSE
"Lactococcus_carnosus",FALSE,FALSE
"Lactococcus_cremoris",FALSE,FALSE
"Lactococcus_lactis",FALSE,FALSE
"Streptococcus_agalactiae",TRUE,FALSE
"Streptococcus_anginosus",FALSE,FALSE
"Streptococcus_australis",FALSE,FALSE
"Streptococcus_constellatus",FALSE,FALSE
"Streptococcus_cristatus",FALSE,FALSE
"Streptococcus_gallolyticus",FALSE,FALSE
"Streptococcus_gordonii",FALSE,FALSE
"Streptococcus_infantarius",FALSE,TRUE
"Streptococcus_infantis",FALSE,FALSE
"Streptococcus_intermedius",FALSE,FALSE
"Streptococcus_lutetiensis",FALSE,FALSE
"Streptococcus_mitis",FALSE,FALSE
"Streptococcus_mutans",FALSE,FALSE
"Streptococcus_oralis",FALSE,FALSE
"Streptococcus_parasanguinis",FALSE,FALSE
"Streptococcus_rubneri",FALSE,FALSE
"Streptococcus_salivarius",FALSE,FALSE
"Streptococcus_sanguinis",FALSE,FALSE
"Streptococcus_sobrinus",FALSE,FALSE
"Streptococcus_sp_F0442",TRUE,FALSE
"Streptococcus_thermophilus",FALSE,FALSE
"Streptococcus_vestibularis",FALSE,FALSE
"GGB71580_SGB98325",FALSE,FALSE
"GGB9256_SGB14202",TRUE,FALSE
"GGB9258_SGB14205",FALSE,FALSE
"GGB2652_SGB3573",FALSE,FALSE
"GGB2653_SGB3574",FALSE,FALSE
"GGB2657_SGB3578",FALSE,FALSE
"GGB4710_SGB6522",FALSE,FALSE
"GGB4632_SGB6411",TRUE,FALSE
"GGB4676_SGB6465",FALSE,FALSE
"GGB4702_SGB6509",FALSE,TRUE
"GGB4703_SGB6510",FALSE,TRUE
"GGB4664_SGB6452",FALSE,FALSE
"GGB4669_SGB6458",TRUE,FALSE
"GGB4555_SGB6286",TRUE,FALSE
"GGB9345_SGB14311",FALSE,FALSE
"GGB74802_SGB47402",TRUE,FALSE
"GGB2848_SGB3813",FALSE,FALSE
"GGB34231_SGB47113",FALSE,FALSE
"GGB34540_SGB54300",FALSE,FALSE
"GGB2945_SGB3917",TRUE,FALSE
"GGB2958_SGB3940",FALSE,FALSE
"GGB2970_SGB3952",FALSE,FALSE
"GGB2982_SGB3964",FALSE,FALSE
"GGB2996_SGB3983",FALSE,FALSE
"GGB2998_SGB3988",FALSE,FALSE
"GGB2998_SGB3989",FALSE,FALSE
"GGB58485_SGB80143",FALSE,FALSE
"GGB2999_SGB3990",FALSE,FALSE
"GGB3000_SGB3991",FALSE,FALSE
"GGB3001_SGB3992",FALSE,FALSE
"GGB3002_SGB3993",FALSE,FALSE
"GGB3003_SGB3994",FALSE,FALSE
"GGB3004_SGB106198",TRUE,FALSE
"GGB3004_SGB3995",FALSE,FALSE
"GGB3005_SGB3996",FALSE,FALSE
"GGB75036_SGB102224",FALSE,FALSE
"GGB3032_SGB4027",FALSE,FALSE
"GGB3033_SGB4028",FALSE,FALSE
"GGB3033_SGB4029",FALSE,FALSE
"GGB3034_SGB4030",FALSE,FALSE
"GGB3051_SGB4051",FALSE,TRUE
"GGB3052_SGB4053",FALSE,FALSE
"GGB74220_SGB4052",FALSE,TRUE
"GGB29535_SGB42321",FALSE,FALSE
"GGB3057_SGB4059",FALSE,FALSE
"GGB3057_SGB71294",FALSE,FALSE
"GGB3058_SGB4060",FALSE,FALSE
"GGB3061_SGB4063",FALSE,FALSE
"GGB3109_SGB4119",FALSE,FALSE
"GGB3109_SGB4121",FALSE,FALSE
"GGB3118_SGB4130",FALSE,FALSE
"GGB3124_SGB4136",FALSE,FALSE
"GGB3138_SGB4151",FALSE,TRUE
"GGB3140_SGB4153",TRUE,FALSE
"GGB3142_SGB4155",FALSE,FALSE
"GGB3160_SGB4173",FALSE,TRUE
"GGB3160_SGB4174",FALSE,TRUE
"GGB3161_SGB4175",TRUE,FALSE
"GGB3175_SGB4191",FALSE,FALSE
"GGB51658_SGB72061",FALSE,TRUE
"GGB3288_SGB4342",FALSE,TRUE
"GGB3304_SGB4365",FALSE,FALSE
"GGB3304_SGB4367",FALSE,FALSE
"GGB3306_SGB4373",TRUE,FALSE
"GGB3321_SGB4394",FALSE,FALSE
"GGB3321_SGB4395",FALSE,FALSE
"GGB3323_SGB4400",FALSE,FALSE
"GGB39037_SGB4393",FALSE,FALSE
"GGB3351_SGB4434",FALSE,FALSE
"GGB3352_SGB4436",FALSE,FALSE
"GGB3352_SGB62935",FALSE,FALSE
"GGB3353_SGB4437",FALSE,FALSE
"GGB3363_SGB4447",FALSE,FALSE
"GGB3363_SGB4448",FALSE,FALSE
"GGB3364_SGB4450",FALSE,TRUE
"GGB3365_SGB4451",FALSE,FALSE
"GGB3491_SGB4665",TRUE,FALSE
"GGB3717_SGB5040",FALSE,FALSE
"GGB3730_SGB5060",FALSE,FALSE
"GGB51269_SGB5061",TRUE,FALSE
"GGB51269_SGB5062",FALSE,TRUE
"GGB3256_SGB4303",FALSE,FALSE
"GGB41458_SGB58520",FALSE,TRUE
"GGB3892_SGB5290",FALSE,FALSE
"GGB4716_SGB6531",TRUE,FALSE
"GGB49418_SGB69331",FALSE,TRUE
"GGB4231_SGB5722",FALSE,FALSE
"GGB4539_SGB6260",TRUE,FALSE
"GGB4543_SGB6264",TRUE,FALSE
"GGB4546_SGB6267",FALSE,TRUE
"GGB4552_SGB6276",FALSE,FALSE
"GGB4558_SGB6289",FALSE,TRUE
"GGB4559_SGB6293",FALSE,FALSE
"GGB4562_SGB6298",FALSE,FALSE
"GGB4564_SGB6301",TRUE,FALSE
"GGB4564_SGB6302",TRUE,FALSE
"GGB4566_SGB6305",FALSE,FALSE
"GGB4567_SGB6307",TRUE,FALSE
"GGB4567_SGB6308",FALSE,FALSE
"GGB4569_SGB6310",FALSE,FALSE
"GGB4569_SGB6312",FALSE,TRUE
"GGB4571_SGB6317",FALSE,FALSE
"GGB4571_SGB6320",TRUE,FALSE
"GGB4571_SGB6321",FALSE,FALSE
"GGB4578_SGB6328",TRUE,FALSE
"GGB4580_SGB6330",TRUE,FALSE
"GGB4581_SGB6331",TRUE,FALSE
"GGB4583_SGB6334",FALSE,FALSE
"GGB4584_SGB6338",FALSE,FALSE
"GGB4585_SGB6340",FALSE,FALSE
"GGB4586_SGB6344",FALSE,TRUE
"GGB4587_SGB6346",TRUE,FALSE
"GGB4588_SGB6347",TRUE,FALSE
"GGB4591_SGB6350",FALSE,TRUE
"GGB4592_SGB58484",TRUE,FALSE
"GGB4593_SGB6353",FALSE,FALSE
"GGB4596_SGB6358",TRUE,FALSE
"GGB4597_SGB6359",TRUE,FALSE
"GGB4598_SGB6360",TRUE,FALSE
"GGB4599_SGB6362",FALSE,FALSE
"GGB4602_SGB6365",FALSE,FALSE
"GGB4603_SGB6367",FALSE,FALSE
"GGB4604_SGB6369",FALSE,FALSE
"GGB4604_SGB6370",TRUE,FALSE
"GGB4604_SGB6371",FALSE,TRUE
"GGB4604_SGB6372",FALSE,FALSE
"GGB4605_SGB6376",FALSE,FALSE
"GGB4605_SGB6378",FALSE,TRUE
"GGB47174_SGB65105",FALSE,FALSE
"GGB33665_SGB47358",FALSE,TRUE
"GGB4683_SGB6473",FALSE,FALSE
"GGB4684_SGB6478",FALSE,FALSE
"GGB4695_SGB6494",TRUE,FALSE
"GGB4713_SGB6526",TRUE,FALSE
"GGB4715_SGB6529",TRUE,FALSE
"GGB4717_SGB6533",FALSE,FALSE
"GGB4722_SGB6538",TRUE,FALSE
"GGB4723_SGB6540",FALSE,FALSE
"GGB4739_SGB6564",FALSE,FALSE
"GGB4768_SGB6601",TRUE,FALSE
"GGB4769_SGB6602",FALSE,FALSE
"GGB4802_SGB6641",FALSE,FALSE
"GGB4884_SGB6823",FALSE,TRUE
"GGB45620_SGB63333",FALSE,FALSE
"GGB3155_SGB4168",FALSE,TRUE
"GGB9047_SGB13950",FALSE,TRUE
"GGB9052_SGB13957",FALSE,FALSE
"GGB74665_SGB13972",FALSE,FALSE
"GGB33516_SGB54324",FALSE,FALSE
"GGB74703_SGB54323",TRUE,FALSE
"GGB9062_SGB13981",FALSE,FALSE
"GGB9063_SGB13982",FALSE,FALSE
"GGB9064_SGB13983",FALSE,FALSE
"GGB28369_SGB40949",FALSE,FALSE
"GGB9074_SGB13995",FALSE,TRUE
"GGB9075_SGB13997",FALSE,TRUE
"GGB9082_SGB14007",TRUE,FALSE
"GGB28409_SGB40991",FALSE,TRUE
"GGB9085_SGB14013",TRUE,FALSE
"GGB9086_SGB14014",FALSE,FALSE
"GGB9088_SGB14016",FALSE,FALSE
"GGB9088_SGB14017",TRUE,FALSE
"GGB9089_SGB14018",FALSE,FALSE
"GGB9091_SGB106149",TRUE,FALSE
"GGB9091_SGB14020",FALSE,FALSE
"GGB9092_SGB14021",FALSE,FALSE
"GGB9092_SGB14022",FALSE,FALSE
"GGB9093_SGB14023",TRUE,FALSE
"GGB9094_SGB14025",TRUE,FALSE
"GGB9095_SGB14026",FALSE,TRUE
"GGB9110_SGB14043",FALSE,FALSE
"GGB9112_SGB14045",FALSE,FALSE
"GGB9115_SGB14048",FALSE,FALSE
"GGB9116_SGB14049",FALSE,FALSE
"GGB9117_SGB14050",FALSE,FALSE
"GGB9161_SGB14099",FALSE,TRUE
"GGB9172_SGB14110",TRUE,FALSE
"GGB9175_SGB14113",TRUE,FALSE
"GGB9176_SGB14114",FALSE,FALSE
"GGB3511_SGB4688",FALSE,FALSE
"GGB9184_SGB14123",FALSE,FALSE
"GGB9185_SGB14124",FALSE,FALSE
"GGB9189_SGB14128",FALSE,FALSE
"GGB9197_SGB14136",FALSE,FALSE
"GGB9198_SGB14137",FALSE,FALSE
"GGB9199_SGB14138",FALSE,FALSE
"GGB9200_SGB14139",TRUE,FALSE
"GGB9209_SGB14148",FALSE,FALSE
"GGB9210_SGB14149",FALSE,FALSE
"GGB9210_SGB14150",FALSE,FALSE
"GGB9211_SGB14151",FALSE,FALSE
"GGB9225_SGB14166",FALSE,FALSE
"GGB36267_SGB14177",FALSE,FALSE
"GGB9238_SGB14180",FALSE,FALSE
"GGB9239_SGB14181",FALSE,FALSE
"GGB9240_SGB14182",FALSE,FALSE
"GGB9289_SGB14244",FALSE,FALSE
"GGB9253_SGB14198",FALSE,FALSE
"GGB9253_SGB14199",FALSE,FALSE
"GGB9261_SGB14209",FALSE,FALSE
"GGB9266_SGB14215",TRUE,FALSE
"GGB9266_SGB14216",FALSE,TRUE
"GGB9270_SGB14221",TRUE,FALSE
"GGB9271_SGB14222",FALSE,FALSE
"GGB9271_SGB14223",TRUE,FALSE
"GGB9275_SGB14227",TRUE,FALSE
"GGB9277_SGB14229",TRUE,FALSE
"GGB9278_SGB14230",TRUE,FALSE
"GGB9282_SGB14235",FALSE,FALSE
"GGB9290_SGB14247",FALSE,FALSE
"GGB9291_SGB14248",FALSE,FALSE
"GGB9293_SGB14250",FALSE,FALSE
"GGB9297_SGB14255",FALSE,FALSE
"GGB9299_SGB14259",FALSE,FALSE
"GGB9299_SGB14260",TRUE,FALSE
"GGB9301_SGB14262",FALSE,FALSE
"GGB9302_SGB14263",FALSE,FALSE
"GGB9309_SGB14270",FALSE,FALSE
"GGB40351_SGB14301",FALSE,FALSE
"GGB9342_SGB14306",FALSE,FALSE
"GGB9343_SGB14307",FALSE,FALSE
"GGB9346_SGB14312",TRUE,FALSE
"GGB9347_SGB14313",FALSE,FALSE
"GGB9348_SGB14315",FALSE,FALSE
"GGB9350_SGB14317",FALSE,FALSE
"GGB9444_SGB14834",FALSE,TRUE
"GGB9445_SGB14835",FALSE,FALSE
"GGB9450_SGB14840",TRUE,FALSE
"GGB9463_SGB14855",FALSE,FALSE
"GGB9464_SGB14857",FALSE,FALSE
"GGB58158_SGB79798",FALSE,FALSE
"GGB31234_SGB14869",FALSE,FALSE
"GGB9474_SGB14868",FALSE,FALSE
"GGB9476_SGB14870",FALSE,FALSE
"GGB9480_SGB14873",FALSE,FALSE
"GGB9480_SGB14874",FALSE,FALSE
"GGB9480_SGB14875",FALSE,FALSE
"GGB9499_SGB72735",FALSE,FALSE
"GGB30090_SGB43002",FALSE,TRUE
"GGB9501_SGB14898",FALSE,FALSE
"GGB9502_SGB14899",FALSE,FALSE
"GGB9508_SGB14905",TRUE,FALSE
"GGB42378_SGB59548",FALSE,FALSE
"GGB52106_SGB72838",FALSE,FALSE
"GGB33586_SGB53517",FALSE,FALSE
"GGB9527_SGB14927",FALSE,TRUE
"GGB9529_SGB14929",FALSE,FALSE
"GGB9529_SGB53518",FALSE,FALSE
"GGB9530_SGB14930",FALSE,FALSE
"GGB9531_SGB14932",FALSE,FALSE
"GGB9532_SGB14933",FALSE,FALSE
"GGB9533_SGB14936",FALSE,FALSE
"GGB9534_SGB14937",FALSE,FALSE
"GGB9536_SGB14939",FALSE,FALSE
"GGB9537_SGB14940",FALSE,FALSE
"GGB9547_SGB14953",FALSE,FALSE
"GGB9547_SGB14954",FALSE,FALSE
"GGB9548_SGB14955",FALSE,TRUE
"GGB9551_SGB14958",FALSE,FALSE
"GGB52130_SGB14966",FALSE,FALSE
"GGB9559_SGB14968",FALSE,FALSE
"GGB9559_SGB14969",FALSE,FALSE
"GGB9559_SGB69175",FALSE,FALSE
"GGB9561_SGB14972",FALSE,FALSE
"GGB33512_SGB15201",FALSE,FALSE
"GGB33512_SGB15202",FALSE,FALSE
"GGB33512_SGB15203",FALSE,FALSE
"GGB35551_SGB53794",FALSE,FALSE
"GGB9582_SGB15000",FALSE,TRUE
"GGB9582_SGB15001",TRUE,FALSE
"GGB9582_SGB15003",FALSE,FALSE
"GGB9583_SGB15004",FALSE,FALSE
"GGB9690_SGB15196",FALSE,FALSE
"GGB9691_SGB15198",FALSE,FALSE
"GGB9694_SGB15204",FALSE,FALSE
"GGB9694_SGB15207",TRUE,FALSE
"GGB9695_SGB15209",FALSE,FALSE
"GGB9695_SGB15210",FALSE,FALSE
"GGB9695_SGB15211",FALSE,FALSE
"GGB9719_SGB15272",FALSE,FALSE
"GGB9719_SGB15273",FALSE,FALSE
"GGB9719_SGB53514",FALSE,FALSE
"GGB32798_SGB53820",TRUE,FALSE
"GGB9747_SGB15355",TRUE,FALSE
"GGB9747_SGB15356",FALSE,FALSE
"GGB9767_SGB15384",FALSE,TRUE
"GGB9767_SGB15385",FALSE,FALSE
"GGB9768_SGB15386",TRUE,FALSE
"GGB9769_SGB15388",TRUE,FALSE
"GGB9770_SGB15389",FALSE,FALSE
"GGB9770_SGB15390",FALSE,FALSE
"GGB9770_SGB73065",FALSE,FALSE
"GGB9773_SGB15393",FALSE,TRUE
"GGB33544_SGB53490",FALSE,FALSE
"GGB9774_SGB15394",FALSE,FALSE
"GGB9775_SGB15395",FALSE,FALSE
"GGB9778_SGB15398",FALSE,TRUE
"GGB9780_SGB15400",FALSE,FALSE
"GGB45491_SGB63163",FALSE,FALSE
"GGB45495_SGB63167",FALSE,FALSE
"GGB79087_SGB105683",TRUE,FALSE
"GGB9779_SGB15399",FALSE,FALSE
"GGB9781_SGB15402",FALSE,FALSE
"GGB9781_SGB66170",FALSE,FALSE
"GGB9782_SGB15403",FALSE,FALSE
"GGB9783_SGB15405",TRUE,FALSE
"GGB9784_SGB15407",FALSE,FALSE
"GGB9786_SGB15409",FALSE,FALSE
"GGB9786_SGB63164",TRUE,FALSE
"GGB9787_SGB15410",FALSE,FALSE
"GGB9788_SGB15411",FALSE,FALSE
"GGB31460_SGB6499",FALSE,TRUE
"GGB4697_SGB6497",FALSE,TRUE
"GGB4699_SGB6502",TRUE,FALSE
"GGB4699_SGB6503",FALSE,TRUE
"GGB4700_SGB6506",FALSE,FALSE
"GGB10692_SGB17347",FALSE,FALSE
"GGB741_SGB955",FALSE,FALSE
"GGB25626_SGB37597",FALSE,TRUE
"GGB51884_SGB49168",FALSE,FALSE
"GGB3616_SGB4888",FALSE,TRUE
"GGB3616_SGB4890",FALSE,TRUE
"GGB9758_SGB15368",FALSE,FALSE
"GGB9765_SGB15382",FALSE,FALSE
"GGB9766_SGB15383",FALSE,FALSE
"GGB44201_SGB61600",FALSE,FALSE
"GGB9252_SGB14196",TRUE,FALSE
"GGB42389_SGB59559",FALSE,FALSE
"GGB42467_SGB59642",FALSE,TRUE
"GGB42696_SGB59900",TRUE,FALSE
"GGB3654_SGB4965",TRUE,FALSE
"GGB45503_SGB63175",FALSE,FALSE
"GGB48165_SGB66168",FALSE,FALSE
"GGB9790_SGB15413",FALSE,FALSE
"GGB9696_SGB15212",FALSE,FALSE
"GGB9697_SGB15213",FALSE,FALSE
"GGB2983_SGB3965",FALSE,FALSE
"GGB45613_SGB63326",FALSE,FALSE
"GGB58233_SGB79883",FALSE,FALSE
"GGB13404_SGB14252",FALSE,FALSE
"GGB3126_SGB4139",FALSE,TRUE
"GGB74818_SGB47415",TRUE,FALSE
"GGB9525_SGB14925",FALSE,FALSE
"GGB3303_SGB4364",FALSE,FALSE
"GGB9746_SGB15352",TRUE,FALSE
"GGB50912_SGB47238",TRUE,FALSE
"GGB51647_SGB20894",TRUE,FALSE
"GGB51647_SGB4348",FALSE,FALSE
"GGB3317_SGB4386",TRUE,FALSE
"GGB53380_SGB74412",FALSE,TRUE
"GGB2972_SGB3954",TRUE,FALSE
"GGB9762_SGB15377",FALSE,TRUE
"GGB4611_SGB6385",TRUE,FALSE
"GGB4613_SGB6388",FALSE,FALSE
"GGB47150_SGB65079",FALSE,FALSE
"GGB3612_SGB4882",FALSE,FALSE
"GGB74511_SGB105989",FALSE,FALSE
"GGB74511_SGB47635",FALSE,FALSE
"GGB9059_SGB13976",FALSE,FALSE
"GGB9785_SGB15408",TRUE,FALSE
"GGB9249_SGB14193",FALSE,TRUE
"GGB4689_SGB6486",TRUE,FALSE
"GGB4689_SGB6487",FALSE,TRUE
"GGB9332_SGB14295",TRUE,FALSE
"GGB9334_SGB14297",TRUE,FALSE
"GGB9334_SGB14298",TRUE,FALSE
"GGB78706_SGB106379",TRUE,FALSE
"GGB9523_SGB14922",FALSE,FALSE
"GGB9524_SGB14923",FALSE,FALSE
"GGB9524_SGB14924",FALSE,FALSE
"GGB34900_SGB14891",FALSE,FALSE
"GGB4774_SGB6609",FALSE,FALSE
"GGB45497_SGB63169",FALSE,FALSE
"GGB3123_SGB4135",FALSE,FALSE
"GGB9170_SGB14108",TRUE,FALSE
"GGB3257_SGB4304",FALSE,FALSE
"GGB51139_SGB71360",FALSE,FALSE
"GGB9109_SGB14042",FALSE,FALSE
"GGB3146_SGB4159",FALSE,TRUE
"GGB18456_SGB4146",FALSE,TRUE
"GGB33539_SGB53381",TRUE,FALSE
"GGB9717_SGB15270",TRUE,FALSE
"GGB9267_SGB14218",FALSE,FALSE
"GGB9060_SGB13977",TRUE,FALSE
"GGB9061_SGB13978",FALSE,TRUE
"GGB9061_SGB13979",TRUE,FALSE
"GGB3325_SGB4402",FALSE,TRUE
"GGB3510_SGB4687",FALSE,FALSE
"GGB9058_SGB13975",TRUE,FALSE
"GGB3493_SGB4668",FALSE,FALSE
"GGB4708_SGB6518",TRUE,FALSE
"GGB9522_SGB14921",FALSE,FALSE
"GGB87445_SGB15180",FALSE,FALSE
"GGB87445_SGB53522",TRUE,FALSE
"GGB9673_SGB15172",FALSE,TRUE
"GGB9675_SGB15175",FALSE,TRUE
"GGB9677_SGB15179",TRUE,FALSE
"GGB43675_SGB61016",FALSE,FALSE
"GGB9288_SGB14243",FALSE,FALSE
"GGB3754_SGB5102",TRUE,FALSE
"GGB9545_SGB14951",FALSE,FALSE
"GGB9545_SGB14952",FALSE,FALSE
"GGB4308_SGB5895",TRUE,FALSE
"GGB25376_SGB37323",FALSE,FALSE
"GGB3328_SGB4406",FALSE,FALSE
"GGB4617_SGB6392",FALSE,FALSE
"GGB13779_SGB65075",TRUE,FALSE
"GGB4651_SGB6438",TRUE,FALSE
"GGB4653_SGB6440",TRUE,FALSE
"GGB4728_SGB6549",FALSE,TRUE
"GGB4642_SGB6421",TRUE,FALSE
"GGB4642_SGB6422",TRUE,FALSE
"GGB4659_SGB6447",FALSE,FALSE
"GGB74463_SGB54347",FALSE,FALSE
"GGB9296_SGB14253",FALSE,FALSE
"GGB9491_SGB14888",FALSE,FALSE
"GGB32487_SGB54320",FALSE,FALSE
"GGB37488_SGB54315",TRUE,FALSE
"GGB74699_SGB54317",FALSE,TRUE
"GGB74701_SGB54318",FALSE,FALSE
"GGB28474_SGB41058",FALSE,FALSE
"GGB3490_SGB4664",TRUE,FALSE
"GGB9711_SGB15240",TRUE,FALSE
"GGB3569_SGB4776",FALSE,FALSE
"GGB9606_SGB15038",FALSE,TRUE
"GGB85039_SGB118796",TRUE,FALSE
"GGB9712_SGB15241",TRUE,FALSE
"GGB9712_SGB15242",TRUE,FALSE
"GGB9712_SGB15244",FALSE,FALSE
"Candidatus_Borkfalkia_ceftriaxoniphila",FALSE,FALSE
"GGB74708_SGB54312",FALSE,FALSE
"GGB9101_SGB14033",TRUE,FALSE
"GGB9102_SGB54310",FALSE,FALSE
"GGB9104_SGB14036",TRUE,FALSE
"GGB9104_SGB14037",TRUE,FALSE
"Clostridia_bacterium",FALSE,FALSE
"Clostridia_bacterium_UC5_1_1C12",TRUE,FALSE
"Clostridia_bacterium_UC5_1_1D1",FALSE,FALSE
"Clostridia_bacterium_UC5_1_1E11",FALSE,FALSE
"GGB79395_SGB105947",FALSE,FALSE
"Bianquea_renquensis",FALSE,FALSE
"Bianquea_SGB71281",FALSE,FALSE
"Christensenella_hongkongensis",FALSE,FALSE
"Christensenella_intestinihominis",FALSE,FALSE
"Christensenella_minuta",FALSE,FALSE
"Christensenella_sp_Marseille_P3954",FALSE,FALSE
"Christensenella_sp_NSJ_35",TRUE,FALSE
"Christensenella_timonensis",FALSE,FALSE
"Christensenellaceae_bacterium",FALSE,FALSE
"Gehongia_tenuis",FALSE,FALSE
"GGB45656_SGB63370",FALSE,FALSE
"GGB45656_SGB72339",FALSE,FALSE
"GGB9186_SGB14125",FALSE,FALSE
"Guopingia_tenuis",FALSE,FALSE
"Luoshenia_tenuis",FALSE,FALSE
"Butyricicoccus_faecihominis",FALSE,FALSE
"Butyricicoccus_intestinisimiae",FALSE,FALSE
"Butyricicoccus_SGB14985",FALSE,FALSE
"Butyricicoccus_SGB14990",FALSE,FALSE
"Clostridiaceae_bacterium",FALSE,FALSE
"Clostridiaceae_bacterium_AF18_31LB",FALSE,FALSE
"Clostridiaceae_bacterium_CLA_AA_H274",TRUE,FALSE
"Clostridiaceae_bacterium_Marseille_Q3526",FALSE,FALSE
"Clostridiaceae_bacterium_Marseille_Q4143",FALSE,FALSE
"Clostridiaceae_bacterium_Marseille_Q4145",FALSE,FALSE
"Clostridiaceae_bacterium_Marseille_Q4149",FALSE,FALSE
"Clostridiaceae_unclassified_SGB15090",FALSE,FALSE
"Clostridiaceae_unclassified_SGB4771",FALSE,FALSE
"Clostridium_baratii",FALSE,TRUE
"Clostridium_butyricum",FALSE,FALSE
"Clostridium_cadaveris",FALSE,TRUE
"Clostridium_celatum",FALSE,FALSE
"Clostridium_culturomicium",TRUE,FALSE
"Clostridium_cuniculi",TRUE,FALSE
"Clostridium_disporicum",FALSE,FALSE
"Clostridium_fessum",FALSE,FALSE
"Clostridium_jeddahense",TRUE,FALSE
"Clostridium_massiliamazoniense",FALSE,TRUE
"Clostridium_neonatale",FALSE,FALSE
"Clostridium_paraputrificum",FALSE,FALSE
"Clostridium_perfringens",FALSE,FALSE
"Clostridium_saudiense",FALSE,FALSE
"Clostridium_SGB29100",TRUE,FALSE
"Clostridium_SGB47280",FALSE,FALSE
"Clostridium_SGB4750",FALSE,FALSE
"Clostridium_SGB4751",FALSE,FALSE
"Clostridium_SGB48024",FALSE,FALSE
"Clostridium_SGB4909",FALSE,FALSE
"Clostridium_SGB6173",FALSE,FALSE
"Clostridium_SGB6176",FALSE,TRUE
"Clostridium_SGB6177",FALSE,FALSE
"Clostridium_SGB6179",FALSE,FALSE
"Clostridium_SGB65129",FALSE,FALSE
"Clostridium_sp_1001270J_160509_D11",FALSE,FALSE
"Clostridium_sp_Ade_TY",TRUE,FALSE
"Clostridium_sp_AF12_28",FALSE,FALSE
"Clostridium_sp_AF20_17LB",FALSE,FALSE
"Clostridium_sp_AF27_2AA",FALSE,FALSE
"Clostridium_sp_AF32_12BH",FALSE,FALSE
"Clostridium_sp_AF36_4",FALSE,FALSE
"Clostridium_sp_AM22_11AC",FALSE,FALSE
"Clostridium_sp_AM29_11AC",FALSE,FALSE
"Clostridium_sp_AM33_3",FALSE,FALSE
"Clostridium_sp_AM42_4",FALSE,FALSE
"Clostridium_sp_AM49_4BH",FALSE,FALSE
"Clostridium_sp_AM58_1XD",FALSE,FALSE
"Clostridium_sp_AT4",FALSE,FALSE
"Clostridium_sp_C5_48",TRUE,FALSE
"Clostridium_sp_chh4_2",FALSE,FALSE
"Clostridium_sp_D5",FALSE,FALSE
"Clostridium_sp_M3_9",FALSE,FALSE
"Clostridium_sp_Marseille_P2538",FALSE,FALSE
"Clostridium_sp_Marseille_P3244",FALSE,FALSE
"Clostridium_sp_MCC353",FALSE,FALSE
"Clostridium_sp_NSJ_42",FALSE,FALSE
"Clostridium_sp_NSJ_6",FALSE,FALSE
"Clostridium_tertium",TRUE,FALSE
"Clostridium_transplantifaecale",FALSE,FALSE
"GGB27106_SGB6188",FALSE,FALSE
"GGB28945_SGB41651",FALSE,TRUE
"GGB28969_SGB41680",FALSE,TRUE
"GGB3478_SGB4643",FALSE,FALSE
"GGB3480_SGB4648",FALSE,FALSE
"GGB3486_SGB4658",FALSE,FALSE
"GGB3532_SGB4720",FALSE,TRUE
"GGB3548_SGB4744",FALSE,FALSE
"GGB3550_SGB4746",FALSE,FALSE
"GGB3550_SGB4747",FALSE,FALSE
"GGB42639_SGB59836",FALSE,FALSE
"GGB4487_SGB6184",TRUE,FALSE
"GGB51454_SGB71784",FALSE,FALSE
"GGB79342_SGB106059",FALSE,FALSE
"GGB79417_SGB106068",FALSE,FALSE
"GGB9574_SGB14987",FALSE,FALSE
"GGB9575_SGB14988",FALSE,FALSE
"GGB9580_SGB14996",FALSE,FALSE
"GGB9580_SGB14998",FALSE,FALSE
"Hungatella_hathewayi",FALSE,FALSE
"Hungatella_xylanolytica",FALSE,TRUE
"Lactonifactor_longoviformis",FALSE,FALSE
"Massilioclostridium_coli",FALSE,FALSE
"Paraclostridium_bifermentans",TRUE,FALSE
"Sarcina_ventriculi",TRUE,FALSE
"Anaerofustis_stercorihominis",FALSE,FALSE
"Eubacteriaceae_bacterium",FALSE,FALSE
"Eubacteriaceae_bacterium_CHKCI004",FALSE,FALSE
"Eubacteriaceae_bacterium_Marseille_Q4139",FALSE,FALSE
"Eubacteriaceae_unclassified_SGB94922",TRUE,FALSE
"Eubacterium_callanderi",FALSE,FALSE
"Eubacterium_hominis",FALSE,FALSE
"Eubacterium_limosum",TRUE,FALSE
"Eubacterium_maltosivorans",FALSE,FALSE
"Eubacterium_ramulus",FALSE,FALSE
"Eubacterium_SGB4329",FALSE,TRUE
"Eubacterium_SGB4961",FALSE,FALSE
"Eubacterium_SGB74322",TRUE,FALSE
"Eubacterium_sp_AF16_48",FALSE,FALSE
"Eubacterium_sp_AF34_35BH",FALSE,FALSE
"Eubacterium_sp_An11",FALSE,TRUE
"Eubacterium_sp_c_25",FALSE,FALSE
"Eubacterium_ventriosum",FALSE,FALSE
"GGB29685_SGB42494",TRUE,FALSE
"GGB32033_SGB59650",TRUE,FALSE
"GGB3262_SGB4309",TRUE,FALSE
"GGB3263_SGB4311",FALSE,TRUE
"GGB3265_SGB4314",FALSE,FALSE
"GGB3267_SGB4316",TRUE,FALSE
"GGB3267_SGB4317",TRUE,FALSE
"GGB3277_SGB4327",FALSE,FALSE
"GGB3278_SGB4328",FALSE,FALSE
"GGB3280_SGB4333",FALSE,TRUE
"GGB3281_SGB4335",FALSE,FALSE
"GGB35068_SGB47850",FALSE,FALSE
"GGB3722_SGB5050",FALSE,FALSE
"GGB3724_SGB5054",FALSE,FALSE
"Intestinibacillus_massiliensis",FALSE,FALSE
"Intestinibacillus_sp_Marseille_P6563",FALSE,FALSE
"Pseudoramibacter_alactolyticus",FALSE,FALSE
"Alterileibacterium_massiliense",FALSE,FALSE
"Anaerovorax_odorimutans",FALSE,FALSE
"Bacilliculturomica_massiliensis",FALSE,FALSE
"Emergencia_timonensis",FALSE,FALSE
"Clostridiales_bacterium_S5_A14a",FALSE,FALSE
"Eubacteriales_Family_XIII_Incertae_Sedis_unclassified_SGB3978",FALSE,FALSE
"Eubacterium_brachy",FALSE,TRUE
"Eubacterium_sulci",FALSE,FALSE
"GGB2977_SGB3959",FALSE,FALSE
"GGB2980_SGB3962",FALSE,FALSE
"GGB2987_SGB3969",FALSE,FALSE
"GGB32387_SGB47381",FALSE,FALSE
"Lentihominibacter_faecis",FALSE,FALSE
"Lentihominibacter_hominis",FALSE,FALSE
"Lentihominibacter_SGB71368",FALSE,FALSE
"Mogibacterium_diversum",FALSE,FALSE
"Mogibacterium_kristiansenii",FALSE,FALSE
"Mogibacterium_timidum",FALSE,FALSE
"Zhenpiania_hominis",FALSE,FALSE
"Candidatus_Cibionibacter_quicibialis",FALSE,FALSE
"Candidatus_Soleaferrea_massiliensis",TRUE,FALSE
"Colidextribacter_sp_210702_DFI_3_9",FALSE,FALSE
"Bacteroides_pectinophilus",FALSE,FALSE
"Clostridiales_bacterium",FALSE,FALSE
"Clostridiales_bacterium_CHKCI006",FALSE,TRUE
"Clostridiales_bacterium_KLE1615",FALSE,FALSE
"Clostridiales_bacterium_Marseille_P2846",FALSE,FALSE
"Clostridiales_bacterium_SIT11",TRUE,FALSE
"Eubacteriales_bacterium",FALSE,FALSE
"Eubacteriales_unclassified_SGB15148",TRUE,FALSE
"Eubacteriales_unclassified_SGB15150",FALSE,FALSE
"Evtepia_gabavorous",FALSE,FALSE
"Fenollaria_massiliensis",FALSE,FALSE
"Fenollaria_timonensis",FALSE,FALSE
"Gemmiger_formicilis",FALSE,FALSE
"Gemmiger_gallinarum",FALSE,FALSE
"Gemmiger_SGB105726",TRUE,FALSE
"Gemmiger_SGB15295",FALSE,FALSE
"Gemmiger_SGB15301",FALSE,TRUE
"Gemmiger_sp_An50",TRUE,FALSE
"Gemmiger_sp_An87",FALSE,FALSE
"GGB45643_SGB63357",FALSE,FALSE
"GGB48168_SGB66171",FALSE,FALSE
"GGB9563_SGB14975",FALSE,FALSE
"GGB9759_SGB15370",FALSE,FALSE
"GGB9759_SGB15372",TRUE,FALSE
"GGB9760_SGB15373",FALSE,FALSE
"GGB9760_SGB15374",FALSE,FALSE
"Intestinimonas_butyriciproducens",FALSE,FALSE
"Intestinimonas_gabonensis",FALSE,FALSE
"Intestinimonas_massiliensis",FALSE,FALSE
"Intestinimonas_SGB15130",TRUE,FALSE
"Intestinimonas_sp_MSJ_38",FALSE,FALSE
"Intestinimonas_timonensis",FALSE,FALSE
"Levyella_massiliensis",FALSE,FALSE
"Massilistercora_timonensis",FALSE,FALSE
"Feifania_hominis",FALSE,FALSE
"Anaerobutyricum_hallii",FALSE,FALSE
"Anaerobutyricum_soehngenii",FALSE,FALSE
"Anaerosacchariphilus_sp_NSJ_68",FALSE,FALSE
"Anaerostipes_butyraticus",FALSE,FALSE
"Anaerostipes_caccae",FALSE,FALSE
"Anaerostipes_hadrus",FALSE,FALSE
"Anaerotignum_faecicola",FALSE,FALSE
"Anaerotignum_lactatifermentans",FALSE,FALSE
"Anaerotignum_sp_MSJ_24",FALSE,FALSE
"Bariatricus_massiliensis",FALSE,FALSE
"Blautia_argi",FALSE,FALSE
"Blautia_caecimuris",FALSE,FALSE
"Blautia_faecicola",FALSE,FALSE
"Blautia_faecis",FALSE,FALSE
"Blautia_glucerasea",FALSE,FALSE
"Blautia_hansenii",FALSE,FALSE
"Blautia_hydrogenotrophica",FALSE,FALSE
"Blautia_luti",FALSE,FALSE
"Blautia_marasmi",FALSE,FALSE
"Blautia_massiliensis",FALSE,FALSE
"Blautia_obeum",FALSE,FALSE
"Blautia_producta",FALSE,FALSE
"Blautia_schinkii",FALSE,FALSE
"Blautia_SGB101324",FALSE,FALSE
"Blautia_SGB36988",TRUE,FALSE
"Blautia_SGB4793",FALSE,FALSE
"Blautia_SGB4815",FALSE,FALSE
"Blautia_SGB4833",TRUE,FALSE
"Blautia_SGB59878",FALSE,FALSE
"Blautia_SGB71764",TRUE,FALSE
"Blautia_sp_An249",FALSE,FALSE
"Blautia_sp_An46",FALSE,FALSE
"Blautia_sp_Marseille_P3201T",TRUE,FALSE
"Blautia_sp_MCC283",FALSE,FALSE
"Blautia_sp_OF03_15BH",FALSE,FALSE
"Blautia_stercoris",FALSE,FALSE
"Blautia_wexlerae",FALSE,FALSE
"Brotolimicola_acetigignens",FALSE,FALSE
"Butyrivibrio_crossotus",FALSE,FALSE
"Catenibacillus_scindens",FALSE,FALSE
"Coprococcus_catus",FALSE,FALSE
"Coprococcus_comes",FALSE,FALSE
"Coprococcus_eutactus",FALSE,FALSE
"Coprococcus_SGB106014",FALSE,FALSE
"Coprococcus_sp_AF21_14LB",FALSE,FALSE
"Cuneatibacter_caecimuris",FALSE,FALSE
"Cuneatibacter_sp_NSJ_177",FALSE,FALSE
"Diplocloster_agilis",FALSE,FALSE
"Diplocloster_modestus",FALSE,FALSE
"Dorea_formicigenerans",FALSE,FALSE
"Dorea_longicatena",FALSE,FALSE
"Dorea_phocaeensis",FALSE,FALSE
"Dorea_sp_AF36_15AT",FALSE,FALSE
"Dorea_sp_D27",TRUE,FALSE
"Eisenbergiella_massiliensis",FALSE,FALSE
"Eisenbergiella_sp_OF01_20",FALSE,FALSE
"Eisenbergiella_tayi",FALSE,FALSE
"Enterocloster_aldenensis",FALSE,FALSE
"Enterocloster_asparagiformis",FALSE,FALSE
"Enterocloster_bolteae",FALSE,FALSE
"Enterocloster_citroniae",FALSE,FALSE
"Enterocloster_clostridioformis",FALSE,FALSE
"Enterocloster_hominis",FALSE,FALSE
"Enterocloster_lavalensis",FALSE,FALSE
"Extibacter_muris",FALSE,FALSE
"Faecalicatena_contorta",FALSE,FALSE
"Faecalicatena_fissicatena",FALSE,FALSE
"Faecalicatena_orotica",FALSE,FALSE
"Faecalicatena_SGB4872",FALSE,FALSE
"Faecalimonas_umbilicata",FALSE,FALSE
"Frisingicoccus_caecimuris",FALSE,FALSE
"Frisingicoccus_SGB4674",FALSE,FALSE
"Fusicatenibacter_saccharivorans",FALSE,FALSE
"Fusicatenibacter_sp_CLA_AA_H277",FALSE,FALSE
"GGB13283_SGB4948",FALSE,TRUE
"GGB25053_SGB106016",TRUE,FALSE
"GGB25053_SGB36975",FALSE,FALSE
"GGB25063_SGB36986",TRUE,FALSE
"GGB28640_SGB4673",FALSE,FALSE
"GGB33657_SGB47663",FALSE,TRUE
"GGB3429_SGB71706",FALSE,TRUE
"GGB3433_SGB4573",FALSE,FALSE
"GGB3433_SGB4574",FALSE,FALSE
"GGB3440_SGB4589",TRUE,FALSE
"GGB3441_SGB4591",FALSE,FALSE
"GGB3444_SGB4594",FALSE,FALSE
"GGB3446_SGB4597",FALSE,FALSE
"GGB34476_SGB65958",FALSE,TRUE
"GGB3449_SGB4601",FALSE,FALSE
"GGB3451_SGB4604",FALSE,FALSE
"GGB3451_SGB4605",FALSE,FALSE
"GGB3474_SGB4637",TRUE,FALSE
"GGB3475_SGB4638",FALSE,FALSE
"GGB3496_SGB4671",FALSE,FALSE
"GGB3497_SGB4672",FALSE,FALSE
"GGB3504_SGB4680",FALSE,FALSE
"GGB3516_SGB4695",TRUE,FALSE
"GGB3518_SGB4697",FALSE,FALSE
"GGB3519_SGB4698",FALSE,FALSE
"GGB3534_SGB4722",FALSE,FALSE
"GGB3537_SGB4727",FALSE,FALSE
"GGB3538_SGB4728",FALSE,FALSE
"GGB35456_SGB66051",TRUE,FALSE
"GGB35456_SGB71664",TRUE,FALSE
"GGB3576_SGB4784",FALSE,FALSE
"GGB3583_SGB4799",FALSE,FALSE
"GGB3585_SGB4803",FALSE,FALSE
"GGB3588_SGB4808",FALSE,FALSE
"GGB3593_SGB4817",FALSE,FALSE
"GGB3600_SGB47662",FALSE,FALSE
"GGB3600_SGB4859",FALSE,FALSE
"GGB3600_SGB4860",FALSE,FALSE
"GGB3600_SGB4861",FALSE,FALSE
"GGB3602_SGB4865",FALSE,FALSE
"GGB3602_SGB66069",FALSE,FALSE
"GGB3603_SGB4866",FALSE,FALSE
"GGB3606_SGB4870",FALSE,FALSE
"GGB3609_SGB4877",FALSE,FALSE
"GGB3619_SGB4894",FALSE,FALSE
"GGB3622_SGB4899",TRUE,FALSE
"GGB3626_SGB4905",FALSE,FALSE
"GGB3627_SGB4906",FALSE,FALSE
"GGB3637_SGB4930",TRUE,FALSE
"GGB3640_SGB4937",TRUE,FALSE
"GGB3649_SGB4958",FALSE,FALSE
"GGB3653_SGB4964",FALSE,FALSE
"GGB3664_SGB4976",FALSE,TRUE
"GGB3677_SGB4990",FALSE,FALSE
"GGB3678_SGB4991",FALSE,FALSE
"GGB3678_SGB4992",FALSE,TRUE
"GGB3733_SGB5066",FALSE,FALSE
"GGB3740_SGB5076",FALSE,FALSE
"GGB3740_SGB5077",FALSE,FALSE
"GGB3743_SGB5086",TRUE,FALSE
"GGB3816_SGB5181",FALSE,FALSE
"GGB3817_SGB5182",FALSE,FALSE
"GGB3818_SGB5183",FALSE,FALSE
"GGB3819_SGB5184",FALSE,FALSE
"GGB38239_SGB47716",TRUE,FALSE
"GGB3828_SGB5197",FALSE,FALSE
"GGB3859_SGB5234",FALSE,TRUE
"GGB3862_SGB5239",FALSE,TRUE
"GGB3883_SGB5266",FALSE,TRUE
"GGB3885_SGB5268",TRUE,FALSE
"GGB39570_SGB47641",TRUE,FALSE
"GGB41473_SGB58537",FALSE,FALSE
"GGB42184_SGB59334",TRUE,FALSE
"GGB42674_SGB66070",TRUE,FALSE
"GGB42689_SGB59892",FALSE,FALSE
"GGB51441_SGB71759",FALSE,FALSE
"GGB55957_SGB77276",FALSE,FALSE
"GGB58067_SGB79698",TRUE,FALSE
"GGB58071_SGB79702",FALSE,FALSE
"GGB74505_SGB47518",FALSE,FALSE
"GGB79394_SGB105952",TRUE,FALSE
"GGB81342_SGB47944",FALSE,FALSE
"Jingyaoa_shaoxingensis",FALSE,FALSE
"Jutongia_hominis",FALSE,FALSE
"Jutongia_huaianensis",FALSE,FALSE
"Kineothrix_SGB4886",FALSE,FALSE
"Lachnoanaerobaculum_sp_ICM7",FALSE,TRUE
"Clostridium_hylemonae",FALSE,FALSE
"Clostridium_scindens",FALSE,FALSE
"Clostridium_symbiosum",FALSE,FALSE
"Lachnoclostridium_edouardi",FALSE,FALSE
"Lachnoclostridium_pacaense",FALSE,FALSE
"Lachnoclostridium_phocaeense",FALSE,FALSE
"Lachnoclostridium_phytofermentans",TRUE,FALSE
"Lachnoclostridium_SGB4602",FALSE,FALSE
"Lachnoclostridium_sp_An118",FALSE,FALSE
"Lachnoclostridium_sp_An131",FALSE,FALSE
"Lachnoclostridium_sp_An138",FALSE,FALSE
"Lachnoclostridium_sp_An14",FALSE,FALSE
"Lachnoclostridium_sp_An196",TRUE,FALSE
"Lachnospira_eligens",FALSE,FALSE
"Lachnospira_pectinoschiza",FALSE,FALSE
"Lachnospira_SGB5083",TRUE,FALSE
"Lachnospira_sp_NSJ_43",FALSE,FALSE
"Eubacterium_rectale",FALSE,FALSE
"Lachnospiraceae_bacterium",FALSE,FALSE
"Lachnospiraceae_bacterium_2_1_46FAA",FALSE,FALSE
"Lachnospiraceae_bacterium_AM48_27BH",FALSE,FALSE
"Lachnospiraceae_bacterium_CLA_AA_H215",FALSE,FALSE
"Lachnospiraceae_bacterium_CLA_AA_H244",FALSE,FALSE
"Lachnospiraceae_bacterium_EP_SM_12S_S03",FALSE,FALSE
"Lachnospiraceae_bacterium_OF09_6",FALSE,FALSE
"Lachnospiraceae_bacterium_OM04_12BH",FALSE,FALSE
"Lachnospiraceae_bacterium_oral_taxon_096",FALSE,TRUE
"Lachnospiraceae_unclassified_SGB4550",FALSE,FALSE
"Lachnospiraceae_unclassified_SGB47637",FALSE,FALSE
"Lachnospiraceae_unclassified_SGB65957",FALSE,TRUE
"Lachnospiraceae_unclassified_SGB69346",FALSE,FALSE
"Lachnotalea_sp_AF33_28",FALSE,FALSE
"Lacrimispora_amygdalina",FALSE,FALSE
"Lacrimispora_sp_210928_DFI_3_58",FALSE,FALSE
"Luxibacter_massiliensis",FALSE,FALSE
"Marvinbryantia_SGB4691",FALSE,FALSE
"Mediterraneibacter_butyricigenes",FALSE,FALSE
"Mediterraneibacter_catenae",TRUE,FALSE
"Mediterraneibacter_faecis",FALSE,FALSE
"Mediterraneibacter_glycyrrhizinilyticus",FALSE,FALSE
"Mediterraneibacter_massiliensis",FALSE,FALSE
"Mediterraneibacter_SGB4586",FALSE,FALSE
"Mediterraneibacter_SGB4598",FALSE,FALSE
"Mediterraneibacter_SGB4607",FALSE,FALSE
"Mediterraneibacter_SGB48424",FALSE,FALSE
"Mediterraneibacter_sp_NSJ_151",FALSE,FALSE
"Ruminococcus_gnavus",FALSE,FALSE
"Ruminococcus_lactaris",FALSE,FALSE
"Ruminococcus_torques",FALSE,FALSE
"Merdimonas_faecis",FALSE,FALSE
"Murimonas_intestini",FALSE,FALSE
"Niameybacter_massiliensis",TRUE,FALSE
"Oliverpabstia_intestinalis",FALSE,FALSE
"Oribacterium_parvum",FALSE,TRUE
"Oribacterium_sinus",FALSE,TRUE
"Qiania_dongpingensis",FALSE,FALSE
"Robinsoniella_peoriensis",TRUE,FALSE
"Roseburia_faecis",FALSE,FALSE
"Roseburia_hominis",FALSE,FALSE
"Roseburia_intestinalis",FALSE,FALSE
"Roseburia_inulinivorans",FALSE,FALSE
"Roseburia_lenta",FALSE,FALSE
"Roseburia_porci",FALSE,TRUE
"Roseburia_SGB4939",FALSE,TRUE
"Roseburia_SGB4949",FALSE,FALSE
"Roseburia_sp_831b",TRUE,FALSE
"Roseburia_sp_AF02_12",FALSE,FALSE
"Roseburia_sp_AM23_20",TRUE,FALSE
"Roseburia_sp_AM59_24XD",FALSE,FALSE
"Roseburia_sp_BX1005",FALSE,FALSE
"Sellimonas_intestinalis",FALSE,FALSE
"Simiaoa_sunii",FALSE,FALSE
"Tyzzerella_nexilis",FALSE,FALSE
"Tyzzerella_SGB4587",FALSE,FALSE
"Velocimicrobium_porci",FALSE,FALSE
"Wansuia_hejianensis",FALSE,FALSE
"Wujia_chipingensis",FALSE,FALSE
"Zhenhengia_yiwuensis",FALSE,FALSE
"Acetivibrio_sp_MSJd_27",FALSE,FALSE
"Agathobaculum_butyriciproducens",FALSE,FALSE
"Agathobaculum_desmolans",FALSE,FALSE
"Agathobaculum_sp_Marseille_P7918",FALSE,FALSE
"Anaerofilum_hominis",FALSE,FALSE
"Anaerofilum_sp_An201",TRUE,FALSE
"Anaeromassilibacillus_senegalensis",FALSE,FALSE
"Anaeromassilibacillus_sp_An172",FALSE,FALSE
"Anaeromassilibacillus_sp_An200",TRUE,FALSE
"Anaerotruncus_colihominis",FALSE,FALSE
"Anaerotruncus_massiliensis",FALSE,FALSE
"Anaerotruncus_rubiinfantis",FALSE,FALSE
"Angelakisella_massiliensis",FALSE,FALSE
"Bittarella_massiliensis",FALSE,FALSE
"Congzhengia_minquanensis",FALSE,FALSE
"Drancourtella_massiliensis",FALSE,FALSE
"Drancourtella_SGB106018",TRUE,FALSE
"Dysosmobacter_SGB15074",TRUE,FALSE
"Dysosmobacter_SGB15077",FALSE,FALSE
"Dysosmobacter_sp_Marseille_Q4140",FALSE,FALSE
"Dysosmobacter_welbionis",FALSE,FALSE
"Faecalibacterium_prausnitzii",FALSE,FALSE
"Faecalibacterium_SGB15346",FALSE,FALSE
"Faecalibacterium_sp_CLA_AA_H233",FALSE,FALSE
"Faecalibacterium_sp_HTFF",FALSE,FALSE
"Flavonifractor_plautii",FALSE,FALSE
"Flavonifractor_SGB105860",TRUE,FALSE
"Flavonifractor_sp_AGMB03687",FALSE,TRUE
"Flavonifractor_sp_An10",FALSE,FALSE
"Flavonifractor_sp_An100",FALSE,FALSE
"Flavonifractor_sp_An135",TRUE,FALSE
"Fournierella_massiliensis",FALSE,FALSE
"Fumia_xinanensis",FALSE,FALSE
"GGB13463_SGB15285",FALSE,TRUE
"GGB13489_SGB15224",FALSE,FALSE
"GGB13493_SGB15238",FALSE,FALSE
"GGB25333_SGB37272",TRUE,FALSE
"GGB3152_SGB4165",FALSE,FALSE
"GGB3167_SGB4181",FALSE,FALSE
"GGB3169_SGB4183",TRUE,FALSE
"GGB3171_SGB4185",FALSE,TRUE
"GGB3204_SGB4228",TRUE,FALSE
"GGB3220_SGB4252",FALSE,FALSE
"GGB32451_SGB47419",FALSE,FALSE
"GGB3247_SGB4294",TRUE,FALSE
"GGB3285_SGB4339",FALSE,TRUE
"GGB32900_SGB53446",FALSE,FALSE
"GGB3340_SGB4419",FALSE,FALSE
"GGB3343_SGB4423",FALSE,FALSE
"GGB3344_SGB4424",FALSE,FALSE
"GGB3345_SGB4425",TRUE,FALSE
"GGB33469_SGB15236",FALSE,FALSE
"GGB33469_SGB15237",FALSE,FALSE
"GGB34228_SGB53814",FALSE,FALSE
"GGB34228_SGB72916",FALSE,FALSE
"GGB36331_SGB15121",FALSE,FALSE
"GGB36331_SGB53806",FALSE,TRUE
"GGB38744_SGB14842",FALSE,FALSE
"GGB38987_SGB53576",FALSE,TRUE
"GGB38987_SGB63305",FALSE,FALSE
"GGB41366_SGB58424",TRUE,FALSE
"GGB45537_SGB63217",FALSE,TRUE
"GGB45540_SGB63220",FALSE,FALSE
"GGB45596_SGB63306",FALSE,FALSE
"GGB45599_SGB63311",FALSE,FALSE
"GGB78928_SGB105381",TRUE,FALSE
"GGB79104_SGB105821",FALSE,FALSE
"GGB79118_SGB105839",FALSE,FALSE
"GGB84149_SGB121418",TRUE,FALSE
"GGB9237_SGB14179",FALSE,FALSE
"GGB9452_SGB14843",FALSE,FALSE
"GGB9453_SGB14844",FALSE,FALSE
"GGB9453_SGB14845",FALSE,FALSE
"GGB9454_SGB14846",TRUE,FALSE
"GGB9455_SGB14847",TRUE,FALSE
"GGB9457_SGB14849",FALSE,TRUE
"GGB9469_SGB14862",FALSE,FALSE
"GGB9469_SGB14863",FALSE,FALSE
"GGB9495_SGB14892",FALSE,FALSE
"GGB9590_SGB15012",FALSE,FALSE
"GGB9591_SGB15013",TRUE,FALSE
"GGB9593_SGB15015",FALSE,FALSE
"GGB9594_SGB15016",FALSE,TRUE
"GGB9595_SGB15019",TRUE,FALSE
"GGB9597_SGB15022",FALSE,FALSE
"GGB9602_SGB15028",FALSE,FALSE
"GGB9602_SGB15031",FALSE,FALSE
"GGB9603_SGB15035",TRUE,FALSE
"GGB9608_SGB15041",FALSE,FALSE
"GGB9608_SGB15042",FALSE,TRUE
"GGB9611_SGB15045",FALSE,FALSE
"GGB9613_SGB15048",FALSE,FALSE
"GGB9614_SGB15049",FALSE,FALSE
"GGB9616_SGB15051",FALSE,FALSE
"GGB9616_SGB15052",FALSE,FALSE
"GGB9616_SGB15062",FALSE,TRUE
"GGB9618_SGB15064",FALSE,TRUE
"GGB9618_SGB15065",FALSE,FALSE
"GGB9619_SGB15066",FALSE,FALSE
"GGB9619_SGB15067",FALSE,FALSE
"GGB9620_SGB15068",FALSE,FALSE
"GGB9620_SGB15070",FALSE,FALSE
"GGB9621_SGB15072",FALSE,TRUE
"GGB9621_SGB15073",FALSE,FALSE
"GGB9623_SGB15075",FALSE,FALSE
"GGB9627_SGB15081",FALSE,FALSE
"GGB9628_SGB15082",TRUE,FALSE
"GGB9630_SGB15084",FALSE,FALSE
"GGB9634_SGB15093",FALSE,FALSE
"GGB9634_SGB15095",FALSE,FALSE
"GGB9634_SGB15097",FALSE,FALSE
"GGB9634_SGB15099",FALSE,TRUE
"GGB9634_SGB15100",TRUE,FALSE
"GGB9634_SGB15101",FALSE,FALSE
"GGB9635_SGB15102",FALSE,TRUE
"GGB9635_SGB15103",FALSE,FALSE
"GGB9635_SGB15106",FALSE,FALSE
"GGB9636_SGB15107",FALSE,FALSE
"GGB9636_SGB15108",FALSE,FALSE
"GGB9637_SGB15111",FALSE,FALSE
"GGB9640_SGB15115",FALSE,FALSE
"GGB9641_SGB15117",FALSE,FALSE
"GGB9642_SGB15119",FALSE,FALSE
"GGB9646_SGB15123",FALSE,FALSE
"GGB9667_SGB15164",FALSE,FALSE
"GGB9668_SGB15165",FALSE,FALSE
"GGB9699_SGB15216",FALSE,FALSE
"GGB9707_SGB15229",FALSE,FALSE
"GGB9708_SGB15233",FALSE,FALSE
"GGB9708_SGB15234",FALSE,FALSE
"GGB9708_SGB15235",FALSE,FALSE
"GGB9710_SGB15239",FALSE,FALSE
"GGB9715_SGB15260",FALSE,FALSE
"GGB9715_SGB15265",FALSE,FALSE
"GGB9715_SGB15266",FALSE,FALSE
"GGB9715_SGB15267",FALSE,FALSE
"GGB9716_SGB15269",FALSE,FALSE
"GGB9724_SGB15278",FALSE,FALSE
"GGB9730_SGB15290",FALSE,FALSE
"GGB9730_SGB15291",FALSE,FALSE
"GGB9737_SGB15309",FALSE,FALSE
"GGB9739_SGB15313",FALSE,FALSE
"GGB9743_SGB15349",TRUE,FALSE
"Hydrogeniiclostridium_mannosilyticum",FALSE,FALSE
"Hydrogenoanaerobacterium_saccharovorans",FALSE,FALSE
"Hydrogenoanaerobacterium_SGB53821",FALSE,FALSE
"Lawsonibacter_asaccharolyticus",FALSE,FALSE
"Lawsonibacter_faecis",FALSE,FALSE
"Lawsonibacter_hominis",FALSE,FALSE
"Lawsonibacter_SGB15145",FALSE,FALSE
"Ligaoa_zhengdingensis",FALSE,FALSE
"Massiliimalia_massiliensis",FALSE,FALSE
"Massiliimalia_timonensis",FALSE,FALSE
"Monoglobus_pectinilyticus",FALSE,FALSE
"Neglectibacter_timonensis",FALSE,FALSE
"Neobittarella_massiliensis",FALSE,FALSE
"Oscillibacter_hominis",FALSE,FALSE
"Oscillibacter_ruminantium",FALSE,FALSE
"Oscillibacter_sp_ER4",FALSE,FALSE
"Oscillibacter_sp_MSJ_31",FALSE,FALSE
"Oscillibacter_sp_PC13",FALSE,FALSE
"Oscillibacter_valericigenes",FALSE,FALSE
"Clostridium_leptum",FALSE,FALSE
"Clostridium_methylpentosum",FALSE,FALSE
"Eubacterium_siraeum",FALSE,FALSE
"Oscillospiraceae_bacterium",FALSE,FALSE
"Oscillospiraceae_bacterium_CLA_AA_H250",FALSE,FALSE
"Oscillospiraceae_bacterium_Marseille_Q3528",FALSE,FALSE
"Oscillospiraceae_unclassified_SGB15251",TRUE,FALSE
"Oscillospiraceae_unclassified_SGB15252",TRUE,FALSE
"Oscillospiraceae_unclassified_SGB15253",FALSE,FALSE
"Oscillospiraceae_unclassified_SGB15256",FALSE,FALSE
"Oscillospiraceae_unclassified_SGB15257",FALSE,TRUE
"Oscillospiraceae_unclassified_SGB4196",TRUE,FALSE
"Oscillospiraceae_unclassified_SGB4199",TRUE,FALSE
"Oscillospiraceae_unclassified_SGB4281",FALSE,TRUE
"Ruminococcaceae_bacterium_Marseille_P2935",FALSE,FALSE
"Phocea_massiliensis",FALSE,FALSE
"Phocea_SGB105437",FALSE,TRUE
"Provencibacterium_massiliense",FALSE,FALSE
"Pseudoflavonifractor_capillosus",FALSE,FALSE
"Pseudoflavonifractor_gallinarum",FALSE,FALSE
"Pseudoflavonifractor_phocaeensis",FALSE,FALSE
"Pseudoflavonifractor_sp_AF19_9AC",FALSE,FALSE
"Pseudoflavonifractor_sp_MSJ_37",FALSE,TRUE
"Pseudoruminococcus_massiliensis",FALSE,FALSE
"Qingrenia_yutianensis",TRUE,FALSE
"Ruminococcus_bicirculans",FALSE,FALSE
"Ruminococcus_bovis",FALSE,TRUE
"Ruminococcus_bromii",FALSE,FALSE
"Ruminococcus_callidus",FALSE,FALSE
"Ruminococcus_gauvreauii",FALSE,FALSE
"Ruminococcus_SGB4253",FALSE,FALSE
"Ruminococcus_SGB4263",FALSE,TRUE
"Ruminococcus_SGB4421",FALSE,FALSE
"Ruminococcus_sp_AF13_28",FALSE,FALSE
"Ruminococcus_sp_AF41_9",FALSE,FALSE
"Ruminococcus_sp_Marseille_P6503",FALSE,TRUE
"Ruthenibacterium_lactatiformans",FALSE,FALSE
"Vescimonas_coprocola",FALSE,FALSE
"Vescimonas_fastidiosa",FALSE,FALSE
"Vescimonas_SGB15086",FALSE,FALSE
"Vescimonas_SGB15087",FALSE,FALSE
"Vescimonas_SGB15088",FALSE,TRUE
"Yanshouia_hominis",FALSE,FALSE
"Youxingia_wuxianensis",FALSE,FALSE
"Zongyangia_hominis",FALSE,FALSE
"Peptococcus_niger",FALSE,FALSE
"Clostridioides_difficile",FALSE,FALSE
"GGB4456_SGB6141",FALSE,FALSE
"Intestinibacter_bartlettii",FALSE,FALSE
"Mediannikoviicoccus_vaginalis",TRUE,FALSE
"Paeniclostridium_sordellii",FALSE,TRUE
"Peptacetobacter_hiranonis",FALSE,TRUE
"Peptostreptococcaceae_bacterium",TRUE,FALSE
"Peptostreptococcus_anaerobius",FALSE,FALSE
"Peptostreptococcus_SGB749",FALSE,FALSE
"Peptostreptococcus_stomatis",FALSE,TRUE
"Romboutsia_hominis",FALSE,TRUE
"Romboutsia_timonensis",FALSE,FALSE
"Terrisporobacter_mayombei",FALSE,FALSE
"Yeguia_hominis",FALSE,FALSE
"Catenibacterium_tridentinum",FALSE,FALSE
"Coprobacillus_cateniformis",FALSE,FALSE
"Allobaculum_stercoricanis",TRUE,FALSE
"Amedibacillus_dolichus",FALSE,FALSE
"Amedibacterium_intestinale",FALSE,FALSE
"Candidatus_Stoquefichus_sp_SB1",FALSE,FALSE
"Copranaerobaculum_intestinale",FALSE,FALSE
"Dielma_fastidiosa",FALSE,FALSE
"Clostridium_cocleatum",FALSE,TRUE
"Clostridium_innocuum",FALSE,FALSE
"Clostridium_saccharogumia",FALSE,FALSE
"Clostridium_spiroforme",FALSE,FALSE
"Erysipelatoclostridium_ramosum",FALSE,FALSE
"Erysipelatoclostridium_SGB66626",FALSE,FALSE
"Erysipelatoclostridium_sp_An15",FALSE,FALSE
"Erysipelotrichaceae_bacterium_7770_A6",FALSE,TRUE
"Erysipelotrichaceae_bacterium_LH1062",FALSE,TRUE
"Faecalibacillus_faecis",FALSE,FALSE
"Faecalibacillus_intestinalis",FALSE,FALSE
"Faecalibacillus_SGB6753",FALSE,FALSE
"Faecalicoccus_pleomorphus",FALSE,FALSE
"Faecalitalea_cylindroides",FALSE,FALSE
"GGB31184_SGB44478",TRUE,FALSE
"GGB48567_SGB66627",FALSE,TRUE
"GGB4888_SGB6837",TRUE,FALSE
"Holdemanella_biformis",FALSE,FALSE
"Holdemanella_porci",FALSE,FALSE
"Holdemania_filiformis",FALSE,FALSE
"Holdemania_massiliensis",FALSE,FALSE
"Holdemania_sp_1001095H_141210_F2",FALSE,FALSE
"Longibaculum_muris",FALSE,FALSE
"Longicatena_caecimuris",FALSE,FALSE
"Massilicoli_timonensis",FALSE,FALSE
"Massilimicrobiota_timonensis",FALSE,FALSE
"Merdibacter_massiliensis",TRUE,FALSE
"Solobacterium_moorei",FALSE,FALSE
"Solobacterium_SGB6828",FALSE,TRUE
"Solobacterium_SGB6829",FALSE,FALSE
"Solobacterium_SGB6833",FALSE,FALSE
"Traorella_massiliensis",FALSE,FALSE
"Turicibacter_bilis",FALSE,FALSE
"Turicibacter_sanguinis",FALSE,FALSE
"Firmicutes_bacterium",FALSE,FALSE
"Firmicutes_bacterium_AM41_11",FALSE,TRUE
"Firmicutes_unclassified_SGB47659",FALSE,FALSE
"Firmicutes_unclassified_SGB47660",FALSE,FALSE
"GGB3680_SGB4994",TRUE,FALSE
"GGB3680_SGB4995",FALSE,FALSE
"GGB52002_SGB72669",FALSE,FALSE
"GGB9509_SGB14906",FALSE,FALSE
"GGB9511_SGB14908",FALSE,FALSE
"GGB9512_SGB14909",FALSE,FALSE
"GGB9513_SGB14911",TRUE,FALSE
"Negativibacillus_massiliensis",FALSE,FALSE
"Acidaminococcus_fermentans",FALSE,FALSE
"Acidaminococcus_intestini",FALSE,FALSE
"Acidaminococcus_SGB5735",FALSE,FALSE
"GGB4239_SGB5731",TRUE,FALSE
"GGB4249_SGB5749",FALSE,FALSE
"GGB4257_SGB5789",TRUE,FALSE
"Phascolarctobacterium_faecium",FALSE,FALSE
"Phascolarctobacterium_SGB5790",TRUE,FALSE
"Phascolarctobacterium_sp_ET69",FALSE,FALSE
"Phascolarctobacterium_succinatutens",FALSE,FALSE
"GGB42711_SGB59916",TRUE,FALSE
"Megamonas_funiformis",FALSE,FALSE
"Mitsuokella_jalaludinii",FALSE,TRUE
"Mitsuokella_multacida",FALSE,TRUE
"Allisonella_histaminiformans",FALSE,FALSE
"Anaeroglobus_geminatus",FALSE,FALSE
"Colibacter_massiliensis",TRUE,FALSE
"Dialister_hominis",FALSE,FALSE
"Dialister_invisus",FALSE,FALSE
"Dialister_pneumosintes",FALSE,FALSE
"GGB4266_SGB5809",FALSE,TRUE
"GGB4277_SGB5832",FALSE,FALSE
"Megasphaera_massiliensis",FALSE,FALSE
"Megasphaera_micronuciformis",FALSE,TRUE
"Megasphaera_SGB5856",FALSE,TRUE
"Megasphaera_sp_NM10",TRUE,FALSE
"Megasphaera_stantonii",FALSE,TRUE
"Veillonella_atypica",FALSE,FALSE
"Veillonella_dispar",FALSE,FALSE
"Veillonella_parvula",FALSE,FALSE
"Veillonella_ratti",FALSE,TRUE
"Veillonella_rogosae",FALSE,FALSE
"Veillonella_seminalis",TRUE,FALSE
"Veillonellaceae_bacterium",FALSE,FALSE
"Veillonellaceae_bacterium_DNF00626",TRUE,FALSE
"Acidilutibacter_cellobiosedens",FALSE,TRUE
"Anaerococcus_hydrogenalis",TRUE,FALSE
"Anaerococcus_ihuae",FALSE,FALSE
"Anaerococcus_marasmi",TRUE,FALSE
"Anaerococcus_mediterraneensis",FALSE,FALSE
"Anaerococcus_murdochii",FALSE,FALSE
"Anaerococcus_obesiensis",FALSE,FALSE
"Anaerococcus_prevotii",FALSE,FALSE
"Anaerococcus_senegalensis",FALSE,FALSE
"Anaerococcus_sp_Marseille_P3915",TRUE,FALSE
"Anaerococcus_vaginalis",FALSE,FALSE
"Finegoldia_magna",FALSE,FALSE
"Helcococcus_massiliensis",FALSE,TRUE
"Lagierella_massiliensis",TRUE,FALSE
"Parvimonas_micra",FALSE,FALSE
"Peptoniphilus_catoniae",TRUE,FALSE
"Peptoniphilus_duerdenii",FALSE,FALSE
"Peptoniphilus_gorbachii",FALSE,FALSE
"Peptoniphilus_grossensis",FALSE,FALSE
"Peptoniphilus_harei",FALSE,FALSE
"Peptoniphilus_lacrimalis",FALSE,FALSE
"Peptoniphilus_nemausensis",TRUE,FALSE
"Peptoniphilus_obesi",FALSE,FALSE
"Peptoniphilus_pacaensis",FALSE,FALSE
"Peptoniphilus_rachelemmaiella",FALSE,FALSE
"Peptoniphilus_senegalensis",FALSE,FALSE
"Peptoniphilus_SGB105001",TRUE,FALSE
"Peptoniphilus_SGB106405",TRUE,FALSE
"Peptoniphilus_sp_BV3C26",FALSE,FALSE
"Peptoniphilus_sp_Marseille_P3761",FALSE,FALSE
"Peptoniphilus_urinimassiliensis",TRUE,FALSE
"Urinicoccus_massiliensis",FALSE,TRUE
"Urinicoccus_timonensis",FALSE,TRUE
"Paratissierella_segnis",TRUE,FALSE
"Ezakiella_coagulans",FALSE,FALSE
"Ezakiella_massiliensis",TRUE,FALSE
"Ezakiella_peruensis",TRUE,FALSE
"Ezakiella_SGB6726",TRUE,FALSE
"Kallipyga_gabonensis",TRUE,FALSE
"Kallipyga_massiliensis",TRUE,FALSE
"Tissierellia_bacterium_KA00581",TRUE,FALSE
"Cetobacterium_somerae",FALSE,FALSE
"Fusobacterium_gonidiaformans",TRUE,FALSE
"Fusobacterium_mortiferum",TRUE,FALSE
"Fusobacterium_nucleatum",FALSE,FALSE
"Fusobacterium_perfoetens",FALSE,FALSE
"Fusobacterium_periodonticum",FALSE,TRUE
"Fusobacterium_SGB6028",FALSE,FALSE
"Fusobacterium_ulcerans",FALSE,FALSE
"GGB4386_SGB6036",FALSE,FALSE
"GGB81434_SGB115923",FALSE,TRUE
"Leptotrichia_wadei",TRUE,FALSE
"Sneathia_vaginalis",FALSE,TRUE
"GGB6470_SGB9153",FALSE,FALSE
"GGB6518_SGB9205",FALSE,FALSE
"GGB6519_SGB9208",TRUE,FALSE
"GGB6522_SGB9214",FALSE,TRUE
"GGB6512_SGB9197",TRUE,FALSE
"GGB6512_SGB9198",TRUE,FALSE
"Victivallis_lenta",FALSE,FALSE
"Victivallis_sp_Marseille_Q1083",TRUE,FALSE
"Victivallis_vadensis",FALSE,FALSE
"Bradyrhizobium_diazoefficiens",TRUE,FALSE
"Bradyrhizobium_SGB11337",FALSE,FALSE
"Shinella_sp_DD12",FALSE,FALSE
"Shinella_sp_NM_101",FALSE,TRUE
"Sphingomonas_echinoides",FALSE,FALSE
"Burkholderiaceae_bacterium",FALSE,TRUE
"Acidovorax_delafieldii",FALSE,TRUE
"Comamonas_denitrificans",FALSE,TRUE
"Comamonas_kerstersii",TRUE,FALSE
"Diaphorobacter_SGB61891",FALSE,TRUE
"GGB6648_SGB9389",TRUE,FALSE
"GGB6649_SGB9391",FALSE,FALSE
"Oxalobacter_formigenes",FALSE,FALSE
"Oxalobacter_SGB9385",FALSE,FALSE
"Dakarella_massiliensis",FALSE,FALSE
"Duodenibacillus_massiliensis",FALSE,FALSE
"GGB36599_SGB9269",FALSE,FALSE
"GGB6546_SGB9245",FALSE,FALSE
"GGB6553_SGB9254",FALSE,TRUE
"GGB6554_SGB9256",FALSE,TRUE
"GGB6565_SGB9274",FALSE,FALSE
"GGB6566_SGB9275",TRUE,FALSE
"GGB6568_SGB9279",TRUE,FALSE
"GGB6572_SGB9284",TRUE,FALSE
"GGB6580_SGB9301",TRUE,FALSE
"Mesosutterella_multiformis",FALSE,FALSE
"Parasutterella_excrementihominis",FALSE,FALSE
"Parasutterella_secunda",TRUE,FALSE
"Parasutterella_SGB9260",FALSE,FALSE
"Sutterella_seckii",FALSE,FALSE
"Sutterella_SGB9281",FALSE,FALSE
"Sutterella_sp_AM11_39",FALSE,FALSE
"Sutterella_wadsworthensis",FALSE,FALSE
"Turicimonas_muris",FALSE,FALSE
"Microvirgula_aerodenitrificans",FALSE,TRUE
"Eikenella_corrodens",FALSE,TRUE
"Neisseria_subflava",FALSE,TRUE
"GGB6606_SGB9340",FALSE,FALSE
"GGB6544_SGB9243",FALSE,FALSE
"GGB6585_SGB9307",TRUE,FALSE
"GGB6601_SGB9333",FALSE,FALSE
"GGB38511_SGB57594",FALSE,TRUE
"GGB6608_SGB9342",TRUE,FALSE
"GGB6609_SGB9343",FALSE,FALSE
"GGB6610_SGB9344",FALSE,FALSE
"GGB6612_SGB9346",FALSE,FALSE
"GGB6613_SGB9347",FALSE,FALSE
"GGB6611_SGB9345",TRUE,FALSE
"Bilophila_SGB15450",TRUE,FALSE
"Bilophila_SGB15451",FALSE,FALSE
"Bilophila_wadsworthia",FALSE,FALSE
"Desulfovibrio_desulfuricans",FALSE,FALSE
"Desulfovibrio_fairfieldensis",FALSE,FALSE
"Desulfovibrio_intestinalis",FALSE,FALSE
"Desulfovibrio_legallii",FALSE,FALSE
"Desulfovibrio_piger",FALSE,FALSE
"Desulfovibrio_porci",FALSE,TRUE
"Desulfovibrio_SGB101145",FALSE,FALSE
"GGB28319_SGB40892",TRUE,FALSE
"GGB9813_SGB15447",FALSE,FALSE
"GGB9815_SGB15449",FALSE,FALSE
"GGB9817_SGB57321",TRUE,FALSE
"GGB9818_SGB15459",FALSE,FALSE
"GGB9819_SGB15460",FALSE,FALSE
"Campylobacter_concisus",FALSE,TRUE
"Campylobacter_curvus",FALSE,TRUE
"Campylobacter_gracilis",FALSE,TRUE
"Campylobacter_hominis",FALSE,TRUE
"Campylobacter_SGB19298",FALSE,TRUE
"Campylobacter_ureolyticus",FALSE,FALSE
"Aeromonas_caviae",TRUE,FALSE
"Aeromonas_dhakensis",TRUE,FALSE
"Succinatimonas_hippei",FALSE,TRUE
"Citrobacter_amalonaticus",FALSE,TRUE
"Citrobacter_braakii",FALSE,FALSE
"Citrobacter_freundii",FALSE,FALSE
"Citrobacter_portucalensis",FALSE,FALSE
"Citrobacter_sp_ku_bf4",FALSE,TRUE
"Enterobacter_asburiae",FALSE,FALSE
"Enterobacter_cloacae",FALSE,TRUE
"Enterobacter_hormaechei",FALSE,FALSE
"Enterobacter_kobei",TRUE,FALSE
"Enterobacter_ludwigii",FALSE,FALSE
"Enterobacter_mori",TRUE,FALSE
"Enterobacter_roggenkampii",FALSE,FALSE
"Escherichia_coli",FALSE,FALSE
"Escherichia_marmotae",FALSE,FALSE
"Klebsiella_aerogenes",FALSE,FALSE
"Klebsiella_grimontii",TRUE,FALSE
"Klebsiella_michiganensis",FALSE,FALSE
"Klebsiella_oxytoca",FALSE,FALSE
"Klebsiella_pneumoniae",FALSE,FALSE
"Klebsiella_quasipneumoniae",FALSE,FALSE
"Klebsiella_spallanzanii",FALSE,TRUE
"Klebsiella_variicola",FALSE,FALSE
"Kluyvera_ascorbata",FALSE,TRUE
"Kluyvera_georgiana",FALSE,TRUE
"Phytobacter_diazotrophicus",FALSE,TRUE
"Raoultella_ornithinolytica",TRUE,FALSE
"Hafnia_paralvei",FALSE,FALSE
"Morganella_morganii",FALSE,FALSE
"Proteus_mirabilis",FALSE,FALSE
"Proteus_vulgaris",FALSE,TRUE
"Providencia_alcalifaciens",TRUE,FALSE
"Providencia_rettgeri",FALSE,TRUE
"Serratia_marcescens",FALSE,TRUE
"Aggregatibacter_aphrophilus",TRUE,FALSE
"Haemophilus_parainfluenzae",FALSE,FALSE
"Haemophilus_pittmaniae",TRUE,FALSE
"Pseudomonas_aeruginosa",FALSE,FALSE
"Pseudomonas_citronellolis",TRUE,FALSE
"Xanthomonas_massiliensis",TRUE,FALSE
"Cloacibacillus_evryensis",FALSE,FALSE
"Cloacibacillus_porcorum",FALSE,FALSE
"Cloacibacillus_SGB15503",TRUE,FALSE
"Jonquetella_anthropi",TRUE,FALSE
"Pyramidobacter_piscolens",FALSE,FALSE
"GGB4745_SGB6570",FALSE,FALSE
"GGB4745_SGB6571",FALSE,FALSE
"GGB4749_SGB6578",TRUE,FALSE
"GGB4750_SGB6579",TRUE,FALSE
"GGB13818_SGB6606",TRUE,FALSE
"GGB6132_SGB8779",FALSE,TRUE
"GGB6133_SGB8780",TRUE,FALSE
"GGB6528_SGB9221",TRUE,FALSE
"GGB52930_SGB73859",TRUE,FALSE
"GGB6123_SGB8767",FALSE,FALSE
"GGB6123_SGB8768",TRUE,FALSE
"GGB6126_SGB8772",FALSE,FALSE
"GGB6131_SGB8778",FALSE,TRUE
"Puniceicoccaceae_bacterium_Marseille_Q1082",FALSE,FALSE
"Puniceicoccaceae_unclassified_SGB60941",TRUE,FALSE
"Puniceicoccaceae_unclassified_SGB8769",FALSE,FALSE
"Akkermansia_muciniphila",FALSE,FALSE
"Akkermansia_sp_BIOML_A66",FALSE,FALSE
"Akkermansia_sp_KLE1798",FALSE,FALSE
"GGB6529_SGB9222",TRUE,FALSE
"Saccharomyces_cerevisiae",FALSE,TRUE
"Blastocystis_hominis",TRUE,FALSE
"Blastocystis_sp_subtype_2",TRUE,FALSE
"Blastocystis_sp_subtype_4",FALSE,FALSE
"Candidatus_Methanomethylophilus",FALSE,TRUE
"GGB269",FALSE,FALSE
"GGB260",FALSE,FALSE
"Methanomassiliicoccaceae_unclassified",FALSE,FALSE
"Methanomassiliicoccus",FALSE,FALSE
"GGB532",TRUE,FALSE
"Methanobrevibacter",FALSE,FALSE
"Methanosphaera",FALSE,FALSE
"Actinobaculum",FALSE,FALSE
"Actinomyces",FALSE,FALSE
"Actinotignum",TRUE,FALSE
"GGB9832",FALSE,TRUE
"Mobiluncus",TRUE,FALSE
"Pauljensenia",FALSE,FALSE
"Peptidiphaga",TRUE,FALSE
"Schaalia",FALSE,FALSE
"Trueperella",FALSE,FALSE
"Varibaculum",TRUE,FALSE
"Winkia",TRUE,FALSE
"Alloscardovia",FALSE,FALSE
"Bifidobacterium",FALSE,FALSE
"Gardnerella",FALSE,FALSE
"Parascardovia",TRUE,FALSE
"Scardovia",FALSE,FALSE
"Corynebacterium",FALSE,FALSE
"Lawsonella",FALSE,FALSE
"Clavibacter",FALSE,FALSE
"Rothia",FALSE,FALSE
"Tropheryma",FALSE,TRUE
"Arachnia",TRUE,FALSE
"Propionibacterium",FALSE,FALSE
"GGB34797",FALSE,FALSE
"GGB8965",TRUE,FALSE
"GGB9412",FALSE,FALSE
"GGB30861",FALSE,TRUE
"GGB9421",FALSE,TRUE
"GGB9355",TRUE,FALSE
"GGB9356",FALSE,TRUE
"GGB9359",FALSE,FALSE
"GGB9361",FALSE,FALSE
"GGB9364",FALSE,FALSE
"Atopobium",FALSE,FALSE
"Lancefieldella",FALSE,FALSE
"Olsenella",FALSE,FALSE
"Paratractidigestivibacter",FALSE,FALSE
"Parolsenella",TRUE,FALSE
"Collinsella",FALSE,FALSE
"Enorma",FALSE,TRUE
"GGB51959",FALSE,FALSE
"GGB51960",FALSE,TRUE
"GGB9380",FALSE,TRUE
"Olegusella",TRUE,FALSE
"Parvibacter",TRUE,FALSE
"Senegalimassilia",FALSE,FALSE
"Adlercreutzia",FALSE,FALSE
"Eggerthella",FALSE,FALSE
"Ellagibacter",FALSE,FALSE
"Enteroscipio",FALSE,FALSE
"GGB45432",FALSE,FALSE
"GGB70023",FALSE,TRUE
"GGB75046",FALSE,TRUE
"GGB9365",FALSE,FALSE
"GGB9423",TRUE,FALSE
"GGB9424",FALSE,FALSE
"GGB9425",FALSE,TRUE
"GGB9434",TRUE,FALSE
"Gordonibacter",FALSE,FALSE
"Paraeggerthella",TRUE,FALSE
"Raoultibacter",FALSE,FALSE
"Rubneribacter",FALSE,TRUE
"Slackia",FALSE,FALSE
"Bacteria_unclassified",FALSE,FALSE
"GGB28898",FALSE,TRUE
"GGB79097",FALSE,FALSE
"Bacteroidaceae_unclassified",FALSE,TRUE
"Bacteroides",FALSE,FALSE
"GGB1350",FALSE,TRUE
"GGB1354",FALSE,FALSE
"GGB1364",TRUE,FALSE
"GGB1379",FALSE,FALSE
"GGB1380",TRUE,FALSE
"GGB1387",TRUE,FALSE
"GGB28262",TRUE,FALSE
"GGB82120",TRUE,FALSE
"Mediterranea",FALSE,TRUE
"Phocaeicola",FALSE,FALSE
"Bacteroidales_unclassified",FALSE,FALSE
"Barnesiella",FALSE,FALSE
"Coprobacter",FALSE,FALSE
"GGB1425",TRUE,FALSE
"Dysgonomonas",FALSE,TRUE
"GGB1461",TRUE,FALSE
"GGB1497",FALSE,FALSE
"GGB1512",FALSE,TRUE
"GGB1538",FALSE,FALSE
"GGB1539",FALSE,TRUE
"GGB1543",TRUE,FALSE
"GGB1547",FALSE,TRUE
"GGB1549",TRUE,FALSE
"GGB1550",FALSE,FALSE
"GGB1551",FALSE,TRUE
"GGB1554",FALSE,TRUE
"GGB1559",FALSE,TRUE
"GGB1567",TRUE,FALSE
"GGB1568",TRUE,FALSE
"GGB1578",TRUE,FALSE
"GGB24127",TRUE,FALSE
"GGB27851",FALSE,FALSE
"GGB27873",FALSE,TRUE
"GGB27876",TRUE,FALSE
"GGB46149",FALSE,TRUE
"GGB70873",TRUE,FALSE
"GGB74478",FALSE,FALSE
"Muribaculum",FALSE,FALSE
"Butyricimonas",FALSE,FALSE
"Culturomica",FALSE,FALSE
"GGB1331",FALSE,FALSE
"GGB1332",FALSE,FALSE
"Odoribacter",FALSE,FALSE
"Porphyromonadaceae_unclassified",TRUE,FALSE
"Porphyromonas",FALSE,FALSE
"Sanguibacteroides",FALSE,FALSE
"GGB1146",FALSE,TRUE
"GGB1153",FALSE,FALSE
"GGB1215",FALSE,FALSE
"GGB1221",FALSE,TRUE
"GGB1247",FALSE,FALSE
"GGB1249",FALSE,TRUE
"Marseilla",FALSE,TRUE
"Paraprevotella",FALSE,FALSE
"Prevotella",FALSE,FALSE
"Prevotellamassilia",FALSE,TRUE
"Segatella",FALSE,FALSE
"Alistipes",FALSE,FALSE
"Gallalistipes",FALSE,TRUE
"GGB1672",FALSE,TRUE
"GGB1689",FALSE,TRUE
"GGB1690",FALSE,FALSE
"GGB1691",FALSE,FALSE
"Rikenellaceae_unclassified",FALSE,FALSE
"Parabacteroides",FALSE,FALSE
"GGB1630",FALSE,TRUE
"GGB1631",FALSE,FALSE
"GGB1632",TRUE,FALSE
"GGB47687",FALSE,FALSE
"GGB1515",FALSE,FALSE
"GGB1266",FALSE,FALSE
"GGB1511",TRUE,FALSE
"GGB74504",FALSE,TRUE
"GGB1093",FALSE,FALSE
"GGB1096",FALSE,FALSE
"GGB77016",TRUE,FALSE
"GGB1420",FALSE,FALSE
"GGB1455",FALSE,FALSE
"GGB1456",FALSE,FALSE
"GGB1495",FALSE,FALSE
"GGB1496",FALSE,FALSE
"GGB13054",TRUE,FALSE
"GGB13056",TRUE,FALSE
"GGB1627",FALSE,FALSE
"GGB1661",FALSE,FALSE
"GGB1662",FALSE,FALSE
"GGB1663",FALSE,FALSE
"GGB27930",FALSE,TRUE
"Candidatus_Gastranaerophilales_unclassified",FALSE,FALSE
"GGB5979",FALSE,FALSE
"GGB5980",FALSE,FALSE
"GGB13727",TRUE,FALSE
"GGB5997",FALSE,FALSE
"GGB6001",FALSE,FALSE
"GGB6002",FALSE,FALSE
"GGB6006",FALSE,FALSE
"GGB6007",TRUE,FALSE
"GGB6012",TRUE,FALSE
"GGB6016",TRUE,FALSE
"GGB6020",FALSE,TRUE
"Candidatus_Nanoperiomorbus",TRUE,FALSE
"GGB12785",FALSE,FALSE
"Candidatus_Saccharibacteria_unclassified",FALSE,FALSE
"GGB18703",TRUE,FALSE
"Candidatus_Nanosynbacter",FALSE,FALSE
"Candidatus_Nanosynsacchari",FALSE,FALSE
"Peribacillus",FALSE,TRUE
"Gemella",FALSE,FALSE
"Staphylococcus",FALSE,FALSE
"Abiotrophia",FALSE,TRUE
"Facklamia",FALSE,TRUE
"Carnobacterium",TRUE,FALSE
"Granulicatella",FALSE,FALSE
"Enterococcus",FALSE,FALSE
"Dellaglioa",FALSE,TRUE
"Lacticaseibacillus",FALSE,FALSE
"Lactiplantibacillus",FALSE,FALSE
"Lactobacillus",FALSE,FALSE
"Latilactobacillus",FALSE,FALSE
"Lentilactobacillus",TRUE,FALSE
"Leuconostoc",FALSE,FALSE
"Ligilactobacillus",FALSE,FALSE
"Limosilactobacillus",FALSE,FALSE
"Pediococcus",FALSE,FALSE
"Weissella",FALSE,FALSE
"Lactococcus",FALSE,FALSE
"Streptococcus",FALSE,FALSE
"GGB71580",FALSE,FALSE
"GGB9256",TRUE,FALSE
"GGB9258",FALSE,FALSE
"GGB2652",FALSE,FALSE
"GGB2653",FALSE,FALSE
"GGB2657",FALSE,FALSE
"GGB4710",FALSE,FALSE
"GGB4632",TRUE,FALSE
"GGB4676",FALSE,FALSE
"GGB4702",FALSE,TRUE
"GGB4703",FALSE,TRUE
"GGB4664",FALSE,FALSE
"GGB4669",TRUE,FALSE
"GGB4555",TRUE,FALSE
"GGB9345",FALSE,FALSE
"GGB74802",TRUE,FALSE
"GGB2848",FALSE,FALSE
"GGB34231",FALSE,FALSE
"GGB34540",FALSE,FALSE
"GGB2945",TRUE,FALSE
"GGB2958",FALSE,FALSE
"GGB2970",FALSE,FALSE
"GGB2982",FALSE,FALSE
"GGB2996",FALSE,FALSE
"GGB2998",FALSE,FALSE
"GGB58485",FALSE,FALSE
"GGB2999",FALSE,FALSE
"GGB3000",FALSE,FALSE
"GGB3001",FALSE,FALSE
"GGB3002",FALSE,FALSE
"GGB3003",FALSE,FALSE
"GGB3004",FALSE,FALSE
"GGB3005",FALSE,FALSE
"GGB75036",FALSE,FALSE
"GGB3032",FALSE,FALSE
"GGB3033",FALSE,FALSE
"GGB3034",FALSE,FALSE
"GGB3051",FALSE,TRUE
"GGB3052",FALSE,FALSE
"GGB74220",FALSE,TRUE
"GGB29535",FALSE,FALSE
"GGB3057",FALSE,FALSE
"GGB3058",FALSE,FALSE
"GGB3061",FALSE,FALSE
"GGB3109",FALSE,FALSE
"GGB3118",FALSE,FALSE
"GGB3124",FALSE,FALSE
"GGB3138",FALSE,TRUE
"GGB3140",TRUE,FALSE
"GGB3142",FALSE,FALSE
"GGB3160",FALSE,TRUE
"GGB3161",TRUE,FALSE
"GGB3175",FALSE,FALSE
"GGB51658",FALSE,TRUE
"GGB3288",FALSE,TRUE
"GGB3304",FALSE,FALSE
"GGB3306",TRUE,FALSE
"GGB3321",FALSE,FALSE
"GGB3323",FALSE,FALSE
"GGB39037",FALSE,FALSE
"GGB3351",FALSE,FALSE
"GGB3352",FALSE,FALSE
"GGB3353",FALSE,FALSE
"GGB3363",FALSE,FALSE
"GGB3364",FALSE,TRUE
"GGB3365",FALSE,FALSE
"GGB3491",TRUE,FALSE
"GGB3717",FALSE,FALSE
"GGB3730",FALSE,FALSE
"GGB51269",FALSE,FALSE
"GGB3256",FALSE,FALSE
"GGB41458",FALSE,TRUE
"GGB3892",FALSE,FALSE
"GGB4716",TRUE,FALSE
"GGB49418",FALSE,TRUE
"GGB4231",FALSE,FALSE
"GGB4539",TRUE,FALSE
"GGB4543",TRUE,FALSE
"GGB4546",FALSE,TRUE
"GGB4552",FALSE,FALSE
"GGB4558",FALSE,TRUE
"GGB4559",FALSE,FALSE
"GGB4562",FALSE,FALSE
"GGB4564",TRUE,FALSE
"GGB4566",FALSE,FALSE
"GGB4567",FALSE,FALSE
"GGB4569",FALSE,FALSE
"GGB4571",FALSE,FALSE
"GGB4578",TRUE,FALSE
"GGB4580",TRUE,FALSE
"GGB4581",TRUE,FALSE
"GGB4583",FALSE,FALSE
"GGB4584",FALSE,FALSE
"GGB4585",FALSE,FALSE
"GGB4586",FALSE,TRUE
"GGB4587",TRUE,FALSE
"GGB4588",TRUE,FALSE
"GGB4591",FALSE,TRUE
"GGB4592",TRUE,FALSE
"GGB4593",FALSE,FALSE
"GGB4596",TRUE,FALSE
"GGB4597",TRUE,FALSE
"GGB4598",TRUE,FALSE
"GGB4599",FALSE,FALSE
"GGB4602",FALSE,FALSE
"GGB4603",FALSE,FALSE
"GGB4604",FALSE,FALSE
"GGB4605",FALSE,FALSE
"GGB47174",FALSE,FALSE
"GGB33665",FALSE,TRUE
"GGB4683",FALSE,FALSE
"GGB4684",FALSE,FALSE
"GGB4695",TRUE,FALSE
"GGB4713",TRUE,FALSE
"GGB4715",TRUE,FALSE
"GGB4717",FALSE,FALSE
"GGB4722",TRUE,FALSE
"GGB4723",FALSE,FALSE
"GGB4739",FALSE,FALSE
"GGB4768",TRUE,FALSE
"GGB4769",FALSE,FALSE
"GGB4802",FALSE,FALSE
"GGB4884",FALSE,TRUE
"GGB45620",FALSE,FALSE
"GGB3155",FALSE,TRUE
"GGB9047",FALSE,TRUE
"GGB9052",FALSE,FALSE
"GGB74665",FALSE,FALSE
"GGB33516",FALSE,FALSE
"GGB74703",TRUE,FALSE
"GGB9062",FALSE,FALSE
"GGB9063",FALSE,FALSE
"GGB9064",FALSE,FALSE
"GGB28369",FALSE,FALSE
"GGB9074",FALSE,TRUE
"GGB9075",FALSE,TRUE
"GGB9082",TRUE,FALSE
"GGB28409",FALSE,TRUE
"GGB9085",TRUE,FALSE
"GGB9086",FALSE,FALSE
"GGB9088",FALSE,FALSE
"GGB9089",FALSE,FALSE
"GGB9091",FALSE,FALSE
"GGB9092",FALSE,FALSE
"GGB9093",TRUE,FALSE
"GGB9094",TRUE,FALSE
"GGB9095",FALSE,TRUE
"GGB9110",FALSE,FALSE
"GGB9112",FALSE,FALSE
"GGB9115",FALSE,FALSE
"GGB9116",FALSE,FALSE
"GGB9117",FALSE,FALSE
"GGB9161",FALSE,TRUE
"GGB9172",TRUE,FALSE
"GGB9175",TRUE,FALSE
"GGB9176",FALSE,FALSE
"GGB3511",FALSE,FALSE
"GGB9184",FALSE,FALSE
"GGB9185",FALSE,FALSE
"GGB9189",FALSE,FALSE
"GGB9197",FALSE,FALSE
"GGB9198",FALSE,FALSE
"GGB9199",FALSE,FALSE
"GGB9200",TRUE,FALSE
"GGB9209",FALSE,FALSE
"GGB9210",FALSE,FALSE
"GGB9211",FALSE,FALSE
"GGB9225",FALSE,FALSE
"GGB36267",FALSE,FALSE
"GGB9238",FALSE,FALSE
"GGB9239",FALSE,FALSE
"GGB9240",FALSE,FALSE
"GGB9289",FALSE,FALSE
"GGB9253",FALSE,FALSE
"GGB9261",FALSE,FALSE
"GGB9266",FALSE,FALSE
"GGB9270",TRUE,FALSE
"GGB9271",FALSE,FALSE
"GGB9275",TRUE,FALSE
"GGB9277",TRUE,FALSE
"GGB9278",TRUE,FALSE
"GGB9282",FALSE,FALSE
"GGB9290",FALSE,FALSE
"GGB9291",FALSE,FALSE
"GGB9293",FALSE,FALSE
"GGB9297",FALSE,FALSE
"GGB9299",FALSE,FALSE
"GGB9301",FALSE,FALSE
"GGB9302",FALSE,FALSE
"GGB9309",FALSE,FALSE
"GGB40351",FALSE,FALSE
"GGB9342",FALSE,FALSE
"GGB9343",FALSE,FALSE
"GGB9346",TRUE,FALSE
"GGB9347",FALSE,FALSE
"GGB9348",FALSE,FALSE
"GGB9350",FALSE,FALSE
"GGB9444",FALSE,TRUE
"GGB9445",FALSE,FALSE
"GGB9450",TRUE,FALSE
"GGB9463",FALSE,FALSE
"GGB9464",FALSE,FALSE
"GGB58158",FALSE,FALSE
"GGB31234",FALSE,FALSE
"GGB9474",FALSE,FALSE
"GGB9476",FALSE,FALSE
"GGB9480",FALSE,FALSE
"GGB9499",FALSE,FALSE
"GGB30090",FALSE,TRUE
"GGB9501",FALSE,FALSE
"GGB9502",FALSE,FALSE
"GGB9508",TRUE,FALSE
"GGB42378",FALSE,FALSE
"GGB52106",FALSE,FALSE
"GGB33586",FALSE,FALSE
"GGB9527",FALSE,TRUE
"GGB9529",FALSE,FALSE
"GGB9530",FALSE,FALSE
"GGB9531",FALSE,FALSE
"GGB9532",FALSE,FALSE
"GGB9533",FALSE,FALSE
"GGB9534",FALSE,FALSE
"GGB9536",FALSE,FALSE
"GGB9537",FALSE,FALSE
"GGB9547",FALSE,FALSE
"GGB9548",FALSE,TRUE
"GGB9551",FALSE,FALSE
"GGB52130",FALSE,FALSE
"GGB9559",FALSE,FALSE
"GGB9561",FALSE,FALSE
"GGB33512",FALSE,FALSE
"GGB35551",FALSE,FALSE
"GGB9582",FALSE,FALSE
"GGB9583",FALSE,FALSE
"GGB9690",FALSE,FALSE
"GGB9691",FALSE,FALSE
"GGB9694",FALSE,FALSE
"GGB9695",FALSE,FALSE
"GGB9719",FALSE,FALSE
"GGB32798",TRUE,FALSE
"GGB9747",FALSE,FALSE
"GGB9767",FALSE,FALSE
"GGB9768",TRUE,FALSE
"GGB9769",TRUE,FALSE
"GGB9770",FALSE,FALSE
"GGB9773",FALSE,TRUE
"GGB33544",FALSE,FALSE
"GGB9774",FALSE,FALSE
"GGB9775",FALSE,FALSE
"GGB9778",FALSE,TRUE
"GGB9780",FALSE,FALSE
"GGB45491",FALSE,FALSE
"GGB45495",FALSE,FALSE
"GGB79087",TRUE,FALSE
"GGB9779",FALSE,FALSE
"GGB9781",FALSE,FALSE
"GGB9782",FALSE,FALSE
"GGB9783",TRUE,FALSE
"GGB9784",FALSE,FALSE
"GGB9786",FALSE,FALSE
"GGB9787",FALSE,FALSE
"GGB9788",FALSE,FALSE
"GGB31460",FALSE,TRUE
"GGB4697",FALSE,TRUE
"GGB4699",FALSE,FALSE
"GGB4700",FALSE,FALSE
"GGB10692",FALSE,FALSE
"GGB741",FALSE,FALSE
"GGB25626",FALSE,TRUE
"GGB51884",FALSE,FALSE
"GGB3616",FALSE,TRUE
"GGB9758",FALSE,FALSE
"GGB9765",FALSE,FALSE
"GGB9766",FALSE,FALSE
"GGB44201",FALSE,FALSE
"GGB9252",TRUE,FALSE
"GGB42389",FALSE,FALSE
"GGB42467",FALSE,TRUE
"GGB42696",TRUE,FALSE
"GGB3654",TRUE,FALSE
"GGB45503",FALSE,FALSE
"GGB48165",FALSE,FALSE
"GGB9790",FALSE,FALSE
"GGB9696",FALSE,FALSE
"GGB9697",FALSE,FALSE
"GGB2983",FALSE,FALSE
"GGB45613",FALSE,FALSE
"GGB58233",FALSE,FALSE
"GGB13404",FALSE,FALSE
"GGB3126",FALSE,TRUE
"GGB74818",TRUE,FALSE
"GGB9525",FALSE,FALSE
"GGB3303",FALSE,FALSE
"GGB9746",TRUE,FALSE
"GGB50912",TRUE,FALSE
"GGB51647",FALSE,FALSE
"GGB3317",TRUE,FALSE
"GGB53380",FALSE,TRUE
"GGB2972",TRUE,FALSE
"GGB9762",FALSE,TRUE
"GGB4611",TRUE,FALSE
"GGB4613",FALSE,FALSE
"GGB47150",FALSE,FALSE
"GGB3612",FALSE,FALSE
"GGB74511",FALSE,FALSE
"GGB9059",FALSE,FALSE
"GGB9785",TRUE,FALSE
"GGB9249",FALSE,TRUE
"GGB4689",FALSE,FALSE
"GGB9332",TRUE,FALSE
"GGB9334",TRUE,FALSE
"GGB78706",TRUE,FALSE
"GGB9523",FALSE,FALSE
"GGB9524",FALSE,FALSE
"GGB34900",FALSE,FALSE
"GGB4774",FALSE,FALSE
"GGB45497",FALSE,FALSE
"GGB3123",FALSE,FALSE
"GGB9170",TRUE,FALSE
"GGB3257",FALSE,FALSE
"GGB51139",FALSE,FALSE
"GGB9109",FALSE,FALSE
"GGB3146",FALSE,TRUE
"GGB18456",FALSE,TRUE
"GGB33539",TRUE,FALSE
"GGB9717",TRUE,FALSE
"GGB9267",FALSE,FALSE
"GGB9060",TRUE,FALSE
"GGB9061",FALSE,FALSE
"GGB3325",FALSE,TRUE
"GGB3510",FALSE,FALSE
"GGB9058",TRUE,FALSE
"GGB3493",FALSE,FALSE
"GGB4708",TRUE,FALSE
"GGB9522",FALSE,FALSE
"GGB87445",FALSE,FALSE
"GGB9673",FALSE,TRUE
"GGB9675",FALSE,TRUE
"GGB9677",TRUE,FALSE
"GGB43675",FALSE,FALSE
"GGB9288",FALSE,FALSE
"GGB3754",TRUE,FALSE
"GGB9545",FALSE,FALSE
"GGB4308",TRUE,FALSE
"GGB25376",FALSE,FALSE
"GGB3328",FALSE,FALSE
"GGB4617",FALSE,FALSE
"GGB13779",TRUE,FALSE
"GGB4651",TRUE,FALSE
"GGB4653",TRUE,FALSE
"GGB4728",FALSE,TRUE
"GGB4642",TRUE,FALSE
"GGB4659",FALSE,FALSE
"GGB74463",FALSE,FALSE
"GGB9296",FALSE,FALSE
"GGB9491",FALSE,FALSE
"GGB32487",FALSE,FALSE
"GGB37488",TRUE,FALSE
"GGB74699",FALSE,TRUE
"GGB74701",FALSE,FALSE
"GGB28474",FALSE,FALSE
"GGB3490",TRUE,FALSE
"GGB9711",TRUE,FALSE
"GGB3569",FALSE,FALSE
"GGB9606",FALSE,TRUE
"GGB85039",TRUE,FALSE
"GGB9712",FALSE,FALSE
"Candidatus_Borkfalkia",FALSE,FALSE
"GGB74708",FALSE,FALSE
"GGB9101",TRUE,FALSE
"GGB9102",FALSE,FALSE
"GGB9104",TRUE,FALSE
"Clostridia_unclassified",FALSE,FALSE
"GGB79395",FALSE,FALSE
"Bianquea",FALSE,FALSE
"Christensenella",FALSE,FALSE
"Christensenellaceae_unclassified",FALSE,FALSE
"Gehongia",FALSE,FALSE
"GGB45656",FALSE,FALSE
"GGB9186",FALSE,FALSE
"Guopingia",FALSE,FALSE
"Luoshenia",FALSE,FALSE
"Butyricicoccus",FALSE,FALSE
"Clostridiaceae_unclassified",FALSE,FALSE
"Clostridium",FALSE,FALSE
"GGB27106",FALSE,FALSE
"GGB28945",FALSE,TRUE
"GGB28969",FALSE,TRUE
"GGB3478",FALSE,FALSE
"GGB3480",FALSE,FALSE
"GGB3486",FALSE,FALSE
"GGB3532",FALSE,TRUE
"GGB3548",FALSE,FALSE
"GGB3550",FALSE,FALSE
"GGB42639",FALSE,FALSE
"GGB4487",TRUE,FALSE
"GGB51454",FALSE,FALSE
"GGB79342",FALSE,FALSE
"GGB79417",FALSE,FALSE
"GGB9574",FALSE,FALSE
"GGB9575",FALSE,FALSE
"GGB9580",FALSE,FALSE
"Hungatella",FALSE,FALSE
"Lactonifactor",FALSE,FALSE
"Massilioclostridium",FALSE,FALSE
"Paraclostridium",TRUE,FALSE
"Sarcina",TRUE,FALSE
"Anaerofustis",FALSE,FALSE
"Eubacteriaceae_unclassified",FALSE,FALSE
"Eubacterium",FALSE,FALSE
"GGB29685",TRUE,FALSE
"GGB32033",TRUE,FALSE
"GGB3262",TRUE,FALSE
"GGB3263",FALSE,TRUE
"GGB3265",FALSE,FALSE
"GGB3267",TRUE,FALSE
"GGB3277",FALSE,FALSE
"GGB3278",FALSE,FALSE
"GGB3280",FALSE,TRUE
"GGB3281",FALSE,FALSE
"GGB35068",FALSE,FALSE
"GGB3722",FALSE,FALSE
"GGB3724",FALSE,FALSE
"Intestinibacillus",FALSE,FALSE
"Pseudoramibacter",FALSE,FALSE
"Alterileibacterium",FALSE,FALSE
"Anaerovorax",FALSE,FALSE
"Bacilliculturomica",FALSE,FALSE
"Emergencia",FALSE,FALSE
"Eubacteriales_Family_XIII_Incertae_Sedis_unclassified",FALSE,FALSE
"GGB2977",FALSE,FALSE
"GGB2980",FALSE,FALSE
"GGB2987",FALSE,FALSE
"GGB32387",FALSE,FALSE
"Lentihominibacter",FALSE,FALSE
"Mogibacterium",FALSE,FALSE
"Zhenpiania",FALSE,FALSE
"Candidatus_Cibionibacter",FALSE,FALSE
"Candidatus_Soleaferrea",TRUE,FALSE
"Colidextribacter",FALSE,FALSE
"Eubacteriales_unclassified",FALSE,FALSE
"Evtepia",FALSE,FALSE
"Fenollaria",FALSE,FALSE
"Gemmiger",FALSE,FALSE
"GGB45643",FALSE,FALSE
"GGB48168",FALSE,FALSE
"GGB9563",FALSE,FALSE
"GGB9759",FALSE,FALSE
"GGB9760",FALSE,FALSE
"Intestinimonas",FALSE,FALSE
"Levyella",FALSE,FALSE
"Massilistercora",FALSE,FALSE
"Feifania",FALSE,FALSE
"Anaerobutyricum",FALSE,FALSE
"Anaerosacchariphilus",FALSE,FALSE
"Anaerostipes",FALSE,FALSE
"Anaerotignum",FALSE,FALSE
"Bariatricus",FALSE,FALSE
"Blautia",FALSE,FALSE
"Brotolimicola",FALSE,FALSE
"Butyrivibrio",FALSE,FALSE
"Catenibacillus",FALSE,FALSE
"Coprococcus",FALSE,FALSE
"Cuneatibacter",FALSE,FALSE
"Diplocloster",FALSE,FALSE
"Dorea",FALSE,FALSE
"Eisenbergiella",FALSE,FALSE
"Enterocloster",FALSE,FALSE
"Extibacter",FALSE,FALSE
"Faecalicatena",FALSE,FALSE
"Faecalimonas",FALSE,FALSE
"Frisingicoccus",FALSE,FALSE
"Fusicatenibacter",FALSE,FALSE
"GGB13283",FALSE,TRUE
"GGB25053",FALSE,FALSE
"GGB25063",TRUE,FALSE
"GGB28640",FALSE,FALSE
"GGB33657",FALSE,TRUE
"GGB3429",FALSE,TRUE
"GGB3433",FALSE,FALSE
"GGB3440",TRUE,FALSE
"GGB3441",FALSE,FALSE
"GGB3444",FALSE,FALSE
"GGB3446",FALSE,FALSE
"GGB34476",FALSE,TRUE
"GGB3449",FALSE,FALSE
"GGB3451",FALSE,FALSE
"GGB3474",TRUE,FALSE
"GGB3475",FALSE,FALSE
"GGB3496",FALSE,FALSE
"GGB3497",FALSE,FALSE
"GGB3504",FALSE,FALSE
"GGB3516",TRUE,FALSE
"GGB3518",FALSE,FALSE
"GGB3519",FALSE,FALSE
"GGB3534",FALSE,FALSE
"GGB3537",FALSE,FALSE
"GGB3538",FALSE,FALSE
"GGB35456",TRUE,FALSE
"GGB3576",FALSE,FALSE
"GGB3583",FALSE,FALSE
"GGB3585",FALSE,FALSE
"GGB3588",FALSE,FALSE
"GGB3593",FALSE,FALSE
"GGB3600",FALSE,FALSE
"GGB3602",FALSE,FALSE
"GGB3603",FALSE,FALSE
"GGB3606",FALSE,FALSE
"GGB3609",FALSE,FALSE
"GGB3619",FALSE,FALSE
"GGB3622",TRUE,FALSE
"GGB3626",FALSE,FALSE
"GGB3627",FALSE,FALSE
"GGB3637",TRUE,FALSE
"GGB3640",TRUE,FALSE
"GGB3649",FALSE,FALSE
"GGB3653",FALSE,FALSE
"GGB3664",FALSE,TRUE
"GGB3677",FALSE,FALSE
"GGB3678",FALSE,FALSE
"GGB3733",FALSE,FALSE
"GGB3740",FALSE,FALSE
"GGB3743",TRUE,FALSE
"GGB3816",FALSE,FALSE
"GGB3817",FALSE,FALSE
"GGB3818",FALSE,FALSE
"GGB3819",FALSE,FALSE
"GGB38239",TRUE,FALSE
"GGB3828",FALSE,FALSE
"GGB3859",FALSE,TRUE
"GGB3862",FALSE,TRUE
"GGB3883",FALSE,TRUE
"GGB3885",TRUE,FALSE
"GGB39570",TRUE,FALSE
"GGB41473",FALSE,FALSE
"GGB42184",TRUE,FALSE
"GGB42674",TRUE,FALSE
"GGB42689",FALSE,FALSE
"GGB51441",FALSE,FALSE
"GGB55957",FALSE,FALSE
"GGB58067",TRUE,FALSE
"GGB58071",FALSE,FALSE
"GGB74505",FALSE,FALSE
"GGB79394",TRUE,FALSE
"GGB81342",FALSE,FALSE
"Jingyaoa",FALSE,FALSE
"Jutongia",FALSE,FALSE
"Kineothrix",FALSE,FALSE
"Lachnoanaerobaculum",FALSE,TRUE
"Lachnoclostridium",FALSE,FALSE
"Lachnospira",FALSE,FALSE
"Lachnospiraceae_unclassified",FALSE,FALSE
"Lachnotalea",FALSE,FALSE
"Lacrimispora",FALSE,FALSE
"Luxibacter",FALSE,FALSE
"Marvinbryantia",FALSE,FALSE
"Mediterraneibacter",FALSE,FALSE
"Merdimonas",FALSE,FALSE
"Murimonas",FALSE,FALSE
"Niameybacter",TRUE,FALSE
"Oliverpabstia",FALSE,FALSE
"Oribacterium",FALSE,TRUE
"Qiania",FALSE,FALSE
"Robinsoniella",TRUE,FALSE
"Roseburia",FALSE,FALSE
"Sellimonas",FALSE,FALSE
"Simiaoa",FALSE,FALSE
"Tyzzerella",FALSE,FALSE
"Velocimicrobium",FALSE,FALSE
"Wansuia",FALSE,FALSE
"Wujia",FALSE,FALSE
"Zhenhengia",FALSE,FALSE
"Acetivibrio",FALSE,FALSE
"Agathobaculum",FALSE,FALSE
"Anaerofilum",FALSE,FALSE
"Anaeromassilibacillus",FALSE,FALSE
"Anaerotruncus",FALSE,FALSE
"Angelakisella",FALSE,FALSE
"Bittarella",FALSE,FALSE
"Congzhengia",FALSE,FALSE
"Drancourtella",FALSE,FALSE
"Dysosmobacter",FALSE,FALSE
"Faecalibacterium",FALSE,FALSE
"Flavonifractor",FALSE,FALSE
"Fournierella",FALSE,FALSE
"Fumia",FALSE,FALSE
"GGB13463",FALSE,TRUE
"GGB13489",FALSE,FALSE
"GGB13493",FALSE,FALSE
"GGB25333",TRUE,FALSE
"GGB3152",FALSE,FALSE
"GGB3167",FALSE,FALSE
"GGB3169",TRUE,FALSE
"GGB3171",FALSE,TRUE
"GGB3204",TRUE,FALSE
"GGB3220",FALSE,FALSE
"GGB32451",FALSE,FALSE
"GGB3247",TRUE,FALSE
"GGB3285",FALSE,TRUE
"GGB32900",FALSE,FALSE
"GGB3340",FALSE,FALSE
"GGB3343",FALSE,FALSE
"GGB3344",FALSE,FALSE
"GGB3345",TRUE,FALSE
"GGB33469",FALSE,FALSE
"GGB34228",FALSE,FALSE
"GGB36331",FALSE,FALSE
"GGB38744",FALSE,FALSE
"GGB38987",FALSE,FALSE
"GGB41366",TRUE,FALSE
"GGB45537",FALSE,TRUE
"GGB45540",FALSE,FALSE
"GGB45596",FALSE,FALSE
"GGB45599",FALSE,FALSE
"GGB78928",TRUE,FALSE
"GGB79104",FALSE,FALSE
"GGB79118",FALSE,FALSE
"GGB84149",TRUE,FALSE
"GGB9237",FALSE,FALSE
"GGB9452",FALSE,FALSE
"GGB9453",FALSE,FALSE
"GGB9454",TRUE,FALSE
"GGB9455",TRUE,FALSE
"GGB9457",FALSE,TRUE
"GGB9469",FALSE,FALSE
"GGB9495",FALSE,FALSE
"GGB9590",FALSE,FALSE
"GGB9591",TRUE,FALSE
"GGB9593",FALSE,FALSE
"GGB9594",FALSE,TRUE
"GGB9595",TRUE,FALSE
"GGB9597",FALSE,FALSE
"GGB9602",FALSE,FALSE
"GGB9603",TRUE,FALSE
"GGB9608",FALSE,FALSE
"GGB9611",FALSE,FALSE
"GGB9613",FALSE,FALSE
"GGB9614",FALSE,FALSE
"GGB9616",FALSE,FALSE
"GGB9618",FALSE,FALSE
"GGB9619",FALSE,FALSE
"GGB9620",FALSE,FALSE
"GGB9621",FALSE,FALSE
"GGB9623",FALSE,FALSE
"GGB9627",FALSE,FALSE
"GGB9628",TRUE,FALSE
"GGB9630",FALSE,FALSE
"GGB9634",FALSE,FALSE
"GGB9635",FALSE,FALSE
"GGB9636",FALSE,FALSE
"GGB9637",FALSE,FALSE
"GGB9640",FALSE,FALSE
"GGB9641",FALSE,FALSE
"GGB9642",FALSE,FALSE
"GGB9646",FALSE,FALSE
"GGB9667",FALSE,FALSE
"GGB9668",FALSE,FALSE
"GGB9699",FALSE,FALSE
"GGB9707",FALSE,FALSE
"GGB9708",FALSE,FALSE
"GGB9710",FALSE,FALSE
"GGB9715",FALSE,FALSE
"GGB9716",FALSE,FALSE
"GGB9724",FALSE,FALSE
"GGB9730",FALSE,FALSE
"GGB9737",FALSE,FALSE
"GGB9739",FALSE,FALSE
"GGB9743",TRUE,FALSE
"Hydrogeniiclostridium",FALSE,FALSE
"Hydrogenoanaerobacterium",FALSE,FALSE
"Lawsonibacter",FALSE,FALSE
"Ligaoa",FALSE,FALSE
"Massiliimalia",FALSE,FALSE
"Monoglobus",FALSE,FALSE
"Neglectibacter",FALSE,FALSE
"Neobittarella",FALSE,FALSE
"Oscillibacter",FALSE,FALSE
"Oscillospiraceae_unclassified",FALSE,FALSE
"Phocea",FALSE,FALSE
"Provencibacterium",FALSE,FALSE
"Pseudoflavonifractor",FALSE,FALSE
"Pseudoruminococcus",FALSE,FALSE
"Qingrenia",TRUE,FALSE
"Ruminococcus",FALSE,FALSE
"Ruthenibacterium",FALSE,FALSE
"Vescimonas",FALSE,FALSE
"Yanshouia",FALSE,FALSE
"Youxingia",FALSE,FALSE
"Zongyangia",FALSE,FALSE
"Peptococcus",FALSE,FALSE
"Clostridioides",FALSE,FALSE
"GGB4456",FALSE,FALSE
"Intestinibacter",FALSE,FALSE
"Mediannikoviicoccus",TRUE,FALSE
"Paeniclostridium",FALSE,TRUE
"Peptacetobacter",FALSE,TRUE
"Peptostreptococcaceae_unclassified",TRUE,FALSE
"Peptostreptococcus",FALSE,FALSE
"Romboutsia",FALSE,FALSE
"Terrisporobacter",FALSE,FALSE
"Yeguia",FALSE,FALSE
"Catenibacterium",FALSE,FALSE
"Coprobacillus",FALSE,FALSE
"Allobaculum",TRUE,FALSE
"Amedibacillus",FALSE,FALSE
"Amedibacterium",FALSE,FALSE
"Candidatus_Stoquefichus",FALSE,FALSE
"Copranaerobaculum",FALSE,FALSE
"Dielma",FALSE,FALSE
"Erysipelatoclostridium",FALSE,FALSE
"Erysipelotrichaceae_unclassified",FALSE,TRUE
"Faecalibacillus",FALSE,FALSE
"Faecalicoccus",FALSE,FALSE
"Faecalitalea",FALSE,FALSE
"GGB31184",TRUE,FALSE
"GGB48567",FALSE,TRUE
"GGB4888",TRUE,FALSE
"Holdemanella",FALSE,FALSE
"Holdemania",FALSE,FALSE
"Longibaculum",FALSE,FALSE
"Longicatena",FALSE,FALSE
"Massilicoli",FALSE,FALSE
"Massilimicrobiota",FALSE,FALSE
"Merdibacter",TRUE,FALSE
"Solobacterium",FALSE,FALSE
"Traorella",FALSE,FALSE
"Turicibacter",FALSE,FALSE
"Firmicutes_unclassified",FALSE,FALSE
"GGB3680",FALSE,FALSE
"GGB52002",FALSE,FALSE
"GGB9509",FALSE,FALSE
"GGB9511",FALSE,FALSE
"GGB9512",FALSE,FALSE
"GGB9513",TRUE,FALSE
"Negativibacillus",FALSE,FALSE
"Acidaminococcus",FALSE,FALSE
"GGB4239",TRUE,FALSE
"GGB4249",FALSE,FALSE
"GGB4257",TRUE,FALSE
"Phascolarctobacterium",FALSE,FALSE
"GGB42711",TRUE,FALSE
"Megamonas",FALSE,FALSE
"Mitsuokella",FALSE,TRUE
"Allisonella",FALSE,FALSE
"Anaeroglobus",FALSE,FALSE
"Colibacter",TRUE,FALSE
"Dialister",FALSE,FALSE
"GGB4266",FALSE,TRUE
"GGB4277",FALSE,FALSE
"Megasphaera",FALSE,FALSE
"Veillonella",FALSE,FALSE
"Veillonellaceae_unclassified",FALSE,FALSE
"Acidilutibacter",FALSE,TRUE
"Anaerococcus",FALSE,FALSE
"Finegoldia",FALSE,FALSE
"Helcococcus",FALSE,TRUE
"Lagierella",TRUE,FALSE
"Parvimonas",FALSE,FALSE
"Peptoniphilus",FALSE,FALSE
"Urinicoccus",FALSE,TRUE
"Paratissierella",TRUE,FALSE
"Ezakiella",FALSE,FALSE
"Kallipyga",TRUE,FALSE
"Tissierellia_unclassified",TRUE,FALSE
"Cetobacterium",FALSE,FALSE
"Fusobacterium",FALSE,FALSE
"GGB4386",FALSE,FALSE
"GGB81434",FALSE,TRUE
"Leptotrichia",TRUE,FALSE
"Sneathia",FALSE,TRUE
"GGB6470",FALSE,FALSE
"GGB6518",FALSE,FALSE
"GGB6519",TRUE,FALSE
"GGB6522",FALSE,TRUE
"GGB6512",TRUE,FALSE
"Victivallis",FALSE,FALSE
"Bradyrhizobium",FALSE,FALSE
"Shinella",FALSE,FALSE
"Sphingomonas",FALSE,FALSE
"Burkholderiaceae_unclassified",FALSE,TRUE
"Acidovorax",FALSE,TRUE
"Comamonas",FALSE,FALSE
"Diaphorobacter",FALSE,TRUE
"GGB6648",TRUE,FALSE
"GGB6649",FALSE,FALSE
"Oxalobacter",FALSE,FALSE
"Dakarella",FALSE,FALSE
"Duodenibacillus",FALSE,FALSE
"GGB36599",FALSE,FALSE
"GGB6546",FALSE,FALSE
"GGB6553",FALSE,TRUE
"GGB6554",FALSE,TRUE
"GGB6565",FALSE,FALSE
"GGB6566",TRUE,FALSE
"GGB6568",TRUE,FALSE
"GGB6572",TRUE,FALSE
"GGB6580",TRUE,FALSE
"Mesosutterella",FALSE,FALSE
"Parasutterella",FALSE,FALSE
"Sutterella",FALSE,FALSE
"Turicimonas",FALSE,FALSE
"Microvirgula",FALSE,TRUE
"Eikenella",FALSE,TRUE
"Neisseria",FALSE,TRUE
"GGB6606",FALSE,FALSE
"GGB6544",FALSE,FALSE
"GGB6585",TRUE,FALSE
"GGB6601",FALSE,FALSE
"GGB38511",FALSE,TRUE
"GGB6608",TRUE,FALSE
"GGB6609",FALSE,FALSE
"GGB6610",FALSE,FALSE
"GGB6612",FALSE,FALSE
"GGB6613",FALSE,FALSE
"GGB6611",TRUE,FALSE
"Bilophila",FALSE,FALSE
"Desulfovibrio",FALSE,FALSE
"GGB28319",TRUE,FALSE
"GGB9813",FALSE,FALSE
"GGB9815",FALSE,FALSE
"GGB9817",TRUE,FALSE
"GGB9818",FALSE,FALSE
"GGB9819",FALSE,FALSE
"Campylobacter",FALSE,FALSE
"Aeromonas",TRUE,FALSE
"Succinatimonas",FALSE,TRUE
"Citrobacter",FALSE,FALSE
"Enterobacter",FALSE,FALSE
"Escherichia",FALSE,FALSE
"Klebsiella",FALSE,FALSE
"Kluyvera",FALSE,TRUE
"Phytobacter",FALSE,TRUE
"Raoultella",TRUE,FALSE
"Hafnia",FALSE,FALSE
"Morganella",FALSE,FALSE
"Proteus",FALSE,FALSE
"Providencia",FALSE,FALSE
"Serratia",FALSE,TRUE
"Aggregatibacter",TRUE,FALSE
"Haemophilus",FALSE,FALSE
"Pseudomonas",FALSE,FALSE
"Xanthomonas",TRUE,FALSE
"Cloacibacillus",FALSE,FALSE
"Jonquetella",TRUE,FALSE
"Pyramidobacter",FALSE,FALSE
"GGB4745",FALSE,FALSE
"GGB4749",TRUE,FALSE
"GGB4750",TRUE,FALSE
"GGB13818",TRUE,FALSE
"GGB6132",FALSE,TRUE
"GGB6133",TRUE,FALSE
"GGB6528",TRUE,FALSE
"GGB52930",TRUE,FALSE
"GGB6123",FALSE,FALSE
"GGB6126",FALSE,FALSE
"GGB6131",FALSE,TRUE
"Puniceicoccaceae_unclassified",FALSE,FALSE
"Akkermansia",FALSE,FALSE
"GGB6529",TRUE,FALSE
"Saccharomyces",FALSE,TRUE
"Blastocystis",FALSE,FALSE
"Candidatus_Methanomethylophilaceae",FALSE,FALSE
"Methanomassiliicoccaceae",FALSE,FALSE
"Methanobacteriaceae",FALSE,FALSE
"Actinomycetaceae",FALSE,FALSE
"Bifidobacteriaceae",FALSE,FALSE
"Corynebacteriaceae",FALSE,FALSE
"Lawsonellaceae",FALSE,FALSE
"Microbacteriaceae",FALSE,FALSE
"Micrococcaceae",FALSE,FALSE
"Tropherymataceae",FALSE,TRUE
"Propionibacteriaceae",FALSE,FALSE
"FGB12107",FALSE,FALSE
"FGB2801",TRUE,FALSE
"FGB2992",FALSE,FALSE
"FGB77153",FALSE,TRUE
"FGB77156",FALSE,TRUE
"FGB77988",FALSE,FALSE
"Atopobiaceae",FALSE,FALSE
"Coriobacteriaceae",FALSE,FALSE
"Eggerthellaceae",FALSE,FALSE
"Bacteria_unclassified",FALSE,FALSE
"Bacteroidaceae",FALSE,FALSE
"Bacteroidales_unclassified",FALSE,FALSE
"Barnesiellaceae",FALSE,FALSE
"Dysgonomonadaceae",FALSE,TRUE
"Muribaculaceae",FALSE,FALSE
"Odoribacteraceae",FALSE,FALSE
"Porphyromonadaceae",FALSE,FALSE
"Prevotellaceae",FALSE,FALSE
"Rikenellaceae",FALSE,FALSE
"Tannerellaceae",FALSE,FALSE
"FGB11479",FALSE,FALSE
"FGB1670",FALSE,FALSE
"FGB33839",FALSE,FALSE
"FGB4405",FALSE,FALSE
"FGB4425",FALSE,FALSE
"FGB529",FALSE,FALSE
"FGB593",TRUE,FALSE
"FGB602",FALSE,FALSE
"FGB618",FALSE,FALSE
"FGB629",FALSE,FALSE
"FGB658",FALSE,FALSE
"FGB667",FALSE,FALSE
"FGB668",FALSE,FALSE
"FGB9395",FALSE,TRUE
"Candidatus_Gastranaerophilales_unclassified",FALSE,FALSE
"FGB2106",FALSE,FALSE
"FGB2107",FALSE,FALSE
"Candidatus_Nanoperiomorbaceae",TRUE,FALSE
"Candidatus_Nanogingivalaceae",FALSE,FALSE
"Candidatus_Saccharibacteria_unclassified",FALSE,FALSE
"Candidatus_Nanosynbacteraceae",FALSE,FALSE
"Candidatus_Saccharimonadaceae",FALSE,FALSE
"Bacillaceae",FALSE,TRUE
"Bacillales_unclassified",FALSE,FALSE
"Staphylococcaceae",FALSE,FALSE
"Aerococcaceae",FALSE,TRUE
"Carnobacteriaceae",FALSE,FALSE
"Enterococcaceae",FALSE,FALSE
"Lactobacillaceae",FALSE,FALSE
"Streptococcaceae",FALSE,FALSE
"FGB10021",FALSE,FALSE
"FGB1011",FALSE,FALSE
"FGB1012",FALSE,FALSE
"FGB10290",FALSE,FALSE
"FGB10299",TRUE,FALSE
"FGB10309",FALSE,FALSE
"FGB10314",FALSE,TRUE
"FGB10318",FALSE,FALSE
"FGB10325",TRUE,FALSE
"FGB10341",TRUE,FALSE
"FGB10477",FALSE,FALSE
"FGB11257",TRUE,FALSE
"FGB1126",FALSE,FALSE
"FGB11739",FALSE,FALSE
"FGB11916",FALSE,FALSE
"FGB1192",TRUE,FALSE
"FGB1201",FALSE,FALSE
"FGB1211",FALSE,FALSE
"FGB1217",FALSE,FALSE
"FGB1226",FALSE,FALSE
"FGB1227",FALSE,FALSE
"FGB1249",FALSE,FALSE
"FGB1258",FALSE,FALSE
"FGB1260",FALSE,FALSE
"FGB1262",FALSE,FALSE
"FGB1292",FALSE,FALSE
"FGB1298",FALSE,FALSE
"FGB1303",FALSE,FALSE
"FGB1311",FALSE,FALSE
"FGB1320",FALSE,FALSE
"FGB1325",FALSE,FALSE
"FGB1333",FALSE,TRUE
"FGB1347",FALSE,TRUE
"FGB1354",FALSE,FALSE
"FGB1355",TRUE,FALSE
"FGB1359",FALSE,FALSE
"FGB1374",FALSE,FALSE
"FGB1380",FALSE,FALSE
"FGB1425",TRUE,FALSE
"FGB1470",FALSE,FALSE
"FGB1473",FALSE,FALSE
"FGB1474",FALSE,FALSE
"FGB14936",FALSE,FALSE
"FGB15212",FALSE,TRUE
"FGB1538",FALSE,FALSE
"FGB1677",TRUE,FALSE
"FGB16911",FALSE,TRUE
"FGB1695",FALSE,FALSE
"FGB1765",FALSE,FALSE
"FGB1776",FALSE,FALSE
"FGB1777",TRUE,FALSE
"FGB1778",TRUE,FALSE
"FGB1779",FALSE,FALSE
"FGB1780",FALSE,FALSE
"FGB1785",FALSE,FALSE
"FGB1798",FALSE,FALSE
"FGB1814",FALSE,FALSE
"FGB1838",FALSE,TRUE
"FGB24517",FALSE,FALSE
"FGB25492",FALSE,TRUE
"FGB2830",FALSE,TRUE
"FGB2831",FALSE,FALSE
"FGB2833",FALSE,FALSE
"FGB2834",FALSE,FALSE
"FGB28369",FALSE,FALSE
"FGB2837",FALSE,FALSE
"FGB2838",FALSE,FALSE
"FGB2839",FALSE,FALSE
"FGB2840",FALSE,FALSE
"FGB2844",FALSE,FALSE
"FGB2845",FALSE,FALSE
"FGB2846",FALSE,FALSE
"FGB2870",FALSE,TRUE
"FGB2873",TRUE,FALSE
"FGB2875",FALSE,FALSE
"FGB28775",FALSE,FALSE
"FGB2880",FALSE,FALSE
"FGB2881",FALSE,FALSE
"FGB2889",FALSE,FALSE
"FGB2890",FALSE,FALSE
"FGB2897",FALSE,FALSE
"FGB2898",FALSE,FALSE
"FGB2906",FALSE,FALSE
"FGB2915",FALSE,FALSE
"FGB2917",FALSE,FALSE
"FGB2918",FALSE,FALSE
"FGB2930",FALSE,FALSE
"FGB2932",FALSE,FALSE
"FGB2936",FALSE,FALSE
"FGB2937",FALSE,FALSE
"FGB2941",TRUE,FALSE
"FGB2942",TRUE,FALSE
"FGB2945",FALSE,FALSE
"FGB2949",FALSE,FALSE
"FGB2950",FALSE,FALSE
"FGB2952",FALSE,FALSE
"FGB2954",FALSE,FALSE
"FGB2957",FALSE,FALSE
"FGB2959",FALSE,FALSE
"FGB2960",FALSE,FALSE
"FGB2964",FALSE,FALSE
"FGB2979",FALSE,FALSE
"FGB2982",FALSE,FALSE
"FGB2983",FALSE,FALSE
"FGB2984",FALSE,FALSE
"FGB2985",FALSE,FALSE
"FGB2997",FALSE,FALSE
"FGB2999",TRUE,FALSE
"FGB3002",FALSE,FALSE
"FGB3004",FALSE,FALSE
"FGB3009",FALSE,FALSE
"FGB3012",FALSE,FALSE
"FGB3022",FALSE,FALSE
"FGB3023",FALSE,FALSE
"FGB3026",TRUE,FALSE
"FGB30287",FALSE,FALSE
"FGB30328",FALSE,FALSE
"FGB3038",FALSE,FALSE
"FGB3041",FALSE,FALSE
"FGB3043",FALSE,FALSE
"FGB3047",FALSE,FALSE
"FGB3048",FALSE,FALSE
"FGB3054",FALSE,FALSE
"FGB3057",FALSE,FALSE
"FGB3062",FALSE,FALSE
"FGB3069",FALSE,FALSE
"FGB3070",FALSE,FALSE
"FGB3071",FALSE,FALSE
"FGB3072",FALSE,FALSE
"FGB31455",FALSE,FALSE
"FGB3172",FALSE,FALSE
"FGB320",FALSE,FALSE
"FGB3297",FALSE,TRUE
"FGB32970",FALSE,FALSE
"FGB3625",FALSE,TRUE
"FGB38642",FALSE,FALSE
"FGB38703",FALSE,FALSE
"FGB38791",TRUE,FALSE
"FGB40183",FALSE,FALSE
"FGB40230",FALSE,TRUE
"FGB40333",TRUE,FALSE
"FGB4529",TRUE,FALSE
"FGB45503",FALSE,FALSE
"FGB45555",FALSE,FALSE
"FGB4559",FALSE,FALSE
"FGB45628",FALSE,FALSE
"FGB4605",FALSE,FALSE
"FGB4616",FALSE,FALSE
"FGB4623",FALSE,FALSE
"FGB4648",FALSE,FALSE
"FGB47591",TRUE,FALSE
"FGB4761",TRUE,FALSE
"FGB4806",FALSE,FALSE
"FGB51793",TRUE,FALSE
"FGB52309",FALSE,TRUE
"FGB5569",TRUE,FALSE
"FGB58251",FALSE,TRUE
"FGB72899",FALSE,FALSE
"FGB72904",FALSE,FALSE
"FGB72924",FALSE,FALSE
"FGB72939",FALSE,FALSE
"FGB73062",FALSE,FALSE
"FGB73185",TRUE,FALSE
"FGB73223",FALSE,TRUE
"FGB73902",FALSE,FALSE
"FGB74971",TRUE,FALSE
"FGB75497",TRUE,FALSE
"FGB75721",FALSE,FALSE
"FGB77202",FALSE,FALSE
"FGB77220",FALSE,FALSE
"FGB77241",FALSE,FALSE
"FGB77243",FALSE,FALSE
"FGB77406",TRUE,FALSE
"FGB77508",FALSE,FALSE
"FGB77566",FALSE,FALSE
"FGB78183",FALSE,FALSE
"FGB78291",FALSE,TRUE
"FGB78335",FALSE,TRUE
"FGB78645",TRUE,FALSE
"FGB78697",TRUE,FALSE
"FGB79211",FALSE,FALSE
"FGB79237",FALSE,FALSE
"FGB79244",FALSE,TRUE
"FGB79245",FALSE,FALSE
"FGB79253",TRUE,FALSE
"FGB79266",FALSE,FALSE
"FGB79270",TRUE,FALSE
"FGB79291",FALSE,FALSE
"FGB79294",FALSE,FALSE
"FGB79326",FALSE,FALSE
"FGB79363",FALSE,FALSE
"FGB8140",TRUE,FALSE
"FGB82363",FALSE,FALSE
"FGB82399",TRUE,FALSE
"FGB8287",FALSE,FALSE
"FGB83839",FALSE,FALSE
"FGB9115",FALSE,FALSE
"FGB9119",FALSE,FALSE
"FGB9120",FALSE,FALSE
"FGB9238",FALSE,FALSE
"FGB9272",FALSE,FALSE
"FGB9491",FALSE,FALSE
"FGB9512",FALSE,FALSE
"FGB9536",FALSE,FALSE
"FGB9583",TRUE,FALSE
"FGB9714",TRUE,FALSE
"FGB9718",FALSE,FALSE
"FGB9977",FALSE,TRUE
"FGB9989",FALSE,FALSE
"Candidatus_Borkfalkiaceae",FALSE,FALSE
"Clostridia_unclassified",FALSE,FALSE
"Bianqueaceae",FALSE,FALSE
"Christensenellaceae",FALSE,FALSE
"Clostridiaceae",FALSE,FALSE
"Eubacteriaceae",FALSE,FALSE
"Eubacteriales_Family_XIII_Incertae_Sedis",FALSE,FALSE
"Eubacteriales_incertae_sedis",FALSE,FALSE
"Eubacteriales_unclassified",FALSE,FALSE
"Feifaniaceae",FALSE,FALSE
"Lachnospiraceae",FALSE,FALSE
"Oscillospiraceae",FALSE,FALSE
"Peptococcaceae",FALSE,FALSE
"Peptostreptococcaceae",FALSE,FALSE
"Yeguiaceae",FALSE,FALSE
"Coprobacillaceae",FALSE,FALSE
"Erysipelotrichaceae",FALSE,FALSE
"Turicibacteraceae",FALSE,FALSE
"Firmicutes_unclassified",FALSE,FALSE
"Acidaminococcaceae",FALSE,FALSE
"Selenomonadaceae",FALSE,FALSE
"Veillonellaceae",FALSE,FALSE
"Acidilutibacteraceae",FALSE,TRUE
"Peptoniphilaceae",FALSE,FALSE
"Tissierellaceae",TRUE,FALSE
"Tissierellia_unclassified",FALSE,FALSE
"Fusobacteriaceae",FALSE,FALSE
"Leptotrichiaceae",FALSE,FALSE
"FGB2345",FALSE,FALSE
"FGB2378",FALSE,FALSE
"Victivallaceae",FALSE,FALSE
"Nitrobacteraceae",FALSE,FALSE
"Rhizobiaceae",FALSE,FALSE
"Sphingomonadaceae",FALSE,FALSE
"Burkholderiaceae",FALSE,TRUE
"Comamonadaceae",FALSE,FALSE
"Oxalobacteraceae",FALSE,FALSE
"Sutterellaceae",FALSE,FALSE
"Chromobacteriaceae",FALSE,TRUE
"Neisseriaceae",FALSE,TRUE
"FGB10055",FALSE,FALSE
"FGB2394",FALSE,FALSE
"FGB2401",TRUE,FALSE
"FGB2403",FALSE,FALSE
"FGB2404",FALSE,FALSE
"FGB2874",TRUE,FALSE
"Desulfovibrionaceae",FALSE,FALSE
"Campylobacteraceae",FALSE,FALSE
"Aeromonadaceae",TRUE,FALSE
"Succinivibrionaceae",FALSE,TRUE
"Enterobacteriaceae",FALSE,FALSE
"Hafniaceae",FALSE,FALSE
"Morganellaceae",FALSE,FALSE
"Yersiniaceae",FALSE,TRUE
"Pasteurellaceae",FALSE,FALSE
"Pseudomonadaceae",FALSE,FALSE
"Xanthomonadaceae",TRUE,FALSE
"Synergistaceae",FALSE,FALSE
"FGB1787",FALSE,FALSE
"FGB1800",TRUE,FALSE
"FGB2164",FALSE,TRUE
"FGB2165",TRUE,FALSE
"FGB24796",TRUE,FALSE
"Puniceicoccaceae",FALSE,FALSE
"Akkermansiaceae",FALSE,FALSE
"Saccharomycetaceae",FALSE,TRUE
"Blastocystidae",FALSE,FALSE
"Methanomassiliicoccales",FALSE,FALSE
"Methanobacteriales",FALSE,FALSE
"Actinomycetales",FALSE,FALSE
"Bifidobacteriales",FALSE,FALSE
"Corynebacteriales",FALSE,FALSE
"Micrococcales",FALSE,FALSE
"Propionibacteriales",FALSE,FALSE
"OFGB12107",FALSE,FALSE
"OFGB2801",TRUE,FALSE
"OFGB2992",FALSE,FALSE
"OFGB77153",FALSE,TRUE
"OFGB77156",FALSE,TRUE
"OFGB77988",FALSE,FALSE
"Coriobacteriales",FALSE,FALSE
"Eggerthellales",FALSE,FALSE
"Bacteria_unclassified",FALSE,FALSE
"Bacteroidales",FALSE,FALSE
"OFGB11479",FALSE,FALSE
"OFGB1670",FALSE,FALSE
"OFGB33839",FALSE,FALSE
"OFGB4405",FALSE,FALSE
"OFGB4425",FALSE,FALSE
"OFGB529",FALSE,FALSE
"OFGB593",TRUE,FALSE
"OFGB602",FALSE,FALSE
"OFGB618",FALSE,FALSE
"OFGB629",FALSE,FALSE
"OFGB658",FALSE,FALSE
"OFGB667",FALSE,FALSE
"OFGB668",FALSE,FALSE
"OFGB9395",FALSE,TRUE
"Candidatus_Gastranaerophilales",FALSE,FALSE
"OFGB2106",FALSE,FALSE
"OFGB2107",FALSE,FALSE
"Candidatus_Nanoperiomorbales",TRUE,FALSE
"Candidatus_Nanogingivales",FALSE,FALSE
"Candidatus_Saccharibacteria_unclassified",FALSE,FALSE
"Candidatus_Nanosynbacterales",FALSE,FALSE
"Candidatus_Saccharimonadales",FALSE,FALSE
"Bacillales",FALSE,FALSE
"Lactobacillales",FALSE,FALSE
"OFGB10021",FALSE,FALSE
"OFGB1011",FALSE,FALSE
"OFGB1012",FALSE,FALSE
"OFGB10290",FALSE,FALSE
"OFGB10299",TRUE,FALSE
"OFGB10309",FALSE,FALSE
"OFGB10314",FALSE,TRUE
"OFGB10318",FALSE,FALSE
"OFGB10325",TRUE,FALSE
"OFGB10341",TRUE,FALSE
"OFGB10477",FALSE,FALSE
"OFGB11257",TRUE,FALSE
"OFGB1126",FALSE,FALSE
"OFGB11739",FALSE,FALSE
"OFGB11916",FALSE,FALSE
"OFGB1192",TRUE,FALSE
"OFGB1201",FALSE,FALSE
"OFGB1211",FALSE,FALSE
"OFGB1217",FALSE,FALSE
"OFGB1226",FALSE,FALSE
"OFGB1227",FALSE,FALSE
"OFGB1249",FALSE,FALSE
"OFGB1258",FALSE,FALSE
"OFGB1260",FALSE,FALSE
"OFGB1262",FALSE,FALSE
"OFGB1292",FALSE,FALSE
"OFGB1298",FALSE,FALSE
"OFGB1303",FALSE,FALSE
"OFGB1311",FALSE,FALSE
"OFGB1320",FALSE,FALSE
"OFGB1325",FALSE,FALSE
"OFGB1333",FALSE,TRUE
"OFGB1347",FALSE,TRUE
"OFGB1354",FALSE,FALSE
"OFGB1355",TRUE,FALSE
"OFGB1359",FALSE,FALSE
"OFGB1374",FALSE,FALSE
"OFGB1380",FALSE,FALSE
"OFGB1425",TRUE,FALSE
"OFGB1470",FALSE,FALSE
"OFGB1473",FALSE,FALSE
"OFGB1474",FALSE,FALSE
"OFGB14936",FALSE,FALSE
"OFGB15212",FALSE,TRUE
"OFGB1538",FALSE,FALSE
"OFGB1677",TRUE,FALSE
"OFGB16911",FALSE,TRUE
"OFGB1695",FALSE,FALSE
"OFGB1765",FALSE,FALSE
"OFGB1776",FALSE,FALSE
"OFGB1777",TRUE,FALSE
"OFGB1778",TRUE,FALSE
"OFGB1779",FALSE,FALSE
"OFGB1780",FALSE,FALSE
"OFGB1785",FALSE,FALSE
"OFGB1798",FALSE,FALSE
"OFGB1814",FALSE,FALSE
"OFGB1838",FALSE,TRUE
"OFGB24517",FALSE,FALSE
"OFGB25492",FALSE,TRUE
"OFGB2830",FALSE,TRUE
"OFGB2831",FALSE,FALSE
"OFGB2833",FALSE,FALSE
"OFGB2834",FALSE,FALSE
"OFGB28369",FALSE,FALSE
"OFGB2837",FALSE,FALSE
"OFGB2838",FALSE,FALSE
"OFGB2839",FALSE,FALSE
"OFGB2840",FALSE,FALSE
"OFGB2844",FALSE,FALSE
"OFGB2845",FALSE,FALSE
"OFGB2846",FALSE,FALSE
"OFGB2870",FALSE,TRUE
"OFGB2873",TRUE,FALSE
"OFGB2875",FALSE,FALSE
"OFGB28775",FALSE,FALSE
"OFGB2880",FALSE,FALSE
"OFGB2881",FALSE,FALSE
"OFGB2889",FALSE,FALSE
"OFGB2890",FALSE,FALSE
"OFGB2897",FALSE,FALSE
"OFGB2898",FALSE,FALSE
"OFGB2906",FALSE,FALSE
"OFGB2915",FALSE,FALSE
"OFGB2917",FALSE,FALSE
"OFGB2918",FALSE,FALSE
"OFGB2930",FALSE,FALSE
"OFGB2932",FALSE,FALSE
"OFGB2936",FALSE,FALSE
"OFGB2937",FALSE,FALSE
"OFGB2941",TRUE,FALSE
"OFGB2942",TRUE,FALSE
"OFGB2945",FALSE,FALSE
"OFGB2949",FALSE,FALSE
"OFGB2950",FALSE,FALSE
"OFGB2952",FALSE,FALSE
"OFGB2954",FALSE,FALSE
"OFGB2957",FALSE,FALSE
"OFGB2959",FALSE,FALSE
"OFGB2960",FALSE,FALSE
"OFGB2964",FALSE,FALSE
"OFGB2979",FALSE,FALSE
"OFGB2982",FALSE,FALSE
"OFGB2983",FALSE,FALSE
"OFGB2984",FALSE,FALSE
"OFGB2985",FALSE,FALSE
"OFGB2997",FALSE,FALSE
"OFGB2999",TRUE,FALSE
"OFGB3002",FALSE,FALSE
"OFGB3004",FALSE,FALSE
"OFGB3009",FALSE,FALSE
"OFGB3012",FALSE,FALSE
"OFGB3022",FALSE,FALSE
"OFGB3023",FALSE,FALSE
"OFGB3026",TRUE,FALSE
"OFGB30287",FALSE,FALSE
"OFGB30328",FALSE,FALSE
"OFGB3038",FALSE,FALSE
"OFGB3041",FALSE,FALSE
"OFGB3043",FALSE,FALSE
"OFGB3047",FALSE,FALSE
"OFGB3048",FALSE,FALSE
"OFGB3054",FALSE,FALSE
"OFGB3057",FALSE,FALSE
"OFGB3062",FALSE,FALSE
"OFGB3069",FALSE,FALSE
"OFGB3070",FALSE,FALSE
"OFGB3071",FALSE,FALSE
"OFGB3072",FALSE,FALSE
"OFGB31455",FALSE,FALSE
"OFGB3172",FALSE,FALSE
"OFGB320",FALSE,FALSE
"OFGB3297",FALSE,TRUE
"OFGB32970",FALSE,FALSE
"OFGB3625",FALSE,TRUE
"OFGB38642",FALSE,FALSE
"OFGB38703",FALSE,FALSE
"OFGB38791",TRUE,FALSE
"OFGB40183",FALSE,FALSE
"OFGB40230",FALSE,TRUE
"OFGB40333",TRUE,FALSE
"OFGB4529",TRUE,FALSE
"OFGB45503",FALSE,FALSE
"OFGB45555",FALSE,FALSE
"OFGB4559",FALSE,FALSE
"OFGB45628",FALSE,FALSE
"OFGB4605",FALSE,FALSE
"OFGB4616",FALSE,FALSE
"OFGB4623",FALSE,FALSE
"OFGB4648",FALSE,FALSE
"OFGB47591",TRUE,FALSE
"OFGB4761",TRUE,FALSE
"OFGB4806",FALSE,FALSE
"OFGB51793",TRUE,FALSE
"OFGB52309",FALSE,TRUE
"OFGB5569",TRUE,FALSE
"OFGB58251",FALSE,TRUE
"OFGB72899",FALSE,FALSE
"OFGB72904",FALSE,FALSE
"OFGB72924",FALSE,FALSE
"OFGB72939",FALSE,FALSE
"OFGB73062",FALSE,FALSE
"OFGB73185",TRUE,FALSE
"OFGB73223",FALSE,TRUE
"OFGB73902",FALSE,FALSE
"OFGB74971",TRUE,FALSE
"OFGB75497",TRUE,FALSE
"OFGB75721",FALSE,FALSE
"OFGB77202",FALSE,FALSE
"OFGB77220",FALSE,FALSE
"OFGB77241",FALSE,FALSE
"OFGB77243",FALSE,FALSE
"OFGB77406",TRUE,FALSE
"OFGB77508",FALSE,FALSE
"OFGB77566",FALSE,FALSE
"OFGB78183",FALSE,FALSE
"OFGB78291",FALSE,TRUE
"OFGB78335",FALSE,TRUE
"OFGB78645",TRUE,FALSE
"OFGB78697",TRUE,FALSE
"OFGB79211",FALSE,FALSE
"OFGB79237",FALSE,FALSE
"OFGB79244",FALSE,TRUE
"OFGB79245",FALSE,FALSE
"OFGB79253",TRUE,FALSE
"OFGB79266",FALSE,FALSE
"OFGB79270",TRUE,FALSE
"OFGB79291",FALSE,FALSE
"OFGB79294",FALSE,FALSE
"OFGB79326",FALSE,FALSE
"OFGB79363",FALSE,FALSE
"OFGB8140",TRUE,FALSE
"OFGB82363",FALSE,FALSE
"OFGB82399",TRUE,FALSE
"OFGB8287",FALSE,FALSE
"OFGB83839",FALSE,FALSE
"OFGB9115",FALSE,FALSE
"OFGB9119",FALSE,FALSE
"OFGB9120",FALSE,FALSE
"OFGB9238",FALSE,FALSE
"OFGB9272",FALSE,FALSE
"OFGB9491",FALSE,FALSE
"OFGB9512",FALSE,FALSE
"OFGB9536",FALSE,FALSE
"OFGB9583",TRUE,FALSE
"OFGB9714",TRUE,FALSE
"OFGB9718",FALSE,FALSE
"OFGB9977",FALSE,TRUE
"OFGB9989",FALSE,FALSE
"Candidatus_Borkfalkiales",FALSE,FALSE
"Clostridia_unclassified",FALSE,FALSE
"Eubacteriales",FALSE,FALSE
"Erysipelotrichales",FALSE,FALSE
"Firmicutes_unclassified",FALSE,FALSE
"Acidaminococcales",FALSE,FALSE
"Selenomonadales",FALSE,FALSE
"Veillonellales",FALSE,FALSE
"Tissierellales",FALSE,FALSE
"Tissierellia_unclassified",FALSE,FALSE
"Fusobacteriales",FALSE,FALSE
"OFGB2345",FALSE,FALSE
"OFGB2378",FALSE,FALSE
"Victivallales",FALSE,FALSE
"Hyphomicrobiales",FALSE,FALSE
"Sphingomonadales",FALSE,FALSE
"Burkholderiales",FALSE,FALSE
"Neisseriales",FALSE,TRUE
"OFGB10055",FALSE,FALSE
"OFGB2394",FALSE,FALSE
"OFGB2401",TRUE,FALSE
"OFGB2403",FALSE,FALSE
"OFGB2404",FALSE,FALSE
"OFGB2874",TRUE,FALSE
"Desulfovibrionales",FALSE,FALSE
"Campylobacterales",FALSE,FALSE
"Aeromonadales",FALSE,FALSE
"Enterobacterales",FALSE,FALSE
"Pasteurellales",FALSE,FALSE
"Pseudomonadales",FALSE,FALSE
"Xanthomonadales",TRUE,FALSE
"Synergistales",FALSE,FALSE
"OFGB1787",FALSE,FALSE
"OFGB1800",TRUE,FALSE
"OFGB2164",FALSE,TRUE
"OFGB2165",TRUE,FALSE
"OFGB24796",TRUE,FALSE
"Puniceicoccales",FALSE,FALSE
"Verrucomicrobiales",FALSE,FALSE
"Saccharomycetales",FALSE,TRUE
"Opalinata",FALSE,FALSE
"Thermoplasmata",FALSE,FALSE
"Methanobacteria",FALSE,FALSE
"Actinomycetia",FALSE,FALSE
"CFGB12107",FALSE,FALSE
"CFGB2801",TRUE,FALSE
"CFGB2992",FALSE,FALSE
"CFGB77153",FALSE,TRUE
"CFGB77156",FALSE,TRUE
"CFGB77988",FALSE,FALSE
"Coriobacteriia",FALSE,FALSE
"Bacteria_unclassified",FALSE,FALSE
"Bacteroidia",FALSE,FALSE
"CFGB11479",FALSE,FALSE
"CFGB1670",FALSE,FALSE
"CFGB33839",FALSE,FALSE
"CFGB4405",FALSE,FALSE
"CFGB4425",FALSE,FALSE
"CFGB529",FALSE,FALSE
"CFGB593",TRUE,FALSE
"CFGB602",FALSE,FALSE
"CFGB618",FALSE,FALSE
"CFGB629",FALSE,FALSE
"CFGB658",FALSE,FALSE
"CFGB667",FALSE,FALSE
"CFGB668",FALSE,FALSE
"CFGB9395",FALSE,TRUE
"Candidatus_Melainabacteria_unclassified",FALSE,FALSE
"CFGB2106",FALSE,FALSE
"CFGB2107",FALSE,FALSE
"Candidatus_Nanoperiomorbia",TRUE,FALSE
"Candidatus_Nanosyncoccalia",FALSE,FALSE
"Candidatus_Saccharibacteria_unclassified",FALSE,FALSE
"Candidatus_Saccharimonadia",FALSE,FALSE
"Bacilli",FALSE,FALSE
"CFGB10021",FALSE,FALSE
"CFGB1011",FALSE,FALSE
"CFGB1012",FALSE,FALSE
"CFGB10290",FALSE,FALSE
"CFGB10299",TRUE,FALSE
"CFGB10309",FALSE,FALSE
"CFGB10314",FALSE,TRUE
"CFGB10318",FALSE,FALSE
"CFGB10325",TRUE,FALSE
"CFGB10341",TRUE,FALSE
"CFGB10477",FALSE,FALSE
"CFGB11257",TRUE,FALSE
"CFGB1126",FALSE,FALSE
"CFGB11739",FALSE,FALSE
"CFGB11916",FALSE,FALSE
"CFGB1192",TRUE,FALSE
"CFGB1201",FALSE,FALSE
"CFGB1211",FALSE,FALSE
"CFGB1217",FALSE,FALSE
"CFGB1226",FALSE,FALSE
"CFGB1227",FALSE,FALSE
"CFGB1249",FALSE,FALSE
"CFGB1258",FALSE,FALSE
"CFGB1260",FALSE,FALSE
"CFGB1262",FALSE,FALSE
"CFGB1292",FALSE,FALSE
"CFGB1298",FALSE,FALSE
"CFGB1303",FALSE,FALSE
"CFGB1311",FALSE,FALSE
"CFGB1320",FALSE,FALSE
"CFGB1325",FALSE,FALSE
"CFGB1333",FALSE,TRUE
"CFGB1347",FALSE,TRUE
"CFGB1354",FALSE,FALSE
"CFGB1355",TRUE,FALSE
"CFGB1359",FALSE,FALSE
"CFGB1374",FALSE,FALSE
"CFGB1380",FALSE,FALSE
"CFGB1425",TRUE,FALSE
"CFGB1470",FALSE,FALSE
"CFGB1473",FALSE,FALSE
"CFGB1474",FALSE,FALSE
"CFGB14936",FALSE,FALSE
"CFGB15212",FALSE,TRUE
"CFGB1538",FALSE,FALSE
"CFGB1677",TRUE,FALSE
"CFGB16911",FALSE,TRUE
"CFGB1695",FALSE,FALSE
"CFGB1765",FALSE,FALSE
"CFGB1776",FALSE,FALSE
"CFGB1777",TRUE,FALSE
"CFGB1778",TRUE,FALSE
"CFGB1779",FALSE,FALSE
"CFGB1780",FALSE,FALSE
"CFGB1785",FALSE,FALSE
"CFGB1798",FALSE,FALSE
"CFGB1814",FALSE,FALSE
"CFGB1838",FALSE,TRUE
"CFGB24517",FALSE,FALSE
"CFGB25492",FALSE,TRUE
"CFGB2830",FALSE,TRUE
"CFGB2831",FALSE,FALSE
"CFGB2833",FALSE,FALSE
"CFGB2834",FALSE,FALSE
"CFGB28369",FALSE,FALSE
"CFGB2837",FALSE,FALSE
"CFGB2838",FALSE,FALSE
"CFGB2839",FALSE,FALSE
"CFGB2840",FALSE,FALSE
"CFGB2844",FALSE,FALSE
"CFGB2845",FALSE,FALSE
"CFGB2846",FALSE,FALSE
"CFGB2870",FALSE,TRUE
"CFGB2873",TRUE,FALSE
"CFGB2875",FALSE,FALSE
"CFGB28775",FALSE,FALSE
"CFGB2880",FALSE,FALSE
"CFGB2881",FALSE,FALSE
"CFGB2889",FALSE,FALSE
"CFGB2890",FALSE,FALSE
"CFGB2897",FALSE,FALSE
"CFGB2898",FALSE,FALSE
"CFGB2906",FALSE,FALSE
"CFGB2915",FALSE,FALSE
"CFGB2917",FALSE,FALSE
"CFGB2918",FALSE,FALSE
"CFGB2930",FALSE,FALSE
"CFGB2932",FALSE,FALSE
"CFGB2936",FALSE,FALSE
"CFGB2937",FALSE,FALSE
"CFGB2941",TRUE,FALSE
"CFGB2942",TRUE,FALSE
"CFGB2945",FALSE,FALSE
"CFGB2949",FALSE,FALSE
"CFGB2950",FALSE,FALSE
"CFGB2952",FALSE,FALSE
"CFGB2954",FALSE,FALSE
"CFGB2957",FALSE,FALSE
"CFGB2959",FALSE,FALSE
"CFGB2960",FALSE,FALSE
"CFGB2964",FALSE,FALSE
"CFGB2979",FALSE,FALSE
"CFGB2982",FALSE,FALSE
"CFGB2983",FALSE,FALSE
"CFGB2984",FALSE,FALSE
"CFGB2985",FALSE,FALSE
"CFGB2997",FALSE,FALSE
"CFGB2999",TRUE,FALSE
"CFGB3002",FALSE,FALSE
"CFGB3004",FALSE,FALSE
"CFGB3009",FALSE,FALSE
"CFGB3012",FALSE,FALSE
"CFGB3022",FALSE,FALSE
"CFGB3023",FALSE,FALSE
"CFGB3026",TRUE,FALSE
"CFGB30287",FALSE,FALSE
"CFGB30328",FALSE,FALSE
"CFGB3038",FALSE,FALSE
"CFGB3041",FALSE,FALSE
"CFGB3043",FALSE,FALSE
"CFGB3047",FALSE,FALSE
"CFGB3048",FALSE,FALSE
"CFGB3054",FALSE,FALSE
"CFGB3057",FALSE,FALSE
"CFGB3062",FALSE,FALSE
"CFGB3069",FALSE,FALSE
"CFGB3070",FALSE,FALSE
"CFGB3071",FALSE,FALSE
"CFGB3072",FALSE,FALSE
"CFGB31455",FALSE,FALSE
"CFGB3172",FALSE,FALSE
"CFGB320",FALSE,FALSE
"CFGB3297",FALSE,TRUE
"CFGB32970",FALSE,FALSE
"CFGB3625",FALSE,TRUE
"CFGB38642",FALSE,FALSE
"CFGB38703",FALSE,FALSE
"CFGB38791",TRUE,FALSE
"CFGB40183",FALSE,FALSE
"CFGB40230",FALSE,TRUE
"CFGB40333",TRUE,FALSE
"CFGB4529",TRUE,FALSE
"CFGB45503",FALSE,FALSE
"CFGB45555",FALSE,FALSE
"CFGB4559",FALSE,FALSE
"CFGB45628",FALSE,FALSE
"CFGB4605",FALSE,FALSE
"CFGB4616",FALSE,FALSE
"CFGB4623",FALSE,FALSE
"CFGB4648",FALSE,FALSE
"CFGB47591",TRUE,FALSE
"CFGB4761",TRUE,FALSE
"CFGB4806",FALSE,FALSE
"CFGB51793",TRUE,FALSE
"CFGB52309",FALSE,TRUE
"CFGB5569",TRUE,FALSE
"CFGB58251",FALSE,TRUE
"CFGB72899",FALSE,FALSE
"CFGB72904",FALSE,FALSE
"CFGB72924",FALSE,FALSE
"CFGB72939",FALSE,FALSE
"CFGB73062",FALSE,FALSE
"CFGB73185",TRUE,FALSE
"CFGB73223",FALSE,TRUE
"CFGB73902",FALSE,FALSE
"CFGB74971",TRUE,FALSE
"CFGB75497",TRUE,FALSE
"CFGB75721",FALSE,FALSE
"CFGB77202",FALSE,FALSE
"CFGB77220",FALSE,FALSE
"CFGB77241",FALSE,FALSE
"CFGB77243",FALSE,FALSE
"CFGB77406",TRUE,FALSE
"CFGB77508",FALSE,FALSE
"CFGB77566",FALSE,FALSE
"CFGB78183",FALSE,FALSE
"CFGB78291",FALSE,TRUE
"CFGB78335",FALSE,TRUE
"CFGB78645",TRUE,FALSE
"CFGB78697",TRUE,FALSE
"CFGB79211",FALSE,FALSE
"CFGB79237",FALSE,FALSE
"CFGB79244",FALSE,TRUE
"CFGB79245",FALSE,FALSE
"CFGB79253",TRUE,FALSE
"CFGB79266",FALSE,FALSE
"CFGB79270",TRUE,FALSE
"CFGB79291",FALSE,FALSE
"CFGB79294",FALSE,FALSE
"CFGB79326",FALSE,FALSE
"CFGB79363",FALSE,FALSE
"CFGB8140",TRUE,FALSE
"CFGB82363",FALSE,FALSE
"CFGB82399",TRUE,FALSE
"CFGB8287",FALSE,FALSE
"CFGB83839",FALSE,FALSE
"CFGB9115",FALSE,FALSE
"CFGB9119",FALSE,FALSE
"CFGB9120",FALSE,FALSE
"CFGB9238",FALSE,FALSE
"CFGB9272",FALSE,FALSE
"CFGB9491",FALSE,FALSE
"CFGB9512",FALSE,FALSE
"CFGB9536",FALSE,FALSE
"CFGB9583",TRUE,FALSE
"CFGB9714",TRUE,FALSE
"CFGB9718",FALSE,FALSE
"CFGB9977",FALSE,TRUE
"CFGB9989",FALSE,FALSE
"Clostridia",FALSE,FALSE
"Erysipelotrichia",FALSE,FALSE
"Firmicutes_unclassified",FALSE,FALSE
"Negativicutes",FALSE,FALSE
"Tissierellia",FALSE,FALSE
"Fusobacteriia",FALSE,FALSE
"CFGB2345",FALSE,FALSE
"CFGB2378",FALSE,FALSE
"Lentisphaeria",FALSE,FALSE
"Alphaproteobacteria",FALSE,FALSE
"Betaproteobacteria",FALSE,FALSE
"CFGB10055",FALSE,FALSE
"CFGB2394",FALSE,FALSE
"CFGB2401",TRUE,FALSE
"CFGB2403",FALSE,FALSE
"CFGB2404",FALSE,FALSE
"CFGB2874",TRUE,FALSE
"Deltaproteobacteria",FALSE,FALSE
"Epsilonproteobacteria",FALSE,FALSE
"Gammaproteobacteria",FALSE,FALSE
"Synergistia",FALSE,FALSE
"CFGB1787",FALSE,FALSE
"CFGB1800",TRUE,FALSE
"CFGB2164",FALSE,TRUE
"CFGB2165",TRUE,FALSE
"CFGB24796",TRUE,FALSE
"Opitutae",FALSE,FALSE
"Verrucomicrobiae",FALSE,FALSE
"Saccharomycetes",FALSE,TRUE
"Bigyra",FALSE,FALSE
"Candidatus_Thermoplasmatota",FALSE,FALSE
"Euryarchaeota",FALSE,FALSE
"Actinobacteria",FALSE,FALSE
"Bacteria_unclassified",FALSE,FALSE
"Bacteroidota",FALSE,FALSE
"Candidatus_Melainabacteria",FALSE,FALSE
"Candidatus_Saccharibacteria",FALSE,FALSE
"Firmicutes",FALSE,FALSE
"Fusobacteria",FALSE,FALSE
"Lentisphaerae",FALSE,FALSE
"Proteobacteria",FALSE,FALSE
"Synergistetes",FALSE,FALSE
"Tenericutes",FALSE,FALSE
"Verrucomicrobia",FALSE,FALSE
"Ascomycota",FALSE,TRUE
"Eukaryota_unclassified",FALSE,FALSE
"Archaea",FALSE,FALSE
"Bacteria",FALSE,FALSE
"Eukaryota",FALSE,FALSE
