"taxon","lfc_(Intercept)","lfc_ResponseResponder","se_(Intercept)","se_ResponseResponder","W_(Intercept)","W_ResponseResponder","p_(Intercept)","p_ResponseResponder","q_(Intercept)","q_ResponseResponder","diff_(Intercept)","diff_ResponseResponder","passed_ss_(Intercept)","passed_ss_ResponseResponder"
"Anaerobutyricum_hallii",-0.594823575787665,1.05213048862431,0.309552243131476,0.398292893692082,-1.92156118712093,2.6415999514109,0.0661314376140382,0.0140246631207045,0.172869898324416,0.0546318836716845,FALSE,FALSE,TRUE,TRUE
"Blautia_massiliensis",-0.316294916308229,0.614636877544587,0.338593337914572,0.40230952623233,-0.934143944639664,1.52777112513523,0.358824806253425,0.138644741358002,0.619284511178691,0.258225830779278,FALSE,FALSE,TRUE,TRUE
"Bifidobacterium_pseudocatenulatum",-0.620340850057878,1.21870945054986,0.147407039894823,0.245284295632157,-4.20835294230519,4.96855882032297,0.0245027964151402,0.0156607677330703,0.0849050387408348,0.0584584089254208,FALSE,FALSE,TRUE,TRUE
"Bifidobacterium_longum",0.00351406194397991,0.161308855073549,0.239385551728565,0.317601941805179,0.0146795072576663,0.507896312461774,0.988481339064819,0.618912611973706,1,0.830792605262001,FALSE,FALSE,TRUE,TRUE
"Firmicutes_bacterium",-1.79526438805322,1.72181563880781,0.035092273444885,0.203815671696291,-51.1583950487794,8.44790601467345,5.39439844798906e-08,0.000381480903876145,1.20564805312556e-05,0.00860927814706163,TRUE,TRUE,FALSE,FALSE
"Bifidobacterium_adolescentis",-0.76138326084387,1.55699188562295,0.335620355896662,0.38327919539323,-2.26858486819048,4.06229167754732,0.0409756152570378,0.0013449704125345,0.124717897060923,0.0171134042217396,FALSE,TRUE,TRUE,FALSE
"Blautia_wexlerae",-0.0645998713654942,0.159590098362697,0.275589082483857,0.360053536577681,-0.234406496742403,0.443239913374009,0.816035286913811,0.660319996511254,1,0.875854713473384,FALSE,FALSE,TRUE,TRUE
"Collinsella_aerofaciens",-0.321658762143644,0.900730304181382,0.349733597499807,0.413227895131779,-0.919725083443896,2.1797422555274,0.366868731176483,0.0393178106846639,0.628315413164322,0.09873629986542,FALSE,FALSE,TRUE,TRUE
"Gemmiger_formicilis",-0.307794189878503,0.496147284779836,0.112910929959094,0.263133109251326,-2.72599109749616,1.88553727119894,0.0134145963098235,0.0747427642490177,0.0535386120579563,0.159856534063689,FALSE,FALSE,TRUE,TRUE
"Blautia_hydrogenotrophica",-0.799852369084322,0.928299695410682,0.243647724318571,0.338658644498785,-3.28282306482169,2.7411073376986,0.008249482256498,0.0207931930900471,0.0387513546066392,0.069362367994411,TRUE,FALSE,FALSE,TRUE
"Evtepia_gabavorous",-0.474904473358918,0.643756175803391,0.0942722317836994,0.20834986653229,-5.03758598235535,3.08978444055601,3.38181531301075e-05,0.00486155513370123,0.000775336037013206,0.0309366168357054,TRUE,TRUE,FALSE,FALSE
"Dorea_longicatena",-0.218431381875317,0.472962942593904,0.129984220489263,0.220307971843231,-1.68044537293171,2.14682627522194,0.107686566664753,0.043641589015238,0.240679476495722,0.105447515080062,FALSE,FALSE,TRUE,TRUE
"Blautia_caecimuris",-0.682978810954462,0.689834379534556,0.227355076087241,0.350408062237335,-3.00401830787534,1.96866012479851,0.00798597902012104,0.0655178170687823,0.0379758789573841,0.146298653205371,TRUE,FALSE,FALSE,TRUE
"Fusicatenibacter_saccharivorans",-0.00279474265375195,0.0780583319352776,0.1934039305815,0.312592503755255,-0.0144502888092766,0.249712744219847,0.988573213088944,0.804632453425759,1,1,FALSE,FALSE,TRUE,TRUE
"Clostridium_saudiense",-1.37715131555854,1.92232682449056,0.0663078938353754,0.199430191174082,-20.769040243951,9.63909633327566,4.79175332265423e-06,0.000203845620542791,0.000170823756728548,0.00700915326020214,TRUE,TRUE,FALSE,FALSE
"GGB3493_SGB4668",-1.6166664593627,2.40451176651519,NA,0.152731638943125,NA,15.7433769659906,1,0.0403830553217975,1,0.100284587382464,FALSE,FALSE,TRUE,TRUE
"Blautia_faecis",-0.154391819453545,0.340941527515879,0.180405390879362,0.305740493543715,-0.855804910823248,1.11513369905361,0.398277176486668,0.272848445943359,0.664290663766942,0.429448082171414,FALSE,FALSE,TRUE,TRUE
"Eggerthella_lenta",-0.75368790173502,0.876972917546045,0.190165927040551,0.309722820271776,-3.96331726437147,2.83147659825814,0.00100392924622936,0.011515797295983,0.00888591257731242,0.0476626054750406,TRUE,TRUE,FALSE,FALSE
"GGB3600_SGB4861",-1.05765662859522,1.66559813488917,0.234339236141873,0.274565989050617,-4.51335698625774,6.06629444764229,0.138809946955063,0.104008388494426,0.291305381638089,0.208483182318423,FALSE,FALSE,TRUE,TRUE
"Streptococcus_salivarius",-0.70017849332167,1.03721998730515,0.39832272633146,0.492140373536301,-1.75781708407725,2.10756939092835,0.0926860210211815,0.0466922814142192,0.212462213661213,0.111612030974096,FALSE,FALSE,TRUE,TRUE
"Blautia_glucerasea",-0.22840919284457,0.54159981626532,0.248759931702895,0.358155665308698,-0.918191250821575,1.51219111890499,0.371362968456667,0.148852139815185,0.633584911832557,0.271579210193419,FALSE,FALSE,TRUE,TRUE
"Anaerostipes_hadrus",-0.0520980499119186,0.134439618475267,0.344826539830126,0.44712414389559,-0.151084803210286,0.300676267007089,0.88122613187994,0.766362539275288,1,0.994910514426746,FALSE,FALSE,TRUE,TRUE
"Ruminococcus_torques",-0.326545265323918,0.419086696882956,0.339015113775153,0.439610566046452,-0.96321742617202,0.953313521674256,0.344312138156008,0.349210769469215,0.596540797502852,0.523816154203823,FALSE,FALSE,TRUE,TRUE
"Ruminococcus_gnavus",-0.146239980890058,-0.0155563248223694,0.384435514114493,0.456866815049093,-0.38040185029967,-0.0340500213846736,0.707866542941043,0.973192436066041,1,1,FALSE,FALSE,TRUE,TRUE
"Anaerostipes_caccae",-1.03950337664364,0.834822838584449,0.145450088235161,0.211858147011937,-7.14680471670111,3.94048022395576,0.00202788147823467,0.0169529486936071,0.0141634846995453,0.0616094964718894,TRUE,FALSE,FALSE,TRUE
"Intestinibacter_bartlettii",-0.0236050186366968,-0.488297372380671,0.207906195932799,0.307817189722912,-0.113536869504007,-1.58632262486777,0.911851991405406,0.143749519382083,1,0.265520806461946,FALSE,FALSE,TRUE,TRUE
"Dorea_formicigenerans",-0.0476521652449806,0.202310452828772,0.189858408022292,0.292474715256006,-0.250987911156326,0.691719462489902,0.80405217552765,0.496037474628721,1,0.692902347371994,FALSE,FALSE,TRUE,TRUE
"Clostridium_scindens",-0.337497396707147,0.199094341362717,0.220375587717691,0.296716238274136,-1.53146453380986,0.670992401766612,0.15158259836888,0.514933522116263,0.312246181893499,0.708231644264521,FALSE,FALSE,TRUE,TRUE
"Romboutsia_timonensis",0.249840171284574,-0.404936035076327,0.120584071503606,0.192768606059223,2.07191686405366,-2.10063268783467,0.0836652355084891,0.0804073199686079,0.201066453076853,0.170341573582785,FALSE,FALSE,TRUE,TRUE
"Dorea_sp_AF36_15AT",-0.333503363179303,0.387858709645784,0.0364141455709826,0.223034687545584,-9.15862113335051,1.73900622326522,1.62945869657983e-05,0.120225821141558,0.000428451786688931,0.230289253801123,TRUE,FALSE,FALSE,TRUE
"GGB3433_SGB4573",0.654764031943672,-0.869689033538565,0.035092273444885,0.201793787835428,18.6583531834159,-4.30979091510903,8.14073087636548e-06,0.00764414474871777,0.00022743166885846,0.0375422210961861,TRUE,TRUE,FALSE,FALSE
"Erysipelatoclostridium_ramosum",-0.99152086764744,1.97110331920168,0.282411625080665,0.316642625531769,-3.51090670351914,6.22500939629153,0.0170841131746997,0.00156474809190719,0.0652700734110323,0.0171134042217396,FALSE,TRUE,TRUE,FALSE
"Blautia_hansenii",-1.13459525492275,1.62230293328546,0.119389560690692,0.191812549596472,-9.50330370895827,8.45775178265656,0.00068431419251739,0.00107078736339885,0.00691485240665967,0.0154400629496544,TRUE,TRUE,FALSE,FALSE
"Tyzzerella_nexilis",-0.612520612198665,-0.330293933917973,0.035092273444885,0.15486560013472,-17.4545719632749,-2.13277792893093,0.0364331254426187,0.27911743016828,0.115500759381919,0.437773653632355,FALSE,FALSE,TRUE,TRUE
"Slackia_isoflavoniconvertens",-0.230780128221262,0.471048419719272,NA,0.173752374230953,NA,2.7110329962637,1,0.11338317683965,1,0.221320000206653,FALSE,FALSE,TRUE,TRUE
"GGB3537_SGB4727",-1.0212798792955,1.11086951946571,0.035092273444885,0.224880971519281,-29.1026992280651,4.93981110078256,8.97757919172119e-07,0.00432278676609283,8.02595579739875e-05,0.0292770558249015,TRUE,TRUE,FALSE,FALSE
"Blautia_producta",-0.450507744875873,0.0672849905413804,0.0584171105655454,0.181600138290865,-7.71191420654728,0.370511780302786,0.000115113096189096,0.721958618861251,0.00183769835701879,0.948523426929494,TRUE,FALSE,FALSE,TRUE
"Vescimonas_coprocola",0.538412096406562,-0.705944074203494,0.173850030003449,0.250253510765451,3.09699167952907,-2.82091576675277,0.00849582271018041,0.0144396986572988,0.0387513546066392,0.055360298195357,TRUE,FALSE,FALSE,TRUE
"Lachnospiraceae_bacterium",0.0739664597253034,-0.311481635560123,0.13297217722325,0.252982557165365,0.556255160063441,-1.23123759618146,0.584528777248557,0.233257468528813,0.898761800643167,0.384745713772617,FALSE,FALSE,TRUE,TRUE
"Wansuia_hejianensis",-2.15831974392764,2.76286476760359,0.13690550391884,0.258473499997978,-15.7650326842019,10.6891606591206,4.12982508087697e-06,3.95601490822757e-05,0.000170823756728548,0.00294723110662954,TRUE,TRUE,FALSE,FALSE
"GGB9480_SGB14874",0.0512061599430734,-0.20957115779693,0.142734325236165,0.27744787313867,0.358751546681913,-0.755353268439673,0.72513340372702,0.462556665030568,1,0.654312750850202,FALSE,FALSE,TRUE,TRUE
"Streptococcus_parasanguinis",-0.0577163948704409,-0.107281523268224,0.366907264419318,0.458558813634481,-0.15730512984469,-0.233953682882952,0.877421315747418,0.818664929305294,1,1,FALSE,FALSE,TRUE,TRUE
"Sellimonas_intestinalis",0.0265024185904763,-0.299310395559953,0.250918924197934,0.347741587311701,0.10562144196653,-0.860726489097388,0.917627754463171,0.40625801580227,1,0.591522257536204,FALSE,FALSE,TRUE,TRUE
"Frisingicoccus_caecimuris",-0.163498666531512,-0.0463074300375224,NA,0.162178101782603,NA,-0.285534418818127,1,0.802090273299242,1,1,FALSE,FALSE,TRUE,TRUE
"Clostridiaceae_bacterium",-0.053034606855335,0.201249793432296,0.2261283108573,0.365013580130519,-0.234533246431062,0.551348783681788,0.81634049932995,0.585928948609698,1,0.793667394025863,FALSE,FALSE,TRUE,TRUE
"Streptococcus_thermophilus",-0.113664401467741,0.0728075387863915,0.166747729986059,0.331880392908447,-0.681654865569944,0.219378849555829,0.505205272531221,0.829129147606126,0.797974405729526,1,FALSE,FALSE,TRUE,FALSE
"GGB45491_SGB63163",-1.02309847257266,1.65316876567011,NA,0.153285647691478,NA,10.784889456823,1,1,1,1,FALSE,FALSE,TRUE,TRUE
"Rothia_mucilaginosa",-1.9108995894405,2.64551724493222,0.035092273444885,0.156839913932589,-54.4535705970064,16.8676274973556,0.0116897425451702,0.0376979804945303,0.0481443695940061,0.0971407306530599,TRUE,FALSE,FALSE,TRUE
"Faecalibacterium_prausnitzii",0.193526713539897,-0.287009682563861,0.228521434044159,0.422665113150152,0.846864603092333,-0.679047486140407,0.404250994849199,0.502682657634948,0.67174793567878,0.699997345678572,FALSE,FALSE,TRUE,TRUE
"Gordonibacter_pamelaeae",-1.1614475431007,1.2473972070094,0.169596709468554,0.229813641452452,-6.84829055198182,5.4278640690156,0.0010138289517739,0.00287679672543909,0.00888591257731242,0.0221711747632978,TRUE,TRUE,FALSE,FALSE
"GGB3005_SGB3996",-0.665262769126814,0.795166604182993,0.172805278333715,0.32505864423476,-3.84978268917274,2.44622506826404,0.00321336123959918,0.0344797832257724,0.0197335905404136,0.0934088672843652,TRUE,FALSE,FALSE,TRUE
"Phocaeicola_dorei",-0.498843292615062,0.666701695324521,0.269932797837076,0.414703297286178,-1.84802771879596,1.60765949942386,0.0858318799286178,0.130221404938464,0.202999208085144,0.245607459947229,FALSE,FALSE,TRUE,TRUE
"Clostridium_innocuum",-1.01718366434313,0.27040717243118,0.0827564622234604,0.179800504692822,-12.2912898523443,1.50392888436634,6.30956529022962e-05,0.19292763466975,0.00128198894760575,0.329155162967093,TRUE,FALSE,FALSE,TRUE
"Phascolarctobacterium_faecium",0.0755544980582688,0.0602620359080832,0.0948019638103735,0.227732662442905,0.796971866631326,0.264617447763742,0.439781048841148,0.795453204545232,0.722728414823505,1,FALSE,FALSE,TRUE,TRUE
"Mediterraneibacter_glycyrrhizinilyticus",0.698352206107578,-1.14862044029423,0.0728364035209562,0.30851928883749,9.58795564235473,-3.72301013859544,5.07324123298355e-06,0.00474847789258042,0.000170823756728548,0.0309366168357054,TRUE,TRUE,FALSE,FALSE
"Anaeromassilibacillus_senegalensis",-0.656065616925803,1.27640897360679,0.114460159070657,0.186168389956642,-5.73182513682169,6.85620675939699,0.000711595549678624,0.000240636912264071,0.00691485240665967,0.00740911253780697,TRUE,TRUE,FALSE,FALSE
"GGB2980_SGB3962",0.652446592440747,-1.32282008333723,NA,0.194481896951313,NA,-6.80176460675096,1,0.00649835307514616,1,0.0333880899378199,FALSE,TRUE,TRUE,FALSE
"Ruthenibacterium_lactatiformans",-0.43517915357854,0.676011768816309,0.348069184185911,0.411646239969015,-1.250266249787,1.64221533729348,0.219052091620891,0.109018992511677,0.420241566328491,0.214918019179882,FALSE,FALSE,TRUE,TRUE
"Zhenpiania_hominis",-0.743179045913355,0.863646901164146,NA,0.153285647691478,NA,5.63423199869586,1,1,1,1,FALSE,FALSE,TRUE,TRUE
"Coprobacillus_cateniformis",-0.91821201699912,0.529891440432835,0.035092273444885,0.173185251096135,-26.1656463620472,3.05967995010553,0.0243185313234958,0.201100290764781,0.0849050387408348,0.337939210420515,FALSE,FALSE,TRUE,TRUE
"Faecalimonas_umbilicata",-1.33538450496067,1.90340315316021,0.161560927167481,0.277596320577721,-8.26551647340045,6.85673048259044,0.001169061433773,0.00236853235759523,0.00985982001691571,0.0194037383614917,TRUE,TRUE,FALSE,FALSE
"GGB32900_SGB53446",0.243781395175286,-0.350876370228982,0.205529808677575,0.306404564520165,1.18611211066575,-1.14514080682336,0.255318296159539,0.271350421414796,0.48427584569498,0.428599428877787,FALSE,FALSE,TRUE,TRUE
"GGB9719_SGB15272",0.0725842706044783,-0.436533811203983,0.143546681690949,0.242133492178585,0.505649240717036,-1.80286422698608,0.631137378690384,0.121469626596701,0.953102730657437,0.231050736547767,FALSE,FALSE,TRUE,TRUE
"Bacteroides_uniformis",0.0388388197199555,0.02102096682568,0.163653291283565,0.366036106539532,0.237323792362102,0.057428670150631,0.813872829090924,0.954550059131306,1,1,FALSE,FALSE,TRUE,TRUE
"GGB9534_SGB14937",-0.6005480832604,1.43505492102811,0.25118561097353,0.327407863957194,-2.39085384283292,4.38308018531812,0.0481083980485032,0.00322237787814177,0.138738412436651,0.0234613367888759,FALSE,TRUE,TRUE,FALSE
"Enterocloster_clostridioformis",-0.981557512223425,0.940959678759817,0.22214998452734,0.344065791143549,-4.41844510730823,2.73482485902597,0.000837866682700324,0.0181040297938403,0.00780263348264677,0.0637204828176898,TRUE,FALSE,FALSE,TRUE
"Enterocloster_bolteae",-0.801451224943858,1.14690947601813,0.280962399334489,0.429901173064122,-2.85252128698446,2.6678444904989,0.00925913847853034,0.0140551826000978,0.040182863105855,0.0546318836716845,TRUE,FALSE,FALSE,TRUE
"GGB9469_SGB14862",1.95422754561453,-2.21641617185753,NA,0.270453086105779,NA,-8.19519645263227,1,7.8120511571112e-05,1,0.00361292089501789,FALSE,TRUE,TRUE,FALSE
"Phocaeicola_vulgatus",0.0663927556773866,0.116712924492113,0.202325956811554,0.364015779101183,0.328147493893848,0.320626003576815,0.745006348357655,0.750645248643827,1,0.978246140360906,FALSE,FALSE,TRUE,TRUE
"Parabacteroides_distasonis",-0.1129974038364,0.430710083642321,0.274206142862759,0.326374182176376,-0.412089250286985,1.31968184729012,0.68352751076841,0.198022304281882,1,0.335089167954023,FALSE,FALSE,TRUE,TRUE
"Bacteroides_cellulosilyticus",-0.875918399978222,1.59337356305084,0.415609880814691,0.493114747309195,-2.10754950835438,3.23124297487651,0.0535791601540893,0.00603369546146079,0.152547035597949,0.0328909984301582,FALSE,TRUE,TRUE,FALSE
"Alistipes_putredinis",-0.0229290527393399,0.333627403375086,0.236476942778702,0.315700081899949,-0.0969610502821717,1.0567859259562,0.923530472754305,0.300714822002561,1,0.466734463316475,FALSE,FALSE,TRUE,TRUE
"Bacteroides_ovatus",0.673464785412662,-1.0532818562981,0.189980306333112,0.346327430399585,3.54491893613334,-3.04128914964328,0.00145503635644518,0.00519132373467122,0.0112707581614883,0.032164510031333,TRUE,TRUE,FALSE,FALSE
"Bacteroides_thetaiotaomicron",0.00496297154655086,0.0866350805698816,0.376957031160191,0.444788092258715,0.0131658813506567,0.19477832720281,0.98959595819645,0.847080515498363,1,1,FALSE,FALSE,TRUE,TRUE
"Dysosmobacter_welbionis",-0.429752750810752,0.722170026491489,0.22565429761546,0.299637927116095,-1.90447403551383,2.41014224548311,0.0658715429279719,0.0218687658918825,0.172869898324416,0.0710009943742604,FALSE,FALSE,TRUE,TRUE
"GGB3433_SGB4574",-0.479579829973898,0.932026571112409,0.235316981348505,0.314317600578659,-2.03801624186076,2.96523824754499,0.0719956311977559,0.0158243120357403,0.182852540598846,0.0584584089254208,FALSE,FALSE,TRUE,TRUE
"Oscillospiraceae_bacterium_CLA_AA_H250",-0.214030938477941,0.634751483844874,0.483248999606801,0.54125463440352,-0.442899910092082,1.17274096792611,0.661646878465709,0.251953411759512,0.992470317698564,0.408054982088775,FALSE,FALSE,TRUE,TRUE
"GGB3576_SGB4784",-1.40595000621979,2.14787237198167,NA,0.153285647691478,NA,14.012221002613,1,1,1,1,FALSE,FALSE,TRUE,TRUE
"Flavonifractor_plautii",-0.0825420752944785,0.0945572747078533,0.258201138841662,0.412644913826819,-0.319681298327255,0.229149255302678,0.751670491519365,0.820479843720591,1,1,FALSE,FALSE,TRUE,TRUE
"GGB33512_SGB15201",-0.61358199792136,1.13147512390566,0.233012251949801,0.318067845310342,-2.63326066671184,3.55733891554385,0.0337523106596391,0.00925234188848733,0.107766306177562,0.0417757254965034,FALSE,TRUE,TRUE,FALSE
"GGB3550_SGB4747",-1.06978934065991,1.62107999141494,0.120705776559002,0.250511037672583,-8.86278495658393,6.47109207832067,0.000304065009958265,0.00131297292209563,0.0038166846641523,0.0171134042217396,TRUE,TRUE,FALSE,FALSE
"Parabacteroides_merdae",-0.314704382132185,0.770647608821384,0.22359307758182,0.280852013958928,-1.40748714376913,2.74396326363565,0.169911838951396,0.0103038675276301,0.343928425071514,0.0451551841652026,FALSE,TRUE,TRUE,FALSE
"Clostridium_sp_AT4",-0.87026691512123,1.83522306847537,0.437621775088737,0.497018570662243,-1.98862799947458,3.69246377661514,0.0641254698772763,0.00197352782812048,0.169609970622145,0.0182604912339889,FALSE,TRUE,TRUE,FALSE
"Mediterraneibacter_faecis",-0.201256227596029,0.640266807384617,0.172998228129131,0.247701753530644,-1.16334271034155,2.58482953091169,0.258382757569029,0.0176977111604773,0.48427584569498,0.063501935207683,FALSE,FALSE,TRUE,TRUE
"Clostridiales_bacterium",-0.00719184411346621,0.0612468921178152,0.294745613853752,0.395800231461696,-0.0244001734900615,0.15474193102826,0.980676057601214,0.877939732241507,1,1,FALSE,FALSE,TRUE,TRUE
"Bilophila_wadsworthia",0.00423704825223071,0.21627887701931,0.108109417461339,0.227401957948791,0.0391922216558602,0.951086256997024,0.969075347011829,0.351448912672841,1,0.525410247373779,FALSE,FALSE,TRUE,TRUE
"Parasutterella_excrementihominis",-0.622940218808843,1.05300796680543,0.182294171024285,0.321420017770058,-3.41722511097656,3.27611196748406,0.00458796283233743,0.00601807481072227,0.0253187578525288,0.0328909984301582,TRUE,TRUE,FALSE,FALSE
"Roseburia_hominis",-0.218093231867852,0.588207147804269,0.309451961594774,0.42694211629882,-0.704772497624183,1.37772106650771,0.488027834628643,0.181548243699771,0.776328975370119,0.315766789625672,FALSE,FALSE,TRUE,TRUE
"Enterocloster_hominis",0.0685104046370242,0.16931844593193,0.218085995958726,0.372478528156855,0.314143988640106,0.45457236627779,0.756243411577629,0.653678173092231,1,0.869625426703058,FALSE,FALSE,TRUE,TRUE
"Oliverpabstia_intestinalis",-0.407742056394012,0.793754785605002,0.197602078780673,0.291596626633564,-2.06345023751791,2.72209865652005,0.0546835138339309,0.0144902793934156,0.153732897382183,0.055360298195357,FALSE,FALSE,TRUE,TRUE
"GGB9715_SGB15260",-0.450457509151021,0.945645664280351,0.210194678099714,0.258794699669628,-2.14304906871776,3.65403799029711,0.060719389034892,0.00528425150075417,0.163503415051788,0.032164510031333,FALSE,TRUE,TRUE,FALSE
"GGB9699_SGB15216",0.064359101927367,0.171239271569139,0.262470001118169,0.322976050832512,0.245205553599214,0.530191855178574,0.809232829835473,0.602836033020892,1,0.811649719157646,FALSE,FALSE,TRUE,TRUE
"Eubacterium_siraeum",0.404684744681153,-0.559073035342622,0.374379170659282,0.636212795257514,1.08094887856208,-0.878751637046738,0.290924257470632,0.388624425113,0.535156967445977,0.571699895650264,FALSE,FALSE,TRUE,TRUE
"GGB2653_SGB3574",-1.29830930276735,1.51209152889867,NA,0.238121983176872,NA,6.35007112205815,1,0.000385202601658238,1,0.00860927814706163,FALSE,TRUE,TRUE,TRUE
"GGB40351_SGB14301",1.22355791597017,-1.57787885823341,NA,0.153285647691478,NA,-10.2937155695701,1,1,1,1,FALSE,FALSE,TRUE,TRUE
"Lachnospira_pectinoschiza",0.0370350121360219,0.186168720092599,0.211744602948154,0.312930937483679,0.174904161052407,0.594919510322654,0.863221144339167,0.559733461918026,1,0.760488928502607,FALSE,FALSE,TRUE,TRUE
"Neglectibacter_timonensis",-0.286029787661151,0.306997439673927,0.214558773150168,0.2831487907307,-1.33310693131602,1.0842265611719,0.215255612126741,0.306453177896861,0.414738183709713,0.472360587999644,FALSE,FALSE,TRUE,TRUE
"Alistipes_shahii",0.499032595685306,-0.501313301436607,0.145069779167077,0.22522536281785,3.43994868228598,-2.22582969859412,0.00274471652781513,0.0383276396070627,0.0177809896801937,0.0974002409585264,TRUE,FALSE,FALSE,TRUE
"Odoribacter_splanchnicus",-0.0575075987988161,0.284599617365635,0.132597338834654,0.204358778838106,-0.433701002631184,1.39264688790833,0.668546419884142,0.177044379465902,0.996134165627372,0.311960369654712,FALSE,FALSE,TRUE,TRUE
"Bacteroides_fragilis",0.543267887009092,-0.735350414346903,0.218362724793267,0.312865849604137,2.48791494758745,-2.3503697040675,0.0285410041506316,0.0366880059305432,0.0938075651127378,0.0970386902423244,FALSE,FALSE,TRUE,TRUE
"GGB9531_SGB14932",-0.1562579123747,0.237364464426236,0.199430698721579,0.257769392215675,-0.783519856152381,0.920840377462788,0.447362367267773,0.373906403064545,0.727167193340708,0.553431000562423,FALSE,FALSE,TRUE,TRUE
"Lawsonibacter_asaccharolyticus",0.0173925358824929,0.0325647948804297,0.260585332482127,0.346917812810614,0.0667441091822995,0.093868904039837,0.947259729676267,0.925881793783908,1,1,FALSE,FALSE,TRUE,TRUE
"Blautia_stercoris",-0.393151372750665,1.02781623345063,0.134501687236625,0.194530163785301,-2.92302186558452,5.28358283080976,0.0328980938063314,0.00323539773656509,0.106561216894421,0.0234613367888759,FALSE,TRUE,TRUE,FALSE
"Clostridium_sp_AM29_11AC",-1.16645240414397,1.65908417992027,NA,0.162307145250824,NA,10.2218801110473,1,0.00199578620736874,1,0.0182604912339889,FALSE,TRUE,TRUE,FALSE
"GGB9512_SGB14909",0.237592295321556,0.0514473574761016,0.203810503872997,0.341071106206468,1.1657509834214,0.150840562392752,0.258930485729531,0.881779045285722,0.48427584569498,1,FALSE,FALSE,TRUE,TRUE
"GGB9719_SGB15273",0.165037469105496,-0.361619537428826,0.035092273444885,0.184483997808545,4.70295745770646,-1.96016750354743,0.0423603354956099,0.189033583867016,0.12708100648683,0.324992353802139,FALSE,FALSE,TRUE,TRUE
"Frisingicoccus_SGB4674",-0.109955896221794,0.443074513925472,0.0785298709702849,0.180680634802333,-1.40017925489016,2.45225236456692,0.210990394209164,0.0496387170973354,0.411367671141091,0.118023970970792,FALSE,FALSE,TRUE,TRUE
"Clostridium_fessum",0.0395502226887472,0.0649593737080646,0.205878832718128,0.258312420579241,0.192104366274973,0.251475997795226,0.84981106186309,0.804294729856638,1,1,FALSE,FALSE,TRUE,TRUE
"Longicatena_caecimuris",-2.45289440362069,2.50186418516009,0.035092273444885,0.295489682742364,-69.8984181652732,8.46684108203347,1.95398528248324e-12,2.89661378872907e-05,8.7343142127001e-10,0.00258957272712379,TRUE,TRUE,FALSE,TRUE
"GGB38744_SGB14842",0.253913717780159,-0.129314803959163,0.0962125071547028,0.268003498487494,2.6390926220422,-0.482511626486091,0.0269538429220293,0.640961405669216,0.0907341764608087,0.855252980101909,FALSE,FALSE,TRUE,TRUE
"Coprococcus_comes",-0.620251288466455,1.44937983665004,0.25137913481076,0.305211670876756,-2.46739367980315,4.74876937859725,0.0232839471633972,0.000139683310486155,0.0819521604884925,0.00567622179884648,FALSE,TRUE,TRUE,FALSE
"GGB9782_SGB15403",1.2723411641214,-1.59953911634608,0.0426726650778598,0.1719045846469,29.8163042266028,-9.30480777828935,8.28616268050837e-05,0.00262771920600889,0.00154329779924468,0.0209748300908209,TRUE,TRUE,FALSE,FALSE
"Akkermansia_muciniphila",-0.0307827913797555,0.370024824156935,0.243497418723626,0.357313047950633,-0.12641937455072,1.03557602018513,0.901334310142629,0.319280274584552,1,0.490440834155652,FALSE,FALSE,TRUE,TRUE
"GGB4802_SGB6641",-0.584684177034139,1.96509860001535,0.110198397556684,0.18340100326638,-5.30574119041423,10.7147647232941,0.0337355613204755,0.00859815476203583,0.107766306177562,0.0404565808276844,FALSE,TRUE,TRUE,FALSE
"Alistipes_senegalensis",0.727935321175109,-0.681386560269766,0.235538620674698,0.365207777963246,3.09051364523553,-1.86575040671324,0.00860242072080722,0.0847980640632949,0.0388412329515235,0.177683362325559,TRUE,FALSE,FALSE,TRUE
"Clostridium_leptum",-0.371354530851324,0.417579242135229,0.169656548908779,0.322949367640788,-2.18886057296258,1.29301768009559,0.0437812785922774,0.214364126183507,0.129604182322834,0.354891720014917,FALSE,FALSE,TRUE,TRUE
"Escherichia_coli",0.479966102715414,-0.688215441510868,0.437230159118571,0.495943879196482,1.097742442294,-1.38768814452535,0.293855718099005,0.190460710112429,0.537750907523428,0.326191331112091,FALSE,FALSE,TRUE,TRUE
"Oscillibacter_valericigenes",-0.212741639196062,0.430311261197054,0.558906934885174,0.638075737329378,-0.380638753820025,0.674389004349378,0.705986525187271,0.504907226417498,1,0.700911584498825,FALSE,FALSE,TRUE,TRUE
"GGB9547_SGB14953",-0.238092536842892,0.855018452514091,0.035092273444885,0.154839380560393,-6.78475668488206,5.52197024697217,0.0931601652742678,0.114052443971513,0.212462213661213,0.221658445457679,FALSE,FALSE,TRUE,TRUE
"GGB9502_SGB14899",-0.00845202585336237,0.231416144970903,0.0767666627157088,0.18471332684168,-0.110100212180161,1.25283946170951,0.914149786631664,0.234128181045381,1,0.384762121056196,FALSE,FALSE,TRUE,TRUE
"GGB9770_SGB15390",0.805861769451413,-0.64717544741316,0.0534217343129773,0.169127206258021,15.084904670638,-3.8265602662757,5.3501847744959e-06,0.00869394065682507,0.000170823756728548,0.0404811611833417,TRUE,TRUE,FALSE,FALSE
"Eisenbergiella_massiliensis",0.563142380906407,-1.13956666503033,NA,0.217727820462534,NA,-5.23390471006173,1,0.00636668611749197,1,0.033211027076563,FALSE,TRUE,TRUE,FALSE
"Lachnoclostridium_pacaense",-0.963490711882709,0.858697574195227,NA,0.213359887552936,NA,4.02464391992228,1,0.0158034928783587,1,0.0584584089254208,FALSE,FALSE,TRUE,TRUE
"Brotolimicola_acetigignens",-0.516820151360309,0.975837279338035,0.347187732154556,0.464882622256367,-1.48858989962882,2.09910466130501,0.149102522272794,0.0460699349819292,0.308559386370087,0.11071645665012,FALSE,FALSE,TRUE,TRUE
"Eubacterium_ramulus",-0.107333230842361,0.500972527475611,0.159823373966709,0.250153259698588,-0.671574051895051,2.00266240015915,0.51457583693663,0.0683350251821598,0.804249647240117,0.149582558781309,FALSE,FALSE,TRUE,TRUE
"Butyricimonas_virosa",-0.392822076756507,0.923738933167804,0.145142995200652,0.229545951563602,-2.70644874190072,4.02420050049044,0.0204200696061498,0.00200170932990034,0.0724426278884837,0.0182604912339889,FALSE,TRUE,TRUE,FALSE
"GGB3819_SGB5184",0.173630681436257,-0.0849077181134107,0.172783795968213,0.234003232800666,1.00490141719192,-0.36284848331877,0.336538094232015,0.723593934190062,0.585340576349068,0.948523426929494,FALSE,FALSE,TRUE,TRUE
"Anaerotruncus_massiliensis",-0.637515334939915,1.07929749641143,0.290640715032116,0.375624793612438,-2.193482543798,2.87333933958849,0.0595965052550394,0.0207223789793777,0.163433361036826,0.069362367994411,FALSE,FALSE,TRUE,TRUE
"Gemmiger_SGB15295",0.466330559235968,-0.224533802549365,0.218842596727677,0.264328538446717,2.13089483587264,-0.849449718402717,0.10010711059858,0.443482105794489,0.22714659105363,0.637416402862175,FALSE,FALSE,TRUE,TRUE
"Intestinimonas_butyriciproducens",-1.72534479488591,2.28296826852495,0.173720630820905,0.27619143016921,-9.9317207560951,8.26589104204382,1.69251320992995e-06,8.83266170442306e-06,9.45691756048357e-05,0.00197409989093855,TRUE,TRUE,FALSE,FALSE
"bacterium_210917_DFI_7_65",0.370744384901208,-0.641707486285281,0.101125374790343,0.242256287194344,3.66618552138719,-2.64887856458597,0.00371426929603054,0.0226316530320454,0.021562056822411,0.0722596350380306,TRUE,FALSE,FALSE,TRUE
"Alistipes_indistinctus",-0.359288846532688,0.667925767396183,0.200782464838927,0.291856989920053,-1.78944335014972,2.28853784718038,0.116672689057043,0.0559279293978077,0.256909812849745,0.129532561869534,FALSE,FALSE,TRUE,TRUE
"Blautia_obeum",-0.153318016816263,0.492137533513616,0.261054440097963,0.354466043690159,-0.587302850542322,1.38839119366761,0.562267609518538,0.17726607134742,0.875726904023646,0.311960369654712,FALSE,FALSE,TRUE,TRUE
"GGB9524_SGB14924",-0.032096452387306,0.0814388609779784,0.079099853021842,0.178389929217086,-0.405771327772798,0.456521628409156,0.698984526325054,0.664074662202568,1,0.878228917173219,FALSE,FALSE,TRUE,TRUE
"Parabacteroides_gordonii",0.484152154675768,-0.68483337709078,NA,0.153285647691478,NA,-4.46769405619215,1,1,1,1,FALSE,FALSE,TRUE,TRUE
"Adlercreutzia_equolifaciens",0.00903394840170102,-0.0658832992710719,0.192040188429491,0.257239562790698,0.0470419680150328,-0.256116510836546,0.963144249815141,0.801585849336939,1,1,FALSE,FALSE,TRUE,TRUE
"Holdemania_filiformis",0.28792377559912,-0.363086747589509,0.145322270376568,0.23807777770901,1.98127771368444,-1.52507617923623,0.0675512849498068,0.149508984947432,0.175051333721947,0.27166876533131,FALSE,FALSE,TRUE,TRUE
"GGB9781_SGB66170",-1.39949134932081,1.84241520425717,0.035092273444885,0.170757011036211,-39.8803272611796,10.7896899405581,3.46906504256468e-05,0.00170284277060487,0.000775336037013206,0.0173092713569893,TRUE,TRUE,FALSE,FALSE
"Clostridia_bacterium_UC5_1_1D1",0.336531447736453,-0.493882693993554,NA,0.199095595441599,NA,-2.48063093961526,1,0.0681650121493296,1,0.149582558781309,FALSE,FALSE,TRUE,TRUE
"Provencibacterium_massiliense",-0.176675564006274,0.228650180749641,0.0372003368172502,0.21144336945602,-4.74930011720614,1.08137787123753,0.00897552311683263,0.34036830503138,0.0401205883322418,0.513329236339806,TRUE,FALSE,FALSE,TRUE
"Oscillibacter_sp_MSJ_31",0.624857510039728,-0.843084110731245,0.24504591983308,0.311297761485231,2.54996088270055,-2.70828838186568,0.0269969697299498,0.0203530472580551,0.0907341764608087,0.069362367994411,FALSE,FALSE,TRUE,TRUE
"GGB3000_SGB3991",-0.652759108148347,1.34107606393364,0.218033357296796,0.270583769688803,-2.99384973125825,4.95623246536923,0.0401850704728778,0.00772681060592645,0.124717897060923,0.0375422210961861,FALSE,TRUE,TRUE,FALSE
"Oscillibacter_sp_ER4",-0.517047976553414,1.27450738136681,0.29798218691392,0.379748497628151,-1.73516404422784,3.35618808060382,0.113366415500007,0.00728896236846401,0.250865285784668,0.0366086087494766,FALSE,TRUE,TRUE,FALSE
"Massilistercora_timonensis",0.152644683382671,0.135510584605689,NA,0.19830696199953,NA,0.683337504842669,1,0.543438093160467,1,0.74286491633862,FALSE,FALSE,TRUE,TRUE
"GGB3441_SGB4591",0.491575110772501,-0.201609610617411,NA,0.153285647691478,NA,-1.31525432193884,1,1,1,1,FALSE,FALSE,TRUE,TRUE
"Roseburia_inulinivorans",-0.225741690544041,0.531244420545495,0.213708955428157,0.318161862665843,-1.05630430924983,1.6697300427344,0.302291342874032,0.10914181287211,0.54272378881113,0.214918019179882,FALSE,FALSE,TRUE,TRUE
"Faecalibacillus_faecis",-0.250463419508449,0.720987771138343,0.035092273444885,0.189977297712405,-7.13728108558769,3.79512594304717,0.00566241334914938,0.0321108350832983,0.029777632553762,0.0897096455139646,TRUE,FALSE,FALSE,TRUE
"Hydrogenoanaerobacterium_saccharovorans",-0.846783190477351,1.32026381261124,0.162529884654057,0.264492027150272,-5.21001532905606,4.99169607052513,0.000218272153534103,0.000313643579896207,0.00295659553423467,0.00800479476936668,TRUE,TRUE,FALSE,FALSE
"GGB3109_SGB4121",-0.188482064242448,0.251074284139356,0.130769185206584,0.22631010844186,-1.44133393463216,1.10942584875239,0.170040675482784,0.284716852904657,0.343928425071514,0.444994521847488,FALSE,FALSE,TRUE,TRUE
"Clostridium_symbiosum",-0.252502179309226,-0.0120349352608129,0.185873018295728,0.254460910808715,-1.35846601956767,-0.0472958114571079,0.201522077739722,0.963125232916169,0.398585702432106,1,FALSE,FALSE,TRUE,TRUE
"Intestinimonas_massiliensis",0.381595192822674,-0.760761955088395,0.134186122175602,0.232245565105133,2.84377539670832,-3.27567914911104,0.0192840094312587,0.0095952606350029,0.0695157436755858,0.042890815038463,FALSE,TRUE,TRUE,FALSE
"Enterocloster_lavalensis",-0.393281056829716,0.240141959786327,0.238281359172335,0.323041416949715,-1.65049023639856,0.743378239402993,0.127075347961296,0.472831761490601,0.269207016771087,0.662557358577739,FALSE,FALSE,TRUE,TRUE
"Agathobaculum_butyriciproducens",0.235473548822437,-0.0703722452249337,0.223169538183054,0.376915005901177,1.05513302012253,-0.186705873003593,0.302322647458549,0.853528337970431,0.54272378881113,1,FALSE,FALSE,TRUE,TRUE
"Coprococcus_catus",-0.12113219760569,0.5383670188233,0.291371526264089,0.353579603781381,-0.415731074202151,1.52261898895099,0.683129111223179,0.147372249828491,1,0.269981129808751,FALSE,FALSE,TRUE,TRUE
"GGB9770_SGB15389",0.203180159225319,-0.0113248103655479,0.035092273444885,0.202742398445206,5.78988305059313,-0.0558581256431596,0.108879657956253,0.964476528030567,0.242135358738533,1,FALSE,FALSE,TRUE,TRUE
"Lachnospira_sp_NSJ_43",1.77849452012617,-3.15013334233285,0.142951532494224,0.256227494501882,12.4412413710782,-12.2942830489634,4.98815175335383e-06,5.40327059517459e-06,0.000170823756728548,0.00197409989093855,TRUE,TRUE,FALSE,FALSE
"Anaerotruncus_rubiinfantis",0.816424827888684,-1.29858004984969,0.042032691649754,0.17645185285008,19.4235676052276,-7.35940160941815,1.20597551643723e-06,0.000322340728967786,8.78882593988743e-05,0.00800479476936668,TRUE,TRUE,FALSE,FALSE
"Monoglobus_pectinilyticus",-0.737681482313991,1.14303229905864,0.410733737667622,0.487919341450825,-1.79600898261478,2.34266650643494,0.0868961403683878,0.029074550952434,0.204434603919312,0.0838472533918579,FALSE,FALSE,TRUE,TRUE
"GGB58158_SGB79798",-0.390230414334313,0.59017313726948,0.152698296021878,0.221305674273644,-2.55556495717806,2.66677815291682,0.026728900981468,0.021919770075275,0.0907341764608087,0.0710009943742604,FALSE,FALSE,TRUE,TRUE
"Oscillospiraceae_bacterium",0.14191119613837,-0.0950155063851241,0.102171289828637,0.379400968223051,1.38895374988791,-0.25043559279813,0.188182676354239,0.806164853647894,0.375525251474753,1,FALSE,FALSE,TRUE,TRUE
"GGB3167_SGB4181",0.64591913446012,-0.913369128250675,0.133684304963955,0.307100838464685,4.83167515165133,-2.97416683333383,0.00130185147535479,0.0177578118589717,0.0105805019906108,0.063501935207683,TRUE,FALSE,FALSE,TRUE
"GGB33586_SGB53517",0.599041171112477,-1.25430432985111,0.131594134592386,0.295962987324309,4.55218747376556,-4.23804456493296,0.00138161031295984,0.00218057132375004,0.0110282108909473,0.0194037383614917,TRUE,TRUE,FALSE,FALSE
"Anaerofilum_hominis",1.11142806126843,-1.05122375937797,0.035092273444885,0.180039802861936,31.6715889899244,-5.83884087111618,0.0200939822133144,0.10798419993977,0.0718560803948123,0.214918019179882,FALSE,FALSE,TRUE,TRUE
"GGB6612_SGB9346",-2.18265277740932,3.52690367372808,0.035092273444885,0.171872487814563,-62.1975313408333,20.5204667633213,0.000258395740105898,0.00236636563053899,0.00339714399492166,0.0194037383614917,TRUE,TRUE,FALSE,FALSE
"Paraprevotella_clara",-0.21496194109371,0.717230092054673,0.230239805699435,0.293139494662487,-0.933643687027475,2.44671941213678,0.374857570692292,0.0369550582483829,0.634702023103995,0.0971407306530599,FALSE,FALSE,TRUE,TRUE
"Bacteroides_eggerthii",0.513875400246306,-0.461953589705323,0.308432901655531,0.37238563333788,1.66608490043718,-1.24052473658718,0.119595467633238,0.236704030435823,0.259840926837393,0.386605882879599,FALSE,FALSE,TRUE,TRUE
"Bacteroides_finegoldii",-0.0679841834483915,0.35232243594493,0.0677151502439009,0.288236581925701,-1.00397301347662,1.22233768382581,0.332429590243433,0.241760666495881,0.580453229839119,0.39297097426785,FALSE,FALSE,TRUE,TRUE
"Clostridiaceae_bacterium_Marseille_Q3526",0.528228550304906,-0.655084149567625,0.11166335323038,0.242087875087445,4.73054529551053,-2.70597670094383,0.00322271165425099,0.0352943388456018,0.0197335905404136,0.0941427760180509,TRUE,FALSE,FALSE,TRUE
"Bacteroides_faecis",-0.0687857676275627,-0.0386386673777453,0.15590013950563,0.220582740476863,-0.44121684461404,-0.175166322143858,0.668442698170066,0.864444888620899,0.996134165627372,1,FALSE,FALSE,TRUE,TRUE
"Bacteroides_stercoris",0.426462364653599,-0.416416093776434,0.262351071806532,0.442695623424152,1.62554077525587,-0.940637475824919,0.124868223252879,0.361793200179861,0.267062659301611,0.537280931828564,FALSE,FALSE,TRUE,TRUE
"Catenibacterium_tridentinum",0.97933935226619,-0.937538339136233,0.035092273444885,0.154754123803655,27.9075493300346,-6.05824462762452,0.00128150748088084,0.0261809603449474,0.0105805019906108,0.0790735761769697,TRUE,FALSE,FALSE,TRUE
"Coprobacter_fastidiosus",-0.0576325930075611,0.724957983609303,0.240526159036341,0.313965248488535,-0.239610499076125,2.3090389369503,0.81860786567508,0.0603482418287394,1,0.138096425674448,FALSE,FALSE,TRUE,TRUE
"Bacteroides_caccae",0.160434239408523,-0.0497068622839744,0.223308483881787,0.316033210352075,0.718442204342994,-0.157283667208895,0.480045947449458,0.876455881953186,0.766359066106813,1,FALSE,FALSE,TRUE,TRUE
"Desulfovibrio_fairfieldensis",-0.0525282060489504,0.623643626373466,0.0999937059748168,0.180142028103062,-0.525315123955697,3.4619551747062,0.621817589788847,0.0180044006548184,0.942211737747847,0.0637204828176898,FALSE,FALSE,TRUE,TRUE
"Candidatus_Cibionibacter_quicibialis",0.0430071050876778,0.307342980781204,0.32182111576791,0.385541771376169,0.13363667882717,0.797171677881129,0.895025437292321,0.434713773450903,1,0.626829215266302,FALSE,FALSE,TRUE,TRUE
"Butyricimonas_faecihominis",0.577551605239741,-0.306939915767278,0.035092273444885,0.156265480737479,16.4580846022082,-1.96422085235143,0.00367150825855039,0.188460672307206,0.021562056822411,0.324992353802139,TRUE,FALSE,FALSE,TRUE
"Bacteroides_clarus",-1.03120988901689,1.94623085820952,0.157563588780874,0.27354103191024,-6.54472201982533,7.11495034078893,0.00725185904578226,0.00571349114079177,0.0356217691589524,0.0328909984301582,TRUE,TRUE,FALSE,FALSE
"Roseburia_intestinalis",-0.537348903146916,0.981786383261002,0.382463726388233,0.457082224913182,-1.40496697091076,2.14794260145969,0.174651568514397,0.0435424522155434,0.35166329336007,0.105447515080062,FALSE,FALSE,TRUE,TRUE
"Alistipes_finegoldii",0.552377135318599,-0.497112446075001,0.203480382140617,0.318269573621042,2.7146456553088,-1.56192261930417,0.0142026552600865,0.135715959529683,0.0561821849668907,0.254895100461212,FALSE,FALSE,TRUE,TRUE
"Enterocloster_aldenensis",-0.299630356325979,0.040055368427702,0.0934619873768777,0.241905916395943,-3.20590610937625,0.165582425698679,0.00836626537080002,0.871489564245725,0.0387513546066392,1,TRUE,FALSE,FALSE,TRUE
"Dialister_invisus",0.155426736106834,-0.511499457745863,0.266134658425362,0.335005508096124,0.584015389150917,-1.52683894856767,0.570025678983755,0.152718948429605,0.884727355922704,0.276378015983941,FALSE,FALSE,TRUE,TRUE
"Butyricimonas_paravirosa",0.61990249632229,-0.903469697631278,0.142000621618052,0.228026572144502,4.36549142714093,-3.96212462931181,0.0120103737639499,0.0166480059603016,0.048805791568051,0.060997202166023,TRUE,FALSE,FALSE,TRUE
"GGB79097_SGB105802",-0.500203718426006,0.867222024312809,NA,0.190802945014863,NA,4.54511865236281,1,0.0199477148713653,1,0.0685894503653869,FALSE,FALSE,TRUE,TRUE
"Alistipes_ihumii",-0.118608077880336,0.501849976737273,0.173122628273142,0.234301374295725,-0.685110196531925,2.14189941585174,0.507454443234555,0.0554220469408018,0.798704704668473,0.129029453034054,FALSE,FALSE,TRUE,TRUE
"Veillonella_parvula",0.000389882033910302,-0.0313628805241893,0.139016759954868,0.222032782104824,0.00280456855732271,-0.141253378113249,0.99784053339965,0.891648904270284,1,1,FALSE,FALSE,TRUE,TRUE
"GGB9627_SGB15081",0.489337974656289,-1.13249250690894,0.270043099838724,0.305766860315426,1.8120736095406,-3.70377779246799,0.21166569208602,0.06578530043463,0.411367671141091,0.146298653205371,FALSE,FALSE,TRUE,TRUE
"Anaerotignum_faecicola",0.969222521670163,-1.55957163456206,0.16231205618103,0.271870999040907,5.9713526183734,-5.73643985590167,0.000137260927108562,0.000188636268899888,0.00198036944167859,0.00700915326020214,TRUE,TRUE,FALSE,FALSE
"Phocea_massiliensis",0.352118374419663,-0.920670635739671,0.317240834948879,0.359386388494293,1.10994025871986,-2.56178493458522,0.295799064405112,0.0305973962803348,0.537750907523428,0.0871148798554757,FALSE,FALSE,TRUE,TRUE
"Alistipes_onderdonkii",-0.314014340743918,0.768776707097183,0.347239801450603,0.42874193460953,-0.904315517495733,1.79309893677028,0.374460482308564,0.0850654128359502,0.634702023103995,0.177683362325559,FALSE,FALSE,TRUE,TRUE
"GGB51647_SGB4348",-0.509032572709187,1.51170709421937,0.130334627956453,0.191415915889553,-3.90558196766606,7.89749946964508,0.0174588742895219,0.0013904049224976,0.0655808135076998,0.0171134042217396,FALSE,TRUE,TRUE,FALSE
"GGB9758_SGB15368",0.0657863945424993,1.08513089757618,0.0802939918045397,0.16328046175854,0.819319018322611,6.64580982861793,0.498705392727127,0.0219004066676143,0.790501101237681,0.0710009943742604,FALSE,FALSE,TRUE,TRUE
"Prevotella_stercorea",-0.422211452270225,1.74866831236919,NA,0.153285647691478,NA,11.4079063415564,1,1,1,1,FALSE,FALSE,TRUE,TRUE
"Sutterella_wadsworthensis",-0.0301335384937771,0.632657810350336,0.190772501769621,0.246007518422831,-0.157955356323663,2.57170111875581,0.877979185035468,0.0301036692115782,1,0.0862585906254836,FALSE,FALSE,TRUE,TRUE
"Ruminococcus_bromii",-0.245292453718224,0.688414655616272,0.185974113030753,0.247183533497005,-1.31896020215277,2.78503444738811,0.203717009151615,0.0122222172940201,0.400019314216385,0.0496211589954968,FALSE,TRUE,TRUE,FALSE
"Ruminococcus_bicirculans",-0.160752043895691,0.244000330869126,0.281444170880208,0.361344374325216,-0.571168496376898,0.675257035133807,0.57936776910863,0.513456553494761,0.896115545991549,0.708231644264521,FALSE,FALSE,TRUE,TRUE
"GGB4566_SGB6305",-0.258862499440398,0.787389044653712,0.223463960104857,0.297835493940713,-1.15840827003572,2.64370453042931,0.29071755868619,0.0383499830172274,0.535156967445977,0.0974002409585264,FALSE,FALSE,TRUE,TRUE
"Alistipes_communis",-0.440618084569196,0.892504076866602,0.220459622970721,0.265806309743626,-1.99863393864061,3.35772344052869,0.0709698513352348,0.00638959357625149,0.182319100843965,0.033211027076563,FALSE,TRUE,TRUE,FALSE
"Kineothrix_SGB4886",0.830944309271818,-0.671586698019296,0.0653723146944735,0.230290671899493,12.7109513125755,-2.91625662680945,4.31716115884814e-06,0.0224594399627158,0.000170823756728548,0.0722256810311797,TRUE,FALSE,FALSE,TRUE
"Bacteroides_intestinalis",-0.773217673083463,1.22867107429024,0.317756169585632,0.354313665981317,-2.43336793142922,3.46774960228327,0.045196611868532,0.0104375903503855,0.13291372042917,0.0452971154041,FALSE,TRUE,TRUE,FALSE
"Clostridium_sp_AF36_4",-0.640766104006437,1.22545594970295,0.335246481492114,0.383769271324281,-1.91132834908369,3.19321019495449,0.0729721431846525,0.00532477347274865,0.184048913711925,0.032164510031333,FALSE,TRUE,TRUE,FALSE
"GGB4571_SGB6317",1.07920299492944,-1.41252637186902,NA,0.153347307562963,NA,-9.21128902957127,1,0.0688433816002767,1,0.149582558781309,FALSE,FALSE,TRUE,TRUE
"Roseburia_faecis",-0.0713331380823561,0.412493091920809,0.226867750431938,0.309083216108621,-0.314426082801736,1.33456969004699,0.756812727420382,0.198654652142765,1,0.335089167954023,FALSE,FALSE,TRUE,TRUE
"Roseburia_sp_AF02_12",-0.0998244064549975,0.61914990659528,0.242964993658693,0.287039591109454,-0.410859214538645,2.15701919098396,0.691960570308544,0.0630816902466789,1,0.141696057991284,FALSE,FALSE,TRUE,TRUE
"Eubacterium_rectale",-0.366278509580037,0.749825237892462,0.264882933269788,0.328410368153316,-1.38279391978409,2.28319599685236,0.180007444646069,0.0319840548120716,0.360822097564094,0.0897096455139646,FALSE,FALSE,TRUE,TRUE
"Anaerotruncus_colihominis",-0.483392486622417,0.294026930846257,0.216545576350328,0.307197658822535,-2.23228982447733,0.957126209793523,0.0473362005620264,0.359066983879686,0.137397932800167,0.535009805980733,FALSE,FALSE,TRUE,TRUE
"Barnesiella_intestinihominis",-0.0112501701985613,0.029514339144253,0.131492761838549,0.204583604501125,-0.085557334420997,0.144265417633165,0.9335070743056,0.888156880402422,1,1,FALSE,FALSE,TRUE,TRUE
"Clostridia_bacterium",0.571042792591842,-0.656590855430551,0.035092273444885,0.208812025431167,16.2726075154038,-3.14441112323289,0.00050492427079625,0.051487419774892,0.00550490607429082,0.12113092968093,TRUE,FALSE,FALSE,TRUE
"Ruminococcus_lactaris",0.344306948628652,-0.504720368568699,0.0916895926500165,0.183925531458648,3.75513663740319,-2.74415609712226,0.00558303697306758,0.0252862631124301,0.029777632553762,0.0774175315839469,TRUE,FALSE,FALSE,TRUE
"Pseudoflavonifractor_phocaeensis",-0.483801813105432,1.13256279530718,0.0969658174798264,0.174099797976759,-4.98940581000192,6.50525048546221,0.00247836479342523,0.000628506578879149,0.0162916038626629,0.0101057933911825,TRUE,TRUE,FALSE,FALSE
"Clostridiales_bacterium_KLE1615",-0.396198507243949,0.886963766965908,0.243192529488436,0.287883796797712,-1.62915574782402,3.08097842543446,0.119747720197993,0.00615027818643602,0.259840926837393,0.0331225825221313,FALSE,TRUE,TRUE,FALSE
"Faecalibacillus_intestinalis",0.151903690039867,0.109704994773911,0.121682553137733,0.195873113585858,1.24836047668992,0.560081946753878,0.258402587642847,0.595699638594048,0.48427584569498,0.804464466620965,FALSE,FALSE,TRUE,TRUE
"GGB5980_SGB8599",1.31854854371816,-1.33525693045741,NA,0.19104719406303,NA,-6.98914703775696,1,0.00601288769832825,1,0.0328909984301582,FALSE,TRUE,TRUE,FALSE
"GGB9501_SGB14898",-1.26259119208398,1.57020833416019,0.159818669585401,0.255241056820482,-7.90014830782523,6.1518642561669,9.87516641901832e-05,0.000466685971498387,0.00166069340434362,0.00914431724341748,TRUE,TRUE,FALSE,FALSE
"GGB9198_SGB14137",0.970155259392207,-0.903770754419044,NA,0.193916775297543,NA,-4.66061150734542,1,0.0430843362921634,1,0.105447515080062,FALSE,FALSE,TRUE,TRUE
"GGB9619_SGB15067",-1.15525213508399,2.40821057264214,0.191548829855998,0.246170087771832,-6.03111037510634,9.78270997276583,0.0005257237251707,2.47236057636397e-05,0.00559520250360245,0.00258957272712379,TRUE,TRUE,FALSE,FALSE
"Lachnospiraceae_bacterium_CLA_AA_H244",-0.276244534321027,0.631916676032204,0.211986941642296,0.380362298603762,-1.30312052327807,1.66135465673609,0.215142541100745,0.120554106016695,0.414738183709713,0.230289253801123,FALSE,FALSE,TRUE,TRUE
"GGB3548_SGB4744",-1.88685853033026,3.33480365535648,0.123469317300964,0.190699998080946,-15.2820034286812,17.4871719397762,0.00425462097701393,0.00325414514745035,0.0243822509836568,0.0234613367888759,TRUE,TRUE,FALSE,FALSE
"GGB9694_SGB15204",-0.663013182271286,1.48821230691323,0.286943815898209,0.339990611426716,-2.31060279238248,4.3772158903688,0.0819779873758617,0.0119007596545052,0.198076542470325,0.0488040327115948,FALSE,TRUE,TRUE,FALSE
"GGB9775_SGB15395",-0.0350805559821828,0.282853681377376,0.112058312779279,0.23478276917014,-0.313056257158546,1.20474633797508,0.762243740827214,0.262728852100486,1,0.420931171644865,FALSE,FALSE,TRUE,TRUE
"GGB2970_SGB3952",-0.657740254585975,1.34268571175699,0.0620943629776832,0.164631468845981,-10.5925920332312,8.15570511013984,0.00179763887772383,0.00385537526865066,0.0129603964248799,0.0272329744722044,TRUE,TRUE,FALSE,FALSE
"GGB9667_SGB15164",-0.251986906667879,0.474571620856725,0.133046885263253,0.257863570456692,-1.8939707319663,1.84039808343703,0.0848111261044385,0.092822841782971,0.202730338869968,0.191206498972295,FALSE,FALSE,TRUE,TRUE
"GGB3478_SGB4643",-0.981570757393706,1.31121802552142,0.035092273444885,0.186321369415809,-27.9711361230368,7.03740010945928,0.000100310339859682,0.00589566171735087,0.00166069340434362,0.0328909984301582,TRUE,TRUE,FALSE,FALSE
"Lacrimispora_amygdalina",-0.102475466082067,0.229757525163279,0.137227134396106,0.232490862641211,-0.746758041206865,0.988243247726472,0.468500838821644,0.341071103339871,0.753308902709622,0.513329236339806,FALSE,FALSE,TRUE,TRUE
"Clostridium_SGB4750",-0.0329625459636508,0.215162832546781,0.148085571428817,0.249996957143106,-0.222591206189832,0.860661805669961,0.826856197703449,0.402972040547794,1,0.58865523570217,FALSE,FALSE,TRUE,TRUE
"Intestinimonas_gabonensis",-0.120490269019493,0.281383302154941,0.0639848769888892,0.157721486547927,-1.88310542568387,1.78405180114401,0.310777640312535,0.325239806725989,0.549081443556139,0.497884224679853,FALSE,FALSE,TRUE,TRUE
"GGB9509_SGB14906",-0.29035584830726,0.644155714845186,0.125356681111437,0.214136614043936,-2.31623752107113,3.00815307891727,0.0814723559589955,0.0396223480120406,0.197924690835169,0.0989451930803473,FALSE,FALSE,TRUE,TRUE
"GGB52130_SGB14966",1.87758123726186,-3.21176278980113,0.112951067824857,0.21141359606516,16.6229613709652,-15.1918459814251,0.000473932208289242,0.00061930693904116,0.00529619242763228,0.0101057933911825,TRUE,TRUE,FALSE,FALSE
"Hydrogenoanaerobacterium_SGB53821",0.369866505159802,-0.219659272933276,0.1161405734472,0.274143198591803,3.18464507434133,-0.801257423352482,0.0189641925813793,0.453535653278326,0.069483558064562,0.643588688937815,FALSE,FALSE,TRUE,TRUE
"Bacteroides_xylanisolvens",0.195788244119611,-0.150029154770273,0.291178866018809,0.378261770127985,0.672398539071733,-0.396627855676534,0.509870080031853,0.696304811188336,0.799690967628906,0.918136432451876,FALSE,FALSE,TRUE,TRUE
"GGB9064_SGB13983",-0.398734801114656,0.794613943551238,0.035092273444885,0.171263462180753,-11.362467061044,4.63971668815497,0.00146242499634524,0.0188690064949248,0.0112707581614883,0.0653833015754371,TRUE,FALSE,FALSE,TRUE
"Blautia_sp_OF03_15BH",0.990119103708097,-1.49786389132525,0.0370741617061144,0.183837554890844,26.7064461647639,-8.14775790623752,1.37632620982577e-06,0.000452331332663323,8.78882593988743e-05,0.00914431724341748,TRUE,TRUE,FALSE,FALSE
"Candidatus_Gastranaerophilales_bacterium",1.93155401019962,-2.99853363041755,0.0502533219382862,0.256721174874319,38.4363448166009,-11.6801180575989,2.24620272105952e-07,8.08259708057693e-05,2.51013154078401e-05,0.00361292089501789,TRUE,TRUE,FALSE,FALSE
"Segatella_copri",-0.158037955870034,1.11110209785696,0.180059094740042,0.239326298020803,-0.87770049104267,4.64262434611504,0.444721700915465,0.0188370639221608,0.727167193340708,0.0653833015754371,FALSE,FALSE,TRUE,TRUE
"GGB3304_SGB4367",-0.648729438031791,1.6215088186346,0.1787108207208,0.227053781878147,-3.63005124936055,7.14151865351802,0.0150597501809374,0.00083595877260745,0.0590500730778861,0.012455785711851,FALSE,TRUE,TRUE,FALSE
"Faecalibacterium_SGB15346",-0.522049508821748,1.41767249231349,0.251332116512675,0.302684762494388,-2.0771301179705,4.68365992602544,0.0714331302854944,0.00157439652601436,0.182460624214949,0.0171134042217396,FALSE,TRUE,TRUE,FALSE
"Faecalibacterium_sp_HTFF",0.376448984900089,-0.298684760757019,0.314743049803284,0.382407423328549,1.19605177981014,-0.78106423289906,0.256821684514037,0.451247399989259,0.48427584569498,0.643588688937815,FALSE,FALSE,TRUE,TRUE
"GGB9602_SGB15031",0.595144135630742,-0.470909442083899,0.161326403818327,0.239834422744998,3.68906838276112,-1.96347728859835,0.00776614335640796,0.0903555557240087,0.0373275922614447,0.187855504226195,TRUE,FALSE,FALSE,TRUE
"Rikenellaceae_bacterium",0.465106360773039,-0.124935613977192,0.035092273444885,0.225212998162493,13.2538110277615,-0.554744242102091,0.00564454839524157,0.634826500122646,0.029777632553762,0.84960313040366,TRUE,FALSE,FALSE,TRUE
"Enterobacter_roggenkampii",-1.26475819976859,2.75147426514476,NA,0.153285647691478,NA,17.9499797050975,1,1,1,1,FALSE,FALSE,TRUE,TRUE
"GGB1627_SGB2230",0.555377792574868,-0.00367142985399912,NA,0.153285647691478,NA,-0.023951556517468,1,1,1,1,FALSE,FALSE,TRUE,TRUE
"Wujia_chipingensis",-0.580851192565753,1.0913935649788,0.035092273444885,0.170953689685041,-16.5521106370615,6.38414746701019,0.00363014015897392,0.023667882213005,0.021562056822411,0.0734690510362029,TRUE,FALSE,FALSE,TRUE
"GGB9635_SGB15106",0.153278142921226,0.431352711774287,0.262842841755662,0.300865686863776,0.583155097157689,1.43370523993848,0.585099964177095,0.211107581999043,0.898761800643167,0.351922188262573,FALSE,FALSE,TRUE,TRUE
"GGB9715_SGB15267",0.85687038910918,-0.998773544626041,0.184994328409788,0.233264682594057,4.63187383351069,-4.28171780450868,0.0189555168657208,0.0234040991577505,0.069483558064562,0.0734690510362029,FALSE,FALSE,TRUE,TRUE
"GGB9342_SGB14306",0.0222630637018229,0.358679916624343,NA,0.152833539630728,NA,2.34686651562853,1,0.100591713402213,1,0.203459257424386,FALSE,FALSE,TRUE,TRUE
"Holdemanella_porci",-0.880352219025601,2.12941621187618,0.163024618528585,0.218960470818239,-5.40011825803622,9.72511706756342,0.0124476041771176,0.00230939138887707,0.050126838442987,0.0194037383614917,FALSE,TRUE,TRUE,FALSE
"Faecalicatena_fissicatena",-0.251474564460755,0.678335194081503,0.103363019194513,0.197046046451936,-2.43292588026594,3.44252120910716,0.0410146104428539,0.0087910914536265,0.124717897060923,0.0405115245337221,FALSE,TRUE,TRUE,FALSE
"Clostridiaceae_bacterium_Marseille_Q4149",-0.125171992083705,0.711608977123337,0.22447688756101,0.265831622469308,-0.557616391797504,2.67691620174157,0.606837632629366,0.0554059067940671,0.9257898354448,0.129029453034054,FALSE,FALSE,TRUE,TRUE
"Ruminococcus_callidus",0.484827419663404,-0.161579906439581,0.147999998405181,0.217891633523902,3.27586097897169,-0.741560856772669,0.046570796659878,0.512129478047253,0.136059778476898,0.708231644264521,FALSE,FALSE,TRUE,TRUE
"Parasutterella_SGB9260",-0.216237814684461,0.470541281283384,0.154376994445518,0.210564270683245,-1.40071268689438,2.23466820727258,0.204036697184196,0.0605523477230243,0.400019314216385,0.138096425674448,FALSE,FALSE,TRUE,TRUE
"Anaerobutyricum_soehngenii",0.235421326974932,-0.586441314098458,0.217884438212445,0.335234143622285,1.08048711007707,-1.74934840395975,0.295943452462557,0.0993834983492166,0.537750907523428,0.20285125005525,FALSE,FALSE,TRUE,TRUE
"Faecalibacterium_sp_CLA_AA_H233",-0.25288728895109,1.04205932984394,0.339723801177998,0.401256052633839,-0.744390849490673,2.59699342353562,0.475626303024539,0.0288802903720081,0.762024937103832,0.0838278558200495,FALSE,FALSE,TRUE,TRUE
"GGB9708_SGB15234",0.365334198378539,-0.45575183126569,0.29049117071405,0.356528351857187,1.25764303775746,-1.27830459735289,0.243989246905479,0.236979892413893,0.466082022934825,0.386605882879599,FALSE,FALSE,TRUE,TRUE
"Clostridium_sp_AF20_17LB",0.821607510741541,-1.19203665725443,0.118567423137203,0.198904075413599,6.92945405240693,-5.99302279139188,0.0022768873661488,0.00389912833606506,0.0151905769055002,0.0272329744722044,TRUE,TRUE,FALSE,FALSE
"Clostridium_sp_AM49_4BH",-0.356127925446375,1.21381149088274,0.1061089552136,0.187283842931889,-3.35624759219879,6.48113297912291,0.0153005265134016,0.0006411058872229,0.0594724813173086,0.0101057933911825,FALSE,TRUE,TRUE,FALSE
"GGB9759_SGB15370",-1.24890182157618,2.0188491012866,NA,0.19212763369903,NA,10.5078538803489,1,0.00184054762203289,1,0.0181636223179182,FALSE,TRUE,TRUE,FALSE
"GGB9730_SGB15291",-0.229474707606318,0.630378761482082,0.103962206628885,0.18509954600135,-2.20728969735584,3.4056202465104,0.0630489521801802,0.0113552835806015,0.16875977020683,0.0476626054750406,FALSE,TRUE,TRUE,FALSE
"GGB33469_SGB15236",0.825038300994519,-1.28641352580388,0.183766407560618,0.24105033782228,4.48960346967857,-5.33670077970319,0.00151138055157436,0.000470512967782108,0.0114506289246397,0.00914431724341748,TRUE,TRUE,FALSE,FALSE
"Simiaoa_sunii",-1.77568448288817,3.557442133677,0.300536267248461,0.345877883457708,-5.90838669537399,10.2852547208673,0.00104547474303229,4.93261488490616e-05,0.00898706173337373,0.00314982693364722,TRUE,TRUE,FALSE,FALSE
"GGB9712_SGB15244",0.684716462605958,-0.467886639679107,0.122701903618998,0.187419035691856,5.5803246926965,-2.49647341291619,0.00505615243110808,0.0670187131235153,0.0275621967890892,0.148303785971343,TRUE,FALSE,FALSE,TRUE
"GGB9061_SGB13979",-0.593627776862775,2.49524511335893,NA,0.153285647691478,NA,16.2784001694743,1,1,1,1,FALSE,FALSE,TRUE,TRUE
"GGB9495_SGB14892",0.758226005240211,-0.564462119992132,0.125515219037579,0.189213257717875,6.04090891171692,-2.98320596981511,0.1044376760884,0.205907318678731,0.235775965714722,0.344721241383493,FALSE,FALSE,TRUE,TRUE
"Blautia_sp_MCC283",-0.292537053476369,0.655709383818133,0.125607323669603,0.214578442462542,-2.32898086616237,3.05580269990355,0.0803417437392383,0.0378131703213253,0.197322854128789,0.0971407306530599,FALSE,FALSE,TRUE,TRUE
"GGB3475_SGB4638",0.273850450214911,0.61358329386609,NA,0.153285647691478,NA,4.00287504477304,1,1,1,1,FALSE,FALSE,TRUE,TRUE
"Victivallis_lenta",0.113725828731999,-0.0251855060536102,0.0968671402960387,0.179166213376649,1.17403929118211,-0.140570621988111,0.361252611396916,0.901088981874058,0.621076604978544,1,FALSE,FALSE,TRUE,TRUE
"Clostridium_sp_AF27_2AA",-0.143256185193316,0.400771464516354,0.126332878297102,0.197127706390203,-1.13395805687586,2.03305497667106,0.308235423433627,0.0977298637741692,0.546750929662029,0.200391050949787,FALSE,FALSE,TRUE,TRUE
"GGB4745_SGB6571",1.95962339998702,-2.65604904364863,0.0516813237165723,0.177572703521146,37.9174382361774,-14.9575300199917,4.03522170922235e-05,0.00064855478022491,0.000858925763820186,0.0101057933911825,TRUE,TRUE,FALSE,FALSE
"GGB47687_SGB2286",0.204224345403543,0.513935425975033,0.0590820033124378,0.177746001410216,3.45662526579477,2.8914035865647,0.0744661425315516,0.101693923189534,0.185957350344154,0.204762088584333,FALSE,FALSE,TRUE,TRUE
"GGB9547_SGB14954",1.33543481029123,-2.2960885351452,0.0628303003246398,0.157358920034223,21.2546303836068,-14.5914101002081,0.0299299799636963,0.0435616480987548,0.0976547521443229,0.105447515080062,FALSE,FALSE,TRUE,TRUE
"GGB2998_SGB3988",0.0100589716421569,0.67059020640483,0.153920957558956,0.208731575872864,0.065351540178043,3.21269172429034,0.950426572958025,0.0236575991400511,1,0.0734690510362029,FALSE,FALSE,TRUE,TRUE
"Fusicatenibacter_sp_CLA_AA_H277",0.701073752855117,-0.672132320018539,0.123487850133603,0.231868361260719,5.67726907624203,-2.89876685358886,0.000752859114781032,0.0230263952447422,0.00716017072993876,0.0729985721588637,TRUE,FALSE,FALSE,TRUE
"Candidatus_Borkfalkia_ceftriaxoniphila",0.285810800780067,-0.308056985431512,0.261663065534147,0.309399474376646,1.09228560858074,-0.99566098504906,0.298052829407809,0.340812957546753,0.539391152814942,0.513329236339806,FALSE,FALSE,TRUE,TRUE
"Blautia_SGB4815",0.289860794486982,-0.0759516268606993,0.278211663124826,0.372454664820386,1.0418714702012,-0.203921803200737,0.324648799201697,0.842951088512576,0.569090248012387,1,FALSE,FALSE,TRUE,TRUE
"Clostridiaceae_bacterium_AF18_31LB",-0.693783407012387,1.40399244438698,0.183615724618392,0.288538396930572,-3.77845311698808,4.86587732975038,0.0036111085344671,0.000655633128287006,0.021562056822411,0.0101057933911825,TRUE,TRUE,FALSE,FALSE
"GGB9760_SGB15373",0.383081401436096,-0.249252673975053,0.180089658504836,0.240642603577365,2.12717045840703,-1.03577949319734,0.0775117339129235,0.340234479735257,0.191424005851253,0.513329236339806,FALSE,FALSE,TRUE,TRUE
"GGB13489_SGB15224",0.237483450305586,0.292058838520124,0.257513903021013,0.314430495404344,0.922216033851219,0.928850231732608,0.391990260032841,0.388807087869531,0.656253356684195,0.571699895650264,FALSE,FALSE,TRUE,TRUE
"Clostridium_perfringens",0.231374163815244,-0.521484071247665,0.154504566219503,0.20912535228894,1.49752314430975,-2.49364348004613,0.27295925587922,0.130149772480749,0.508386614075046,0.245607459947229,FALSE,FALSE,TRUE,TRUE
"GGB9092_SGB14022",0.268897742496836,-0.990163550199677,0.227384951903555,0.268562719417959,1.18256612957787,-3.6868987339181,0.446872048174511,0.168614174139091,0.727167193340708,0.302692915020778,FALSE,FALSE,TRUE,TRUE
"GGB9707_SGB15229",0.752464978134647,-1.06457573114026,0.183422348100141,0.275909578727775,4.10236258519509,-3.85842251671379,0.00634051056351831,0.00837762392868801,0.0318450362010414,0.0398382754906759,TRUE,TRUE,FALSE,FALSE
"Clostridium_spiroforme",0.246023171070977,0.308816247881153,NA,0.153285647691478,NA,2.01464554922138,1,1,1,1,FALSE,FALSE,TRUE,TRUE
"GGB9296_SGB14253",0.368922918915746,0.065999773381312,0.035092273444885,0.186055368036898,10.5129386813643,0.354731895551775,0.0603741833520772,0.782986453825889,0.163503415051788,1,FALSE,FALSE,TRUE,TRUE
"Phocaeicola_coprocola",0.68954255745407,-0.592759577941111,0.289710974817412,0.329026521354248,2.38010506122058,-1.80155561777013,0.0759805827744063,0.14597392857637,0.188685113889776,0.268519942689865,FALSE,FALSE,TRUE,TRUE
"GGB1266_SGB1699",-1.26060303055048,3.64563137109067,0.273096869182159,0.308549899531524,-4.61595562895171,11.8153704688476,0.019132691260087,0.00130329067111961,0.0695157436755858,0.0171134042217396,FALSE,TRUE,TRUE,FALSE
"Phocaeicola_plebeius",-0.974564115949608,2.78064080196697,0.25171399190422,0.313843898587002,-3.87171213080774,8.85994857470882,0.0117399022052498,0.000304526973364149,0.0481443695940061,0.00800479476936668,TRUE,TRUE,FALSE,FALSE
"Ruminococcus_SGB4421",0.00555540493170617,0.137663021323616,0.0354418322274308,0.155391214088642,0.156747114428426,0.885912515266703,0.889837649766492,0.469127002183544,1,0.660161610390899,FALSE,FALSE,TRUE,TRUE
"GGB9747_SGB15356",0.62892436349664,-1.10243817267752,0.0840180611830661,0.164966319168907,7.48558529726463,-6.68280760722284,0.0173823551391925,0.0216663871429402,0.0655808135076998,0.0710009943742604,FALSE,FALSE,TRUE,TRUE
"GGB3653_SGB4964",0.00345876352779339,-0.0191231553472424,0.26123282313571,0.314660685978714,0.0132401567547144,-0.0607738945453642,0.989599882333823,0.952291944190973,1,1,FALSE,FALSE,TRUE,TRUE
"GGB3256_SGB4303",0.372273113086713,-0.38377140480787,0.127950537446904,0.192610114163962,2.90950800610116,-1.99247794682878,0.0436996744877669,0.117118519572556,0.129604182322834,0.22663194047157,FALSE,FALSE,TRUE,TRUE
"Sutterella_sp_AM11_39",-0.403380689269802,0.326344452063696,NA,0.153285647691478,NA,2.12899548639112,1,1,1,1,FALSE,FALSE,TRUE,TRUE
"Jutongia_huaianensis",1.10065491886149,-1.58828672317816,NA,0.153285647691478,NA,-10.3616140656231,1,1,1,1,FALSE,FALSE,TRUE,TRUE
"GGB3722_SGB5050",1.32886913687859,-1.74620688098218,NA,0.153285647691478,NA,-11.3918485342921,1,1,1,1,FALSE,FALSE,TRUE,TRUE
"GGB3480_SGB4648",0.157517316725944,0.0313540254258087,0.0843014557793833,0.165735597215013,1.86850055280381,0.189180996434534,0.312835302500547,0.880970335192727,0.550540866998994,1,FALSE,FALSE,TRUE,TRUE
"GGB9634_SGB15101",1.12408250862942,-2.50791994601182,0.0718922312156821,0.16048828832332,15.6356603435647,-15.6268097330527,0.0406605074009407,0.0406834738036591,0.124717897060923,0.100472446354893,FALSE,FALSE,TRUE,TRUE
"GGB9691_SGB15198",0.515043829366614,-0.529882037459905,0.0550189012915942,0.155206418460114,9.36121618708702,-3.41404719416342,0.0677491739013351,0.181396701065833,0.175051333721947,0.315766789625672,FALSE,FALSE,TRUE,TRUE
"GGB9634_SGB15093",-0.092049953224884,1.1404774395511,0.081896477760368,0.164639121328709,-1.12397939132652,6.92713512041946,0.462881808551992,0.0912717759219145,0.746960896832998,0.188881869616184,FALSE,FALSE,TRUE,TRUE
"GGB4596_SGB6358",-0.29306749390694,1.64489291774269,0.0420800252591129,0.152942336634842,-6.96452751875363,10.7549874935543,0.0907883743367699,0.0590232801863102,0.211366684002792,0.135996939398354,FALSE,FALSE,TRUE,TRUE
"Blautia_luti",-0.218528738087067,0.852979454095146,0.0992606231052102,0.184085007289509,-2.20156524562051,4.63361718944156,0.0635839386404752,0.00238748458586587,0.169178693882693,0.0194037383614917,FALSE,TRUE,TRUE,FALSE
"Clostridium_sp_AM22_11AC",0.0323072343904343,0.164174803730888,0.115242747723075,0.219878750985578,0.280340715825935,0.746660616339667,0.783990458736104,0.469645172492854,1,0.660161610390899,FALSE,FALSE,TRUE,TRUE
"Phocaeicola_massiliensis",-0.348094398867603,1.01473603777798,0.214604429787439,0.257947208103398,-1.6220280224988,3.93389036942482,0.165724167643955,0.0110271981772958,0.338258917519852,0.0471212443614404,FALSE,TRUE,TRUE,FALSE
"GGB13493_SGB15238",1.48895848563559,-3.60254787703032,0.130034408649103,0.192220772352503,11.4504960733396,-18.7417199137241,0.0554568678753659,0.0339358747147351,0.153970310188128,0.0924959512041865,FALSE,FALSE,TRUE,TRUE
"GGB3345_SGB4425",-1.57352514845491,2.79561653196743,NA,0.152572780062277,NA,18.3231670211837,1,0.0347095477297631,1,0.0934648664771331,FALSE,FALSE,TRUE,TRUE
"GGB27848_SGB40282",-0.964960446533888,2.3920221368491,NA,0.153285647691478,NA,15.604997420656,1,1,1,1,FALSE,FALSE,TRUE,TRUE
"GGB33469_SGB15237",2.48570789071277,-4.50931453764421,NA,0.153285647691478,NA,-29.4177217864534,1,1,1,1,FALSE,FALSE,TRUE,TRUE
"Lachnospiraceae_bacterium_AM48_27BH",-0.495905299206828,1.54063601990941,0.247175090006063,0.28663380060908,-2.00629156924617,5.37492792767512,0.0916240751861882,0.00170382089420029,0.212207054964902,0.0173092713569893,FALSE,TRUE,TRUE,FALSE
"Lawsonibacter_SGB15145",0.438978519979047,-0.348950899009279,0.035092273444885,0.167459365831138,12.5092642022323,-2.08379446128533,0.00632991103696278,0.17256300450141,0.0318450362010414,0.307313398454702,TRUE,FALSE,FALSE,TRUE
"GGB3730_SGB5060",0.253551013145451,-0.39666291316258,0.129423586105328,0.19956594818998,1.95907887252565,-1.98762823397592,0.121683100247959,0.117769552269329,0.262764955607911,0.226909439070646,FALSE,FALSE,TRUE,TRUE
"GGB51960_SGB72480",1.02053264816824,-1.57896405255516,NA,0.153285647691478,NA,-10.300795125537,1,1,1,1,FALSE,FALSE,TRUE,TRUE
"Enterocloster_asparagiformis",-1.37954633248423,2.85497340148094,0.142098151851334,0.249470586885648,-9.70840446909922,11.4441282923249,6.85498289988877e-05,2.67123599128835e-05,0.00133225102445664,0.00258957272712379,TRUE,TRUE,FALSE,FALSE
"Klebsiella_pneumoniae",-0.494193225086743,1.23595875429607,0.101948964488213,0.196198890739398,-4.84745703468011,6.29951958259405,0.0167530658757167,0.00808145573622201,0.0645570728141842,0.0388431259579703,FALSE,TRUE,TRUE,FALSE
"Lachnospira_eligens",0.39646663659082,-0.654197157033583,0.159504548842442,0.233715766273889,2.48561335377618,-2.79911435785182,0.0273196405877714,0.0150552220260426,0.0911334279308495,0.057031222420687,FALSE,FALSE,TRUE,TRUE
"Bifidobacterium_catenulatum",0.063282018143318,-0.212493952791654,0.0386107682230177,0.171408302718268,1.63897329827259,-1.23969463218428,0.199748358288019,0.303223306211699,0.396833405132199,0.468999369815327,FALSE,FALSE,TRUE,TRUE
"Klebsiella_oxytoca",-0.10109137130773,-0.0699204325278934,NA,0.153285647691478,NA,-0.456144678780521,1,1,1,1,FALSE,FALSE,TRUE,TRUE
"GGB9574_SGB14987",0.236532761808625,-1.21820440555996,0.0960829961411137,0.170409662506955,2.4617546424264,-7.14868152215391,0.0907259911563705,0.00563656873492776,0.211366684002792,0.0328909984301582,FALSE,TRUE,TRUE,FALSE
"Gemmiger_SGB72777",-3.45311908051892,6.4292409939361,NA,0.153285647691478,NA,41.9428765234198,1,1,1,1,FALSE,FALSE,TRUE,TRUE
"Odoribacter_laneus",1.92917280211764,-3.69521932197191,0.035092273444885,0.296062072749299,54.9742895725336,-12.4812316811041,0.0115790413060953,0.0508974435823425,0.0481443695940061,0.120376493551889,TRUE,FALSE,FALSE,TRUE
"Akkermansia_sp_BIOML_A66",0.152073891983069,-0.453594658582636,0.168518589004463,0.235688175699059,0.902416124425545,-1.92455415821035,0.462080338625956,0.194169216250181,0.746960896832998,0.330013839025972,FALSE,FALSE,TRUE,TRUE
"GGB9176_SGB14114",1.03700077323392,-1.42780527809662,0.0990813407328228,0.180274752470712,10.4661560447617,-7.92016218870462,0.000137341057476591,0.000516625103045858,0.00198036944167859,0.0096221425442291,TRUE,TRUE,FALSE,FALSE
"Methanobrevibacter_smithii",0.530045647989181,-0.471574073558848,0.115036504385423,0.236726708239189,4.60762999380868,-1.9920611284907,0.00173803715617509,0.0815124194059977,0.0127361083411519,0.171868167332457,TRUE,FALSE,FALSE,TRUE
"GGB36331_SGB15121",0.597295624162122,-1.18282573977926,0.103877974178388,0.181509917359663,5.7499737445437,-6.51659015102454,0.00453549197768059,0.00286279546048844,0.0253187578525288,0.0221711747632978,TRUE,TRUE,FALSE,FALSE
"GGB9063_SGB13982",0.387622361663876,-0.525181670967867,0.0729366800551217,0.172215933913102,5.31450514845112,-3.04955330807465,0.00315432537861588,0.0284388097870803,0.0197335905404136,0.0830859344759795,TRUE,FALSE,FALSE,TRUE
"Clostridia_bacterium_UC5_1_1E11",-0.640453485393502,2.02090882832032,0.16151241804032,0.214399995114717,-3.96535135294438,9.42588094388255,0.058108962137082,0.0110687486755061,0.160337691822689,0.0471212443614404,FALSE,TRUE,TRUE,FALSE
"Hungatella_hathewayi",-0.86322864117317,1.16561247773026,0.203340673270192,0.262132964497453,-4.24523351521583,4.44664592248026,0.00215757565713006,0.00160797086647218,0.0148374818267252,0.0171134042217396,TRUE,TRUE,FALSE,FALSE
"Marvinbryantia_SGB4691",-0.11763445892828,0.554121808502075,NA,0.15373186019397,NA,3.60446954719026,1,0.172286531486432,1,0.307313398454702,FALSE,FALSE,TRUE,TRUE
"Eisenbergiella_tayi",-0.24565364687166,-0.285946596183912,0.035092273444885,0.208880959210361,-7.00022035498719,-1.36894524644508,0.00598571658144409,0.264506572666596,0.0311118059523896,0.422265849935602,TRUE,FALSE,FALSE,TRUE
"GGB52106_SGB72838",-0.177260593108397,-0.353935381057924,NA,0.15286844233154,NA,-2.31529395903905,1,0.259555862451432,1,0.417343419121548,FALSE,FALSE,TRUE,TRUE
"Lachnotalea_sp_AF33_28",0.689690111795114,-1.18449194457171,0.035092273444885,0.183619113563888,19.6536172806907,-6.45080962205809,6.29679708811887e-06,0.00133181921106682,0.000187644553225942,0.0171134042217396,TRUE,TRUE,FALSE,FALSE
"Acidaminococcus_intestini",0.496821280136795,-0.507772221952055,0.113278034855836,0.192691070015251,4.38585715906069,-2.63516218946662,0.00321152166603332,0.0336591913515703,0.0197335905404136,0.0924959512041865,TRUE,FALSE,FALSE,TRUE
"Megasphaera_massiliensis",-0.104665799134435,0.538288318261267,0.1988229330193,0.243328285688524,-0.526427196023084,2.21218966277644,0.617475374730862,0.0689351389461962,0.938814600356107,0.149582558781309,FALSE,FALSE,TRUE,TRUE
"Bilophila_SGB15451",0.853191091034165,-1.27905063465388,NA,0.153285647691478,NA,-8.34422957345789,1,1,1,1,FALSE,FALSE,TRUE,TRUE
"Collinsella_intestinalis",-0.258492909593438,1.05948853783828,NA,0.153285647691478,NA,6.91185739692171,1,1,1,1,FALSE,FALSE,TRUE,TRUE
"Blautia_SGB4793",0.263780022455561,-2.65253697201469,0.0567070578147211,0.155625636240029,4.65162596369237,-17.0443445957937,0.134807864101842,0.0373080238250904,0.284241109686431,0.0971407306530599,FALSE,FALSE,TRUE,TRUE
"Bifidobacterium_bifidum",-0.0267635125481113,0.310867448001236,0.0872444499361124,0.168021716732868,-0.306764643111508,1.8501623126222,0.774328450874623,0.137963531336855,1,0.258032211328763,FALSE,FALSE,TRUE,TRUE
"GGB3550_SGB4746",0.168677650364312,-0.391665195525074,0.20747690455996,0.334036022458263,0.812994828133103,-1.17252382734863,0.43514970562257,0.268161468510177,0.717756156506601,0.42506445540443,FALSE,FALSE,TRUE,TRUE
"Collinsella_stercoris",-0.753656095981743,0.839219038289264,NA,0.162195418824389,NA,5.17412294608579,1,0.0353825198457104,1,0.0941427760180509,FALSE,FALSE,TRUE,TRUE
"GGB74511_SGB47635",-0.909404536714381,1.14590496790092,0.0353974644092042,0.166125981928229,-25.6912338748736,6.89780704138127,0.000129345755378508,0.00624333226872139,0.00198036944167859,0.033211027076563,TRUE,TRUE,FALSE,FALSE
"GGB3606_SGB4870",-0.582735350153537,1.70797341895848,NA,0.153285647691478,NA,11.142422299028,1,1,1,1,FALSE,FALSE,TRUE,TRUE
"GGB79118_SGB105839",-0.0636578319069429,0.853155489458534,NA,0.153285647691478,NA,5.5657884629597,1,1,1,1,FALSE,FALSE,TRUE,TRUE
"GGB9575_SGB14988",0.789295806025161,-0.60164042969078,0.035092273444885,0.18069738126082,22.4920111620813,-3.32954703323767,0.0282856340970026,0.185746392390852,0.0936568773434085,0.321816424026011,FALSE,FALSE,TRUE,TRUE
"GGB3511_SGB4688",-1.72145404723731,2.15513515083232,0.075687107470751,0.161916145441568,-22.7443497943499,13.3101930320473,0.00192750661043488,0.00559722893638176,0.0136761183311808,0.0328909984301582,TRUE,TRUE,FALSE,FALSE
"Collinsella_sp_AF08_23",0.303473861627769,0.0812520393659833,0.035092273444885,0.226239329341603,8.64788262021259,0.359141974131736,0.0732901714557552,0.780496183194276,0.184048913711925,1,FALSE,FALSE,TRUE,TRUE
"Clostridiaceae_unclassified_SGB15090",1.38140780763837,-2.82355902885807,0.231839740075432,0.316820307515728,5.95845995681719,-8.91217817127425,0.00945573695693445,0.00297973101462201,0.0406414848052856,0.0225752502294243,TRUE,TRUE,FALSE,FALSE
"Eubacterium_ventriosum",0.275760004970704,-0.14832074725443,0.171289942901867,0.236762781008222,1.60990190258098,-0.626452969604538,0.14187973315271,0.546576610695451,0.294977863810518,0.74487727128313,FALSE,FALSE,TRUE,TRUE
"GGB9522_SGB14921",-0.141954948828544,0.590294459144,0.0645746007571856,0.158730352601546,-2.19830935327538,3.71885055044128,0.0928274898755383,0.0204950636902791,0.212462213661213,0.069362367994411,FALSE,FALSE,TRUE,TRUE
"GGB3057_SGB71294",-0.179299528319164,0.293919123405522,0.035092273444885,0.169550664831113,-5.10937339527936,1.73351796466437,0.12304305048208,0.333099976290934,0.264424247911009,0.508176414341459,FALSE,FALSE,TRUE,TRUE
"Pseudoflavonifractor_capillosus",2.10155544301769,-2.87880405684582,0.0449048881753462,0.23388324857042,46.8001486789469,-12.308722725728,8.41289677451585e-08,6.26622923236115e-05,1.25352161940286e-05,0.00350125558358179,TRUE,TRUE,FALSE,FALSE
"Bacteroidales_bacterium",0.416477484109976,-0.382837389792218,0.0562562686001621,0.251901513846508,7.40321913403222,-1.51978995261416,0.0177609881926368,0.267922683413826,0.0661596810175722,0.42506445540443,FALSE,FALSE,TRUE,TRUE
"Alistipes_timonensis",0.10293832551576,-0.169398119946827,NA,0.153285647691478,NA,-1.10511403055672,1,1,1,1,FALSE,FALSE,TRUE,TRUE
"Eubacteriaceae_bacterium",2.15350464211046,-2.98476845815308,0.035092273444885,0.158138560526755,61.3669172928537,-18.8743874246161,0.0103730716793505,0.0336977873326872,0.0437430475534874,0.0924959512041865,TRUE,FALSE,FALSE,TRUE
"GGB9345_SGB14311",1.59197505407816,-3.92019191152971,0.136341656291342,0.196530400606607,11.6763658105806,-19.9470000540869,0.0543893636967306,0.0318888672000908,0.153732897382183,0.0897096455139646,FALSE,FALSE,TRUE,TRUE
"Oscillospiraceae_unclassified_SGB15256",1.35878080124318,-2.89729372977725,0.210434776711033,0.256861776855617,6.45701638521966,-11.2795829930189,0.00753514305332397,0.00149429936144899,0.0366109667916936,0.0171134042217396,TRUE,TRUE,FALSE,FALSE
"Desulfovibrio_piger",0.143494926548185,0.283197515812095,0.0507620876131875,0.156345189076989,2.8268129483096,1.81136060203707,0.105674968436365,0.211783151325799,0.237370406487714,0.351922188262573,FALSE,FALSE,TRUE,TRUE
"GGB9602_SGB15028",1.20179407837842,-1.9387920403621,0.122727730762187,0.186928295341624,9.7923596477732,-10.3718489317993,0.0102682342951079,0.00916817617393123,0.043713340284888,0.0417757254965034,TRUE,TRUE,FALSE,FALSE
"Eubacteriales_bacterium",0.111752106958727,0.720217887080436,0.153067020987475,0.208520342873158,0.730086116772804,3.45394543840041,0.598525968553054,0.179411080180455,0.916236671038408,0.314497069963387,FALSE,FALSE,TRUE,TRUE
"GGB9350_SGB14317",1.02923547318231,-1.24454242748217,NA,0.153285647691478,NA,-8.11910603650967,1,1,1,1,FALSE,FALSE,TRUE,TRUE
"GGB9819_SGB15460",0.600041168573968,-0.583968650744325,0.0813143811278531,0.164379232959523,7.37927486197681,-3.55256950790202,0.0857489602240369,0.174679876487524,0.202999208085144,0.309848828531442,FALSE,FALSE,TRUE,TRUE
"GGB3619_SGB4894",2.63246441897501,-3.4846948956781,0.035092273444885,0.155220585501689,75.0154994406246,-22.4499532997844,0.00848600717326946,0.0283385546472942,0.0387513546066392,0.0830859344759795,TRUE,FALSE,FALSE,TRUE
"GGB9209_SGB14148",1.50464128957856,-2.35603470729562,NA,0.153285647691478,NA,-15.3702237801002,1,1,1,1,FALSE,FALSE,TRUE,TRUE
"GGB1661_SGB2275",0.452824185202662,-0.203976849170346,NA,0.152866262489119,NA,-1.33434837647624,1,0.409433011943482,1,0.594209598502391,FALSE,FALSE,TRUE,TRUE
"Sanguibacteroides_justesenii",1.55426642398946,-2.29460432909647,NA,0.153285647691478,NA,-14.9694662458868,1,1,1,1,FALSE,FALSE,TRUE,TRUE
"GGB9790_SGB15413",0.956818121778646,-1.09970772467484,NA,0.153285647691478,NA,-7.17423804013437,1,1,1,1,FALSE,FALSE,TRUE,TRUE
"GGB3497_SGB4672",1.06356559099774,-1.44160914217805,NA,0.153285647691478,NA,-9.40472355950513,1,1,1,1,FALSE,FALSE,TRUE,TRUE
"Parabacteroides_goldsteinii",1.32871198203595,-1.32655896879645,0.035092273444885,0.15714240547911,37.8633770799373,-8.44176315585798,0.000696798486367508,0.0137438331436235,0.00691485240665967,0.054367198364599,TRUE,FALSE,FALSE,TRUE
"GGB74220_SGB4052",1.36632062346632,-1.56160570545753,NA,0.153285647691478,NA,-10.1875532965788,1,1,1,1,FALSE,FALSE,TRUE,TRUE
"GGB6610_SGB9344",-0.801488056442585,2.26598276100413,NA,0.153285647691478,NA,14.7827457764665,1,1,1,1,FALSE,FALSE,TRUE,TRUE
"GGB3486_SGB4658",-0.247783224348228,2.05222850927758,0.171279462933694,0.221929333392292,-1.44666044664181,9.24721612014204,0.284919487217273,0.0114931806958259,0.528460625668552,0.0476626054750406,FALSE,TRUE,TRUE,FALSE
"Clostridium_sp_AM33_3",0.0358542842876631,0.231235981386021,NA,0.176031795914463,NA,1.31360348955585,1,0.259256846546615,1,0.417343419121548,FALSE,FALSE,TRUE,TRUE
"GGB9110_SGB14043",0.473233815780083,-0.212351082172567,0.143573687650114,0.20113713379057,3.2961040670164,-1.05575275022897,0.0810163150086737,0.401781120790103,0.197892310431023,0.58865523570217,FALSE,FALSE,TRUE,TRUE
"GGB45495_SGB63167",-1.83604857614978,3.43237078868312,NA,0.153285647691478,NA,22.3919906421477,1,1,1,1,FALSE,FALSE,TRUE,TRUE
"Cuneatibacter_sp_NSJ_177",-0.727572177900756,0.914904719235564,NA,0.151928939433923,NA,6.02192526746016,1,0.0264852436266333,1,0.0792137441045936,FALSE,FALSE,TRUE,TRUE
"GGB9293_SGB14250",-1.36809903054663,3.30056756535765,NA,0.153285647691478,NA,21.5321369943309,1,1,1,1,FALSE,FALSE,TRUE,TRUE
"Negativibacillus_massiliensis",0.443178591956987,-0.762743956023531,0.035092273444885,0.154727696262364,12.6289507191101,-4.92958904222412,0.00621161074992669,0.0387732708293906,0.0318450362010414,0.0979189381962575,TRUE,FALSE,FALSE,TRUE
"Flavonifractor_sp_An10",-0.319731855918341,0.648626341978725,0.121763077578719,0.186235035940216,-2.6258522885284,3.48283736571964,0.119569926078058,0.0734695109582352,0.259840926837393,0.157888804799669,FALSE,FALSE,TRUE,TRUE
"GGB9580_SGB14996",-1.44102171712417,2.75426798037477,NA,0.153285647691478,NA,17.9682052550566,1,1,1,1,FALSE,FALSE,TRUE,TRUE
"GGB3569_SGB4776",-2.34082770432653,4.70492389413094,NA,0.153285647691478,NA,30.6938318426306,1,1,1,1,FALSE,FALSE,TRUE,TRUE
"GGB3532_SGB4720",1.01585417040271,-1.75287891595124,0.0529322585982557,0.167695644471101,19.1915893503207,-10.4527396729932,0.000308964981088244,0.00186918708417055,0.0038166846641523,0.0181636223179182,TRUE,TRUE,FALSE,FALSE
"Enterocloster_citroniae",-0.98602697713993,1.00720136339311,0.210393551845215,0.258103628932192,-4.68658363572541,3.90231384022005,0.00224345931871091,0.005881328070342,0.0151905769055002,0.0328909984301582,TRUE,TRUE,FALSE,FALSE
"GGB9117_SGB14050",0.73281147578699,-0.709332117353455,NA,0.191130726192352,NA,-3.71124063348973,1,0.167558766271096,1,0.302011163399919,FALSE,FALSE,TRUE,TRUE
"GGB9469_SGB14863",-0.350735082903292,1.37692418803174,NA,0.153285647691478,NA,8.98273392694342,1,1,1,1,FALSE,FALSE,TRUE,TRUE
"GGB3446_SGB4597",-0.833892990465008,1.03251450742666,NA,0.153285647691478,NA,6.73588508106662,1,1,1,1,FALSE,FALSE,TRUE,TRUE
"GGB9453_SGB14844",0.219897993108934,-0.706394765849754,0.0883068159219694,0.184723804918155,2.49015878121166,-3.82405920104739,0.0551503639826076,0.0123220327706938,0.153970310188128,0.0496211589954968,FALSE,TRUE,TRUE,FALSE
"GGB9491_SGB14888",1.74679140698194,-2.84891197263492,NA,0.194079418503337,NA,-14.6791040214598,1,0.00460882717597759,1,0.030748443994955,FALSE,TRUE,TRUE,FALSE
"Streptococcus_lutetiensis",-0.174807913778401,0.979016008519122,NA,0.153285647691478,NA,6.38687328698648,1,1,1,1,FALSE,FALSE,TRUE,TRUE
"Ligilactobacillus_salivarius",0.573561790920668,-0.0245436749761175,NA,0.153285647691478,NA,-0.160117240888183,1,1,1,1,FALSE,FALSE,TRUE,TRUE
"Streptococcus_vestibularis",-0.0745467627101519,-0.159390940098896,0.17298698308264,0.240503258091359,-0.43093856764089,-0.662739213446948,0.684458803103852,0.536822091384234,1,0.736072008738505,FALSE,FALSE,TRUE,TRUE
"Collinsella_tanakaei",-0.641262741756572,1.02074375619137,0.035092273444885,0.158866891762271,-18.2736163493004,6.42515092269076,0.00035754843731232,0.00764166587760603,0.00420589872312124,0.0375422210961861,TRUE,TRUE,FALSE,FALSE
"Eubacterium_callanderi",1.738619643352,-2.23978424992781,NA,0.153285647691478,NA,-14.6118327688178,1,1,1,1,FALSE,FALSE,TRUE,TRUE
"Bifidobacterium_dentium",-0.0469864517553942,0.164617819492112,0.0550485762758941,0.204936319011915,-0.853545267363612,0.80326327849453,0.426114273352611,0.452460829034452,0.705455852550433,0.643588688937815,FALSE,FALSE,TRUE,TRUE
"Hydrogeniiclostridium_mannosilyticum",-1.30107601677119,1.99060271825148,0.0867886439171894,0.168643783577702,-14.9913163525476,11.8035938000307,0.00442011498223779,0.00710111047556856,0.0250100176843075,0.0360704134383994,TRUE,TRUE,FALSE,FALSE
"Alistipes_dispar",0.411919039502277,-0.386871130690654,0.0869820873961328,0.190487556208881,4.73567664140227,-2.030952249009,0.00906604391694552,0.112091168005594,0.0401239765433133,0.219757684642546,TRUE,FALSE,FALSE,TRUE
"Coprococcus_eutactus",-0.875284820666201,1.78545366079742,0.12523623064428,0.19310191084345,-6.98907030468168,9.24617293013173,0.00092336280117846,0.000248627937510301,0.0084233300434035,0.00740911253780697,TRUE,TRUE,FALSE,FALSE
"Desulfovibrio_legallii",0.0702456237771519,0.32986793107546,NA,0.153285647691478,NA,2.1519818459416,1,1,1,1,FALSE,FALSE,TRUE,TRUE
"Colidextribacter_sp_210702_DFI_3_9",2.48996316682205,-2.8323936248728,0.035092273444885,0.186421027736569,70.9547408130373,-15.1935307902886,0.000198567329008903,0.00430399458863004,0.00277373737709312,0.0292770558249015,TRUE,TRUE,FALSE,FALSE
"Phocaeicola_coprophilus",-0.639755206401434,1.57499693421468,NA,0.153629919325575,NA,10.2518893528605,1,0.0619019705257678,1,0.140026169453456,FALSE,FALSE,TRUE,TRUE
"GGB9715_SGB15265",0.130346397677849,0.160255139649365,0.0957981485938802,0.170891778325839,1.3606358743991,0.93775804324423,0.306675492196488,0.447362258956398,0.546151175345938,0.640932467158686,FALSE,FALSE,TRUE,TRUE
"Clostridium_SGB6179",1.54597345479849,-2.1901009897261,0.0811588660511421,0.195221557229296,19.0487315806544,-11.2185407227017,0.00031592244423632,0.00151836601331461,0.0038166846641523,0.0171134042217396,TRUE,TRUE,FALSE,FALSE
"Bacteroides_nordii",0.086622540049565,-0.9666176035363,0.0449480135237446,0.153287335270496,1.9271717092415,-6.30591954534648,0.304717538567002,0.10012216360466,0.5448349589578,0.203430032414923,FALSE,FALSE,TRUE,TRUE
"GGB2848_SGB3813",1.57139976207445,-2.00625339057413,0.035092273444885,0.207253306025327,44.7790811998102,-9.6801996988601,2.45169276036166e-05,0.00234088360495481,0.000608837035489813,0.0194037383614917,TRUE,TRUE,FALSE,FALSE
"GGB4552_SGB6276",-0.620403209195424,1.52757832710866,0.101448126830861,0.175690778176083,-6.11547229679052,8.69469839548249,0.0257119049752994,0.0129710911836315,0.088409396338145,0.0517685514203862,FALSE,FALSE,TRUE,TRUE
"Clostridium_sp_1001270J_160509_D11",-0.369315943194382,1.56741670033239,0.0977415650532087,0.172488758432627,-3.77849426693069,9.0870658156231,0.164708803704468,0.0697770244105516,0.337728602091271,0.150677922277858,FALSE,FALSE,TRUE,TRUE
"GGB9551_SGB14958",-0.362749944477739,1.39272304250047,NA,0.153285647691478,NA,9.08580198782625,1,1,1,1,FALSE,FALSE,TRUE,TRUE
"Clostridiales_bacterium_Marseille_P2846",-0.544220764583037,0.77631888262459,NA,0.153285647691478,NA,5.06452426770644,1,1,1,1,FALSE,FALSE,TRUE,TRUE
"GGB3033_SGB4028",0.615360453964086,-0.724178401404143,NA,0.153285647691478,NA,-4.72437186592782,1,1,1,1,FALSE,FALSE,TRUE,TRUE
"Clostridiaceae_bacterium_Marseille_Q4143",-0.523302524473437,0.778219463463465,0.0569902408502745,0.179612757801332,-9.1823181770413,4.33276273350386,9.40053366453906e-05,0.00491386978822166,0.00166069340434362,0.0309366168357054,TRUE,TRUE,FALSE,FALSE
"Haemophilus_parainfluenzae",-0.636758469110569,1.78237632945565,0.0616174946421502,0.1772802515455,-10.3340532231732,10.0540038380879,0.00923443430369769,0.00974843727417594,0.040182863105855,0.0431440738767985,TRUE,TRUE,FALSE,FALSE
"Enterococcus_faecalis",-0.242527799323514,-0.0737283619629552,NA,0.153285647691478,NA,-0.480986726894028,1,1,1,1,FALSE,FALSE,TRUE,TRUE
"GGB9580_SGB14998",-0.161544647024489,-0.801527569470295,0.11361595097623,0.181649625030322,-1.42184830242969,-4.41249228748201,0.390212223395295,0.141880063827364,0.656253356684195,0.263155139132082,FALSE,FALSE,TRUE,TRUE
"Drancourtella_massiliensis",1.51773946583501,-3.59426289228001,NA,0.153285647691478,NA,-23.4481371635932,1,1,1,1,FALSE,FALSE,TRUE,TRUE
"Lacticaseibacillus_rhamnosus",0.0374842241674134,-1.59878597090051,NA,0.153285647691478,NA,-10.4301087217143,1,1,1,1,FALSE,FALSE,TRUE,TRUE
"Faecalicatena_contorta",-1.77416805176064,1.14103200874043,0.035092273444885,0.186148719273029,-50.5572274918895,6.12967960884462,0.000391001773907103,0.0255973855146,0.00448148187016603,0.0778369477892938,TRUE,FALSE,FALSE,TRUE
"Paraprevotella_xylaniphila",0.697489593185615,-0.960753625693748,NA,0.153285647691478,NA,-6.26773373869602,1,1,1,1,FALSE,FALSE,TRUE,TRUE
"GGB9621_SGB15073",0.667436680319169,-0.871220371401242,NA,0.164503940554433,NA,-5.29604560513832,1,0.0338529878856637,1,0.0924959512041865,FALSE,FALSE,TRUE,TRUE
"GGB9537_SGB14940",0.810471274174906,-1.5534607179345,NA,0.153285647691478,NA,-10.1344172877894,1,1,1,1,FALSE,FALSE,TRUE,TRUE
"Faecalitalea_cylindroides",-0.239501990878271,0.100372280312765,0.168629020716136,0.220298520938625,-1.42028928271748,0.4556194017332,0.390540928066347,0.727834106956568,0.656253356684195,0.951291946811655,FALSE,FALSE,TRUE,TRUE
"GGB3033_SGB4029",1.25801352160007,-3.90471092441609,0.0833736690253914,0.165308306327979,15.0888588244442,-23.6207787203928,0.0421297702936715,0.0269355997847636,0.12708100648683,0.0797365106211215,FALSE,FALSE,TRUE,TRUE
"GGB3363_SGB4448",-0.0823406824963859,-0.1052877446952,0.235830342592479,0.275859391975571,-0.349152198106555,-0.381671778296835,0.786147106402371,0.767883954087757,1,0.994910514426746,FALSE,FALSE,TRUE,TRUE
"Veillonella_atypica",0.673033403754346,-3.03312990497622,0.159840671615768,0.21313156104499,4.21065175058958,-14.2312564601165,0.0520393417283287,0.00490130170103728,0.149112729183096,0.0309366168357054,FALSE,TRUE,TRUE,FALSE
"GGB3740_SGB5077",-1.33826662037018,3.15320638222541,NA,0.153285647691478,NA,20.5707868265133,1,1,1,1,FALSE,FALSE,TRUE,TRUE
"Streptococcus_australis",-0.258578364581573,0.992441052045022,NA,0.153285647691478,NA,6.47445515605306,1,1,1,1,FALSE,FALSE,TRUE,TRUE
"GGB9614_SGB15049",0.0654692624390057,-0.054547181707785,0.134278207623687,0.196552309337323,0.487564315890202,-0.27751992277115,0.651374227915339,0.795133566665902,0.980351110700863,1,FALSE,FALSE,TRUE,TRUE
"GGB58485_SGB80143",-0.445696314183773,1.61762478447065,NA,0.153285647691478,NA,10.5530087704394,1,1,1,1,FALSE,FALSE,TRUE,TRUE
"GGB4456_SGB6141",-0.369222534878802,0.225280578326962,0.035092273444885,0.182372563184586,-10.5214766281442,1.2352767016766,0.0603254838992996,0.433237656552338,0.163503415051788,0.626722435206781,FALSE,FALSE,TRUE,TRUE
"GGB9760_SGB15374",-0.217659041097498,0.591197760703689,NA,0.153285647691478,NA,3.85683702034262,1,1,1,1,FALSE,FALSE,TRUE,TRUE
"Enteroscipio_rubneri",-0.298422882035632,-0.150007569155448,NA,0.153285647691478,NA,-0.978614576215069,1,1,1,1,FALSE,FALSE,TRUE,TRUE
"GGB2982_SGB3964",1.31265062372078,-2.1408654803072,0.0865722376954687,0.193184117086088,15.1624892536362,-11.0819953141033,0.000622873902739856,0.00157409350696086,0.00647499150057478,0.0171134042217396,TRUE,TRUE,FALSE,FALSE
"Intestinimonas_sp_MSJ_38",0.198998247690306,-0.09119494610843,NA,0.153285647691478,NA,-0.594934669239096,1,1,1,1,FALSE,FALSE,TRUE,TRUE
"GGB3352_SGB62935",-1.3934957062416,2.04013807925649,NA,0.153285647691478,NA,13.3093874735274,1,1,1,1,FALSE,FALSE,TRUE,TRUE
"Klebsiella_variicola",1.93727153775093,-3.89113321891884,NA,0.153285647691478,NA,-25.3848502943382,1,1,1,1,FALSE,FALSE,TRUE,TRUE
"GGB3353_SGB4437",0.0396051754474669,-0.670268479460851,NA,0.153285647691478,NA,-4.37267604342135,1,1,1,1,FALSE,FALSE,TRUE,TRUE
"Bariatricus_massiliensis",-0.175330726519412,-0.426862007028351,0.035092273444885,0.208856254074767,-4.9962772230982,-2.04380763659364,0.125757135274371,0.28968566546617,0.267683045084018,0.451182900569262,FALSE,FALSE,TRUE,TRUE
"GGB3277_SGB4327",-0.483406374093113,0.89300941550756,NA,0.153285647691478,NA,5.82578622954279,1,1,1,1,FALSE,FALSE,TRUE,TRUE
"Clostridiaceae_bacterium_Marseille_Q4145",0.235523102352309,-0.901278953581483,0.0530835872506273,0.154758618766651,4.43683470825582,-5.82377227688013,0.141126966514854,0.108258252694508,0.294783897346448,0.214918019179882,FALSE,FALSE,TRUE,TRUE
"Clostridiaceae_unclassified_SGB4771",-0.889717455056517,1.70563157743437,NA,0.153285647691478,NA,11.1271446682819,1,1,1,1,FALSE,FALSE,TRUE,TRUE
"GGB74505_SGB47518",-0.970850546460512,1.22715862970088,0.200012469786179,0.245082340502601,-4.85395009370359,5.00712791947512,0.0399191262744435,0.0376481396951888,0.124717897060923,0.0971407306530599,FALSE,FALSE,TRUE,TRUE
"Peptacetobacter_hiranonis",-0.0935184753117807,-0.722527428271359,NA,0.153285647691478,NA,-4.71360130027051,1,1,1,1,FALSE,FALSE,TRUE,TRUE
"Clostridium_hylemonae",0.177844690667187,-1.83972174537823,NA,0.153285647691478,NA,-12.0019178121691,1,1,1,1,FALSE,FALSE,TRUE,TRUE
"Anaerovorax_odorimutans",-1.52932302272398,1.21575570127286,NA,0.153909100757809,NA,7.89918006983858,1,0.0801666998271001,1,0.170341573582785,FALSE,FALSE,TRUE,TRUE
"Guopingia_tenuis",-0.532019789651544,-0.678886101415895,0.0803446510432483,0.162674258107159,-6.62172008644565,-4.1732853698874,0.00701459880175714,0.025051507933199,0.0348391740487271,0.0772277520423445,TRUE,FALSE,FALSE,TRUE
"Oscillospiraceae_bacterium_Marseille_Q3528",-0.692445603998136,0.791533677781329,0.143875916794213,0.206881027627536,-4.81279716179705,3.82603318853572,0.0405635647000923,0.0620250146572354,0.124717897060923,0.140026169453456,FALSE,FALSE,TRUE,TRUE
"GGB6613_SGB9347",-0.42562701218764,0.571034206099042,NA,0.153285647691478,NA,3.72529466847658,1,1,1,1,FALSE,FALSE,TRUE,TRUE
"GGB51441_SGB71759",-0.890625408176018,1.12499780931847,0.035092273444885,0.187171153912963,-25.379530043125,6.01052985889912,0.00154889835470042,0.0265817933236891,0.0115392927425181,0.0792137441045936,TRUE,FALSE,FALSE,TRUE
"GGB3321_SGB4395",0.128202043343423,-0.322320524239548,NA,0.153285647691478,NA,-2.10274431490344,1,1,1,1,FALSE,FALSE,TRUE,TRUE
"Clostridium_SGB48024",1.53152618961528,-3.12896881678326,NA,0.153285647691478,NA,-20.4126665732008,1,1,1,1,FALSE,FALSE,TRUE,TRUE
"Lachnoclostridium_edouardi",-0.689906072341408,0.0120125441056459,NA,0.153285647691478,NA,0.0783670505788241,1,1,1,1,FALSE,FALSE,TRUE,TRUE
"Cuneatibacter_caecimuris",-1.14076907337244,0.225063254543486,NA,0.153285647691478,NA,1.468260453167,1,1,1,1,FALSE,FALSE,TRUE,TRUE
"Lactonifactor_longoviformis",0.727826986809231,-3.51212886581986,NA,0.153285647691478,NA,-22.912313831813,1,1,1,1,FALSE,FALSE,TRUE,TRUE
"Lactobacillus_acidophilus",-2.22461887159739,3.61822269277534,NA,0.153285647691478,NA,23.6044453428401,1,1,1,1,FALSE,FALSE,TRUE,TRUE
"Bifidobacterium_animalis",0.868378102611349,-2.56777125564213,NA,0.153285647691478,NA,-16.7515438941182,1,1,1,1,FALSE,FALSE,TRUE,TRUE
"GGB45613_SGB63326",-0.378946823842912,-0.651829633945606,NA,0.153285647691478,NA,-4.25238529348527,1,1,1,1,FALSE,FALSE,TRUE,TRUE
"Anaerobutyricum",-0.259711736870285,0.548405537104132,0.183901805710899,0.321041072862903,-1.41223048825612,1.70820989418485,0.167842636071193,0.0975940592444519,0.350715955969657,0.208597989224783,FALSE,FALSE,TRUE,TRUE
"Blautia",-0.15274836148733,0.242644385840613,0.23820890100435,0.325464823927149,-0.641237001821947,0.74553183017691,0.525217636198517,0.460537196470823,0.826185045705533,0.647992035235329,FALSE,FALSE,TRUE,TRUE
"Bifidobacterium",0.120068786872341,-0.165966736866932,0.335634616262166,0.466972922638541,0.357736601216826,-0.355409765365342,0.723223096581378,0.724946149204756,1,0.925213646739878,FALSE,FALSE,TRUE,TRUE
"Firmicutes_unclassified",-0.69066836475752,0.661403089060799,0.123184648276051,0.229383845821953,-5.60677303887548,2.88339000809228,0.000225557856302012,0.0162906220508821,0.00315780998822816,0.0633524190867637,TRUE,FALSE,FALSE,TRUE
"Collinsella",-0.570764324929154,1.1800419336756,0.355888350733087,0.417233275744052,-1.60377355356939,2.82825460546318,0.119986080317777,0.008551535337643,0.266635734039505,0.0410395611889567,FALSE,TRUE,TRUE,FALSE
"Gemmiger",-0.848260070132556,1.40553992621746,0.452652337986058,0.521590090516104,-1.87397699944871,2.69472129891637,0.0731590483461118,0.0126589092972663,0.199177592485175,0.0537044636853723,FALSE,FALSE,TRUE,TRUE
"Evtepia",-0.474904473358918,0.643756175803391,0.0942722317836994,0.208819820568926,-5.03758598235535,3.08283080623998,3.38181531301075e-05,0.00494420621332684,0.00094690828764301,0.0314631304484435,TRUE,TRUE,FALSE,FALSE
"Dorea",-0.460267303089443,0.857756161323883,0.281990265787111,0.352343313666638,-1.63220989846835,2.43443291827422,0.114245472065667,0.021805610498361,0.259703996501134,0.0755626708477727,FALSE,FALSE,TRUE,TRUE
"Fusicatenibacter",-0.108741244780665,0.227632266309277,0.198105814820458,0.297776372498583,-0.548904861168341,0.764440322780679,0.587272536432137,0.450780713057572,0.912055841752293,0.63746767503091,FALSE,FALSE,TRUE,TRUE
"Clostridium",0.0448598156180039,-0.0542323453639819,0.391988780076613,0.557612266344894,0.114441580723908,-0.0972581642069512,0.909506535504956,0.923046320143498,1,1,FALSE,FALSE,TRUE,TRUE
"GGB3493",-1.6166664593627,2.40451176651519,NA,0.153372109957021,NA,15.6776337444207,1,0.0405519424975174,1,0.102293188282026,FALSE,FALSE,TRUE,TRUE
"Eggerthella",-0.75368790173502,0.876972917546045,0.190165927040551,0.310039152326796,-3.96331726437147,2.82858765083216,0.00100392924622936,0.0115861786855312,0.00965036211168035,0.050689531749199,TRUE,FALSE,FALSE,TRUE
"GGB3600",-0.512917810630555,0.556302542406107,0.234339236141873,0.280460958830202,-2.18878331719075,1.98352934656729,0.116386912563532,0.141570895679284,0.260706684142313,0.275406894295342,FALSE,FALSE,TRUE,TRUE
"Streptococcus",-0.830788404623644,1.24907683528072,0.479765048530676,0.567539280262601,-1.73165679152329,2.20086411411518,0.0947473809055421,0.0364790808163489,0.222935013895393,0.0982129098901702,FALSE,FALSE,TRUE,TRUE
"Anaerostipes",-0.182339676550441,0.231714610943903,0.388127331670649,0.492883103729934,-0.469793445788992,0.470120824167807,0.642274864756406,0.642043957967086,0.97737479419453,0.840057515097122,FALSE,FALSE,TRUE,TRUE
"Mediterraneibacter",-0.155610335207432,0.287425091188794,0.220265929074812,0.306432509344528,-0.706465751925622,0.937971926684962,0.484323867705486,0.354341652786727,0.788434203241489,0.533417541829481,FALSE,FALSE,TRUE,TRUE
"Turicibacter",-1.00368540063478,0.763808371070353,NA,0.2475190446387,NA,3.08585697793588,1,0.0272874773881403,1,0.0858482434683065,FALSE,FALSE,TRUE,TRUE
"Intestinibacter",-0.0236050186366968,-0.488297372380671,0.207906195932799,0.308135478105535,-0.113536869504007,-1.58468403373347,0.911851991405406,0.144120991848215,1,0.278302604948276,FALSE,FALSE,TRUE,TRUE
"Coprococcus",-0.469037254010691,1.01475479589302,0.344592723860889,0.426563498789281,-1.36113510684584,2.37890677184805,0.185614784883127,0.0253156217254015,0.382148086524085,0.0814755641737059,FALSE,FALSE,TRUE,TRUE
"Lachnoclostridium",-0.393404299373108,0.251802292622374,0.323171902901248,0.384751981863588,-1.21732209960506,0.654453529784934,0.237650767639707,0.520275436154129,0.465330174399427,0.721173871896812,FALSE,FALSE,TRUE,TRUE
"Romboutsia",0.249840171284574,-0.404936035076327,0.120584071503606,0.193276449833991,2.07191686405366,-2.09511316781809,0.0836652355084891,0.0810233249022305,0.212966054021609,0.18444334124085,FALSE,FALSE,TRUE,TRUE
"GGB3433",-0.447658262618318,0.644987003872133,0.260092564434855,0.354652336267751,-1.72114978984892,1.81864586219781,0.104498815159051,0.0877331434701178,0.241815440037474,0.194962541044706,FALSE,FALSE,TRUE,TRUE
"Erysipelatoclostridium",-0.790007560781977,0.765574795030167,0.318279076688463,0.384283219267084,-2.48212219603505,1.99221500353384,0.0288456774653716,0.069598656401979,0.100959871128801,0.162396864937951,FALSE,FALSE,TRUE,TRUE
"Tyzzerella",-0.612520612198665,-0.330293933917973,0.035092273444885,0.155497281916766,-17.4545719632749,-2.12411387418831,0.0364331254426187,0.280114797536972,0.122906929204015,0.45336499023325,FALSE,FALSE,TRUE,TRUE
"Slackia",-0.877581348962958,1.56417759156178,0.139542022662831,0.215280948386286,-6.28901123988591,7.26575018963184,0.00326548654760711,0.0019058239593649,0.0179281614378429,0.0205242580239297,TRUE,TRUE,FALSE,FALSE
"GGB3537",-1.0212798792955,1.11086951946571,0.035092273444885,0.225316448422815,-29.1026992280651,4.93026375678141,8.97757919172119e-07,0.00435860713750213,8.37907391227311e-05,0.0297660975244048,TRUE,TRUE,FALSE,FALSE
"Vescimonas",0.61345017653621,-0.84504358234209,0.157981593278515,0.239692884217268,3.883048422323,-3.52552636304425,0.00165611313623259,0.00336037235604616,0.0118900430293622,0.0261362294359146,TRUE,TRUE,FALSE,FALSE
"Lachnospiraceae_unclassified",0.180172210818492,-0.266177153325337,0.222526515498432,0.413525940463942,0.809666256692728,-0.643677040010376,0.424725986831984,0.524843042573356,0.720747129169428,0.723921438032215,FALSE,FALSE,TRUE,TRUE
"Wansuia",-2.15831974392764,2.76286476760359,0.13690550391884,0.258852469139509,-15.7650326842019,10.6735113510335,4.12982508087697e-06,3.98940874144907e-05,0.000241761024895496,0.00346903146430087,TRUE,TRUE,FALSE,FALSE
"GGB9480",0.061684083552737,-0.179897287795524,0.142734325236165,0.258313391948483,0.432160123016491,-0.696430357088887,0.671773123659511,0.49681033681573,1,0.692074101036839,FALSE,FALSE,TRUE,TRUE
"Sellimonas",0.0265024185904763,-0.299310395559953,0.250918924197934,0.348023364337047,0.10562144196653,-0.860029602122009,0.917627754463171,0.406627066755599,1,0.589925278194652,FALSE,FALSE,TRUE,TRUE
"Frisingicoccus",-0.104961160994705,0.225292796943854,0.0805893010306208,0.193594117274247,-1.30242054034969,1.16373782486739,0.221968942562237,0.271544917284865,0.437685238855115,0.442511994801336,FALSE,FALSE,TRUE,TRUE
"Clostridiaceae_unclassified",0.17739706023523,-0.1827112747451,0.468381031797366,0.56507093220503,0.378745184352335,-0.323342193575805,0.707231964166005,0.748416518778639,1,0.943948762423509,FALSE,FALSE,TRUE,TRUE
"GGB45491",-1.02309847257266,1.65316876567011,NA,0.153923813513736,NA,10.7401754668883,1,1,1,1,FALSE,FALSE,TRUE,TRUE
"Rothia",-1.9108995894405,2.64551724493222,0.035092273444885,0.157463675750305,-54.4535705970064,16.8008096618252,0.0116897425451702,0.037847555319675,0.0488526554126514,0.0991932126459482,TRUE,FALSE,FALSE,TRUE
"Faecalibacterium",0.408025279112612,-0.630109936732936,0.226029792547907,0.469383319859102,1.80518361988113,-1.34242081061185,0.0814389361630424,0.189874605414173,0.211101554164427,0.331521623661324,FALSE,FALSE,TRUE,TRUE
"Gordonibacter",-1.30577219036892,1.49996533972877,0.169596709468554,0.233316009636522,-7.69927786016998,6.42890019448532,0.000589652115484754,0.00135253708693687,0.00660410369342924,0.0196639395466053,TRUE,TRUE,FALSE,FALSE
"GGB3005",-0.665262769126814,0.795166604182993,0.172805278333715,0.325360066342131,-3.84978268917274,2.4439588211383,0.00321336123959918,0.0346137397447982,0.0179281614378429,0.0947517609804422,TRUE,FALSE,FALSE,TRUE
"Phocaeicola",0.0653436894973435,0.00530844764238903,0.200732590531927,0.430142378571043,0.325526060936031,0.0123411407637257,0.746721125706181,0.990223523815738,1,1,FALSE,FALSE,TRUE,TRUE
"Phascolarctobacterium",0.0416579181187983,0.114174852207731,0.140152512938076,0.254637751164401,0.297232759124371,0.448381481872326,0.769209084271336,0.65847001684302,1,0.857542347516491,FALSE,FALSE,TRUE,TRUE
"Anaeromassilibacillus",-0.656065616925803,1.27640897360679,0.114460159070657,0.186694188440518,-5.73182513682169,6.83689719679441,0.000711595549678624,0.000244874272878365,0.00729225928876513,0.011427466067657,TRUE,TRUE,FALSE,FALSE
"GGB2980",0.652446592440747,-1.32282008333723,NA,0.194985278470443,NA,-6.78420490877081,1,0.006546454594785,1,0.0359413193439177,FALSE,TRUE,TRUE,FALSE
"Ruthenibacterium",-0.43517915357854,0.676011768816309,0.348069184185911,0.411884301059221,-1.250266249787,1.64126616886792,0.219052091620891,0.109216751732139,0.437025083031046,0.221599206413036,FALSE,FALSE,TRUE,TRUE
"Zhenpiania",-0.743179045913355,0.863646901164146,NA,0.153923813513736,NA,5.61087255733225,1,1,1,1,FALSE,FALSE,TRUE,TRUE
"Coprobacillus",-0.91821201699912,0.529891440432835,0.035092273444885,0.173750343238932,-26.1656463620472,3.04972888430015,0.0243185313234958,0.201713486402394,0.0907891836077175,0.348640593781915,FALSE,FALSE,TRUE,TRUE
"Faecalimonas",-1.33538450496067,1.90340315316021,0.161560927167481,0.277949217981818,-8.26551647340045,6.84802485497448,0.001169061433773,0.00237980545729808,0.0102292875455138,0.0214212960408668,TRUE,TRUE,FALSE,FALSE
"GGB32900",0.243781395175286,-0.350876370228982,0.205529808677575,0.306724318790029,1.18611211066575,-1.14394701930752,0.255318296159539,0.271828796806535,0.493028433963248,0.442511994801336,FALSE,FALSE,TRUE,TRUE
"Schaalia",1.00668815286833,-1.81082719022599,0.035092273444885,0.157260314474262,28.6868889942229,-11.514838923474,0.00121294852130935,0.00745769747713533,0.0102916844232309,0.0386262316004451,TRUE,TRUE,FALSE,FALSE
"GGB9719",0.172865695600035,-0.422715041047753,0.154933945029866,0.272658758693289,1.11573803640456,-1.55034462517766,0.286379117920936,0.147019468731169,0.534574353452414,0.280037083297464,FALSE,FALSE,TRUE,TRUE
"Bacteroides",0.121421793773743,-0.178390417255029,0.237804963259524,0.445753727612281,0.5105940267581,-0.400199496279242,0.612588934900177,0.691250574497259,0.937294545202457,0.896065559533484,FALSE,FALSE,TRUE,TRUE
"GGB9534",-0.6005480832604,1.43505492102811,0.25118561097353,0.327707125280223,-2.39085384283292,4.3790775675109,0.0481083980485032,0.00323809671618758,0.146416863625879,0.0261362294359146,FALSE,TRUE,TRUE,FALSE
"GGB9781",-1.23213201089625,1.46603264490091,NA,0.199008830312451,NA,7.36667133111223,1,0.00180930702213597,1,0.0205242580239297,FALSE,TRUE,TRUE,FALSE
"Enterocloster",-0.330982747319521,0.509151317085327,0.282569745936778,0.503683424318002,-1.17133115656895,1.01085581240782,0.24895383818242,0.31865062491992,0.484076907576928,0.498447904902668,FALSE,FALSE,TRUE,TRUE
"GGB9469",-0.0714017112122669,0.146399042358957,0.249195161055256,0.363033476316094,-0.286529284557152,0.403265957301104,0.780959349081655,0.696164903393634,1,0.898277294701463,FALSE,FALSE,TRUE,TRUE
"Parabacteroides",-0.201268869949107,0.521204426285206,0.181885613329756,0.23662207849193,-1.10656838803523,2.20268721163727,0.276482179861466,0.034709811671354,0.523074394332504,0.0947517609804422,FALSE,FALSE,TRUE,TRUE
"Alistipes",-0.0580757994784728,0.259158191594501,0.344492860803947,0.426873276030891,-0.168583463073634,0.607108025136122,0.867123198709879,0.547812509295326,1,0.744599527197531,FALSE,FALSE,TRUE,TRUE
"Dysosmobacter",-0.358905395820439,0.643709153265058,0.235867788995675,0.3074202696123,-1.52163802165891,2.09390602017514,0.137625300925418,0.0440300908013795,0.294160948542879,0.109101109950321,FALSE,FALSE,TRUE,TRUE
"Oscillospiraceae_unclassified",0.00717489258328279,0.0134914969808837,0.544739110192261,0.685664249588777,0.0131712455541341,0.019676535547792,0.989563894617962,0.984410063438243,1,1,FALSE,FALSE,TRUE,TRUE
"GGB3576",-1.40595000621979,2.14787237198167,NA,0.153923813513736,NA,13.9541265444934,1,1,1,1,FALSE,FALSE,TRUE,TRUE
"Flavonifractor",0.122970148245543,-0.203435449425181,0.181966965180886,0.37178679101176,0.675782816531027,-0.547183101560877,0.504926053144284,0.58874761854318,0.803291448184088,0.788752790392776,FALSE,FALSE,TRUE,TRUE
"GGB33512",-0.419885316384353,0.97794871034673,0.236179833253439,0.320409983904473,-1.77782036086792,3.05217926866566,0.113326660905491,0.0157687517591373,0.259703996501134,0.0626375583716167,FALSE,FALSE,TRUE,TRUE
"GGB3550",-0.464933806391114,0.567396759274816,0.256005074110614,0.396302735232402,-1.81611168452945,1.43172556944902,0.0881370032097443,0.171467307855119,0.214594442597638,0.311758741554761,FALSE,FALSE,TRUE,TRUE
"Eubacteriales_unclassified",-0.0685601440065955,0.202002879270357,0.274582978456559,0.356764412436007,-0.249688252316202,0.566208041578671,0.804247733735107,0.574765332985474,1,0.777460353796777,FALSE,FALSE,TRUE,TRUE
"Bilophila",0.0956022809437054,0.0830857765028915,0.130671044155898,0.23829482277338,0.731625598932589,0.348667988401521,0.47120010994104,0.730257914033975,0.771555735575971,0.925213646739878,FALSE,FALSE,TRUE,TRUE
"Anaerotignum",0.616384208170367,-0.732834378709866,0.31409487714061,0.408886792125729,1.96241407622332,-1.79226718207255,0.0673464685372483,0.0920180403037009,0.189697686923738,0.201289463164346,FALSE,FALSE,TRUE,TRUE
"Parasutterella",0.377165305547033,-0.423578161555353,0.162655107226263,0.325499332150513,2.31880395260122,-1.3013180664822,0.0317051508370288,0.208709179879829,0.109598052276149,0.354173153735468,FALSE,FALSE,TRUE,TRUE
"Roseburia",-0.295582528895421,0.708370174817634,0.343852197279104,0.414999058986124,-0.859620881397182,1.70691995434457,0.396392426182828,0.097524493468933,0.680919505099336,0.208597989224783,FALSE,FALSE,TRUE,TRUE
"Oliverpabstia",-0.407742056394012,0.793754785605002,0.197602078780673,0.291932600513354,-2.06345023751791,2.7189658990096,0.0546835138339309,0.0145855170637957,0.162887062484049,0.0600580114391588,FALSE,FALSE,TRUE,TRUE
"GGB9715",0.192354391282777,0.0719666818956193,0.27588179438493,0.32856668119133,0.697234812872033,0.219032196553465,0.495081377177935,0.829233100640223,0.801287778091456,1,FALSE,FALSE,TRUE,TRUE
"GGB9699",0.064359101927367,0.171239271569139,0.262470001118169,0.323279414732489,0.245205553599214,0.529694325606343,0.809232829835473,0.603173578786935,1,0.804231438382579,FALSE,FALSE,TRUE,TRUE
"GGB2653",-1.29830930276735,1.51209152889867,NA,0.238533287929592,NA,6.33912164638838,1,0.000389262531919932,1,0.0140979587977609,FALSE,TRUE,TRUE,TRUE
"GGB40351",1.22355791597017,-1.57787885823341,NA,0.153923813513736,NA,-10.2510379792052,1,1,1,1,FALSE,FALSE,TRUE,TRUE
"Lachnospira",0.547164856338097,-0.933798033721614,0.205006431859702,0.305707443237188,2.66901312009837,-3.05454791624786,0.0134255068948551,0.00544942884966717,0.0552814989788153,0.0339049030611722,FALSE,TRUE,TRUE,FALSE
"Neglectibacter",-0.286029787661151,0.306997439673927,0.214558773150168,0.283494776443364,-1.33310693131602,1.0829033378513,0.215255612126741,0.307009419815975,0.436750517358605,0.48842407697996,FALSE,FALSE,TRUE,TRUE
"GGB9453",-0.0610310875670693,-0.0432191683415602,0.0883068159219694,0.197029192205548,-0.691125446318869,-0.219354136601607,0.509040866673661,0.831867421406853,0.805262387958334,1,FALSE,FALSE,TRUE,TRUE
"Odoribacter",0.15030597844134,-0.180996541913318,0.220669604233172,0.373981786612547,0.681135849967438,-0.4839715419105,0.501807558613563,0.632457639095553,0.802892093781701,0.839255892358313,FALSE,FALSE,TRUE,TRUE
"GGB9531",-0.1562579123747,0.237364464426236,0.199430698721579,0.2581493950054,-0.783519856152381,0.919484875884643,0.447362367267773,0.374588547119268,0.745603945446289,0.560881247023503,FALSE,FALSE,TRUE,TRUE
"Lawsonibacter",-0.128432550205476,0.27681169373067,0.247614642274733,0.337919702544085,-0.518679142015269,0.819164113979289,0.607920066687959,0.419374109001852,0.935261641058398,0.602178207797531,FALSE,FALSE,TRUE,TRUE
"GGB9512",0.237592295321556,0.0514473574761016,0.203810503872997,0.341358389478447,1.1657509834214,0.150713616720265,0.258930485729531,0.881877746308404,0.495764505190069,1,FALSE,FALSE,TRUE,TRUE
"Longicatena",-2.45289440362069,2.50186418516009,0.035092273444885,0.29582123518368,-69.8984181652732,8.45735156100825,1.95398528248324e-12,2.92034235292968e-05,5.47115879095308e-10,0.00346903146430087,TRUE,TRUE,FALSE,TRUE
"GGB38744",0.253913717780159,-0.129314803959163,0.0962125071547028,0.268369010468704,2.6390926220422,-0.481854457537091,0.0269538429220293,0.641410351222071,0.0967573848483103,0.840057515097122,FALSE,FALSE,TRUE,TRUE
"GGB9782",1.2723411641214,-1.59953911634608,0.0426726650778598,0.172473872806981,29.8163042266028,-9.27409520244353,8.28616268050837e-05,0.00265320324382993,0.00187245967738073,0.0225120275234055,TRUE,TRUE,FALSE,FALSE
"Akkermansia",0.0926095639174054,0.0983359089341094,0.298812225860721,0.404792853145153,0.309925618507228,0.242928965198028,0.760384509500689,0.810967309897111,1,1,FALSE,FALSE,TRUE,TRUE
"GGB4802",-0.584684177034139,1.96509860001535,0.110198397556684,0.183934712812808,-5.30574119041423,10.6836744949565,0.0337355613204755,0.00864762182195874,0.115194599630892,0.0410395611889567,FALSE,TRUE,TRUE,FALSE
"Escherichia",0.479966102715414,-0.688215441510868,0.437230159118571,0.496141493820936,1.097742442294,-1.38713542423294,0.293855718099005,0.190624933605261,0.537775170377263,0.331521623661324,FALSE,FALSE,TRUE,TRUE
"Oscillibacter",-0.0411276067406659,0.102778759278618,0.620236527518682,0.726286557105417,-0.0663095527527232,0.141512682939139,0.94751976551229,0.888300120430132,1,1,FALSE,FALSE,TRUE,TRUE
"GGB9547",0.919144605291742,-0.936297480507479,0.14506312020058,0.20597341843393,6.33617010319943,-4.54571996535472,0.00317658591166599,0.0104515457163396,0.0179281614378429,0.0479743082061492,TRUE,TRUE,FALSE,FALSE
"GGB9502",-0.00845202585336237,0.231416144970903,0.0767666627157088,0.18524325545438,-0.110100212180161,1.2492554420039,0.914149786631664,0.235390583104283,1,0.394666845923349,FALSE,FALSE,TRUE,TRUE
"GGB9770",0.495435700484551,-0.303418564148946,0.0719690273075148,0.201519297197814,6.88401273463951,-1.50565513262537,0.000126555079937632,0.170574806188905,0.00221471389890855,0.311758741554761,TRUE,FALSE,FALSE,TRUE
"Eisenbergiella",0.242360514125282,-0.715925463059507,0.0970105453035204,0.267701664892157,2.49829040097651,-2.67434071935233,0.0410948935255459,0.0317989753921669,0.133797327757591,0.092283267823893,FALSE,FALSE,TRUE,TRUE
"Brotolimicola",-0.516820151360309,0.975837279338035,0.347187732154556,0.465093434757331,-1.48858989962882,2.09815320194144,0.149102522272794,0.0461611105671783,0.31627807754835,0.11337816630535,FALSE,FALSE,TRUE,TRUE
"Eubacterium",-0.130053639937297,0.487645669469152,0.237714148772645,0.324027354369825,-0.547100963946757,1.50495216805857,0.589578954847018,0.145946555496082,0.912055841752293,0.279897503691117,FALSE,FALSE,TRUE,TRUE
"Butyricimonas",-0.0097700568755278,0.331172890701573,0.18017618264725,0.253942339994323,-0.0542250187121328,1.30412632532636,0.957322003278785,0.207769219197285,1,0.354173153735468,FALSE,FALSE,TRUE,TRUE
"GGB3819",0.173630681436257,-0.0849077181134107,0.172783795968213,0.234421764219063,1.00490141719192,-0.362200661684578,0.336538094232015,0.724064467506411,0.592645700534365,0.925213646739878,FALSE,FALSE,TRUE,TRUE
"Anaerotruncus",-0.671780073034805,0.776500683318799,0.353841102307942,0.456327138146446,-1.89853600571865,1.70163161120083,0.0729210901033501,0.1051318275547,0.199177592485175,0.218673997182784,FALSE,FALSE,TRUE,TRUE
"Intestinimonas",-0.81788341099631,1.19804385012429,0.228220840158433,0.367126136583165,-3.58373674563869,3.26330307418169,0.00212260789718241,0.00431698347716019,0.0131330692173134,0.0297660975244048,TRUE,TRUE,FALSE,FALSE
"Bacteria_unclassified",0.152914313738791,-0.295032337266224,0.103548178355523,0.28349325668796,1.47674557068279,-1.04070319242537,0.163554399585166,0.316982281840842,0.344325051758245,0.498447904902668,FALSE,FALSE,TRUE,TRUE
"GGB9524",0.187086024749661,-0.132608997353176,0.079099853021842,0.185394851665189,2.36518801998279,-0.715278747829848,0.0455875462344036,0.49477947644309,0.142184722326673,0.692074101036839,FALSE,FALSE,TRUE,TRUE
"Adlercreutzia",-0.0259039287731049,-5.54689129481425e-05,0.192040188429491,0.258960422761717,-0.134888061634118,-0.000214198418262478,0.894493744161572,0.99983191714761,1,1,FALSE,FALSE,TRUE,TRUE
"Holdemania",0.234922251137118,-0.253294818124087,0.145322270376568,0.243763943886955,1.61656056245455,-1.03909878583828,0.126805270121333,0.315219385554694,0.275236245224599,0.498447904902668,FALSE,FALSE,TRUE,TRUE
"Clostridia_unclassified",-0.467378853250008,0.616611361517685,0.238114115772226,0.353388894872978,-1.96283555779234,1.74485211749316,0.0732689000927609,0.106541190963273,0.199177592485175,0.219349510806738,FALSE,FALSE,TRUE,TRUE
"Provencibacterium",-0.176675564006274,0.228650180749641,0.0372003368172502,0.211906463009815,-4.74930011720614,1.07901466289421,0.00897552311683263,0.34130296608056,0.0392679136361427,0.517492059548857,TRUE,FALSE,FALSE,TRUE
"GGB3000",-0.652759108148347,1.34107606393364,0.218033357296796,0.27094580084847,-2.99384973125825,4.94961006863381,0.0401850704728778,0.00776336320997139,0.132374349793009,0.038816816049857,FALSE,TRUE,TRUE,FALSE
"Massilistercora",0.152644683382671,0.135510584605689,NA,0.198800658338695,NA,0.681640522411254,1,0.54437277656639,1,0.743533548480923,FALSE,FALSE,TRUE,TRUE
"GGB3441",0.491575110772501,-0.201609610617411,NA,0.153923813513736,NA,-1.30980129724645,1,1,1,1,FALSE,FALSE,TRUE,TRUE
"Faecalibacillus",0.168149226363246,0.134383170941937,0.0982495674641705,0.212931038062022,1.71145004200213,0.631111237539709,0.115011769879074,0.540859518661084,0.259703996501134,0.742356202083841,FALSE,FALSE,TRUE,TRUE
"Hydrogenoanaerobacterium",-0.439172947818925,0.790653419695288,0.208434589686343,0.355669511924393,-2.10700608032382,2.22300026622288,0.0479405782528111,0.0379059776897016,0.146416863625879,0.0991932126459482,FALSE,FALSE,TRUE,TRUE
"GGB3109",-0.188482064242448,0.251074284139356,0.130769185206584,0.226742840595644,-1.44133393463216,1.10730854160508,0.170040675482784,0.285601966118012,0.352676956556886,0.459589370764617,FALSE,FALSE,TRUE,TRUE
"Agathobaculum",0.235473548822437,-0.0703722452249337,0.223169538183054,0.377174988900245,1.05513302012253,-0.18657717848716,0.302322647458549,0.853628083570057,0.542630392874319,1,FALSE,FALSE,TRUE,TRUE
"Monoglobus",-0.737681482313991,1.14303229905864,0.410733737667622,0.48812020480638,-1.79600898261478,2.34170249009061,0.0868961403683878,0.0291337233809536,0.214594442597638,0.0886678537681198,FALSE,FALSE,TRUE,TRUE
"GGB58158",-0.390230414334313,0.59017313726948,0.152698296021878,0.221748172583513,-2.55556495717806,2.66145659913934,0.026728900981468,0.0221290678911334,0.0967573848483103,0.0755626708477727,FALSE,FALSE,TRUE,TRUE
"GGB3167",0.64591913446012,-0.913369128250675,0.133684304963955,0.307419868525325,4.83167515165133,-2.97108034243868,0.00130185147535479,0.0178416885576985,0.0107211297970395,0.0675090918399402,TRUE,FALSE,FALSE,TRUE
"GGB33586",0.599041171112477,-1.25430432985111,0.131594134592386,0.296294010139159,4.55218747376556,-4.23330977653583,0.00138161031295984,0.0021958592839877,0.0110528825036787,0.0214212960408668,TRUE,TRUE,FALSE,FALSE
"Anaerofilum",1.11142806126843,-1.05122375937797,0.035092273444885,0.180583446619506,31.6715889899244,-5.82126312824743,0.0200939822133144,0.108304020468952,0.0760312840503788,0.221351282710266,FALSE,FALSE,TRUE,TRUE
"GGB6612",-2.18265277740932,3.52690367372808,0.035092273444885,0.172441881937024,-62.1975313408333,20.4527092496944,0.000258395740105898,0.00238201453575959,0.0034452765347453,0.0214212960408668,TRUE,TRUE,FALSE,FALSE
"Paraprevotella",-0.063238129079715,0.456445777001569,0.236358981119578,0.299334336735341,-0.267551200213212,1.52486942186368,0.793994953632202,0.155513948364952,1,0.292240976793199,FALSE,FALSE,TRUE,TRUE
"Catenibacterium",-0.246328024496864,0.932539284264542,0.191719655817519,0.239863781822426,-1.284834481089,3.88778696466526,0.289067488600308,0.0301659237782938,0.535532344948246,0.0898559431693858,FALSE,FALSE,TRUE,TRUE
"Coprobacter",0.0276613830804601,0.570328374150877,0.240526159036341,0.316023377612419,0.11500363699019,1.80470311550921,0.911671613240945,0.114096277142636,1,0.229834227337683,FALSE,FALSE,TRUE,TRUE
"Desulfovibrio",0.138701156712359,0.197427511352583,0.137567833873331,0.219663322539266,1.00823828366791,0.898773218352335,0.331738769088526,0.385118469319897,0.58789148952397,0.57288811251797,FALSE,FALSE,TRUE,TRUE
"Candidatus_Cibionibacter",0.0430071050876778,0.307342980781204,0.32182111576791,0.385795940951029,0.13363667882717,0.796646486283837,0.895025437292321,0.435011820774939,1,0.618290912776563,FALSE,FALSE,TRUE,TRUE
"Dialister",0.0699817189546375,-0.344634707317517,0.278445731302697,0.34492298097913,0.251329832306033,-0.99916423759068,0.805488199564208,0.335950832097132,1,0.516847433995587,FALSE,FALSE,TRUE,TRUE
"GGB79097",-0.500203718426006,0.867222024312809,NA,0.191316006661126,NA,4.53292978171398,1,0.0200924695214319,1,0.0730635255324798,FALSE,FALSE,TRUE,TRUE
"Veillonella",0.782260385707052,-1.58609949132669,0.190682263404878,0.290492074123251,4.10242867762729,-5.46004394823432,0.00342625076415567,0.000601499477633157,0.0184490425762228,0.0140979587977609,TRUE,TRUE,FALSE,FALSE
"GGB9627",0.489337974656289,-1.13249250690894,0.270043099838724,0.306087280764112,1.8120736095406,-3.69990057764504,0.21166569208602,0.0659099097885588,0.432601414482376,0.156396396108445,FALSE,FALSE,TRUE,TRUE
"Phocea",0.352118374419663,-0.920670635739671,0.317240834948879,0.359659042446296,1.10994025871986,-2.55984287084106,0.295799064405112,0.0306950391571649,0.537816480736566,0.0904695890948019,FALSE,FALSE,TRUE,TRUE
"GGB51647",-0.509032572709187,1.51170709421937,0.130334627956453,0.19192733894433,-3.90558196766606,7.87645523839547,0.0174588742895219,0.00140456711047181,0.0688518986065652,0.0196639395466053,FALSE,TRUE,TRUE,FALSE
"GGB9758",0.0657863945424993,1.08513089757618,0.0802939918045397,0.163879711283908,0.819319018322611,6.62150847761913,0.498705392727127,0.022056164306529,0.802514425078136,0.0755626708477727,FALSE,FALSE,TRUE,TRUE
"Prevotella",-0.432321201550317,1.55453471061171,0.132226184077571,0.194185419278483,-3.26955817840658,8.00541418808759,0.0821788192997232,0.0152478968619842,0.211101554164427,0.0618755234979067,FALSE,FALSE,TRUE,TRUE
"Sutterella",-0.0220329229115259,0.396277009898849,0.191510047617299,0.251880753449211,-0.115048391380253,1.57327229044816,0.910309461976171,0.14163783135189,1,0.275406894295342,FALSE,FALSE,TRUE,TRUE
"Ruminococcus",-0.413275497589492,0.865280886849113,0.327409590747258,0.378767157042618,-1.26225837381935,2.2844665139532,0.220073345383491,0.0323525430959192,0.437025083031046,0.0924358374169121,FALSE,FALSE,TRUE,TRUE
"GGB4566",-0.258862499440398,0.787389044653712,0.223463960104857,0.298164437901846,-1.15840827003572,2.64078791620655,0.29071755868619,0.0384998484062432,0.535532344948246,0.0998144217939638,FALSE,FALSE,TRUE,TRUE
"Kineothrix",0.830944309271818,-0.671586698019296,0.0653723146944735,0.230715938206131,12.7109513125755,-2.91088124748137,4.31716115884814e-06,0.0226321044664232,0.000241761024895496,0.0763492680795,TRUE,FALSE,FALSE,TRUE
"GGB4571",1.07920299492944,-1.41252637186902,NA,0.153985217846472,NA,-9.17312967844323,1,0.069127522340368,1,0.162396864937951,FALSE,FALSE,TRUE,TRUE
"Barnesiella",-0.0112501701985613,0.029514339144253,0.131492761838549,0.205062190101169,-0.085557334420997,0.143928722938597,0.9335070743056,0.888415929614369,1,1,FALSE,FALSE,TRUE,TRUE
"GGB6007",0.948406226415099,-0.926147549700368,NA,0.153923813513736,NA,-6.01692180409578,1,1,1,1,FALSE,FALSE,TRUE,TRUE
"Pseudoflavonifractor",0.213395954209728,-0.471954649600306,0.266002080231552,0.378810623432348,0.802234155552349,-1.24588546467888,0.435824457152062,0.233253516867149,0.735125590376971,0.39343966700483,FALSE,FALSE,TRUE,TRUE
"GGB5980",1.31854854371816,-1.33525693045741,NA,0.191559601528539,NA,-6.9704515973243,1,0.00605913147300705,1,0.0345661645073266,FALSE,TRUE,TRUE,FALSE
"GGB9501",-1.26259119208398,1.57020833416019,0.159818669585401,0.255624818171577,-7.90014830782523,6.1426286594217,9.87516641901832e-05,0.000470928930062464,0.00187245967738073,0.0140979587977609,TRUE,TRUE,FALSE,FALSE
"GGB9198",0.970155259392207,-0.903770754419044,NA,0.194421619991741,NA,-4.64850953539753,1,0.0432945830962091,1,0.108236457740523,FALSE,FALSE,TRUE,TRUE
"GGB9619",-1.20846633156796,2.09449671583522,0.191548829855999,0.265872516591974,-6.30892045895791,7.87782333684971,8.80624928343376e-05,1.3470716443487e-05,0.00187245967738073,0.00346903146430087,TRUE,TRUE,FALSE,FALSE
"GGB3548",-1.88685853033026,3.33480365535648,0.123469317300964,0.191213335953557,-15.2820034286812,17.4402252788815,0.00425462097701393,0.00327160214277104,0.0216598886102527,0.0261362294359146,TRUE,TRUE,FALSE,FALSE
"GGB9694",-0.663013182271286,1.48821230691323,0.286943815898209,0.34027880691681,-2.31060279238248,4.37350865426379,0.0819779873758617,0.0119352879635339,0.211101554164427,0.0514135481506075,FALSE,FALSE,TRUE,TRUE
"GGB9775",-0.0350805559821828,0.282853681377376,0.112058312779279,0.235199913430287,-0.313056257158546,1.20260963217239,0.762243740827214,0.263510208947988,1,0.436584961570631,FALSE,FALSE,TRUE,TRUE
"GGB2970",-0.657740254585975,1.34268571175699,0.0620943629776832,0.165225818541778,-10.5925920332312,8.12636743825538,0.00179763887772383,0.0038958189230243,0.0122765581893335,0.0287060341696528,TRUE,TRUE,FALSE,FALSE
"GGB9667",-0.251986906667879,0.474571620856725,0.133046885263253,0.258243434664056,-1.8939707319663,1.83769094255614,0.0848111261044385,0.0932455292410531,0.213937975758944,0.202393396802286,FALSE,FALSE,TRUE,TRUE
"GGB3478",-0.981570757393706,1.31121802552142,0.035092273444885,0.18684673740635,-27.9711361230368,7.01761263655253,0.000100310339859682,0.00594336595196124,0.00187245967738073,0.0345661645073266,TRUE,TRUE,FALSE,FALSE
"Lacrimispora",-0.102475466082067,0.229757525163279,0.137227134396106,0.232912111729016,-0.746758041206865,0.986455892987621,0.468500838821644,0.341914396487638,0.771555735575971,0.517492059548857,FALSE,FALSE,TRUE,TRUE
"GGB9509",-0.29035584830726,0.644155714845186,0.125356681111437,0.214593895655531,-2.31623752107113,3.00174295674837,0.0814723559589955,0.039873387220511,0.211101554164427,0.101495894743119,FALSE,FALSE,TRUE,TRUE
"GGB52130",1.87758123726186,-3.21176278980113,0.112951067824857,0.211876754693897,16.6229613709652,-15.1586368898336,0.000473932208289242,0.000623344006977096,0.00552920909670782,0.0140979587977609,TRUE,TRUE,FALSE,FALSE
"GGB9064",-0.398734801114656,0.794613943551238,0.035092273444885,0.171834874389786,-11.362467061044,4.6242879763089,0.00146242499634524,0.0190396829098265,0.0113744166382408,0.0701462001940975,TRUE,FALSE,FALSE,TRUE
"Candidatus_Gastranaerophilales_unclassified",1.93155401019962,-2.99853363041755,0.0502533219382862,0.257102726954162,38.4363448166009,-11.662784233915,2.24620272105952e-07,8.14100282965151e-05,3.14468380948332e-05,0.00455896158460485,TRUE,TRUE,FALSE,FALSE
"Segatella",0.629669667956219,-0.20174394185346,0.0670605921894694,0.175162095560355,9.3895631905126,-1.15175569924571,0.00255905353216342,0.332880586404611,0.0152454252979949,0.516268359991804,TRUE,FALSE,FALSE,TRUE
"GGB3304",-0.260518754319462,0.985500708556523,0.260001790648809,0.296291486704609,-1.00198830811651,3.3261188821771,0.355031214489523,0.0158830951585171,0.621304625356665,0.0626375583716167,FALSE,FALSE,TRUE,TRUE
"GGB9602",1.00260329799578,-1.19332062018754,0.153142736335234,0.274381632565448,6.54685505815343,-4.34912719568756,0.000179063774957702,0.0024481481189562,0.00278543649934202,0.0214212960408668,TRUE,TRUE,FALSE,FALSE
"Rikenellaceae_unclassified",0.465106360773039,-0.124935613977192,0.035092273444885,0.225647834289972,13.2538110277615,-0.553675218600334,0.00564454839524157,0.635436604214151,0.0277276061520638,0.839255892358313,TRUE,FALSE,FALSE,TRUE
"Enterobacter",0.0959015532922306,0.033861484894834,0.10775545943848,0.217047943581844,0.889992523738277,0.156009240797371,0.423761090775188,0.883582598835827,0.720747129169428,1,FALSE,FALSE,TRUE,TRUE
"GGB1627",0.555377792574868,-0.00367142985399912,NA,0.153923813513736,NA,-0.0238522537233753,1,1,1,1,FALSE,FALSE,TRUE,TRUE
"Wujia",-0.580851192565753,1.0913935649788,0.035092273444885,0.171526133855295,-16.5521106370615,6.3628412793326,0.00363014015897392,0.0238210247678022,0.0188229489724574,0.0785599239305186,TRUE,FALSE,FALSE,TRUE
"GGB9635",0.0517632284508334,0.615023206702034,0.262842841755662,0.300221564633498,0.196936040202123,2.04856439094519,0.850379242921695,0.0864136045797138,1,0.193566474258559,FALSE,FALSE,TRUE,TRUE
"GGB9342",0.0222630637018229,0.358679916624343,NA,0.153473585396552,NA,2.33707915077093,1,0.101491155373911,1,0.215224193664445,FALSE,FALSE,TRUE,TRUE
"Holdemanella",0.0185079322931281,0.808123882724781,0.269879726484924,0.307913263959558,0.0685784461626169,2.62451793187747,0.948616497720069,0.058521433978396,1,0.141258633740956,FALSE,FALSE,TRUE,TRUE
"Faecalicatena",0.347282300520543,-0.511235680005856,0.10463641632541,0.336582893471697,3.31894299056007,-1.51889977156205,0.00612215297042816,0.154686378877648,0.0294788306776182,0.292240976793199,TRUE,FALSE,FALSE,TRUE
"GGB9708",0.821231232172104,-1.36754589885282,0.226458569091893,0.30691181502462,3.62640828945123,-4.45582682681381,0.00671990151513155,0.00212279787640984,0.030845449577653,0.0214212960408668,TRUE,TRUE,FALSE,FALSE
"GGB9759",-1.24890182157618,2.0188491012866,NA,0.192637167258045,NA,10.4800601567312,1,0.00185491701003763,1,0.0205242580239297,FALSE,TRUE,TRUE,FALSE
"GGB9730",-0.229474707606318,0.630378761482082,0.103962206628885,0.185628372045658,-2.20728969735584,3.39591816991763,0.0630489521801802,0.0115062708495724,0.180139863371943,0.050689531749199,FALSE,FALSE,TRUE,TRUE
"GGB33469",0.826844921708645,-1.29038809137495,0.184210493004352,0.241798436256704,4.48858752953399,-5.33662711534254,0.0015135918193715,0.000470558610751591,0.011412935245161,0.0140979587977609,TRUE,TRUE,FALSE,FALSE
"Simiaoa",-1.77568448288817,3.557442133677,0.300536267248461,0.346161177551151,-5.90838669537399,10.2768373936194,0.00104547474303229,4.95575923471553e-05,0.00965036211168035,0.00346903146430087,TRUE,TRUE,FALSE,FALSE
"GGB9712",0.95349701554418,-1.00544774555555,0.0863776988081961,0.167347504047282,11.0386943470379,-6.00814306302099,0.000382900302671726,0.00386328291116369,0.0046613949890471,0.0287060341696528,TRUE,TRUE,FALSE,FALSE
"GGB9061",-0.593627776862775,2.49524511335893,NA,0.153923813513736,NA,16.2109101665173,1,1,1,1,FALSE,FALSE,TRUE,TRUE
"GGB9495",0.758226005240211,-0.564462119992132,0.125515219037579,0.189730618179108,6.04090891171692,-2.97507131642439,0.1044376760884,0.20643172866837,0.241815440037474,0.354173153735468,FALSE,FALSE,TRUE,TRUE
"GGB3475",0.273850450214911,0.61358329386609,NA,0.153923813513736,NA,3.98627918487308,1,1,1,1,FALSE,FALSE,TRUE,TRUE
"Victivallis",-0.0820514103881765,0.328286698317354,0.0968671402960387,0.183329289865163,-0.847051024087391,1.79069421235857,0.45919002407596,0.171269609237927,0.760788205569638,0.311758741554761,FALSE,FALSE,TRUE,TRUE
"Enterococcus",1.51230817762938,-2.01346178297011,NA,0.24668893575317,NA,-8.16194604278778,1,0.00122664305662521,1,0.0196639395466053,FALSE,TRUE,TRUE,FALSE
"GGB4745",1.95962339998702,-2.65604904364863,0.0516813237165723,0.178123877159195,37.9174382361774,-14.9112465212894,4.03522170922235e-05,0.000654548087038901,0.00102714734416569,0.0140979587977609,TRUE,TRUE,FALSE,FALSE
"GGB47687",0.204224345403543,0.513935425975033,0.0590820033124378,0.178296639328216,3.45662526579477,2.88247399340466,0.0744661425315516,0.102231491990611,0.200485768354177,0.215224193664445,FALSE,FALSE,TRUE,TRUE
"GGB2998",0.0100589716421569,0.67059020640483,0.153920957558956,0.209200672429092,0.065351540178043,3.20548781520826,0.950426572958025,0.0238485483360503,1,0.0785599239305186,FALSE,FALSE,TRUE,TRUE
"Candidatus_Borkfalkia",0.285810800780067,-0.308056985431512,0.261663065534147,0.309716136684803,1.09228560858074,-0.994642993836064,0.298052829407809,0.341286323557236,0.538418014414106,0.517492059548857,FALSE,FALSE,TRUE,TRUE
"GGB9760",0.422776111764055,-0.343504217406627,0.173865172983039,0.236106209255475,2.43163196234417,-1.45487159566796,0.0453118937831243,0.189032965512605,0.142184722326673,0.331521623661324,FALSE,FALSE,TRUE,TRUE
"GGB13489",0.237483450305586,0.292058838520124,0.257513903021013,0.314742096038386,0.922216033851219,0.927930652417413,0.391990260032841,0.389247122564674,0.677514029686393,0.57288811251797,FALSE,FALSE,TRUE,TRUE
"GGB9092",0.268897742496836,-0.990163550199677,0.227384951903555,0.268927471336762,1.18256612957787,-3.68189811653624,0.446872048174511,0.168832598744619,0.745603945446289,0.311758741554761,FALSE,FALSE,TRUE,TRUE
"GGB9707",0.752464978134647,-1.06457573114026,0.183422348100141,0.276264630765781,4.10236258519509,-3.85346371770194,0.00634051056351831,0.00842599968656286,0.0295890492964188,0.0410395611889567,TRUE,TRUE,FALSE,FALSE
"GGB9296",0.368922918915746,0.065999773381312,0.035092273444885,0.186581485024,10.5129386813643,0.353731632979674,0.0603741833520772,0.78355224515405,0.174275993181254,0.979440306442562,FALSE,FALSE,TRUE,TRUE
"GGB1266",-1.26060303055048,3.64563137109067,0.273096869182159,0.308867432856443,-4.61595562895171,11.803223594587,0.019132691260087,0.00130725047878969,0.0733856651071831,0.0196639395466053,FALSE,TRUE,TRUE,FALSE
"GGB9747",0.62892436349664,-1.10243817267752,0.0840180611830661,0.165559466774187,7.48558529726463,-6.65886520509989,0.0173823551391925,0.02181740211355,0.0688518986065652,0.0755626708477727,FALSE,FALSE,TRUE,TRUE
"GGB3653",0.00345876352779339,-0.0191231553472424,0.26123282313571,0.314972058886198,0.0132401567547144,-0.060713815107491,0.989599882333823,0.952339045530232,1,1,FALSE,FALSE,TRUE,TRUE
"GGB3256",0.372273113086713,-0.38377140480787,0.127950537446904,0.193118374725633,2.90950800610116,-1.98723402344858,0.0436996744877669,0.117822645321284,0.140642630535342,0.235175885538717,FALSE,FALSE,TRUE,TRUE
"Jutongia",1.37683922664662,-1.82656765840983,NA,0.154021278554422,NA,-11.8591903375508,1,0.0535548633098271,1,0.13039444979784,FALSE,FALSE,TRUE,TRUE
"GGB3722",1.32886913687859,-1.74620688098218,NA,0.153923813513736,NA,-11.3446181011254,1,1,1,1,FALSE,FALSE,TRUE,TRUE
"GGB3480",0.157517316725944,0.0313540254258087,0.0843014557793833,0.166326001462887,1.86850055280381,0.188509464245161,0.312835302500547,0.881383124733221,0.557922832485052,1,FALSE,FALSE,TRUE,TRUE
"GGB9634",0.306164254297121,0.188602264120547,0.0974369490378948,0.172293903266581,3.1421781708092,1.09465431187506,0.0881038429415914,0.387903971767765,0.214594442597638,0.57288811251797,FALSE,FALSE,TRUE,TRUE
"GGB9691",0.515043829366614,-0.529882037459905,0.0550189012915942,0.155836718746357,9.36121618708702,-3.40023867110774,0.0677491739013351,0.182093907140628,0.189697686923738,0.324753464964178,FALSE,FALSE,TRUE,TRUE
"GGB4596",-0.29306749390694,1.64489291774269,0.0420800252591129,0.153581928994725,-6.96452751875363,10.7101983189649,0.0907883743367699,0.0592686898732014,0.217271323199107,0.14183959969655,FALSE,FALSE,TRUE,TRUE
"GGB13493",1.48895848563559,-3.60254787703032,0.130034408649103,0.192730059674686,11.4504960733396,-18.692195099774,0.0554568678753659,0.0340256166221567,0.163451821106342,0.0947517609804422,FALSE,FALSE,TRUE,TRUE
"GGB3345",-1.57352514845491,2.79561653196743,NA,0.15321391514594,NA,18.2464923587687,1,0.0348551120749484,1,0.0947517609804422,FALSE,FALSE,TRUE,TRUE
"GGB27848",-0.964960446533888,2.3920221368491,NA,0.153923813513736,NA,15.5402993353959,1,1,1,1,FALSE,FALSE,TRUE,TRUE
"GGB3730",0.253551013145451,-0.39666291316258,0.129423586105328,0.200056537647189,1.95907887252565,-1.98275406456407,0.121683100247959,0.118427856646283,0.268277701334082,0.235175885538717,FALSE,FALSE,TRUE,TRUE
"GGB51960",1.02053264816824,-1.57896405255516,NA,0.153923813513736,NA,-10.2580881834393,1,1,1,1,FALSE,FALSE,TRUE,TRUE
"Klebsiella",0.0608588874235192,-0.159537652767829,0.0984674136757963,0.273683843002105,0.618061195594076,-0.58292682175835,0.559249220769835,0.581173915912872,0.874803250366222,0.782349502190405,FALSE,FALSE,TRUE,TRUE
"GGB9574",0.236532761808625,-1.21820440555996,0.0960829961411137,0.170983928058019,2.4617546424264,-7.1246720051173,0.0907259911563705,0.00569118015669677,0.217271323199107,0.0339049030611722,FALSE,TRUE,TRUE,FALSE
"GGB9176",1.03700077323392,-1.42780527809662,0.0990813407328228,0.180817689833688,10.4661560447617,-7.89638048915392,0.000137341057476591,0.000523950393267418,0.00226208800549679,0.0140979587977609,TRUE,TRUE,FALSE,FALSE
"Methanobrevibacter",0.530045647989181,-0.471574073558848,0.115036504385423,0.237140433018449,4.60762999380868,-1.98858569817219,0.00173803715617509,0.0819522647957296,0.0121662600932256,0.185053501151648,TRUE,FALSE,FALSE,TRUE
"GGB36331",0.425276197133338,-0.926434041444613,0.121533745207327,0.19180800104516,3.49924374014681,-4.83000728017852,0.0172984204916882,0.00475644882138538,0.0688518986065652,0.0309722248834397,FALSE,TRUE,TRUE,FALSE
"GGB9063",0.387622361663876,-0.525181670967867,0.0729366800551217,0.172784196244846,5.31450514845112,-3.03952376653506,0.00315432537861588,0.0287664203705993,0.0179281614378429,0.088512062678767,TRUE,FALSE,FALSE,TRUE
"Hungatella",-0.86322864117317,1.16561247773026,0.203340673270192,0.262506650686489,-4.24523351521583,4.44031598697418,0.00215757565713006,0.00162275306131563,0.0131330692173134,0.0205242580239297,TRUE,TRUE,FALSE,FALSE
"Marvinbryantia",-0.11763445892828,0.554121808502075,NA,0.154368181362331,NA,3.58961156121576,1,0.172965140037495,1,0.312453156196765,FALSE,FALSE,TRUE,TRUE
"GGB52106",-0.177260593108397,-0.353935381057924,NA,0.153508342572274,NA,-2.30564264539099,1,0.260525250148222,1,0.434208750247036,FALSE,FALSE,TRUE,TRUE
"Lachnotalea",0.689690111795114,-1.18449194457171,0.035092273444885,0.184152190984531,19.6536172806907,-6.43213604051663,6.29679708811887e-06,0.00134945341116966,0.000293850530778881,0.0196639395466053,TRUE,TRUE,FALSE,FALSE
"Acidaminococcus",0.600265823291011,-0.57467066356612,0.113278034855836,0.193374099417676,5.29904869955542,-2.97180783412398,0.000729225928876513,0.0178218815927123,0.00729225928876513,0.0675090918399402,TRUE,FALSE,FALSE,TRUE
"Megasphaera",-0.0261726791762373,0.520674791909013,0.205660895842778,0.248432769879055,-0.127261330205649,2.09583780820257,0.902312187313122,0.0743265867405948,1,0.171995407333608,FALSE,FALSE,TRUE,TRUE
"GGB74511",-1.08061601221621,1.97443999828689,0.1536743202849,0.217972342230824,-7.0318580893205,9.05821343239978,0.00215513108461219,0.000823177526014143,0.0131330692173134,0.0164635505202829,TRUE,TRUE,FALSE,FALSE
"GGB3606",-0.582735350153537,1.70797341895848,NA,0.153923813513736,NA,11.0962259832918,1,1,1,1,FALSE,FALSE,TRUE,TRUE
"GGB79118",-0.0636578319069429,0.853155489458534,NA,0.153923813513736,NA,5.54271278746873,1,1,1,1,FALSE,FALSE,TRUE,TRUE
"GGB9575",0.789295806025161,-0.60164042969078,0.035092273444885,0.18123905256024,22.4920111620813,-3.31959597664972,0.0282856340970026,0.186272001687372,0.100252880343807,0.330102281471293,FALSE,FALSE,TRUE,TRUE
"GGB3511",-1.72145404723731,2.15513515083232,0.075687107470751,0.162520425587279,-22.7443497943499,13.2607033426389,0.00192750661043488,0.00563873187949779,0.0128500440695659,0.0339049030611722,TRUE,TRUE,FALSE,FALSE
"GGB9522",-0.141954948828544,0.590294459144,0.0645746007571856,0.159346714479548,-2.19830935327538,3.70446583145437,0.0928274898755383,0.0207541875179022,0.22026862004365,0.0745022116027257,FALSE,FALSE,TRUE,TRUE
"GGB3057",-0.33516856028907,0.483572242833766,0.035092273444885,0.170834108680262,-9.55106430523735,2.83065394006787,0.0107851458414354,0.105432105784556,0.0457551641757865,0.218673997182784,TRUE,FALSE,FALSE,TRUE
"Bacteroidales_unclassified",0.416477484109976,-0.382837389792218,0.0562562686001621,0.252290355060548,7.40321913403222,-1.51744758415493,0.0177609881926368,0.268446939619481,0.0690705096380321,0.442147900549734,FALSE,FALSE,TRUE,TRUE
"Ligilactobacillus",0.586447812802486,-0.428513074890349,0.035092273444885,0.18106945252606,16.7115936140058,-2.36656746299421,0.00356155201698811,0.141591986312882,0.0188157465048428,0.275406894295342,TRUE,FALSE,FALSE,TRUE
"Limosilactobacillus",-1.65294459084486,1.96087861089199,0.035092273444885,0.283143339731439,-47.1028072159797,6.92539196843506,2.1068137313012e-05,0.00617252937630831,0.000762748858779184,0.0345661645073266,TRUE,TRUE,FALSE,FALSE
"Lactobacillus",-1.0727280596108,1.34681292308454,0.035092273444885,0.185336975634611,-30.5687820794968,7.26683339076253,0.0010684329480789,0.018415453065828,0.00965036211168035,0.0687510247790911,TRUE,FALSE,FALSE,TRUE
"Eubacteriaceae_unclassified",1.29870459805993,-1.45953174608852,NA,0.216723505648264,NA,-6.73453367101441,1,0.00668508259259299,1,0.0359965985755007,FALSE,TRUE,TRUE,FALSE
"GGB9345",1.59197505407816,-3.92019191152971,0.136341656291342,0.197028548543121,11.6763658105806,-19.8965679873125,0.0543893636967306,0.0319695606389915,0.162887062484049,0.092283267823893,FALSE,FALSE,TRUE,TRUE
"GGB9350",1.02923547318231,-1.24454242748217,NA,0.153923813513736,NA,-8.08544434465376,1,1,1,1,FALSE,FALSE,TRUE,TRUE
"GGB9819",0.600041168573968,-0.583968650744325,0.0813143811278531,0.164974491382082,7.37927486197681,-3.53975118124081,0.0857489602240369,0.1752810013693,0.214372400560092,0.314606925534641,FALSE,FALSE,TRUE,TRUE
"GGB3619",2.63246441897501,-3.4846948956781,0.035092273444885,0.155850828492833,75.0154994406246,-22.3591682468236,0.00848600717326946,0.0284534649717465,0.0377155874367532,0.088512062678767,TRUE,FALSE,FALSE,TRUE
"GGB9209",1.50464128957856,-2.35603470729562,NA,0.153923813513736,NA,-15.3064990628327,1,1,1,1,FALSE,FALSE,TRUE,TRUE
"GGB34797",0.48798587392836,-0.267977078108124,0.035092273444885,0.154939694787149,13.9057925299362,-1.72955728663505,0.0457022321764306,0.333730618423273,0.142184722326673,0.516268359991804,FALSE,FALSE,TRUE,TRUE
"GGB1661",0.452824185202662,-0.203976849170346,NA,0.153506171816665,NA,-1.32878598141291,1,0.410709984517608,1,0.592777297241908,FALSE,FALSE,TRUE,TRUE
"Sanguibacteroides",1.55426642398946,-2.29460432909647,NA,0.153923813513736,NA,-14.9074030633454,1,1,1,1,FALSE,FALSE,TRUE,TRUE
"GGB9790",0.956818121778646,-1.09970772467484,NA,0.153923813513736,NA,-7.14449375682018,1,1,1,1,FALSE,FALSE,TRUE,TRUE
"GGB3497",1.06356559099774,-1.44160914217805,NA,0.153923813513736,NA,-9.36573171668075,1,1,1,1,FALSE,FALSE,TRUE,TRUE
"GGB74220",1.36632062346632,-1.56160570545753,NA,0.153923813513736,NA,-10.1453158534055,1,1,1,1,FALSE,FALSE,TRUE,TRUE
"GGB6610",-0.801488056442585,2.26598276100413,NA,0.153923813513736,NA,14.7214567341909,1,1,1,1,FALSE,FALSE,TRUE,TRUE
"GGB3486",-0.247783224348228,2.05222850927758,0.171279462933694,0.22237059067773,-1.44666044664181,9.22886656469681,0.284919487217273,0.0115381406721557,0.534574353452414,0.050689531749199,FALSE,FALSE,TRUE,TRUE
"GGB9110",0.473233815780083,-0.212351082172567,0.143573687650114,0.201623900289377,3.2961040670164,-1.05320392010964,0.0810163150086737,0.402709718023001,0.211101554164427,0.58728500545021,FALSE,FALSE,TRUE,TRUE
"GGB45495",-1.83604857614978,3.43237078868312,NA,0.153923813513736,NA,22.2991537847835,1,1,1,1,FALSE,FALSE,TRUE,TRUE
"Cuneatibacter",-0.884266506997215,0.770887398971389,0.0388108477887706,0.15473873729649,-22.7840038900945,4.98186435045231,2.19823511329749e-05,0.00758729549294457,0.000762748858779184,0.0386262316004451,TRUE,TRUE,FALSE,FALSE
"GGB9293",-1.36809903054663,3.30056756535765,NA,0.153923813513736,NA,21.4428650772944,1,1,1,1,FALSE,FALSE,TRUE,TRUE
"Negativibacillus",0.443178591956987,-0.762743956023531,0.035092273444885,0.155359938752156,12.6289507191101,-4.90952791401604,0.00621161074992669,0.0390724182895114,0.0294788306776182,0.100369514872139,TRUE,FALSE,FALSE,TRUE
"GGB9580",-0.205076521311773,-0.202876299902599,0.11518502461703,0.186736457322898,-1.78040958009616,-1.08643112764955,0.216966029110024,0.390791533896186,0.437025083031046,0.57288811251797,FALSE,FALSE,TRUE,TRUE
"GGB3569",-2.34082770432653,4.70492389413094,NA,0.153923813513736,NA,30.5665756761613,1,1,1,1,FALSE,FALSE,TRUE,TRUE
"GGB3532",1.01585417040271,-1.75287891595124,0.0529322585982557,0.168279172071273,19.1915893503207,-10.4164935825143,0.000308964981088244,0.00188834476196331,0.00393228157748674,0.0205242580239297,TRUE,TRUE,FALSE,FALSE
"GGB9117",0.73281147578699,-0.709332117353455,NA,0.191642910312986,NA,-3.70132198574419,1,0.167987253889882,1,0.311758741554761,FALSE,FALSE,TRUE,TRUE
"GGB3446",-0.833892990465008,1.03251450742666,NA,0.153923813513736,NA,6.70795820254625,1,1,1,1,FALSE,FALSE,TRUE,TRUE
"GGB9491",1.74679140698194,-2.84891197263492,NA,0.194583841222772,NA,-14.64105115169,1,0.00463264904496567,1,0.0308843269664378,FALSE,TRUE,TRUE,FALSE
"Pseudomonas",0.061795000895548,0.628351533327426,NA,0.153923813513736,NA,4.08222430943965,1,1,1,1,FALSE,FALSE,TRUE,TRUE
"Hydrogeniiclostridium",-1.30107601677119,1.99060271825148,0.0867886439171894,0.16922404178431,-14.9913163525476,11.7631200464333,0.00442011498223779,0.00714953688212993,0.0221005749111889,0.0377711382452147,TRUE,TRUE,FALSE,FALSE
"Colidextribacter",2.48996316682205,-2.8323936248728,0.035092273444885,0.186946115661102,70.9547408130373,-15.1508557150628,0.000198567329008903,0.00432811726127335,0.00292625537486805,0.0297660975244048,TRUE,TRUE,FALSE,FALSE
"GGB4567",0.889052514317287,-1.27156252211054,NA,0.153923813513736,NA,-8.26098634826947,1,1,1,1,FALSE,FALSE,TRUE,TRUE
"GGB3321",0.535410089263219,-1.26992036924724,0.111370308971213,0.180827928743981,4.80747601590665,-7.02281101192734,0.130561083482795,0.0900449563730954,0.281208487501405,0.198524313263517,FALSE,FALSE,TRUE,TRUE
"GGB2848",1.57139976207445,-2.00625339057413,0.035092273444885,0.207725740910565,44.7790811998102,-9.65818382343819,2.45169276036166e-05,0.00235652716767373,0.000762748858779184,0.0214212960408668,TRUE,TRUE,FALSE,FALSE
"GGB4552",-0.620403209195424,1.52757832710866,0.101448126830861,0.176247837191078,-6.11547229679052,8.66721743344027,0.0257119049752994,0.013051869994065,0.0947280709616295,0.0545451283334059,FALSE,FALSE,TRUE,TRUE
"GGB9551",-0.362749944477739,1.39272304250047,NA,0.153923813513736,NA,9.04813238905483,1,1,1,1,FALSE,FALSE,TRUE,TRUE
"GGB3033",1.07571343839516,-2.50134752253383,0.106953194683746,0.188745123298695,10.0577962311082,-13.2525147077594,0.00209275714121627,0.000928420474522411,0.0131330692173134,0.0173305155244183,TRUE,TRUE,FALSE,FALSE
"GGB4605",0.0809969708975477,-0.0256188273659345,0.035092273444885,0.154924320486085,2.30811409311396,-0.165363496741853,0.260276365224786,0.895670458240054,0.495764505190069,1,FALSE,FALSE,TRUE,TRUE
"Haemophilus",-0.636758469110569,1.78237632945565,0.0616174946421502,0.177832331611693,-10.3340532231732,10.0227912061996,0.00923443430369769,0.00980835654308647,0.0397791016159285,0.0457723305344035,TRUE,TRUE,FALSE,FALSE
"Drancourtella",1.51773946583501,-3.59426289228001,NA,0.153923813513736,NA,-23.3509215385914,1,1,1,1,FALSE,FALSE,TRUE,TRUE
"Lacticaseibacillus",-0.342992692969554,-0.837832136626574,NA,0.153923813513736,NA,-5.44316124646826,1,1,1,1,FALSE,FALSE,TRUE,TRUE
"GGB9621",0.667436680319169,-0.871220371401242,NA,0.165098749348237,NA,-5.27696530010418,1,0.0340858424211032,1,0.0947517609804422,FALSE,FALSE,TRUE,TRUE
"GGB9537",0.810471274174906,-1.5534607179345,NA,0.153923813513736,NA,-10.0924001457116,1,1,1,1,FALSE,FALSE,TRUE,TRUE
"Faecalitalea",-0.239501990878271,0.100372280312765,0.168629020716136,0.220743038182773,-1.42028928271748,0.454701906520186,0.390540928066347,0.728317961751002,0.677514029686393,0.925213646739878,FALSE,FALSE,TRUE,TRUE
"GGB3363",-0.0823406824963859,-0.1052877446952,0.235830342592479,0.27621450852471,-0.349152198106555,-0.381181080087184,0.786147106402371,0.768156666409749,1,0.964501643922555,FALSE,FALSE,TRUE,TRUE
"GGB3740",-1.9535141401014,3.30110618961956,NA,0.153518197963539,NA,21.5030285230652,1,0.0295847360479016,1,0.0890723235850801,FALSE,FALSE,TRUE,TRUE
"GGB9614",0.0654692624390057,-0.054547181707785,0.134278207623687,0.19705040188807,0.487564315890202,-0.276818424043455,0.651374227915339,0.795635254471836,0.985863696304296,0.990123872231618,FALSE,FALSE,TRUE,TRUE
"GGB58485",-0.445696314183773,1.61762478447065,NA,0.153923813513736,NA,10.5092561543526,1,1,1,1,FALSE,FALSE,TRUE,TRUE
"GGB4456",-0.369222534878802,0.225280578326962,0.035092273444885,0.182909273632944,-10.5214766281442,1.23165203082621,0.0603254838992996,0.43415282555313,0.174275993181254,0.618290912776563,FALSE,FALSE,TRUE,TRUE
"Enteroscipio",-0.298422882035632,-0.150007569155448,NA,0.153923813513736,NA,-0.974557254859477,1,1,1,1,FALSE,FALSE,TRUE,TRUE
"GGB2982",1.31265062372078,-2.1408654803072,0.0865722376954687,0.193690871423375,15.1624892536362,-11.0530014376756,0.000622873902739856,0.00158627458486897,0.00670787279873691,0.0205242580239297,TRUE,TRUE,FALSE,FALSE
"GGB3352",-1.3934957062416,2.04013807925649,NA,0.153923813513736,NA,13.2542069526782,1,1,1,1,FALSE,FALSE,TRUE,TRUE
"GGB3353",0.0396051754474669,-0.670268479460851,NA,0.153923813513736,NA,-4.35454699412732,1,1,1,1,FALSE,FALSE,TRUE,TRUE
"Bariatricus",-0.175330726519412,-0.426862007028351,0.035092273444885,0.209325071227885,-4.9962772230982,-2.03923020078012,0.125757135274371,0.290249558926037,0.275093733412687,0.464399294281659,FALSE,FALSE,TRUE,TRUE
"GGB3277",-0.483406374093113,0.89300941550756,NA,0.153923813513736,NA,5.80163260721105,1,1,1,1,FALSE,FALSE,TRUE,TRUE
"GGB74505",-0.970850546460512,1.22715862970088,0.200012469786179,0.245481983462429,-4.85395009370359,4.99897635008599,0.0399191262744435,0.037764148206069,0.132374349793009,0.0991932126459482,FALSE,FALSE,TRUE,TRUE
"Peptacetobacter",-0.0935184753117807,-0.722527428271359,NA,0.153923813513736,NA,-4.69405877997483,1,1,1,1,FALSE,FALSE,TRUE,TRUE
"Anaerovorax",-1.52932302272398,1.21575570127286,NA,0.154544692158912,NA,7.86669334474946,1,0.0804942505041498,1,0.18444334124085,FALSE,FALSE,TRUE,TRUE
"Guopingia",-0.532019789651544,-0.678886101415895,0.0803446510432483,0.163275732517511,-6.62172008644565,-4.15791183997955,0.00701459880175714,0.0252970612658115,0.031678833298258,0.0814755641737059,TRUE,FALSE,FALSE,TRUE
"GGB6613",-0.42562701218764,0.571034206099042,NA,0.153923813513736,NA,3.70984965265356,1,1,1,1,FALSE,FALSE,TRUE,TRUE
"GGB51441",-0.890625408176018,1.12499780931847,0.035092273444885,0.187694143317061,-25.379530043125,5.993782168355,0.00154889835470042,0.0267246391528471,0.011412935245161,0.085032942759059,TRUE,FALSE,FALSE,TRUE
"Lactonifactor",0.727826986809231,-3.51212886581986,NA,0.153923813513736,NA,-22.8173197223083,1,1,1,1,FALSE,FALSE,TRUE,TRUE
"GGB45613",-0.378946823842912,-0.651829633945606,NA,0.153923813513736,NA,-4.23475496783634,1,1,1,1,FALSE,FALSE,TRUE,TRUE
"Lachnospiraceae",-0.184714156199899,0.294404963039033,0.126528023412192,0.217142846266301,-1.45986755517513,1.35581239769685,0.152335466049609,0.182958159800439,0.304670932099218,0.305765691721281,FALSE,FALSE,TRUE,TRUE
"Bifidobacteriaceae",0.123413794862843,-0.172238626849124,0.332345063334094,0.464685438059954,0.371342344082842,-0.370656389768129,0.713177720711652,0.713682938434758,1,0.845333189213985,FALSE,FALSE,TRUE,TRUE
"Firmicutes_unclassified",-0.147170865397861,0.280080909262318,0.298287226553855,0.457802448665451,-0.49338641516146,0.611794257717029,0.62521694236182,0.5451350771257,0.977903422668487,0.722896515318863,FALSE,FALSE,TRUE,TRUE
"Coriobacteriaceae",-0.581574634289395,1.19805911594267,0.356311247252518,0.417453676818277,-1.63220958859386,2.86992110136379,0.113832838345783,0.00772944337252094,0.247992969253313,0.0349256330165761,FALSE,TRUE,TRUE,FALSE
"Eubacteriales_unclassified",-0.438383884047268,0.710423316708712,0.31620503860214,0.416657097495468,-1.38639120358502,1.7050551184153,0.17350267646318,0.0961388141751076,0.34140849239529,0.192277628350215,FALSE,FALSE,TRUE,TRUE
"Clostridiaceae",0.227404618002844,-0.355028457636871,0.217948017773679,0.389492270432678,1.04338924632471,-0.911516054586855,0.303360649896054,0.367770002594138,0.552388049064457,0.540577594174516,FALSE,FALSE,TRUE,TRUE
"FGB79266",-1.6166664593627,2.40451176651519,NA,0.153530141766983,NA,15.6614964256634,1,0.0405936133663308,1,0.103175433972757,FALSE,FALSE,TRUE,TRUE
"Eggerthellaceae",-0.553541842437808,0.826534702875522,0.348951780856767,0.44360374744966,-1.58629894674479,1.86322750343609,0.122820752631823,0.0719286240999177,0.25834710036349,0.153952493687543,FALSE,FALSE,TRUE,TRUE
"Streptococcaceae",-0.734548683061618,1.06877809905703,0.479765048530676,0.58295570036635,-1.53105918263792,1.8333779022752,0.136975983521279,0.077398202913444,0.278517833159935,0.16004374161763,FALSE,FALSE,TRUE,TRUE
"Turicibacteraceae",-1.00368540063478,0.763808371070353,NA,0.247616998158801,NA,3.0846362598278,1,0.0273253305284955,1,0.0812531872121178,FALSE,FALSE,TRUE,TRUE
"Peptostreptococcaceae",0.0444416770502837,-0.473851562506254,0.251677436907554,0.36166688678641,0.176581888294611,-1.31018785467661,0.861923416697709,0.207560065393469,1,0.342193621324367,FALSE,FALSE,TRUE,TRUE
"Erysipelotrichaceae",-0.434645953215593,0.640870751353898,0.326842488530196,0.450440457599472,-1.32983308005696,1.42276463080001,0.192426318278706,0.163915354497941,0.372635092539716,0.285681046410698,FALSE,FALSE,TRUE,TRUE
"Eubacteriales_Family_XIII_Incertae_Sedis",-1.20471555912289,1.75174019280835,0.251244498336439,0.32315840134833,-4.79499279426877,5.42068590975658,0.000198341589269974,5.66097773528646e-05,0.00186135953007207,0.0024874241314144,TRUE,TRUE,FALSE,FALSE
"Oscillospiraceae",0.0993577968883849,-0.171473040025758,0.270666233020141,0.41494054304491,0.367086044608274,-0.413247254094425,0.71553923810428,0.681688922784156,1,0.828516149952278,FALSE,FALSE,TRUE,TRUE
"FGB3012",0.061684083552737,-0.179897287795524,0.142734325236165,0.258407253726075,0.432160123016491,-0.696177391313575,0.671773123659511,0.496964239225602,1,0.688973149835494,FALSE,FALSE,TRUE,TRUE
"FGB3072",0.0813352631044314,-0.0538559755581873,0.228192981994265,0.280336508084351,0.356431921760309,-0.192111886982564,0.733716051052504,0.853991595748766,1,0.95584380441605,FALSE,FALSE,TRUE,TRUE
"Micrococcaceae",-1.9108995894405,2.64551724493222,0.035092273444885,0.157617605295596,-54.4535705970064,16.784401970648,0.0116897425451702,0.0378844661775309,0.0475382863503587,0.0983384015672078,TRUE,FALSE,FALSE,TRUE
"FGB1227",-1.16632419300008,1.67918181716026,0.34640807941837,0.474783398612107,-3.3669081707285,3.53673237537131,0.00392481845752129,0.00274230389204197,0.0191531140727039,0.0185867263793956,TRUE,TRUE,FALSE,FALSE
"Bacteroidaceae",0.0657434175852749,-0.0855931236075919,0.17360054985742,0.372641564457237,0.37870512299224,-0.229692905385529,0.707014558577128,0.819562332955257,1,0.943269854910767,FALSE,FALSE,TRUE,TRUE
"Acidaminococcaceae",0.00166983314686424,0.197650912055189,0.24706603098761,0.336659580286221,0.00675865128115478,0.587094274540326,0.994657108628001,0.562018064542403,1,0.737271009399712,FALSE,FALSE,TRUE,TRUE
"Christensenellaceae",-0.8370912694714,0.49359743144516,0.0803446510432484,0.284374556263456,-10.4187554317811,1.73572993987504,2.54058176926096e-06,0.116631032112792,5.16584959749728e-05,0.209681900248839,TRUE,FALSE,FALSE,TRUE
"Coprobacillaceae",-0.0857892498811678,0.131905517742164,0.193117703359664,0.268483449444741,-0.444232964604976,0.491298506537227,0.675441721081002,0.644019770075062,1,0.801738897440383,FALSE,FALSE,TRUE,TRUE
"Actinomycetaceae",1.32664630012085,-2.00622786889506,NA,0.165123023280617,NA,-12.1498978703024,1,0.00120022288927116,1,0.0122704161660191,FALSE,TRUE,TRUE,FALSE
"FGB3057",0.312114553418975,-0.583221463842126,0.154933945029866,0.281702206865772,2.01450078198686,-2.07034751460085,0.0651253488814153,0.0588926883890816,0.158905851270653,0.133053851545703,FALSE,FALSE,TRUE,TRUE
"FGB3038",0.578983108509011,-0.99542397208969,0.09057638947422,0.349056883797852,6.39220785758746,-2.85175287551747,2.45435548755784e-06,0.00955117298296642,5.16584959749728e-05,0.0374508665024197,TRUE,TRUE,FALSE,FALSE
"Tannerellaceae",-0.201268869949107,0.521204426285206,0.181885613329756,0.236724541077098,-1.10656838803523,2.20173381227702,0.276482179861466,0.034783194552869,0.511073120349983,0.0943011052322225,FALSE,FALSE,TRUE,TRUE
"Rikenellaceae",-0.130442170121348,0.377575889010112,0.345362281486651,0.411679439230242,-0.37769663079548,0.917159938121037,0.708003627913348,0.365519131809368,1,0.540577594174516,FALSE,FALSE,TRUE,TRUE
"FGB3054",0.0746598908558232,0.230707283465525,0.281736675878516,0.366475897276588,0.264998834897933,0.629529213735452,0.795507502740162,0.540803252736093,1,0.722896515318863,FALSE,FALSE,TRUE,TRUE
"Desulfovibrionaceae",0.134400447000659,0.0536510776500178,0.150568868160633,0.259272990924707,0.89261776781954,0.206928910946987,0.379409350961258,0.837511488834743,0.617172544230314,0.94607779294295,FALSE,FALSE,TRUE,TRUE
"Sutterellaceae",0.0415361664826034,0.134139762736433,0.234978696197259,0.347547518141467,0.176765669206602,0.385960928317813,0.860842279545093,0.702161804614675,1,0.839840589833239,FALSE,FALSE,TRUE,TRUE
"FGB1011",-0.0924131353506071,0.235626445152738,0.139857515610671,0.267286683763626,-0.660766315968766,0.881549510192258,0.527327725064382,0.403727992248547,0.835506265686423,0.579468412403797,FALSE,FALSE,TRUE,TRUE
"FGB2979",1.22355791597017,-1.57787885823341,NA,0.154081279475907,NA,-10.2405617580566,1,1,1,1,FALSE,FALSE,TRUE,TRUE
"Odoribacteraceae",0.184894074312893,-0.248042072360964,0.19974103409378,0.373626830601986,0.925668955063505,-0.663876499343795,0.361768584680327,0.511677033875281,0.617172544230314,0.701399979020048,FALSE,FALSE,TRUE,TRUE
"FGB2898",1.57636152517603,-2.16483974367487,0.0909776025679957,0.225914743991902,17.3269187215378,-9.58255183093525,2.36816109173935e-06,7.38246056866556e-05,5.16584959749728e-05,0.0024874241314144,TRUE,TRUE,FALSE,FALSE
"Akkermansiaceae",0.0926095639174054,0.0983359089341094,0.298812225860721,0.40485275629013,0.309925618507228,0.242893020749596,0.760384509500689,0.810994703283399,1,0.942298607624521,FALSE,FALSE,TRUE,TRUE
"FGB1814",-0.584684177034139,1.96509860001535,0.110198397556684,0.184066506719314,-5.30574119041423,10.6760248512346,0.0337355613204755,0.00865985817543005,0.10289346202745,0.0352167565800822,FALSE,TRUE,TRUE,FALSE
"Enterobacteriaceae",0.459281475494944,-0.620965619174667,0.49008942760584,0.60288156432967,0.937138100975985,-1.0299960322474,0.361092269751733,0.316654207624131,0.617172544230314,0.489010295318278,FALSE,FALSE,TRUE,TRUE
"FGB3041",0.919144605291742,-0.936297480507479,0.14506312020058,0.206091119215944,6.33617010319943,-4.5431238573964,0.00317658591166599,0.0104721954198455,0.016849716574924,0.0387153891279135,TRUE,TRUE,FALSE,FALSE
"FGB3023",-0.372557803518734,0.651559228515791,0.210155063480672,0.299117020250251,-1.77277576541951,2.17827533843001,0.0914980631523045,0.0415232222825566,0.209721366015105,0.103384349356569,FALSE,FALSE,TRUE,TRUE
"FGB3069",0.649683083607823,-0.526471336681784,0.0909081153674981,0.209624450483249,7.1465906094463,-2.51149775452294,5.38630406433752e-05,0.0332289941188074,0.000730143439832419,0.0921349382385114,TRUE,FALSE,FALSE,TRUE
"Eubacteriaceae",0.274062720219797,-0.200066882338165,0.298521462970192,0.385929354546154,0.918067054519169,-0.518402863066585,0.367022359933978,0.608561265619682,0.617172544230314,0.78983483410214,FALSE,FALSE,TRUE,TRUE
"Bacteria_unclassified",0.135247821395116,-0.161435634776558,0.14935468069142,0.333741114708367,0.905547926379017,-0.483715154237514,0.377137277995532,0.634420250794404,0.617172544230314,0.801611490103905,FALSE,FALSE,TRUE,TRUE
"FGB75721",0.266590339340542,-0.187613827723983,0.0790998530218421,0.195664150412082,3.37030132365641,-0.958856424791441,0.00624889474435623,0.358232583804722,0.0282357466226467,0.539560187952791,TRUE,FALSE,FALSE,TRUE
"Clostridia_unclassified",-0.508222435163207,0.680145822271551,0.238114115772226,0.349203195288583,-2.13436500190253,1.9477079002942,0.0541321805289231,0.0752276020523455,0.143831137432196,0.158237369834244,FALSE,FALSE,TRUE,TRUE
"FGB1292",-0.295956678773792,0.400709954352095,0.130769185206584,0.24046375130246,-2.2631989203439,1.6664048206088,0.0378834416907057,0.115085807542841,0.112726338689417,0.209681900248839,FALSE,FALSE,TRUE,TRUE
"FGB3004",-0.390230414334313,0.59017313726948,0.152698296021878,0.221857504634053,-2.55556495717806,2.66014502526274,0.026728900981468,0.0221809552589176,0.0885878744318438,0.0693865779894344,FALSE,FALSE,TRUE,TRUE
"Prevotellaceae",-0.224759746956486,0.681560042580618,0.29599135246633,0.408913249850512,-0.75934565345808,1.66675949686096,0.460241204004346,0.117768281042595,0.738808248533293,0.209681900248839,FALSE,FALSE,TRUE,TRUE
"FGB2404",-1.16048923693585,1.9614759397016,0.117079223585325,0.215605469998542,-9.91199976732083,9.09752400862033,0.000178346770104122,0.000268564278306701,0.00181319216272524,0.00546080699223625,TRUE,TRUE,FALSE,FALSE
"Barnesiellaceae",-0.152598246843584,0.520103678457738,0.326023749103657,0.371365872743871,-0.46805868364843,1.40051554714736,0.646471231268786,0.181704672655943,0.99834797740243,0.305765691721281,FALSE,FALSE,TRUE,TRUE
"Eubacteriales_incertae_sedis",0.0430071050876778,0.307342980781204,0.32182111576791,0.385858793307359,0.13363667882717,0.796516720914501,0.895025437292321,0.435085482449361,1,0.610119871940484,FALSE,FALSE,TRUE,TRUE
"Veillonellaceae",-0.00519583318764552,-0.171279095280442,0.288547011080961,0.347448496404794,-0.0180068861853075,-0.492962545680135,0.985803350162222,0.627154291737874,1,0.801611490103905,FALSE,FALSE,FALSE,FALSE
"FGB77988",1.39318835806363,-1.89841520822357,NA,0.166382814064629,NA,-11.4099236684755,1,0.0556530648703068,1,0.129912648816264,FALSE,FALSE,TRUE,TRUE
"FGB4806",-0.509032572709187,1.51170709421937,0.130334627956453,0.192053648110555,-3.90558196766606,7.87127507908186,0.0174588742895219,0.00140808054364153,0.0637306046912262,0.0122704161660191,FALSE,TRUE,TRUE,FALSE
"FGB38642",2.6875060569946,-3.89816676611304,0.0802939918045399,0.307316851882466,33.4708238635939,-12.6845200392847,4.73386197987028e-08,1.4719781370494e-05,5.77531161544174e-06,0.00179581332720027,TRUE,TRUE,FALSE,FALSE
"FGB1765",0.120923391250692,0.203275566354433,0.347684431191147,0.421850724323337,0.347796393518154,0.481866107212436,0.733166819406555,0.637346840492449,1,0.801611490103905,FALSE,FALSE,TRUE,TRUE
"FGB2107",0.326954762620491,-0.0942697878769305,0.134271658735328,0.21983638273888,2.43502438042397,-0.428817954073159,0.0590142019806025,0.685902714304755,0.149994430034031,0.828516149952278,FALSE,FALSE,TRUE,TRUE
"FGB2106",1.31854854371816,-1.33525693045741,NA,0.191686153010836,NA,-6.9658496948495,1,0.00607058623019965,1,0.0296244608033743,FALSE,TRUE,TRUE,FALSE
"FGB2890",0.372788132713271,-0.0974685177198473,0.0992342089896097,0.20936692417398,3.75664941061105,-0.465539235026697,0.0329656368333088,0.673258812833396,0.10289346202745,0.828516149952278,FALSE,FALSE,TRUE,TRUE
"FGB3070",0.649201498039282,-0.8576164086584,0.218073495424262,0.298764866186055,2.97698487739769,-2.87053969767757,0.0176815887407755,0.0208116698088132,0.0637306046912262,0.0686445413705614,FALSE,FALSE,TRUE,TRUE
"FGB1211",-0.657740254585975,1.34268571175699,0.0620943629776832,0.165372523204799,-10.5925920332312,8.11915840513723,0.00179763887772383,0.00390584271390446,0.0109655971541154,0.022691086242683,TRUE,TRUE,FALSE,FALSE
"FGB3047",1.87758123726186,-3.21176278980113,0.112951067824857,0.211991177877616,16.6229613709652,-15.1504549479663,0.000473932208289242,0.000624344016341936,0.00340116055360515,0.00932213260046329,TRUE,TRUE,FALSE,FALSE
"FGB2834",0.613158151983046,-0.701144119167354,0.108554367778639,0.218509336797822,5.64839687734517,-3.20876045592548,0.000149169807119419,0.00832387557318414,0.00165442876986992,0.0350176834458091,TRUE,TRUE,FALSE,FALSE
"Candidatus_Gastranaerophilales_unclassified",1.93155401019962,-2.99853363041755,0.0502533219382862,0.257197030553596,38.4363448166009,-11.6585079694095,2.24620272105952e-07,8.15548895545705e-05,1.3701836598463e-05,0.0024874241314144,TRUE,TRUE,FALSE,FALSE
"FGB1354",-0.260518754319462,0.985500708556523,0.260001790648809,0.296373321019198,-1.00198830811651,3.32520047745015,0.355031214489523,0.0159012319923248,0.617172544230314,0.0554271515161035,FALSE,FALSE,TRUE,TRUE
"FGB658",0.555377792574868,-0.00367142985399912,NA,0.154081279475907,NA,-0.0238278775104097,1,1,1,1,FALSE,FALSE,TRUE,TRUE
"Muribaculaceae",-0.717261258704695,1.60299201104776,0.119290323087962,0.329828803869152,-6.01273632376538,4.86007283852531,0.00385247393512549,0.00827885642802282,0.0191531140727039,0.0350176834458091,TRUE,TRUE,FALSE,FALSE
"FGB2982",0.0222630637018229,0.358679916624343,NA,0.153631512824661,NA,2.33467672113405,1,0.101713424638547,1,0.198229338539748,FALSE,FALSE,TRUE,TRUE
"FGB9989",0.95349701554418,-1.00544774555555,0.0863776988081961,0.167492350360177,11.0386943470379,-6.00294725934307,0.000382900302671726,0.00387555472652372,0.00291961480787191,0.022691086242683,TRUE,TRUE,FALSE,FALSE
"FGB79237",-0.0218206156523244,1.77567774268547,0.091831415673337,0.170114582383799,-0.237616021623196,10.4381277477984,0.851483212360143,0.060804272678153,1,0.134874932122448,FALSE,FALSE,TRUE,TRUE
"Victivallaceae",0.165939873396406,0.0426318346884421,0.10921052668222,0.189339707851591,1.51944943804966,0.225160560202501,0.203275519895926,0.832889759724536,0.3815325142662,0.94607779294295,FALSE,FALSE,TRUE,TRUE
"Enterococcaceae",1.51230817762938,-2.01346178297011,NA,0.246787218756063,NA,-8.15869554800697,1,0.00122850638752299,1,0.0122704161660191,FALSE,TRUE,TRUE,FALSE
"FGB1787",3.05105113732403,-4.09056550206714,0.0516813237165726,0.279616192383496,59.0358550809652,-14.6292153798336,4.93012059017079e-07,0.000127015953002348,2.00491570666945e-05,0.00309918925325728,TRUE,TRUE,FALSE,FALSE
"FGB1670",0.204224345403543,0.513935425975033,0.0590820033124378,0.178432597677827,3.45662526579477,2.88027766598445,0.0744661425315516,0.102364330557411,0.178134693899006,0.198229338539748,FALSE,FALSE,TRUE,TRUE
"FGB1226",-0.163578832255205,1.13065990595232,0.17024589088302,0.221925032028575,-0.960838651709978,5.09478311489774,0.373738197675529,0.00223282028372464,0.617172544230314,0.0169393554328059,FALSE,TRUE,TRUE,FALSE
"FGB2378",-1.80964026017262,2.64990546830203,0.035092273444885,0.180695322339277,-51.5680542332144,14.6650474068527,1.60598281638746e-05,0.000687698306591554,0.000279899862284672,0.00932213260046329,TRUE,TRUE,FALSE,FALSE
"Candidatus_Borkfalkiaceae",0.357083965103469,-0.399604514469983,0.261663065534147,0.311674912635716,1.36467087693303,-1.2821196004859,0.197399645948958,0.224016749873199,0.376293075090201,0.364400579793737,FALSE,FALSE,TRUE,TRUE
"FGB2840",0.616055819472196,-1.39166717601128,0.227384951903555,0.269770809866397,2.70930778098937,-5.15870185028729,0.113503958985641,0.0355832024803176,0.247992969253313,0.0943728413608422,FALSE,FALSE,TRUE,TRUE
"FGB9272",0.368922918915746,0.065999773381312,0.035092273444885,0.186711410663843,10.5129386813643,0.353485484077556,0.0603741833520773,0.78369153210844,0.150319395284764,0.919330451127208,FALSE,FALSE,TRUE,TRUE
"FGB4405",-1.26060303055048,3.64563137109067,0.273096869182159,0.308945936043267,-4.61595562895171,11.8002243945365,0.019132691260087,0.00130823065811326,0.0666910952494462,0.0122704161660191,FALSE,TRUE,TRUE,FALSE
"FGB3062",0.62892436349664,-1.10243817267752,0.0840180611830661,0.165705876048118,7.48558529726463,-6.65298177089021,0.0173823551391925,0.0218547504297887,0.0637306046912262,0.0693865779894344,FALSE,FALSE,TRUE,TRUE
"FGB14936",0.372273113086713,-0.38377140480787,0.127950537446904,0.193243905401933,2.90950800610116,-1.98594312203354,0.0436996744877669,0.117996689691302,0.126937149702561,0.209681900248839,FALSE,FALSE,TRUE,TRUE
"FGB1258",0.470549077920484,-1.41579012766952,0.0656037512408998,0.1576472534753,7.17259408219826,-8.98074718372014,0.00558286231154177,0.00291393899111909,0.0261965077695421,0.0187105556271858,TRUE,TRUE,FALSE,FALSE
"FGB1473",0.253551013145451,-0.39666291316258,0.129423586105328,0.200177717475504,1.95907887252565,-1.98155378213422,0.121683100247959,0.118590582927622,0.25834710036349,0.209681900248839,FALSE,FALSE,TRUE,TRUE
"FGB2875",1.03700077323392,-1.42780527809662,0.0990813407328228,0.180951753998443,10.4661560447617,-7.89053019131775,0.000137341057476591,0.000525771261494544,0.00165442876986992,0.00916344198604776,TRUE,TRUE,FALSE,FALSE
"Methanobacteriaceae",0.553318480751802,-0.504820977505448,0.119335356193835,0.239175969313402,4.63666844763973,-2.11066763502466,0.00167345266406988,0.0678028313992595,0.0107453276324487,0.147713311262673,TRUE,FALSE,FALSE,TRUE
"FGB30328",-0.177260593108397,-0.353935381057924,NA,0.153666234279388,NA,-2.30327360280344,1,0.260764244380965,1,0.413158932655556,FALSE,FALSE,TRUE,TRUE
"FGB72939",-1.08061601221621,1.97443999828689,0.1536743202849,0.218083567230346,-7.0318580893205,9.053593644685,0.00215513108461219,0.000824793627887693,0.011951181469213,0.0100624822602299,TRUE,TRUE,FALSE,FALSE
"FGB28775",-1.72145404723731,2.15513515083232,0.075687107470751,0.162669570145715,-22.7443497943499,13.2485451882722,0.00192750661043488,0.00564899835655097,0.011197895546336,0.0287157416458008,TRUE,TRUE,FALSE,FALSE
"FGB2918",0.835771531184675,-1.13917477588208,0.0461236799465042,0.157523012368142,18.1202265767612,-7.23179907974178,0.000366638942112143,0.00545276265222848,0.00291961480787191,0.0287157416458008,TRUE,TRUE,FALSE,FALSE
"FGB79291",-0.141954948828544,0.590294459144,0.0645746007571856,0.159498826747246,-2.19830935327538,3.70093292334637,0.0928274898755383,0.0208184264812358,0.209721366015105,0.0686445413705614,FALSE,FALSE,TRUE,TRUE
"FGB1249",0.259754183033455,-0.189601531921823,0.106953194683746,0.276175838315664,2.42867156798384,-0.686524690494873,0.0512549421281477,0.518019936865309,0.142115975900773,0.702204803306308,FALSE,FALSE,TRUE,TRUE
"FGB1260",-0.548963495994142,0.739794034436159,NA,0.175080605337721,NA,4.22544823288185,1,0.0242409253333954,1,0.0739348222668561,FALSE,FALSE,TRUE,TRUE
"Bacteroidales_unclassified",0.416477484109976,-0.382837389792218,0.0562562686001621,0.252386456797703,7.40321913403222,-1.51686978235554,0.0177609881926368,0.268576459979141,0.0637306046912262,0.420081129710964,FALSE,FALSE,TRUE,TRUE
"Lactobacillaceae",0.721683150099637,-1.12678199073717,0.1000373309376,0.335457424425791,7.2141383954936,-3.35894187665069,0.000359447375185846,0.0152495849122671,0.00291961480787191,0.0547190988028409,TRUE,FALSE,FALSE,TRUE
"Atopobiaceae",0.764694616235014,-0.835868767826448,0.035092273444885,0.155268215332579,21.7909682436512,-5.38338620068537,0.029194363176624,0.116923698484695,0.0937292712512666,0.209681900248839,FALSE,FALSE,TRUE,TRUE
"FGB10477",1.59197505407816,-3.92019191152971,0.136341656291342,0.197151589542996,11.6763658105806,-19.8841506711502,0.0543893636967306,0.0319894915106355,0.143831137432196,0.0907608828906404,FALSE,FALSE,TRUE,TRUE
"Selenomonadaceae",-0.815248279703234,1.99847418463581,NA,0.166396127743512,NA,12.010340695646,1,0.0528839903093514,1,0.129036936354818,FALSE,FALSE,TRUE,TRUE
"FGB2985",1.06407659971736,-1.97607494417449,0.0928500937600318,0.170632321433979,11.4601564374014,-11.5808946837723,0.0554103562238789,0.0548355358036676,0.143831137432196,0.129912648816264,FALSE,FALSE,TRUE,TRUE
"FGB2897",1.50464128957856,-2.35603470729562,NA,0.154081279475907,NA,-15.2908563279683,1,1,1,1,FALSE,FALSE,TRUE,TRUE
"FGB12107",0.48798587392836,-0.267977078108124,0.035092273444885,0.155096129349046,13.9057925299362,-1.72781280379368,0.0457022321764306,0.334009072384814,0.129666798268012,0.509363835386841,FALSE,FALSE,TRUE,TRUE
"FGB667",0.452824185202662,-0.203976849170346,NA,0.153664065754257,NA,-1.32742061827617,1,0.41102447865125,1,0.583081237156425,FALSE,FALSE,TRUE,TRUE
"Porphyromonadaceae",1.55426642398946,-2.29460432909647,NA,0.154081279475907,NA,-14.8921681913686,1,1,1,1,FALSE,FALSE,TRUE,TRUE
"FGB45503",0.956818121778646,-1.09970772467484,NA,0.154081279475907,NA,-7.13719232093211,1,1,1,1,FALSE,FALSE,TRUE,TRUE
"FGB2844",0.473233815780083,-0.212351082172567,0.143573687650114,0.201744138666337,3.2961040670164,-1.05257621647077,0.0810163150086737,0.402938774248202,0.190076739058811,0.579468412403797,FALSE,FALSE,TRUE,TRUE
"Oxalobacteraceae",-0.732193119256357,2.20128091801415,0.122496773646836,0.188864601443834,-5.97724411393321,11.6553388045498,0.0268668143768707,0.00728092979530903,0.0885878744318438,0.0341643628856808,FALSE,TRUE,TRUE,FALSE
"FGB2952",-2.11128909800956,3.501276484361,NA,0.153941517280219,NA,22.7441988764321,1,0.0279724087123684,1,0.0812531872121178,FALSE,FALSE,TRUE,TRUE
"FGB9718",-2.34082770432653,4.70492389413094,NA,0.154081279475907,NA,30.5353376486378,1,1,1,1,FALSE,FALSE,TRUE,TRUE
"FGB1380",-0.281081560607487,0.41659705824313,0.235830342592479,0.285667238410949,-1.19188038959518,1.45832984055326,0.318999067029538,0.240827786026513,0.572321855552995,0.386591972305718,FALSE,FALSE,TRUE,TRUE
"FGB2846",0.73281147578699,-0.709332117353455,NA,0.191769406818586,NA,-3.69888048944368,1,0.16809305550317,1,0.288835954526573,FALSE,FALSE,TRUE,TRUE
"FGB9491",1.74679140698194,-2.84891197263492,NA,0.194708427098906,NA,-14.6316829481025,1,0.0046385419961773,1,0.0257228237969832,FALSE,TRUE,TRUE,FALSE
"Pseudomonadaceae",0.061795000895548,0.628351533327426,NA,0.154081279475907,NA,4.0780524114591,1,1,1,1,FALSE,FALSE,TRUE,TRUE
"FGB2960",1.6752376922725,-2.84393287802098,NA,0.154081279475907,NA,-18.4573550251812,1,1,1,1,FALSE,FALSE,TRUE,TRUE
"FGB1359",0.535410089263219,-1.26992036924724,0.111370308971213,0.180961985323325,4.80747601590665,-7.01760851583424,0.130561083482795,0.0901108233575594,0.26997376584578,0.183225340827037,FALSE,FALSE,TRUE,TRUE
"FGB1126",1.57139976207445,-2.00625339057413,0.035092273444885,0.207842449358076,44.7790811998102,-9.65276052495757,2.45169276036166e-05,0.00236040198653853,0.000373883145955154,0.0169393554328059,TRUE,TRUE,FALSE,FALSE
"FGB3043",-0.362749944477739,1.39272304250047,NA,0.154081279475907,NA,9.03888549756131,1,1,1,1,FALSE,FALSE,TRUE,TRUE
"Pasteurellaceae",-0.636758469110569,1.78237632945565,0.0616174946421502,0.177968644667459,-10.3340532231732,10.015114363466,0.00923443430369769,0.00982317809899534,0.0388483098293489,0.0374508665024197,TRUE,TRUE,FALSE,FALSE
"Fusobacteriaceae",-1.51889495725086,4.06253034883502,NA,0.154081279475907,NA,26.3661514406769,1,1,1,1,FALSE,FALSE,TRUE,TRUE
"FGB1217",1.31265062372078,-2.1408654803072,0.0865722376954687,0.193816031305637,15.1624892536362,-11.0458637806445,0.000622873902739856,0.00158929247139272,0.00422170089634791,0.0129262454339941,TRUE,TRUE,FALSE,FALSE
"FGB3048",-1.06639331041359,2.43958817009937,NA,0.154081279475907,NA,15.8331250778641,1,1,1,1,FALSE,FALSE,TRUE,TRUE
"FGB1374",-0.676945265397068,0.684934799897822,0.0627336377896075,0.169999068886569,-10.790786079828,4.0290503023569,0.0084789641024353,0.056437462190672,0.0369440578748967,0.129912648816264,TRUE,FALSE,FALSE,TRUE
"FGB3009",-0.901782821900126,0.0305746660189522,NA,0.154081279475907,NA,0.198432062110005,1,1,1,1,FALSE,FALSE,TRUE,TRUE
"FGB45628",-0.378946823842912,-0.651829633945606,NA,0.154081279475907,NA,-4.23042718857699,1,1,1,1,FALSE,FALSE,TRUE,TRUE
"Eubacteriales",-0.0919761910524721,0.142314700197243,0.151146829519579,0.238703784454654,-0.608522132715711,0.596197921714467,0.546369368549702,0.554487909994678,0.840568259307235,0.729589355256156,FALSE,FALSE,TRUE,TRUE
"Bifidobacteriales",0.123413794862843,-0.172238626849124,0.332345063334094,0.464685438059954,0.371342344082842,-0.370656389768129,0.713177720711652,0.713682938434758,1,0.859858961969588,FALSE,FALSE,TRUE,TRUE
"Firmicutes_unclassified",-0.147170865397861,0.280080909262318,0.298287226553855,0.457802448665451,-0.49338641516146,0.611794257717029,0.62521694236182,0.5451350771257,0.947298397517909,0.726846769500933,FALSE,FALSE,TRUE,TRUE
"Coriobacteriales",-0.46680682410226,0.982218393502874,0.357066575461493,0.449338666822725,-1.30733834019309,2.18592003320823,0.201368685221417,0.0370417741759632,0.362991999814154,0.092604435439908,FALSE,FALSE,TRUE,TRUE
"OFGB79266",-1.6166664593627,2.40451176651519,NA,0.153530141766983,NA,15.6614964256634,1,0.0405936133663308,1,0.0988648149584681,FALSE,FALSE,TRUE,TRUE
"Eggerthellales",-0.553541842437808,0.826534702875522,0.348951780856767,0.44360374744966,-1.58629894674479,1.86322750343609,0.122820752631823,0.0719286240999177,0.240825005160438,0.143857248199835,FALSE,FALSE,TRUE,TRUE
"Lactobacillales",-0.4912016504192,0.633073953305026,0.45937938225266,0.624737092739546,-1.06927230388637,1.01334459032826,0.292946755589443,0.318496730127849,0.513941676472706,0.48999496942746,FALSE,FALSE,TRUE,TRUE
"Erysipelotrichales",-0.468447091863684,0.690426809392026,0.360472356806538,0.488314513887029,-1.29953679670115,1.41389778463918,0.202020349602624,0.165981957947239,0.362991999814154,0.284903483903678,FALSE,FALSE,TRUE,TRUE
"OFGB3012",0.061684083552737,-0.179897287795524,0.142734325236165,0.258407253726075,0.432160123016491,-0.696177391313575,0.671773123659511,0.496964239225602,1,0.699949632712115,FALSE,FALSE,TRUE,TRUE
"OFGB3072",0.0813352631044314,-0.0538559755581873,0.228192981994265,0.280336508084351,0.356431921760309,-0.192111886982564,0.733716051052504,0.853991595748766,1,0.970444995169052,FALSE,FALSE,TRUE,TRUE
"Micrococcales",-1.53360283863767,2.82795636804003,0.0478724828867147,0.158048678742396,-32.0351639639579,17.892945328884,0.000972997862629803,0.00310890448153252,0.00608123664143627,0.0172716915640695,TRUE,TRUE,FALSE,FALSE
"OFGB1227",-1.16632419300008,1.67918181716026,0.34640807941837,0.474783398612107,-3.3669081707285,3.53673237537131,0.00392481845752129,0.00274230389204197,0.0178400838978241,0.0171393993252623,TRUE,TRUE,FALSE,FALSE
"Bacteroidales",0.203603543831379,-0.34243606501227,0.120710010654632,0.51617465176494,1.68671631066222,-0.663411238505008,0.0996424657934376,0.510969875876477,0.207588470402995,0.709616351870286,FALSE,FALSE,TRUE,TRUE
"Acidaminococcales",0.00166983314686424,0.197650912055189,0.24706603098761,0.336659580286221,0.00675865128115478,0.587094274540326,0.994657108628001,0.562018064542403,1,0.729893590314809,FALSE,FALSE,TRUE,TRUE
"Actinomycetales",1.32664630012085,-2.00622786889506,NA,0.165123023280617,NA,-12.1498978703024,1,0.00120022288927116,1,0.0117340045303461,FALSE,TRUE,TRUE,FALSE
"OFGB3057",0.312114553418975,-0.583221463842126,0.154933945029866,0.281702206865772,2.01450078198686,-2.07034751460085,0.0651253488814153,0.0588926883890816,0.151454299724222,0.125303592317195,FALSE,FALSE,TRUE,TRUE
"OFGB3038",0.578983108509011,-0.99542397208969,0.09057638947422,0.349056883797852,6.39220785758746,-2.85175287551747,2.45435548755784e-06,0.00955117298296642,4.90871097511569e-05,0.0350827789249834,TRUE,TRUE,FALSE,FALSE
"OFGB3054",0.0746598908558232,0.230707283465525,0.281736675878516,0.366475897276588,0.264998834897933,0.629529213735452,0.795507502740162,0.540803252736093,1,0.726846769500933,FALSE,FALSE,TRUE,TRUE
"Desulfovibrionales",0.134400447000659,0.0536510776500178,0.150568868160633,0.259272990924707,0.89261776781954,0.206928910946987,0.379409350961258,0.837511488834743,0.60223706501787,0.962656883718095,FALSE,FALSE,TRUE,TRUE
"Burkholderiales",-0.0752233243321673,0.317618962588211,0.234602571566818,0.3011624295038,-0.320641516543406,1.05464338002428,0.750633603975964,0.299739222345437,1,0.475776543405455,FALSE,FALSE,TRUE,TRUE
"OFGB1011",-0.0924131353506071,0.235626445152738,0.139857515610671,0.267286683763626,-0.660766315968766,0.881549510192258,0.527327725064382,0.403727992248547,0.823949570413097,0.585113032244271,FALSE,FALSE,TRUE,TRUE
"OFGB2979",1.22355791597017,-1.57787885823341,NA,0.154081279475907,NA,-10.2405617580566,1,1,1,1,FALSE,FALSE,TRUE,TRUE
"OFGB2898",1.57636152517603,-2.16483974367487,0.0909776025679957,0.225914743991902,17.3269187215378,-9.58255183093525,2.36816109173935e-06,7.38246056866556e-05,4.90871097511569e-05,0.00271849631848568,TRUE,TRUE,FALSE,FALSE
"Verrucomicrobiales",0.0926095639174054,0.0983359089341094,0.298812225860721,0.40485275629013,0.309925618507228,0.242893020749596,0.760384509500689,0.810994703283399,1,0.954111415627529,FALSE,FALSE,TRUE,TRUE
"OFGB1814",-0.584684177034139,1.96509860001535,0.110198397556684,0.184066506719314,-5.30574119041423,10.6760248512346,0.0337355613204755,0.00865985817543005,0.102228973698411,0.0333071468285771,FALSE,TRUE,TRUE,FALSE
"Enterobacterales",0.459159078727997,-0.620761624563088,0.49008942760584,0.602912286442222,0.936888357235245,-1.02960519883613,0.361217270964393,0.316832740555765,0.602028784940655,0.48999496942746,FALSE,FALSE,TRUE,TRUE
"OFGB3041",0.919144605291742,-0.936297480507479,0.14506312020058,0.206091119215944,6.33617010319943,-4.5431238573964,0.00317658591166599,0.0104721954198455,0.0151265995793619,0.0361110186891223,TRUE,TRUE,FALSE,FALSE
"OFGB3023",-0.372557803518734,0.651559228515791,0.210155063480672,0.299117020250251,-1.77277576541951,2.17827533843001,0.0914980631523045,0.0415232222825566,0.197505297607528,0.0988648149584681,FALSE,FALSE,TRUE,TRUE
"OFGB3069",0.649683083607823,-0.526471336681784,0.0909081153674981,0.209624450483249,7.1465906094463,-2.51149775452294,5.38630406433752e-05,0.0332289941188074,0.00067328800804219,0.0874447213652826,TRUE,FALSE,FALSE,TRUE
"Bacteria_unclassified",0.135247821395116,-0.161435634776558,0.14935468069142,0.333741114708367,0.905547926379017,-0.483715154237514,0.377137277995532,0.634420250794404,0.60223706501787,0.796683550615561,FALSE,FALSE,TRUE,TRUE
"OFGB75721",0.266590339340542,-0.187613827723983,0.0790998530218421,0.195664150412082,3.37030132365641,-0.958856424791441,0.00624889474435623,0.358232583804722,0.0260370614348176,0.534675498216003,TRUE,FALSE,FALSE,TRUE
"Clostridia_unclassified",-0.508222435163207,0.680145822271551,0.238114115772226,0.349203195288583,-2.13436500190253,1.9477079002942,0.0541321805289231,0.0752276020523455,0.138525890559697,0.147505102063423,FALSE,FALSE,TRUE,TRUE
"OFGB1292",-0.295956678773792,0.400709954352095,0.130769185206584,0.24046375130246,-2.2631989203439,1.6664048206088,0.0378834416907057,0.115085807542841,0.111421887325605,0.208053654258986,FALSE,FALSE,TRUE,TRUE
"OFGB3004",-0.390230414334313,0.59017313726948,0.152698296021878,0.221857504634053,-2.55556495717806,2.66014502526274,0.026728900981468,0.0221809552589176,0.0862222612305418,0.0652381037026987,FALSE,FALSE,TRUE,TRUE
"OFGB2404",-1.16048923693585,1.9614759397016,0.117079223585325,0.215605469998542,-9.91199976732083,9.09752400862033,0.000178346770104122,0.000268564278306701,0.00162133427367383,0.00537128556613402,TRUE,TRUE,FALSE,FALSE
"Veillonellales",-0.00519583318764552,-0.171279095280442,0.288547011080961,0.347448496404794,-0.0180068861853075,-0.492962545680135,0.985803350162222,0.627154291737874,1,0.796683550615561,FALSE,FALSE,FALSE,FALSE
"OFGB77988",1.39318835806363,-1.89841520822357,NA,0.166382814064629,NA,-11.4099236684755,1,0.0556530648703068,1,0.122690135197113,FALSE,FALSE,TRUE,TRUE
"OFGB4806",-0.509032572709187,1.51170709421937,0.130334627956453,0.192053648110555,-3.90558196766606,7.87127507908186,0.0174588742895219,0.00140808054364153,0.0609709956578464,0.0117340045303461,FALSE,TRUE,TRUE,FALSE
"OFGB38642",2.6875060569946,-3.89816676611304,0.0802939918045399,0.307316851882466,33.4708238635939,-12.6845200392847,4.73386197987028e-08,1.4719781370494e-05,4.73386197987028e-06,0.0014719781370494,TRUE,TRUE,FALSE,FALSE
"OFGB1765",0.120923391250692,0.203275566354433,0.347684431191147,0.421850724323337,0.347796393518154,0.481866107212436,0.733166819406555,0.637346840492449,1,0.796683550615561,FALSE,FALSE,TRUE,TRUE
"OFGB2107",0.326954762620491,-0.0942697878769305,0.134271658735328,0.21983638273888,2.43502438042397,-0.428817954073159,0.0590142019806025,0.685902714304755,0.143748055600184,0.836466724761897,FALSE,FALSE,TRUE,TRUE
"OFGB2106",1.31854854371816,-1.33525693045741,NA,0.191686153010836,NA,-6.9658496948495,1,0.00607058623019965,1,0.0252941092924986,FALSE,TRUE,TRUE,FALSE
"OFGB2890",0.372788132713271,-0.0974685177198473,0.0992342089896097,0.20936692417398,3.75664941061105,-0.465539235026697,0.0329656368333088,0.673258812833396,0.102228973698411,0.831183719547403,FALSE,FALSE,TRUE,TRUE
"OFGB3070",0.649201498039282,-0.8576164086584,0.218073495424262,0.298764866186055,2.97698487739769,-2.87053969767757,0.0176815887407755,0.0208116698088132,0.0609709956578464,0.065057582753862,FALSE,FALSE,TRUE,TRUE
"OFGB1211",-0.657740254585975,1.34268571175699,0.0620943629776832,0.165372523204799,-10.5925920332312,8.11915840513723,0.00179763887772383,0.00390584271390446,0.00998688265402128,0.0195292135695223,TRUE,TRUE,FALSE,FALSE
"OFGB3047",1.87758123726186,-3.21176278980113,0.112951067824857,0.211991177877616,16.6229613709652,-15.1504549479663,0.000473932208289242,0.000624344016341936,0.00338523005920887,0.00859622883239442,TRUE,TRUE,FALSE,FALSE
"OFGB2834",0.613158151983046,-0.701144119167354,0.108554367778639,0.218509336797822,5.64839687734517,-3.20876045592548,0.000149169807119419,0.00832387557318414,0.00149169807119419,0.0332955022927365,TRUE,TRUE,FALSE,FALSE
"Candidatus_Gastranaerophilales",1.93155401019962,-2.99853363041755,0.0502533219382862,0.257197030553596,38.4363448166009,-11.6585079694095,2.24620272105952e-07,8.15548895545705e-05,1.12310136052976e-05,0.00271849631848568,TRUE,TRUE,FALSE,FALSE
"OFGB1354",-0.260518754319462,0.985500708556523,0.260001790648809,0.296373321019198,-1.00198830811651,3.32520047745015,0.355031214489523,0.0159012319923248,0.601747821168682,0.0530041066410826,FALSE,FALSE,TRUE,TRUE
"OFGB658",0.555377792574868,-0.00367142985399912,NA,0.154081279475907,NA,-0.0238278775104097,1,1,1,1,FALSE,FALSE,TRUE,TRUE
"OFGB2982",0.0222630637018229,0.358679916624343,NA,0.153631512824661,NA,2.33467672113405,1,0.101713424638547,1,0.189563575106316,FALSE,FALSE,TRUE,TRUE
"OFGB9989",0.95349701554418,-1.00544774555555,0.0863776988081961,0.167492350360177,11.0386943470379,-6.00294725934307,0.000382900302671726,0.00387555472652372,0.00294538694362866,0.0195292135695223,TRUE,TRUE,FALSE,FALSE
"OFGB79237",-0.0218206156523244,1.77567774268547,0.091831415673337,0.170114582383799,-0.237616021623196,10.4381277477984,0.851483212360143,0.060804272678153,1,0.126675568079485,FALSE,FALSE,TRUE,TRUE
"Victivallales",0.165939873396406,0.0426318346884421,0.10921052668222,0.189339707851591,1.51944943804966,0.225160560202501,0.203275519895926,0.832889759724536,0.362991999814154,0.962656883718095,FALSE,FALSE,TRUE,TRUE
"OFGB1787",3.05105113732403,-4.09056550206714,0.0516813237165726,0.279616192383496,59.0358550809652,-14.6292153798336,4.93012059017079e-07,0.000127015953002348,1.64337353005693e-05,0.00317539882505869,TRUE,TRUE,FALSE,FALSE
"OFGB1670",0.204224345403543,0.513935425975033,0.0590820033124378,0.178432597677827,3.45662526579477,2.88027766598445,0.0744661425315516,0.102364330557411,0.169241233026254,0.189563575106316,FALSE,FALSE,TRUE,TRUE
"OFGB1226",-0.163578832255205,1.13065990595232,0.17024589088302,0.221925032028575,-0.960838651709978,5.09478311489774,0.373738197675529,0.00223282028372464,0.60223706501787,0.0157360132435902,FALSE,TRUE,TRUE,FALSE
"OFGB2378",-1.80964026017262,2.64990546830203,0.035092273444885,0.180695322339277,-51.5680542332144,14.6650474068527,1.60598281638746e-05,0.000687698306591554,0.000267663802731244,0.00859622883239442,TRUE,TRUE,FALSE,FALSE
"Candidatus_Borkfalkiales",0.357083965103469,-0.399604514469983,0.261663065534147,0.311674912635716,1.36467087693303,-1.2821196004859,0.197399645948958,0.224016749873199,0.362991999814154,0.373361249788665,FALSE,FALSE,TRUE,TRUE
"OFGB2840",0.616055819472196,-1.39166717601128,0.227384951903555,0.269770809866397,2.70930778098937,-5.15870185028729,0.113503958985641,0.0355832024803176,0.231640732623757,0.091238980718763,FALSE,FALSE,TRUE,TRUE
"OFGB9272",0.368922918915746,0.065999773381312,0.035092273444885,0.186711410663843,10.5129386813643,0.353485484077556,0.0603741833520773,0.78369153210844,0.143748055600184,0.932966109652905,FALSE,FALSE,TRUE,TRUE
"OFGB4405",-1.26060303055048,3.64563137109067,0.273096869182159,0.308945936043267,-4.61595562895171,11.8002243945365,0.019132691260087,0.00130823065811326,0.0637756375336234,0.0117340045303461,FALSE,TRUE,TRUE,FALSE
"OFGB3062",0.62892436349664,-1.10243817267752,0.0840180611830661,0.165705876048118,7.48558529726463,-6.65298177089021,0.0173823551391925,0.0218547504297887,0.0609709956578464,0.0652381037026987,FALSE,FALSE,TRUE,TRUE
"OFGB14936",0.372273113086713,-0.38377140480787,0.127950537446904,0.193243905401933,2.90950800610116,-1.98594312203354,0.0436996744877669,0.117996689691302,0.124856212822191,0.208053654258986,FALSE,FALSE,TRUE,TRUE
"OFGB1258",0.470549077920484,-1.41579012766952,0.0656037512408998,0.1576472534753,7.17259408219826,-8.98074718372014,0.00558286231154177,0.00291393899111909,0.0242733143980077,0.0171408175948182,TRUE,TRUE,FALSE,FALSE
"OFGB1473",0.253551013145451,-0.39666291316258,0.129423586105328,0.200177717475504,1.95907887252565,-1.98155378213422,0.121683100247959,0.118590582927622,0.240825005160438,0.208053654258986,FALSE,FALSE,TRUE,TRUE
"OFGB2875",1.03700077323392,-1.42780527809662,0.0990813407328228,0.180951753998443,10.4661560447617,-7.89053019131775,0.000137341057476591,0.000525771261494544,0.00149169807119419,0.00859622883239442,TRUE,TRUE,FALSE,FALSE
"Methanobacteriales",0.553318480751802,-0.504820977505448,0.119335356193835,0.239175969313402,4.63666844763973,-2.11066763502466,0.00167345266406988,0.0678028313992595,0.00984383920041103,0.138373125304611,TRUE,FALSE,FALSE,TRUE
"OFGB30328",-0.177260593108397,-0.353935381057924,NA,0.153666234279388,NA,-2.30327360280344,1,0.260764244380965,1,0.420587490937041,FALSE,FALSE,TRUE,TRUE
"OFGB72939",-1.08061601221621,1.97443999828689,0.1536743202849,0.218083567230346,-7.0318580893205,9.053593644685,0.00215513108461219,0.000824793627887693,0.0107756554230609,0.00916437364319659,TRUE,TRUE,FALSE,FALSE
"OFGB28775",-1.72145404723731,2.15513515083232,0.075687107470751,0.162669570145715,-22.7443497943499,13.2485451882722,0.00192750661043488,0.00564899835655097,0.0101447716338678,0.0245608624197868,TRUE,TRUE,FALSE,FALSE
"OFGB2918",0.835771531184675,-1.13917477588208,0.0461236799465042,0.157523012368142,18.1202265767612,-7.23179907974178,0.000366638942112143,0.00545276265222848,0.00294538694362866,0.0245608624197868,TRUE,TRUE,FALSE,FALSE
"OFGB79291",-0.141954948828544,0.590294459144,0.0645746007571856,0.159498826747246,-2.19830935327538,3.70093292334637,0.0928274898755383,0.0208184264812358,0.197505297607528,0.065057582753862,FALSE,FALSE,TRUE,TRUE
"OFGB1249",0.259754183033455,-0.189601531921823,0.106953194683746,0.276175838315664,2.42867156798384,-0.686524690494873,0.0512549421281477,0.518019936865309,0.138525890559697,0.709616351870286,FALSE,FALSE,TRUE,TRUE
"OFGB1260",-0.548963495994142,0.739794034436159,NA,0.175080605337721,NA,4.22544823288185,1,0.0242409253333954,1,0.0692597866668441,FALSE,FALSE,TRUE,TRUE
"OFGB10477",1.59197505407816,-3.92019191152971,0.136341656291342,0.197151589542996,11.6763658105806,-19.8841506711502,0.0543893636967306,0.0319894915106355,0.138525890559697,0.0864580851638798,FALSE,FALSE,TRUE,TRUE
"Selenomonadales",-0.815248279703234,1.99847418463581,NA,0.166396127743512,NA,12.010340695646,1,0.0528839903093514,1,0.122690135197113,FALSE,FALSE,TRUE,TRUE
"OFGB2985",1.06407659971736,-1.97607494417449,0.0928500937600318,0.170632321433979,11.4601564374014,-11.5808946837723,0.0554103562238789,0.0548355358036676,0.138525890559697,0.122690135197113,FALSE,FALSE,TRUE,TRUE
"OFGB2897",1.50464128957856,-2.35603470729562,NA,0.154081279475907,NA,-15.2908563279683,1,1,1,1,FALSE,FALSE,TRUE,TRUE
"OFGB12107",0.48798587392836,-0.267977078108124,0.035092273444885,0.155096129349046,13.9057925299362,-1.72781280379368,0.0457022321764306,0.334009072384814,0.12695064493453,0.506074352098203,FALSE,FALSE,TRUE,TRUE
"OFGB667",0.452824185202662,-0.203976849170346,NA,0.153664065754257,NA,-1.32742061827617,1,0.41102447865125,1,0.587177826644643,FALSE,FALSE,TRUE,TRUE
"OFGB45503",0.956818121778646,-1.09970772467484,NA,0.154081279475907,NA,-7.13719232093211,1,1,1,1,FALSE,FALSE,TRUE,TRUE
"OFGB2844",0.473233815780083,-0.212351082172567,0.143573687650114,0.201744138666337,3.2961040670164,-1.05257621647077,0.0810163150086737,0.402938774248202,0.18003625557483,0.585113032244271,FALSE,FALSE,TRUE,TRUE
"OFGB2952",-2.11128909800956,3.501276484361,NA,0.153941517280219,NA,22.7441988764321,1,0.0279724087123684,1,0.0777011353121345,FALSE,FALSE,TRUE,TRUE
"OFGB9718",-2.34082770432653,4.70492389413094,NA,0.154081279475907,NA,30.5353376486378,1,1,1,1,FALSE,FALSE,TRUE,TRUE
"OFGB1380",-0.281081560607487,0.41659705824313,0.235830342592479,0.285667238410949,-1.19188038959518,1.45832984055326,0.318999067029538,0.240827786026513,0.549998391430238,0.394799649223791,FALSE,FALSE,TRUE,TRUE
"OFGB2846",0.73281147578699,-0.709332117353455,NA,0.191769406818586,NA,-3.69888048944368,1,0.16809305550317,1,0.284903483903678,FALSE,FALSE,TRUE,TRUE
"OFGB9491",1.74679140698194,-2.84891197263492,NA,0.194708427098906,NA,-14.6316829481025,1,0.0046385419961773,1,0.0220882952198919,FALSE,TRUE,TRUE,FALSE
"Pseudomonadales",0.061795000895548,0.628351533327426,NA,0.154081279475907,NA,4.0780524114591,1,1,1,1,FALSE,FALSE,TRUE,TRUE
"OFGB2960",1.6752376922725,-2.84393287802098,NA,0.154081279475907,NA,-18.4573550251812,1,1,1,1,FALSE,FALSE,TRUE,TRUE
"OFGB1359",0.535410089263219,-1.26992036924724,0.111370308971213,0.180961985323325,4.80747601590665,-7.01760851583424,0.130561083482795,0.0901108233575594,0.251079006697683,0.173290044918383,FALSE,FALSE,TRUE,TRUE
"OFGB1126",1.57139976207445,-2.00625339057413,0.035092273444885,0.207842449358076,44.7790811998102,-9.65276052495757,2.45169276036166e-05,0.00236040198653853,0.000350241822908809,0.0157360132435902,TRUE,TRUE,FALSE,FALSE
"OFGB3043",-0.362749944477739,1.39272304250047,NA,0.154081279475907,NA,9.03888549756131,1,1,1,1,FALSE,FALSE,TRUE,TRUE
"Pasteurellales",-0.636758469110569,1.78237632945565,0.0616174946421502,0.177968644667459,-10.3340532231732,10.015114363466,0.00923443430369769,0.00982317809899534,0.0355170550142219,0.0350827789249834,TRUE,TRUE,FALSE,FALSE
"Fusobacteriales",-1.51889495725086,4.06253034883502,NA,0.154081279475907,NA,26.3661514406769,1,1,1,1,FALSE,FALSE,TRUE,TRUE
"OFGB1217",1.31265062372078,-2.1408654803072,0.0865722376954687,0.193816031305637,15.1624892536362,-11.0458637806445,0.000622873902739856,0.00158929247139272,0.00415249268493237,0.0122253267030209,TRUE,TRUE,FALSE,FALSE
"OFGB3048",-1.06639331041359,2.43958817009937,NA,0.154081279475907,NA,15.8331250778641,1,1,1,1,FALSE,FALSE,TRUE,TRUE
"OFGB1374",-0.676945265397068,0.684934799897822,0.0627336377896075,0.169999068886569,-10.790786079828,4.0290503023569,0.0084789641024353,0.056437462190672,0.0339158564097412,0.122690135197113,TRUE,FALSE,FALSE,TRUE
"OFGB3009",-0.901782821900126,0.0305746660189522,NA,0.154081279475907,NA,0.198432062110005,1,1,1,1,FALSE,FALSE,TRUE,TRUE
"OFGB45628",-0.378946823842912,-0.651829633945606,NA,0.154081279475907,NA,-4.23042718857699,1,1,1,1,FALSE,FALSE,TRUE,TRUE
"Clostridia",-0.0918139531949526,0.142048630110911,0.150860703348791,0.238479397882194,-0.608600856000772,0.595643193384281,0.546317707062453,0.554854772900522,0.814998546601364,0.711151892027429,FALSE,FALSE,TRUE,TRUE
"Actinomycetia",0.345662881731561,-0.595271690836724,0.281138371926044,0.461909381566477,1.22951157240994,-1.28871963764402,0.228436103017621,0.207345460234552,0.399763180280838,0.34941549780267,FALSE,FALSE,TRUE,TRUE
"Firmicutes_unclassified",-0.147170865397861,0.280080909262318,0.298287226553855,0.457802448665451,-0.49338641516146,0.611794257717029,0.62521694236182,0.5451350771257,0.903091138967073,0.70867560026341,FALSE,FALSE,TRUE,TRUE
"Coriobacteriia",-0.586716587466119,1.00398755621742,0.340662187658088,0.422369951410771,-1.72228268567038,2.37703357652211,0.0933691461154791,0.0227359675428921,0.188813162144636,0.0646554077000995,FALSE,FALSE,TRUE,TRUE
"CFGB79266",-1.6166664593627,2.40451176651519,NA,0.153530141766983,NA,15.6614964256634,1,0.0405936133663308,1,0.0968875186592987,FALSE,FALSE,TRUE,TRUE
"Bacilli",-0.4912016504192,0.633073953305026,0.45937938225266,0.624737092739546,-1.06927230388637,1.01334459032826,0.292946755589443,0.318496730127849,0.502984052049798,0.499710386924728,FALSE,FALSE,TRUE,TRUE
"Erysipelotrichia",-0.468447091863684,0.690426809392026,0.360472356806538,0.488314513887029,-1.29953679670115,1.41389778463918,0.202020349602624,0.165981957947239,0.362707300206457,0.288612604731858,FALSE,FALSE,TRUE,TRUE
"CFGB3012",0.061684083552737,-0.179897287795524,0.142734325236165,0.258407253726075,0.432160123016491,-0.696177391313575,0.671773123659511,0.496964239225602,0.955177410203367,0.695749934915843,FALSE,FALSE,TRUE,TRUE
"CFGB3072",0.0813352631044314,-0.0538559755581873,0.228192981994265,0.280336508084351,0.356431921760309,-0.192111886982564,0.733716051052504,0.853991595748766,1,0.971415440164221,FALSE,FALSE,TRUE,TRUE
"CFGB1227",-1.16632419300008,1.67918181716026,0.34640807941837,0.474783398612107,-3.3669081707285,3.53673237537131,0.00392481845752129,0.00274230389204197,0.0170075466492589,0.0165730280119898,TRUE,TRUE,FALSE,FALSE
"Bacteroidia",0.203603543831379,-0.34243606501227,0.120710010654632,0.51617465176494,1.68671631066222,-0.663411238505008,0.0996424657934376,0.510969875876477,0.197118791026148,0.703579317234972,FALSE,FALSE,TRUE,TRUE
"Negativicutes",0.168682464966688,-0.264192489911753,0.299358887724494,0.425393435784434,0.563479061032354,-0.621054458502814,0.576508037870332,0.538371279278329,0.84616502332581,0.70867560026341,FALSE,FALSE,TRUE,TRUE
"CFGB3057",0.312114553418975,-0.583221463842126,0.154933945029866,0.281702206865772,2.01450078198686,-2.07034751460085,0.0651253488814153,0.0588926883890816,0.14816016870522,0.124633363800149,FALSE,FALSE,TRUE,TRUE
"CFGB3038",0.578983108509011,-0.99542397208969,0.09057638947422,0.349056883797852,6.39220785758746,-2.85175287551747,2.45435548755784e-06,0.00955117298296642,4.46692698735528e-05,0.0347662696579978,TRUE,TRUE,FALSE,FALSE
"CFGB3054",0.0746598908558232,0.230707283465525,0.281736675878516,0.366475897276588,0.264998834897933,0.629529213735452,0.795507502740162,0.540803252736093,1,0.70867560026341,FALSE,FALSE,TRUE,TRUE
"Deltaproteobacteria",0.134400447000659,0.0536510776500178,0.150568868160633,0.259272990924707,0.89261776781954,0.206928910946987,0.379409350961258,0.837511488834743,0.595280188577147,0.964728423847615,FALSE,FALSE,TRUE,TRUE
"Betaproteobacteria",-0.0752233243321673,0.317618962588211,0.234602571566818,0.3011624295038,-0.320641516543406,1.05464338002428,0.750633603975964,0.299739222345437,1,0.478531039183066,FALSE,FALSE,TRUE,TRUE
"CFGB1011",-0.0924131353506071,0.235626445152738,0.139857515610671,0.267286683763626,-0.660766315968766,0.881549510192258,0.527327725064382,0.403727992248547,0.799780383014313,0.592568504751899,FALSE,FALSE,TRUE,TRUE
"CFGB2979",1.22355791597017,-1.57787885823341,NA,0.154081279475907,NA,-10.2405617580566,1,1,1,1,FALSE,FALSE,TRUE,TRUE
"CFGB2898",1.57636152517603,-2.16483974367487,0.0909776025679957,0.225914743991902,17.3269187215378,-9.58255183093525,2.36816109173935e-06,7.38246056866556e-05,4.46692698735528e-05,0.00247383164982197,TRUE,TRUE,FALSE,FALSE
"Verrucomicrobiae",0.0926095639174054,0.0983359089341094,0.298812225860721,0.40485275629013,0.309925618507228,0.242893020749596,0.760384509500689,0.810994703283399,1,0.958448285698563,FALSE,FALSE,TRUE,TRUE
"CFGB1814",-0.584684177034139,1.96509860001535,0.110198397556684,0.184066506719314,-5.30574119041423,10.6760248512346,0.0337355613204755,0.00865985817543005,0.099030196134299,0.0328352955818389,FALSE,TRUE,TRUE,FALSE
"Gammaproteobacteria",0.384991242450687,-0.486275050217791,0.533745159425317,0.650447247103761,0.721301609302099,-0.747601058168856,0.478678303674815,0.462990871905824,0.738300434481494,0.658315145991093,FALSE,FALSE,TRUE,TRUE
"CFGB3041",0.919144605291742,-0.936297480507479,0.14506312020058,0.206091119215944,6.33617010319943,-4.5431238573964,0.00317658591166599,0.0104721954198455,0.0144534658980803,0.0366526839694591,TRUE,TRUE,FALSE,FALSE
"CFGB3023",-0.372557803518734,0.651559228515791,0.210155063480672,0.299117020250251,-1.77277576541951,2.17827533843001,0.0914980631523045,0.0415232222825566,0.188813162144636,0.0968875186592987,FALSE,FALSE,TRUE,TRUE
"CFGB3069",0.649683083607823,-0.526471336681784,0.0909081153674981,0.209624450483249,7.1465906094463,-2.51149775452294,5.38630406433752e-05,0.0332289941188074,0.000612692087318392,0.0839955129114298,TRUE,FALSE,FALSE,TRUE
"Bacteria_unclassified",0.135247821395116,-0.161435634776558,0.14935468069142,0.333741114708367,0.905547926379017,-0.483715154237514,0.377137277995532,0.634420250794404,0.595280188577147,0.79450085595634,FALSE,FALSE,TRUE,TRUE
"CFGB75721",0.266590339340542,-0.187613827723983,0.0790998530218421,0.195664150412082,3.37030132365641,-0.958856424791441,0.00624889474435623,0.358232583804722,0.0247238879015833,0.543319418770495,TRUE,FALSE,FALSE,TRUE
"CFGB1292",-0.295956678773792,0.400709954352095,0.130769185206584,0.24046375130246,-2.2631989203439,1.6664048206088,0.0378834416907057,0.115085807542841,0.107731037307944,0.211602804831639,FALSE,FALSE,TRUE,TRUE
"CFGB3004",-0.390230414334313,0.59017313726948,0.152698296021878,0.221857504634053,-2.55556495717806,2.66014502526274,0.026728900981468,0.0221809552589176,0.083873447907365,0.0646554077000995,FALSE,FALSE,TRUE,TRUE
"CFGB2404",-1.16048923693585,1.9614759397016,0.117079223585325,0.215605469998542,-9.91199976732083,9.09752400862033,0.000178346770104122,0.000268564278306701,0.00147541418904319,0.00488786986518196,TRUE,TRUE,FALSE,FALSE
"CFGB77988",1.39318835806363,-1.89841520822357,NA,0.166382814064629,NA,-11.4099236684755,1,0.0556530648703068,1,0.122281168079789,FALSE,FALSE,TRUE,TRUE
"CFGB4806",-0.509032572709187,1.51170709421937,0.130334627956453,0.192053648110555,-3.90558196766606,7.87127507908186,0.0174588742895219,0.00140808054364153,0.059593502792984,0.01164866631558,FALSE,TRUE,TRUE,FALSE
"CFGB38642",2.6875060569946,-3.89816676611304,0.0802939918045399,0.307316851882466,33.4708238635939,-12.6845200392847,4.73386197987028e-08,1.4719781370494e-05,4.30781440168195e-06,0.00133950010471495,TRUE,TRUE,FALSE,FALSE
"CFGB1765",0.120923391250692,0.203275566354433,0.347684431191147,0.421850724323337,0.347796393518154,0.481866107212436,0.733166819406555,0.637346840492449,1,0.79450085595634,FALSE,FALSE,TRUE,TRUE
"CFGB2107",0.326954762620491,-0.0942697878769305,0.134271658735328,0.21983638273888,2.43502438042397,-0.428817954073159,0.0590142019806025,0.685902714304755,0.14087309448818,0.83222862668977,FALSE,FALSE,TRUE,TRUE
"CFGB2106",1.31854854371816,-1.33525693045741,NA,0.191686153010836,NA,-6.9658496948495,1,0.00607058623019965,1,0.0251101521340077,FALSE,TRUE,TRUE,FALSE
"CFGB2890",0.372788132713271,-0.0974685177198473,0.0992342089896097,0.20936692417398,3.75664941061105,-0.465539235026697,0.0329656368333088,0.673258812833396,0.099030196134299,0.827926377943771,FALSE,FALSE,TRUE,TRUE
"CFGB3070",0.649201498039282,-0.8576164086584,0.218073495424262,0.298764866186055,2.97698487739769,-2.87053969767757,0.0176815887407755,0.0208116698088132,0.059593502792984,0.0646554077000995,FALSE,FALSE,TRUE,TRUE
"CFGB1211",-0.657740254585975,1.34268571175699,0.0620943629776832,0.165372523204799,-10.5925920332312,8.11915840513723,0.00179763887772383,0.00390584271390446,0.00962265516899227,0.0197462048314059,TRUE,TRUE,FALSE,FALSE
"CFGB3047",1.87758123726186,-3.21176278980113,0.112951067824857,0.211991177877616,16.6229613709652,-15.1504549479663,0.000473932208289242,0.000624344016341936,0.00308055935388007,0.00782256823747893,TRUE,TRUE,FALSE,FALSE
"CFGB2834",0.613158151983046,-0.701144119167354,0.108554367778639,0.218509336797822,5.64839687734517,-3.20876045592548,0.000149169807119419,0.00832387557318414,0.00135744524478671,0.0328352955818389,TRUE,TRUE,FALSE,FALSE
"Candidatus_Melainabacteria_unclassified",1.93155401019962,-2.99853363041755,0.0502533219382862,0.257197030553596,38.4363448166009,-11.6585079694095,2.24620272105952e-07,8.15548895545705e-05,1.02202223808208e-05,0.00247383164982197,TRUE,TRUE,FALSE,FALSE
"CFGB1354",-0.260518754319462,0.985500708556523,0.260001790648809,0.296373321019198,-1.00198830811651,3.32520047745015,0.355031214489523,0.0159012319923248,0.587415282155392,0.0535930411593168,FALSE,FALSE,TRUE,TRUE
"CFGB658",0.555377792574868,-0.00367142985399912,NA,0.154081279475907,NA,-0.0238278775104097,1,1,1,1,FALSE,FALSE,TRUE,TRUE
"CFGB2982",0.0222630637018229,0.358679916624343,NA,0.153631512824661,NA,2.33467672113405,1,0.101713424638547,1,0.194065710015091,FALSE,FALSE,TRUE,TRUE
"CFGB9989",0.95349701554418,-1.00544774555555,0.0863776988081961,0.167492350360177,11.0386943470379,-6.00294725934307,0.000382900302671726,0.00387555472652372,0.00268030211870208,0.0197462048314059,TRUE,TRUE,FALSE,FALSE
"CFGB79237",-0.0218206156523244,1.77567774268547,0.091831415673337,0.170114582383799,-0.237616021623196,10.4381277477984,0.851483212360143,0.060804272678153,1,0.125754291220726,FALSE,FALSE,TRUE,TRUE
"Lentisphaeria",0.165939873396406,0.0426318346884421,0.10921052668222,0.189339707851591,1.51944943804966,0.225160560202501,0.203275519895926,0.832889759724536,0.362707300206457,0.964728423847615,FALSE,FALSE,TRUE,TRUE
"CFGB1787",3.05105113732403,-4.09056550206714,0.0516813237165726,0.279616192383496,59.0358550809652,-14.6292153798336,4.93012059017079e-07,0.000127015953002348,1.49546991235181e-05,0.00288961293080341,TRUE,TRUE,FALSE,FALSE
"CFGB1670",0.204224345403543,0.513935425975033,0.0590820033124378,0.178432597677827,3.45662526579477,2.88027766598445,0.0744661425315516,0.102364330557411,0.165278511472468,0.194065710015091,FALSE,FALSE,TRUE,TRUE
"CFGB1226",-0.163578832255205,1.13065990595232,0.17024589088302,0.221925032028575,-0.960838651709978,5.09478311489774,0.373738197675529,0.00223282028372464,0.595280188577147,0.0153426129125004,FALSE,TRUE,TRUE,FALSE
"CFGB2378",-1.80964026017262,2.64990546830203,0.035092273444885,0.180695322339277,-51.5680542332144,14.6650474068527,1.60598281638746e-05,0.000687698306591554,0.000243574060485432,0.00782256823747893,TRUE,TRUE,FALSE,FALSE
"CFGB2840",0.616055819472196,-1.39166717601128,0.227384951903555,0.269770809866397,2.70930778098937,-5.15870185028729,0.113503958985641,0.0355832024803176,0.219762984419007,0.0875154439380783,FALSE,FALSE,TRUE,TRUE
"CFGB9272",0.368922918915746,0.065999773381312,0.035092273444885,0.186711410663843,10.5129386813643,0.353485484077556,0.0603741833520773,0.78369153210844,0.14087309448818,0.938367492393,FALSE,FALSE,TRUE,TRUE
"CFGB4405",-1.26060303055048,3.64563137109067,0.273096869182159,0.308945936043267,-4.61595562895171,11.8002243945365,0.019132691260087,0.00130823065811326,0.0621812465952829,0.01164866631558,FALSE,TRUE,TRUE,FALSE
"CFGB3062",0.62892436349664,-1.10243817267752,0.0840180611830661,0.165705876048118,7.48558529726463,-6.65298177089021,0.0173823551391925,0.0218547504297887,0.059593502792984,0.0646554077000995,FALSE,FALSE,TRUE,TRUE
"CFGB14936",0.372273113086713,-0.38377140480787,0.127950537446904,0.193243905401933,2.90950800610116,-1.98594312203354,0.0436996744877669,0.117996689691302,0.120505162981418,0.211602804831639,FALSE,FALSE,TRUE,TRUE
"CFGB1258",0.470549077920484,-1.41579012766952,0.0656037512408998,0.1576472534753,7.17259408219826,-8.98074718372014,0.00558286231154177,0.00291393899111909,0.0230927486522864,0.0165730280119898,TRUE,TRUE,FALSE,FALSE
"CFGB1473",0.253551013145451,-0.39666291316258,0.129423586105328,0.200177717475504,1.95907887252565,-1.98155378213422,0.121683100247959,0.118590582927622,0.230690877553422,0.211602804831639,FALSE,FALSE,TRUE,TRUE
"CFGB2875",1.03700077323392,-1.42780527809662,0.0990813407328228,0.180951753998443,10.4661560447617,-7.89053019131775,0.000137341057476591,0.000525771261494544,0.00135744524478671,0.00782256823747893,TRUE,TRUE,FALSE,FALSE
"Methanobacteria",0.553318480751802,-0.504820977505448,0.119335356193835,0.239175969313402,4.63666844763973,-2.11066763502466,0.00167345266406988,0.0678028313992595,0.00951776202689741,0.137112392385169,TRUE,FALSE,FALSE,TRUE
"CFGB30328",-0.177260593108397,-0.353935381057924,NA,0.153666234279388,NA,-2.30327360280344,1,0.260764244380965,1,0.423741897119069,FALSE,FALSE,TRUE,TRUE
"CFGB72939",-1.08061601221621,1.97443999828689,0.1536743202849,0.218083567230346,-7.0318580893205,9.053593644685,0.00215513108461219,0.000824793627887693,0.0103219436157742,0.0083395800153089,TRUE,TRUE,FALSE,FALSE
"CFGB28775",-1.72145404723731,2.15513515083232,0.075687107470751,0.162669570145715,-22.7443497943499,13.2485451882722,0.00192750661043488,0.00564899835655097,0.00974461675275411,0.0244789928783875,TRUE,TRUE,FALSE,FALSE
"CFGB2918",0.835771531184675,-1.13917477588208,0.0461236799465042,0.157523012368142,18.1202265767612,-7.23179907974178,0.000366638942112143,0.00545276265222848,0.00268030211870208,0.0244789928783875,TRUE,TRUE,FALSE,FALSE
"CFGB79291",-0.141954948828544,0.590294459144,0.0645746007571856,0.159498826747246,-2.19830935327538,3.70093292334637,0.0928274898755383,0.0208184264812358,0.188813162144636,0.0646554077000995,FALSE,FALSE,TRUE,TRUE
"CFGB1249",0.259754183033455,-0.189601531921823,0.106953194683746,0.276175838315664,2.42867156798384,-0.686524690494873,0.0512549421281477,0.518019936865309,0.133262849533184,0.703579317234972,FALSE,FALSE,TRUE,TRUE
"CFGB1260",-0.548963495994142,0.739794034436159,NA,0.175080605337721,NA,4.22544823288185,1,0.0242409253333954,1,0.0668461880405753,FALSE,FALSE,TRUE,TRUE
"CFGB10477",1.59197505407816,-3.92019191152971,0.136341656291342,0.197151589542996,11.6763658105806,-19.8841506711502,0.0543893636967306,0.0319894915106355,0.136279524766837,0.0831726779276524,FALSE,FALSE,TRUE,TRUE
"CFGB2985",1.06407659971736,-1.97607494417449,0.0928500937600318,0.170632321433979,11.4601564374014,-11.5808946837723,0.0554103562238789,0.0548355358036676,0.136279524766837,0.122281168079789,FALSE,FALSE,TRUE,TRUE
"CFGB2897",1.50464128957856,-2.35603470729562,NA,0.154081279475907,NA,-15.2908563279683,1,1,1,1,FALSE,FALSE,TRUE,TRUE
"CFGB12107",0.48798587392836,-0.267977078108124,0.035092273444885,0.155096129349046,13.9057925299362,-1.72781280379368,0.0457022321764306,0.334009072384814,0.122320680236917,0.515166535373188,FALSE,FALSE,TRUE,TRUE
"CFGB667",0.452824185202662,-0.203976849170346,NA,0.153664065754257,NA,-1.32742061827617,1,0.41102447865125,1,0.593702024718473,FALSE,FALSE,TRUE,TRUE
"CFGB45503",0.956818121778646,-1.09970772467484,NA,0.154081279475907,NA,-7.13719232093211,1,1,1,1,FALSE,FALSE,TRUE,TRUE
"CFGB2844",0.473233815780083,-0.212351082172567,0.143573687650114,0.201744138666337,3.2961040670164,-1.05257621647077,0.0810163150086737,0.402938774248202,0.17553534918546,0.592568504751899,FALSE,FALSE,TRUE,TRUE
"CFGB2952",-2.11128909800956,3.501276484361,NA,0.153941517280219,NA,22.7441988764321,1,0.0279724087123684,1,0.0748673292007508,FALSE,FALSE,TRUE,TRUE
"CFGB9718",-2.34082770432653,4.70492389413094,NA,0.154081279475907,NA,30.5353376486378,1,1,1,1,FALSE,FALSE,TRUE,TRUE
"CFGB1380",-0.281081560607487,0.41659705824313,0.235830342592479,0.285667238410949,-1.19188038959518,1.45832984055326,0.318999067029538,0.240827786026513,0.537572501846074,0.398460518698412,FALSE,FALSE,TRUE,TRUE
"CFGB2846",0.73281147578699,-0.709332117353455,NA,0.191769406818586,NA,-3.69888048944368,1,0.16809305550317,1,0.288612604731858,FALSE,FALSE,TRUE,TRUE
"CFGB9491",1.74679140698194,-2.84891197263492,NA,0.194708427098906,NA,-14.6316829481025,1,0.0046385419961773,1,0.0222161748237965,FALSE,TRUE,TRUE,FALSE
"CFGB2960",1.6752376922725,-2.84393287802098,NA,0.154081279475907,NA,-18.4573550251812,1,1,1,1,FALSE,FALSE,TRUE,TRUE
"CFGB1359",0.535410089263219,-1.26992036924724,0.111370308971213,0.180961985323325,4.80747601590665,-7.01760851583424,0.130561083482795,0.0901108233575594,0.242470583610905,0.178262715772563,FALSE,FALSE,TRUE,TRUE
"CFGB1126",1.57139976207445,-2.00625339057413,0.035092273444885,0.207842449358076,44.7790811998102,-9.65276052495757,2.45169276036166e-05,0.00236040198653853,0.000318720058847016,0.0153426129125004,TRUE,TRUE,FALSE,FALSE
"CFGB3043",-0.362749944477739,1.39272304250047,NA,0.154081279475907,NA,9.03888549756131,1,1,1,1,FALSE,FALSE,TRUE,TRUE
"Fusobacteriia",-1.51889495725086,4.06253034883502,NA,0.154081279475907,NA,26.3661514406769,1,1,1,1,FALSE,FALSE,TRUE,TRUE
"CFGB1217",1.31265062372078,-2.1408654803072,0.0865722376954687,0.193816031305637,15.1624892536362,-11.0458637806445,0.000622873902739856,0.00158929247139272,0.00377876834328846,0.0120521345747281,TRUE,TRUE,FALSE,FALSE
"CFGB3048",-1.06639331041359,2.43958817009937,NA,0.154081279475907,NA,15.8331250778641,1,1,1,1,FALSE,FALSE,TRUE,TRUE
"CFGB1374",-0.676945265397068,0.684934799897822,0.0627336377896075,0.169999068886569,-10.790786079828,4.0290503023569,0.0084789641024353,0.056437462190672,0.0321494055550672,0.122281168079789,TRUE,FALSE,FALSE,TRUE
"CFGB3009",-0.901782821900126,0.0305746660189522,NA,0.154081279475907,NA,0.198432062110005,1,1,1,1,FALSE,FALSE,TRUE,TRUE
"CFGB45628",-0.378946823842912,-0.651829633945606,NA,0.154081279475907,NA,-4.23042718857699,1,1,1,1,FALSE,FALSE,TRUE,TRUE
"Firmicutes",-0.0925824075005525,0.143308895172103,0.169840890443772,0.236585833003937,-0.545112588956916,0.605737433017464,0.588780149111515,0.548198420241104,0.719860692650886,0.995118805472771,FALSE,FALSE,TRUE,TRUE
"Actinobacteria",-0.0249031376107157,0.0671421833241401,0.244970170124006,0.393519088599306,-0.101657836944431,0.170619889274308,0.919562798480298,0.865427891320469,1,0.995118805472771,FALSE,FALSE,TRUE,TRUE
"Bacteroidota",0.204191027315115,-0.343399537925599,0.129703394445957,0.518656808874129,1.57429208531774,-0.662093955097266,0.123498343979752,0.511804626597022,0.339620445944318,0.995118805472771,FALSE,FALSE,TRUE,TRUE
"Proteobacteria",0.146255618002283,-0.129867934113065,0.268259626620607,0.415317801093619,0.545201750426384,-0.312695323367059,0.588976930350725,0.756316426019626,0.719860692650886,0.995118805472771,FALSE,FALSE,TRUE,TRUE
"Verrucomicrobia",0.229657716857213,-0.0688064505618006,0.301211284465581,0.414072097054302,0.762447254473482,-0.166170217822664,0.455669061986766,0.869875271773537,0.716051383122062,0.995118805472771,FALSE,FALSE,TRUE,TRUE
"Bacteria_unclassified",0.130967892405694,-0.154851128638986,0.154098384839046,0.335813238475893,0.849897891807812,-0.46112276377723,0.406544887341981,0.650233664124642,0.716051383122062,0.995118805472771,FALSE,FALSE,TRUE,TRUE
"Candidatus_Melainabacteria",0.766074980503766,-0.942094043604297,0.192919163302354,0.2877341908406,3.97096362740869,-3.27418177468594,0.00411337892684812,0.0112854690166453,0.0150823893984431,0.0620700795915494,TRUE,FALSE,FALSE,TRUE
"Lentisphaerae",0.120695862141948,0.027280408513988,0.125188572455593,0.218351427538103,0.96411245670815,0.124938081795813,0.372222054077845,0.904653459520701,0.716051383122062,0.995118805472771,FALSE,FALSE,TRUE,TRUE
"Tenericutes",3.05105113732403,-4.09056550206714,0.0641127973704452,0.279919187082606,47.5888007146996,-14.6133801855461,1.16641968567074e-06,0.000127558926404402,1.28306165423782e-05,0.00140314819044842,TRUE,TRUE,FALSE,FALSE
"Euryarchaeota",0.553318480751802,-0.504820977505448,0.12522147900211,0.239530124516622,4.41871861889186,-2.107546925566,0.00223030148679807,0.0681328673502104,0.0122666581773894,0.249820513617438,TRUE,FALSE,FALSE,TRUE
"Fusobacteria",-1.51889495725086,4.06253034883502,NA,0.154630452818568,NA,26.2725114929444,1,1,1,1,FALSE,FALSE,TRUE,TRUE
"Bacteria",-0.110960924512451,0.173449663071614,0.162637232937309,0.211941373117738,-0.682260282645259,0.818385105843676,0.499106776521833,0.418109837234854,0.499106776521833,0.418109837234854,FALSE,FALSE,TRUE,TRUE
"Archaea",1.09400713833468,-1.27723334548098,0.200554054509607,0.283878670600046,5.45492406528372,-4.49922265304837,0.000605161124018261,0.00200415092258606,0.00121032224803652,0.00400830184517212,TRUE,TRUE,FALSE,FALSE
