"taxon","lfc_(Intercept)","lfc_ResponseResponder","se_(Intercept)","se_ResponseResponder","W_(Intercept)","W_ResponseResponder","p_(Intercept)","p_ResponseResponder","q_(Intercept)","q_ResponseResponder","diff_(Intercept)","diff_ResponseResponder","passed_ss_(Intercept)","passed_ss_ResponseResponder","diff_robust_(Intercept)","diff_robust_ResponseResponder"
"GGB269_SGB376",0.477615266933521,-0.484396999307137,NA,0.0811064138570311,NA,-5.97236366732968,1,1,1,1,FALSE,FALSE,TRUE,TRUE,FALSE,FALSE
"GGB260_SGB362",0.478734100403614,-0.66085362938292,NA,0.0811064138570311,NA,-8.14798235991333,1,1,1,1,FALSE,FALSE,TRUE,TRUE,FALSE,FALSE
"Candidatus_Methanomassiliicoccus_intestinalis",0.392994319025067,-0.44184817011656,0.0122520620650399,0.0838317301274745,32.0757695267019,-5.27065550770198,0.0198409468223334,0.119366889707514,0.0383135524845058,0.173829796831747,TRUE,FALSE,FALSE,TRUE,FALSE,FALSE
"Methanobrevibacter_smithii",0.786600715389957,-1.37779359999597,0.221634873997518,0.325896576400796,3.5490836852632,-4.22770197592234,0.000730413292551352,7.65137067977056e-05,0.00215279707278293,0.00031110523688044,TRUE,TRUE,FALSE,FALSE,FALSE,FALSE
"Methanosphaera_stadtmanae",-0.742390584479529,2.38065826942318,0.0515503234539674,0.0939895993688773,-14.4012788812558,25.3289543248281,0.000725738225647005,0.000134954489797642,0.00214414746761897,0.000497796201888309,TRUE,TRUE,FALSE,FALSE,FALSE,FALSE
"Actinobaculum_sp_oral_taxon_183",-0.152623749339231,-0.0574348205310552,0.0632966478487522,0.107066111393426,-2.41124537438265,-0.536442575372936,0.0424256750898637,0.606243846307283,0.075261205271126,0.7174759064847,FALSE,FALSE,TRUE,TRUE,FALSE,FALSE
"Actinomyces_bouchesdurhonensis",-1.08083803109769,2.05054379684146,0.0763369322991275,0.115694729832837,-14.1587826304365,17.7237441999668,7.75382838371663e-06,2.0720316159161e-06,4.22686573838004e-05,1.53779695831845e-05,TRUE,TRUE,FALSE,FALSE,FALSE,FALSE
"Actinomyces_dentalis",0.547080565721098,-0.856883569820151,0.0277250582149091,0.086429671724961,19.7323504780563,-9.91422913819401,2.14508334771019e-07,2.26436352852438e-05,1.97219603311862e-06,0.000108548477320702,TRUE,TRUE,FALSE,FALSE,FALSE,FALSE
"Actinomyces_graevenitzii",-0.0835773983339864,-0.0227359995029913,0.0852621837859002,0.128428021391541,-0.980239944872343,-0.177033012395912,0.336746372482924,0.860968007322161,0.455402339076798,0.967803453486225,FALSE,FALSE,TRUE,TRUE,FALSE,FALSE
"Actinomyces_israelii",-0.228441215066107,-0.0400926777195883,0.0198857089969456,0.0893601521776183,-11.4877078358733,-0.448663937365475,0.000327786234316193,0.676906351224973,0.00106552147936029,0.790472630056082,TRUE,FALSE,FALSE,TRUE,FALSE,FALSE
"Actinomyces_johnsonii",-0.179078725366534,0.741463220259952,NA,0.0811064138570311,NA,9.14185679035142,1,1,1,1,FALSE,FALSE,TRUE,TRUE,FALSE,FALSE
"Actinomyces_massiliensis",-0.0108280116454482,-0.0924091071432504,0.0228850923859308,0.0852632939239264,-0.473146949238668,-1.08380878676467,0.682720846710833,0.391717497491343,0.822201449802294,0.487470663544783,FALSE,FALSE,TRUE,TRUE,FALSE,FALSE
"Actinomyces_naeslundii",-1.03078937312436,1.16540808859637,0.0472099332942222,0.10065102287225,-21.8341628805163,11.5787008948289,9.08674650928279e-10,4.08549091279314e-07,1.96401257884849e-08,4.15977256575301e-06,TRUE,TRUE,FALSE,FALSE,FALSE,FALSE
"Actinomyces_oris",0.355428672507277,-0.764031255888383,0.0595955350930318,0.135032406089941,5.96401512214689,-5.65813257729766,7.02418513041184e-07,1.82376685620481e-06,5.69328689517591e-06,1.39557811605238e-05,TRUE,TRUE,FALSE,FALSE,FALSE,FALSE
"Actinomyces_SGB17132",0.443543421308762,-0.965021796264599,0.041470241664435,0.0985551687839112,10.6954626620646,-9.79169137623287,2.03914553206405e-06,4.26230925224029e-06,1.38797088149332e-05,2.66556598921829e-05,TRUE,TRUE,FALSE,FALSE,FALSE,FALSE
"Actinomyces_sp_ICM47",-0.224248966474531,0.431570583958309,0.0592747237250277,0.112479264769307,-3.78321403090481,3.83689015787447,0.000783106123286413,0.000680295643101835,0.00229165497360775,0.00198138116383324,TRUE,TRUE,TRUE,FALSE,TRUE,FALSE
"Actinomyces_sp_oral_taxon_448",-0.146991439038114,0.173279298306067,0.068387855047446,0.113702110730695,-2.14937928578304,1.52397609149475,0.0600973126856831,0.161850204502392,0.101563634058658,0.226590286303349,FALSE,FALSE,TRUE,TRUE,FALSE,FALSE
"Actinomyces_sp_ph3",0.063134751241303,-0.202092534608791,0.0665707889072141,0.117296776251651,0.948385204346906,-1.72291635854696,0.354253068900058,0.100331557030321,0.473362018313309,0.149517771757594,FALSE,FALSE,TRUE,TRUE,FALSE,FALSE
"Pauljensenia_hongkongensis",-0.0803218750286089,0.780649080711583,0.0407649862778239,0.0878983010197169,-1.97036433377395,8.88127610721932,0.143395937797484,0.00301002454113616,0.214347602016851,0.00706352425653285,FALSE,TRUE,TRUE,FALSE,FALSE,FALSE
"Schaalia_meyeri",-0.00255497601566258,-0.00388016762944197,0.0181955111203447,0.0842984874603235,-0.140417930486483,-0.0460289116251135,0.893811247230626,0.965069034562204,1,1,FALSE,FALSE,TRUE,TRUE,FALSE,FALSE
"Schaalia_odontolytica",-0.154867671844057,0.223846811461003,0.134842725633987,0.191097500876279,-1.14850594361631,1.17137487635659,0.25813088204604,0.248936491041038,0.357322749079463,0.331556494013577,FALSE,FALSE,TRUE,TRUE,FALSE,FALSE
"Schaalia_SGB17153",-0.265967779729417,0.333587834510066,0.0472664331868809,0.105444825890821,-5.62699069502114,3.16362449927574,4.81752124962318e-05,0.00642478495057034,0.00020752399229146,0.0138865527352678,TRUE,TRUE,FALSE,FALSE,FALSE,FALSE
"Schaalia_SGB17154",0.506524345192619,-0.965855406340714,0.0549170910835154,0.104031327962989,9.22343727970442,-9.28427450896655,3.0524987889132e-08,2.76535143147148e-08,3.72344406726838e-07,5.24140455934287e-07,TRUE,TRUE,FALSE,FALSE,FALSE,FALSE
"Schaalia_SGB17157",0.340900293436027,-0.571849068128788,0.0430790002386348,0.108599587070095,7.91337523033544,-5.26566521620098,1.55413411914425e-06,0.000119392422442475,1.13295457679628e-05,0.000455391530802258,TRUE,TRUE,FALSE,FALSE,FALSE,FALSE
"Schaalia_SGB17158",-0.344255190161995,0.63874619914953,0.0310990906481055,0.0866439695144509,-11.0696223904851,7.37207912713414,6.21648046219796e-07,2.39143162111782e-05,5.2100026730802e-06,0.000114195494465781,TRUE,TRUE,FALSE,FALSE,FALSE,FALSE
"Schaalia_SGB17168",0.652386768251641,-0.948334086449582,0.0603507326895732,0.125283312262476,10.8099229152251,-7.56951639706621,2.6592631687432e-09,5.33855741268468e-07,4.88986899088302e-08,4.87192794994631e-06,TRUE,TRUE,FALSE,FALSE,FALSE,FALSE
"Schaalia_turicensis",-0.384948197718703,0.997776295479853,NA,0.0811064138570311,NA,12.3020640172634,1,1,1,1,FALSE,FALSE,TRUE,TRUE,FALSE,FALSE
"Trueperella_bernardiae",-0.210331114182334,0.194222212182687,0.0122520620650399,0.083723135635192,-17.166997119815,2.31981531400082,0.000430633567840737,0.10310158063687,0.00134654963345124,0.152669648250749,TRUE,FALSE,FALSE,TRUE,FALSE,FALSE
"Alloscardovia_omnicolens",1.10206571867951,-2.19076888669985,0.0431068503198698,0.121951802220271,25.5659068222742,-17.9642190341956,7.80622695170426e-12,4.8656820133833e-10,4.57965314499983e-10,2.12502389503932e-08,TRUE,TRUE,FALSE,FALSE,FALSE,FALSE
"Bifidobacterium_adolescentis",0.155351981190907,-0.229451943791106,0.206377666902205,0.317079069219651,0.752755777903638,-0.723642668548887,0.454157267871142,0.471731374408814,0.580416757279301,0.578255953722027,FALSE,FALSE,TRUE,TRUE,FALSE,FALSE
"Bifidobacterium_animalis",0.102187960421175,-0.132742574325992,0.117090004760592,0.157594393866708,0.872730004837849,-0.842305180210051,0.394970400276977,0.411310986742984,0.514678240394758,0.509281543384278,FALSE,FALSE,TRUE,TRUE,FALSE,FALSE
"Bifidobacterium_bifidum",-0.0570239877358812,0.175484835144347,0.120416883850745,0.199131429295402,-0.473554753389581,0.88125132112633,0.639488971974112,0.385684153574948,0.776207303913405,0.480934086239207,FALSE,FALSE,TRUE,TRUE,FALSE,FALSE
"Bifidobacterium_breve",0.460153797380583,-1.10763854853065,0.0357490096523511,0.109105003668265,12.8717914665454,-10.1520417147727,8.97162649265488e-09,1.50984014798049e-07,1.34793217548181e-07,2.02187289381735e-06,TRUE,TRUE,FALSE,FALSE,FALSE,FALSE
"Bifidobacterium_catenulatum",0.438648127981018,-1.45366633556716,0.12010948960487,0.149289962343965,3.652068870029,-9.73720076516535,0.00647497519649236,1.0351667940892e-05,0.0145834907533429,5.59353285227145e-05,TRUE,TRUE,FALSE,FALSE,FALSE,FALSE
"Bifidobacterium_dentium",-0.401264770377831,0.934836894349773,0.1464411345086,0.190506055890602,-2.74010968109691,4.90712429050866,0.00983281926938431,2.42467324651257e-05,0.0210313078817387,0.00011533580848276,TRUE,TRUE,FALSE,FALSE,FALSE,FALSE
"Bifidobacterium_longum",0.056846278576402,-0.169379005916802,0.224571728738795,0.332875593203513,0.253131945395145,-0.508835761392836,0.800656525144132,0.611924852384775,0.94033254430655,0.722810563890741,FALSE,FALSE,TRUE,TRUE,FALSE,FALSE
"Bifidobacterium_pseudocatenulatum",0.390480334033688,-0.610713864165918,0.13968702642566,0.215769216580419,2.79539441868996,-2.83040312165336,0.00857292900703244,0.00785490467442055,0.018867597170329,0.0165706208200105,TRUE,TRUE,FALSE,FALSE,FALSE,FALSE
"Bifidobacterium_pullorum",1.43773034360353,-2.10551045387039,0.0141404651480764,0.0814074064956473,101.674897434269,-25.8638684673362,9.67184892138469e-05,0.00149155929816234,0.000377079679466643,0.00389322257486441,TRUE,TRUE,FALSE,FALSE,FALSE,FALSE
"Gardnerella_vaginalis",1.2362436765925,-2.40724553846648,NA,0.0811064138570311,NA,-29.6800884663673,1,1,1,1,FALSE,FALSE,TRUE,TRUE,FALSE,FALSE
"Scardovia_wiggsiae",-0.283783736318365,0.510066870557412,0.0664594045679171,0.104996357298941,-4.27003127944604,4.85794825343486,0.000912608143980978,0.000312680941407305,0.00260262322542723,0.00104114302652378,TRUE,TRUE,FALSE,FALSE,FALSE,FALSE
"Corynebacterium_amycolatum",2.57078780167002,-5.32060761303738,NA,0.0811064138570311,NA,-65.6003312193803,1,1,1,1,FALSE,FALSE,TRUE,TRUE,FALSE,FALSE
"Corynebacterium_argentoratense",0.384303745794221,-0.539205307399038,NA,0.0810622112342634,NA,-6.65174683973,1,0.0949957511091431,1,0.142378060056526,FALSE,FALSE,TRUE,TRUE,FALSE,FALSE
"Corynebacterium_durum",0.701169995792588,-0.998205135342387,0.0316084439099101,0.0927812171618708,22.1829963471486,-10.7586984292399,3.63483097456877e-09,1.94056371942631e-06,6.39730251524103e-08,1.45778933069098e-05,TRUE,TRUE,FALSE,FALSE,FALSE,FALSE
"Clavibacter_michiganensis",1.69143525577844,-3.35060931462607,NA,0.0811064138570311,NA,-41.3112743528804,1,1,1,1,FALSE,FALSE,TRUE,TRUE,FALSE,FALSE
"Rothia_mucilaginosa",0.182194037566498,-0.342450047608593,0.104608919192338,0.152256117285977,1.74166829151068,-2.24917102651043,0.089657225385796,0.0303773693183181,0.143638103608974,0.0527854992950183,FALSE,FALSE,TRUE,TRUE,FALSE,FALSE
"Rothia_SGB49305",0.315199970016658,-0.675974078763648,0.0632663863120826,0.103931003737135,4.98210801011818,-6.50406572107529,0.000414058439826519,4.40313830509012e-05,0.0013079999945289,0.000191684324801097,TRUE,TRUE,FALSE,FALSE,FALSE,FALSE
"Propionibacterium_acidifaciens",-1.6807837131204,1.71333478838796,0.0122520620650399,0.0826178441776093,-137.183741332519,20.7380718468601,8.54043017379454e-07,0.000245212237922936,6.65937340133852e-06,0.000843858874639824,TRUE,TRUE,FALSE,FALSE,FALSE,FALSE
"Propionibacterium_freudenreichii",1.27020368506855,-2.01606505285698,0.0173075804953862,0.0853573440500855,73.3900203675008,-23.6191164954008,4.30737269091935e-10,3.78028366612294e-07,1.15362677287231e-08,4.01492196264092e-06,TRUE,TRUE,FALSE,FALSE,FALSE,FALSE
"GGB34797_SGB14322",0.0703837639837576,-0.00194067922394426,0.0768439347028661,0.127230706738411,0.915931286651469,-0.0152532299292681,0.369634307044093,0.987967640383733,0.490721407627503,1,FALSE,FALSE,TRUE,TRUE,FALSE,FALSE
"GGB34797_SGB14323",-0.288125887399306,2.80992357305488,0.054912573269392,0.0952032814850627,-5.24699299713762,29.5149865553296,0.0344564168080901,0.00114595561732742,0.0625188593631325,0.00309179735919842,FALSE,TRUE,TRUE,FALSE,FALSE,FALSE
"GGB9412_SGB14770",-0.488424200450042,0.783562082739358,0.0418177237441107,0.117485562419628,-11.6798370814917,6.66943296352172,2.18912386258389e-10,1.71430417944629e-06,7.0726304712739e-09,1.32001421817364e-05,TRUE,TRUE,TRUE,FALSE,TRUE,FALSE
"GGB9359_SGB14334",0.355426856270666,-1.32387148946897,0.0335308938199657,0.0860077023439989,10.5999815626457,-15.3924759456308,0.000129190969773653,2.10048626763224e-05,0.000476536750781859,0.000102284548684701,TRUE,TRUE,FALSE,FALSE,FALSE,FALSE
"GGB9361_SGB14336",0.677021946328406,-0.656474500461595,0.0122520620650399,0.0917368213166312,55.257796012985,-7.15606330195116,6.42139516330806e-07,0.00201804067599467,5.30950257798357e-06,0.00500246702781778,TRUE,TRUE,TRUE,FALSE,TRUE,FALSE
"GGB9364_SGB14339",-1.58381811007333,1.61125728564239,0.0122520620650399,0.0872522293536556,-129.269514116535,18.4666603659094,0.00492464969995995,0.0344403686228026,0.0116452369104619,0.0587800878434083,TRUE,FALSE,TRUE,TRUE,TRUE,FALSE
"Lancefieldella_parvula",0.0698196488240503,-0.116626236824465,0.069529044928315,0.116135384445965,1.00417960430831,-1.00422655318051,0.329372240739553,0.329350265117642,0.446901542501244,0.420912372017568,FALSE,FALSE,TRUE,TRUE,FALSE,FALSE
"Lancefieldella_rimae",-0.230006514022854,-0.0269321073180607,NA,0.0811064138570311,NA,-0.33205890924403,1,1,1,1,FALSE,FALSE,TRUE,TRUE,FALSE,FALSE
"Olsenella_sp_oral_taxon_807",0.34108330501085,-0.709580175746573,0.0310368026897841,0.091009170562577,10.9896405380416,-7.79679862326262,0.00010854501454335,0.00055599405639977,0.00041146910128433,0.00166258416865174,TRUE,TRUE,FALSE,FALSE,FALSE,FALSE
"Olsenella_uli",-0.519488968057689,0.0406537134886218,0.0122520620650399,0.0822533528134601,-42.4001254074611,0.494249925359506,0.0150117898681794,0.707767984006929,0.030418626838153,0.822613354996733,TRUE,FALSE,FALSE,TRUE,FALSE,FALSE
"Paratractidigestivibacter_faecalis",-1.03248750456293,2.34750872474832,NA,0.0811064138570311,NA,28.9435645482532,1,1,1,1,FALSE,FALSE,TRUE,TRUE,FALSE,FALSE
"Collinsella_aerofaciens",0.147111784656581,-0.352644444453204,0.208729700533037,0.321154848756326,0.704795648539226,-1.09805112959938,0.482427034413918,0.274579887626306,0.613364402887459,0.361027130795741,FALSE,FALSE,FALSE,TRUE,FALSE,FALSE
"Collinsella_bouchesdurhonensis",-0.610979186049258,1.48414845406029,0.0451251922502319,0.101537392490611,-13.5396472697824,14.6167674553739,2.73669407096119e-07,1.41214473181602e-07,2.46102707695196e-06,1.97700262454243e-06,TRUE,TRUE,FALSE,FALSE,FALSE,FALSE
"Collinsella_intestinalis",-0.233561462335245,0.252095398561251,0.133087960157385,0.181611149834426,-1.75494058259699,1.38810529414678,0.0972732260418906,0.183029206696043,0.153248867626099,0.251104657738893,FALSE,FALSE,TRUE,TRUE,FALSE,FALSE
"Collinsella_sp_AF08_23",1.34767372181778,-2.13316807971887,0.0329840709972121,0.0963076710781669,40.8583198214583,-22.1495136974864,1.43724417085868e-08,5.53679818588957e-07,2.00319887820751e-07,4.97907690877077e-06,TRUE,TRUE,FALSE,FALSE,FALSE,FALSE
"Collinsella_tanakaei",0.148568646108593,-0.427417338589807,0.0435992750456497,0.0998374864685858,3.40759441419697,-4.28113080275008,0.0422251535001582,0.0234126345897366,0.0751754177921891,0.0422937915169435,FALSE,TRUE,TRUE,FALSE,FALSE,FALSE
"GGB51959_SGB72479",0.336859873083482,-0.499993517559052,0.0728981622805762,0.117613855009425,4.62096522799778,-4.25114471011078,0.000186407427228977,0.000431885322945245,0.000652425995301419,0.00135735387211363,TRUE,TRUE,FALSE,FALSE,FALSE,FALSE
"Senegalimassilia_anaerobia",0.132869303854395,0.0596784774146714,0.050297550185639,0.0979472801376421,2.64166551579548,0.609291828530687,0.0246633665680436,0.555920025376676,0.0461081450862363,0.666238785276328,TRUE,FALSE,FALSE,TRUE,FALSE,FALSE
"Senegalimassilia_SGB14826",0.628130255564346,-1.26272108409879,0.0292075468376798,0.0873379843227498,21.50575188855,-14.4578684050289,2.76502070096023e-05,0.00013304804896003,0.000127108414312799,0.000494011003046481,TRUE,TRUE,FALSE,FALSE,FALSE,FALSE
"Adlercreutzia_equolifaciens",-0.26527125512008,0.467473314215655,0.176798248123113,0.268636470424248,-1.500417894047,1.74017069788548,0.13647896207908,0.0847312611322656,0.205552666603212,0.128146817798984,FALSE,FALSE,TRUE,TRUE,FALSE,FALSE
"Eggerthella_lenta",-0.26478960218319,0.290554319472005,0.216565627203097,0.301860595201876,-1.22267603406365,0.962544711335015,0.223716231065661,0.337605185699177,0.314274112511853,0.429457179055148,FALSE,FALSE,TRUE,TRUE,FALSE,FALSE
"Eggerthella_sinensis",0.322032720134877,-0.138234951331266,NA,0.0811064138570311,NA,-1.70436522535612,1,1,1,1,FALSE,FALSE,TRUE,TRUE,FALSE,FALSE
"Eggerthella_sp_YY7918",-0.693038997117751,1.80206562173245,NA,0.0811064138570311,NA,22.2185340965637,1,1,1,1,FALSE,FALSE,TRUE,TRUE,FALSE,FALSE
"Eggerthella_timonensis",-1.76650362777431,3.51265467089606,NA,0.0915721744585036,NA,38.3594109418886,1,0.0165924241013527,1,0.0318409135402906,FALSE,TRUE,FALSE,FALSE,FALSE,FALSE
"Ellagibacter_isourolithinifaciens",0.100406062103362,-0.0723752046630474,0.0349586283563315,0.0946307044889813,2.87213963545504,-0.764817350286921,0.016607728601735,0.46204744659108,0.0332694660769715,0.567539834696122,TRUE,FALSE,FALSE,TRUE,FALSE,FALSE
"Enteroscipio_rubneri",-2.17734084039601,2.65107914233,NA,0.0886951884970452,NA,29.8897740368218,1,8.22537299016442e-05,1,0.000329014919606577,FALSE,TRUE,FALSE,FALSE,FALSE,FALSE
"GGB45432_SGB63101",-0.017514214794031,0.114154077876532,0.139028224432697,0.211851095759107,-0.125975965423551,0.538841101895148,0.900102066453156,0.591658718652553,1,0.702915661890015,FALSE,FALSE,TRUE,TRUE,FALSE,FALSE
"GGB9365_SGB14341",0.109205913025404,-0.195127262764821,0.109097117897322,0.189482758141276,1.00099723191757,-1.02978901446715,0.321648067524472,0.308064951338358,0.436902336483075,0.396589362642484,FALSE,FALSE,TRUE,TRUE,FALSE,FALSE
"GGB9424_SGB14794",-1.07852074434106,2.14920996526253,NA,0.0811064138570311,NA,26.4986437330469,1,1,1,1,FALSE,FALSE,FALSE,TRUE,FALSE,FALSE
"Gordonibacter_pamelaeae",-0.670136641154227,1.26199730364899,0.16254036610212,0.212735991475225,-4.1228936369763,5.93222282180663,0.00011313163749296,1.44890084167165e-07,0.000424933467656483,1.98338426326608e-06,TRUE,TRUE,FALSE,FALSE,FALSE,FALSE
"Gordonibacter_urolithinfaciens",-0.396608689049399,0.628436027358596,0.0883199070156949,0.146192833488992,-4.4905922396286,4.29867875435847,5.07883063977692e-05,9.37415910321675e-05,0.000217261088479346,0.000368976486107445,TRUE,TRUE,FALSE,FALSE,FALSE,FALSE
"Raoultibacter_massiliensis",0.232543104057277,-0.268222746779379,0.0943416886529827,0.126424638254905,2.46490292231933,-2.12160185294398,0.0314043024366815,0.0574102640199929,0.0575745544672494,0.0913888430082569,FALSE,FALSE,TRUE,TRUE,FALSE,FALSE
"Raoultibacter_timonensis",-0.507179152027495,0.552282804149884,0.0301740854309432,0.115179954572604,-16.8084349462134,4.79495591224383,3.41989248417242e-09,0.000557845594363813,6.10624281231946e-08,0.00166408177301748,TRUE,TRUE,TRUE,FALSE,TRUE,FALSE
"Slackia_isoflavoniconvertens",0.897852587701808,-1.50950144753964,0.0485269199168149,0.0960914204870343,18.5021548707586,-15.7090137692711,3.45424959448664e-10,2.28927390913164e-09,9.89682674513382e-09,7.23175757961585e-08,TRUE,TRUE,FALSE,FALSE,FALSE,FALSE
"Slackia_piriformis",0.720963772008703,-0.424779381081511,0.0471781972332449,0.109054090852459,15.2817151627121,-3.8951256001593,0.000106946248715412,0.0176139772350924,0.000406659809930209,0.033488302397583,TRUE,TRUE,FALSE,FALSE,FALSE,FALSE
"bacterium_210820_DFI_6_37",-2.82283031729257,3.82216634944149,NA,0.0863525008607602,NA,44.2623700685238,1,0.000510033044512302,1,0.00155534829415633,FALSE,TRUE,TRUE,FALSE,FALSE,FALSE
"bacterium_210917_DFI_7_65",-0.290222478436477,0.35042781919647,0.120765082441306,0.16435932400513,-2.40319861146562,2.13208359986643,0.018658920878582,0.0361883545705645,0.0363730862696409,0.0612418308117245,TRUE,FALSE,FALSE,TRUE,FALSE,FALSE
"bacterium_210917_SL_2_15",-0.158570195036471,-0.252675781229378,0.0652981122349288,0.121368258705399,-2.42840397079121,-2.08189343675685,0.0233937543976232,0.0486681019502366,0.0440689685288559,0.0799454688035886,TRUE,FALSE,FALSE,TRUE,FALSE,FALSE
"bacterium_OL_1",0.145255392773653,0.422151032509766,0.0212228511519067,0.0818845840734656,6.84429211390868,5.15543966286766,0.0923611787049026,0.121970427023941,0.147014175923049,0.176993599638981,FALSE,FALSE,TRUE,TRUE,FALSE,FALSE
"GGB79097_SGB105802",0.396607488320368,-0.820644567475793,0.046403169324392,0.0900916201062238,8.54699138215739,-9.10899999920303,6.56738183414833e-06,3.71305542135754e-06,3.69452713226975e-05,2.38254389537109e-05,TRUE,TRUE,FALSE,FALSE,FALSE,FALSE
"Bacteroides_caccae",0.179100050489062,-0.385906367240977,0.267187199283865,0.36853736601982,0.670316732871555,-1.0471295527201,0.504113686996193,0.297421663026005,0.635038918588251,0.385303353152511,FALSE,FALSE,TRUE,TRUE,FALSE,FALSE
"Bacteroides_caecigallinarum",0.188342289809567,-0.916831060214324,NA,0.0811064138570311,NA,-11.3040512656675,1,1,1,1,FALSE,FALSE,TRUE,TRUE,FALSE,FALSE
"Bacteroides_cellulosilyticus",0.400975205607812,-0.852733117943418,0.263219831970887,0.363071227799284,1.5233472440335,-2.34866619178877,0.130859899168251,0.0208281797513061,0.199036291080599,0.0385290051855993,FALSE,TRUE,TRUE,FALSE,FALSE,FALSE
"Bacteroides_clarus",1.88550266972598,-3.79835823424923,0.138774182543791,0.173382668689178,13.586840399013,-21.9073697674969,4.64909335086888e-09,1.19993714525649e-11,7.63691067769395e-08,1.22164104983377e-09,TRUE,TRUE,FALSE,FALSE,FALSE,FALSE
"Bacteroides_congonensis",0.0597072779961125,0.0452958294542727,0.057684118788864,0.126870110950386,1.0350730712322,0.357025221424974,0.340538637014742,0.733294064889944,0.459019256895145,0.849876094021083,FALSE,FALSE,FALSE,TRUE,FALSE,FALSE
"Bacteroides_cutis",4.37006021574417,-8.35708153316677,NA,0.0811064138570311,NA,-103.038479150343,1,1,1,1,FALSE,FALSE,TRUE,TRUE,FALSE,FALSE
"Bacteroides_eggerthii",-0.149925364249551,0.341221929442936,0.269189896999686,0.342173467400379,-0.556950189886682,0.997219135765634,0.580149260357413,0.323658948385184,0.714743888760333,0.414498777973542,FALSE,FALSE,TRUE,TRUE,FALSE,FALSE
"Bacteroides_faecis",-0.523589403194407,1.02243577695167,0.237315417271639,0.311294987503081,-2.20630167737939,3.28445949339789,0.0317187647598893,0.00181438063115671,0.0580646629779845,0.00457120028136006,FALSE,TRUE,TRUE,FALSE,FALSE,FALSE
"Bacteroides_finegoldii",-0.1329032750362,0.364430892854689,0.216659409630018,0.280385036810904,-0.613420276844446,1.29975157376343,0.542222245560571,0.199310949146269,0.676131383128161,0.271627311225889,FALSE,FALSE,TRUE,TRUE,FALSE,FALSE
"Bacteroides_fluxus",4.26178841014357,-7.81367903013449,NA,0.0811064138570311,NA,-96.3386082376655,1,1,1,1,FALSE,FALSE,TRUE,TRUE,FALSE,FALSE
"Bacteroides_fragilis",0.35673397133667,-0.762818079529989,0.23660860170073,0.32162702821485,1.50769654514876,-2.37174743604079,0.135384124948403,0.0199906984199348,0.204153294903833,0.0372595165708922,FALSE,TRUE,TRUE,FALSE,FALSE,FALSE
"Bacteroides_gallinarum",-1.56569310915638,3.38029001523793,0.0275946908988934,0.106764351393742,-56.7389254292813,31.661223724121,0.000310481329834223,0.00099608256806328,0.00102550401703958,0.00274535508692161,TRUE,TRUE,TRUE,FALSE,TRUE,FALSE
"Bacteroides_intestinalis",0.619327564588329,-1.09304294955416,0.284004692137928,0.355433730740729,2.18069483263167,-3.07523697111201,0.0335009970779972,0.00327288942853978,0.0608782790738636,0.00757932288714476,FALSE,TRUE,TRUE,FALSE,FALSE,FALSE
"Bacteroides_mediterraneensis",0.794062784310517,-2.21982669821034,NA,0.0811064138570311,NA,-27.3693114101099,1,1,1,1,FALSE,FALSE,TRUE,TRUE,FALSE,FALSE
"Bacteroides_nordii",0.613678786082882,-1.10756769189781,0.122224907145428,0.184770418029919,5.02089795292464,-5.99429120584908,1.04865834728278e-05,4.40828450194285e-07,5.45125351836447e-05,4.31682751820205e-06,TRUE,TRUE,FALSE,FALSE,FALSE,FALSE
"Bacteroides_ovatus",0.397451083788532,-0.890012314968117,0.259122148376741,0.384775152723094,1.53383678808757,-2.3130711759047,0.127190423349363,0.0220869738887783,0.19465664790859,0.0403726288293396,FALSE,TRUE,TRUE,FALSE,FALSE,FALSE
"Bacteroides_propionicigenes",0.145247563106741,0.273045466376313,0.0273304126938306,0.0846801102810389,5.31450310443091,3.22443446837896,0.0130113417571535,0.0484204481189776,0.0269411311677531,0.0796448492424305,TRUE,FALSE,FALSE,TRUE,FALSE,FALSE
"Bacteroides_rodentium",-3.70484291062341,5.66678889262207,0.0145460841751289,0.0934494714183547,-254.696925029349,60.6401385327584,1.42564637076255e-09,4.42918237023208e-07,2.87933824390075e-08,4.31682751820205e-06,TRUE,TRUE,TRUE,FALSE,TRUE,FALSE
"Bacteroides_salyersiae",0.286655831634486,-0.735902135529094,0.106936054697393,0.153003742544808,2.68062846011725,-4.80970022882664,0.0123724324140388,5.0794216763058e-05,0.0257916019189439,0.000217286371708637,TRUE,TRUE,FALSE,FALSE,FALSE,FALSE
"Bacteroides_SGB1909",2.64300856654621,-5.91771826268173,NA,0.0811064138570311,NA,-72.9623957127864,1,1,1,1,FALSE,FALSE,TRUE,TRUE,FALSE,FALSE
"Bacteroides_sp_AF39_11AC",1.27404839294379,-1.93282994454974,NA,0.0835265581161471,NA,-23.1403039720859,1,0.0274941902071858,1,0.0485980521309223,FALSE,TRUE,TRUE,FALSE,FALSE,FALSE
"Bacteroides_stercorirosoris",1.69984941170569,-2.54494835147195,0.0384080080961638,0.096733721689143,44.2576820815519,-26.308802215325,2.53925976668748e-05,0.000120479535576201,0.00011805162387015,0.00045806533377607,TRUE,TRUE,FALSE,FALSE,FALSE,FALSE
"Bacteroides_stercoris",0.399963142162488,-0.739294067820122,0.285369693961544,0.417291567564859,1.40156138029284,-1.77164871107829,0.163913561570796,0.0792733036580121,0.238955795802809,0.12117209690654,FALSE,FALSE,TRUE,TRUE,FALSE,FALSE
"Bacteroides_thetaiotaomicron",0.473138819750968,-0.917964141454576,0.251722069283702,0.340671322384305,1.8796080180706,-2.69457415737224,0.0626071586015297,0.0080674597627403,0.105515758409144,0.0169472017990017,FALSE,TRUE,TRUE,FALSE,FALSE,FALSE
"Bacteroides_uniformis",0.292684242330737,-0.696146881196911,0.231955139289286,0.340641873104793,1.26181400087761,-2.04363273032717,0.208987410543891,0.0427513623105561,0.295945390563303,0.0714649638624221,FALSE,FALSE,TRUE,TRUE,FALSE,FALSE
"Bacteroides_xylanisolvens",0.0663791432913174,-0.197944443162501,0.327208356796441,0.433535393908083,0.202865061091983,-0.456581967571645,0.839589889223169,0.64881086944949,0.981380212071104,0.762724228207797,FALSE,FALSE,TRUE,TRUE,FALSE,FALSE
"GGB1354_SGB1818",0.424448915271634,0.106408937710284,0.0140596354100145,0.0817189744670304,30.1891836376713,1.30213256351148,0.00109542638869795,0.322645992259169,0.00310244899051926,0.413631490596563,TRUE,FALSE,FALSE,TRUE,FALSE,FALSE
"Phocaeicola_coprocola",1.12560740885772,-2.34176845037065,0.109983176032708,0.141713130148371,10.2343599217663,-16.524710504375,1.83605019202597e-05,7.25487151708457e-07,9.04805534630396e-05,6.25035084548824e-06,TRUE,TRUE,FALSE,FALSE,FALSE,FALSE
"Phocaeicola_coprophilus",3.99855895220888,-5.30302345417915,0.0462622167647728,0.151343542981212,86.4324978748889,-35.0396412672689,3.9291252970383e-09,3.56223981443829e-07,6.72316995270997e-08,3.8837871251221e-06,TRUE,TRUE,FALSE,FALSE,FALSE,FALSE
"Phocaeicola_dorei",0.2083025668213,-0.466584042770042,0.394565168457978,0.503999003702776,0.527929435929124,-0.925763819654692,0.598491777071555,0.356366964407304,0.732944204127391,0.44892034780143,FALSE,FALSE,TRUE,TRUE,FALSE,FALSE
"Phocaeicola_faecalis",1.15907450757044,-1.18705310720296,0.0205846595530568,0.0842041761422866,56.3076841073293,-14.097318703019,3.34194300022069e-08,3.23212304325736e-05,3.95891709256912e-07,0.0001469363686086,TRUE,TRUE,FALSE,FALSE,FALSE,FALSE
"Phocaeicola_massiliensis",0.349967601139028,-0.631421227634595,0.315147676753595,0.408977462259199,1.11048764421849,-1.54390225844381,0.270074647357404,0.126510121898519,0.37343654943246,0.182292947577749,FALSE,FALSE,TRUE,TRUE,FALSE,FALSE
"Phocaeicola_plebeius",0.144888238545679,-0.0545215360013851,0.182710991581123,0.278788640659814,0.792991364623779,-0.195565844692768,0.433447488684244,0.846149219701478,0.559756086015711,0.955504893375087,FALSE,FALSE,TRUE,TRUE,FALSE,FALSE
"Phocaeicola_sartorii",0.398202646559414,-0.262239452630563,0.0617045517843935,0.112451428167994,6.45337556215955,-2.33202420727638,7.7247689547731e-07,0.0277153785856487,6.10058676428235e-06,0.0489188344090533,TRUE,TRUE,FALSE,FALSE,FALSE,FALSE
"Phocaeicola_vulgatus",-0.0336985645538347,-0.114311267808192,0.301893646010734,0.421921185915,-0.111623960951588,-0.270930381370375,0.91127180131878,0.786819539407519,1,0.900057263277682,FALSE,FALSE,TRUE,TRUE,FALSE,FALSE
"Bacteroidales_bacterium",0.300177041850326,0.0436799702112945,0.0252097690393972,0.0827227642026253,11.9071714374383,0.528028416752402,0.0533400693999083,0.69071858738727,0.0911227084214968,0.805838351951815,FALSE,FALSE,TRUE,TRUE,FALSE,FALSE
"Barnesiella_intestinihominis",0.65960868756214,-0.980990571568246,0.173828042051818,0.310384908166341,3.7946045976029,-3.16056143761511,0.000327105891528737,0.00239150347897577,0.00106552147936029,0.00578847207484901,TRUE,TRUE,FALSE,FALSE,FALSE,FALSE
"Coprobacter_fastidiosus",0.348710900867717,-0.863213278328733,0.135158885114362,0.188414524703531,2.58000723054693,-4.58145824843914,0.0136584162503132,4.44582694742859e-05,0.0280452813673098,0.000192861225325071,TRUE,TRUE,FALSE,FALSE,FALSE,FALSE
"Coprobacter_secundus",0.370241049288218,-0.325341996845084,0.0697624343996751,0.110043841854196,5.30716928780143,-2.95647617679643,0.000186150986432537,0.0119989617365524,0.000652425995301419,0.0238816168973062,TRUE,TRUE,FALSE,FALSE,FALSE,FALSE
"GGB1497_SGB2076",0.17522083968005,-0.480422809901174,NA,0.0811064138570311,NA,-5.92336397400125,1,1,1,1,FALSE,FALSE,TRUE,TRUE,FALSE,FALSE
"GGB1538_SGB2121",-0.389559664145965,2.05641768230003,NA,0.0811064138570311,NA,25.3545630303041,1,1,1,1,FALSE,FALSE,FALSE,TRUE,FALSE,FALSE
"GGB1550_SGB2135",-0.926127799424833,1.62322068959704,0.0122520620650399,0.0810546981331975,-75.5895452135729,20.0262381698048,0.00842156987482832,0.0317629017465036,0.0185938603687966,0.0550378269362763,TRUE,FALSE,FALSE,TRUE,FALSE,FALSE
"GGB27851_SGB40285",0.87156915990896,-1.42924667664553,NA,0.0810157832114092,NA,-17.6415831581352,1,0.0360477422091562,1,0.0610877832210184,FALSE,FALSE,TRUE,TRUE,FALSE,FALSE
"GGB74478_SGB48259",-2.99292265898414,8.35106772372056,0.0392062306567361,0.0874136862860847,-76.3379342734627,95.5350137779278,0.00833901738845767,0.00666348910357771,0.0184446488735724,0.0143270830289838,TRUE,TRUE,TRUE,FALSE,TRUE,FALSE
"Muribaculum_gordoncarteri",0.421288937794521,0.494693869001399,NA,0.0811064138570311,NA,6.09931872802823,1,1,1,1,FALSE,FALSE,TRUE,TRUE,FALSE,FALSE
"Butyricimonas_faecalis",0.925234624287582,-1.48998249849748,NA,0.0829548219957654,NA,-17.9613729817122,1,0.0030853708521857,1,0.00717621478320375,FALSE,TRUE,TRUE,FALSE,FALSE,FALSE
"Butyricimonas_faecihominis",0.78504283844854,-1.51985230549104,0.0702619550500496,0.111053919161148,11.1730856035721,-13.6857151640512,4.74934549283541e-10,1.28906928959732e-11,1.21899867649442e-08,1.22164104983377e-09,TRUE,TRUE,FALSE,FALSE,FALSE,FALSE
"Butyricimonas_paravirosa",0.391447676835883,-0.737830787780385,0.0926208067619543,0.130274657114544,4.22634708680466,-5.66365557294577,0.00020428881528083,3.58149036090543e-06,0.000704996695871101,2.33460112414576e-05,TRUE,TRUE,FALSE,FALSE,FALSE,FALSE
"Butyricimonas_synergistica",1.1621340793429,-1.48902664531608,0.0294563662744002,0.0925842519137118,39.4527304731704,-16.0829365095897,1.77196485490912e-08,3.67249994553023e-06,2.32240500132769e-07,2.36885860360903e-05,TRUE,TRUE,FALSE,FALSE,FALSE,FALSE
"Butyricimonas_virosa",0.487254693628367,-0.862225089048468,0.0949764940858213,0.143746222500374,5.1302661602573,-5.99824519942585,1.00846220004126e-05,6.9871349527732e-07,5.28691672532268e-05,6.12801514599932e-06,TRUE,TRUE,FALSE,FALSE,FALSE,FALSE
"Culturomica_massiliensis",1.50452378819324,-3.30952995814468,0.0771024902802127,0.109553415597721,19.5132969470295,-30.2092813819446,0.000294027463259674,7.96781093221703e-05,0.000979031985772753,0.000319750588550208,TRUE,TRUE,FALSE,FALSE,FALSE,FALSE
"GGB1331_SGB1788",2.26557368124387,-2.69638494411211,NA,0.0812907406816787,NA,-33.1696441870387,1,0.000907667464973203,1,0.00254725812493619,FALSE,TRUE,TRUE,FALSE,FALSE,FALSE
"GGB1332_SGB1789",1.30418891203866,-3.27009572293029,0.0167378016955729,0.0829602594056914,77.9187694871315,-39.417616897012,0.000164667748477464,0.00064298412076775,0.000582961684265043,0.00188497688141234,TRUE,TRUE,FALSE,FALSE,FALSE,FALSE
"Odoribacter_laneus",0.561149056989398,-1.12245123192708,0.0610824552277368,0.134321590559117,9.18674691279578,-8.35644684711406,3.43904273058288e-06,8.02170242021694e-06,2.12909580104427e-05,4.53336577142535e-05,TRUE,TRUE,FALSE,FALSE,FALSE,FALSE
"Odoribacter_splanchnicus",0.299412292149603,-0.621521526861201,0.093121737390504,0.178151493932738,3.21527819969707,-3.48872475408968,0.00173660198447378,0.000712861547544986,0.00463093862526341,0.00207133355324392,TRUE,TRUE,FALSE,FALSE,FALSE,FALSE
"Porphyromonas_asaccharolytica",-0.386286553513386,0.499979008702243,0.0339890564728526,0.094131468550564,-11.3650272646408,5.31149695634115,9.22751302932654e-05,0.00316210695844223,0.000364368463209305,0.00733656454388103,TRUE,TRUE,FALSE,FALSE,FALSE,FALSE
"Porphyromonas_bennonis",-1.45761846542451,2.56586030372441,NA,0.0811064138570311,NA,31.6357262231731,1,1,1,1,FALSE,FALSE,FALSE,TRUE,FALSE,FALSE
"Porphyromonas_SGB1977",-0.797751972135182,1.67119598791866,0.0355447252190707,0.0921169496731606,-22.4436106122201,18.1421116726967,1.643755661471e-08,8.75307703352141e-08,2.1775343816476e-07,1.28378463158314e-06,TRUE,TRUE,FALSE,FALSE,FALSE,FALSE
"Porphyromonas_SGB1980",0.450236278874974,-1.2273446962313,0.0315226324348422,0.0845597235397161,14.2829530435194,-14.5145306163973,0.00486614386301494,0.0047131923938437,0.0115512316748254,0.0105383902526596,TRUE,TRUE,FALSE,FALSE,FALSE,FALSE
"Porphyromonas_SGB1983",0.555271229846716,-2.84045121240403,0.0471228549695864,0.0907305808744536,11.783480228545,-31.3064369810929,7.74452383694337e-05,6.2430910213404e-07,0.000312827979249647,5.53344470380674e-06,TRUE,TRUE,FALSE,FALSE,FALSE,FALSE
"Porphyromonas_somerae",0.479098300806157,-1.42242015872876,0.0434312770006574,0.0937417534177683,11.0311815330437,-15.1738164357735,0.000383916721518577,0.000109976674819203,0.00121903453843012,0.000424737502750027,TRUE,TRUE,FALSE,FALSE,FALSE,FALSE
"Sanguibacteroides_justesenii",0.63823035100798,-0.895225132380815,0.0295086858227217,0.0850291108101531,21.6285589552261,-10.5284545945636,3.91985538601191e-06,0.000133472998081375,2.3790429202477e-05,0.000494011003046481,TRUE,TRUE,FALSE,FALSE,FALSE,FALSE
"GGB1153_SGB1481",0.595906217157924,-0.572542023544988,0.114041148287249,0.198679276534438,5.22536142530716,-2.8817400260955,0.000102654884497236,0.0114092558420698,0.000393990086294686,0.0229848665187482,TRUE,TRUE,FALSE,FALSE,FALSE,FALSE
"GGB1215_SGB1581",0.674733213737438,-1.32897878173588,0.089065937451547,0.123141932716726,7.57565948378977,-10.7922520981788,0.000635855755609784,0.000118467824170168,0.00192475255752151,0.00045326819682499,TRUE,TRUE,FALSE,FALSE,FALSE,FALSE
"GGB1247_SGB1668",1.12242012062316,-4.3818726913925,0.0384240634616262,0.0869926638795491,29.2113852493533,-50.3706001860074,0.00116985781478618,0.000393902815409611,0.00326230551783938,0.00125397485422388,TRUE,TRUE,FALSE,FALSE,FALSE,FALSE
"Paraprevotella_clara",0.995072065623112,-1.77504760169206,0.176222006518078,0.272294563763039,5.6466958087952,-6.51885067832929,9.18240915726247e-07,4.39510309278757e-08,7.10630338026301e-06,7.31725271664094e-07,TRUE,TRUE,FALSE,FALSE,FALSE,FALSE
"Prevotella_bivia",-0.648594808780994,0.578195123477791,0.023457784800944,0.0881987916190598,-27.6494483296178,6.55559008081515,1.01771837187026e-05,0.00280005858664732,5.31283489044135e-05,0.00664676720375626,TRUE,TRUE,FALSE,FALSE,FALSE,FALSE
"Prevotella_buccalis",-0.702592614588919,0.928477757068522,NA,0.0893868379596757,NA,10.3871865059974,1,0.000485054185110889,1,0.00149771116806169,FALSE,TRUE,TRUE,FALSE,FALSE,FALSE
"Prevotella_corporis",-1.024688261074,2.02082861035932,0.0488821108753891,0.0949878476826407,-20.9624388702473,21.2746015375673,7.67696316879142e-07,7.03265457460142e-07,6.10058676428235e-06,6.12801514599932e-06,TRUE,TRUE,FALSE,FALSE,FALSE,FALSE
"Prevotella_disiens",-0.00138263536559087,-0.596559427515715,0.0520548140716106,0.0934274591087051,-0.0265611430998257,-6.3852686694776,0.980082070060451,0.00308717032069642,1,0.00717621478320375,FALSE,TRUE,TRUE,FALSE,FALSE,FALSE
"Prevotella_lascolaii",0.225783798457979,-0.0216001670773685,0.0341327433606265,0.085326728173414,6.61487405429092,-0.253146552548802,0.0220989726748567,0.823798979143791,0.0421454091879619,0.933570595377437,TRUE,FALSE,FALSE,TRUE,FALSE,FALSE
"Prevotella_marseillensis",0.0889519462401813,-0.0223204892349326,0.145925200496571,0.21877721589259,0.609572205057697,-0.102023828870238,0.549366210931841,0.91980679974193,0.682965864649877,1,FALSE,FALSE,TRUE,TRUE,FALSE,FALSE
"Prevotella_nigrescens",-1.64456644151163,2.93556886834428,NA,0.0811064138570311,NA,36.1940409980264,1,1,1,1,FALSE,FALSE,FALSE,TRUE,FALSE,FALSE
"Prevotella_sp_885",2.4223215065784,-3.88933624490325,0.0878939264269313,0.117597496223659,27.5596005896055,-33.0732912672403,0.00131400647764923,0.000912956560628805,0.00361351781353538,0.00255261693310497,TRUE,TRUE,FALSE,FALSE,FALSE,FALSE
"Prevotella_stercorea",0.761181187202064,-1.54540345889413,0.136417885655542,0.18577966550167,5.57977558107053,-8.3184747626765,0.000119938778142303,2.51559698482184e-06,0.000449132445809475,1.74113229511265e-05,TRUE,TRUE,FALSE,FALSE,FALSE,FALSE
"Prevotella_timonensis",-0.204179723050711,0.225165018666397,0.0244522326944331,0.0841950796808823,-8.35014641003294,2.67432514488758,0.000160299862437758,0.0368136064898601,0.000570778700934443,0.0620442724972745,TRUE,FALSE,FALSE,TRUE,FALSE,FALSE
"Segatella_brunsvicensis",0.97726545644746,-0.810311480362529,0.0927111135076391,0.146325845397118,10.5409742098172,-5.53771945183984,5.72016140000851e-06,0.000548827819730664,3.27778550921418e-05,0.00164916066806873,TRUE,TRUE,FALSE,FALSE,FALSE,FALSE
"Segatella_copri",0.35385002761073,-0.328154367244699,0.263544971241875,0.34836799573559,1.34265520583952,-0.941976218428995,0.186953884424939,0.35185943424993,0.268446603276836,0.445062446607715,FALSE,FALSE,TRUE,TRUE,FALSE,FALSE
"Segatella_hominis",-0.538929357785633,0.728215234578362,0.0196544918351772,0.0852195260902279,-27.4201623885827,8.54516878922031,2.20172325121654e-08,5.96935713744227e-05,2.81641307780873e-07,0.000248454324098948,TRUE,TRUE,FALSE,FALSE,FALSE,FALSE
"Segatella_sinensis",2.00810779664981,-4.13223266030861,0.10839156954393,0.156874997447604,18.5264205057567,-26.3409257532499,1.59512138218425e-06,1.97560707843257e-07,1.14255205979709e-05,2.50922466044219e-06,TRUE,TRUE,FALSE,FALSE,FALSE,FALSE
"Alistipes_communis",-0.0626399181286541,0.179284751417863,0.14005467494619,0.185276291444807,-0.447253318410975,0.967661593503291,0.656276302032306,0.337034458696786,0.793456726304024,0.429396538898077,FALSE,FALSE,TRUE,TRUE,FALSE,FALSE
"Alistipes_dispar",0.348470320538782,-0.723333889144912,0.106953379349467,0.157668695595071,3.25815156714371,-4.58768233234197,0.00375936256427383,0.000159506159091953,0.00921659289375677,0.000579680200593764,TRUE,TRUE,FALSE,FALSE,FALSE,FALSE
"Alistipes_finegoldii",0.142102739767693,-0.396363223841367,0.240179283711472,0.315438147074961,0.591652775259341,-1.25654816171354,0.555286208901291,0.211555257724209,0.688242061736812,0.286098877624835,FALSE,FALSE,TRUE,TRUE,FALSE,FALSE
"Alistipes_ihumii",0.355937402895921,-0.589617466341982,0.131336755644909,0.170301837536916,2.71011265009666,-3.46219086575723,0.00935873818115835,0.0011518952823637,0.0202280095424335,0.00309179735919842,TRUE,TRUE,FALSE,FALSE,FALSE,FALSE
"Alistipes_indistinctus",0.36925758163136,-0.607110073293814,0.125305390899139,0.170647114673791,2.94686109657153,-3.5576931637805,0.00456608273096563,0.000738133651238329,0.0109019649700575,0.00213469638104606,TRUE,TRUE,FALSE,FALSE,FALSE,FALSE
"Alistipes_montrealensis",0.397597670844595,-0.562551688097096,0.0628362126502063,0.113433000827256,6.3275244333697,-4.95933003618399,0.00145349349382047,0.00425061801264705,0.00393561315249851,0.00959113807981899,TRUE,TRUE,FALSE,FALSE,FALSE,FALSE
"Alistipes_onderdonkii",0.481088136424017,-0.949235204995438,0.278458817476003,0.391565032004096,1.72768146034908,-2.42420831129146,0.0864762205645464,0.0167499955162726,0.139106284329935,0.0320933040062953,FALSE,TRUE,TRUE,FALSE,FALSE,FALSE
"Alistipes_provencensis",0.379105988807589,-0.853616172224097,0.0451360548089855,0.0901050031061499,8.39918310122483,-9.47357130900355,0.0754403189068275,0.0669516254443721,0.123758286142758,0.10520969712687,FALSE,FALSE,TRUE,TRUE,FALSE,FALSE
"Alistipes_putredinis",-0.0721440365091989,0.0342773938909027,0.327564203048857,0.43140931128689,-0.220243957788142,0.0794544600547761,0.826021429511306,0.936791481449842,0.966437228070208,1,FALSE,FALSE,TRUE,TRUE,FALSE,FALSE
"Alistipes_senegalensis",-0.128944471909747,0.201114856367826,0.0607453129232281,0.103201834722186,-2.12270652178073,1.94875272236407,0.0497323115355502,0.0690822574161309,0.0864177825272184,0.10786988737221,FALSE,FALSE,TRUE,TRUE,FALSE,FALSE
"Alistipes_SGB2300",-2.29458601689709,3.91123475654125,0.0197585919063181,0.092548855549021,-116.131049610036,42.2612979203137,8.97877610399015e-10,1.39954835171102e-07,1.96401257884849e-08,1.97700262454243e-06,TRUE,TRUE,TRUE,FALSE,TRUE,FALSE
"Alistipes_SGB2302",-1.00883405219558,4.59977867363894,0.0361600635580105,0.106757348776509,-27.8991227594812,43.0862954761862,1.40283137193918e-07,1.04614062037625e-08,1.37165734145164e-06,2.630296416946e-07,TRUE,TRUE,TRUE,FALSE,TRUE,FALSE
"Alistipes_SGB2313",-0.153285712724932,0.486796415117774,0.111360252067376,0.167862374469295,-1.37648496549909,2.89997336601966,0.191917699432243,0.0124085516320521,0.274613943903046,0.0244989352735388,FALSE,TRUE,TRUE,FALSE,FALSE,FALSE
"Alistipes_shahii",0.342807603866455,-0.692642876405813,0.192500020197954,0.275646017904661,1.7808185345328,-2.51279841323658,0.0779485419002731,0.0135599159654336,0.126692089209943,0.0265171689990701,FALSE,TRUE,TRUE,FALSE,FALSE,FALSE
"Alistipes_sp_AF17_16",0.477949843781606,-0.7064073991603,0.0742474612721514,0.123495007221082,6.43725503326905,-5.72012921863054,6.13629586889241e-06,2.50193856615669e-05,3.49996134744234e-05,0.000117648408912406,TRUE,TRUE,FALSE,FALSE,FALSE,FALSE
"Alistipes_sp_An66",-1.34745145682104,3.87951922033534,NA,0.0811064138570311,NA,47.8324590601908,1,1,1,1,FALSE,FALSE,FALSE,TRUE,FALSE,FALSE
"Alistipes_timonensis",0.336684721978026,-0.676183439670762,0.0666844023556507,0.109592953287785,5.04892763651643,-6.16995362735724,0.00069135047793383,0.00016471030734071,0.00205735214689487,0.00059478507152344,TRUE,TRUE,FALSE,FALSE,FALSE,FALSE
"GGB1690_SGB40190",-0.432427879696584,0.952516491975962,NA,0.0835625986848109,NA,11.3988376016015,1,0.0557069151413125,1,0.089713620201434,FALSE,FALSE,TRUE,TRUE,FALSE,FALSE
"GGB1691_SGB2323",-0.48569200733279,1.32041767649853,NA,0.0811064138570311,NA,16.2800648395831,1,1,1,1,FALSE,FALSE,TRUE,TRUE,FALSE,FALSE
"Rikenellaceae_bacterium",-0.201413388375106,0.45439890252748,0.212915759038551,0.266324240359476,-0.945976893794119,1.70618679664362,0.353993455165276,0.101442518085819,0.473362018313309,0.150929511792348,FALSE,FALSE,TRUE,TRUE,FALSE,FALSE
"Parabacteroides_distasonis",0.164315550840416,-0.44253022882872,0.275610671640606,0.378229579864902,0.596187186302721,-1.17000428413554,0.551986199158446,0.243932047122285,0.685531247341942,0.325595105151305,FALSE,FALSE,TRUE,TRUE,FALSE,FALSE
"Parabacteroides_faecis",0.251046337564736,-0.13677368367731,0.0381858056899713,0.0868980309827971,6.57433653758595,-1.57395607392286,0.0223632364027123,0.25615460146414,0.0425177580989838,0.340434162895167,TRUE,FALSE,FALSE,TRUE,FALSE,FALSE
"Parabacteroides_goldsteinii",0.734442834549558,-1.3120974049203,0.109437804109607,0.186838372746527,6.7110523691976,-7.02263344318644,1.55713568907152e-08,5.01246457786661e-09,2.10812216366606e-07,1.43612938603062e-07,TRUE,TRUE,FALSE,FALSE,FALSE,FALSE
"Parabacteroides_gordonii",1.57595342605771,-2.63551232891773,0.0264713236326843,0.0903686653496955,59.5343643531248,-29.1640063369223,9.90228135622223e-11,1.43472788281087e-08,3.51338587962748e-09,3.21379045749634e-07,TRUE,TRUE,FALSE,FALSE,FALSE,FALSE
"Parabacteroides_johnsonii",0.467571825947023,-1.48412670839923,0.0877706823090687,0.161761303724505,5.32719825853185,-9.17479442998831,3.25487334305599e-05,1.31915085751178e-08,0.000146350509439598,3.00961825269354e-07,TRUE,TRUE,FALSE,FALSE,FALSE,FALSE
"Parabacteroides_merdae",0.20836742230083,-0.47036652494424,0.246198073120002,0.339794770177207,0.846340589348431,-1.38426652269821,0.399251607757552,0.169157148829096,0.51940652667086,0.234686494771899,FALSE,FALSE,TRUE,TRUE,FALSE,FALSE
"Parabacteroides_sp_AGMB00274",0.288908838723518,-1.07784771625336,0.0344972809902732,0.0853624638800508,8.37482927437031,-12.6267174969074,0.00357017085133008,0.00107122076079721,0.0087969009776773,0.00292626159047044,TRUE,TRUE,FALSE,FALSE,FALSE,FALSE
"Parabacteroides_sp_TM07_1AC",-2.94963065572225,3.64965685167697,0.0122520620650399,0.0813974272173067,-240.745650818955,44.837496422749,1.72532875341817e-05,0.000497042359092656,8.5365663622939e-05,0.00153089046600538,TRUE,TRUE,TRUE,FALSE,TRUE,FALSE
"GGB1631_SGB2239",1.9256028605817,-5.01786932362402,0.0965999501151708,0.12477422283177,19.9337873185846,-40.2155926900824,3.73714956460911e-05,2.28446897039475e-06,0.000166215460779727,1.64065229540697e-05,TRUE,TRUE,FALSE,FALSE,FALSE,FALSE
"GGB47687_SGB2286",0.501685717118297,-0.818837982410717,0.0558137363836457,0.112107526345995,8.98857072871579,-7.3040411210533,6.1087013156564e-07,5.96847294860574e-06,5.15473974033472e-06,3.53517243878956e-05,TRUE,TRUE,FALSE,FALSE,FALSE,FALSE
"GGB1515_SGB48227",0.31304836934079,-0.764414014193556,0.0210811563420016,0.0818593588213525,14.8496773261474,-9.33813830452534,0.0428063207433257,0.0679153404428322,0.0756633962062801,0.106452543798434,FALSE,FALSE,TRUE,TRUE,FALSE,FALSE
"GGB1266_SGB1699",1.62439523943332,-2.45834709316469,0.170729512857656,0.22601429157744,9.51443726538154,-10.876954178459,5.91532312662473e-10,3.58047428830612e-11,1.45753561840033e-08,2.59479077834891e-09,TRUE,TRUE,FALSE,FALSE,FALSE,FALSE
"GGB1093_SGB1404",-0.113160901130795,0.847279380315277,0.0410287886041919,0.0878584360497982,-2.75808535861167,9.64368839703724,0.039925239658335,0.000203381978447034,0.0715533454601106,0.000713864949990728,FALSE,TRUE,TRUE,FALSE,FALSE,FALSE
"GGB1096_SGB1408",1.2137013076911,-2.10303138340479,NA,0.0811064138570311,NA,-25.9292857789505,1,1,1,1,FALSE,FALSE,TRUE,TRUE,FALSE,FALSE
"GGB1420_SGB1956",-0.319385696556837,0.706734888129473,NA,0.0811064138570311,NA,8.71367447431787,1,1,1,1,FALSE,FALSE,TRUE,TRUE,FALSE,FALSE
"GGB1420_SGB1957",0.168286666253458,-0.206882973371069,0.0510998645140072,0.0966673045759027,3.29328987178289,-2.14015456703487,0.0109680680931486,0.064760812399276,0.0230985639158276,0.102157901249562,TRUE,FALSE,FALSE,TRUE,FALSE,FALSE
"GGB1455_SGB2018",1.55965961069312,-3.17311602215194,NA,0.0811064138570311,NA,-39.1228741508075,1,1,1,1,FALSE,FALSE,TRUE,TRUE,FALSE,FALSE
"GGB1456_SGB2019",-0.78026337783157,1.60127384968732,0.0333387990969467,0.0938989005589099,-23.4040637025534,17.0531693146154,1.97568987826963e-05,6.9348953875079e-05,9.62075071157387e-05,0.000285171867501675,TRUE,TRUE,TRUE,FALSE,TRUE,FALSE
"GGB1495_SGB2071",0.800573501749223,-0.636199153409656,0.106050886473426,0.158267426341208,7.54895624516851,-4.01977316569284,6.61471610772787e-05,0.00384237076339514,0.000272552850994005,0.00875009386414567,TRUE,TRUE,FALSE,FALSE,FALSE,FALSE
"GGB1627_SGB2227",-2.04643649868545,3.61681358215679,0.0213746804384085,0.12721211354479,-95.741150590873,28.431361459012,2.35669375097228e-09,1.00826880239283e-06,4.46684107876593e-08,8.33682660770449e-06,TRUE,TRUE,TRUE,FALSE,TRUE,FALSE
"GGB1627_SGB2230",-3.74057894824335,7.90207566854081,NA,0.0811064138570311,NA,97.4284929237539,1,1,1,1,FALSE,FALSE,FALSE,TRUE,FALSE,FALSE
"GGB1661_SGB2275",-0.198510748636264,0.422947726111344,0.0878615361383637,0.122105631329661,-2.25935895684377,3.46378558880276,0.0537761365179824,0.00852022162147539,0.0916351316599644,0.0176795597742256,FALSE,TRUE,TRUE,FALSE,FALSE,FALSE
"GGB1662_SGB2276",-0.05289921906359,0.221511487962273,0.0161217372229621,0.0818157238362222,-3.28123565915997,2.70744396768637,0.0463826872138169,0.0733227286316709,0.0815170765298466,0.113342034722984,FALSE,FALSE,TRUE,TRUE,FALSE,FALSE
"Candidatus_Gastranaerophilales_bacterium",0.679345498553784,-0.821454493891792,0.0552868090658571,0.159319655686404,12.2876597516155,-5.15601474502744,6.99748348489594e-10,7.91638188844174e-05,1.6265848402626e-08,0.000318724917861445,TRUE,TRUE,FALSE,FALSE,FALSE,FALSE
"GGB5979_SGB8597",-0.394862483652989,0.318914708274203,0.0792665994051879,0.125243967756713,-4.98144851193333,2.5463478520075,0.0155500315030538,0.0842110070726707,0.031405965265184,0.12761126779032,TRUE,FALSE,FALSE,TRUE,FALSE,FALSE
"GGB5980_SGB8599",-0.194122222913314,0.647909692768436,0.102720556619068,0.13368527250791,-1.88980890780413,4.84653006732736,0.079669592843276,0.000258939446874595,0.129318759397781,0.000878824789392565,FALSE,TRUE,TRUE,FALSE,FALSE,FALSE
"GGB5997_SGB8620",-0.084914292727642,0.402195831330498,0.0155047222966785,0.0811379802379336,-5.47667291956805,4.95693669168343,0.114975468459625,0.126729141687434,0.178175820304727,0.182395213269764,FALSE,FALSE,TRUE,TRUE,FALSE,FALSE
"GGB6001_SGB8624",0.293508782140453,-1.50765233308361,NA,0.0811064138570311,NA,-18.5885710067418,1,1,1,1,FALSE,FALSE,TRUE,TRUE,FALSE,FALSE
"GGB6002_SGB8625",-1.28603832397066,3.19955361530848,NA,0.0811064138570311,NA,39.4488359570236,1,1,1,1,FALSE,FALSE,TRUE,TRUE,FALSE,FALSE
"GGB6006_SGB8630",0.681243091397883,-1.94766842965857,0.0650298050943617,0.104949174775003,10.4758593449475,-18.5582062349143,0.000136729886615762,8.36001990123457e-06,0.000501342917591129,4.61862982884349e-05,TRUE,TRUE,FALSE,FALSE,FALSE,FALSE
"GGB12785_SGB19823",0.210640458385238,-0.777693695040253,0.0387857232391714,0.0886132008753247,5.43087612641197,-8.77627359533527,0.00286982229373519,0.000318538399031023,0.00723030892818355,0.00105494437528554,TRUE,TRUE,FALSE,FALSE,FALSE,FALSE
"Candidatus_Saccharibacteria_unclassified_SGB19846",0.168582437732837,-0.579682350517798,NA,0.082528787335051,NA,-7.02400179666277,1,0.0900298937134481,1,0.13576111267438,FALSE,FALSE,TRUE,TRUE,FALSE,FALSE
"TM7_phylum_sp_oral_taxon_348",-0.41755782444581,0.468570596902512,0.0216059120626106,0.0867667720303998,-19.3260910826532,5.40034607647202,6.84235290121533e-06,0.00294144340566782,3.81437953588113e-05,0.00692898331889627,TRUE,TRUE,FALSE,FALSE,FALSE,FALSE
"TM7_phylum_sp_oral_taxon_352",0.168510429372235,-0.426909864584074,0.102014518186793,0.145242096357894,1.6518279198622,-2.939298421665,0.108664931774728,0.00616445937358594,0.168990954364863,0.013394380861125,FALSE,TRUE,TRUE,FALSE,FALSE,FALSE
"Candidatus_Nanosynbacter_sp_HMT_352",-0.911566220795549,1.23952693206484,0.0167935349960565,0.0835497808266017,-54.2807825159864,14.835789152306,0.000339224156920649,0.00451264537654447,0.00109691380925522,0.0101267378941763,TRUE,TRUE,FALSE,FALSE,FALSE,FALSE
"Candidatus_Nanosynsacchari_sp_TM7_ANC_38_39_G1_1",0.074260267920029,-0.342593145339368,0.060681167975848,0.11872819936631,1.22377782757223,-2.88552464509607,0.237727446469668,0.0102727813626419,0.33244065158982,0.0210233665095927,FALSE,TRUE,TRUE,FALSE,FALSE,FALSE
"Gemella_morbillorum",0.378817192950469,-1.94300954061847,0.0660510294857889,0.115905842427235,5.7352201154105,-16.7636893872566,0.00225716688383158,1.38050758404612e-05,0.00584207899344644,7.29950791220954e-05,TRUE,TRUE,FALSE,FALSE,FALSE,FALSE
"Gemella_sanguinis",0.139179630645016,-0.298544868008494,0.0789959395606477,0.127564853448269,1.76185803243929,-2.34033795311467,0.0926459233574045,0.0292176701403501,0.147127667002505,0.0512902983988993,FALSE,FALSE,TRUE,TRUE,FALSE,FALSE
"Staphylococcus_epidermidis",1.1957726467501,-2.13170536665943,NA,0.0811064138570311,NA,-26.2828211147031,1,1,1,1,FALSE,FALSE,TRUE,TRUE,FALSE,FALSE
"Granulicatella_adiacens",-0.0646630183496182,-0.122687113782018,0.0359900157578623,0.0865889768498755,-1.79669324916847,-1.41689067414121,0.132319711059049,0.215697723487137,0.200760940917178,0.29138113523701,FALSE,FALSE,TRUE,TRUE,FALSE,FALSE
"Granulicatella_SGB8255",0.282252350865622,-0.685751418501445,0.0545776722689436,0.102140208483347,5.17157180091449,-6.71382434678751,1.92114221667203e-05,3.3026854460769e-07,9.39225083706324e-05,3.63295399068459e-06,TRUE,TRUE,FALSE,FALSE,FALSE,FALSE
"Enterococcus_avium",1.03509383184843,-1.96245666279973,0.0155888524074803,0.0904889233717128,66.3996171617959,-21.6872583922597,1.46696977408341e-08,3.86756768357124e-06,2.00811862407863e-07,2.46883077003097e-05,TRUE,TRUE,FALSE,FALSE,FALSE,FALSE
"Enterococcus_faecalis",-0.868239607942535,1.24450225061046,0.0840974230130416,0.141087314876385,-10.3242118109599,8.8207947801745,6.28282300328377e-08,4.31589760953178e-07,6.79707081121125e-07,4.30364600839221e-06,TRUE,TRUE,FALSE,FALSE,FALSE,FALSE
"Enterococcus_faecium",0.491980245631007,-0.839591920511867,0.063538252299838,0.142089725042157,7.74305599891771,-5.90888553174951,5.2435433292491e-06,7.1537227216448e-05,3.06163288229142e-05,0.000292803534653369,TRUE,TRUE,FALSE,FALSE,FALSE,FALSE
"Lacticaseibacillus_paracasei",0.23633263995382,-0.556359461261124,0.103144109777955,0.136209692746213,2.29128585687141,-4.08458054668503,0.0329365480778398,0.000577270183103181,0.0602044914419862,0.00171786682508,FALSE,TRUE,TRUE,FALSE,FALSE,FALSE
"Lacticaseibacillus_rhamnosus",0.788428760657244,-1.604559128672,0.0672235959525297,0.130583553409551,11.7284526286573,-12.2876050373633,3.80988607640471e-10,1.73489914064975e-10,1.04306214358458e-08,9.2930249620891e-09,TRUE,TRUE,FALSE,FALSE,FALSE,FALSE
"Lactiplantibacillus_plantarum",2.99478775353985,-3.7707466207493,0.0122520620650399,0.108426913793994,244.431324102185,-34.7768509570745,2.1749119604875e-11,3.69839142620953e-07,1.11645480638358e-09,3.962102814861e-06,TRUE,TRUE,FALSE,FALSE,FALSE,FALSE
"Lactobacillus_acidophilus",-1.30978733180871,1.78493787244347,0.0122520620650399,0.0838734485004968,-106.903419592206,21.2813220912563,0.00595491900371268,0.0298924960227326,0.0136112434370575,0.0520898940594153,TRUE,FALSE,TRUE,TRUE,TRUE,FALSE
"Lactobacillus_crispatus",0.165571221496058,-0.348704917274412,0.0552558631471664,0.118074770490164,2.9964462061715,-2.95325509274193,0.0171644082601602,0.0183342296176945,0.0341073402847053,0.034697036695852,TRUE,TRUE,FALSE,FALSE,FALSE,FALSE
"Lactobacillus_delbrueckii",-0.802516264694609,1.47771277087192,0.0363337377693839,0.0865495046145715,-22.0873577551616,17.0736132743056,0.000203162671592924,0.000437680226616,0.000703079807310345,0.0013685838558145,TRUE,TRUE,FALSE,FALSE,FALSE,FALSE
"Lactobacillus_gasseri",0.265393204001901,-0.694841849100314,0.111159958331921,0.154511227254981,2.38748923609203,-4.49703145489651,0.0242274349146621,0.000117621920120739,0.0455003045958288,0.00045143366227025,TRUE,TRUE,FALSE,FALSE,FALSE,FALSE
"Lactobacillus_johnsonii",-2.30985800282287,3.61896420301756,NA,0.0811064138570311,NA,44.6199508881853,1,1,1,1,FALSE,FALSE,FALSE,TRUE,FALSE,FALSE
"Latilactobacillus_curvatus",-0.658827129232928,1.77286370596528,0.019235361900968,0.0815607439753626,-34.2508309760355,21.7367279840019,0.0185817089928801,0.0292671102065148,0.0362799769876835,0.0512902983988993,TRUE,FALSE,FALSE,TRUE,FALSE,FALSE
"Leuconostoc_carnosum",0.227127997862831,-0.641481786331188,0.0197600907029559,0.081639895606641,11.4942791142581,-7.85745475988833,0.0552466872250381,0.0805878862462499,0.0938812671189613,0.12257318006837,FALSE,FALSE,TRUE,TRUE,FALSE,FALSE
"Leuconostoc_citreum",-1.46986401993013,1.99031982721121,NA,0.0857077169109172,NA,23.222177639849,1,0.0273973746996168,1,0.0484965023418504,FALSE,TRUE,FALSE,FALSE,FALSE,FALSE
"Leuconostoc_gelidum",-0.392152243850059,0.526034563721785,0.0183617357264849,0.0820074157598762,-21.357035614254,6.4144755550163,0.00218520760570537,0.023452397414159,0.00569170353113956,0.0423035924073848,TRUE,TRUE,FALSE,FALSE,FALSE,FALSE
"Leuconostoc_lactis",0.0848155609753592,0.593924009674291,0.068899766721815,0.104003209918369,1.23099924732408,5.71063152897353,0.434317987715109,0.110360786404897,0.560292943314151,0.161862486727182,FALSE,FALSE,TRUE,TRUE,FALSE,FALSE
"Leuconostoc_mesenteroides",-0.470940304523408,0.745387185210426,0.0292170922368809,0.0913613094028999,-16.1186575551464,8.15867449888767,0.000519396447040133,0.00385131277300242,0.00159974105688361,0.0087542755283007,TRUE,TRUE,FALSE,FALSE,FALSE,FALSE
"Leuconostoc_pseudomesenteroides",-0.870942917715124,1.8633383008118,0.0207950453168075,0.0852541055893505,-41.8822322551607,21.8562881861323,0.000569598942733561,0.00208682523964011,0.00173270591962407,0.00513167404238844,TRUE,TRUE,FALSE,FALSE,FALSE,FALSE
"Ligilactobacillus_animalis",0.303355003851448,-0.2650986924475,0.109208259782208,0.161898429169998,2.77776611820777,-1.63743832356235,0.0140768614112997,0.122341095430091,0.0287606853378462,0.177114253313598,TRUE,FALSE,FALSE,TRUE,FALSE,FALSE
"Ligilactobacillus_ruminis",0.507170954222346,-0.24916313638776,0.0706961038633518,0.13780521582951,7.17395905158585,-1.80808204455787,5.2285811115516e-05,0.104050540234735,0.000222124549290744,0.153705354399513,TRUE,FALSE,FALSE,TRUE,FALSE,FALSE
"Ligilactobacillus_salivarius",-0.192331575978133,0.400490570271468,0.0948272222363332,0.122790836246963,-2.02823167696292,3.2615672513703,0.0674555689573948,0.0075778528084013,0.11291475673303,0.0160964045861214,FALSE,TRUE,TRUE,FALSE,FALSE,FALSE
"Limosilactobacillus_fermentum",-0.0980572465211224,0.305586884242645,0.126658295956422,0.193565091854442,-0.7741873185698,1.57872931175235,0.445546710247193,0.126043800471038,0.571784944817232,0.181833679368055,FALSE,FALSE,TRUE,TRUE,FALSE,FALSE
"Limosilactobacillus_mucosae",1.17504188079348,-2.01436549884,0.039063042113766,0.0888304666781822,30.080654685606,-22.6765159991527,0.00110333199492161,0.00193902205091342,0.00311767205904454,0.00483577968972739,TRUE,TRUE,FALSE,FALSE,FALSE,FALSE
"Limosilactobacillus_oris",-0.477805502400616,0.496772028059378,NA,0.0819457850043763,NA,6.06220354143716,1,0.0261481056946959,1,0.0463517499508853,FALSE,TRUE,TRUE,FALSE,FALSE,FALSE
"Limosilactobacillus_pontis",-0.590957961649268,2.16793094715886,0.0193368574017737,0.0815756923065754,-30.561220438801,26.5756978072758,0.0208235372896561,0.023943663493037,0.0400853092825881,0.0430008650487196,TRUE,TRUE,FALSE,FALSE,FALSE,FALSE
"Limosilactobacillus_portuensis",-0.161135479395682,0.149950302023725,0.0776498220897616,0.110915572601808,-2.07515580923563,1.35193191096848,0.106605856897128,0.247784823020464,0.166251159110458,0.330379764027286,FALSE,FALSE,TRUE,TRUE,FALSE,FALSE
"Limosilactobacillus_reuteri",-0.32347725455271,0.402829428130985,0.0446831140012718,0.0999195278610608,-7.23936238068599,4.03153854661046,0.000352665165274373,0.0068682859478355,0.00113302495079495,0.0147416869124274,TRUE,TRUE,FALSE,FALSE,FALSE,FALSE
"Limosilactobacillus_vaginalis",0.281161098155473,-0.797909586346869,0.0647621147538413,0.103990622932847,4.34144405605278,-7.67289938115023,0.00187350927570844,3.08489902023241e-05,0.00494253410636575,0.000141650010822651,TRUE,TRUE,FALSE,FALSE,FALSE,FALSE
"Weissella_cibaria",-0.262149057517006,0.248806138392065,0.0426639575100548,0.0953830637370432,-6.14450868640642,2.60849388396651,0.00355761519213293,0.0595141075761134,0.00878353089520594,0.0946082329468022,TRUE,FALSE,FALSE,TRUE,FALSE,FALSE
"Weissella_confusa",0.191685506630519,-0.480374223992298,0.0122520620650399,0.0992436901101098,15.6451628805795,-4.84035028785536,9.74751590385289e-05,0.0083979477284875,0.00037883090200463,0.0175063817284206,TRUE,TRUE,TRUE,FALSE,TRUE,FALSE
"Lactococcus_carnosus",1.41549038284065,-2.01315945731743,NA,0.0919641479710507,NA,-21.8906987313268,1,0.0020802901707518,1,0.00513167404238844,FALSE,TRUE,TRUE,FALSE,FALSE,FALSE
"Lactococcus_cremoris",-0.764782469534948,1.33215049878191,0.0929750599099568,0.126662772617237,-8.22567331793724,10.5173009500395,2.82484879705898e-06,2.07119417666547e-07,1.77875756952351e-05,2.57030260816807e-06,TRUE,TRUE,FALSE,FALSE,FALSE,FALSE
"Lactococcus_lactis",0.0824970618820781,-0.195601949696682,0.119797579492374,0.180017554084638,0.688637134670399,-1.08657153293349,0.493797087035812,0.281721421011608,0.623956934592944,0.369234883708831,FALSE,FALSE,TRUE,TRUE,FALSE,FALSE
"Streptococcus_anginosus",0.384052563532262,-1.11007697800286,0.127839692068326,0.159480829274593,3.0041730961539,-6.96056687849005,0.00597792732663378,2.69404954007853e-07,0.0136354318050768,3.16101812702547e-06,TRUE,TRUE,FALSE,FALSE,FALSE,FALSE
"Streptococcus_australis",-0.330886752177707,0.299985890255637,0.090753027970361,0.165213469223734,-3.64601335710552,1.81574717645686,0.00083496447012335,0.0777456254827777,0.00242041465221639,0.118984609434512,TRUE,FALSE,TRUE,TRUE,TRUE,FALSE
"Streptococcus_constellatus",-0.0427476541496051,0.0290094711436302,0.0531371626604048,0.0942538792454155,-0.804477544704482,0.30778012932599,0.466214446839062,0.773609986470968,0.593977454504369,0.888245576264895,FALSE,FALSE,TRUE,TRUE,FALSE,FALSE
"Streptococcus_cristatus",-0.45560986036325,0.658944741847991,0.0957271988426406,0.124146939667095,-4.75946090423262,5.30778079278455,0.00142779005928246,0.000721583555112484,0.00389167555981414,0.00209174338799666,TRUE,TRUE,FALSE,FALSE,FALSE,FALSE
"Streptococcus_gallolyticus",-1.394083044154,3.26162857952025,0.0386417062817901,0.087177387361845,-36.0771606198704,37.4136995638822,0.0176415437509273,0.0170116359864934,0.0349427361754701,0.0325439992785091,TRUE,TRUE,FALSE,FALSE,FALSE,FALSE
"Streptococcus_gordonii",0.147242240566935,-0.58393950525199,0.0946575731222646,0.169216897503614,1.55552520215947,-3.45083448441973,0.128818193729224,0.00147642747917209,0.19641585974555,0.0038619079709979,FALSE,TRUE,TRUE,FALSE,FALSE,FALSE
"Streptococcus_infantis",0.71746351182115,-2.32100230600214,0.0304650058691496,0.0902889146638394,23.5504143640323,-25.7063928018586,3.84630805836609e-07,2.28429123717563e-07,3.36074576447307e-06,2.70600654250036e-06,TRUE,TRUE,FALSE,FALSE,FALSE,FALSE
"Streptococcus_intermedius",0.440819283632057,-0.933820821617407,0.0122520620650399,0.0813258802195432,35.9791911999772,-11.4824557581979,0.017689556045358,0.0553032885020061,0.0349600731688617,0.0892970529940648,TRUE,FALSE,FALSE,TRUE,FALSE,FALSE
"Streptococcus_lutetiensis",-0.149197005219801,-0.00706507596153665,0.0300535377968183,0.124561286164902,-4.96437411889644,-0.0567196773496982,0.000140627177358432,0.955470787610914,0.000511069859898492,1,TRUE,FALSE,TRUE,TRUE,TRUE,FALSE
"Streptococcus_mitis",0.268806536150076,-0.540305397890663,0.108474111236674,0.155583228160325,2.47807087871484,-3.47277405334392,0.017027696427679,0.00114983984818751,0.0340001977291742,0.00309179735919842,TRUE,TRUE,FALSE,FALSE,FALSE,FALSE
"Streptococcus_mutans",0.136719197226654,-0.36438189512947,0.123412517926223,0.18382290781445,1.10782276809542,-1.9822442124421,0.275714161377161,0.0555809167052668,0.380380567543855,0.0896278656817914,FALSE,FALSE,TRUE,TRUE,FALSE,FALSE
"Streptococcus_oralis",0.839921095900039,-1.74855542232352,0.0752538958398538,0.11635134504455,11.1611643028749,-15.0282355709254,1.60564331199456e-09,1.24908766076546e-11,3.13992469901159e-08,1.22164104983377e-09,TRUE,TRUE,FALSE,FALSE,FALSE,FALSE
"Streptococcus_parasanguinis",0.0529432770536957,-0.239727197889414,0.200397072547415,0.281137119768003,0.264191868577167,-0.852705605318994,0.792117600274204,0.395642403265459,0.934759466990248,0.49136233953936,FALSE,FALSE,TRUE,TRUE,FALSE,FALSE
"Streptococcus_rubneri",-0.0857468511731128,-0.016968285980646,NA,0.0844621803430711,NA,-0.200898034028055,1,0.850580109566554,1,0.957874492674584,FALSE,FALSE,TRUE,TRUE,FALSE,FALSE
"Streptococcus_salivarius",-0.172133521242768,0.159069606948158,0.226216232768833,0.29666464705931,-0.760924709672219,0.536193336566848,0.448170266899056,0.592801244050382,0.573956100644113,0.703594540144577,FALSE,FALSE,TRUE,TRUE,FALSE,FALSE
"Streptococcus_sanguinis",0.622722950218066,-1.19489995997992,0.0484403842700852,0.103712248028045,12.8554502529542,-11.5213003545811,8.97552004060492e-13,1.02765627323008e-11,8.50603130001943e-11,1.22164104983377e-09,TRUE,TRUE,FALSE,FALSE,FALSE,FALSE
"Streptococcus_sobrinus",0.209516571789943,-1.74071031400988,0.0314413826900815,0.0842990699385094,6.6637200359524,-20.649223239113,0.00688947581484869,0.00024837333045877,0.0154324258252611,0.000852356387535389,TRUE,TRUE,FALSE,FALSE,FALSE,FALSE
"Streptococcus_thermophilus",-0.289444104685989,0.294505430952797,0.207831492247281,0.286819229023579,-1.39268645745758,1.02679807053169,0.166713637237906,0.306920908424367,0.241921320467727,0.395529873618013,FALSE,FALSE,TRUE,TRUE,FALSE,FALSE
"Streptococcus_vestibularis",0.141815185751392,-0.515906391756231,0.132429817326831,0.172879265438316,1.07087050797177,-2.98420050807254,0.290201739417872,0.00467376616358906,0.398138689268172,0.0104692362064395,FALSE,TRUE,TRUE,FALSE,FALSE,FALSE
"GGB71580_SGB98325",1.27467617778725,-1.50736983329149,0.0122520620650399,0.0810273620049258,104.037685331714,-18.6032198999623,0.00611893820920167,0.0341880418666728,0.0138575953561332,0.0585809006672335,TRUE,FALSE,FALSE,TRUE,FALSE,FALSE
"GGB9258_SGB14205",-0.416500088065518,1.72717366619764,0.0367863278566258,0.0900581368456233,-11.3221436423016,19.1784299197567,0.0014778180890211,0.000309597291348511,0.00399270150367104,0.00103366900526115,TRUE,TRUE,TRUE,FALSE,TRUE,FALSE
"GGB2652_SGB3573",0.505762711122851,-0.500990439368232,0.0212162021934093,0.0930364819591934,23.8385129681674,-5.38488159502818,0.00175508103434114,0.0327991302958056,0.00467010763349522,0.0565154245096959,TRUE,FALSE,FALSE,TRUE,FALSE,FALSE
"GGB2653_SGB3574",-0.114247502300231,0.0995629317998171,0.123501104074617,0.188014727418569,-0.925072720250377,0.529548579341683,0.357200429481385,0.59762254712608,0.475752355806558,0.707952863518587,FALSE,FALSE,TRUE,TRUE,FALSE,FALSE
"GGB2657_SGB3578",0.155715238582916,-0.0592093331815885,0.0363456402296613,0.0861583060588216,4.28428932876077,-0.68721561379312,0.0503976120803977,0.562935551595198,0.087327507852391,0.671381025716635,FALSE,FALSE,TRUE,TRUE,FALSE,FALSE
"GGB4710_SGB6522",-1.5530398685773,2.32467198994835,NA,0.082075159879273,NA,28.3236973691892,1,0.0224672450581925,1,0.0409462217628597,FALSE,TRUE,FALSE,FALSE,FALSE,FALSE
"GGB4676_SGB6465",-2.55636768713142,5.79144544525429,NA,0.0811064138570311,NA,71.4055173917941,1,1,1,1,FALSE,FALSE,FALSE,TRUE,FALSE,FALSE
"GGB4664_SGB6452",0.816611612304146,-0.954513153616854,NA,0.0811064138570311,NA,-11.7686519255975,1,1,1,1,FALSE,FALSE,TRUE,TRUE,FALSE,FALSE
"GGB9345_SGB14311",-0.206083860872833,0.573015547436321,0.11078870009504,0.161636903497808,-1.86015235033937,3.54507872296683,0.0769284361519383,0.00191709229690457,0.125697391696536,0.00479078642958708,FALSE,TRUE,TRUE,FALSE,FALSE,FALSE
"GGB2848_SGB3813",-0.279208356884321,0.499279710104686,0.161623499064057,0.206195343796868,-1.72752327787224,2.42139177786938,0.0890524968153631,0.0184008468324944,0.143041298665616,0.0347186888901719,FALSE,TRUE,TRUE,FALSE,FALSE,FALSE
"GGB34231_SGB47113",-0.513254823814188,0.872636139916709,0.0265248354830412,0.0831458697496743,-19.3499719967101,10.4952433902482,0.00266013514566147,0.00895673038406855,0.00674338785896077,0.0184607585674506,TRUE,TRUE,FALSE,FALSE,FALSE,FALSE
"GGB34540_SGB54300",0.57795113732448,-0.665892152472387,0.0544823617095934,0.104973007536368,10.6080411933155,-6.34346074386495,1.88578038929061e-07,3.70012691821074e-05,1.76006169667124e-06,0.000163389116961851,TRUE,TRUE,FALSE,FALSE,FALSE,FALSE
"GGB2958_SGB3940",0.142454435127725,0.50036373827105,0.0399184328763373,0.0921869577544787,3.56863796655125,5.4277063747311,0.0160668403372097,0.00287716241433395,0.0322383506440428,0.00681666172011428,TRUE,TRUE,FALSE,FALSE,FALSE,FALSE
"GGB2970_SGB3952",-0.0717930961861183,0.256965469118506,0.0766500599265301,0.121796301237287,-0.936634573474994,2.10979698486803,0.35642595531673,0.0433259176581613,0.475234607088973,0.0722294053516301,FALSE,FALSE,TRUE,TRUE,FALSE,FALSE
"GGB2982_SGB3964",-0.204480621785698,0.337731203150873,0.0715154977992876,0.114477597571728,-2.85924908695434,2.95019471333036,0.00678500867875026,0.0053474447340451,0.0152261032645179,0.0117854238145681,TRUE,TRUE,FALSE,FALSE,FALSE,FALSE
"GGB2996_SGB3983",-1.18986225190607,2.8799939626501,NA,0.0811064138570311,NA,35.5088312464012,1,1,1,1,FALSE,FALSE,FALSE,TRUE,FALSE,FALSE
"GGB2998_SGB3988",0.105413488745027,0.124729272422504,0.104471010025446,0.140755378349292,1.00902143780702,0.886142141673487,0.320091689918041,0.381765899045822,0.435268169954776,0.477498058501983,FALSE,FALSE,TRUE,TRUE,FALSE,FALSE
"GGB2998_SGB3989",0.491099843382251,-0.471558359991166,0.0631635865234638,0.117226521381232,7.77504683334944,-4.02262520831452,1.2213105684961e-06,0.00110719336932111,9.11911891143752e-06,0.00301117490287773,TRUE,TRUE,FALSE,FALSE,FALSE,FALSE
"GGB58485_SGB80143",0.143553309277789,-0.0593945525242744,0.0259916638479103,0.0878593642627517,5.5230519337965,-0.676018464538958,0.0116926888654871,0.547478278441661,0.0244989671467349,0.658684803750123,TRUE,FALSE,FALSE,TRUE,FALSE,FALSE
"GGB2999_SGB3990",-0.255096314441275,0.426399422091477,0.01735252609976,0.0854212946225921,-14.7008172167396,4.99172277797232,0.00068274544614458,0.015462494111438,0.0020459136249312,0.0299996736146325,TRUE,TRUE,FALSE,FALSE,FALSE,FALSE
"GGB3000_SGB3991",0.0859046732476402,-0.353861755461402,0.0944048222724489,0.130515171211992,0.909960647981757,-2.71126913580517,0.371533451845981,0.0119423664148747,0.49112576467194,0.0238155841798369,FALSE,TRUE,TRUE,FALSE,FALSE,FALSE
"GGB3001_SGB3992",0.272405494332703,-0.301158671513639,0.0697512666126417,0.133943330777527,3.90538419675568,-2.24840363283071,0.00180766802132483,0.0425325982694779,0.0047893483919832,0.0711958710163,TRUE,FALSE,FALSE,TRUE,FALSE,FALSE
"GGB3002_SGB3993",-0.382851899510563,0.373034524907935,0.113356358234392,0.143601186888654,-3.37741883625905,2.59771198964519,0.00383876249897644,0.0194308906731716,0.00936506019552271,0.0363260353707851,TRUE,TRUE,FALSE,FALSE,FALSE,FALSE
"GGB3003_SGB3994",1.09986253706939,-1.59191964015434,NA,0.115861328012932,NA,-13.7398704766845,1,0.00525533785740384,1,0.0116240147941141,FALSE,TRUE,FALSE,FALSE,FALSE,FALSE
"GGB3004_SGB3995",-1.06007617986266,1.28572610125012,0.0465784013792024,0.111738493231086,-22.7589644228536,11.5065637997384,6.04656011457475e-10,4.33159176169346e-07,1.46065922767767e-08,4.30364600839221e-06,TRUE,TRUE,TRUE,FALSE,TRUE,FALSE
"GGB3005_SGB3996",0.110809102905102,-0.359053826544913,0.16846970099546,0.224314063535406,0.657739060794602,-1.60067461168452,0.513353409226622,0.114977474288136,0.644451660775812,0.168033509279932,FALSE,FALSE,TRUE,TRUE,FALSE,FALSE
"GGB75036_SGB102224",-0.743268101563828,1.1388402405406,0.0146962969020621,0.0810813765258717,-50.5751963584469,14.045645120211,0.0125859487415911,0.045248713423056,0.0261923798135814,0.0749279770661357,TRUE,FALSE,FALSE,TRUE,FALSE,FALSE
"GGB3032_SGB4027",-0.906656385547457,1.91289278621151,0.038645846559924,0.0960795553119223,-23.4606423782592,19.9094675240878,2.61931191056849e-06,5.90660340078507e-06,1.69801498083343e-05,3.51542772452522e-05,TRUE,TRUE,TRUE,FALSE,TRUE,FALSE
"GGB3033_SGB4028",1.3274848077992,-2.27522464754988,0.0122520620650399,0.0868472372378024,108.347868363078,-26.1980083640419,0.00587553503591623,0.0242885201715709,0.0134547568108714,0.0434302711921267,TRUE,TRUE,FALSE,FALSE,FALSE,FALSE
"GGB3033_SGB4029",0.171304253278527,-0.524894713685548,0.0767435777727067,0.113287428324488,2.23216402271318,-4.6333006358137,0.0424566052462927,0.000387163166570065,0.075261205271126,0.00123571249019254,FALSE,TRUE,TRUE,FALSE,FALSE,FALSE
"GGB3034_SGB4030",0.11233771965743,-0.371924774473765,0.105866869505327,0.165695472028642,1.06112252286611,-2.24462847367051,0.296577620407182,0.0318353486335384,0.405981809268498,0.0550858841524147,FALSE,FALSE,TRUE,TRUE,FALSE,FALSE
"GGB3052_SGB4053",-0.301390060722938,0.86872011162907,0.0745424753566148,0.110623939246725,-4.04319898529092,7.85291246672714,0.0272309529226352,0.00430119821655052,0.0505249006034436,0.00966984708538366,FALSE,TRUE,TRUE,FALSE,FALSE,FALSE
"GGB29535_SGB42321",-0.438442773384455,0.465630781372999,0.014733780021295,0.0838802725349997,-29.7576570812627,5.55113577127103,8.03655225772564e-07,0.00260689409693995,6.30639005192229e-06,0.0062362981115146,TRUE,TRUE,FALSE,FALSE,FALSE,FALSE
"GGB3057_SGB4059",0.0108470031386259,0.360348241500855,0.0183109505705196,0.0813285062785783,0.592377937827511,4.43077412815793,0.613650171202626,0.0473493031286652,0.750016875914321,0.0780914878909177,FALSE,FALSE,TRUE,TRUE,FALSE,FALSE
"GGB3057_SGB71294",0.0974380182532359,0.0261651931796264,0.0596416941684709,0.106002050858353,1.63372317992848,0.246836669363974,0.126289246629618,0.808889727615092,0.19375732114576,0.920177418672016,FALSE,FALSE,TRUE,TRUE,FALSE,FALSE
"GGB3058_SGB4060",0.404516236169003,-1.1965716441872,0.0419879592925042,0.0949673804437897,9.63410089428229,-12.5998173119605,0.0106029657256065,0.0062401004165982,0.0224062671937344,0.0135348656923398,TRUE,TRUE,FALSE,FALSE,FALSE,FALSE
"GGB3061_SGB4063",0.283019803046257,-0.540227503397394,0.0609483416674872,0.111098630970015,4.64360137295145,-4.86259370327615,4.21815222976192e-05,2.15509331145277e-05,0.000185598698109525,0.000104530510224796,TRUE,TRUE,FALSE,FALSE,FALSE,FALSE
"GGB3109_SGB4119",-0.262162871662182,-0.0112533506995684,0.104216719999796,0.149885563429361,-2.51555481368723,-0.0750796170231025,0.0170998634863633,0.940618774690853,0.034033977084329,1,TRUE,FALSE,FALSE,TRUE,FALSE,FALSE
"GGB3109_SGB4121",-0.211618448337702,0.145540325139346,0.138171667683511,0.186252931742943,-1.53156180196381,0.781412264372911,0.128989263783461,0.436523743096508,0.196433588357508,0.537797251494898,FALSE,FALSE,TRUE,TRUE,FALSE,FALSE
"GGB3118_SGB4130",-0.003201163600266,0.225027936794068,NA,0.0822050144002002,NA,2.73739915303172,1,0.0714944128516048,1,0.110933396263447,FALSE,FALSE,FALSE,TRUE,FALSE,FALSE
"GGB3124_SGB4136",-0.040702591790286,-0.0774329414214188,0.0617799292501723,0.105122222373128,-0.658831958603651,-0.736599166887596,0.545998328532056,0.502232523697556,0.680151608444381,0.609606373591516,FALSE,FALSE,TRUE,TRUE,FALSE,FALSE
"GGB3142_SGB4155",0.114104274622375,-0.308371364003469,0.01761754529639,0.0812420682943232,6.4767408116587,-3.79571040567681,0.0230190126685766,0.062928011125942,0.0434294389091675,0.0996494983382526,TRUE,FALSE,FALSE,TRUE,FALSE,FALSE
"GGB3175_SGB4191",-0.478126200008386,0.789343537978729,0.0693047311313719,0.118148336816012,-6.89889697576439,6.6809534459037,3.57946181002299e-06,5.27825484583922e-06,2.20494847497416e-05,3.20605981585314e-05,TRUE,TRUE,FALSE,FALSE,FALSE,FALSE
"GGB3304_SGB4365",-2.97266448004182,4.60588313019713,0.0806242934355719,0.115667296508501,-36.8705802354389,39.8200984135445,3.23075917718511e-06,2.37639259169346e-06,2.02045447019901e-05,1.6674624208836e-05,TRUE,TRUE,TRUE,FALSE,TRUE,FALSE
"GGB3304_SGB4367",1.11403558400463,-1.87712964267858,0.17952238748053,0.251523390521484,6.20555240847305,-7.4630420605683,1.72252764980045e-06,8.14163626428224e-08,1.19895709861817e-05,1.22323120458484e-06,TRUE,TRUE,FALSE,FALSE,FALSE,FALSE
"GGB3321_SGB4394",-0.200886260145549,0.724893913992799,0.0557142586228221,0.0998996718493729,-3.60565257639917,7.25621917042713,0.00867424773093658,0.000169019031473519,0.0189144658486971,0.000607088766108966,TRUE,TRUE,FALSE,FALSE,FALSE,FALSE
"GGB3321_SGB4395",0.677967290908802,-0.758038563159321,0.0122520620650399,0.0814234466767971,55.334954010992,-9.30983143182682,0.0115035874356258,0.0681202691762127,0.0241438155378041,0.106638083386397,TRUE,FALSE,FALSE,TRUE,FALSE,FALSE
"GGB3323_SGB4400",-1.08467247879723,1.85945676476739,NA,0.0811064138570311,NA,22.9261371122279,1,1,1,1,FALSE,FALSE,TRUE,TRUE,FALSE,FALSE
"GGB39037_SGB4393",0.0360696411507053,0.83019010047435,0.0367090587712292,0.0863961782357861,0.982581476019072,9.6091067617442,0.505593057132818,0.0660140823786062,0.636251937066018,0.103953355161839,FALSE,FALSE,TRUE,TRUE,FALSE,FALSE
"GGB3351_SGB4434",-0.611043208793633,1.75585989424938,0.0500833682551416,0.0929033750170402,-12.2005214521669,18.8998504513676,0.0011855794853444,0.000323396968038403,0.00328971604942409,0.00106816371212684,TRUE,TRUE,FALSE,FALSE,FALSE,FALSE
"GGB3352_SGB4436",-1.07452712956268,1.71036503658509,NA,0.0810702622961073,NA,21.0973171683844,1,0.030152821987164,1,0.052469317356195,FALSE,FALSE,TRUE,TRUE,FALSE,FALSE
"GGB3352_SGB62935",-0.59887300809808,1.26220423421318,0.0674213932950967,0.1047373724019,-8.88253681553083,12.0511351895466,1.2681247497435e-06,4.61208352120564e-08,9.41162464869876e-06,7.52197831511408e-07,TRUE,TRUE,FALSE,FALSE,FALSE,FALSE
"GGB3353_SGB4437",1.38425274172962,-2.20895664554747,NA,0.0862030470532505,NA,-25.6250413536185,1,0.00151942809694637,1,0.00394091666407985,FALSE,TRUE,TRUE,FALSE,FALSE,FALSE
"GGB3363_SGB4447",-0.058315228429174,-0.222279107164878,0.0206082490289022,0.0887370538550764,-2.82970320998108,-2.50491871780981,0.0366875220771416,0.0541633272387857,0.0661771994129407,0.0875711537508976,FALSE,FALSE,FALSE,TRUE,FALSE,FALSE
"GGB3363_SGB4448",-0.15839593943081,0.233729105941106,0.0622006055980144,0.12952290192959,-2.54653371792679,1.80453883026929,0.0313726581233286,0.104636098996605,0.0575745544672494,0.154229658129685,FALSE,FALSE,FALSE,TRUE,FALSE,FALSE
"GGB3365_SGB4451",-2.37745793937608,3.62821815677987,NA,0.0811064138570311,NA,44.73404733657,1,1,1,1,FALSE,FALSE,TRUE,TRUE,FALSE,FALSE
"GGB3717_SGB5040",0.393201317416902,-0.585297545380182,0.0280365627565577,0.0834603491556692,14.0245907043271,-7.01288158150995,0.0453164139882154,0.090170752468364,0.0799854183860764,0.135807294671179,FALSE,FALSE,TRUE,TRUE,FALSE,FALSE
"GGB3730_SGB5060",-0.475810993750938,0.803868985213609,0.0671154022883292,0.103532170444268,-7.08944560455503,7.76443671338209,8.17769787061187e-06,3.09701327912363e-06,4.41882621780431e-05,2.07365236950017e-05,TRUE,TRUE,FALSE,FALSE,FALSE,FALSE
"GGB3256_SGB4303",0.249623741828281,-0.38920119051733,0.207613337443719,0.278770990714513,1.2023492560826,-1.39613232180212,0.235381074700698,0.169376317415014,0.329533504580977,0.234726235157815,FALSE,FALSE,TRUE,TRUE,FALSE,FALSE
"GGB3892_SGB5290",-0.0593697749081963,0.0860045740939775,0.0646964885475069,0.103651346943572,-0.917666108951195,0.82974873583455,0.389316688649742,0.4340617952641,0.509711116276814,0.535299431196567,FALSE,FALSE,TRUE,TRUE,FALSE,FALSE
"GGB4231_SGB5722",-2.79482059291826,5.48532128391627,NA,0.0811064138570311,NA,67.6311653180157,1,1,1,1,FALSE,FALSE,FALSE,TRUE,FALSE,FALSE
"GGB4552_SGB6276",1.33959226119322,-1.45970833313008,0.0263845975700012,0.117487133969124,50.771752634814,-12.4244100933953,2.12408523238765e-13,2.10548662560776e-07,2.90763667366842e-11,2.57030260816807e-06,TRUE,TRUE,FALSE,FALSE,FALSE,FALSE
"GGB4559_SGB6293",-0.176679959017658,-0.17295953463222,0.0388923605026267,0.0884849009646473,-4.54279341069374,-1.9546785129061,0.0104748273732035,0.122298818923141,0.0221735177384652,0.177114253313598,TRUE,FALSE,FALSE,TRUE,FALSE,FALSE
"GGB4562_SGB6298",1.58981604874285,-3.21446927855686,NA,0.0811064138570311,NA,-39.632738345738,1,1,1,1,FALSE,FALSE,TRUE,TRUE,FALSE,FALSE
"GGB4566_SGB6305",0.313662245033245,-0.468467309208757,0.0914152228668545,0.140825063661914,3.43118175722321,-3.32659043090106,0.00238676055841724,0.00306250637008735,0.00613880794983308,0.00715940768111502,TRUE,TRUE,FALSE,FALSE,FALSE,FALSE
"GGB4567_SGB6308",0.17977518141646,-0.201935624059868,0.039765195094479,0.0875574450610288,4.52091787779058,-2.30632156887533,0.0456058096591184,0.147507727261403,0.0802662250000485,0.208166689560193,FALSE,FALSE,TRUE,TRUE,FALSE,FALSE
"GGB4569_SGB6310",-1.00288840403197,1.49944479313037,0.0122520620650399,0.0824220714890863,-81.8546623995337,18.1922726041763,0.00777705368020315,0.0349587849056451,0.0172636578991176,0.0595701562984161,TRUE,FALSE,TRUE,TRUE,TRUE,FALSE
"GGB4571_SGB6317",0.542589008681911,-1.34844068711831,0.0847411375841702,0.146268426711912,6.40289975034826,-9.21894572486364,0.000684014479396913,9.19138161981594e-05,0.0020459136249312,0.000364108750984348,TRUE,TRUE,FALSE,FALSE,FALSE,FALSE
"GGB4571_SGB6321",0.576139569796617,-1.06934135621505,0.0589916496324037,0.135565808842057,9.76645971737918,-7.88798713590756,1.97312501900739e-06,1.33199917716964e-05,1.35049445745395e-05,7.07337494083186e-05,TRUE,TRUE,FALSE,FALSE,FALSE,FALSE
"GGB4583_SGB6334",-4.05110653000382,5.16212297543394,NA,0.0966436895380385,NA,53.4139683626435,1,1.44530161261456e-05,1,7.57707058187717e-05,FALSE,TRUE,FALSE,FALSE,FALSE,FALSE
"GGB4584_SGB6338",0.775259604717498,-1.10811323990041,NA,0.0811064138570311,NA,-13.6624612925646,1,1,1,1,FALSE,FALSE,TRUE,TRUE,FALSE,FALSE
"GGB4585_SGB6340",-0.669561102996132,1.38554731202085,0.034310828335215,0.0897465827502153,-19.5145712150857,15.438440880553,6.52179243287518e-06,2.06994835546794e-05,3.68571021894597e-05,0.00010119747515621,TRUE,TRUE,FALSE,FALSE,FALSE,FALSE
"GGB4593_SGB6353",-0.737236825161297,1.67467716265042,0.0643813099782701,0.120630083621711,-11.4511001004815,13.8827489161171,8.89654170081298e-05,3.48402588496963e-05,0.000353565786303277,0.000156084359646639,TRUE,TRUE,TRUE,FALSE,TRUE,FALSE
"GGB4599_SGB6362",-0.11959495651825,0.202649370684823,0.0430897296419103,0.0911023322740349,-2.77548635166949,2.22441473918862,0.024091791661128,0.0567896596522405,0.0453146371397094,0.091036343755295,TRUE,FALSE,FALSE,TRUE,FALSE,FALSE
"GGB4602_SGB6365",1.27994317583808,-2.95893099578867,NA,0.0811064138570311,NA,-36.4820839077471,1,1,1,1,FALSE,FALSE,TRUE,TRUE,FALSE,FALSE
"GGB4603_SGB6367",-0.618099495583574,1.39103805611911,0.0220994507126433,0.0839647636997421,-27.9689981267251,16.5669263489321,9.72190734024187e-06,7.77512729275806e-05,5.14051066230815e-05,0.000315097263969669,TRUE,TRUE,FALSE,FALSE,FALSE,FALSE
"GGB4604_SGB6369",-0.0887086316634077,0.914919979791354,0.0536980213166593,0.0960341465465684,-1.65199069701823,9.52702775723315,0.197104662717809,0.00245265095349588,0.281056648690209,0.00592483524452338,FALSE,TRUE,TRUE,FALSE,FALSE,FALSE
"GGB4604_SGB6372",0.595808495463674,-0.458270155657328,0.0122520620650399,0.0827154629120959,48.6292423512739,-5.54032026810204,0.013089450481633,0.113682684654065,0.0270120653155308,0.166338559968893,TRUE,FALSE,FALSE,TRUE,FALSE,FALSE
"GGB4605_SGB6376",-0.338492961361903,0.726292155725336,0.0394968227169677,0.0984074494613856,-8.57013142012783,7.38045909837677,0.000138601869579173,0.000317336265227178,0.000505199713969056,0.00105379589962233,TRUE,TRUE,FALSE,FALSE,FALSE,FALSE
"GGB47174_SGB65105",0.388951839591948,-0.0141359869212022,NA,0.0811064138570311,NA,-0.17428938414316,1,1,1,1,FALSE,FALSE,TRUE,TRUE,FALSE,FALSE
"GGB4683_SGB6473",-0.719295088140719,1.72112389190389,NA,0.0811064138570311,NA,21.2205645651868,1,1,1,1,FALSE,FALSE,FALSE,TRUE,FALSE,FALSE
"GGB4684_SGB6478",-0.171149110535229,0.765609042755206,0.101551411149013,0.141389496689539,-1.68534448314155,5.41489333140721,0.122822520230858,0.000295131069539987,0.1889105429768,0.000988047493677348,FALSE,TRUE,TRUE,FALSE,FALSE,FALSE
"GGB4717_SGB6533",1.11659939597489,-2.39439230797487,0.0393310201725713,0.0941961713956085,28.3897898166799,-25.4192104891271,9.59506200083925e-05,0.000133527324687076,0.000375273536032824,0.000494011003046481,TRUE,TRUE,FALSE,FALSE,FALSE,FALSE
"GGB4723_SGB6540",0.433482800955578,-0.927742242829992,0.0272836652456877,0.0832527319829106,15.8879973439086,-11.1436852669343,0.0400164407646236,0.056975688675772,0.0715533454601106,0.0911611018812352,FALSE,FALSE,TRUE,TRUE,FALSE,FALSE
"GGB4739_SGB6564",0.849246129365817,-1.17965736303322,NA,0.0916893775548185,NA,-12.8658018463254,1,0.0493822627904181,1,0.0809028560608977,FALSE,FALSE,TRUE,TRUE,FALSE,FALSE
"GGB4769_SGB6602",-1.92638392219186,2.97697996275975,0.0505166629942681,0.102259962641541,-38.1336336964784,29.1118819708076,2.82442523503411e-06,8.28822539596037e-06,1.77875756952351e-05,4.6063260279142e-05,TRUE,TRUE,TRUE,FALSE,TRUE,FALSE
"GGB4802_SGB6641",0.515918292051562,-1.11810003094738,0.0616000302414555,0.107016871633552,8.3752928371837,-10.4478855892554,3.91846553992375e-08,8.94645638588917e-10,4.59766623351053e-07,3.14915264783299e-08,TRUE,TRUE,FALSE,FALSE,FALSE,FALSE
"GGB45620_SGB63333",-1.39223903291597,2.1593133093177,0.0370837512708833,0.08935060366955,-37.5431013638878,24.1667456137577,2.38385592126292e-08,3.2986867769629e-07,2.96657625757164e-07,3.63295399068459e-06,TRUE,TRUE,FALSE,FALSE,FALSE,FALSE
"GGB9052_SGB13957",1.05296738671931,-1.18225868971165,0.0909742919028422,0.131793146358044,11.5743400107345,-8.97056275217674,8.44697635971199e-05,0.000287112992367634,0.000337879054388479,0.000963823451217779,TRUE,TRUE,FALSE,FALSE,FALSE,FALSE
"GGB74665_SGB13972",-0.340005692087972,0.700287097988176,0.102255370381059,0.152276295080694,-3.3250644031793,4.59879259353586,0.0159039211471849,0.0036967061275493,0.0319635087330046,0.00844961400582698,TRUE,TRUE,FALSE,FALSE,FALSE,FALSE
"GGB33516_SGB54324",-0.953357577822159,2.0810729005593,0.0327869867557116,0.0848822122822028,-29.0773160987745,24.517184986184,0.00118065146094744,0.00165949778991749,0.00328343702006151,0.00422417619251725,TRUE,TRUE,FALSE,FALSE,FALSE,FALSE
"GGB9062_SGB13981",0.329272487134831,-0.617256305948869,0.137494385418134,0.181540616865813,2.39480678526239,-3.40010030044746,0.0226557259110187,0.00182235867046159,0.0428753522617128,0.00458193037144629,TRUE,TRUE,FALSE,FALSE,FALSE,FALSE
"GGB9063_SGB13982",-0.0463323671270845,0.297515651587741,0.135786213079133,0.177532769486293,-0.341215548150557,1.67583512862796,0.734820905193307,0.101980948287866,0.876378853047584,0.151374130470664,FALSE,FALSE,TRUE,TRUE,FALSE,FALSE
"GGB9064_SGB13983",-0.523298828478947,0.786130141758748,0.0607382402208583,0.114906169664864,-8.61564027169886,6.84149636221951,5.47768901687439e-08,1.57546382539596e-06,6.13501169889931e-07,1.23628753687123e-05,TRUE,TRUE,FALSE,FALSE,FALSE,FALSE
"GGB28369_SGB40949",0.761482019065019,-1.2734332002552,NA,0.0811064138570311,NA,-15.7007706258585,1,1,1,1,FALSE,FALSE,TRUE,TRUE,FALSE,FALSE
"GGB9086_SGB14014",1.56319665046077,-2.21931370403485,0.0314087161238541,0.107305461611012,49.7695176172312,-20.6822063920658,9.75280538812024e-07,3.22868232739608e-05,7.4171256471647e-06,0.0001469363686086,TRUE,TRUE,FALSE,FALSE,FALSE,FALSE
"GGB9088_SGB14016",-1.19452010667063,3.02611419453856,NA,0.0811064138570311,NA,37.3104178896726,1,1,1,1,FALSE,FALSE,TRUE,TRUE,FALSE,FALSE
"GGB9089_SGB14018",-0.57882308169601,1.68531587354497,0.0481914660522141,0.0920035421180776,-12.0109041934701,18.3179455349885,0.00124168323931683,0.000354977271087045,0.00342994114537742,0.00116003182487862,TRUE,TRUE,FALSE,FALSE,FALSE,FALSE
"GGB9091_SGB14020",-0.231000895840651,0.934435491393499,0.0731414497143743,0.116092871496068,-3.15827614495934,8.04903418574801,0.00910686855539253,6.16321208014832e-06,0.0197529261624007,3.58164022770884e-05,TRUE,TRUE,FALSE,FALSE,FALSE,FALSE
"GGB9092_SGB14021",-0.723945261278349,1.56841226394654,0.0212302061719411,0.086581712636697,-34.0997753585244,18.1148214349572,4.41224202736258e-06,5.46063279343177e-05,2.6260300375414e-05,0.000231185553316424,TRUE,TRUE,FALSE,FALSE,FALSE,FALSE
"GGB9092_SGB14022",0.194616766483714,-0.395408650665421,0.040617143210542,0.0939848791180349,4.7914932242995,-4.20715177139112,0.000560956568377661,0.00146779013860681,0.0017148845961322,0.00384748393779488,TRUE,TRUE,FALSE,FALSE,FALSE,FALSE
"GGB9110_SGB14043",0.362112352220118,-0.890831644115939,0.0896968280542007,0.124629893694931,4.03706976127747,-7.14781676935803,0.00122384182489814,4.95191451401768e-06,0.00338825422084159,3.05037934063489e-05,TRUE,TRUE,FALSE,FALSE,FALSE,FALSE
"GGB9112_SGB14045",1.35924051997291,-2.13245301626922,NA,0.0811064138570311,NA,-26.2920392464665,1,1,1,1,FALSE,FALSE,TRUE,TRUE,FALSE,FALSE
"GGB9115_SGB14048",-0.525189660157318,1.09491511266206,0.0610164079998471,0.103040470038538,-8.60735132357568,10.6260686917728,2.56924557689916e-05,5.38457301512374e-06,0.000118996637245856,3.25185978168257e-05,TRUE,TRUE,FALSE,FALSE,FALSE,FALSE
"GGB9116_SGB14049",-0.091388389028411,0.508181406383561,0.0692508221105474,0.109263924097654,-1.31967226154405,4.65095328197601,0.235060529219578,0.00350021967207916,0.32945912627818,0.00803029913594324,FALSE,TRUE,TRUE,FALSE,FALSE,FALSE
"GGB9117_SGB14050",1.67291214963602,-3.10745426209725,0.075913934322147,0.11878182930157,22.0369575700935,-26.1610237893195,1.00086203555711e-07,3.05099471441258e-08,1.01070658016914e-06,5.447573171241e-07,TRUE,TRUE,FALSE,FALSE,FALSE,FALSE
"GGB9176_SGB14114",0.384397384605098,-0.636431733811372,0.105360290838534,0.172099379016046,3.64840853746497,-3.69804782242725,0.000901663852562882,0.000785787466562898,0.00257737788017975,0.00223577403881175,TRUE,TRUE,FALSE,FALSE,FALSE,FALSE
"GGB3511_SGB4688",0.061229849949929,-0.228325559383249,0.0812942967268228,0.159756390676353,0.753187522559949,-1.42921080287679,0.457408665584917,0.163628041072473,0.583966296373697,0.228300958778354,FALSE,FALSE,TRUE,TRUE,FALSE,FALSE
"GGB9184_SGB14123",0.310783415157206,-1.15723657444868,0.0252855298523561,0.0900981829433782,12.2909591759355,-12.844172175769,5.41310383220254e-06,4.02402965643449e-06,3.14572826475167e-05,2.555466256045e-05,TRUE,TRUE,FALSE,FALSE,FALSE,FALSE
"GGB9185_SGB14124",0.0216000109208511,-0.100620001179016,0.0570727186557414,0.100022357604157,0.378464727624783,-1.00597509985941,0.709072885871715,0.326444210132634,0.851934793223506,0.417631637469787,FALSE,FALSE,TRUE,TRUE,FALSE,FALSE
"GGB9189_SGB14128",-0.290331069137083,1.00710999702485,0.0325527835567769,0.0914595248002345,-8.91877859325619,11.0115376088448,0.000873736632224266,0.000386590270713998,0.00252094503723723,0.00123571249019254,TRUE,TRUE,FALSE,FALSE,FALSE,FALSE
"GGB9197_SGB14136",2.4435066064116,-3.57804239336361,NA,0.0907602750292092,NA,-39.4230007810366,1,0.016144973050443,1,0.0311283881472272,FALSE,TRUE,TRUE,FALSE,FALSE,FALSE
"GGB9198_SGB14137",0.208924726914674,-0.654212270158295,0.0833762199353613,0.141984579405333,2.50580713633511,-4.60762903195756,0.0214757946928931,0.000192117652375063,0.0410841289777086,0.000682100713908004,TRUE,TRUE,FALSE,FALSE,FALSE,FALSE
"GGB9199_SGB14138",-0.539793364914716,1.68978332760606,0.0971343469662454,0.126020648410157,-5.55718323923356,13.4087814094271,0.000353150634014011,2.97548282975616e-07,0.00113302495079495,3.37155588895646e-06,TRUE,TRUE,FALSE,FALSE,FALSE,FALSE
"GGB9209_SGB14148",-0.744296824942397,2.18667249108407,0.0572075688645288,0.0979143941815428,-13.0104606735682,22.3324926775298,4.78340235447789e-05,3.34451408339032e-06,0.000206777252656728,2.20344457258656e-05,TRUE,TRUE,FALSE,FALSE,FALSE,FALSE
"GGB9210_SGB14149",-0.348110369214963,0.426800220650358,0.113775367447254,0.151513883237389,-3.05962860877022,2.81690503557128,0.00644945008012878,0.0110103236648213,0.014566381854354,0.0222372438607539,TRUE,TRUE,FALSE,FALSE,FALSE,FALSE
"GGB9210_SGB14150",0.321928527139183,-0.948161040143649,0.0410201129836447,0.0881040873915251,7.84806534461621,-10.7618280628698,0.0158508409777111,0.00852407346257304,0.0319088824910786,0.0176795597742256,TRUE,TRUE,FALSE,FALSE,FALSE,FALSE
"GGB9211_SGB14151",-0.321026596226241,1.30548158199106,0.0458527297203742,0.0900156530141652,-7.00125375706032,14.5028285445602,0.00011249769042207,5.00281851230045e-07,0.000423844509480092,4.63418977981516e-06,TRUE,TRUE,FALSE,FALSE,FALSE,FALSE
"GGB9225_SGB14166",-0.171877233613102,-0.00889107577481601,0.0491344691109568,0.103684333295386,-3.49809892572492,-0.0857513907090112,0.00498694942444602,0.93320496849504,0.0117699649251293,1,TRUE,FALSE,FALSE,TRUE,FALSE,FALSE
"GGB36267_SGB14177",-0.324253424868727,0.386752893837305,0.0941016781804182,0.14196399724828,-3.44577728196351,2.72430264950145,0.00165660838814214,0.0104927257060611,0.0044272050633213,0.0214023809103764,TRUE,TRUE,FALSE,FALSE,FALSE,FALSE
"GGB9238_SGB14180",0.0663500903353373,-0.265304456427484,0.0396995417211839,0.0935754970817437,1.67130620301172,-2.83519152664212,0.145694714313652,0.0297541863660674,0.216332248134739,0.0519959682311986,FALSE,FALSE,TRUE,TRUE,FALSE,FALSE
"GGB9239_SGB14181",0.656170959345327,-1.33367155451391,0.0399623674972063,0.0945700115699892,16.4197218643565,-14.1024784958061,0.000491591688574112,0.000772286499790615,0.00151789714366743,0.00221020494550327,TRUE,TRUE,FALSE,FALSE,FALSE,FALSE
"GGB9240_SGB14182",0.240713578076146,-0.342058561783818,0.0667656079414171,0.107050322264784,3.60535289796744,-3.1953062311924,0.00202296568600227,0.00501395394973838,0.00530275260671234,0.0111300743532931,TRUE,TRUE,FALSE,FALSE,FALSE,FALSE
"GGB9289_SGB14244",0.97757351805968,-3.00779000652671,0.0227757905214332,0.0821819391412351,42.921606481221,-36.599160812665,0.0148294687485175,0.0173900550381576,0.0301483589078771,0.0332163531891631,TRUE,TRUE,FALSE,FALSE,FALSE,FALSE
"GGB9253_SGB14198",0.552908671106795,-0.389196634368154,NA,0.0834529487236584,NA,-4.66366545844795,1,0.134470122603784,1,0.191966617668438,FALSE,FALSE,TRUE,TRUE,FALSE,FALSE
"GGB9253_SGB14199",0.48057651829563,-0.500290003811952,0.0172533121567953,0.0814997623587879,27.8541600550798,-6.13854555317003,0.000101575522040014,0.00869489803821069,0.000391065759854054,0.018003553585001,TRUE,TRUE,FALSE,FALSE,FALSE,FALSE
"GGB9261_SGB14209",0.623255357767417,-0.481609736036787,0.0247738986845342,0.0885366037401847,25.1577422554206,-5.43966806599106,1.48218982944416e-05,0.00554425015243366,7.48384372899674e-05,0.0121539433946588,TRUE,TRUE,FALSE,FALSE,FALSE,FALSE
"GGB9271_SGB14222",-0.470243871350066,2.68654514183051,0.0460191751916904,0.0904471437396947,-10.2184332811549,29.7029295868351,0.00944162181368758,0.00113152412952154,0.0202649443805977,0.00307056768187342,TRUE,TRUE,FALSE,FALSE,FALSE,FALSE
"GGB9282_SGB14235",-1.35321285316551,2.94599000198739,NA,0.0811064138570311,NA,36.3225281687387,1,1,1,1,FALSE,FALSE,FALSE,TRUE,FALSE,FALSE
"GGB9290_SGB14247",1.3718943363604,-1.9950615851437,0.0313754587974923,0.098014877354274,43.7250765069306,-20.3546812381611,8.54521641144535e-10,1.73174463823538e-07,1.91412847616376e-08,2.24579936242736e-06,TRUE,TRUE,FALSE,FALSE,FALSE,FALSE
"GGB9291_SGB14248",-0.324359510748745,1.17827315399066,0.0453523022474267,0.0904968163269021,-7.15199658396942,13.0200508903471,0.00562908272854743,0.000978331421785586,0.0129626727505989,0.00270854901492099,TRUE,TRUE,FALSE,FALSE,FALSE,FALSE
"GGB9293_SGB14250",1.25501079333266,-1.45259900886959,0.0284480559945733,0.113461378375735,44.1158718744108,-12.8025855992971,7.69210769841425e-11,1.30707526546564e-06,2.96146146388948e-09,1.03891401745398e-05,TRUE,TRUE,FALSE,FALSE,FALSE,FALSE
"GGB9297_SGB14255",2.50912662736832,-4.77538420742065,NA,0.0811064138570311,NA,-58.87800952263,1,1,1,1,FALSE,FALSE,TRUE,TRUE,FALSE,FALSE
"GGB9299_SGB14259",0.143817086694134,-0.385554273623297,0.0706401261380948,0.114683382217903,2.0359120878831,-3.36190183936789,0.0812012672455664,0.0120529460131183,0.131458556171535,0.0239503701421963,FALSE,TRUE,TRUE,FALSE,FALSE,FALSE
"GGB9301_SGB14262",-0.153490940400113,0.610407742138976,0.0735692303112231,0.115283525570527,-2.08634696531136,5.29483930265082,0.0523229061007007,5.94130103226938e-05,0.0900304753017644,0.000248124843110369,FALSE,TRUE,TRUE,FALSE,FALSE,FALSE
"GGB9302_SGB14263",0.249588804608347,-0.0231072432900739,0.0308059042625131,0.0853495056086797,8.1019794933293,-0.270736697597507,0.0148946234919906,0.811974728203496,0.0302309326888508,0.921984207508486,TRUE,FALSE,FALSE,TRUE,FALSE,FALSE
"GGB9309_SGB14270",0.650588207952137,-1.26422638689841,0.0122520620650399,0.0822848950306388,53.1003029937736,-15.3640153083707,1.47104357487049e-05,0.000598925173203884,7.45813038782077e-05,0.00176525314207461,TRUE,TRUE,FALSE,FALSE,FALSE,FALSE
"GGB40351_SGB14301",0.0421436957507765,-0.430714647983652,0.07470269739476,0.134678330214126,0.564152262508966,-3.19809910992255,0.583041206840204,0.00765951209384042,0.717589177649482,0.0162139499993323,FALSE,TRUE,TRUE,FALSE,FALSE,FALSE
"GGB9342_SGB14306",0.53214619463307,-0.657175154628423,0.168189160834363,0.261914735382512,3.16397437262405,-2.50911867814025,0.00305890402385541,0.0164860880467398,0.00765969462884119,0.0317357194899741,TRUE,TRUE,FALSE,FALSE,FALSE,FALSE
"GGB9343_SGB14307",-0.130829214162859,0.10055829154048,0.0688949933655671,0.11969498755886,-1.89896548024411,0.84012115788082,0.0799871639509777,0.416024551036161,0.129663402615269,0.514600649474448,FALSE,FALSE,TRUE,TRUE,FALSE,FALSE
"GGB9347_SGB14313",1.56077816323512,-2.29110615992669,0.128760375610286,0.18149612347999,12.1215719963343,-12.6234440493672,3.76594659071203e-09,2.15682448169526e-09,6.53471295740454e-08,6.99265200381201e-08,TRUE,TRUE,FALSE,FALSE,FALSE,FALSE
"GGB9348_SGB14315",-0.131455769417732,0.741772108014845,0.0622023692786314,0.099585276702324,-2.11335630687771,7.44861221033827,0.168914618985283,0.0175508192231399,0.244539142878812,0.0334197979643096,FALSE,TRUE,TRUE,FALSE,FALSE,FALSE
"GGB9350_SGB14317",0.819517606055743,-1.53673584149289,0.0568010604943146,0.10840420677273,14.4278574893469,-14.1759797635406,6.05801266764606e-09,7.40268498545684e-09,9.56855334171788e-08,2.02669064490729e-07,TRUE,TRUE,FALSE,FALSE,FALSE,FALSE
"GGB9445_SGB14835",-0.985319513021813,2.84186638983938,NA,0.0811064138570311,NA,35.0387380565097,1,1,1,1,FALSE,FALSE,FALSE,TRUE,FALSE,FALSE
"GGB9463_SGB14855",1.39384008059089,-2.15070074596363,0.0902798473050187,0.153336232053632,15.4391054282765,-14.0260440546849,1.15425536892855e-06,2.21805195068359e-06,8.72418781914095e-06,1.61694674748058e-05,TRUE,TRUE,FALSE,FALSE,FALSE,FALSE
"GGB9464_SGB14857",1.87784841245855,-2.84298792300416,0.123934108819234,0.182661469731982,15.1519902821709,-15.5642453067725,2.63814219435281e-11,1.72082333626462e-11,1.30007647337706e-09,1.32503396892375e-09,TRUE,TRUE,FALSE,FALSE,FALSE,FALSE
"GGB58158_SGB79798",-0.371623071626842,0.491250033856004,0.126345769176697,0.191970211602497,-2.94131789333696,2.55899094841449,0.004144246175572,0.0121482848723403,0.00999160721781741,0.0241009451895705,TRUE,TRUE,FALSE,FALSE,FALSE,FALSE
"GGB31234_SGB14869",-0.0835347263200386,0.0382176968247373,0.0963850295108111,0.135644626243039,-0.866677395276088,0.281748697926753,0.393485270830734,0.780208148384911,0.513531624643501,0.89332382789053,FALSE,FALSE,TRUE,TRUE,FALSE,FALSE
"GGB9474_SGB14868",0.182992305957133,-0.659509340723646,0.0723826883588252,0.125048177946123,2.52812254015737,-5.27404198570408,0.0167768791456757,9.7878155964735e-06,0.0335537582913513,5.33565876763511e-05,TRUE,TRUE,FALSE,FALSE,FALSE,FALSE
"GGB9476_SGB14870",0.00275729332280912,-0.576627751679446,0.0573727382998401,0.105628447672413,0.0480592944404887,-5.45901946289838,0.962399483368761,0.000109523499510757,1,0.000424317457224067,FALSE,TRUE,TRUE,FALSE,FALSE,FALSE
"GGB9480_SGB14873",0.102805521946068,-0.191445063163744,0.121021291920034,0.194401448773752,0.849482932424802,-0.984792368428034,0.406769619466865,0.337779226058798,0.527515969666503,0.429457179055148,FALSE,FALSE,TRUE,TRUE,FALSE,FALSE
"GGB9480_SGB14874",-0.0406823555483782,-0.113033916117671,0.255902168584621,0.376614396455869,-0.158976204748048,-0.300131692206611,0.874056089623649,0.764792672373669,1,0.881407457777699,FALSE,FALSE,TRUE,TRUE,FALSE,FALSE
"GGB9480_SGB14875",1.92226056210277,-2.19018885317651,0.120412056299682,0.193911202566831,15.9640207232958,-11.2948031067038,1.90255663838217e-09,9.46766718029224e-08,3.66242152888568e-08,1.37225481954353e-06,TRUE,TRUE,FALSE,FALSE,FALSE,FALSE
"GGB9499_SGB72735",-0.510600619988645,1.00652900283659,0.0404739294955445,0.0938207505674785,-12.6155435450085,10.7282130738515,5.02282070611518e-07,1.98741647883474e-06,4.32735322373e-06,1.48393763752994e-05,TRUE,TRUE,FALSE,FALSE,FALSE,FALSE
"GGB9501_SGB14898",0.133431103168086,-0.592028958457286,0.0718273635871656,0.134452584997886,1.85766393898283,-4.40325456343287,0.0733976057055317,0.000132614826747013,0.121376980173443,0.000494011003046481,FALSE,TRUE,TRUE,FALSE,FALSE,FALSE
"GGB9502_SGB14899",-0.148810292827765,0.169809438619219,0.104960608120128,0.149581536118843,-1.41777277678737,1.13522994231256,0.160631078434076,0.260096837886121,0.235032646829907,0.344188296751559,FALSE,FALSE,TRUE,TRUE,FALSE,FALSE
"GGB42378_SGB59548",0.17731364747439,-0.275559896657564,0.0600891175258401,0.103558182165223,2.95084459175391,-2.66091863429892,0.00991638755308466,0.0177986144684575,0.021136659974741,0.0337872003469024,TRUE,TRUE,FALSE,FALSE,FALSE,FALSE
"GGB52106_SGB72838",-0.521934056312957,0.848545875931394,0.0898402329799858,0.132084975168484,-5.80958039622661,6.42424223382721,2.37676335275419e-06,4.28688204732392e-07,1.57428626375977e-05,4.30364600839221e-06,TRUE,TRUE,FALSE,FALSE,FALSE,FALSE
"GGB33586_SGB53517",-0.191706092924537,0.239892373262407,0.126536189167488,0.182630086658319,-1.51502976489032,1.31354245979864,0.133706148172259,0.192754945368888,0.202117760181868,0.264072069598292,FALSE,FALSE,TRUE,TRUE,FALSE,FALSE
"GGB9529_SGB14929",0.636434829550721,-1.25842913444932,0.0623493291373314,0.105087155437588,10.2075649947877,-11.9750994230376,1.86813737887143e-05,6.44756263084528e-06,9.16950299111397e-05,3.7118678323371e-05,TRUE,TRUE,FALSE,FALSE,FALSE,FALSE
"GGB9529_SGB53518",-0.730471063748205,1.01552414147463,0.049863505331223,0.0969082257938934,-14.649412609402,10.4792357217897,1.65063732037213e-06,1.57008194161705e-05,1.1689371878453e-05,7.99314443005045e-05,TRUE,TRUE,FALSE,FALSE,FALSE,FALSE
"GGB9530_SGB14930",-0.520913733528072,1.06644342883528,0.05591534602962,0.0956985287547705,-9.3161139207138,11.1437808157748,0.00261841947450284,0.00154854687370752,0.00667886706539854,0.00400800367312534,TRUE,TRUE,FALSE,FALSE,FALSE,FALSE
"GGB9531_SGB14932",0.183788825736034,-0.541062829353405,0.122884647964185,0.188446179066107,1.49562072057691,-2.87117962292883,0.139312496453502,0.00542643400871969,0.209053587857144,0.0119381548191833,FALSE,TRUE,TRUE,FALSE,FALSE,FALSE
"GGB9532_SGB14933",-0.208299575552778,0.518442137296155,0.0731690894195751,0.126706197202512,-2.84682476172856,4.09168729503844,0.013740342775008,0.00127281699982494,0.0281665595654075,0.00337954858574208,TRUE,TRUE,FALSE,FALSE,FALSE,FALSE
"GGB9533_SGB14936",0.908578865574635,-1.7818343696774,0.0996934603421838,0.136930354903253,9.11372583974983,-13.0127054073316,4.27335604445681e-09,4.315177845993e-12,7.11456033347404e-08,7.7831236870142e-10,TRUE,TRUE,FALSE,FALSE,FALSE,FALSE
"GGB9534_SGB14937",-0.274357424170992,0.393065732436917,0.183559693117877,0.235831694855778,-1.49464961240051,1.66672139924744,0.138709248072933,0.0992507343083822,0.208402187348602,0.148385190649839,FALSE,FALSE,TRUE,TRUE,FALSE,FALSE
"GGB9536_SGB14939",-0.248264709015431,0.176213272108977,0.039892564601166,0.09224016228291,-6.22333288164118,1.91037469739605,0.00339445676137859,0.128690337753858,0.00840208966805323,0.184571008280272,TRUE,FALSE,FALSE,TRUE,FALSE,FALSE
"GGB9537_SGB14940",0.164140639386499,-0.67247446538509,0.109201611947431,0.142990173505743,1.50309722044685,-4.70294180990054,0.143626766437709,5.78859075790003e-05,0.214347602016851,0.000243397399786104,FALSE,TRUE,TRUE,FALSE,FALSE,FALSE
"GGB9547_SGB14953",-0.0167936277468816,-0.11135135035948,0.0513700868426218,0.0941873404385136,-0.326914529039649,-1.18223266355175,0.749364406650935,0.26001019704178,0.891136051152463,0.344188296751559,FALSE,FALSE,TRUE,TRUE,FALSE,FALSE
"GGB9547_SGB14954",0.0108828775050183,-0.365697252533131,0.0605248448894862,0.118984203282546,0.179808432799615,-3.07349414833437,0.85894884322874,0.00555874273847458,0.999268153784522,0.0121640693673191,FALSE,TRUE,TRUE,FALSE,FALSE,FALSE
"GGB9551_SGB14958",0.675068437193287,-2.12104912597351,0.0295473508896101,0.085444402351769,22.8470037708411,-24.8237341194253,2.17424161485378e-05,1.56314355061108e-05,0.000103423384922775,7.99084171930643e-05,TRUE,TRUE,FALSE,FALSE,FALSE,FALSE
"GGB52130_SGB14966",-0.3129520185671,0.401227883765223,0.0956912206463309,0.149713070432835,-3.27043605937218,2.67997899318499,0.00178165661803374,0.00949034236355914,0.00473060550305511,0.0194544122993425,TRUE,TRUE,FALSE,FALSE,FALSE,FALSE
"GGB9559_SGB14968",0.627437192341084,-0.546572059341385,0.0122520620650399,0.0958607890406101,51.2107422416197,-5.7017271066884,5.36692902181171e-08,0.00231648545261192,6.06610693107526e-07,0.00564013849331598,TRUE,TRUE,FALSE,FALSE,FALSE,FALSE
"GGB9559_SGB14969",-0.642690793582656,1.14759135289616,0.083638787672447,0.132520559728514,-7.68412373574344,8.65972310445376,2.1818335635959e-06,5.38061002350808e-07,1.47693348920338e-05,4.87419966835438e-06,TRUE,TRUE,TRUE,FALSE,TRUE,FALSE
"GGB9559_SGB69175",0.414015905848551,-0.564529621825591,0.0316413406252132,0.0912744110707088,13.0846512084461,-6.1849713978243,3.67245029482572e-07,0.000161760393512912,3.25500630447862e-06,0.000586143543552668,TRUE,TRUE,FALSE,FALSE,FALSE,FALSE
"GGB9561_SGB14972",-0.508810872019725,1.40841769757842,0.0760662093898052,0.109195190321374,-6.68905255173552,12.8981660587182,0.00112909026890764,4.98991558566114e-05,0.0031831560899181,0.000214201254408869,TRUE,TRUE,FALSE,FALSE,FALSE,FALSE
"GGB33512_SGB15201",-0.142703889210578,0.189723884276386,0.15266372150262,0.220601661280551,-0.93475966526945,0.860029263492736,0.355664174761923,0.395029053018084,0.474732679638883,0.491095654206135,FALSE,FALSE,TRUE,TRUE,FALSE,FALSE
"GGB33512_SGB15202",1.56553492527882,-3.19665198599165,0.0419823743567845,0.0904547679140752,37.2902902531005,-35.3397842889632,0.000718356967761993,0.000799743983669018,0.00212744178914129,0.00227024098589915,TRUE,TRUE,FALSE,FALSE,FALSE,FALSE
"GGB33512_SGB15203",0.15965488242673,-0.15949984743845,0.106915810121595,0.148289088382887,1.4932766467855,-1.07560070115622,0.154821732215117,0.298058415742576,0.227613811562081,0.385722655666863,FALSE,FALSE,TRUE,TRUE,FALSE,FALSE
"GGB35551_SGB53794",0.470566675692281,-1.05036761584769,0.0371780837869071,0.0871580218298987,12.6570986925905,-12.0513016908258,5.47038098456342e-05,6.94412015020313e-05,0.000230017384743417,0.000285171867501675,TRUE,TRUE,FALSE,FALSE,FALSE,FALSE
"GGB9582_SGB15003",4.30497953125282,-8.69871063667004,NA,0.0811064138570311,NA,-107.250588738932,1,1,1,1,FALSE,FALSE,TRUE,TRUE,FALSE,FALSE
"GGB9583_SGB15004",0.388196422353555,-0.936384421381531,0.0129373421773317,0.0929605273162145,30.0058866058081,-10.0729250189849,8.13050610624067e-05,0.00208355831003284,0.00032627959357943,0.00513167404238844,TRUE,TRUE,FALSE,FALSE,FALSE,FALSE
"GGB9690_SGB15196",0.360547117659811,-0.290427156698748,0.038596942566731,0.0981291630049285,9.3413388129501,-2.95964163766648,6.2902885533729e-06,0.0159688106157291,3.57126059804397e-05,0.0309332935197771,TRUE,TRUE,FALSE,FALSE,FALSE,FALSE
"GGB9691_SGB15198",-2.00453878895685,3.41698786043615,0.0122520620650399,0.0810020580512441,-163.608279024036,42.1839635021924,0.00389107353626964,0.0150886855607524,0.00947391817526521,0.0293926760380425,TRUE,TRUE,TRUE,FALSE,TRUE,FALSE
"GGB9694_SGB15204",0.0767659777855739,-0.250142138582254,0.131605526626408,0.181744827813425,0.583303602465657,-1.37633704128871,0.56342901844117,0.177459671730761,0.696932279838877,0.245652039968874,FALSE,FALSE,TRUE,TRUE,FALSE,FALSE
"GGB9695_SGB15209",0.171782385626188,-0.475350277518816,0.048751012345696,0.103363151435157,3.52366807089194,-4.59883692513979,0.00967981069248471,0.00248760312266751,0.0207400465619846,0.00598579501391871,TRUE,TRUE,FALSE,FALSE,FALSE,FALSE
"GGB9695_SGB15210",-0.175193111742672,0.0532463800452849,0.030953060401952,0.0867752460514185,-5.65996090427374,0.613612550447092,0.000766503411839965,0.558875381193531,0.0022484100080639,0.669129708095656,TRUE,FALSE,FALSE,TRUE,FALSE,FALSE
"GGB9695_SGB15211",-0.664796844448547,1.26593827600975,0.0591733908360208,0.0981700019081536,-11.2347262013564,12.8953677437446,0.00782980462214315,0.00595986573395653,0.0173494951339575,0.0129727112795662,TRUE,TRUE,FALSE,FALSE,FALSE,FALSE
"GGB9719_SGB15272",-0.396324732169738,0.550274130377868,0.143250773051455,0.23122919522758,-2.76664986671577,2.37977790752711,0.0074242873278784,0.02036271965522,0.0165401844266658,0.037895574947479,TRUE,TRUE,TRUE,FALSE,TRUE,FALSE
"GGB9719_SGB15273",0.108949106065021,-0.280114584034714,0.156711143219173,0.214235015831474,0.695222457235517,-1.30751073977124,0.489599749154687,0.196027482745359,0.621201741460941,0.267744854481466,FALSE,FALSE,TRUE,TRUE,FALSE,FALSE
"GGB9719_SGB53514",0.0460284272854518,0.15921969106364,0.0487825439370167,0.0973143446888967,0.943542988345981,1.63613793601188,0.365665920487962,0.130074176555131,0.4865015270423,0.186122398973196,FALSE,FALSE,TRUE,TRUE,FALSE,FALSE
"GGB9747_SGB15356",0.535501803982776,-0.719893149025515,0.0654277215147999,0.127354896933872,8.18463170632718,-5.65265385436506,2.6715638194493e-07,2.86560769916326e-05,2.42012251879525e-06,0.000133223723976194,TRUE,TRUE,FALSE,FALSE,FALSE,FALSE
"GGB9767_SGB15385",0.753457812395689,-1.03437540960651,0.0468371164122811,0.0970208875910603,16.08676771993,-10.6613682402739,2.23797434171105e-07,5.25186399183042e-06,2.04235880665779e-06,3.20605981585314e-05,TRUE,TRUE,FALSE,FALSE,FALSE,FALSE
"GGB9770_SGB15389",0.70186807949679,-1.36211103105323,0.131317013387594,0.182885730769702,5.34483736258272,-7.44788029837311,1.99112192212118e-05,1.43037581057869e-07,9.6577252285563e-05,1.98002584116062e-06,TRUE,TRUE,FALSE,FALSE,FALSE,FALSE
"GGB9770_SGB15390",0.334150670234502,-0.600701576263069,0.11323711357754,0.189622723395864,2.95089356905667,-3.16787759138456,0.0052188353124783,0.00289882297174367,0.0122468668666158,0.00685479827483339,TRUE,TRUE,FALSE,FALSE,FALSE,FALSE
"GGB9770_SGB73065",-0.479696229201303,1.93801640145248,0.0722497651630454,0.112066275483989,-6.63941575614504,17.2934845303159,0.000563392595293196,2.3952878865145e-06,0.00171806850841885,1.6674624208836e-05,TRUE,TRUE,FALSE,FALSE,FALSE,FALSE
"GGB33544_SGB53490",0.407394104418085,-0.664692583261178,0.0295555160704674,0.0839812204767503,13.7840294666742,-7.91477641653463,3.60777340841759e-05,0.000518273339178929,0.000161042639100379,0.00157269151199123,TRUE,TRUE,FALSE,FALSE,FALSE,FALSE
"GGB9774_SGB15394",-1.06290148755048,1.84683094388073,0.0397566715375706,0.0883339309989223,-26.7351729016354,20.9073786595466,1.16353489483048e-05,3.09284520383873e-05,6.02300416147544e-05,0.000141650010822651,TRUE,TRUE,FALSE,FALSE,FALSE,FALSE
"GGB9775_SGB15395",-0.156339723373107,0.410392895079198,0.102425989626437,0.150165546791747,-1.52636771139143,2.73293644146178,0.137752108328752,0.0105808125823355,0.207216846716756,0.0215463819858468,FALSE,TRUE,TRUE,FALSE,FALSE,FALSE
"GGB9780_SGB15400",0.717393002536222,-1.82447216344798,0.0384762034302914,0.0988221997345013,18.6451088875218,-18.4621691112894,0.00286418573967725,0.00292097912860669,0.00723030892818355,0.00689395840314835,TRUE,TRUE,FALSE,FALSE,FALSE,FALSE
"GGB45491_SGB63163",0.336979664956084,-0.663060956392245,0.053991932739204,0.133635942234998,6.24129657635686,-4.96169627199737,1.88815584664533e-06,4.58073356239879e-05,1.29955754361287e-05,0.000198016271890362,TRUE,TRUE,FALSE,FALSE,FALSE,FALSE
"GGB45495_SGB63167",0.281886155525471,-0.841320680167926,0.0842520945278814,0.127708654603558,3.34574656102095,-6.58781257057017,0.00339629923270333,2.63627147419474e-06,0.00840208966805323,1.80438136455996e-05,TRUE,TRUE,FALSE,FALSE,FALSE,FALSE
"GGB9779_SGB15399",1.56776100365143,-2.98000083264406,NA,0.0811064138570311,NA,-36.7418640638829,1,1,1,1,FALSE,FALSE,TRUE,TRUE,FALSE,FALSE
"GGB9781_SGB15402",-0.230018248231765,0.53944456092932,0.116192601634007,0.164955814521238,-1.97962903831257,3.27023671457102,0.0544854685544435,0.00218175387034419,0.0927156039489979,0.00534747817911226,FALSE,TRUE,TRUE,FALSE,FALSE,FALSE
"GGB9781_SGB66170",-0.184095190347448,0.377636711173656,0.117235769314857,0.163112962772448,-1.57029882111345,2.31518516220247,0.124223318088605,0.0258159998574738,0.190826842749578,0.0459614332722654,FALSE,TRUE,TRUE,FALSE,FALSE,FALSE
"GGB9782_SGB15403",0.0988147825311878,-0.320205137475846,0.0899860500989346,0.127577259797846,1.0981122343135,-2.50989195083223,0.285200238750212,0.0207894657370046,0.392588485072917,0.0385152207338191,FALSE,TRUE,TRUE,FALSE,FALSE,FALSE
"GGB9784_SGB15407",-0.312563124280268,0.904502432235854,0.0151341868906259,0.0817774952207803,-20.6527860756014,11.0605299146655,0.000248245529419162,0.00158309968902497,0.000844857713382343,0.00408049466428187,TRUE,TRUE,FALSE,FALSE,FALSE,FALSE
"GGB9786_SGB15409",0.0462351645127027,0.534662802033257,0.0198589688462092,0.0840559772447663,2.32817548941008,6.36079455094965,0.145322990191903,0.0238358132977762,0.216229376710657,0.0428702735817609,FALSE,TRUE,TRUE,FALSE,FALSE,FALSE
"GGB9787_SGB15410",0.466879988772568,-0.585869527763802,0.0553488430090508,0.114420427754121,8.43522580401947,-5.12032282402213,1.76131612699827e-07,8.52563301040574e-05,1.66512089494607e-06,0.000338825157058706,TRUE,TRUE,FALSE,FALSE,FALSE,FALSE
"GGB9788_SGB15411",0.0668058338988322,0.161421197353582,0.0438494547029948,0.0942556531525428,1.52352713052711,1.71258902733758,0.166129902938043,0.125143878132921,0.241358538230742,0.180747078381897,FALSE,FALSE,TRUE,TRUE,FALSE,FALSE
"GGB4700_SGB6506",2.7712784086176,-4.86384674624376,NA,0.0811064138570311,NA,-59.9687067266642,1,1,1,1,FALSE,FALSE,TRUE,TRUE,FALSE,FALSE
"GGB10692_SGB17347",1.10022605359619,-1.53429783208773,0.0348155983454131,0.112217165790167,31.6015264962734,-13.6725769295999,3.78532402287057e-12,3.01014939837849e-08,2.45448378746134e-10,5.447573171241e-07,TRUE,TRUE,FALSE,FALSE,FALSE,FALSE
"GGB741_SGB955",-2.7094239022953,3.89649633756022,0.0122520620650399,0.0821866622607401,-221.14023646896,47.4103246241883,0.00287878607371247,0.0134258812545664,0.00723809069961993,0.0262967976242063,TRUE,TRUE,FALSE,FALSE,FALSE,FALSE
"GGB51884_SGB49168",-0.264820429345467,2.41582586443198,0.0598887568272747,0.0981505600092401,-4.42187220731992,24.6134700016439,0.0475267486163505,0.0016465716495557,0.0831718100786134,0.0042174142874275,FALSE,TRUE,TRUE,FALSE,FALSE,FALSE
"GGB9758_SGB15368",0.126296009827073,0.145054049054471,0.146260581210511,0.245685614497802,0.863499985996205,0.590405137683668,0.39519936316026,0.559654555196546,0.514678240394758,0.669278731657306,FALSE,FALSE,FALSE,TRUE,FALSE,FALSE
"GGB9765_SGB15382",0.012589942217286,0.0831282094284715,0.0909775660546635,0.138140295126299,0.138385129029737,0.601766554447196,0.890963006190446,0.552349526063843,1,0.663596393441991,FALSE,FALSE,TRUE,TRUE,FALSE,FALSE
"GGB9766_SGB15383",-0.326983259135605,1.20728208896668,0.0517664013824008,0.103213254953727,-6.31651516048343,11.6969675019737,0.00013824771311527,9.57137711301964e-07,0.000505199713969056,7.96752473191905e-06,TRUE,TRUE,FALSE,FALSE,FALSE,FALSE
"GGB44201_SGB61600",-0.52102471202033,0.5800094177226,0.0202126472933192,0.0816081922713207,-25.7771633996969,7.10724501523398,0.00150158767988279,0.0192277822321623,0.00404671674969012,0.0360009539666018,TRUE,TRUE,FALSE,FALSE,FALSE,FALSE
"GGB42389_SGB59559",-0.355768182936996,0.737624068881773,0.106520591644771,0.142899027506955,-3.33990055296936,5.16185506473005,0.00263196905647172,2.45313287339336e-05,0.00669955759829166,0.000116240757693101,TRUE,TRUE,FALSE,FALSE,FALSE,FALSE
"GGB45503_SGB63175",1.18873469445607,-2.6256231413982,NA,0.0811064138570311,NA,-32.3725710031573,1,1,1,1,FALSE,FALSE,TRUE,TRUE,FALSE,FALSE
"GGB48165_SGB66168",-0.054894293264957,-0.425078928185311,0.0443545023877215,0.0894610529810858,-1.23762617794926,-4.75155292745306,0.283537513342186,0.00896066040855151,0.390736259997285,0.0184607585674506,FALSE,TRUE,TRUE,FALSE,FALSE,FALSE
"GGB9790_SGB15413",-0.609941839433678,1.51132025321085,0.0408672461869975,0.089001486601125,-14.9249557125221,16.9808428030431,2.44384201319959e-05,1.29569971946455e-05,0.00011447959544722,6.91039850381092e-05,TRUE,TRUE,FALSE,FALSE,FALSE,FALSE
"GGB9696_SGB15212",2.59190187901323,-4.40527803011566,NA,0.0811064138570311,NA,-54.3147923896745,1,1,1,1,FALSE,FALSE,TRUE,TRUE,FALSE,FALSE
"GGB9697_SGB15213",1.1914072995734,-1.70256187613636,0.0704128452133376,0.132761777450305,16.9203118545154,-12.8241871179652,1.50956788314718e-07,1.29029334179439e-06,1.46439971026561e-06,1.03223467343551e-05,TRUE,TRUE,FALSE,FALSE,FALSE,FALSE
"GGB2983_SGB3965",0.609723330455303,-0.532336914462492,0.042558797756293,0.0887094814230955,14.3266107738005,-6.00090211240823,7.23741286183247e-06,0.000963774610224917,4.01643812872865e-05,0.00267425747702049,TRUE,TRUE,FALSE,FALSE,FALSE,FALSE
"GGB45613_SGB63326",-0.314913386425821,0.708781172217785,0.104918037903359,0.144581261742757,-3.00151806799789,4.90230313163863,0.00421813939898125,1.08064655350103e-05,0.0101498979287986,5.8137840782239e-05,TRUE,TRUE,FALSE,FALSE,FALSE,FALSE
"GGB58233_SGB79883",-0.0512184609112913,-0.161453886972585,0.113987021673214,0.176320229903554,-0.449335899468695,-0.915685551572265,0.65468408752271,0.36321656833853,0.792309229693496,0.456615114482723,FALSE,FALSE,TRUE,TRUE,FALSE,FALSE
"GGB13404_SGB14252",0.247714916367887,-0.261364114606269,0.0684176751959946,0.123549496251095,3.62062750098221,-2.11546078727094,0.00124697269688914,0.0441286676598781,0.00343684644869669,0.0734682683202294,TRUE,FALSE,FALSE,TRUE,FALSE,FALSE
"GGB9525_SGB14925",0.936563838022824,-1.21793671228389,0.0481675041423818,0.114633119111893,19.4438938595275,-10.6246495054808,1.16416942146557e-08,2.156148854685e-06,1.64857095085699e-07,1.581175826769e-05,TRUE,TRUE,FALSE,FALSE,FALSE,FALSE
"GGB3303_SGB4364",1.28419067777492,-1.8896712845584,NA,0.0811064138570311,NA,-23.2986664641514,1,1,1,1,FALSE,FALSE,TRUE,TRUE,FALSE,FALSE
"GGB51647_SGB4348",0.324799082274606,-0.42004538782543,0.223022240092029,0.318626848063632,1.45635288274649,-1.31829878862419,0.151306955893159,0.193181179735958,0.223245712168111,0.264150070404773,FALSE,FALSE,TRUE,TRUE,FALSE,FALSE
"GGB4613_SGB6388",1.00055871200373,-1.59731181250886,0.0393137453049052,0.0873838422709213,25.4506077770943,-18.2792581671634,0.0015402789471054,0.00297946670874515,0.00413425634604325,0.00700515836865272,TRUE,TRUE,FALSE,FALSE,FALSE,FALSE
"GGB47150_SGB65079",-0.561338486058773,0.376947755615037,NA,0.0811064138570311,NA,4.64757024369854,1,1,1,1,FALSE,FALSE,TRUE,TRUE,FALSE,FALSE
"GGB3612_SGB4882",-0.376303548179623,0.971886193702351,0.132703385484741,0.163673942642593,-2.83567406215791,5.93794087202147,0.00990339633325353,6.8037483219003e-06,0.021136659974741,3.88065645026906e-05,TRUE,TRUE,FALSE,FALSE,FALSE,FALSE
"GGB74511_SGB105989",0.207353640200825,-0.109001311300186,0.0219309817767955,0.0918458257023148,9.4548270711811,-1.18678568641186,0.00250779028475409,0.320728666985302,0.00642327989774853,0.411601789297804,TRUE,FALSE,FALSE,TRUE,FALSE,FALSE
"GGB74511_SGB47635",-0.278849891657674,0.3167288390851,0.0856354482738226,0.131438280229657,-3.25624373175511,2.40971533203031,0.00531486831801883,0.0292636523437623,0.0124013594087106,0.0512902983988993,TRUE,FALSE,FALSE,TRUE,FALSE,FALSE
"GGB9059_SGB13976",0.62041671086935,-0.93805206891602,0.120198087565759,0.170179713309734,5.16161881968321,-5.51212627329279,0.000424230382396436,0.000257376073010364,0.00133329548753166,0.000875985149384566,TRUE,TRUE,FALSE,FALSE,FALSE,FALSE
"GGB9523_SGB14922",0.952577149136749,-2.20628082417651,0.0620622956824307,0.113899020551141,15.3487256419104,-19.3704986531107,9.23831979331942e-08,1.20360624188625e-08,9.48467498780793e-07,2.79781677359219e-07,TRUE,TRUE,FALSE,FALSE,FALSE,FALSE
"GGB9524_SGB14923",-0.887477512691592,1.60491815266246,0.105477452998453,0.158856040677534,-8.41390730874597,10.1029721363906,6.78116811565464e-09,1.71205214695574e-10,1.04429988981081e-07,9.2930249620891e-09,TRUE,TRUE,FALSE,FALSE,FALSE,FALSE
"GGB9524_SGB14924",0.722329224878622,-1.41436693832939,0.0711605545119229,0.130189935912762,10.150696967343,-10.8638730667871,6.91104495429743e-11,1.49837881807355e-11,2.83813579456481e-09,1.30712362742165e-09,TRUE,TRUE,FALSE,FALSE,FALSE,FALSE
"GGB34900_SGB14891",0.228793284641361,-0.584563273438703,0.0840149913585929,0.13729533337545,2.72324356572061,-4.2577067921176,0.00904419254897854,9.80454026760727e-05,0.0196515788718546,0.000384687694576183,TRUE,TRUE,FALSE,FALSE,FALSE,FALSE
"GGB4774_SGB6609",-1.47515639473902,2.40875959597815,NA,0.0810599470082695,NA,29.715780541189,1,0.0214155444308312,1,0.0394378934809925,FALSE,TRUE,FALSE,FALSE,FALSE,FALSE
"GGB45497_SGB63169",-0.516479293469559,1.05752545812044,0.0811111780702039,0.134392880006856,-6.36754767662889,7.86890985643353,1.6940330550854e-06,5.68814110021048e-08,1.19259927078012e-05,8.98434594289655e-07,TRUE,TRUE,TRUE,FALSE,TRUE,FALSE
"GGB3123_SGB4135",-0.120172963174254,-0.226712082493294,0.0284381708538943,0.0865953393546861,-4.22576275357729,-2.6180633297677,0.0516961403109781,0.120159153131819,0.0893262901306102,0.174570845116038,FALSE,FALSE,TRUE,TRUE,FALSE,FALSE
"GGB3257_SGB4304",-0.449370865799082,0.653133006972355,0.0318646982075309,0.116948734314302,-14.1024673408919,5.58478046643109,7.93662342894895e-06,0.00140036101268264,4.30745377289212e-05,0.00369431427756961,TRUE,TRUE,TRUE,FALSE,TRUE,FALSE
"GGB51139_SGB71360",0.563162052434855,-1.67532546511184,0.0790429979954687,0.136044520610024,7.1247557243102,-12.314538340829,1.20560858342839e-05,3.62283695761478e-08,6.21468525014132e-05,6.19907657191863e-07,TRUE,TRUE,FALSE,FALSE,FALSE,FALSE
"GGB9109_SGB14042",-0.343848748410179,0.544015417597669,0.0735427897661065,0.134135892371423,-4.6754923154771,4.05570357031126,0.000536405461223828,0.00159393901756216,0.0016439092741984,0.00409965108483629,TRUE,TRUE,FALSE,FALSE,FALSE,FALSE
"GGB9267_SGB14218",-0.0951307358943645,0.189438283172362,0.0525442058842287,0.0990193860073752,-1.81048955433768,1.91314338344062,0.144465037631848,0.128280466617787,0.215212728370541,0.184197593092208,FALSE,FALSE,TRUE,TRUE,FALSE,FALSE
"GGB3510_SGB4687",-0.162556749551323,0.269474750443992,0.12912095027531,0.180009223394996,-1.2589494516941,1.49700523874091,0.216624049804191,0.143618500554992,0.306055996971058,0.204080729739043,FALSE,FALSE,TRUE,TRUE,FALSE,FALSE
"GGB3493_SGB4668",-0.0558952492225328,0.104978178014172,0.022982630643772,0.0881865932225627,-2.4320648966997,1.19040972304295,0.0718206686499566,0.299703679935949,0.11941034247874,0.387444841218352,FALSE,FALSE,TRUE,TRUE,FALSE,FALSE
"GGB9522_SGB14921",-0.0474362355686915,0.218869622578206,0.0826732651292538,0.13593696665707,-0.573779631112044,1.61008170154592,0.570540585910715,0.118213005585188,0.703609611453454,0.172353163172723,FALSE,FALSE,TRUE,TRUE,FALSE,FALSE
"GGB87445_SGB15180",1.37517257954449,-2.7574578570322,0.0188754340258597,0.0813020488424643,72.8551501205471,-33.9162160891568,5.69895853745577e-06,5.63496300219777e-05,3.27778550921418e-05,0.000237749123928344,TRUE,TRUE,FALSE,FALSE,FALSE,FALSE
"GGB43675_SGB61016",0.508532346539598,-0.947755178769236,0.0535085013517802,0.0961639588358826,9.5037673209414,-9.85561732526751,0.000684185400545175,0.00059454020684326,0.0020459136249312,0.00175653125858728,TRUE,TRUE,FALSE,FALSE,FALSE,FALSE
"GGB9288_SGB14243",0.427750320660708,-0.285438921610725,0.0122520620650399,0.0916088912372219,34.9125166351592,-3.11584299030079,0.018229730201259,0.197705956208682,0.0357059262447554,0.269738358858357,TRUE,FALSE,FALSE,TRUE,FALSE,FALSE
"GGB9545_SGB14951",0.344327674070426,-0.606346827459865,0.0567719894093951,0.101506108674688,6.06509790571905,-5.97350085996417,1.26168553200809e-05,1.51090024025653e-05,6.47665239764151e-05,7.82113065544555e-05,TRUE,TRUE,FALSE,FALSE,FALSE,FALSE
"GGB9545_SGB14952",-0.9173525491401,1.75932785886178,0.0665539788627039,0.105916187110381,-13.7835868691267,16.610566400283,1.54974732608072e-09,1.31084553723389e-10,3.07949791247008e-08,8.07480850936076e-09,TRUE,TRUE,FALSE,FALSE,FALSE,FALSE
"GGB25376_SGB37323",-0.336602487927729,0.542478364947076,0.0122520620650399,0.0816655868607847,-27.4731295141079,6.64268005410699,0.000105847056582097,0.00695178611835443,0.000403726234393632,0.0148690980864803,TRUE,TRUE,FALSE,FALSE,FALSE,FALSE
"GGB3328_SGB4406",-0.677186201259983,1.50887907690508,NA,0.0811064138570311,NA,18.6036961215525,1,1,1,1,FALSE,FALSE,FALSE,TRUE,FALSE,FALSE
"GGB4617_SGB6392",-0.309613635430502,0.154498596133477,NA,0.109874871793738,NA,1.4061322084954,1,0.254363931481366,1,0.338419399119917,FALSE,FALSE,FALSE,TRUE,FALSE,FALSE
"GGB4659_SGB6447",-0.907808396835457,1.47421975451261,0.0122520620650399,0.0814774973336402,-74.0943354691129,18.0935816974822,0.00859149514006051,0.0351490803359465,0.018867597170329,0.0598116947153123,TRUE,FALSE,FALSE,TRUE,FALSE,FALSE
"GGB74463_SGB54347",0.0633122003985755,-0.196006834593762,0.1017360258362,0.157202636841043,0.622318395850366,-1.24684190120777,0.53843419055329,0.222102779751067,0.672088067640986,0.299377051043014,FALSE,FALSE,FALSE,TRUE,FALSE,FALSE
"GGB9296_SGB14253",-0.127929934627759,0.591648915834535,0.0772785441820315,0.115112690972157,-1.65543924231306,5.13973664274465,0.117314231118944,9.88375883586933e-05,0.180890028458748,0.000386564790025112,FALSE,TRUE,TRUE,FALSE,FALSE,FALSE
"GGB9491_SGB14888",-0.32496033943175,0.609784470730935,0.119869415444208,0.165324646096042,-2.71095290009985,3.68840632737054,0.00881077996741934,0.000499297613661338,0.0191782348407432,0.00153400164596202,TRUE,TRUE,FALSE,FALSE,FALSE,FALSE
"GGB32487_SGB54320",1.43097323325487,-1.85318642169973,NA,0.0934924704085685,NA,-19.8217718881657,1,0.00253548406069447,1,0.00607726918827935,FALSE,TRUE,TRUE,FALSE,FALSE,FALSE
"GGB74701_SGB54318",-0.347737911106593,1.24993425625032,0.0534418261349711,0.0944541953896673,-6.50684933984772,13.2332317383443,0.0970788652911929,0.0480163977245032,0.153138491726952,0.0790858315462405,FALSE,FALSE,TRUE,TRUE,FALSE,FALSE
"GGB28474_SGB41058",0.779266352866647,-1.25853739980561,0.023660345717566,0.0870876408998013,32.9355438068727,-14.4513892763914,4.84952945813068e-07,2.86239418485657e-05,4.2074790791669e-06,0.000133223723976194,TRUE,TRUE,FALSE,FALSE,FALSE,FALSE
"GGB3569_SGB4776",-0.450973697901576,0.887150013979754,0.0642474559545513,0.117217082124361,-7.01932381915006,7.56843625435527,9.07573403828556e-06,4.08174188905315e-06,4.84039148708563e-05,2.57882359349409e-05,TRUE,TRUE,FALSE,FALSE,FALSE,FALSE
"GGB9712_SGB15244",-0.0617135351437802,0.314474422387005,0.0738695653752667,0.114891553604825,-0.835439261491085,2.7371413521716,0.412875071437402,0.0123476530540378,0.534308915977814,0.0244178307585467,FALSE,TRUE,TRUE,FALSE,FALSE,FALSE
"Candidatus_Borkfalkia_ceftriaxoniphila",0.0433543959113941,-0.110989583312641,0.10403386854519,0.161803110617037,0.416733478411041,-0.685954570894108,0.678811669571488,0.496184704870487,0.819094982284107,0.603454646002409,FALSE,FALSE,TRUE,TRUE,FALSE,FALSE
"GGB74708_SGB54312",0.13628695871941,-1.28688009233777,0.0455019080077811,0.0901929177767148,2.9951921729547,-14.2680836152083,0.0957300517701032,0.00487621751065675,0.151398490090843,0.0108569649246073,FALSE,TRUE,TRUE,FALSE,FALSE,FALSE
"GGB9102_SGB54310",-1.90437304109779,4.03605102976535,NA,0.0811064138570311,NA,49.7624150524004,1,1,1,1,FALSE,FALSE,FALSE,TRUE,FALSE,FALSE
"Clostridia_bacterium",-0.0724320683243092,0.0908013496788917,0.0612224891951954,0.12999475150525,-1.18309577536735,0.698500121177773,0.246379759849182,0.490428428187451,0.343370887029629,0.597043303880375,FALSE,FALSE,TRUE,TRUE,FALSE,FALSE
"Clostridia_bacterium_UC5_1_1D1",-0.389771390154239,0.511765962278754,0.148655134302563,0.220720382152441,-2.62198404369218,2.31861669179832,0.0100801620650545,0.0224109966198375,0.0214116545933571,0.0409042190157627,TRUE,TRUE,FALSE,FALSE,FALSE,FALSE
"Clostridia_bacterium_UC5_1_1E11",-0.499229007714109,0.524856620893401,0.114566767754906,0.170559744933813,-4.35753768302268,3.0772596493802,6.21776276897522e-05,0.00332964940955899,0.000258793369303293,0.00766752910761995,TRUE,TRUE,FALSE,FALSE,FALSE,FALSE
"GGB79395_SGB105947",-1.68240001264371,2.0288694775306,0.0162097725670643,0.0830778186113546,-103.789242303256,24.4213137928167,5.39206248353512e-11,3.09939175688193e-07,2.29069688955699e-09,3.47131876770776e-06,TRUE,TRUE,TRUE,FALSE,TRUE,FALSE
"Bianquea_renquensis",-0.0254852317244087,-0.201824546178156,0.0780140304827377,0.143521584815307,-0.32667497842004,-1.40623130965197,0.745754558763755,0.167998757435575,0.888558623207878,0.233342129831599,FALSE,FALSE,TRUE,TRUE,FALSE,FALSE
"Bianquea_SGB71281",-0.0826629610760531,0.116916152743377,0.107685748315448,0.145701144646522,-0.76763139383965,0.80243812103893,0.451251736236606,0.431287633819895,0.57730232507113,0.532411187240592,FALSE,FALSE,TRUE,TRUE,FALSE,FALSE
"Christensenella_hongkongensis",-0.238141798729211,0.356946513974077,0.0970738093429641,0.131978003718769,-2.45320339585985,2.70459094634204,0.0209010614884326,0.0116942982943647,0.0401717749668471,0.0234266268270851,TRUE,TRUE,FALSE,FALSE,FALSE,FALSE
"Christensenella_intestinihominis",0.0145365798666184,-0.499661472353228,0.0318870640747312,0.0917687718231516,0.455877023753273,-5.44478761594554,0.693192838321087,0.0321155623148294,0.833997633605057,0.0554150879157841,FALSE,FALSE,TRUE,TRUE,FALSE,FALSE
"Christensenella_minuta",-0.214108424900363,0.37082933595228,0.0897845189114391,0.128714949767666,-2.38469201034038,2.88101216386782,0.02248314663614,0.00664043105785084,0.0426142102395761,0.0143024668938326,TRUE,TRUE,FALSE,FALSE,FALSE,FALSE
"Christensenella_sp_Marseille_P3954",0.000740963392752207,-0.0470072797136417,0.056562365112631,0.106278747802209,0.0130999365262882,-0.44230178361835,0.989746969761311,0.66554011893507,1,0.779415804684416,FALSE,FALSE,TRUE,TRUE,FALSE,FALSE
"Christensenella_timonensis",-0.391377325743857,0.372832987985079,0.0320097279654519,0.0986575489499766,-12.2268244880516,3.77906193649835,5.60687978257037e-06,0.00690072593559781,3.24304032494211e-05,0.0147855553959244,TRUE,TRUE,FALSE,FALSE,FALSE,FALSE
"Christensenellaceae_bacterium",-0.18714144455935,0.850086680339464,0.0831775622263386,0.120579467031272,-2.24990297323346,7.0500119238294,0.0481875860920616,3.49861516743666e-05,0.084130629527137,0.000156170068343549,FALSE,TRUE,TRUE,FALSE,FALSE,FALSE
"Gehongia_tenuis",-1.01037732312861,1.37234308968344,0.0385491585678344,0.091502290911631,-26.2101005745861,14.9979096262059,4.82352938723617e-09,3.85759804404379e-07,7.81919500667758e-08,4.06201776945465e-06,TRUE,TRUE,FALSE,FALSE,FALSE,FALSE
"GGB45656_SGB63370",-0.416148657246627,0.205448015233893,0.0377378040885072,0.100152291546289,-11.0273681073394,2.05135611039852,1.57654174266756e-06,0.070458989822464,1.14252907468614e-05,0.109683635939487,TRUE,FALSE,FALSE,TRUE,FALSE,FALSE
"GGB45656_SGB72339",0.26923848009904,-0.176567374069234,0.0193232816834914,0.0814697601065398,13.9333724213657,-2.16727499673907,0.00511149222924452,0.162526164321592,0.0120218464508456,0.227278359187515,TRUE,FALSE,FALSE,TRUE,FALSE,FALSE
"GGB9186_SGB14125",-0.266357965268227,0.543085155643426,0.0988254403797558,0.131248677078217,-2.69523681599288,4.1378333689396,0.012917784924225,0.000399308530826047,0.0267924428058,0.0012679074999425,TRUE,TRUE,FALSE,FALSE,FALSE,FALSE
"Guopingia_tenuis",0.0551762461312525,-0.193367732042775,0.118597534165758,0.186079361275839,0.465239404169527,-1.03916807708799,0.642935961951613,0.301639406248543,0.779623134964948,0.389130626699692,FALSE,FALSE,TRUE,TRUE,FALSE,FALSE
"Luoshenia_tenuis",-0.417514721044686,0.898871735003603,0.111870903992616,0.153651258308417,-3.73211180158376,5.85007727824357,0.000672444310418142,1.21681987691843e-06,0.00202555352184633,9.79818358407523e-06,TRUE,TRUE,FALSE,FALSE,FALSE,FALSE
"Butyricicoccus_faecihominis",-0.951543675208741,1.24285294091182,0.0481639169658859,0.104987634200798,-19.7563598467855,11.8380888413464,3.76810221127206e-12,5.2034736059686e-09,2.45448378746134e-10,1.45697260967121e-07,TRUE,TRUE,FALSE,FALSE,FALSE,FALSE
"Butyricicoccus_intestinisimiae",-0.140929929557086,0.0187464547144656,0.0339419787472191,0.0910235339694481,-4.15208348949402,0.205951734644338,0.0534014573703902,0.855890258304937,0.0911227084214968,0.962974244960441,FALSE,FALSE,TRUE,TRUE,FALSE,FALSE
"Butyricicoccus_SGB14985",-0.779490437104517,0.935904061404827,0.06247080341733,0.104699344120892,-12.4776758815988,8.93896775823333,1.5913860620825e-06,1.94812476483511e-05,1.14255205979709e-05,9.63891449910386e-05,TRUE,TRUE,FALSE,FALSE,FALSE,FALSE
"Butyricicoccus_SGB14990",0.915663151337572,-2.13596115872774,0.0411675516124144,0.0888323461342415,22.2423514509288,-24.0448581139568,2.41879265555758e-05,1.77447989693572e-05,0.000113738647009425,8.85084709726642e-05,TRUE,TRUE,FALSE,FALSE,FALSE,FALSE
"Clostridiaceae_bacterium",-0.209189848783199,0.230543712241669,0.16997768709365,0.259316919852207,-1.23069005326531,0.889042305350008,0.220678103095568,0.375635184017845,0.31071476915856,0.47126532251526,FALSE,FALSE,TRUE,TRUE,FALSE,FALSE
"Clostridiaceae_bacterium_AF18_31LB",-0.1518514429616,0.390981248112586,0.0950908219788255,0.156569369247003,-1.59690956289572,2.49717585242216,0.115212161362513,0.0151019187760397,0.1782680921358,0.0293926760380425,FALSE,TRUE,TRUE,FALSE,FALSE,FALSE
"Clostridiaceae_bacterium_Marseille_Q3526",0.251065075642202,-0.891710283179499,0.0975743637297213,0.145177401790701,2.57306392832493,-6.14221133716841,0.0177299053792885,4.28837927870671e-06,0.0349600731688617,2.66832488452862e-05,TRUE,TRUE,FALSE,FALSE,FALSE,FALSE
"Clostridiaceae_bacterium_Marseille_Q4143",-0.265240780850034,0.525215364168508,0.109475711612578,0.153525929957961,-2.4228276477315,3.42102056839729,0.0181954731589128,0.00108300800647285,0.035695577916848,0.00295191562826229,TRUE,TRUE,TRUE,FALSE,TRUE,FALSE
"Clostridiaceae_bacterium_Marseille_Q4145",0.121195944246439,-0.0724236668038324,0.073225869406781,0.12793191547833,1.65509737512541,-0.566111017200393,0.105931422280471,0.574561599393367,0.165408760772547,0.684584033319757,FALSE,FALSE,TRUE,TRUE,FALSE,FALSE
"Clostridiaceae_bacterium_Marseille_Q4149",-0.23911893029996,0.525187146650081,0.185020939128999,0.239961443775376,-1.2923884800587,2.18863138338883,0.205773526036842,0.0362816046438337,0.292065649858743,0.061315414158029,FALSE,FALSE,TRUE,TRUE,FALSE,FALSE
"Clostridiaceae_unclassified_SGB15090",2.08431434635331,-2.66201380774802,0.15116612327658,0.230759654616437,13.788237081001,-11.5358718670851,5.18520644155336e-15,6.15438572929111e-13,1.49427046656283e-12,1.89555080462166e-10,TRUE,TRUE,FALSE,FALSE,FALSE,FALSE
"Clostridiaceae_unclassified_SGB4771",0.155337132375437,0.158974589105867,0.0595080237819804,0.108359386075881,2.6103560915507,1.46710492614403,0.0182840086422846,0.16060378035058,0.0357553946782454,0.225101089183066,TRUE,FALSE,FALSE,TRUE,FALSE,FALSE
"Clostridium_butyricum",1.52873819137159,-1.83514272912676,NA,0.08143623721771,NA,-22.534719086059,1,0.00196342888709253,1,0.00487909239000538,FALSE,TRUE,TRUE,FALSE,FALSE,FALSE
"Clostridium_celatum",-0.990899846253425,2.00435051050359,0.0333716823074311,0.0853832568032613,-29.6928346951444,23.4747488623206,0.00113229233900923,0.00180974714184437,0.00318489534625426,0.00456886983350873,TRUE,TRUE,FALSE,FALSE,FALSE,FALSE
"Clostridium_disporicum",0.0278114296884343,-0.0292927415667042,0.0741017713418163,0.118906453706295,0.375313965979921,-0.246351149610927,0.720336890569837,0.813621975820768,0.862878450283162,0.923003935737741,FALSE,FALSE,TRUE,TRUE,FALSE,FALSE
"Clostridium_fessum",-0.0311959704475195,0.0177613374132359,0.119339659812435,0.198269074095878,-0.261404888337623,0.0895819859664396,0.794364600079273,0.928814133141073,0.9365140548303,1,FALSE,FALSE,TRUE,TRUE,FALSE,FALSE
"Clostridium_neonatale",-0.0998104633044712,0.12659352198536,0.0247267239455825,0.082608345569557,-4.0365421446096,1.53245439201742,0.154601490205362,0.368070841628223,0.227561572201919,0.462245949934731,FALSE,FALSE,TRUE,TRUE,FALSE,FALSE
"Clostridium_paraputrificum",0.532362600290947,-0.645335110229899,0.0437579798338616,0.108165363217276,12.1660689618716,-5.96619001716464,6.84859349011443e-07,0.000211088125301208,5.58772660915296e-06,0.000737011608184174,TRUE,TRUE,FALSE,FALSE,FALSE,FALSE
"Clostridium_perfringens",-1.2518826949098,2.30346606469943,0.0637864133839684,0.114417531180564,-19.6261653304439,20.1321077367445,4.07277621784617e-13,2.68733574705029e-13,5.01766030038648e-11,1.10359921345532e-10,TRUE,TRUE,TRUE,FALSE,TRUE,FALSE
"Clostridium_saudiense",0.337178848175345,-0.610334317436614,0.0989119936647673,0.163700787955458,3.40887728254788,-3.7283529606631,0.00199627595078801,0.000866204212536725,0.00524394876624909,0.00243644655215809,TRUE,TRUE,FALSE,FALSE,FALSE,FALSE
"Clostridium_SGB47280",1.28962233109574,-2.22614675081895,0.0296667333032667,0.0985298104945373,43.470318012861,-22.5936367851065,2.6795726717216e-05,0.00018987072122517,0.000123641705301911,0.000676071469795983,TRUE,TRUE,FALSE,FALSE,FALSE,FALSE
"Clostridium_SGB4750",-0.143764783771618,0.277928592461858,0.162732525326641,0.205239891326267,-0.883442222033056,1.35416458596755,0.37989759913879,0.179861048291205,0.500509129741381,0.248139766511495,FALSE,FALSE,TRUE,TRUE,FALSE,FALSE
"Clostridium_SGB4751",-0.123720631876292,0.883376631445557,0.0522181467833767,0.0936033726873838,-2.36930338392778,9.4374444646974,0.0985660757964619,0.00252131003004289,0.155087363194433,0.00605507593959619,FALSE,TRUE,TRUE,FALSE,FALSE,FALSE
"Clostridium_SGB48024",-1.8356629143562,2.94577775437043,0.0662930010356561,0.124832461861699,-27.6901465566309,23.5978503542935,8.75091066131568e-11,4.23588441402036e-10,3.26700664689119e-09,1.9328183696567e-08,TRUE,TRUE,TRUE,FALSE,TRUE,FALSE
"Clostridium_SGB4909",-0.141407534870905,0.416765133760494,0.120366062491471,0.170758255147467,-1.17481233450604,2.44067341517736,0.25537780442645,0.0252245431981059,0.354307944879939,0.045038604666763,FALSE,TRUE,TRUE,FALSE,FALSE,FALSE
"Clostridium_SGB6173",0.845647731434544,-1.3059403099937,0.0389946573335672,0.0951888921511454,21.6862459952071,-13.7194611732645,2.23890087970521e-10,2.90449921382141e-08,7.0726304712739e-09,5.34081049466862e-07,TRUE,TRUE,FALSE,FALSE,FALSE,FALSE
"Clostridium_SGB6177",-0.404759490632663,1.2120665276346,NA,0.0811064138570311,NA,14.9441513931457,1,1,1,1,FALSE,FALSE,TRUE,TRUE,FALSE,FALSE
"Clostridium_SGB6179",-0.131419274332291,0.277635299357949,0.0837736655101772,0.132178929412861,-1.56874208060438,2.10045050743871,0.135132717360975,0.0509154274302614,0.204023906603826,0.0830831875418306,FALSE,FALSE,TRUE,TRUE,FALSE,FALSE
"Clostridium_SGB65129",-0.270860192534056,0.459832265025808,NA,0.0811064138570311,NA,5.66949323929387,1,1,1,1,FALSE,FALSE,TRUE,TRUE,FALSE,FALSE
"Clostridium_sp_1001270J_160509_D11",-1.01642163788026,1.51742626131088,0.0965120663694112,0.167305952436584,-10.531549847765,9.06976852414169,1.77079275732044e-10,3.19308757819972e-09,5.89626128923995e-09,9.594838771566e-08,TRUE,TRUE,TRUE,FALSE,TRUE,FALSE
"Clostridium_sp_AF12_28",-0.537381415654524,1.382221695442,0.0974795586437308,0.125517897782582,-5.51276004047732,11.0121482263529,2.13996176809832e-05,6.10696347628434e-10,0.000102560396030447,2.35118093836947e-08,TRUE,TRUE,FALSE,FALSE,FALSE,FALSE
"Clostridium_sp_AF20_17LB",0.0126359113772021,0.0404540618577958,0.111431935305118,0.161321199930218,0.113395781403266,0.250767176758509,0.910346805824235,0.803419880121762,1,0.917343181010205,FALSE,FALSE,TRUE,TRUE,FALSE,FALSE
"Clostridium_sp_AF27_2AA",0.683248244422258,-0.892166001067767,0.0901897027838722,0.157967349926446,7.57567907790508,-5.64778735278641,1.02465275967365e-08,2.72457927657144e-06,1.50944911526646e-07,1.85452025897018e-05,TRUE,TRUE,FALSE,FALSE,FALSE,FALSE
"Clostridium_sp_AF32_12BH",-1.12990275628445,2.22556432569395,0.0122520620650399,0.0811978532195823,-92.2214358926995,27.4091523044997,0.00690289428433418,0.023216242651922,0.0154344206139741,0.0420623690399528,TRUE,TRUE,FALSE,FALSE,FALSE,FALSE
"Clostridium_sp_AF36_4",0.170347399110866,-0.375546251291153,0.118693570694091,0.181025280541897,1.43518640575658,-2.07455141164239,0.155563926161609,0.0416036486371205,0.22843236833266,0.0697356396203163,FALSE,FALSE,TRUE,TRUE,FALSE,FALSE
"Clostridium_sp_AM22_11AC",-0.415734950104866,0.770028003660858,0.113610094413211,0.198017563907597,-3.65931348136018,3.88868536944624,0.000486457528359078,0.000226744524514863,0.00150581827873966,0.000786899307612143,TRUE,TRUE,TRUE,FALSE,TRUE,FALSE
"Clostridium_sp_AM29_11AC",-0.291370442015155,0.176472518404973,0.0805245939996302,0.140531366158288,-3.6184031181392,1.2557518170442,0.00107675961234826,0.218898524319609,0.00305660793182732,0.295381141250557,TRUE,FALSE,TRUE,TRUE,TRUE,FALSE
"Clostridium_sp_AM33_3",-0.532118315110413,1.01336986482186,0.108473595143955,0.14828345963375,-4.90551008661824,6.83400473205043,1.37857813670375e-05,2.23912634168362e-08,7.01821596867365e-05,4.52230107041675e-07,TRUE,TRUE,TRUE,FALSE,TRUE,FALSE
"Clostridium_sp_AM42_4",-2.83183018750098,5.27905692961694,NA,0.0811064138570311,NA,65.0880328517854,1,1,1,1,FALSE,FALSE,FALSE,TRUE,FALSE,FALSE
"Clostridium_sp_AM49_4BH",-0.334751772069594,0.619909585989196,0.11654992300128,0.172565585910987,-2.87217497403167,3.59231293259688,0.00605222282867166,0.000769584621177288,0.0137570821493053,0.00221008916850913,TRUE,TRUE,TRUE,FALSE,TRUE,FALSE
"Clostridium_sp_AM58_1XD",0.563164986199498,-0.679440405034051,0.0169492656863226,0.0839332958003296,33.2265123824184,-8.09500447415272,4.89321402823216e-06,0.00126573403528979,2.88442090085264e-05,0.00336800071593309,TRUE,TRUE,FALSE,FALSE,FALSE,FALSE
"Clostridium_sp_AT4",-0.357137424948345,0.408764053618517,0.180236744173875,0.24571089378405,-1.98149065877385,1.66359760173178,0.051201637566925,0.100366231528839,0.0885960919697353,0.149517771757594,FALSE,FALSE,TRUE,TRUE,FALSE,FALSE
"Clostridium_sp_chh4_2",-0.469286788894139,0.457180314228835,0.0821827526204127,0.123047963552092,-5.71028316685485,3.71546428751167,2.05085009227421e-05,0.00158317893630417,9.86971606906963e-05,0.00408049466428187,TRUE,TRUE,FALSE,FALSE,FALSE,FALSE
"Clostridium_sp_D5",-0.355506776086813,0.490109725355953,0.0627186039533102,0.114704700071499,-5.66828267337494,4.272795491819,5.80123862395344e-05,0.000773212931422003,0.000243099523289477,0.00221020494550327,TRUE,TRUE,FALSE,FALSE,FALSE,FALSE
"Clostridium_sp_M3_9",0.439524662506875,-1.29078254676259,NA,0.0811064138570311,NA,-15.9146790664163,1,1,1,1,FALSE,FALSE,TRUE,TRUE,FALSE,FALSE
"Clostridium_sp_Marseille_P2538",-1.50872525675943,2.53016495773411,0.0285616168625499,0.0883826870125834,-52.8235241029954,28.6273821633629,7.68784920084138e-07,8.86135339112289e-06,6.10058676428235e-06,4.87374436511759e-05,TRUE,TRUE,FALSE,FALSE,FALSE,FALSE
"Clostridium_sp_Marseille_P3244",-0.107690288615816,0.191525065582683,0.121656602391861,0.169229515313096,-0.885198883566884,1.13174740959541,0.379037499190949,0.261548668866629,0.499972375806477,0.345738154553312,FALSE,FALSE,TRUE,TRUE,FALSE,FALSE
"Clostridium_sp_MCC353",-0.58269831262852,0.86560241427943,0.0377658851810244,0.0882656377258187,-15.429224281,9.80678819733075,9.74245584083739e-10,2.25525473306847e-07,2.06943199929511e-08,2.69754740887413e-06,TRUE,TRUE,FALSE,FALSE,FALSE,FALSE
"Clostridium_sp_NSJ_42",-0.424672671300859,0.526326089677469,0.0447526285702247,0.0999801618780482,-9.48933470208288,5.26430523606734,6.29068818644011e-07,0.000199662178944472,5.23657286871231e-06,0.000702810869884541,TRUE,TRUE,FALSE,FALSE,FALSE,FALSE
"Clostridium_sp_NSJ_6",1.60552746359809,-2.48251143386506,0.0122520620650399,0.0844115969379375,131.041407974851,-29.4096015703896,0.00485806299566263,0.0216383276731988,0.0115512316748254,0.0397487591023344,TRUE,TRUE,FALSE,FALSE,FALSE,FALSE
"Clostridium_transplantifaecale",-0.0668667672521911,-0.106373991180323,0.0518212942819792,0.109211466241752,-1.29033379383278,-0.974018524253236,0.229098142622707,0.35549762809215,0.321468008782659,0.448283600623878,FALSE,FALSE,TRUE,TRUE,FALSE,FALSE
"GGB27106_SGB6188",-0.21812390240902,0.260818839124538,0.0520418241768922,0.106971546489513,-4.19131930632579,2.43820761392944,0.00574083819795613,0.0505947775789487,0.0131953594400783,0.0826694508982292,TRUE,FALSE,FALSE,TRUE,FALSE,FALSE
"GGB3478_SGB4643",-0.871786171695632,1.56698025404416,0.0804919323892253,0.116157563170253,-10.8307273265604,13.4901267836294,4.7056161178308e-10,8.16932590442254e-12,1.21899867649442e-08,1.22164104983377e-09,TRUE,TRUE,TRUE,FALSE,TRUE,FALSE
"GGB3480_SGB4648",0.495104247837847,-0.970928498619411,0.0477014899660608,0.118180331039709,10.3792197725922,-8.21565221621504,1.63251822401327e-08,3.92035562936666e-07,2.1775343816476e-07,4.08170724023361e-06,TRUE,TRUE,FALSE,FALSE,FALSE,FALSE
"GGB3486_SGB4658",0.114777357599225,-0.134946992562709,0.0522712298134606,0.112629981624076,2.19580365736235,-1.19814449595775,0.0528148101411567,0.258486038739285,0.0906237410778622,0.343162499705603,FALSE,FALSE,TRUE,TRUE,FALSE,FALSE
"GGB3548_SGB4744",-0.267637086590752,0.797381967583913,0.0649375502890874,0.106357852627918,-4.12145338712797,7.49716121454114,0.00207227567474285,2.06953428511845e-05,0.00542047480102589,0.00010119747515621,TRUE,TRUE,FALSE,FALSE,FALSE,FALSE
"GGB3550_SGB4746",0.351747537172604,-0.777244430578371,0.148881225571365,0.21941500908548,2.36260506200628,-3.54234851033172,0.0216462506258033,0.00080769031290791,0.0413460166992088,0.0022875275069024,TRUE,TRUE,FALSE,FALSE,FALSE,FALSE
"GGB3550_SGB4747",-0.341075581960426,0.296245604183386,0.129336840496219,0.189638416397811,-2.63711082358161,1.56216029331284,0.0127966275193423,0.128086878011691,0.0265859107990383,0.184134228366865,TRUE,FALSE,FALSE,TRUE,FALSE,FALSE
"GGB42639_SGB59836",0.431898677859587,-0.99584155135131,0.0507734989353169,0.0978303825385894,8.50638003911854,-10.1792666604211,0.000369259140093655,0.000156975287328168,0.00117856803263053,0.000573868112724936,TRUE,TRUE,FALSE,FALSE,FALSE,FALSE
"GGB51454_SGB71784",0.179779276984102,-0.595552473500707,0.0573221092274754,0.101854115176637,3.13629905470978,-5.84711253411698,0.0138825829195541,0.000384032745222317,0.0284108673702503,0.00123210505758827,TRUE,TRUE,FALSE,FALSE,FALSE,FALSE
"GGB79342_SGB106059",-0.42507245553445,2.80302487970438,0.0333841426478771,0.0850591104769101,-12.7327653736071,32.9538466131183,0.00611165574084649,0.000919577624688203,0.0138575953561332,0.0025631665918911,TRUE,TRUE,FALSE,FALSE,FALSE,FALSE
"GGB79417_SGB106068",-0.595173950700729,1.33667028081721,0.0401925172008969,0.0877416382460548,-14.8080785218261,15.2341614259443,0.00452943569008841,0.00428121408595855,0.0108354655731824,0.00964251508939842,TRUE,TRUE,FALSE,FALSE,FALSE,FALSE
"GGB9574_SGB14987",-0.372119993909277,0.30699333076091,0.11592875839812,0.18531410670879,-3.20990234909054,1.65661069312619,0.00258090684369488,0.105232670848132,0.00659684072911222,0.154894445023773,TRUE,FALSE,TRUE,TRUE,TRUE,FALSE
"GGB9575_SGB14988",-0.0659561402735303,0.210340621410253,0.0447298010661375,0.105164403346711,-1.47454579947734,2.00011234520861,0.178566056558406,0.0805022256270094,0.25760349142852,0.12257318006837,FALSE,FALSE,TRUE,TRUE,FALSE,FALSE
"GGB9580_SGB14996",0.720623920956384,-1.60292530645163,0.076255180833915,0.139099816158811,9.45016342595678,-11.5235616459879,3.45375228757344e-07,3.39206016061134e-08,3.08334986832644e-06,5.97002588267596e-07,TRUE,TRUE,FALSE,FALSE,FALSE,FALSE
"GGB9580_SGB14998",-0.227696575465431,0.0159862598652178,0.0716459721923745,0.12414945012191,-3.1780792206162,0.128766255907859,0.00550088737028394,0.899053743308982,0.0127149966982923,1,TRUE,FALSE,FALSE,TRUE,FALSE,FALSE
"Hungatella_hathewayi",-0.325779785693983,0.335794871657729,0.225703155538512,0.280935323656221,-1.44339933979521,1.19527465356631,0.151775898307195,0.234573818959294,0.223669744873761,0.314124940171576,FALSE,FALSE,TRUE,TRUE,FALSE,FALSE
"Lactonifactor_longoviformis",-0.651495326376368,0.853338444468845,0.097313563950626,0.148905957562204,-6.69480491647513,5.73072064032342,4.45252534243245e-08,1.04460382411285e-06,5.12664600175399e-07,8.57967940871358e-06,TRUE,TRUE,FALSE,FALSE,FALSE,FALSE
"Massilioclostridium_coli",0.104580647044564,-0.299951745344577,0.10895704285127,0.168782354263622,0.959833750144269,-1.77715109291626,0.340182619933136,0.0795444510434182,0.459019256895145,0.121330807349373,FALSE,FALSE,TRUE,TRUE,FALSE,FALSE
"Anaerofustis_stercorihominis",-0.287729213468478,0.328046482525767,0.130458014012579,0.184043728306366,-2.20553114844086,1.7824377149092,0.0311332876690011,0.0795741009239392,0.0573336478448571,0.121330807349373,FALSE,FALSE,TRUE,TRUE,FALSE,FALSE
"Eubacteriaceae_bacterium",-0.445881453954079,0.784052319357513,0.106652815579367,0.174099582311957,-4.18068150879966,4.50347042161552,0.000122469418717264,4.27161487262878e-05,0.000457219163211119,0.000186618068194279,TRUE,TRUE,TRUE,FALSE,TRUE,FALSE
"Eubacteriaceae_bacterium_CHKCI004",-0.243602026397473,-0.209785946472486,0.0701349939122227,0.120246387180341,-3.47333068428512,-1.74463409164932,0.00598763685596311,0.111645475925625,0.0136354318050768,0.163551993270356,TRUE,FALSE,FALSE,TRUE,FALSE,FALSE
"Eubacteriaceae_bacterium_Marseille_Q4139",0.172582404609701,-0.46383063793538,0.0338246329793723,0.0991877243316334,5.10226983733863,-4.67629075130876,0.00376294336490232,0.00545169853000057,0.00921659289375677,0.0119723575560797,TRUE,TRUE,FALSE,FALSE,FALSE,FALSE
"Eubacterium_callanderi",-0.311520694769887,0.367661905883759,0.0691433096712792,0.149477982686046,-4.50543510646102,2.45963920088467,0.000159690694975721,0.0218495726382263,0.000570778700934443,0.0399980289603192,TRUE,TRUE,TRUE,FALSE,TRUE,FALSE
"Eubacterium_hominis",0.848046521804997,-1.53604610693905,0.0178332118613744,0.0913622769195291,47.5543344854109,-16.8126951158626,2.04743201411268e-05,0.000458200027531131,9.86971606906963e-05,0.00142192048845933,TRUE,TRUE,FALSE,FALSE,FALSE,FALSE
"Eubacterium_maltosivorans",0.246557578573296,-0.534829079408266,0.10486591910686,0.138475063895772,2.35116976681479,-3.86227718089969,0.0569672877162246,0.00834023330391746,0.0965387874365732,0.0174155380176717,FALSE,TRUE,TRUE,FALSE,FALSE,FALSE
"Eubacterium_ramulus",-0.0946107446479126,0.336663010071773,0.144132227677066,0.220201626643549,-0.656416307252893,1.52888520944828,0.51367819065085,0.130736156268146,0.644451660775812,0.186852603854242,FALSE,FALSE,TRUE,TRUE,FALSE,FALSE
"Eubacterium_SGB4961",-0.421617008978453,1.12960752416426,0.056136474062998,0.104101945600098,-7.51057162060628,10.8509741835526,0.000288326122883103,3.62906120538598e-05,0.000965265715739084,0.000160827460612789,TRUE,TRUE,FALSE,FALSE,FALSE,FALSE
"Eubacterium_sp_AF16_48",0.0147150737879978,-0.0446389077263602,0.102876496274129,0.139933050624759,0.14303630392687,-0.319001890740329,0.887187206278939,0.751864703440368,1,0.868946824238774,FALSE,FALSE,TRUE,TRUE,FALSE,FALSE
"Eubacterium_sp_AF34_35BH",0.0355906197944008,-0.00916438436453305,0.0470717908676675,0.104048158948229,0.756092324901264,-0.0880782942934431,0.460581883658333,0.930907438327822,0.587408779158453,1,FALSE,FALSE,TRUE,TRUE,FALSE,FALSE
"Eubacterium_sp_c_25",-0.310106679079412,0.363584212013615,0.143619434613782,0.180858365718153,-2.15922503742855,2.0103256521748,0.04255188879805,0.0574147439029147,0.0753217341942495,0.0913888430082569,FALSE,FALSE,TRUE,TRUE,FALSE,FALSE
"Eubacterium_ventriosum",-0.415410159813902,0.720891252055272,0.109227852902218,0.149835971122765,-3.80315229839573,4.81120285505158,0.000427836622885809,1.72014735986472e-05,0.00134120793739266,8.68533421046448e-05,TRUE,TRUE,FALSE,FALSE,FALSE,FALSE
"GGB3265_SGB4314",0.357186014717914,-0.844984792758559,NA,0.0811064138570311,NA,-10.4182240660774,1,1,1,1,FALSE,FALSE,TRUE,TRUE,FALSE,FALSE
"GGB3277_SGB4327",1.01057646383517,-1.84394290306827,0.126805684263408,0.209338294853442,7.96948866847283,-8.80843566801393,6.28949734154288e-08,1.15172271539474e-08,6.79707081121125e-07,2.78220075562022e-07,TRUE,TRUE,FALSE,FALSE,FALSE,FALSE
"GGB3278_SGB4328",1.95378247976075,-3.38902743745577,0.0378912057587367,0.118701024549546,51.5629534779388,-28.5509535432965,2.70307421138714e-10,1.66294076682508e-08,8.01306919868319e-09,3.59428600829562e-07,TRUE,TRUE,FALSE,FALSE,FALSE,FALSE
"GGB3281_SGB4335",-4.05782534248356,5.77213047998038,0.0719300459937505,0.109475473626644,-56.413495729394,52.7253300558053,3.31076074415358e-08,4.64018142815479e-08,3.95891709256912e-07,7.52197831511408e-07,TRUE,TRUE,TRUE,FALSE,TRUE,FALSE
"GGB35068_SGB47850",-0.156514395000996,0.691427013819705,0.0535565283583786,0.102722451175915,-2.92241487263074,6.7310213678178,0.0152373434873871,5.1620167013762e-05,0.030824970733105,0.000220055521664204,TRUE,TRUE,FALSE,FALSE,FALSE,FALSE
"GGB3722_SGB5050",2.05146380488357,-3.33009429999812,0.0451996518584755,0.136264057053361,45.3867169443451,-24.4385377333514,6.48892982129349e-13,3.00118399700928e-10,7.26760139984871e-11,1.42209949396747e-08,TRUE,TRUE,FALSE,FALSE,FALSE,FALSE
"GGB3724_SGB5054",-0.30212055588377,0.169715785546928,0.0122520620650399,0.0810309948108884,-24.6587516680839,2.0944551642617,0.0258030549119385,0.283579949933162,0.0480201867847556,0.371275768669134,TRUE,FALSE,FALSE,TRUE,FALSE,FALSE
"Intestinibacillus_massiliensis",1.46635195476385,-3.14054059423061,0.0619313136420235,0.102055058973019,23.6770684897737,-30.7730025912867,6.09131417471884e-08,9.8772159419407e-09,6.70044559219072e-07,2.53515209176478e-07,TRUE,TRUE,FALSE,FALSE,FALSE,FALSE
"Intestinibacillus_sp_Marseille_P6563",-1.00187023797703,1.36148989681568,0.0364620203525615,0.108124863396938,-27.4770906353971,12.5918299828737,3.33113271158955e-12,2.82322988152826e-08,2.41409147098725e-10,5.27002911218609e-07,TRUE,TRUE,TRUE,FALSE,TRUE,FALSE
"Pseudoramibacter_alactolyticus",-0.0277140577385566,0.0379414554875636,0.0122520620650399,0.0817664743529163,-2.26199129513358,0.464022153184722,0.0864897839259173,0.666760344929169,0.139106284329935,0.780103271560053,FALSE,FALSE,TRUE,TRUE,FALSE,FALSE
"Alterileibacterium_massiliense",0.826693811360023,-1.45622152330888,0.0122520620650399,0.094977614264663,67.4738510931083,-15.3322604972052,0.00943436838501985,0.0414628595168757,0.0202649443805977,0.0695943364097969,TRUE,FALSE,FALSE,TRUE,FALSE,FALSE
"Anaerovorax_odorimutans",-0.424772681368717,0.576169611781261,0.0878198865286338,0.161988498043418,-4.83686210674184,3.55685507761687,4.72176658995001e-05,0.0014108987674616,0.000204831564747127,0.00371416085793311,TRUE,TRUE,TRUE,FALSE,TRUE,FALSE
"Bacilliculturomica_massiliensis",-0.658631434273692,0.536681500413636,0.0122520620650399,0.0848683033704072,-53.7567823911891,6.32369776583482,0.000345866190584707,0.0241062293928045,0.00111546373507947,0.0431669689126964,TRUE,TRUE,FALSE,FALSE,FALSE,FALSE
"Emergencia_timonensis",-0.270953700708669,0.318524112610615,0.108968211599386,0.15821984025603,-2.48653893398574,2.01317427760755,0.0174094870135945,0.0512198011901156,0.0345386280205288,0.0833590423596069,TRUE,FALSE,FALSE,TRUE,FALSE,FALSE
"Clostridiales_bacterium_S5_A14a",2.09493108163721,-4.56350450528392,NA,0.0811064138570311,NA,-56.2656427311428,1,1,1,1,FALSE,FALSE,TRUE,TRUE,FALSE,FALSE
"Eubacteriales_Family_XIII_Incertae_Sedis_unclassified_SGB3978",0.529016035456518,-1.57588496967948,0.0521716851149304,0.0946179012069722,10.1399070068589,-16.6552518030632,0.00015992273772115,1.42533904761127e-05,0.000570778700934443,7.50434917374823e-05,TRUE,TRUE,FALSE,FALSE,FALSE,FALSE
"Eubacterium_sulci",-0.615004065529987,1.5236395390896,0.0611136836090466,0.102159567533401,-10.0632792725155,14.9143107775143,8.63880720283434e-08,5.49009660600181e-10,9.01950040160331e-07,2.25459967286474e-08,TRUE,TRUE,FALSE,FALSE,FALSE,FALSE
"GGB2977_SGB3959",0.711017116595541,-0.827771216084859,0.0506590960754666,0.102048912811724,14.0353297172208,-8.11151430502805,2.20811262088525e-06,8.34294366627475e-05,1.48655450761236e-05,0.000332637753943382,TRUE,TRUE,FALSE,FALSE,FALSE,FALSE
"GGB2980_SGB3962",0.105132318041805,-0.228320267848147,0.130746485260003,0.179143152320772,0.804092881217713,-1.27451295173883,0.425004181612449,0.208147827165103,0.549428280951245,0.282110146388786,FALSE,FALSE,TRUE,TRUE,FALSE,FALSE
"GGB2987_SGB3969",0.0218131957685283,-0.00957806970267784,0.0807854503047272,0.135869756885165,0.270013915701995,-0.0704944935669023,0.789129727146381,0.944301173050057,0.933020944188427,1,FALSE,FALSE,TRUE,TRUE,FALSE,FALSE
"GGB32387_SGB47381",-0.179264030350266,0.00436636275151711,0.0929336069371208,0.141620482919577,-1.92894730182545,0.0308314352663002,0.075858798300229,0.975872291628898,0.124167722081265,1,FALSE,FALSE,TRUE,TRUE,FALSE,FALSE
"Lentihominibacter_faecis",-0.124144171459463,0.276988449705171,0.144305860498632,0.197592488106735,-0.860285029523384,1.40181670041802,0.392611307955864,0.165452524240946,0.512934391730249,0.230585418399147,FALSE,FALSE,TRUE,TRUE,FALSE,FALSE
"Lentihominibacter_hominis",-0.200536392014187,0.250561096909668,0.0937388382000183,0.137798401242403,-2.1393095526348,1.81831642929515,0.0423613304058766,0.0810178841797259,0.075261205271126,0.123075256855021,FALSE,FALSE,TRUE,TRUE,FALSE,FALSE
"Lentihominibacter_SGB71368",0.334619472897409,-0.760151279535303,0.0259204047144898,0.0828128854700325,12.9095003177305,-9.1791425358603,4.96859459000791e-05,0.000257391740322413,0.000213286011668632,0.000875985149384566,TRUE,TRUE,FALSE,FALSE,FALSE,FALSE
"Mogibacterium_diversum",0.603248639941609,-1.10507744348854,0.0720766895335896,0.142225088625305,8.36953866562476,-7.76991917649561,5.57761227775538e-09,2.34931800481807e-08,8.92417964440861e-08,4.62754632014434e-07,TRUE,TRUE,FALSE,FALSE,FALSE,FALSE
"Mogibacterium_kristiansenii",-0.119648717675096,0.508099726232486,0.0614144525825579,0.100802117756509,-1.94821760422362,5.04056598751049,0.0773520372650353,0.000377629611385792,0.126055171839317,0.00121790492467878,FALSE,TRUE,TRUE,FALSE,FALSE,FALSE
"Mogibacterium_timidum",0.929666912946413,-2.21289784057181,NA,0.0811064138570311,NA,-27.2838821905325,1,1,1,1,FALSE,FALSE,TRUE,TRUE,FALSE,FALSE
"Zhenpiania_hominis",-0.266821935826609,0.383226482858561,0.108862685977249,0.174774789193818,-2.45099533813056,2.19268742720999,0.0170795989971657,0.0320913252803306,0.034033977084329,0.0554150879157841,TRUE,FALSE,FALSE,TRUE,FALSE,FALSE
"Candidatus_Cibionibacter_quicibialis",-0.1549485775679,0.23603072102571,0.283046997292628,0.381569896214053,-0.547430564711862,0.618577941728668,0.58509128738849,0.537357172869652,0.71901467232587,0.647139821090333,FALSE,FALSE,TRUE,TRUE,FALSE,FALSE
"Colidextribacter_sp_210702_DFI_3_9",0.0780575222321365,-0.000434163258961909,0.0561121400390377,0.116248099850425,1.39109864955839,-0.00373479875817791,0.176958578527265,0.997050939915967,0.255583785164819,1,FALSE,FALSE,FALSE,TRUE,FALSE,FALSE
"Bacteroides_pectinophilus",-1.4391434377573,2.46741006524436,0.0122520620650399,0.0810055540725609,-117.461324478902,30.4597640679573,0.00541969363455769,0.0208928472943587,0.0125745057585218,0.0385329159680388,TRUE,TRUE,TRUE,FALSE,TRUE,FALSE
"Clostridiales_bacterium",-0.158786684995337,0.107707602696425,0.164348240834075,0.248406902061714,-0.966159930824251,0.43359343803445,0.335618380178683,0.665246349711889,0.454375653164986,0.779415804684416,FALSE,FALSE,TRUE,TRUE,FALSE,FALSE
"Clostridiales_bacterium_KLE1615",0.0638253077086818,-0.134130504802958,0.198973108123959,0.279970327126452,0.320773537240616,-0.479088288318414,0.749086576938899,0.632976771955496,0.891136051152463,0.744820805204557,FALSE,FALSE,TRUE,TRUE,FALSE,FALSE
"Clostridiales_bacterium_Marseille_P2846",-0.111614999235812,0.147928919701859,0.0603717696006169,0.108510045699564,-1.84879456034151,1.36327396001137,0.0842949880005965,0.192909791102648,0.136109338422981,0.264072069598292,FALSE,FALSE,TRUE,TRUE,FALSE,FALSE
"Eubacteriales_bacterium",-0.145535470112301,0.150797946234929,0.0929814613122717,0.140375422042585,-1.56520953809847,1.07424750031514,0.128381974774028,0.291569141458415,0.196236467644668,0.379717951666773,FALSE,FALSE,TRUE,TRUE,FALSE,FALSE
"Eubacteriales_unclassified_SGB15150",0.288764830384495,-0.50071521248178,0.0399815541357103,0.0873388955075815,7.22245136855696,-5.7330151654862,0.000357195744899232,0.00122305673445917,0.00114302638367754,0.00326855942918371,TRUE,TRUE,FALSE,FALSE,FALSE,FALSE
"Evtepia_gabavorous",-0.0233306537766831,-0.0797122331460457,0.166530308716522,0.262682786803471,-0.140098543961736,-0.30345434550945,0.888866770369544,0.762180435082295,1,0.87921937829718,FALSE,FALSE,TRUE,TRUE,FALSE,FALSE
"Fenollaria_massiliensis",-1.44151337412551,2.30771745309239,NA,0.0838390806468964,NA,27.5255577146864,1,0.0231181477826648,1,0.0419985311256492,FALSE,TRUE,FALSE,FALSE,FALSE,FALSE
"Fenollaria_timonensis",-0.13092220722204,0.502050833409988,0.047595646972513,0.0929150865115507,-2.75071809188031,5.40332955883947,0.0332600927559106,0.00165866387113261,0.0606160270344407,0.00422417619251725,FALSE,TRUE,TRUE,FALSE,FALSE,FALSE
"Gemmiger_formicilis",-0.0160348070938868,0.0296964084742512,0.212093269052241,0.313135757580982,-0.075602621269123,0.094835571330659,0.939872578317672,0.924617973142782,1,1,FALSE,FALSE,TRUE,TRUE,FALSE,FALSE
"Gemmiger_gallinarum",-0.0940223445247255,0.0398850139236358,0.0147551424480143,0.081085035123454,-6.37217464053549,0.491891183902305,0.099097957970323,0.708975930989331,0.1555269862668,0.823240666332569,FALSE,FALSE,TRUE,TRUE,FALSE,FALSE
"Gemmiger_SGB15295",0.147514044378293,-0.141545864620236,0.113106346346807,0.192136386878167,1.30420660858397,-0.736694735026897,0.200675257985885,0.466217679298152,0.285817246056198,0.572091813640761,FALSE,FALSE,TRUE,TRUE,FALSE,FALSE
"Gemmiger_sp_An87",-0.365003838557468,1.43298685421847,0.0458818366407037,0.0902894557012731,-7.95530138463675,15.8710321497516,0.00414316443044214,0.000543854705836532,0.00999160721781741,0.00163821270804549,TRUE,TRUE,FALSE,FALSE,FALSE,FALSE
"GGB45643_SGB63357",0.0312220586632313,0.250493403987241,NA,0.0811064138570311,NA,3.08845370020667,1,1,1,1,FALSE,FALSE,TRUE,TRUE,FALSE,FALSE
"GGB48168_SGB66171",0.92184476965086,-2.78912744195315,0.0272633667142201,0.0832472453044926,33.812580057108,-33.504140968886,0.0188224104243433,0.0189955871537447,0.0366338225004596,0.0356521158922974,TRUE,TRUE,FALSE,FALSE,FALSE,FALSE
"GGB9563_SGB14975",-0.0615822086006131,0.660420454757196,0.0780032814856824,0.116543452145668,-0.789482281100143,5.66673152886987,0.446514099998616,0.000145166393245031,0.572430146928507,0.000533865661127994,FALSE,TRUE,TRUE,FALSE,FALSE,FALSE
"GGB9759_SGB15370",-0.199079747365919,0.480149778534359,0.0445451896307454,0.101548100930496,-4.46916376417248,4.72829894537361,0.000147520896106943,7.53463364341593e-05,0.000531420304104544,0.000307373134062531,TRUE,TRUE,FALSE,FALSE,FALSE,FALSE
"GGB9760_SGB15373",0.235646211346891,-0.224511329288178,0.0738747999284288,0.122930162527698,3.18980506986401,-1.82633232293655,0.00269204863024237,0.0749140562499926,0.00681027497424763,0.115367646624989,TRUE,FALSE,FALSE,TRUE,FALSE,FALSE
"GGB9760_SGB15374",0.137758350337189,-0.26575991526133,0.0670312655089748,0.107837454971643,2.05513575331119,-2.46444906671076,0.0531612328239768,0.0229039191296632,0.0910912918485944,0.0416803964073044,FALSE,TRUE,TRUE,FALSE,FALSE,FALSE
"Intestinimonas_butyriciproducens",-0.187251691320045,0.203421424382464,0.181450621711635,0.239345559251494,-1.03197051381631,0.84990682517204,0.304706001000439,0.397513759945397,0.416183806244502,0.493189277193081,FALSE,FALSE,TRUE,TRUE,FALSE,FALSE
"Intestinimonas_gabonensis",0.0024910948305699,0.0377466307607232,0.132599055135728,0.179851601909646,0.0187866710514643,0.209876533541727,0.985070659520539,0.834441292544889,1,0.944014391565935,FALSE,FALSE,TRUE,TRUE,FALSE,FALSE
"Intestinimonas_massiliensis",0.0598417621389921,-0.251934109847019,0.160521099741466,0.231858601702839,0.37279686119378,-1.08658513420136,0.710176162857582,0.280121836192666,0.851934793223506,0.367529395302838,FALSE,FALSE,TRUE,TRUE,FALSE,FALSE
"Intestinimonas_sp_MSJ_38",0.43177497872196,-0.692199312357061,0.073874131307932,0.139046474452385,5.84473849069274,-4.97818671838456,1.52385476400901e-06,1.96709876271906e-05,1.11749349360661e-05,9.69386270267951e-05,TRUE,TRUE,FALSE,FALSE,FALSE,FALSE
"Intestinimonas_timonensis",-1.81173283016008,3.1113511006417,0.0733552381898682,0.114513373461955,-24.6980703064545,27.1701986115656,2.70458170110258e-10,1.05532823700953e-10,8.01306919868319e-09,6.84297046313545e-09,TRUE,TRUE,TRUE,FALSE,TRUE,FALSE
"Levyella_massiliensis",0.774500724601911,-0.87823680415258,0.0122520620650399,0.0853405171713782,63.2139080336425,-10.2909711970568,3.75125413865352e-07,0.000502886335892818,3.3011036420151e-06,0.001541183994577,TRUE,TRUE,FALSE,FALSE,FALSE,FALSE
"Massilistercora_timonensis",-0.175115067593874,0.441661046216533,0.0823140390642359,0.150944525750751,-2.12740219754274,2.92598253576834,0.0453995864729857,0.00807468137663475,0.0800175830253483,0.0169472017990017,FALSE,TRUE,TRUE,FALSE,FALSE,FALSE
"Feifania_hominis",-0.178814414695026,0.271175207363426,0.0325834310725475,0.0884195702220325,-5.48789396355751,3.06691388210179,0.000189665212518236,0.0107188147964104,0.00066194771054523,0.0217913858567287,TRUE,TRUE,FALSE,FALSE,FALSE,FALSE
"Anaerobutyricum_hallii",-0.00367987496088418,0.00673387065700654,0.222396181337662,0.327758203635414,-0.0165464844708689,0.0205452390888041,0.986828946913834,0.983646333797708,1,1,FALSE,FALSE,TRUE,TRUE,FALSE,FALSE
"Anaerobutyricum_soehngenii",-0.0528566888258645,0.0740563959896581,0.222013471202086,0.307765454341669,-0.238078746031371,0.240626083743121,0.812355279170567,0.81038621278019,0.953163527560132,0.92102934884243,FALSE,FALSE,TRUE,TRUE,FALSE,FALSE
"Anaerosacchariphilus_sp_NSJ_68",0.237364182813462,-0.11686441602703,0.0583782490593461,0.101102775349026,4.06596954581769,-1.15589721076985,0.000803773028233963,0.263710488176638,0.00234656012034181,0.347477349126865,TRUE,FALSE,FALSE,TRUE,FALSE,FALSE
"Anaerostipes_butyraticus",0.606284240994001,-1.59914091602089,0.0312373888050879,0.0940974058952639,19.4089283447165,-16.9945271158786,6.69919410913832e-06,1.29056742524647e-05,3.75154870111746e-05,6.91039850381092e-05,TRUE,TRUE,FALSE,FALSE,FALSE,FALSE
"Anaerostipes_caccae",-0.52502303032148,0.522620505976039,0.124238072114493,0.187536168829301,-4.22594315402479,2.78677179574751,0.000105834154053425,0.00760302783158936,0.000403726234393632,0.0161220831127678,TRUE,TRUE,FALSE,FALSE,FALSE,FALSE
"Anaerostipes_hadrus",-0.317277411603635,0.459623704886074,0.228444258587421,0.314774394797117,-1.38886139474684,1.46016865565675,0.167213770595662,0.146619712496672,0.242361606322183,0.207388617446498,FALSE,FALSE,TRUE,TRUE,FALSE,FALSE
"Anaerotignum_faecicola",0.121649077967454,-0.371903620364908,0.173322317225895,0.246627923039867,0.701866210390586,-1.50795423235507,0.48493501621468,0.135767276575531,0.615917463893285,0.193146980070502,FALSE,FALSE,TRUE,TRUE,FALSE,FALSE
"Anaerotignum_lactatifermentans",-0.368418541299256,0.324474241726375,0.101217854127642,0.166084270242208,-3.63985726109799,1.95367232100414,0.00144561625774205,0.0635718802711346,0.00392630402511654,0.100539867129702,TRUE,FALSE,FALSE,TRUE,FALSE,FALSE
"Anaerotignum_sp_MSJ_24",-0.526808616758472,1.05574223025827,0.0542863736824008,0.096748626824433,-9.70425138066016,10.9122192728801,6.871678235345e-05,3.51356383591976e-05,0.000281259388237377,0.000156271142449572,TRUE,TRUE,FALSE,FALSE,FALSE,FALSE
"Bariatricus_massiliensis",0.322490308892329,-0.961206383002084,0.0738640597460118,0.12518348360966,4.36599761780277,-7.67838020868045,0.000299032395018844,2.18430270533863e-07,0.000993013236288992,2.63829503233059e-06,TRUE,TRUE,FALSE,FALSE,FALSE,FALSE
"Blautia_argi",-1.12082353557632,1.41724997525928,0.0282900977909103,0.130304025492081,-39.6189346484496,10.8764865084342,6.06440936105043e-15,6.73111596739316e-08,1.49427046656283e-12,1.03659185897855e-06,TRUE,TRUE,TRUE,FALSE,TRUE,FALSE
"Blautia_caecimuris",-0.514311968580636,0.666506925082322,0.259364792690519,0.365211520135624,-1.98296755409793,1.82498877591487,0.0496744255965897,0.0705109088182417,0.0864177825272184,0.109683635939487,FALSE,FALSE,TRUE,TRUE,FALSE,FALSE
"Blautia_faecicola",1.53071721355503,-2.34752963295208,0.0501175725775637,0.101176599434199,30.5425250033018,-23.2022982199439,3.31760982044757e-11,5.00208546721917e-10,1.51381307362645e-09,2.12502389503932e-08,TRUE,TRUE,FALSE,FALSE,FALSE,FALSE
"Blautia_faecis",-0.327343447393823,0.474178429819994,0.208567383837248,0.288862817113258,-1.56948532110495,1.6415350184516,0.118714561231529,0.102853619263614,0.182820424296555,0.152485750821627,FALSE,FALSE,TRUE,TRUE,FALSE,FALSE
"Blautia_glucerasea",-0.210601114004573,0.513005498603967,0.216394331118638,0.310076228280562,-0.973228424773804,1.65444962178717,0.333077525829933,0.101558900386247,0.451431806185343,0.150929511792348,FALSE,FALSE,TRUE,TRUE,FALSE,FALSE
"Blautia_hansenii",-0.65146234761859,0.852152022944031,0.143241031149595,0.200311871012225,-4.54801492554342,4.25412642115466,5.38826760414847e-05,0.000131923249311481,0.000228121844959138,0.000494011003046481,TRUE,TRUE,FALSE,FALSE,FALSE,FALSE
"Blautia_hydrogenotrophica",-0.186828125553491,0.209678402972804,0.149152629005267,0.237494302316528,-1.25259693241407,0.882877614021023,0.215467245646715,0.381010820248554,0.30477112128215,0.477498058501983,FALSE,FALSE,TRUE,TRUE,FALSE,FALSE
"Blautia_luti",-0.648219258510276,1.12570999192714,0.123419053294627,0.17145493366381,-5.25218141937001,6.5656319586256,2.19732747170769e-05,8.62621256871719e-07,0.000103994007281424,7.32930612735143e-06,TRUE,TRUE,FALSE,FALSE,FALSE,FALSE
"Blautia_marasmi",-1.02051254849608,1.21698002560339,0.0374960353939886,0.0951468049329899,-27.2165453700124,12.7905506281633,5.91446805640947e-10,4.46361239284395e-07,1.45753561840033e-08,4.31682751820205e-06,TRUE,TRUE,FALSE,FALSE,FALSE,FALSE
"Blautia_massiliensis",0.122196767677105,-0.2414066913874,0.212873253347555,0.336357995764155,0.574035327386087,-0.71770760447945,0.56700944439428,0.474320951946693,0.700657608318709,0.579725607934847,FALSE,FALSE,TRUE,TRUE,FALSE,FALSE
"Blautia_obeum",-0.152011995811046,0.216086972670445,0.222187993642197,0.330981011309342,-0.684159361265216,0.652868186654022,0.495092339120969,0.514994161971779,0.624952624792042,0.622947993823368,FALSE,FALSE,TRUE,TRUE,FALSE,FALSE
"Blautia_producta",-0.586272306783332,0.662249845100891,0.166969664919562,0.229750467178911,-3.51125042423587,2.88247442206585,0.000749258861140156,0.00511138892884123,0.00220307140077487,0.0113259553243389,TRUE,TRUE,FALSE,FALSE,FALSE,FALSE
"Blautia_schinkii",0.949806384929849,-1.6703888706437,0.048853557793132,0.114506560805379,19.4419081810123,-14.5877132183087,5.08810808438238e-08,4.78193899858955e-07,5.8042121851473e-07,4.56693709012583e-06,TRUE,TRUE,FALSE,FALSE,FALSE,FALSE
"Blautia_SGB101324",0.993971000948599,-2.07758319253232,0.0523867980963913,0.10439827140871,18.9736925536029,-19.9005516518446,0.000319660670499644,0.000277294730143731,0.00104739879270096,0.000935964678183771,TRUE,TRUE,FALSE,FALSE,FALSE,FALSE
"Blautia_SGB4793",-1.37345286358399,1.54149214140707,0.0461927653408719,0.141179593359693,-29.7330729920329,10.9186611515427,4.32824431434335e-11,7.06313434035636e-07,1.90442749831107e-09,6.12801514599932e-06,TRUE,TRUE,TRUE,FALSE,TRUE,FALSE
"Blautia_SGB4815",0.516683929726115,-0.643548888303523,0.122534717898397,0.19647643781579,4.2166329558496,-3.27545071285796,0.000101512196816971,0.00190020868571152,0.000391065759854054,0.00475824613983048,TRUE,TRUE,FALSE,FALSE,FALSE,FALSE
"Blautia_SGB59878",-0.677561111761969,1.50166045505821,0.0159963762227443,0.10179990770257,-42.3571627928196,14.7510983943682,1.15860738093967e-08,6.1001068975521e-06,1.64857095085699e-07,3.5617685771489e-05,TRUE,TRUE,FALSE,FALSE,FALSE,FALSE
"Blautia_sp_An249",-0.661088017276687,1.31563562469889,0.0595325363318348,0.103815426201158,-11.1046506332567,12.6728336321583,1.48630841838298e-06,4.83166117521072e-07,1.0964862104478e-05,4.57892812912278e-06,TRUE,TRUE,FALSE,FALSE,FALSE,FALSE
"Blautia_sp_An46",-0.74833905050047,0.907212713481642,0.0122520620650399,0.0876664430385894,-61.0786206050805,10.3484603918777,0.000267945816556872,0.00920909361211398,0.000899480234327155,0.0189093388835407,TRUE,TRUE,FALSE,FALSE,FALSE,FALSE
"Blautia_sp_MCC283",-0.474934209503792,1.10607288690275,0.143035725551027,0.186564241872125,-3.32038871879153,5.92864353749462,0.00230969024789859,1.50355773528696e-06,0.00596548927759134,1.18742508325227e-05,TRUE,TRUE,FALSE,FALSE,FALSE,FALSE
"Blautia_sp_OF03_15BH",0.365422522232944,-0.459365579709095,0.08802139002335,0.131037153471158,4.1515195583256,-3.50561323670849,0.000264737904142858,0.00150211464018233,0.000891139611759566,0.00391248464419584,TRUE,TRUE,FALSE,FALSE,FALSE,FALSE
"Blautia_stercoris",0.177604618775681,-0.243234922062199,0.115086852995025,0.187455466685595,1.54322248070645,-1.29756110271331,0.132924719276478,0.204011264903134,0.20118335890494,0.276808236080024,FALSE,FALSE,TRUE,TRUE,FALSE,FALSE
"Blautia_wexlerae",-0.346163095958236,0.488132797897179,0.226558957195957,0.31019942837838,-1.52791617794582,1.57360959834445,0.128682243920128,0.117727556084192,0.19641585974555,0.171848754852754,FALSE,FALSE,TRUE,TRUE,FALSE,FALSE
"Brotolimicola_acetigignens",-0.229870438385622,0.365867104581424,0.255477433756421,0.346473704012232,-0.89976807346823,1.0559736578696,0.370076232571745,0.29313743832,0.490779244917535,0.380152972642358,FALSE,FALSE,TRUE,TRUE,FALSE,FALSE
"Butyrivibrio_crossotus",-1.63342734926968,2.98627736662599,0.117897824359579,0.172919661639967,-13.8546012883822,17.2697386653675,7.48239558474237e-08,8.96568041772221e-09,7.8788985986347e-07,2.40124310318125e-07,TRUE,TRUE,TRUE,FALSE,TRUE,FALSE
"Catenibacillus_scindens",0.470354815220882,-0.741388132423947,0.0343143622236528,0.109037564350594,13.7072288319165,-6.79938273419353,7.59557876730911e-13,4.94250307692054e-07,7.79812753443735e-11,4.63418977981516e-06,TRUE,TRUE,FALSE,FALSE,FALSE,FALSE
"Coprococcus_catus",0.165391206902295,-0.204143189997656,0.123210764088483,0.192292657384478,1.34234381326878,-1.06162758773198,0.184015390715683,0.292216607761731,0.264535544179372,0.379758291943515,FALSE,FALSE,TRUE,TRUE,FALSE,FALSE
"Coprococcus_comes",0.562787246632389,-0.970898297563197,0.179268913540684,0.300073064779137,3.13934655773249,-3.23553964524543,0.00223786379163516,0.00165615352593915,0.00581655736560024,0.00422417619251725,TRUE,TRUE,FALSE,FALSE,FALSE,FALSE
"Coprococcus_eutactus",0.2581063167501,-0.103572695608736,0.17086492733567,0.259158478469955,1.51058687569651,-0.399650037383375,0.141356105304479,0.692245532979634,0.211604765170253,0.806855720559044,FALSE,FALSE,TRUE,TRUE,FALSE,FALSE
"Coprococcus_SGB106014",-0.838920999850258,0.659053975482301,0.0553890959171789,0.123903681821632,-15.1459594340493,5.3190830634965,1.02916985131804e-08,0.00024513342160284,1.50944911526646e-07,0.000843858874639824,TRUE,TRUE,FALSE,FALSE,FALSE,FALSE
"Coprococcus_sp_AF21_14LB",-2.32252968278575,3.117244448999,0.0128874143020491,0.0910827019029222,-180.216886673417,34.224330019562,9.98120988530535e-11,4.00557297031208e-07,3.51338587962748e-09,4.1123882495204e-06,TRUE,TRUE,TRUE,FALSE,TRUE,FALSE
"Cuneatibacter_caecimuris",-0.59005356780413,0.847408032094402,0.126800066806765,0.176018604203483,-4.65341685271612,4.81430946421308,2.88875599523403e-05,1.70260293442014e-05,0.000131812866152901,8.63212681154571e-05,TRUE,TRUE,FALSE,FALSE,FALSE,FALSE
"Cuneatibacter_sp_NSJ_177",-0.417941287329697,0.620563843461498,0.143403591394187,0.195635425530641,-2.91444086766881,3.17204229130937,0.00472777261082254,0.00221462712602537,0.0112661815406835,0.00541353297472867,TRUE,TRUE,FALSE,FALSE,FALSE,FALSE
"Diplocloster_agilis",-0.407041074953086,0.658763193043548,0.141846958552651,0.177574554567064,-2.86957915140634,3.70978372802143,0.00537277342136605,0.000401891631910056,0.0125127728830302,0.0012728290244555,TRUE,TRUE,FALSE,FALSE,FALSE,FALSE
"Diplocloster_modestus",-0.220215251150625,0.163085641968442,0.072212133889763,0.121830156925882,-3.04956022331094,1.33863114095518,0.00865735049387782,0.202024170068082,0.0189144658486971,0.274833605251495,TRUE,FALSE,FALSE,TRUE,FALSE,FALSE
"Dorea_formicigenerans",-0.116970268345809,0.164636044515576,0.150258836866579,0.264820983563937,-0.778458497250791,0.621688063762617,0.438100905887028,0.535534065850084,0.563991970797094,0.645575312257636,FALSE,FALSE,TRUE,TRUE,FALSE,FALSE
"Dorea_longicatena",0.35988338907372,-0.602099531975213,0.212356221504182,0.329209389712967,1.69471554223634,-1.82892575603684,0.0930933394531421,0.07024898010655,0.147607457150928,0.109552839862367,FALSE,FALSE,TRUE,TRUE,FALSE,FALSE
"Dorea_phocaeensis",-0.304938345878785,0.198336048750832,0.0893753848182712,0.131850008683789,-3.41188288586195,1.50425510571254,0.00332124693376866,0.15086727890698,0.00824954883548989,0.212421128701027,TRUE,FALSE,FALSE,TRUE,FALSE,FALSE
"Dorea_sp_AF36_15AT",-0.134922383096891,0.246212357591159,0.133132873508077,0.191392201572936,-1.01344153056762,1.28642836838539,0.314107640202822,0.202250536932994,0.428075899037474,0.274833605251495,FALSE,FALSE,TRUE,TRUE,FALSE,FALSE
"Eisenbergiella_massiliensis",-0.584895269470906,0.776116620958248,0.177059144681602,0.257738640538433,-3.30338921789495,3.0112544216765,0.00134313105997816,0.00332504436002845,0.00368538411112047,0.00766752910761995,TRUE,TRUE,FALSE,FALSE,FALSE,FALSE
"Eisenbergiella_sp_OF01_20",0.327224976172952,-1.01869991080309,0.0922994547841968,0.12364651678782,3.54525361973187,-8.23880799287858,0.00403168122471543,2.77871106241685e-06,0.00977762060797127,1.8809736422514e-05,TRUE,TRUE,FALSE,FALSE,FALSE,FALSE
"Eisenbergiella_tayi",-0.27319023114611,0.417595636700382,0.204019193397342,0.248468352805289,-1.33904181561022,1.68067937822097,0.184005683993766,0.0963716279114967,0.264535544179372,0.144264696946493,FALSE,FALSE,TRUE,TRUE,FALSE,FALSE
"Enterocloster_aldenensis",-0.143650537452702,-0.0779771554232257,0.162971982310691,0.241858605907548,-0.881443150018547,-0.32240802484834,0.380256936232088,0.747837473080876,0.500509129741381,0.86510400641844,FALSE,FALSE,TRUE,TRUE,FALSE,FALSE
"Enterocloster_asparagiformis",-0.375203462477657,0.423361847528537,0.117052260890965,0.155627867478343,-3.20543541510198,2.72034728990584,0.00224695563651175,0.00871238838581991,0.00582789335617363,0.0180095008243794,TRUE,TRUE,FALSE,FALSE,FALSE,FALSE
"Enterocloster_bolteae",-0.0348190697608991,-0.185662138148383,0.239818195540248,0.311956163531468,-0.145189441036619,-0.595154575715427,0.884774690921495,0.552721940376534,1,0.663596393441991,FALSE,FALSE,TRUE,TRUE,FALSE,FALSE
"Enterocloster_citroniae",-0.318587612659397,0.326824790296426,0.14294670069657,0.214012589389626,-2.22871609562822,1.52712880690125,0.0281415306616395,0.12998329280438,0.0519795588832681,0.186122398973196,FALSE,FALSE,TRUE,TRUE,FALSE,FALSE
"Enterocloster_clostridioformis",-0.312750654779258,0.222369276542724,0.188359995621626,0.262893522643295,-1.6603878851617,0.84585300659706,0.100436658744559,0.399955201086081,0.157427434571624,0.495719122472889,FALSE,FALSE,TRUE,TRUE,FALSE,FALSE
"Enterocloster_hominis",-0.220747975129707,0.398466362101399,0.15169842818687,0.20737019353346,-1.45517641657947,1.92152187019637,0.148547986748476,0.0573263045666065,0.219701224098587,0.0913888430082569,FALSE,FALSE,TRUE,TRUE,FALSE,FALSE
"Enterocloster_lavalensis",-0.242891272364465,0.263608712635344,0.172215511895637,0.234309769370219,-1.41039137352307,1.12504362640907,0.161760160734979,0.263465758399838,0.236123836523097,0.347477349126865,FALSE,FALSE,TRUE,TRUE,FALSE,FALSE
"Extibacter_muris",0.458190244821691,-1.23693355948227,0.0364811791833175,0.0976435061081546,12.559633626953,-12.6678527716137,1.55906491645883e-05,1.48326769237576e-05,7.83986929419297e-05,7.72989117536998e-05,TRUE,TRUE,FALSE,FALSE,FALSE,FALSE
"Faecalicatena_contorta",-0.298041298475268,0.322713701175651,0.132999842239971,0.179503543259113,-2.24091467670702,1.79781242930572,0.0279517163006201,0.0761783547361448,0.0517064782017476,0.117168206036118,FALSE,FALSE,TRUE,TRUE,FALSE,FALSE
"Faecalicatena_fissicatena",0.501779598698253,-0.805737823998363,0.0591966921565051,0.146938921148298,8.47648036433591,-5.4834880894843,2.73172813591472e-10,2.90858457329612e-06,8.01306919868319e-09,1.95812906792395e-05,TRUE,TRUE,FALSE,FALSE,FALSE,FALSE
"Faecalicatena_orotica",-1.04559367983242,1.54899099806403,0.0454771798123183,0.106740973736769,-22.9916121480602,14.5116813519423,2.64696562935461e-09,1.50327162558705e-07,4.88986899088302e-08,2.02187289381735e-06,TRUE,TRUE,TRUE,FALSE,TRUE,FALSE
"Faecalicatena_SGB4872",0.58895994996961,-1.40383805092006,0.013693746073927,0.0810308262850708,43.0094107770112,-17.3247406608108,0.0147992051037289,0.0367055521968763,0.0301365631203206,0.0619469045295227,TRUE,FALSE,FALSE,TRUE,FALSE,FALSE
"Faecalimonas_umbilicata",-0.0196661867361753,-0.242036771155626,0.172172439544669,0.255183213109639,-0.114223779300479,-0.948482340222103,0.909484045905459,0.347109512580947,1,0.43995773611083,FALSE,FALSE,TRUE,TRUE,FALSE,FALSE
"Frisingicoccus_caecimuris",-0.287029204357193,0.256337650138051,0.0500715667886017,0.0996658481233821,-5.73237912783933,2.5719707900415,0.000437759703596738,0.0330261668119761,0.00136536697425616,0.0568271473636236,TRUE,FALSE,FALSE,TRUE,FALSE,FALSE
"Frisingicoccus_SGB4674",0.649132564207623,-1.09416023151535,0.114610722403966,0.190432675416226,5.66380309444032,-5.74565383342883,5.15336494476904e-06,4.14599773956504e-06,3.0233074342645e-05,2.60605572201231e-05,TRUE,TRUE,FALSE,FALSE,FALSE,FALSE
"Fusicatenibacter_saccharivorans",-0.342644030914886,0.507279300407933,0.270736819328364,0.376621773409888,-1.26559819888889,1.34691973811043,0.207836857016337,0.180262782488937,0.294654784630757,0.248297265249804,FALSE,FALSE,FALSE,TRUE,FALSE,FALSE
"Fusicatenibacter_sp_CLA_AA_H277",-0.457060905035312,0.907769889928724,0.0964268065691179,0.163410445548573,-4.73997761927016,5.55515216228265,1.64639770055798e-05,9.14769555063961e-07,8.17887889954611e-05,7.66664008053606e-06,TRUE,TRUE,TRUE,FALSE,TRUE,FALSE
"GGB25053_SGB36975",-0.468442130662332,-0.10807680359236,0.0599404295696663,0.103033369988377,-7.81512802002664,-1.04894951610874,0.00144686852873613,0.353396531940152,0.00392630402511654,0.446548233179761,TRUE,FALSE,FALSE,TRUE,FALSE,FALSE
"GGB28640_SGB4673",-0.15437804815366,-0.0950878221198765,0.090773561800907,0.127136183325067,-1.70069395858077,-0.747921005908695,0.132794862957872,0.47887595205457,0.20118335890494,0.584133834585376,FALSE,FALSE,TRUE,TRUE,FALSE,FALSE
"GGB3433_SGB4573",-0.0183353603183079,-0.113558616911896,0.233425532226856,0.319116700331727,-0.0785490779153008,-0.355852942806974,0.937587434095704,0.722887362242028,1,0.838603794992635,FALSE,FALSE,TRUE,TRUE,FALSE,FALSE
"GGB3433_SGB4574",-0.398456859129358,0.542343111231083,0.154685836959334,0.206396521054968,-2.57591041922029,2.62767564326652,0.0132751838543938,0.0116433017430804,0.0273495426565437,0.0233624556147803,TRUE,TRUE,FALSE,FALSE,FALSE,FALSE
"GGB3441_SGB4591",-0.243184442467468,0.319634614063371,0.0659483794633948,0.102332121915155,-3.68749686415645,3.12350225990998,0.0345765932620947,0.0523288945943044,0.0626446513219128,0.0848278922897145,FALSE,FALSE,TRUE,TRUE,FALSE,FALSE
"GGB3444_SGB4594",-0.210538819775335,0.297696393121958,0.149324914215148,0.202190706923433,-1.40993765763688,1.47235447984606,0.164088151987968,0.146523463267649,0.238955795802809,0.207388617446498,FALSE,FALSE,TRUE,TRUE,FALSE,FALSE
"GGB3446_SGB4597",-0.148618750878568,0.281694553540351,0.102176224572311,0.145939510042056,-1.45453359135804,1.93021446665933,0.160583119108726,0.0671967440551913,0.235032646829907,0.105460367740122,FALSE,FALSE,TRUE,TRUE,FALSE,FALSE
"GGB3449_SGB4601",-0.466982295213485,0.0105424032485045,0.0122520620650399,0.086677415470785,-38.1145877922032,0.121628029530459,3.9730303478602e-05,0.910883231408613,0.000176070985200136,1,TRUE,FALSE,FALSE,TRUE,FALSE,FALSE
"GGB3451_SGB4604",0.376120655155647,-0.980948832814687,NA,0.0811064138570311,NA,-12.0945901336957,1,1,1,1,FALSE,FALSE,TRUE,TRUE,FALSE,FALSE
"GGB3451_SGB4605",1.1825921793685,-2.72572106580725,NA,0.0811064138570311,NA,-33.6067264743324,1,1,1,1,FALSE,FALSE,TRUE,TRUE,FALSE,FALSE
"GGB3475_SGB4638",-0.384836461662164,0.771151664807966,0.0835375502498412,0.141451381433921,-4.60674822892469,5.45170826181158,0.00012403831753708,1.53201510376343e-05,0.000461677363159163,7.89724940517385e-05,TRUE,TRUE,TRUE,FALSE,TRUE,FALSE
"GGB3496_SGB4671",-0.0351337609284035,-0.0931603198714081,0.0481891078702096,0.137950771717957,-0.72908095794243,-0.675315684800055,0.472469222896533,0.505437333679359,0.601324465504678,0.612892514855286,FALSE,FALSE,TRUE,TRUE,FALSE,FALSE
"GGB3497_SGB4672",0.649191069897946,-1.27749618384013,0.0773870270846646,0.119150910531428,8.38888757398192,-10.7216653078213,2.30519162147915e-06,1.6783856830844e-07,1.5434761291643e-05,2.19975655485105e-06,TRUE,TRUE,FALSE,FALSE,FALSE,FALSE
"GGB3504_SGB4680",-0.074088998569792,0.746563408021014,NA,0.0811064138570311,NA,9.20473945916293,1,1,1,1,FALSE,FALSE,TRUE,TRUE,FALSE,FALSE
"GGB3518_SGB4697",0.106742383155259,-0.244171377226697,0.0469432902495754,0.109655853515297,2.27385815071248,-2.22670627603691,0.0720898639975702,0.0764808624002987,0.119535279199201,0.117486811068788,FALSE,FALSE,TRUE,TRUE,FALSE,FALSE
"GGB3519_SGB4698",-2.67618535232831,4.41990878846492,0.0169833856819071,0.0881773276955922,-157.576669484656,50.1252295116431,5.63549453351e-07,1.74855666272651e-05,4.78822707950643e-06,8.79274207542476e-05,TRUE,TRUE,TRUE,FALSE,TRUE,FALSE
"GGB3534_SGB4722",-0.829684226446606,1.66300275161351,0.0926747061357425,0.126159669509263,-8.95265020027526,13.1817304062564,7.63044128408425e-10,8.94940804892073e-14,1.740871048517e-08,1.10256707162703e-10,TRUE,TRUE,FALSE,FALSE,FALSE,FALSE
"GGB3537_SGB4727",-0.201639943318427,0.21357185850978,0.141834038367892,0.188618830174499,-1.42166115862407,1.13229341053698,0.161094839190342,0.262705444641216,0.235431603656585,0.346895078025701,FALSE,FALSE,TRUE,TRUE,FALSE,FALSE
"GGB3538_SGB4728",-0.200459538400872,0.294417116165434,0.0367186981448805,0.103656633989555,-5.45933130880406,2.8403113706654,0.00547265359411612,0.0468528581574692,0.0126735135863742,0.0774606678454995,TRUE,FALSE,FALSE,TRUE,FALSE,FALSE
"GGB3576_SGB4784",-0.170584853417226,0.325347350663818,0.0733461618002007,0.123548638735528,-2.32575024009995,2.633354393813,0.033502819165649,0.018072123676178,0.0608782790738636,0.0342536251831558,FALSE,TRUE,TRUE,FALSE,FALSE,FALSE
"GGB3583_SGB4799",0.0162471485877677,-0.240281000590996,0.0304856491376884,0.107121575895675,0.532944157245511,-2.24306820154518,0.613224251612952,0.066067757379643,0.750016875914321,0.103953355161839,FALSE,FALSE,TRUE,TRUE,FALSE,FALSE
"GGB3585_SGB4803",-0.278873657525295,0.354244235368045,0.0682214542488387,0.174055389309719,-4.08777063749037,2.03523853396859,0.000690763742292159,0.0568238217108944,0.00205735214689487,0.091036343755295,TRUE,FALSE,TRUE,TRUE,TRUE,FALSE
"GGB3588_SGB4808",-0.790176609837272,1.77454755982925,0.0468874786768257,0.0914879792759777,-16.8526146454495,19.3965106003298,2.78907743771716e-06,1.2159648143851e-06,1.77875756952351e-05,9.79818358407523e-06,TRUE,TRUE,FALSE,FALSE,FALSE,FALSE
"GGB3593_SGB4817",-0.379843321318527,1.06053237934165,0.0569580607445865,0.0996206056060274,-6.66882468175725,10.6457130318578,3.52067930330607e-05,3.9425581297711e-07,0.000157726432788112,4.08170724023361e-06,TRUE,TRUE,FALSE,FALSE,FALSE,FALSE
"GGB3600_SGB47662",-1.39917650093409,4.53254739550223,0.0501830028784434,0.0926733549297174,-27.8814821887654,48.908851944981,0.0228232846757459,0.0130146396200377,0.0431262066265629,0.0255726252183197,TRUE,TRUE,TRUE,FALSE,TRUE,FALSE
"GGB3600_SGB4859",0.0279261547081273,-0.0537425227470482,NA,0.101623598926687,NA,-0.528839003092372,1,0.619542841166803,1,0.730408402217705,FALSE,FALSE,FALSE,TRUE,FALSE,FALSE
"GGB3600_SGB4860",-0.993565661340402,0.894814718052587,0.0541807461486898,0.102032782315399,-18.3379840988851,8.76987471817222,5.20216161143625e-05,0.000932052095520161,0.000221766889456383,0.00259207264487774,TRUE,TRUE,FALSE,FALSE,FALSE,FALSE
"GGB3600_SGB4861",0.270129121081367,-3.38935746244092,0.0714240374147229,0.105488715094972,3.78204776513634,-32.1300478386664,0.0194014824380593,5.59379259400701e-06,0.0376419312814001,3.34541382321196e-05,TRUE,TRUE,FALSE,FALSE,FALSE,FALSE
"GGB3602_SGB4865",-0.276390994727683,0.113464716382002,0.156370865184958,0.207827812864417,-1.76753511212439,0.545955398452968,0.0904052784396911,0.590353409823293,0.144460834030739,0.702041892762835,FALSE,FALSE,TRUE,TRUE,FALSE,FALSE
"GGB3602_SGB66069",-0.0146616203022355,0.209411090430925,0.0274185042674363,0.0965740351055284,-0.534734504815727,2.16839951030417,0.615747922929818,0.0823091799779562,0.751834926709154,0.124882893759658,FALSE,FALSE,TRUE,TRUE,FALSE,FALSE
"GGB3603_SGB4866",0.0897197361462693,-0.503986625511227,0.0644074163211616,0.107575854782981,1.39300318613761,-4.68494186291107,0.19706518224589,0.00114419945301188,0.281056648690209,0.00309179735919842,FALSE,TRUE,TRUE,FALSE,FALSE,FALSE
"GGB3606_SGB4870",-0.58533650425518,0.668227796142558,0.0471366219117307,0.132210661453951,-12.4178712965748,5.05426558489236,1.650934015301e-06,0.000984027183504144,1.1689371878453e-05,0.00271820961900696,TRUE,TRUE,TRUE,FALSE,TRUE,FALSE
"GGB3609_SGB4877",0.281045538543561,-1.10944015517021,0.0547016845532192,0.113714529125197,5.13778580749433,-9.75636239014576,0.000887544914292948,1.02013596742921e-05,0.00254884693335411,5.53659696860258e-05,TRUE,TRUE,FALSE,FALSE,FALSE,FALSE
"GGB3619_SGB4894",0.702256076297556,-0.789021320585348,0.032543308843449,0.094644227290521,21.5791233668276,-8.33670835690126,1.04625085704286e-12,5.16370173204718e-07,9.20700754197721e-11,4.7475227864792e-06,TRUE,TRUE,FALSE,FALSE,FALSE,FALSE
"GGB3626_SGB4905",-0.316021553668905,0.479125743586978,0.0333427988802248,0.0983489989247515,-9.47795518918881,4.87168907487879,7.85682434806627e-05,0.0027895991944645,0.000316327045647635,0.0066347224084561,TRUE,TRUE,TRUE,FALSE,TRUE,FALSE
"GGB3627_SGB4906",-0.00524269322008874,0.159629331050219,0.0387645967004078,0.101776306274898,-0.135244363835561,1.5684331343197,0.895395155459083,0.151224928190835,1,0.212681634167933,FALSE,FALSE,TRUE,TRUE,FALSE,FALSE
"GGB3649_SGB4958",-0.153685091561506,0.0437035261355154,0.0397710597024618,0.0911120339532023,-3.86424432014802,0.479667989389445,0.0180817965650668,0.656512155569639,0.0355291441278506,0.771041921507907,TRUE,FALSE,FALSE,TRUE,FALSE,FALSE
"GGB3653_SGB4964",-0.243361227210657,0.302038972669785,0.190974245610545,0.272232631565661,-1.27431437905478,1.10948849494163,0.205312694336818,0.269706843920502,0.29174768099534,0.354998751826985,FALSE,FALSE,TRUE,TRUE,FALSE,FALSE
"GGB3677_SGB4990",0.42652085498147,-1.05174900176963,0.0493375249052582,0.0960506896526708,8.64495849357075,-10.949937013184,0.000132009252506033,3.4445560359286e-05,0.000485478803246067,0.000154879307892848,TRUE,TRUE,FALSE,FALSE,FALSE,FALSE
"GGB3678_SGB4991",0.561899486394735,-1.24071786752311,0.0992834221847967,0.138760528575839,5.65954994328125,-8.94143226648921,0.00014672072065847,2.2343274986296e-06,0.000530087764959635,1.61923028135981e-05,TRUE,TRUE,FALSE,FALSE,FALSE,FALSE
"GGB3733_SGB5066",0.591011350854928,-0.452705357443032,0.0246107846495706,0.090677454696913,24.0143237718851,-4.99247976198921,2.33301198354638e-06,0.00413124836301646,1.55365987228602e-05,0.00935606246918433,TRUE,TRUE,FALSE,FALSE,FALSE,FALSE
"GGB3740_SGB5076",1.30539914867769,-1.90493655673518,0.0686497096296804,0.118300553940779,19.0153630032734,-16.102515950084,0.000317577545144761,0.000520945662065327,0.00104334809498225,0.00157691659868423,TRUE,TRUE,FALSE,FALSE,FALSE,FALSE
"GGB3740_SGB5077",1.78210468503751,-2.26741962513706,0.0677744722002642,0.157172644379305,26.2946302225953,-14.4262993989279,3.32687095804377e-19,2.53006011611501e-13,4.09870502030993e-16,1.10359921345532e-10,TRUE,TRUE,FALSE,FALSE,FALSE,FALSE
"GGB3816_SGB5181",0.492797243230854,-0.586712237440999,NA,0.0864188546548048,NA,-6.78916932866778,1,0.00105492177497899,1,0.00289457377900695,FALSE,TRUE,TRUE,FALSE,FALSE,FALSE
"GGB3817_SGB5182",-0.206186138236201,0.117650077018731,0.0785582141331066,0.111464036641103,-2.62462863382874,1.05549808318486,0.0210006574841027,0.310419332694336,0.0403003271346021,0.399203150187288,TRUE,FALSE,FALSE,TRUE,FALSE,FALSE
"GGB3818_SGB5183",-0.158419851328457,-0.103824896504697,0.0474168251429338,0.0935207016491616,-3.34100503040671,-1.11018089763902,0.00531179376338588,0.287034519096419,0.0124013594087106,0.374604372380073,TRUE,FALSE,FALSE,TRUE,FALSE,FALSE
"GGB3819_SGB5184",0.4237900698849,-0.823823053105279,0.0875929811792576,0.165469115489012,4.83817383744048,-4.97871189237116,7.6902876783046e-06,4.52407249931272e-06,4.21085974207612e-05,2.80083282369511e-05,TRUE,TRUE,FALSE,FALSE,FALSE,FALSE
"GGB3828_SGB5197",1.43795503696468,-2.90999988322293,0.0309867677268415,0.0845545436308607,46.4054544068849,-34.415653591924,2.20311979711458e-05,5.39366851386096e-05,0.000103994007281424,0.000229137917554369,TRUE,TRUE,FALSE,FALSE,FALSE,FALSE
"GGB41473_SGB58537",-0.105778754002327,0.107140290294671,0.0400184069500806,0.0938297927506181,-2.64325249464021,1.14185790199313,0.0245962777222439,0.280117449979223,0.0460526050969674,0.367529395302838,TRUE,FALSE,FALSE,TRUE,FALSE,FALSE
"GGB42689_SGB59892",-0.675341468856346,0.482140478553659,0.0633211204001228,0.110840917347904,-10.6653430101821,4.34984200861792,0.000125420590691313,0.0073602979955029,0.00046541616786656,0.0156883860388574,TRUE,TRUE,FALSE,FALSE,FALSE,FALSE
"GGB51441_SGB71759",-0.0966579389739562,0.576950536254403,0.0713397284865663,0.119801377231068,-1.35489636734681,4.81589235106708,0.188067920439271,6.63236443325807e-05,0.269726833860354,0.0002741970799253,FALSE,TRUE,TRUE,FALSE,FALSE,FALSE
"GGB55957_SGB77276",0.0739411859385559,-0.513195700309204,0.0543724548655577,0.120534997239867,1.35990155532584,-4.25764891575794,0.188283341818104,0.000350891898270146,0.269726833860354,0.00114973090071495,FALSE,TRUE,TRUE,FALSE,FALSE,FALSE
"GGB58071_SGB79702",1.20154503784684,-1.90976263134933,0.0386116964583734,0.100097063290256,31.1186802978782,-19.0791075039985,1.23647301386669e-09,5.89873582653472e-08,2.5388912551396e-08,9.19904118770985e-07,TRUE,TRUE,FALSE,FALSE,FALSE,FALSE
"GGB74505_SGB47518",-0.0418914683087163,0.173023941654692,0.0773329146850416,0.117229410842464,-0.541702953772404,1.47594311368848,0.594007271310923,0.155530652640939,0.728176077865729,0.218238911222821,FALSE,FALSE,TRUE,TRUE,FALSE,FALSE
"GGB81342_SGB47944",1.36491159424157,-2.52195496438876,0.0243027127204243,0.0824112800357262,56.1629316835269,-30.6020603404711,0.000316879390415359,0.00106611418592718,0.00104334809498225,0.00291878372680508,TRUE,TRUE,FALSE,FALSE,FALSE,FALSE
"Jingyaoa_shaoxingensis",0.15244461176545,-0.183904403114352,0.0443502990516645,0.0908963329316097,3.43728486673483,-2.02323237014106,0.0752140462010447,0.180378289284558,0.123551606559583,0.248297265249804,FALSE,FALSE,TRUE,TRUE,FALSE,FALSE
"Jutongia_hominis",-0.0025132452574872,0.657191381658267,0.0582940552275243,0.0970219604513366,-0.0431132342342266,6.77363535637784,0.967677589587571,0.00247888225335841,1,0.00597648324097369,FALSE,TRUE,TRUE,FALSE,FALSE,FALSE
"Jutongia_huaianensis",0.230152187935739,-0.0414682789928358,NA,0.0921679193321345,NA,-0.449920962665996,1,0.671602408939468,1,0.785022929614255,FALSE,FALSE,FALSE,TRUE,FALSE,FALSE
"Kineothrix_SGB4886",0.39915122136658,-0.521659981755897,0.079333515938695,0.141687299562023,5.03130633558488,-3.68176952605088,4.31614859911509e-05,0.00123547205511955,0.000189234700146256,0.00329459214698548,TRUE,TRUE,FALSE,FALSE,FALSE,FALSE
"Clostridium_hylemonae",-0.19127917895544,-0.0168295660516281,0.0785584997098848,0.129460809036524,-2.43486293223306,-0.1299973804959,0.0262074314147984,0.898094315892298,0.0486991787376043,1,TRUE,FALSE,FALSE,TRUE,FALSE,FALSE
"Clostridium_scindens",-0.32654499691746,0.377683965672085,0.192041185571808,0.270333635016629,-1.70039044460782,1.39710312277217,0.0926713227223569,0.165977034626609,0.147127667002505,0.231055035773991,FALSE,FALSE,TRUE,TRUE,FALSE,FALSE
"Clostridium_symbiosum",-0.240721459034086,0.06527864735219,0.209098405688446,0.267014311932692,-1.15123526763163,0.244476211329994,0.252201503575801,0.807330221188123,0.350295662238316,0.919252155733611,FALSE,FALSE,TRUE,TRUE,FALSE,FALSE
"Lachnoclostridium_edouardi",0.0728136920003081,-0.64497044384644,0.0835160895808168,0.120208353471334,0.871852266620408,-5.36543780212616,0.39021330063107,8.30036021263759e-06,0.51034266069796,4.6063260279142e-05,FALSE,TRUE,TRUE,FALSE,FALSE,FALSE
"Lachnoclostridium_pacaense",0.228518510207441,-0.616088281982958,0.154406858530018,0.211023558093733,1.47997642321708,-2.91952371360027,0.14371032407948,0.00481266044217628,0.214347602016851,0.010741300117321,FALSE,TRUE,TRUE,FALSE,FALSE,FALSE
"Lachnoclostridium_phocaeense",-0.555749027786749,0.756339863946072,0.0530250115234504,0.109093320244378,-10.4808846206656,6.93296218551059,1.5684457842045e-05,0.000224589968403976,7.85498051276398e-05,0.000781623844840956,TRUE,TRUE,TRUE,FALSE,TRUE,FALSE
"Lachnoclostridium_SGB4602",0.609301068179893,-1.39323429574673,0.0602322416298533,0.113250054061932,10.1158623968247,-12.3022837144503,5.42353668869479e-05,1.75810695375942e-05,0.000228828671249041,8.80482832126671e-05,TRUE,TRUE,FALSE,FALSE,FALSE,FALSE
"Lachnoclostridium_sp_An118",0.0768801349162785,-0.274709885578977,0.0545111149635963,0.100773726744172,1.41035704310251,-2.72600701050152,0.183826048580392,0.0184020323419499,0.264535544179372,0.0347186888901719,FALSE,TRUE,TRUE,FALSE,FALSE,FALSE
"Lachnoclostridium_sp_An131",-0.268962591460198,0.411981318798808,0.153910955429524,0.180535295836858,-1.74752077075733,2.2819987465005,0.0895745449823518,0.0288692249882085,0.143638103608974,0.0508825253011057,FALSE,FALSE,TRUE,TRUE,FALSE,FALSE
"Lachnoclostridium_sp_An138",-0.121025161607291,-0.0151553637154318,0.137096119810197,0.194453878859144,-0.882775980639308,-0.0779380889923508,0.38194750221173,0.938215338206851,0.501815778212407,1,FALSE,FALSE,TRUE,TRUE,FALSE,FALSE
"Lachnoclostridium_sp_An14",-0.132707048824484,0.212545377372256,0.0432471441778922,0.0964177637659997,-3.06857369075306,2.20442135422359,0.0373448493475349,0.092197218992994,0.0670683008690423,0.138520699755328,FALSE,FALSE,TRUE,TRUE,FALSE,FALSE
"Lachnospira_eligens",0.0334174179225765,-0.103771244457618,0.233425639055053,0.320546933173833,0.143160871521466,-0.323731827443012,0.886466348660212,0.746852681366389,1,0.864776788950556,FALSE,FALSE,TRUE,TRUE,FALSE,FALSE
"Lachnospira_pectinoschiza",-0.123447640059256,-0.0100437476770503,0.216184794208582,0.300307961177946,-0.571028320984271,-0.0334448265628858,0.569177842946814,0.973382172662436,0.702632367244965,1,FALSE,FALSE,TRUE,TRUE,FALSE,FALSE
"Lachnospira_sp_NSJ_43",-0.259089114967876,0.467153040244943,0.151058240707607,0.207747575223733,-1.7151604159708,2.24865700474166,0.0935148670865044,0.0297126764217863,0.148085239396624,0.0519959682311986,FALSE,FALSE,TRUE,TRUE,FALSE,FALSE
"Eubacterium_rectale",-0.259254224876652,0.357224254845495,0.274063619261434,0.377084169739142,-0.945963661923858,0.947332939201913,0.345869786610241,0.345174399442869,0.463994276000072,0.437955571692703,FALSE,FALSE,TRUE,TRUE,FALSE,FALSE
"Lachnospiraceae_bacterium",-0.298544398631148,0.489269120489518,0.159245892262132,0.240893714366947,-1.87473845880884,2.03105806133334,0.0639336699347697,0.0450730763141088,0.107311010026752,0.0748383153894636,FALSE,FALSE,TRUE,TRUE,FALSE,FALSE
"Lachnospiraceae_bacterium_2_1_46FAA",1.19865194191518,-4.84826088636486,0.0272981110516835,0.0832566402333825,43.9097027499732,-58.2327232131198,0.0144958791479373,0.0109312628687699,0.0295677534938058,0.0221138191368218,TRUE,TRUE,FALSE,FALSE,FALSE,FALSE
"Lachnospiraceae_bacterium_AM48_27BH",-0.378550421030036,0.821641410079531,0.0931438236133685,0.126858641420229,-4.06414946632816,6.47682649664978,0.000259213261512587,1.82740458820896e-07,0.000877337192811834,2.34516922153483e-06,TRUE,TRUE,FALSE,FALSE,FALSE,FALSE
"Lachnospiraceae_bacterium_CLA_AA_H215",-0.150115337695206,0.566122998433,0.063960818209359,0.123576993131821,-2.34698901449076,4.58113589014996,0.0330711515645145,0.000360213777495302,0.0603609758925657,0.00116785098387951,FALSE,TRUE,FALSE,FALSE,FALSE,FALSE
"Lachnospiraceae_bacterium_CLA_AA_H244",-0.526406861990292,1.00546165614538,0.223231783160834,0.264358781241955,-2.35811789224936,3.80339798595578,0.02037470453512,0.000249596708264398,0.0392826854260843,0.000854175401615941,TRUE,TRUE,FALSE,FALSE,FALSE,FALSE
"Lachnospiraceae_bacterium_EP_SM_12S_S03",-1.22692418574433,1.38672312652961,0.0440881656847872,0.115454733997705,-27.8288780376201,12.0109680955757,3.00042954492399e-09,2.12899190454554e-06,5.43607235197993e-08,1.57060959664677e-05,TRUE,TRUE,TRUE,FALSE,TRUE,FALSE
"Lachnospiraceae_bacterium_OF09_6",1.19535676004071,-2.1702202136875,0.0436388474243295,0.0891818958467165,27.3920332592072,-24.3347620397935,2.21746808885915e-08,5.03855289669089e-08,2.81641307780873e-07,8.06168463470542e-07,TRUE,TRUE,FALSE,FALSE,FALSE,FALSE
"Lachnospiraceae_bacterium_OM04_12BH",0.407653097409504,-0.659556202254564,0.0971751905468463,0.146993578623969,4.19503265304102,-4.48697288976006,0.00026370176035733,0.000120837040160083,0.000890083750028028,0.00045806533377607,TRUE,TRUE,FALSE,FALSE,FALSE,FALSE
"Lachnospiraceae_unclassified_SGB4550",-0.318411717791731,1.03343170848856,NA,0.115421951348931,NA,8.95351097785898,1,0.0708093507265983,1,0.110008978682433,FALSE,FALSE,FALSE,TRUE,FALSE,FALSE
"Lachnospiraceae_unclassified_SGB47637",-1.80532553970089,1.77728091543145,NA,0.086566001661606,NA,20.5309345622661,1,0.030983346282307,1,0.0537626515771861,FALSE,FALSE,FALSE,TRUE,FALSE,FALSE
"Lachnospiraceae_unclassified_SGB69346",-1.2284505055923,2.43705681563936,0.0686778889101712,0.111316701045007,-17.8871325995341,21.8930025123006,0.00311091597254804,0.00207985374452316,0.00775839772910765,0.00513167404238844,TRUE,TRUE,FALSE,FALSE,FALSE,FALSE
"Lachnotalea_sp_AF33_28",-0.23462964567355,0.318538068823736,0.13729643894755,0.205104338404839,-1.70892739441831,1.55305378375273,0.091599739727705,0.124620163949382,0.146179895524006,0.180201927213191,FALSE,FALSE,TRUE,TRUE,FALSE,FALSE
"Lacrimispora_amygdalina",-0.165549645847971,0.188306183444139,0.173516157025181,0.260832010223307,-0.954087784597176,0.7219443015561,0.342566765097475,0.472179780393149,0.461248365683158,0.578255953722027,FALSE,FALSE,TRUE,TRUE,FALSE,FALSE
"Lacrimispora_sp_210928_DFI_3_58",-0.253928345168331,0.243893337405041,0.0424534132430609,0.0950655146623238,-5.98134109298825,2.565529027759,0.000330195314388233,0.0333587732788863,0.00107052796664817,0.0573193984373611,TRUE,FALSE,FALSE,TRUE,FALSE,FALSE
"Luxibacter_massiliensis",0.259331875127625,-0.433825881623673,NA,0.0863742172309975,NA,-5.02263170111815,1,0.0374289409014842,1,0.0629951573642466,FALSE,FALSE,TRUE,TRUE,FALSE,FALSE
"Marvinbryantia_SGB4691",0.0828251558263995,-0.310307141151915,0.140134091993944,0.178586423445517,0.59104215575164,-1.7375740841049,0.56184136472243,0.0993650830244455,0.695666895817119,0.148385190649839,FALSE,FALSE,TRUE,TRUE,FALSE,FALSE
"Mediterraneibacter_butyricigenes",0.370565967851148,-0.555057326678506,0.0714066691362882,0.137601321620509,5.18951482170213,-4.0338081069403,2.63247452385703e-06,0.000157505128896673,1.69801498083343e-05,0.000574101534913318,TRUE,TRUE,FALSE,FALSE,FALSE,FALSE
"Mediterraneibacter_faecis",0.362543343458902,-0.585225089198059,0.247614849939339,0.35836360206915,1.46414216896813,-1.63304835038781,0.146563791754325,0.105876822388642,0.217288317017242,0.155656617163253,FALSE,FALSE,TRUE,TRUE,FALSE,FALSE
"Mediterraneibacter_glycyrrhizinilyticus",-0.107667457227913,0.0387788281271272,0.156319961579145,0.22425703142988,-0.68876332964937,0.17292134779396,0.492990050287094,0.863155525201608,0.623576737118789,0.969377946261058,FALSE,FALSE,TRUE,TRUE,FALSE,FALSE
"Mediterraneibacter_massiliensis",-0.229096829586249,0.745618238959766,0.123027378893505,0.147000969013636,-1.86216134690279,5.07219948251227,0.077339194532823,5.82328754180984e-05,0.126055171839317,0.000244023477942508,FALSE,TRUE,TRUE,FALSE,FALSE,FALSE
"Mediterraneibacter_SGB4586",-3.32474230681568,3.78503408112131,NA,0.0901976431408861,NA,41.9637803086406,1,2.97824072665287e-05,1,0.000137939570497607,FALSE,TRUE,FALSE,FALSE,FALSE,FALSE
"Mediterraneibacter_SGB4598",0.104678251293138,-0.53833399626106,0.116458868106204,0.178456663762638,0.898843110837013,-3.0166091022361,0.382064285684446,0.00819063499192372,0.501815778212407,0.0171613304592687,FALSE,TRUE,TRUE,FALSE,FALSE,FALSE
"Mediterraneibacter_SGB4607",0.459767859680911,-0.474017262207328,0.109379970001566,0.189455250036139,4.20340085734462,-2.50200119615006,0.000481565825788389,0.0216488777253786,0.00149443097574634,0.0397487591023344,TRUE,TRUE,FALSE,FALSE,FALSE,FALSE
"Mediterraneibacter_SGB48424",-0.0970159214991716,0.242051077552922,0.108540327371437,0.139343917357649,-0.893823741356269,1.73707673892687,0.377888881946105,0.091700717289882,0.498991535431512,0.137942959342045,FALSE,FALSE,TRUE,TRUE,FALSE,FALSE
"Mediterraneibacter_sp_NSJ_151",-0.485593785692154,1.04533419340213,0.0779359799041237,0.117566793629243,-6.23067530926702,8.891406843149,6.43237879115788e-05,2.36014277556443e-06,0.00026682460170729,1.6674624208836e-05,TRUE,TRUE,FALSE,FALSE,FALSE,FALSE
"Ruminococcus_gnavus",-0.0550672170345467,-0.0897274985688028,0.19691003378306,0.317647540060196,-0.279656734482183,-0.282475030506451,0.780168892190018,0.778011912397194,0.923312272025075,0.891637838207761,FALSE,FALSE,TRUE,TRUE,FALSE,FALSE
"Ruminococcus_lactaris",0.197186055225771,-0.480182976135534,0.160148903922045,0.241943562078832,1.23126696715798,-1.98469003270721,0.223558637714709,0.0522694449384023,0.314274112511853,0.0848278922897145,FALSE,FALSE,TRUE,TRUE,FALSE,FALSE
"Ruminococcus_torques",-0.0619736747201747,-0.0450011569341889,0.241395136194625,0.330262289267007,-0.256731248595698,-0.136258841522796,0.797763149010645,0.891812399381182,0.937828434714804,0.999738740707567,FALSE,FALSE,TRUE,TRUE,FALSE,FALSE
"Merdimonas_faecis",-0.643244337260109,1.11964333283396,0.0762856096080928,0.119696028741025,-8.43205344447913,9.35405580795352,1.77054251004818e-07,4.08252015931561e-08,1.66512089494607e-06,6.88995183051621e-07,TRUE,TRUE,FALSE,FALSE,FALSE,FALSE
"Murimonas_intestini",0.525001758183898,-1.70252453853888,0.043435829133119,0.108414330878045,12.0868363436763,-15.7038698182258,7.24102298183261e-07,7.57026671667766e-08,5.83067994354103e-06,1.15142822159838e-06,TRUE,TRUE,FALSE,FALSE,FALSE,FALSE
"Oliverpabstia_intestinalis",-0.35506275249811,0.604625221928304,0.197167494398253,0.283028255379013,-1.80081789638676,2.13627159280839,0.0749046818177431,0.0352273120482854,0.123207700933858,0.0598621357841209,FALSE,FALSE,TRUE,TRUE,FALSE,FALSE
"Qiania_dongpingensis",-0.189277902717462,0.0858321622209474,0.0702019592834335,0.109195300084939,-2.69619116972607,0.786042642441402,0.0194458959864988,0.44708671123338,0.0376687796468027,0.550260567671853,TRUE,FALSE,FALSE,TRUE,FALSE,FALSE
"Roseburia_faecis",0.23148969600047,-0.476917442097052,0.273859681261813,0.395024102593596,0.845285786260604,-1.20731226010203,0.399769666893625,0.229878279477488,0.519531887777369,0.308507669189832,FALSE,FALSE,TRUE,TRUE,FALSE,FALSE
"Roseburia_hominis",-0.000816232581496748,-0.115752861043717,0.166921596791319,0.231366339230517,-0.00488991596765744,-0.500301216800554,0.996107618084779,0.617900117218119,1,0.729169486985366,FALSE,FALSE,TRUE,TRUE,FALSE,FALSE
"Roseburia_intestinalis",-0.113396358501008,0.0688309908718867,0.230184968393061,0.351479810887782,-0.492631466305713,0.195831990173292,0.623151250568775,0.84506482952734,0.758504392974545,0.955155844016223,FALSE,FALSE,TRUE,TRUE,FALSE,FALSE
"Roseburia_inulinivorans",0.389245705554947,-0.819376236681008,0.214215476142603,0.303076591442047,1.81707555665038,-2.70352861229695,0.07200447136917,0.00798218769971239,0.119535279199201,0.0168103508479413,FALSE,TRUE,TRUE,FALSE,FALSE,FALSE
"Roseburia_lenta",-0.817036889708789,1.20775224815376,0.0985987303146712,0.15681277308388,-8.2864848979421,7.70187418028582,9.89931452121373e-08,2.93228351603971e-07,1.00793020579631e-06,3.37155588895646e-06,TRUE,TRUE,FALSE,FALSE,FALSE,FALSE
"Roseburia_SGB4949",-1.20820547510974,2.20684057397612,0.0122520620650399,0.0810034036179569,-98.6124187664088,27.2438005739169,0.00645555559454325,0.0233570237529549,0.014566381854354,0.0422552911360358,TRUE,TRUE,FALSE,FALSE,FALSE,FALSE
"Roseburia_sp_AF02_12",0.192896321433613,-0.305988243456773,0.180196710941433,0.286440528302518,1.07047637232573,-1.06824353826638,0.287884084289419,0.288883126776026,0.395840615897952,0.376618002315412,FALSE,FALSE,TRUE,TRUE,FALSE,FALSE
"Roseburia_sp_AM59_24XD",0.591228174248717,-0.981599153362872,0.0214741456132998,0.0974516029301993,27.5320930059515,-10.0726835049183,1.18301062108374e-06,0.000165110790958617,8.88700661692174e-06,0.00059478507152344,TRUE,TRUE,FALSE,FALSE,FALSE,FALSE
"Roseburia_sp_BX1005",0.0907551512147068,-0.0219409486526274,0.0621320466078031,0.11432940258632,1.46068182475272,-0.191909938793406,0.159635316017325,0.849747830746324,0.23413179682541,0.957812742433185,FALSE,FALSE,TRUE,TRUE,FALSE,FALSE
"Sellimonas_intestinalis",-0.539402115720443,0.640984133821874,0.159355567433501,0.249292597090751,-3.38489658320558,2.57121206687311,0.00117040506403004,0.0122613683845522,0.00326230551783938,0.0242861830382128,TRUE,TRUE,FALSE,FALSE,FALSE,FALSE
"Simiaoa_sunii",0.321843741687971,-0.538848965097805,0.186721725445476,0.272892969730659,1.72365449665873,-1.97457987147723,0.0900072942551463,0.0530020159208667,0.144011670808234,0.0858061545525727,FALSE,FALSE,TRUE,TRUE,FALSE,FALSE
"Tyzzerella_nexilis",-0.615866523577144,0.5566864294289,0.108233324181735,0.200578814930297,-5.69017470574074,2.77539993255196,2.66652581550673e-06,0.00913147550850967,1.71102073161682e-05,0.0187812651527277,TRUE,TRUE,TRUE,FALSE,TRUE,FALSE
"Tyzzerella_SGB4587",0.396507710293816,-0.547721971068629,0.133435101977593,0.184982127893231,2.97153975541159,-2.96094534810825,0.00754349028406499,0.00772504835025187,0.0167754152165489,0.0163246304760039,TRUE,TRUE,FALSE,FALSE,FALSE,FALSE
"Velocimicrobium_porci",1.93570101872439,-3.58023510977981,NA,0.0811064138570311,NA,-44.1424412635332,1,1,1,1,FALSE,FALSE,TRUE,TRUE,FALSE,FALSE
"Wansuia_hejianensis",-0.421306190898087,0.67724629218785,0.148006152058375,0.205723530543744,-2.84654512693446,3.2920215319941,0.00540458909894032,0.0013928120774663,0.0125631203205556,0.00368228429064051,TRUE,TRUE,FALSE,FALSE,FALSE,FALSE
"Wujia_chipingensis",-0.633346480695079,1.61359269381744,0.185964740156436,0.210162689172416,-3.40573422769445,7.67782664073954,0.00242459130933946,8.61898052468122e-08,0.00622311769397128,1.27934747065148e-06,TRUE,TRUE,FALSE,FALSE,FALSE,FALSE
"Zhenhengia_yiwuensis",-4.0290127274631,5.3070201382067,0.0122520620650399,0.0809709044277286,-328.843643304706,65.5423102374204,9.24730269042308e-06,0.000232704560866365,4.91063660112122e-05,0.000805314660076857,TRUE,TRUE,TRUE,FALSE,TRUE,FALSE
"Acetivibrio_sp_MSJd_27",0.111488996765584,-0.282664782849463,0.0584786071888252,0.0980286786842063,1.90649199981097,-2.8834906952082,0.114902184623271,0.0344474216095299,0.178175820304727,0.0587800878434083,FALSE,FALSE,TRUE,TRUE,FALSE,FALSE
"Agathobaculum_butyriciproducens",-0.281002192774759,0.393866643861657,0.201448067069959,0.29107987865225,-1.39491133800342,1.35312219341758,0.165931492384563,0.178868592150343,0.24135489801391,0.247047203508097,FALSE,FALSE,TRUE,TRUE,FALSE,FALSE
"Agathobaculum_desmolans",0.00689203990215212,0.214095929734856,0.0293825660061897,0.0838512020790268,0.234562219674764,2.55328396524451,0.853324681965461,0.237643535016046,0.99460360282067,0.317890157589326,FALSE,FALSE,TRUE,TRUE,FALSE,FALSE
"Agathobaculum_sp_Marseille_P7918",-0.317150304225544,0.376637246276305,0.0155489279013714,0.0811414616167904,-20.3969242276551,4.64173603447104,0.0311865862690827,0.135086557003367,0.0573460810201641,0.192477809086735,FALSE,FALSE,TRUE,TRUE,FALSE,FALSE
"Anaerofilum_hominis",-0.132265780493431,0.125126460534667,0.137240837556144,0.191298801919998,-0.963749441118959,0.654089096632165,0.338799027810428,0.515397953834253,0.457675879673736,0.622947993823368,FALSE,FALSE,TRUE,TRUE,FALSE,FALSE
"Anaeromassilibacillus_senegalensis",-0.294164181490988,0.585055614016045,0.12574854691813,0.180230701826293,-2.3393048166394,3.24614845355217,0.0223095275856457,0.00182796033110205,0.0424812024505649,0.00458665402834567,TRUE,TRUE,FALSE,FALSE,FALSE,FALSE
"Anaeromassilibacillus_sp_An172",2.62373674272244,-5.64517710511681,NA,0.0811064138570311,NA,-69.6021046506599,1,1,1,1,FALSE,FALSE,TRUE,TRUE,FALSE,FALSE
"Anaerotruncus_colihominis",-0.178268935389774,0.101401492728054,0.173108188471515,0.227809453904831,-1.02981226343957,0.445115384765439,0.305659148636887,0.657228102610433,0.417023334574358,0.771147640396242,FALSE,FALSE,TRUE,TRUE,FALSE,FALSE
"Anaerotruncus_massiliensis",0.327943082817408,-0.843753696906659,0.162776778525298,0.223679755717601,2.01467977059419,-3.77215047557504,0.0482112211413626,0.000359884698619642,0.084130629527137,0.00116785098387951,FALSE,TRUE,TRUE,FALSE,FALSE,FALSE
"Anaerotruncus_rubiinfantis",-0.0149257978938413,-0.112213339881209,0.131915726190898,0.178315085893359,-0.113146463464424,-0.629298072672986,0.91016097152052,0.530713516958719,1,0.640390845145094,FALSE,FALSE,TRUE,TRUE,FALSE,FALSE
"Angelakisella_massiliensis",-0.59889196250971,1.16038128655844,0.101658231913628,0.139284800220371,-5.89122937942246,8.3309972425026,2.45322780950143e-06,4.59677765535179e-09,1.61624420390683e-05,1.34838811223653e-07,TRUE,TRUE,FALSE,FALSE,FALSE,FALSE
"Bittarella_massiliensis",-0.208774634202849,0.286598574676205,0.0981154861715423,0.156811543562105,-2.12784589211364,1.82766248049014,0.0366808248392419,0.0716314513260888,0.0661771994129407,0.111006223941813,FALSE,FALSE,TRUE,TRUE,FALSE,FALSE
"Congzhengia_minquanensis",-0.25094102894118,0.64902493973556,0.085887281830149,0.121711486800917,-2.92174840784275,5.3324871529765,0.0111521321438333,0.000105753361569669,0.0234461208211648,0.000411003600800731,TRUE,TRUE,FALSE,FALSE,FALSE,FALSE
"Drancourtella_massiliensis",-0.858499259141442,0.831249454385247,0.017823544785962,0.085227321820089,-48.1665835528745,9.75332131332224,7.2873744109934e-08,0.000192676806384283,7.73969420202058e-07,0.000682120188119069,TRUE,TRUE,TRUE,FALSE,TRUE,FALSE
"Dysosmobacter_SGB15077",-0.958868878949102,1.68414436294309,0.0321242165913816,0.0871692525959919,-29.8487863889683,19.3203946665539,7.50242798820783e-06,4.23029262286356e-05,4.12633539351431e-05,0.000185470480831598,TRUE,TRUE,FALSE,FALSE,FALSE,FALSE
"Dysosmobacter_sp_Marseille_Q4140",-0.325986770599927,1.34189574833313,0.0544285488711292,0.0954972478050943,-5.98926073468848,14.0516693326271,0.00186099583322663,3.28384104699359e-05,0.00492005765350902,0.000148738682716769,TRUE,TRUE,FALSE,FALSE,FALSE,FALSE
"Dysosmobacter_welbionis",-0.0254632474712003,-0.165432963807114,0.175752844466029,0.236809432325373,-0.144880997793023,-0.698591108397283,0.885000622186993,0.485896532802762,1,0.592111304068252,FALSE,FALSE,TRUE,TRUE,FALSE,FALSE
"Faecalibacterium_prausnitzii",-0.0717961493700267,0.0188496384517426,0.247246891996004,0.362159439321407,-0.29038241407373,0.0520479004690915,0.771944378103868,0.958563161753278,0.916219146265862,1,FALSE,FALSE,TRUE,TRUE,FALSE,FALSE
"Faecalibacterium_SGB15346",0.289129537172708,-0.321340201592329,0.181658140541058,0.302760579544126,1.59161343560797,-1.06136737509281,0.11562277147049,0.291884184409632,0.178505331393037,0.379726837584653,FALSE,FALSE,TRUE,TRUE,FALSE,FALSE
"Faecalibacterium_sp_CLA_AA_H233",-0.216281774073675,0.34816525404678,0.16501300492153,0.235338163769218,-1.31069532475046,1.47942538715567,0.195949300307424,0.145299982621527,0.280057468652838,0.206051217660449,FALSE,FALSE,TRUE,TRUE,FALSE,FALSE
"Faecalibacterium_sp_HTFF",0.486532893616516,-0.625591372212976,0.127851855194747,0.216146718554314,3.80544257942457,-2.89429039865704,0.000416436470506753,0.00579265149280867,0.00131214765131539,0.0126310559984784,TRUE,TRUE,FALSE,FALSE,FALSE,FALSE
"Flavonifractor_plautii",0.0339290751184108,-0.290907979848961,0.173409928165178,0.270735911147529,0.195658204102895,-1.07450828601175,0.845147897335842,0.284355488006854,0.98694048295522,0.371895924866714,FALSE,FALSE,TRUE,TRUE,FALSE,FALSE
"Flavonifractor_sp_An10",0.347273587141165,-0.932665798041917,0.0554343099854296,0.106163894887524,6.26459655098878,-8.78515053568858,0.00024185721968964,2.21256356618356e-05,0.000827689151826769,0.000106897188766202,TRUE,TRUE,FALSE,FALSE,FALSE,FALSE
"Flavonifractor_sp_An100",-0.428911651604335,0.800323789317159,0.0494516008162167,0.105584102003216,-8.67336232851904,7.57996492021862,1.91396410408142e-07,1.10838192954051e-06,1.77293517009647e-06,9.04322210062193e-06,TRUE,TRUE,FALSE,FALSE,FALSE,FALSE
"Fournierella_massiliensis",0.772475510926291,-1.11152177259763,0.0701035997826631,0.112134316805299,11.0190562727326,-9.91241400728007,7.14977501497003e-11,5.83534441531407e-10,2.84145897369131e-09,2.31907881279579e-08,TRUE,TRUE,FALSE,FALSE,FALSE,FALSE
"Fumia_xinanensis",-0.370973602428905,0.568383795206304,0.0857303411503837,0.140607499852869,-4.3272148162593,4.04234337287171,0.000249083928539034,0.000506370577825081,0.000845375757465812,0.00154801129498883,TRUE,TRUE,FALSE,FALSE,FALSE,FALSE
"GGB13489_SGB15224",0.292145163255718,-0.363993489709087,0.0604453721033966,0.103584288699773,4.83320977420704,-3.51398358069611,0.000100949930234208,0.00218326422410184,0.000391065759854054,0.00534747817911226,TRUE,TRUE,FALSE,FALSE,FALSE,FALSE
"GGB13493_SGB15238",2.9253438124235,-3.32682851506479,NA,0.106240183655198,NA,-31.3142202941027,1,6.19780575308922e-06,1,3.58483412573048e-05,FALSE,TRUE,TRUE,FALSE,FALSE,FALSE
"GGB3152_SGB4165",-1.54094833468357,2.67108069431324,NA,0.0811064138570311,NA,32.9330390445032,1,1,1,1,FALSE,FALSE,TRUE,TRUE,FALSE,FALSE
"GGB3167_SGB4181",1.20610314459583,-2.47008229064788,0.0958022932520881,0.189695150769986,12.589501813095,-13.0213254298892,2.99191480145448e-11,1.59146545546467e-11,1.41770732130458e-09,1.30712362742165e-09,TRUE,TRUE,FALSE,FALSE,FALSE,FALSE
"GGB3220_SGB4252",1.3612803766313,-4.92646030498634,0.0123086670253262,0.0810016369595904,110.5952719194,-60.8192684728584,0.00575614502065825,0.010466459540871,0.0132059044049366,0.021384209211199,TRUE,TRUE,FALSE,FALSE,FALSE,FALSE
"GGB32451_SGB47419",0.00389121865551106,1.41707631173846,0.0272873392416902,0.0831528903972449,0.142601615388208,17.0418166460442,0.899674177770541,0.00342556487796515,1,0.00787368643591991,FALSE,TRUE,TRUE,FALSE,FALSE,FALSE
"GGB32900_SGB53446",-0.130001285538554,0.228525696923066,0.11011896061017,0.167507248326587,-1.18055314741635,1.36427348193024,0.243366032414071,0.178591040899664,0.339554871952588,0.246940698527931,FALSE,FALSE,TRUE,TRUE,FALSE,FALSE
"GGB3340_SGB4419",0.505357353764536,-0.186338847836237,NA,0.0811064138570311,NA,-2.29746131008458,1,1,1,1,FALSE,FALSE,TRUE,TRUE,FALSE,FALSE
"GGB3343_SGB4423",-1.59668039859228,2.38139837953604,0.0122520620650399,0.0814727658642352,-130.319320136996,29.2293793425936,0.00488498003976715,0.0217716413834258,0.0115736450172945,0.039914675869614,TRUE,TRUE,TRUE,FALSE,TRUE,FALSE
"GGB3344_SGB4424",-0.554496000772472,2.08358625167169,0.054969488733216,0.0953197801117407,-10.0873414243238,21.8589074505749,0.0629052274543312,0.0291037513652791,0.105728840687225,0.0512226024028912,FALSE,FALSE,TRUE,TRUE,FALSE,FALSE
"GGB33469_SGB15236",0.258855803509781,-0.271034968532844,0.127985767107894,0.192427268593983,2.02253585972228,-1.40850603198407,0.0500167195600186,0.166904020053166,0.0867895753492154,0.232083242331265,FALSE,FALSE,TRUE,TRUE,FALSE,FALSE
"GGB33469_SGB15237",0.0625215172599508,0.477949228686598,0.0542449482135168,0.100179199288601,1.15257769283613,4.77094279132436,0.273516121196462,0.000579799910765479,0.377771144970898,0.00172123732545318,FALSE,TRUE,TRUE,FALSE,FALSE,FALSE
"GGB34228_SGB53814",-0.111472274728942,0.403900314262603,0.0374804665375263,0.0915737601815854,-2.97414320116143,4.41065555746201,0.0409757512505744,0.0115947089407706,0.0731625007836343,0.0233029060604069,FALSE,TRUE,TRUE,FALSE,FALSE,FALSE
"GGB34228_SGB72916",-0.020018642548774,0.569450636964231,0.0409986347835375,0.0907975640904652,-0.488275832950715,6.27165103677082,0.637030205309538,0.000145819620885647,0.773985417101924,0.00053467194324737,FALSE,TRUE,TRUE,FALSE,FALSE,FALSE
"GGB36331_SGB15121",-0.242816477695757,0.0458285651004849,0.0761890032508295,0.157540432904432,-3.18702788244068,0.290900337491681,0.0031386014191347,0.772948069706588,0.00781163019873525,0.888245576264895,TRUE,FALSE,FALSE,TRUE,FALSE,FALSE
"GGB38744_SGB14842",-0.052923641058961,0.00659471275939269,0.152740608625176,0.214458044751122,-0.346493585008785,0.030750596309156,0.730090979311828,0.975562666659753,0.871581479178462,1,FALSE,FALSE,TRUE,TRUE,FALSE,FALSE
"GGB38987_SGB63305",0.681427051543767,-1.49156121084071,0.021553773182323,0.0830108741510281,31.6152093547421,-17.9682629064596,0.000998979829137007,0.00308301606593781,0.00284236293186326,0.00717621478320375,TRUE,TRUE,FALSE,FALSE,FALSE,FALSE
"GGB45540_SGB63220",0.3329665188522,-1.54300869129888,0.0259251973995926,0.0828985430751905,12.8433552007373,-18.6132184482343,0.0494682226851348,0.0341697121791555,0.08620205141172,0.0585809006672335,FALSE,FALSE,TRUE,TRUE,FALSE,FALSE
"GGB45596_SGB63306",0.468739614555773,-0.667142849975661,NA,0.0810109331677007,NA,-8.2352199127815,1,0.0769278966024661,1,0.117879562953033,FALSE,FALSE,TRUE,TRUE,FALSE,FALSE
"GGB45599_SGB63311",-0.834079783619305,1.24701772152019,NA,0.102599185771417,NA,12.1542652813878,1,0.0522605914736191,1,0.0848278922897145,FALSE,FALSE,FALSE,TRUE,FALSE,FALSE
"GGB79104_SGB105821",-0.316121247788853,0.700205990593504,NA,0.0811064138570311,NA,8.6331765552818,1,1,1,1,FALSE,FALSE,TRUE,TRUE,FALSE,FALSE
"GGB79118_SGB105839",0.018178329602916,-0.309606055845332,0.0403185033160811,0.0947848282996206,0.450868164931746,-3.26640941804155,0.682678883006409,0.0469039433544989,0.822201449802294,0.0774606678454995,FALSE,FALSE,TRUE,TRUE,FALSE,FALSE
"GGB9237_SGB14179",0.0171870696980206,-0.0591482794668432,0.0993580619935093,0.151941047138163,0.172981128588673,-0.389284400633743,0.863393637545512,0.698787530103783,1,0.813710999137865,FALSE,FALSE,TRUE,TRUE,FALSE,FALSE
"GGB9452_SGB14843",0.376050138273885,-0.692278829434504,0.0322225477359486,0.0846579295045695,11.6704036364682,-8.17736546931658,0.0072623487776869,0.0146272346658622,0.0162087204603447,0.0285590382065645,TRUE,TRUE,FALSE,FALSE,FALSE,FALSE
"GGB9453_SGB14844",-0.0469105092217347,-0.0545322506267512,0.131419989610149,0.191202462097024,-0.35695109519406,-0.285206843199955,0.722572930215151,0.776618602848502,0.864281407791326,0.890869756712621,FALSE,FALSE,TRUE,TRUE,FALSE,FALSE
"GGB9453_SGB14845",-0.385243304828001,0.530384242726188,0.074315244447981,0.134316552570579,-5.18390685100501,3.94876307182981,9.04886067356751e-05,0.00114947228444797,0.000358462905139395,0.00309179735919842,TRUE,TRUE,FALSE,FALSE,FALSE,FALSE
"GGB9469_SGB14862",-0.121427058680421,-0.104588671128612,0.0682182720934037,0.144088376486456,-1.77997851534798,-0.725864734400996,0.0845780741623965,0.473197503747202,0.136387679801142,0.578926836759238,FALSE,FALSE,TRUE,TRUE,FALSE,FALSE
"GGB9469_SGB14863",-0.687875040103565,2.34417227866249,0.0623065305075679,0.101827944764458,-11.0401756364851,23.0209132088925,0.00159170294339902,0.000179539831702349,0.00426299570927739,0.000643003118189808,TRUE,TRUE,FALSE,FALSE,FALSE,FALSE
"GGB9495_SGB14892",-0.585453208435976,1.54597334529363,0.109360403481072,0.13772773898879,-5.35342948453281,11.2248509751508,4.34850498946195e-05,1.46717315468444e-09,0.000189977239255927,5.02099257380896e-08,TRUE,TRUE,FALSE,FALSE,FALSE,FALSE
"GGB9590_SGB15012",0.359569893761467,-0.453983590749954,0.0509828701573909,0.104684745612912,7.05275894925936,-4.3366737731649,3.92001390268086e-06,0.000586906811382153,2.3790429202477e-05,0.00173814709524714,TRUE,TRUE,FALSE,FALSE,FALSE,FALSE
"GGB9593_SGB15015",-1.60734252556676,3.33819922309478,0.048171034261734,0.093249137797444,-33.3674074098839,35.798714089411,0.000896954581209221,0.000779394228529028,0.00256987917220874,0.00222271687395315,TRUE,TRUE,TRUE,FALSE,TRUE,FALSE
"GGB9597_SGB15022",-0.684391040582319,2.15349347956976,0.0191357305974884,0.0815462399243364,-35.765085482137,26.4082498661852,0.0177953986093736,0.024095339628922,0.0350222541321857,0.0431669689126964,TRUE,TRUE,FALSE,FALSE,FALSE,FALSE
"GGB9602_SGB15028",0.022479379614629,0.460541758366164,0.0973827388083053,0.133414422500623,0.230835360452111,3.45196381121399,0.820781983534493,0.00388942750724578,0.961219965508075,0.00882463110299596,FALSE,TRUE,TRUE,FALSE,FALSE,FALSE
"GGB9602_SGB15031",-0.173094273673618,0.484014768970639,0.115896327053716,0.167871469793427,-1.49352682758782,2.88324614996366,0.145743316519345,0.0072133118188031,0.216332248134739,0.0154017333808759,FALSE,TRUE,FALSE,FALSE,FALSE,FALSE
"GGB9608_SGB15041",-1.30192751564027,1.15434435789646,0.0122520620650399,0.0809531737480716,-106.261909932304,14.2594083029878,8.85496964797477e-05,0.00488210922746139,0.000353052511530903,0.0108569649246073,TRUE,TRUE,FALSE,FALSE,FALSE,FALSE
"GGB9611_SGB15045",-0.111296737312624,0.135392719902556,0.103620847799544,0.151330182938398,-1.07407669089842,0.894684175183152,0.296976507609954,0.382763803729854,0.406076645255786,0.477776095435846,FALSE,FALSE,TRUE,TRUE,FALSE,FALSE
"GGB9613_SGB15048",0.0655019931955974,-0.3390116814139,0.081747355360987,0.131092485574409,0.801273544646773,-2.58604968796227,0.439938544663866,0.0253158597868157,0.565766479150191,0.0451362362624559,FALSE,TRUE,TRUE,FALSE,FALSE,FALSE
"GGB9614_SGB15049",0.00168137699888396,0.116656832026248,0.0620211678294707,0.123087219388441,0.0271097281416397,0.94775747316299,0.978500620701649,0.348674447017037,1,0.441487069604305,FALSE,FALSE,TRUE,TRUE,FALSE,FALSE
"GGB9616_SGB15051",0.629643381574364,-0.864354631886603,0.0352219884413622,0.0986911490951941,17.8764291693128,-8.7581778083552,6.41133236382849e-09,5.2827121965762e-06,9.9984322433376e-08,3.20605981585314e-05,TRUE,TRUE,FALSE,FALSE,FALSE,FALSE
"GGB9616_SGB15052",-0.277512248774005,1.19306026393635,0.0737579338966976,0.107296294386494,-3.7624731891579,11.1193053847583,0.0197325742599619,0.000372202070969943,0.0381640996676186,0.00120355105363509,TRUE,TRUE,FALSE,FALSE,FALSE,FALSE
"GGB9618_SGB15065",-0.869869895921056,2.42215756978979,0.0514444312057982,0.0972018053914043,-16.9089224145803,24.9188537191921,7.1718013678859e-05,1.53953882405389e-05,0.000291605917004469,7.90296596347665e-05,TRUE,TRUE,FALSE,FALSE,FALSE,FALSE
"GGB9619_SGB15066",-0.241434897409148,0.735235031317529,0.0710959742886944,0.119218556051701,-3.39590110164003,6.16711907665347,0.00194444864125887,8.74743259585324e-07,0.0051187195000661,7.38139517677479e-06,TRUE,TRUE,FALSE,FALSE,FALSE,FALSE
"GGB9619_SGB15067",-0.402080679823206,0.801864537216353,0.0999883961586207,0.147846528222005,-4.02127342042119,5.42362777712495,0.000195425826602934,1.69553956804316e-06,0.000679193453649443,1.31377657096174e-05,TRUE,TRUE,FALSE,FALSE,FALSE,FALSE
"GGB9620_SGB15068",0.219338853401791,-0.591134601537045,0.0501488984093325,0.153486082914046,4.37375217320772,-3.85138893581698,0.00022178732939137,0.000813083811722172,0.000763245781592646,0.00229752122945348,TRUE,TRUE,FALSE,FALSE,FALSE,FALSE
"GGB9620_SGB15070",0.35806377380466,-0.64354565021981,0.0477302016736938,0.0923648573782909,7.50182821879851,-6.9674296966009,0.000290177004835664,0.000434330794882535,0.000968829457879506,0.00136156625774881,TRUE,TRUE,FALSE,FALSE,FALSE,FALSE
"GGB9621_SGB15073",0.121834083320359,-0.10251814406287,0.127732270155573,0.174777239177477,0.953823831455983,-0.586564615308798,0.345901686553856,0.560792106967789,0.463994276000072,0.66947274785302,FALSE,FALSE,TRUE,TRUE,FALSE,FALSE
"GGB9623_SGB15075",-1.69184780017126,2.48042195273558,0.0832550887806564,0.134236923982414,-20.3212539311393,18.4779409356887,9.228965428913e-07,1.6200127860497e-06,7.10630338026301e-06,1.26319984329951e-05,TRUE,TRUE,FALSE,FALSE,FALSE,FALSE
"GGB9627_SGB15081",-0.259618979655687,0.629664762036158,0.0967173792040007,0.142220901122036,-2.6843053626183,4.42737148385707,0.011718410155491,0.000116655478057126,0.0245111737038453,0.000449123590519935,TRUE,TRUE,FALSE,FALSE,FALSE,FALSE
"GGB9630_SGB15084",0.26094658156994,-0.389837543163668,0.0624564932753621,0.0997423085028991,4.1780536800147,-3.90844716765642,0.0527911277285481,0.0596637897901576,0.0906237410778622,0.0947239549245802,FALSE,FALSE,TRUE,TRUE,FALSE,FALSE
"GGB9634_SGB15093",-0.145927399778263,0.669491883301448,0.0959535901895884,0.14252469438319,-1.52081229571436,4.69737462829746,0.149104663938407,0.000286199636440874,0.220260127064889,0.000963382382773653,FALSE,TRUE,TRUE,FALSE,FALSE,FALSE
"GGB9634_SGB15095",0.0746527797293796,0.843962372984466,0.0795849551683939,0.112045156473459,0.93802628362888,7.5323414197238,0.401338650236207,0.00166359938274771,0.521021303573243,0.00422588544236118,FALSE,TRUE,TRUE,FALSE,FALSE,FALSE
"GGB9634_SGB15097",-1.14333528335742,1.713215513656,0.040045309179432,0.0949984179571325,-28.5510414774037,18.0341478363259,1.22239303641105e-07,1.87018786478175e-06,1.21450662972453e-06,1.42226632679699e-05,TRUE,TRUE,TRUE,FALSE,TRUE,FALSE
"GGB9634_SGB15101",0.377358077154608,-0.943391500710139,0.0309746540835621,0.0843453622945946,12.1828019817941,-11.1848651193783,0.052138724826925,0.0567670307747632,0.0898390335479323,0.091036343755295,FALSE,FALSE,TRUE,TRUE,FALSE,FALSE
"GGB9635_SGB15103",-0.243696207130606,0.737287240225329,0.0520002488247237,0.1109948428367,-4.68644309668647,6.64253600782206,0.00940255978513954,0.00266617847449687,0.0202649443805977,0.00636575945848864,TRUE,TRUE,TRUE,FALSE,TRUE,FALSE
"GGB9635_SGB15106",1.07136738125605,-1.66352712638496,0.0943697549827164,0.163350165909659,11.3528681032632,-10.1838104486834,1.41755283951347e-11,1.44891324863449e-10,7.59315260122e-10,8.50029105865569e-09,TRUE,TRUE,FALSE,FALSE,FALSE,FALSE
"GGB9636_SGB15107",-0.327956826568435,1.60204855078196,0.0734663231566261,0.106984695905132,-4.46404301286794,14.9745581573888,0.00426451787229372,5.58555943144018e-06,0.0102414932137736,3.34541382321196e-05,TRUE,TRUE,FALSE,FALSE,FALSE,FALSE
"GGB9636_SGB15108",2.20853787672033,-4.28835542098702,NA,0.0811064138570311,NA,-52.8731972855592,1,1,1,1,FALSE,FALSE,TRUE,TRUE,FALSE,FALSE
"GGB9637_SGB15111",-0.405771317154713,2.21615241582386,0.0263847666690734,0.0830153935799653,-15.378999641878,26.6956804064192,0.0413372019447922,0.023836150489859,0.0737010604862287,0.0428702735817609,FALSE,TRUE,TRUE,FALSE,FALSE,FALSE
"GGB9640_SGB15115",1.06054259143609,-1.78469945828562,0.0645214860947592,0.105446233479694,16.4370453259327,-16.9252082259467,1.44711607273108e-08,1.09004799969369e-08,2.00319887820751e-07,2.68587827124524e-07,TRUE,TRUE,FALSE,FALSE,FALSE,FALSE
"GGB9641_SGB15117",0.355479957016439,-0.782170234290922,0.0617062905023681,0.110284431505745,5.76083822447238,-7.09229964385478,2.92191698068363e-05,2.54970261989004e-06,0.000132834011815581,1.75487912162264e-05,TRUE,TRUE,FALSE,FALSE,FALSE,FALSE
"GGB9642_SGB15119",0.398077605930792,-0.580535607541204,0.0611054147692709,0.104724421733964,6.51460443291155,-5.54345966231224,0.000109575297636429,0.000359443396534509,0.00041410051131313,0.00116785098387951,TRUE,TRUE,FALSE,FALSE,FALSE,FALSE
"GGB9646_SGB15123",-0.219171033105373,0.595125798833273,0.119376924853863,0.158815289009068,-1.83595810809899,3.74728278710806,0.0748710978624878,0.000644135768729378,0.123207700933858,0.00188497688141234,FALSE,TRUE,TRUE,FALSE,FALSE,FALSE
"GGB9667_SGB15164",-0.169271831758977,0.244261838223165,0.136650979227042,0.20072938169109,-1.23871656622187,1.21687137261783,0.219213420430993,0.227369825882987,0.309359603632283,0.30580745140594,FALSE,FALSE,TRUE,TRUE,FALSE,FALSE
"GGB9668_SGB15165",-0.176406194452889,0.0290775904483622,0.0397315660757961,0.0875430357471211,-4.43995069603745,0.332151954752362,0.0471673961679299,0.771354768259805,0.0826603585759454,0.887310060220429,FALSE,FALSE,TRUE,TRUE,FALSE,FALSE
"GGB9699_SGB15216",0.67566990364651,-1.19766873512265,0.127595257589882,0.241191100234663,5.29541549121092,-4.9656423224464,9.75303859448605e-07,3.6698460836056e-06,7.4171256471647e-06,2.36885860360903e-05,TRUE,TRUE,FALSE,FALSE,FALSE,FALSE
"GGB9707_SGB15229",0.493624752025463,-0.740166518392771,0.0954885574497409,0.169367547468558,5.16946496217912,-4.37017911315141,8.94291398928109e-06,0.000100999445351814,4.79029131947578e-05,0.000393769989472894,TRUE,TRUE,FALSE,FALSE,FALSE,FALSE
"GGB9708_SGB15233",0.75937725698288,-1.21332180590641,0.066463757435188,0.144646618216931,11.4254337444492,-8.38817955693062,4.17434529932982e-09,2.98295123292414e-07,7.04492247777307e-08,3.37155588895646e-06,TRUE,TRUE,FALSE,FALSE,FALSE,FALSE
"GGB9708_SGB15234",0.287679140748113,-0.345023022668268,0.185706293596915,0.283936768389322,1.54910819216788,-1.21514034489252,0.126445524513954,0.22891981262461,0.19375732114576,0.307556389480392,FALSE,FALSE,TRUE,TRUE,FALSE,FALSE
"GGB9708_SGB15235",-0.412057006753413,0.837176375684922,0.0122520620650399,0.0878035004658441,-33.6316453969964,9.53465831365785,0.000882934105586957,0.010821692283659,0.00254152994879236,0.0219281659432038,TRUE,TRUE,FALSE,FALSE,FALSE,FALSE
"GGB9710_SGB15239",1.98813111156047,-3.60463362171226,0.0885934950296323,0.125431433296431,22.4410506764124,-28.7378811433451,8.82711798533158e-08,1.58923124276237e-08,9.13866332599034e-07,3.4963087340772e-07,TRUE,TRUE,FALSE,FALSE,FALSE,FALSE
"GGB9715_SGB15260",1.19419587507985,-1.84259711191811,0.193308445768831,0.273318854309794,6.17767045992357,-6.74156606053097,1.56743747624525e-07,2.22657693554448e-08,1.50865857088605e-06,4.52230107041675e-07,TRUE,TRUE,FALSE,FALSE,FALSE,FALSE
"GGB9715_SGB15265",0.141740147532376,-0.128199224720283,0.155892331268198,0.247519751774491,0.909218217338256,-0.517935331629948,0.368303174235419,0.607158134035863,0.489481672770266,0.717868350414763,FALSE,FALSE,TRUE,TRUE,FALSE,FALSE
"GGB9715_SGB15266",-1.22547132188368,1.85317375243308,NA,0.0811064138570311,NA,22.8486708301483,1,1,1,1,FALSE,FALSE,TRUE,TRUE,FALSE,FALSE
"GGB9715_SGB15267",0.0696584567230322,0.00762432203466367,0.0717562059995788,0.131562093170778,0.970765604907275,0.0579522706800255,0.346112613347456,0.954504247234225,0.463994276000072,1,FALSE,FALSE,TRUE,TRUE,FALSE,FALSE
"GGB9716_SGB15269",-1.41955437849882,1.77483621494702,0.0509925271503681,0.133218215311903,-27.8384786522307,13.322774297731,1.98201194718615e-08,3.14289926151064e-06,2.57035654624562e-07,2.09300102171952e-05,TRUE,TRUE,TRUE,FALSE,TRUE,FALSE
"GGB9724_SGB15278",-0.744540449987361,1.69442428050127,0.094325741166782,0.157344255779944,-7.8932902172579,10.768898248634,2.27328362399848e-08,4.4352670252412e-11,2.85784227016951e-07,3.03569387505398e-09,TRUE,TRUE,TRUE,FALSE,TRUE,FALSE
"GGB9730_SGB15290",1.7440125988643,-4.11864850826846,0.0140078211998375,0.0810442048063112,124.50277412768,-50.8197781459104,0.00511318793850902,0.0125253916575106,0.0120218464508456,0.024690052035285,TRUE,TRUE,FALSE,FALSE,FALSE,FALSE
"GGB9730_SGB15291",0.0698973450378711,0.0445218653504131,0.0801256607394148,0.15197982902285,0.87234656654117,0.292945883915419,0.388498190194854,0.771157315533363,0.509180606723469,0.887310060220429,FALSE,FALSE,TRUE,TRUE,FALSE,FALSE
"GGB9737_SGB15309",0.281073550034153,-0.300683766660436,0.0249269355378795,0.087495398344839,11.2758966944423,-3.4365666349146,9.58585069296872e-05,0.0185038265552332,0.000375273536032824,0.0348041439939654,TRUE,TRUE,FALSE,FALSE,FALSE,FALSE
"GGB9739_SGB15313",-0.217980943300144,0.0520105957498627,0.107490304844146,0.162254132317601,-2.02791259747754,0.320550207301073,0.0653682654258679,0.754064506145717,0.109569663951931,0.870672419467219,FALSE,FALSE,TRUE,TRUE,FALSE,FALSE
"Hydrogeniiclostridium_mannosilyticum",-0.285168209913884,0.38525534104094,0.0911362053783042,0.155151252470692,-3.12903317326146,2.48309526933219,0.00298057597442372,0.0165714076226271,0.00747875682380859,0.0318409135402906,TRUE,TRUE,FALSE,FALSE,FALSE,FALSE
"Hydrogenoanaerobacterium_saccharovorans",-0.261974462475167,0.418558080266011,0.144471089286201,0.176827505473283,-1.81333486007148,2.36704170624208,0.0736768193280235,0.0204435154521268,0.121675390632875,0.0379885536003321,FALSE,TRUE,TRUE,FALSE,FALSE,FALSE
"Hydrogenoanaerobacterium_SGB53821",-0.0469196608922317,-0.00585675293647063,0.0673526948353259,0.112449750877657,-0.696626334060545,-0.0520832895649779,0.491399583507456,0.958807593428744,0.622724749835259,1,FALSE,FALSE,TRUE,TRUE,FALSE,FALSE
"Lawsonibacter_asaccharolyticus",-0.0472354271477994,-0.0992722221212553,0.126834372558918,0.202791978629519,-0.372418187552885,-0.489527360954528,0.710161226678803,0.625257037267221,0.851934793223506,0.736440411006899,FALSE,FALSE,TRUE,TRUE,FALSE,FALSE
"Lawsonibacter_faecis",0.224568567895767,-0.536958360310431,0.0855672721790904,0.135738486278347,2.62446800250626,-3.95582988312791,0.0130446340274961,0.000381335269276314,0.026964746848784,0.00122664504372955,TRUE,TRUE,FALSE,FALSE,FALSE,FALSE
"Lawsonibacter_hominis",-0.0537890910175344,0.120119279145528,0.107352741388439,0.176569749317597,-0.501049999486341,0.680293649448801,0.618410634059859,0.499279628495169,0.754338516001729,0.606619824759416,FALSE,FALSE,TRUE,TRUE,FALSE,FALSE
"Lawsonibacter_SGB15145",0.56295988597777,-0.672171879200665,0.0686688757466474,0.114823055933653,8.19818119718168,-5.85398005422411,5.55050218573111e-08,8.23663373373227e-06,6.16055738091958e-07,4.6063260279142e-05,TRUE,TRUE,FALSE,FALSE,FALSE,FALSE
"Ligaoa_zhengdingensis",0.108449533559789,-0.234009570760026,0.0923278218559951,0.12419645433151,1.1746137987414,-1.88418882020093,0.256341006411545,0.0767578020200699,0.355244229357731,0.117765394880107,FALSE,FALSE,TRUE,TRUE,FALSE,FALSE
"Massiliimalia_massiliensis",0.146439914295227,-0.250768513048664,0.0979333417617903,0.151308841221007,1.49530192333702,-1.65732888458502,0.141121019002373,0.103715368075915,0.21150984843178,0.153394157826563,FALSE,FALSE,TRUE,TRUE,FALSE,FALSE
"Massiliimalia_timonensis",-0.198244910932389,0.155800132997347,0.121672947500328,0.179332773871769,-1.62932611566638,0.86877668612181,0.107801377937139,0.387981178651857,0.167903031123331,0.483309213447005,FALSE,FALSE,TRUE,TRUE,FALSE,FALSE
"Monoglobus_pectinilyticus",-0.0537347736226143,-0.135643845471497,0.154031332501999,0.246628692150412,-0.348856123944243,-0.549992153341069,0.728482708538195,0.584473564698257,0.870505040658638,0.695721190056283,FALSE,FALSE,TRUE,TRUE,FALSE,FALSE
"Neglectibacter_timonensis",-0.097349132288876,0.0649035511213545,0.197378853676339,0.261794149604046,-0.493209533218329,0.247918264099937,0.623386627752699,0.80491325570103,0.758504392974545,0.917557546292098,FALSE,FALSE,TRUE,TRUE,FALSE,FALSE
"Neobittarella_massiliensis",-0.374993448907731,0.390012526195214,0.0935893281904067,0.15185048212247,-4.00679710131918,2.56839833989241,0.000163037270620323,0.0125608192302532,0.000578852787908467,0.0247203343317443,TRUE,TRUE,FALSE,FALSE,FALSE,FALSE
"Oscillibacter_hominis",-0.333155304670698,1.11552394223197,0.0752730553749153,0.111706637672415,-4.42595697771718,9.9861920963309,0.000826919257056123,3.63518506869242e-07,0.00240842677232422,3.92855088125356e-06,TRUE,TRUE,FALSE,FALSE,FALSE,FALSE
"Oscillibacter_ruminantium",1.32934341963657,-2.27279285702269,0.0199267177353183,0.0870665241124657,66.7116098744367,-26.1040954625324,7.42190326460051e-06,0.00012332614192698,4.10035193811114e-05,0.000464641611174431,TRUE,TRUE,FALSE,FALSE,FALSE,FALSE
"Oscillibacter_sp_ER4",0.0589780420388659,0.12307678116279,0.130568827603099,0.206317751556024,0.451700785873229,0.596539949832528,0.653198667802359,0.553176539013737,0.791288848311215,0.663596393441991,FALSE,FALSE,TRUE,TRUE,FALSE,FALSE
"Oscillibacter_sp_MSJ_31",0.522482295985478,-0.881423814877934,0.136007177579715,0.220542871168356,3.84157884372863,-3.99660986641041,0.000301254267719903,0.000180985546329977,0.000997702305997099,0.000646302008923282,TRUE,TRUE,FALSE,FALSE,FALSE,FALSE
"Oscillibacter_sp_PC13",0.24654979642975,-0.281791207305144,0.0643376011406842,0.115110017481957,3.83212603607385,-2.44801637137545,0.000657886211154311,0.0208905561719158,0.00198655836309341,0.0385329159680388,TRUE,TRUE,FALSE,FALSE,FALSE,FALSE
"Oscillibacter_valericigenes",-0.116550375863899,0.0399327028390983,0.193022967312146,0.274873014332357,-0.603816102751235,0.145276912453889,0.546950070627067,0.884702692797408,0.68064897678035,0.992671873885617,FALSE,FALSE,TRUE,TRUE,FALSE,FALSE
"Clostridium_leptum",-0.183974974445385,0.194569993036977,0.193502366476733,0.261237917148194,-0.950763434035349,0.744799970697219,0.343502405411886,0.457747388962148,0.462003235226467,0.562819144911543,FALSE,FALSE,TRUE,TRUE,FALSE,FALSE
"Clostridium_methylpentosum",-0.35329447946869,0.341459374167556,0.16760692302364,0.196059401376217,-2.10787521836947,1.74161183687556,0.039976549894374,0.0876055208828244,0.0715533454601106,0.132267158979951,FALSE,FALSE,TRUE,TRUE,FALSE,FALSE
"Eubacterium_siraeum",0.0786054635723886,-0.195303870297013,0.219215598457927,0.333994395473202,0.358576050816361,-0.5847519387872,0.720699614725141,0.560086341183996,0.862878450283162,0.669278731657306,FALSE,FALSE,TRUE,TRUE,FALSE,FALSE
"Oscillospiraceae_bacterium",0.33374909300057,-0.699981516697054,0.182186919929106,0.258619316886832,1.83190479937002,-2.70660956468057,0.0706413863808242,0.00828723502929415,0.117767507471144,0.0173342505196781,FALSE,TRUE,TRUE,FALSE,FALSE,FALSE
"Oscillospiraceae_bacterium_CLA_AA_H250",-0.191897512719854,0.339243334616321,0.231911751751746,0.326300930362836,-0.827459200624183,1.03966401272314,0.409705604016456,0.300696046104433,0.5307647782842,0.388320260797339,FALSE,FALSE,TRUE,TRUE,FALSE,FALSE
"Oscillospiraceae_bacterium_Marseille_Q3528",0.0911038464094512,0.167411260263132,0.0733033668865059,0.114679079536422,1.24283304135955,1.45982389237754,0.220511882264357,0.151441979335921,0.31071476915856,0.212744034825376,FALSE,FALSE,TRUE,TRUE,FALSE,FALSE
"Oscillospiraceae_unclassified_SGB15253",-0.351486421628255,0.903209138775501,NA,0.0811064138570311,NA,11.1361000421942,1,1,1,1,FALSE,FALSE,TRUE,TRUE,FALSE,FALSE
"Oscillospiraceae_unclassified_SGB15256",1.06918146978625,-2.47635714452729,0.0841951732511051,0.145121507838712,12.6988451772349,-17.0640257354513,1.05678930563309e-08,2.78675187124579e-10,1.53172285239996e-07,1.37331132214992e-08,TRUE,TRUE,FALSE,FALSE,FALSE,FALSE
"Ruminococcaceae_bacterium_Marseille_P2935",-0.0798696698129356,0.923168160775604,0.0664598589111355,0.102158826875902,-1.2017730871161,9.0365971204527,0.295735480296509,0.000830773348314874,0.40527932338743,0.00234213447396779,FALSE,TRUE,TRUE,FALSE,FALSE,FALSE
"Phocea_massiliensis",-0.226504460047211,0.253716056675991,0.115719857816206,0.173736522463434,-1.95735169677585,1.4603495746232,0.0532410495297308,0.147493335437667,0.0911013514175393,0.208166689560193,FALSE,FALSE,TRUE,TRUE,FALSE,FALSE
"Provencibacterium_massiliense",-0.0784068012376503,0.0623739025773199,0.117580249807285,0.163873772491214,-0.666836491384904,0.380621631082935,0.507133004345552,0.70467048366744,0.637538634034408,0.819786625003103,FALSE,FALSE,TRUE,TRUE,FALSE,FALSE
"Pseudoflavonifractor_capillosus",0.226354004395885,-0.650498138311292,0.14158751529068,0.195345568431803,1.59868618310858,-3.32998666687639,0.115324407006682,0.00151419016771375,0.1782680921358,0.00393561663844587,FALSE,TRUE,TRUE,FALSE,FALSE,FALSE
"Pseudoflavonifractor_gallinarum",-0.558696956750275,0.819140674826103,0.117749894126918,0.156332157949855,-4.74477672267017,5.23974520385532,3.09501260720453e-05,6.71080410909358e-06,0.000140185865149852,3.84544681972246e-05,TRUE,TRUE,FALSE,FALSE,FALSE,FALSE
"Pseudoflavonifractor_phocaeensis",-0.0294206883132476,0.00300556445317435,0.103634589766429,0.143674368763742,-0.283888693722393,0.0209192807251285,0.778324499096155,0.983439945150065,0.922902582181389,1,FALSE,FALSE,TRUE,TRUE,FALSE,FALSE
"Pseudoflavonifractor_sp_AF19_9AC",-0.36836935422991,1.37249747234395,0.0913131057306587,0.123338914250617,-4.0341345448973,11.1278543408864,0.00238360207765432,5.92008777689781e-07,0.00613880794983308,5.28517981241891e-06,TRUE,TRUE,FALSE,FALSE,FALSE,FALSE
"Pseudoruminococcus_massiliensis",0.237581649111225,-0.233601950442241,0.126907191411498,0.200972222673383,1.87208972532427,-1.16235939143634,0.0758914729928513,0.258772583357566,0.124167722081265,0.343173113774512,FALSE,FALSE,TRUE,TRUE,FALSE,FALSE
"Ruminococcus_bicirculans",0.163821259850998,-0.201603680718619,0.258466969192981,0.378839466234867,0.633818937725397,-0.532161241599978,0.527843035720524,0.595955371654586,0.659536125768444,0.706657380056256,FALSE,FALSE,TRUE,TRUE,FALSE,FALSE
"Ruminococcus_bromii",-0.0223821334895609,-0.00215927716462544,0.296592871127168,0.403705474790994,-0.0754641654214417,-0.00534864474092985,0.939975400290601,0.995741606817576,1,1,FALSE,FALSE,TRUE,TRUE,FALSE,FALSE
"Ruminococcus_callidus",0.687052400029991,-1.31569775129342,0.101454012377778,0.166977415973685,6.77205744679331,-7.87949522168175,3.26030200310745e-06,4.4850156033268e-07,2.02863235748908e-05,4.31682751820205e-06,TRUE,TRUE,FALSE,FALSE,FALSE,FALSE
"Ruminococcus_gauvreauii",-1.05229736259841,1.50826429125106,0.0850894617111411,0.148101893216748,-12.3669528686257,10.1839636110776,6.33842156547795e-10,1.1844547376952e-08,1.50171834012862e-08,2.79781677359219e-07,TRUE,TRUE,TRUE,FALSE,TRUE,FALSE
"Ruminococcus_SGB4253",1.44288936473897,-4.1539370003881,0.069573210739474,0.10445499488057,20.7391515987678,-39.7677201089095,0.030672763141917,0.0160050824768089,0.0565701260341942,0.0309548847903118,FALSE,TRUE,TRUE,FALSE,FALSE,FALSE
"Ruminococcus_SGB4421",-0.136175799523866,0.578318446840614,0.148838299041384,0.186171191317883,-0.914924454262963,3.1063799009222,0.370617950125878,0.00534387716164267,0.490969155435571,0.0117854238145681,FALSE,TRUE,TRUE,FALSE,FALSE,FALSE
"Ruminococcus_sp_AF13_28",-2.52037283228398,2.92969700095397,0.0589529628245966,0.106223066002069,-42.7522674268784,27.5806104193688,9.99760975940025e-10,2.11431840640838e-08,2.08763647857307e-08,4.41498351982225e-07,TRUE,TRUE,TRUE,FALSE,TRUE,FALSE
"Ruminococcus_sp_AF41_9",-0.413454043700733,0.708484596918806,NA,0.0822654751110661,NA,8.61217413455992,1,0.0735913586375624,1,0.113614729124658,FALSE,FALSE,TRUE,TRUE,FALSE,FALSE
"Ruthenibacterium_lactatiformans",-0.0299767794648706,-0.156303911996351,0.178955691093834,0.239436233706705,-0.167509506300934,-0.652799743700504,0.867200966080865,0.514911976926594,1,0.622947993823368,FALSE,FALSE,TRUE,TRUE,FALSE,FALSE
"Vescimonas_coprocola",0.17817567928284,-0.258828596168894,0.139127786669119,0.255672201332212,1.28066207009091,-1.01234547526182,0.203531597274675,0.314027975981817,0.289550724991224,0.403422801261313,FALSE,FALSE,TRUE,TRUE,FALSE,FALSE
"Vescimonas_fastidiosa",0.663769010026683,-1.1250030983378,0.0442181667247163,0.107224013080361,15.0112286237245,-10.4920816337535,1.12079420495449e-07,2.39562377026296e-06,1.12261663455605e-06,1.6674624208836e-05,TRUE,TRUE,FALSE,FALSE,FALSE,FALSE
"Vescimonas_SGB15086",-0.702316787695756,2.06990396211013,0.0308548024065468,0.0843069817369008,-22.7619927180845,24.5519875040686,0.0279505698082133,0.0259151356882062,0.0517064782017476,0.0460713523345887,FALSE,TRUE,TRUE,FALSE,FALSE,FALSE
"Vescimonas_SGB15087",0.251746614713621,0.0128738362449975,0.136698292054821,0.18479463129936,1.84162223923516,0.0696656399294544,0.0820706283811548,0.945227916384598,0.132691619639872,1,FALSE,FALSE,TRUE,TRUE,FALSE,FALSE
"Yanshouia_hominis",0.583255983922734,-0.932618555367469,0.0551628606741232,0.1320491741529,10.5733454863471,-7.06266102268527,1.02865123710695e-10,2.10714743039753e-07,3.52027312254377e-09,2.57030260816807e-06,TRUE,TRUE,FALSE,FALSE,FALSE,FALSE
"Youxingia_wuxianensis",0.0826250809665464,-0.145149421155045,0.122715012837075,0.164397290517769,0.673308660907244,-0.88291857303668,0.503790859464099,0.38142320624093,0.635038918588251,0.477498058501983,FALSE,FALSE,TRUE,TRUE,FALSE,FALSE
"Zongyangia_hominis",-1.99209485552922,3.71948443341754,NA,0.0811064138570311,NA,45.859313173111,1,1,1,1,FALSE,FALSE,TRUE,TRUE,FALSE,FALSE
"Peptococcus_niger",-0.513238059640671,0.560773491488102,0.0508433532057188,0.0930267729771781,-10.0944966702736,6.02808711450923,0.0628609279295427,0.104655839445143,0.105728840687225,0.154229658129685,FALSE,FALSE,TRUE,TRUE,FALSE,FALSE
"Clostridioides_difficile",1.09860313033662,-3.51250102019451,0.058343297748084,0.10769306855611,18.8299800103895,-32.6158504654776,0.000326986019457182,6.33456609571458e-05,0.00106552147936029,0.000262767186192605,TRUE,TRUE,FALSE,FALSE,FALSE,FALSE
"GGB4456_SGB6141",-0.201687949450226,0.542060871440032,0.0670917291312663,0.112402509108999,-3.00615220477653,4.82249796500879,0.0109408879888033,0.000417266522506395,0.023080777401037,0.00131476305812757,TRUE,TRUE,FALSE,FALSE,FALSE,FALSE
"Intestinibacter_bartlettii",0.12966639165824,-0.32908623793578,0.198842142471946,0.25964434227911,0.65210719441194,-1.26745006283257,0.516352478348324,0.208968380893616,0.647147765335845,0.28291103874828,FALSE,FALSE,TRUE,TRUE,FALSE,FALSE
"Peptostreptococcus_anaerobius",0.211506040158904,-0.608324486997301,0.0122520620650399,0.0814868436032763,17.2628933020521,-7.46530924622589,0.0368367634983146,0.0847724484628018,0.0663492582308825,0.128146817798984,FALSE,FALSE,TRUE,TRUE,FALSE,FALSE
"Peptostreptococcus_SGB749",0.29290841045231,-0.870653580300236,0.0473256096515672,0.0938384298393124,6.18921578842482,-9.27821982732588,0.0251256087235886,0.0114178070693782,0.0469011362840321,0.0229848665187482,TRUE,TRUE,FALSE,FALSE,FALSE,FALSE
"Romboutsia_timonensis",-0.175199098033813,0.206874110794975,0.151674070846427,0.222286854719293,-1.15510249745459,0.930662818798793,0.251867594441314,0.355138043306085,0.350226722744582,0.448283600623878,FALSE,FALSE,TRUE,TRUE,FALSE,FALSE
"Terrisporobacter_mayombei",-0.373583631123003,1.03675133057455,0.083151067141923,0.131452788459734,-4.49283026621134,7.88687210611829,0.00150438009038805,2.47977902674261e-05,0.00404671674969012,0.000117053170917505,TRUE,TRUE,FALSE,FALSE,FALSE,FALSE
"Yeguia_hominis",0.195984897091055,-0.105532046924856,0.0468567211929185,0.111605501486708,4.18264215040029,-0.945581046803727,0.000703580598183873,0.358424525389903,0.00208870192039164,0.451051088131113,TRUE,FALSE,FALSE,TRUE,FALSE,FALSE
"Catenibacterium_tridentinum",0.139025594648811,-0.377783209197996,0.0569230524749804,0.104811255782969,2.44234257658472,-3.60441449132396,0.0372213355707933,0.00570884149757674,0.0669440663112662,0.0124703771720116,FALSE,TRUE,TRUE,FALSE,FALSE,FALSE
"Coprobacillus_cateniformis",0.0245102645733794,-0.387596845726344,0.135913692002387,0.18228497811888,0.180336978653695,-2.12632357161964,0.857846341983823,0.0400310113980859,0.998928821667363,0.0672826821861417,FALSE,FALSE,TRUE,TRUE,FALSE,FALSE
"Amedibacillus_dolichus",0.0240203723548712,0.012014242773219,0.104018880579598,0.159470754593303,0.230923196068144,0.0753382198752293,0.818844579974384,0.940414641108289,0.959863484803464,1,FALSE,FALSE,TRUE,TRUE,FALSE,FALSE
"Amedibacterium_intestinale",0.426207482859213,-1.20140603040362,0.0574968765451989,0.114771160924264,7.41270671501899,-10.4678389651945,7.5275164998945e-05,6.02732417352412e-06,0.000305062510785198,3.55294898649843e-05,TRUE,TRUE,FALSE,FALSE,FALSE,FALSE
"Candidatus_Stoquefichus_sp_SB1",-0.622007804082914,0.744357818700219,0.0569877998810997,0.109318874295925,-10.91475377854,6.80905125939413,1.71904249056506e-06,7.82521056453693e-05,1.19895709861817e-05,0.000316087193951131,TRUE,TRUE,FALSE,FALSE,FALSE,FALSE
"Copranaerobaculum_intestinale",0.699736054650489,-0.952677246721081,0.0210252743756869,0.0875322827252594,33.2807097851549,-10.8837244621082,4.86151275149754e-06,0.000404562840064494,2.87951139896393e-05,0.00127800363835758,TRUE,TRUE,FALSE,FALSE,FALSE,FALSE
"Dielma_fastidiosa",-0.0368351916985805,-0.170221663352415,0.142461115638049,0.176815086658716,-0.258563128146263,-0.962710063768329,0.796789345153004,0.339260941005887,0.937578293436963,0.430896370432219,FALSE,FALSE,TRUE,TRUE,FALSE,FALSE
"Clostridium_innocuum",-0.131776774208238,0.0181011070102469,0.206506712184562,0.272089684248132,-0.638123443127915,0.0665262524019088,0.524684408574537,0.947076418825895,0.656255016613025,1,FALSE,FALSE,TRUE,TRUE,FALSE,FALSE
"Clostridium_saccharogumia",-0.0894894849361281,0.0665419582425859,0.0314265776426614,0.0983672789421258,-2.84757334870109,0.676464358455373,0.0191648977352842,0.515752397483632,0.0372415678389118,0.622947993823368,TRUE,FALSE,FALSE,TRUE,FALSE,FALSE
"Clostridium_spiroforme",0.00881823603190307,-0.242583376085382,0.118422947519186,0.179678963056063,0.0744639127519976,-1.35009336629849,0.940859878836394,0.181462874802231,1,0.249511452853067,FALSE,FALSE,TRUE,TRUE,FALSE,FALSE
"Erysipelatoclostridium_ramosum",0.167753677900526,-0.514492087161447,0.21481265796241,0.303508380988173,0.780930134619353,-1.69514952267989,0.436725958583958,0.0932222966658391,0.562810021940833,0.139890218626448,FALSE,FALSE,TRUE,TRUE,FALSE,FALSE
"Erysipelatoclostridium_SGB66626",-1.73632408729511,2.14923796996737,0.030076191279284,0.089278047475367,-57.730849999317,24.0735324163577,2.95031893687403e-08,2.30467125747987e-06,3.63479293022881e-07,1.6412456585059e-05,TRUE,TRUE,TRUE,FALSE,TRUE,FALSE
"Erysipelatoclostridium_sp_An15",-2.05656189695691,2.64994773039932,0.0122520620650399,0.0812361081402908,-167.854348601867,32.6203186127897,0.00379264669708665,0.0195099399848918,0.00927091414843403,0.0364185546384646,TRUE,TRUE,FALSE,FALSE,FALSE,FALSE
"Faecalibacillus_faecis",-1.24170850683664,1.46128781708907,0.071509043756229,0.156726076805413,-17.3643561934567,9.32383332036934,4.30735954853371e-15,1.89456826329467e-09,1.49427046656283e-12,6.30840027129467e-08,TRUE,TRUE,TRUE,FALSE,TRUE,FALSE
"Faecalibacillus_intestinalis",0.607905388910801,-1.0787855906881,0.116724563087979,0.208845362712155,5.20803310655876,-5.16547543444839,2.82984158787832e-06,3.30144982428768e-06,1.77875756952351e-05,2.18676676533464e-05,TRUE,TRUE,FALSE,FALSE,FALSE,FALSE
"Faecalibacillus_SGB6753",0.306504840257556,-0.900292377827607,0.0673566200862368,0.111683204738625,4.55047833256979,-8.06112593146463,0.00082948551364491,6.07570951140607e-06,0.00241020319059087,3.5617685771489e-05,TRUE,TRUE,FALSE,FALSE,FALSE,FALSE
"Faecalicoccus_pleomorphus",0.87566877965427,-0.997137887668265,0.0122520620650399,0.0811228783901831,71.4711348184326,-12.2916975760186,0.000195709152634377,0.00655375913889244,0.000679193453649443,0.0141405100860166,TRUE,TRUE,FALSE,FALSE,FALSE,FALSE
"Faecalitalea_cylindroides",-0.204591517030859,0.434291458210065,0.0975162504978848,0.148282357354956,-2.09802485212756,2.92881409465635,0.0560130203079996,0.0117400825593634,0.0950523980984235,0.0234801651187269,FALSE,TRUE,TRUE,FALSE,FALSE,FALSE
"Holdemanella_biformis",-0.370837370918161,0.569335130081948,NA,0.108919555899091,NA,5.22711578634614,1,0.00639627535258956,1,0.0138492288829356,FALSE,TRUE,FALSE,FALSE,FALSE,FALSE
"Holdemanella_porci",0.811103144170097,-1.49083445673206,0.137095724531679,0.193329508871786,5.91632705498903,-7.71136525113072,8.70762232140334e-06,2.04674699381448e-07,4.68462475981175e-05,2.57030260816807e-06,TRUE,TRUE,FALSE,FALSE,FALSE,FALSE
"Holdemania_filiformis",-0.0703983228881927,0.0521092390050781,0.160370589089354,0.210555742603912,-0.438972777290036,0.24748429257094,0.661733334029094,0.805097165212466,0.799270066199847,0.917557546292098,FALSE,FALSE,TRUE,TRUE,FALSE,FALSE
"Holdemania_massiliensis",-0.272889881505691,0.295386145609505,0.0917625095117827,0.133620591840187,-2.97387116980111,2.2106334176606,0.00555235429999479,0.0343298064674078,0.0128099260254561,0.0587421132886755,TRUE,FALSE,FALSE,TRUE,FALSE,FALSE
"Holdemania_sp_1001095H_141210_F2",-0.269624117854984,0.238606771793191,0.0605499083634552,0.125187012150904,-4.45292363180049,1.90600260916498,0.000153861381623613,0.0682097154315941,0.000552644962566448,0.106642600776299,TRUE,FALSE,FALSE,TRUE,FALSE,FALSE
"Longibaculum_muris",-0.161837701806687,-0.037070061832845,0.0969130501177301,0.16602306014407,-1.66992682213682,-0.223282607853854,0.102742507967514,0.824451954359295,0.160837064569221,0.933570595377437,FALSE,FALSE,TRUE,TRUE,FALSE,FALSE
"Longicatena_caecimuris",-0.208974382372655,-0.0231291076027248,0.152449702662405,0.252277071516938,-1.37077592624383,-0.0916813702634563,0.174762753964981,0.927209383693803,0.252708583198189,1,FALSE,FALSE,TRUE,TRUE,FALSE,FALSE
"Massilicoli_timonensis",1.32932939889273,-2.08376088922861,0.0176991946339705,0.0924076694475972,75.1067732958487,-22.54965309357,3.74987857549684e-10,4.97839576764455e-07,1.04306214358458e-08,4.63418977981516e-06,TRUE,TRUE,FALSE,FALSE,FALSE,FALSE
"Massilimicrobiota_timonensis",0.178186084977299,-0.496490922993588,0.166526583652829,0.230360333275652,1.07001585613969,-2.15527958278946,0.289122397644193,0.0353767433620071,0.39710010467965,0.0600332614627999,FALSE,FALSE,TRUE,TRUE,FALSE,FALSE
"Solobacterium_moorei",-0.464077147868169,1.00797126662481,0.075237923059407,0.11416397782785,-6.16812810611132,8.8291533441901,0.00857768863763952,0.00306205096268466,0.018867597170329,0.00715940768111502,TRUE,TRUE,FALSE,FALSE,FALSE,FALSE
"Solobacterium_SGB6829",1.06291127363121,-1.4784913984531,0.0480970671767189,0.101607450756194,22.0992949471501,-14.5510136062829,2.76800190586951e-12,7.60319451278156e-10,2.13136146751953e-10,2.83852595143845e-08,TRUE,TRUE,FALSE,FALSE,FALSE,FALSE
"Solobacterium_SGB6833",-0.254555379238057,0.732332817498775,0.0297674898649398,0.084821566104027,-8.55145598077023,8.63380448081595,0.0134005097913399,0.0131510993775864,0.0275616495207524,0.0257996089700422,TRUE,TRUE,FALSE,FALSE,FALSE,FALSE
"Traorella_massiliensis",1.20728565729799,-1.43603998456722,NA,0.107777105803657,NA,-13.3241654046948,1,0.000913720834009167,1,0.00255261693310497,FALSE,TRUE,FALSE,FALSE,FALSE,FALSE
"Turicibacter_bilis",0.0921486150644143,-0.128615780017645,0.0905172353651147,0.14431764543689,1.01802286263737,-0.891199268310463,0.319732575217705,0.382465802940677,0.435260257091948,0.477776095435846,FALSE,FALSE,TRUE,TRUE,FALSE,FALSE
"Turicibacter_sanguinis",-0.167969302454124,0.279145348138489,0.0814903387168078,0.130495654251416,-2.06121737986444,2.13911604750209,0.0518799056272261,0.0443319036860527,0.0895182685332529,0.0737070247519796,FALSE,FALSE,TRUE,TRUE,FALSE,FALSE
"Firmicutes_bacterium",-0.141999775705217,0.303500816113674,0.0809288971249806,0.143661256547107,-1.75462388281312,2.11261423857973,0.0963307922035502,0.0488663820555754,0.152153251275351,0.0801642912016896,FALSE,FALSE,TRUE,TRUE,FALSE,FALSE
"Firmicutes_unclassified_SGB47659",-0.14110893427861,-0.488647699138456,0.0716988206497433,0.116055015615178,-1.96807887493635,-4.21048324838234,0.0747765981275235,0.00145957714571828,0.123207700933858,0.00383411309920027,FALSE,TRUE,TRUE,FALSE,FALSE,FALSE
"Firmicutes_unclassified_SGB47660",0.108020832179675,-0.957976162342916,0.0365645053535973,0.0868227483324796,2.95425389007887,-11.0337000468407,0.0254720086384549,3.29684855721365e-05,0.0474758164032927,0.000148780857966565,TRUE,TRUE,FALSE,FALSE,FALSE,FALSE
"GGB3680_SGB4995",0.218204223286643,-0.721860613752921,0.0316656743519436,0.0845703454373214,6.89087561696756,-8.53562333250634,0.0917454390733831,0.0742454125565316,0.146223002507643,0.11448103663285,FALSE,FALSE,TRUE,TRUE,FALSE,FALSE
"GGB52002_SGB72669",-0.189145547928406,1.19469532051189,0.0326360215276843,0.0848967846332812,-5.7956067888961,14.0723270695407,0.108774210074137,0.0451632070732128,0.168990954364863,0.0748870405305494,FALSE,FALSE,TRUE,TRUE,FALSE,FALSE
"GGB9509_SGB14906",-0.27117011014978,0.195083515347775,0.0711743487913817,0.127819672933949,-3.80994156960401,1.52624013870373,0.001400295509983,0.145339698171209,0.00383369792955346,0.206051217660449,TRUE,FALSE,FALSE,TRUE,FALSE,FALSE
"GGB9511_SGB14908",0.0148159122643954,0.759138299223864,0.0394087496221616,0.087499334136175,0.375954893429647,8.67593229958092,0.771066707982615,0.0730552991012774,0.916059965510686,0.113070513181877,FALSE,FALSE,TRUE,TRUE,FALSE,FALSE
"GGB9512_SGB14909",-0.144819635656527,0.3125905255518,0.166435356178519,0.221737991978422,-0.870125428765223,1.40972921583154,0.387123596687901,0.162924713343276,0.507919351564957,0.227577377368386,FALSE,FALSE,TRUE,TRUE,FALSE,FALSE
"Negativibacillus_massiliensis",-0.32963082739952,0.686181514651848,0.131619016463641,0.170325345091773,-2.50443162588575,4.02865183852777,0.0177354267293332,0.000337317454805858,0.0349600731688617,0.00110820027818885,TRUE,TRUE,FALSE,FALSE,FALSE,FALSE
"Acidaminococcus_fermentans",0.368990678547977,-0.278043774865372,NA,0.0811064138570311,NA,-3.42813547835426,1,1,1,1,FALSE,FALSE,TRUE,TRUE,FALSE,FALSE
"Acidaminococcus_intestini",0.505959607628294,-0.838802187828449,0.199539813752606,0.265899378482502,2.53563235382987,-3.15458498856043,0.0158449948491664,0.00329478560935809,0.0319088824910786,0.00761571457922921,TRUE,TRUE,FALSE,FALSE,FALSE,FALSE
"Acidaminococcus_SGB5735",0.625609488427687,-0.272670288171952,NA,0.0811064138570311,NA,-3.3618831755106,1,1,1,1,FALSE,FALSE,TRUE,TRUE,FALSE,FALSE
"GGB4249_SGB5749",0.894106404505475,-2.12125765503245,0.0900233464875121,0.131470173067829,9.9319392067868,-16.1348966501933,0.00998592908719298,0.00381921467345917,0.0212481254497785,0.00871346755129943,TRUE,TRUE,FALSE,FALSE,FALSE,FALSE
"Phascolarctobacterium_faecium",0.234161595260622,-0.447575202509778,0.24794146754189,0.348657217090646,0.94442288166686,-1.28371128022115,0.347324478646253,0.202332857112911,0.465112780100199,0.274833605251495,FALSE,FALSE,TRUE,TRUE,FALSE,FALSE
"Phascolarctobacterium_sp_ET69",-0.248689603820749,1.24798267960644,0.101353984235395,0.128506431746453,-2.45367368334694,9.71144138581906,0.0576752865039156,0.000196685062106276,0.0976043310066264,0.00069431517626055,FALSE,TRUE,TRUE,FALSE,FALSE,FALSE
"Phascolarctobacterium_succinatutens",2.44032387150108,-3.86872708075004,0.0474571591432818,0.175829870758,51.4216172133965,-22.0026726066055,2.08660405248544e-16,1.13566894663696e-11,1.28534809633103e-13,1.22164104983377e-09,TRUE,TRUE,FALSE,FALSE,FALSE,FALSE
"Megamonas_funiformis",-0.0732421176748615,0.0582572035934191,0.104587782651574,0.226480506501218,-0.700293244755578,0.257228334983019,0.491811024017619,0.799630391069518,0.622724749835259,0.913863304079449,FALSE,FALSE,FALSE,TRUE,FALSE,FALSE
"Allisonella_histaminiformans",0.354189855951776,-0.43029347072416,0.0425705198775055,0.102120056016309,8.32007353847074,-4.21360394333744,2.51059784397957e-06,0.00120248257176777,1.63653785385335e-05,0.00322056201829975,TRUE,TRUE,FALSE,FALSE,FALSE,FALSE
"Anaeroglobus_geminatus",1.62169311952097,-3.39142562516094,0.0156889927976242,0.0866580344045322,103.365024156716,-39.1357321737679,9.35818901167686e-05,0.000652270887437045,0.000368347886977185,0.00190426003156976,TRUE,TRUE,FALSE,FALSE,FALSE,FALSE
"Dialister_hominis",1.70826422415922,-2.21817781336908,0.0943408659036022,0.197818851640642,18.1073621468,-11.2131770808104,1.50940474824265e-12,2.81919119238232e-09,1.23972443322329e-10,8.68310887253753e-08,TRUE,TRUE,FALSE,FALSE,FALSE,FALSE
"Dialister_invisus",0.249291504086612,-0.412788381764421,0.210831549843476,0.349632618539585,1.18242029844058,-1.18063464298222,0.240585600201218,0.241290403424159,0.336056076471542,0.322418413252239,FALSE,FALSE,TRUE,TRUE,FALSE,FALSE
"Dialister_pneumosintes",2.22908531384686,-4.07563450071044,0.0454179898156728,0.0908591728157057,49.0793476966619,-44.8566102288567,6.63559917829898e-08,1.03958933219368e-07,7.10874625014291e-07,1.48927215960769e-06,TRUE,TRUE,FALSE,FALSE,FALSE,FALSE
"GGB4277_SGB5832",0.0776864278629291,-0.838741919056896,0.0940614126763165,0.127902425090213,0.825911770326724,-6.55767018072806,0.440451386756486,0.000602088742600583,0.565835358168917,0.00177034207848191,FALSE,TRUE,TRUE,FALSE,FALSE,FALSE
"Megasphaera_massiliensis",0.0190156695352843,0.214799396134743,0.096879634384552,0.171822275046427,0.196281392431807,1.2501254338339,0.847425009418763,0.233289834239091,0.988662510988557,0.312745457870032,FALSE,FALSE,TRUE,TRUE,FALSE,FALSE
"Veillonella_atypica",-0.0558197051360075,-0.0303531890512555,0.102108780386004,0.156256710218947,-0.546669002655707,-0.194252067695043,0.588649518349084,0.84728794068026,0.722326899010031,0.955914599741832,FALSE,FALSE,TRUE,TRUE,FALSE,FALSE
"Veillonella_dispar",0.224189526543685,-0.505016318402719,0.124185325924706,0.18327633906029,1.80528194353343,-2.75549108516725,0.0777235413728754,0.0084303878562271,0.126493266804997,0.0175443206737699,FALSE,TRUE,TRUE,FALSE,FALSE,FALSE
"Veillonella_parvula",0.0570498196837321,-0.203131436853655,0.0954951974805583,0.188402371772779,0.597410353492873,-1.07817876676542,0.553227906436747,0.286699725845888,0.686381450886277,0.374564222950301,FALSE,FALSE,FALSE,TRUE,FALSE,FALSE
"Veillonella_rogosae",0.306522041418064,-0.723952943150165,0.0957845472279674,0.142611612757228,3.20011995973151,-5.0763954572379,0.00524620242209054,9.34200992395409e-05,0.0122876832395733,0.000368889622638187,TRUE,TRUE,FALSE,FALSE,FALSE,FALSE
"Veillonellaceae_bacterium",0.438709034239207,-1.96854313552065,0.0921439934837278,0.14186049640305,4.76112460131957,-13.8766124850408,0.000589036912488562,2.57873019443522e-08,0.00178742235513771,4.96405562428781e-07,TRUE,TRUE,FALSE,FALSE,FALSE,FALSE
"Anaerococcus_ihuae",-0.81338697993225,1.32549034323865,NA,0.0811064138570311,NA,16.342608188486,1,1,1,1,FALSE,FALSE,TRUE,TRUE,FALSE,FALSE
"Anaerococcus_mediterraneensis",-0.081233227461307,-0.13881716170324,NA,0.0811064138570311,NA,-1.71154357715701,1,1,1,1,FALSE,FALSE,TRUE,TRUE,FALSE,FALSE
"Anaerococcus_murdochii",-0.937800107077297,1.92636473205273,0.0520759779840659,0.0941868493597263,-18.008305237479,20.4525870134523,0.00306938382969077,0.0023820429067265,0.0076703466088824,0.00577692295489578,TRUE,TRUE,FALSE,FALSE,FALSE,FALSE
"Anaerococcus_obesiensis",-0.46868951317637,0.931582940201379,0.0874377364987232,0.125649667324873,-5.36026585252712,7.41412977873413,0.000170736289180923,8.1182454765372e-06,0.000600991737916849,4.56697645072778e-05,TRUE,TRUE,FALSE,FALSE,FALSE,FALSE
"Anaerococcus_prevotii",-0.409216354035524,0.995623882283021,0.0446914714864534,0.089890521885356,-9.15647528319945,11.0759606396858,0.0692522673242315,0.0573221956702633,0.11560812106159,0.0913888430082569,FALSE,FALSE,TRUE,TRUE,FALSE,FALSE
"Anaerococcus_senegalensis",0.447987443540655,-0.836812847400067,NA,0.0811064138570311,NA,-10.3174682199011,1,1,1,1,FALSE,FALSE,TRUE,TRUE,FALSE,FALSE
"Anaerococcus_vaginalis",-1.08565013404155,0.966010953467314,NA,0.0811064138570311,NA,11.9104138320076,1,1,1,1,FALSE,FALSE,TRUE,TRUE,FALSE,FALSE
"Finegoldia_magna",0.250372673673527,-0.484251678366374,0.0451612831568771,0.100867449781929,5.54396722528466,-4.80087163315126,0.000865395429374587,0.00196430992324892,0.00250273983330866,0.00487909239000538,TRUE,TRUE,FALSE,FALSE,FALSE,FALSE
"Parvimonas_micra",0.467387564530372,-1.04060746220264,0.0798878787419237,0.123790718521159,5.85054418631215,-8.40618323113437,0.000243593565051167,1.48700016928789e-05,0.000831322083498719,7.72989117536998e-05,TRUE,TRUE,FALSE,FALSE,FALSE,FALSE
"Peptoniphilus_duerdenii",0.377845845563169,-1.05697530775219,NA,0.0811064138570311,NA,-13.0319571225939,1,1,1,1,FALSE,FALSE,TRUE,TRUE,FALSE,FALSE
"Peptoniphilus_gorbachii",-0.232341352995201,-0.167273831304918,0.0250633412414859,0.0867179125966555,-9.27016676494114,-1.92894208700509,0.00265648647280046,0.149321154245801,0.00674338785896077,0.210484739165706,TRUE,FALSE,FALSE,TRUE,FALSE,FALSE
"Peptoniphilus_grossensis",-2.44731959265535,3.52293232525397,0.0122520620650399,0.0811814062166387,-199.747567361623,43.395803170159,2.5062285631449e-05,0.000530589661241127,0.000116957332946762,0.00160217270257125,TRUE,TRUE,FALSE,FALSE,FALSE,FALSE
"Peptoniphilus_harei",0.668977102589674,-1.52520313004946,0.0130060615945625,0.0810610628446896,51.4357938201181,-18.8154839885545,1.6183921538607e-05,0.000327737273090201,8.07230418443879e-05,0.00107960513488537,TRUE,TRUE,FALSE,FALSE,FALSE,FALSE
"Peptoniphilus_lacrimalis",0.135467956859817,-0.175697210359105,0.0534987736401214,0.100966087616533,2.53216938711699,-1.74016062726328,0.0351365468606695,0.120015075670379,0.0635656765526355,0.174567382793278,FALSE,FALSE,TRUE,TRUE,FALSE,FALSE
"Peptoniphilus_obesi",-0.447592098943942,0.862115133098835,0.0157676488899754,0.0811592607751806,-28.3867367967907,10.6225109108248,0.0224173925347033,0.059755088032959,0.0425550502353689,0.0947468062504574,TRUE,FALSE,FALSE,TRUE,FALSE,FALSE
"Peptoniphilus_pacaensis",-0.547576416016869,0.793869215407887,NA,0.0811064138570311,NA,9.7879955191616,1,1,1,1,FALSE,FALSE,TRUE,TRUE,FALSE,FALSE
"Peptoniphilus_rachelemmaiella",-0.413918366170294,0.526553115714736,NA,0.0811064138570311,NA,6.4921267095215,1,1,1,1,FALSE,FALSE,TRUE,TRUE,FALSE,FALSE
"Peptoniphilus_senegalensis",0.635667839589598,-0.793779446136588,NA,0.0811064138570311,NA,-9.78688871062414,1,1,1,1,FALSE,FALSE,TRUE,TRUE,FALSE,FALSE
"Peptoniphilus_sp_BV3C26",-0.0812445515918985,-0.138794513442057,NA,0.0811064138570311,NA,-1.7112643358479,1,1,1,1,FALSE,FALSE,TRUE,TRUE,FALSE,FALSE
"Peptoniphilus_sp_Marseille_P3761",0.317030111746404,-0.488262448911723,0.0122520620650399,0.0820623435119872,25.8756534258033,-5.94989648133069,0.0245908038039448,0.106006052677699,0.0460526050969674,0.155660854468326,TRUE,FALSE,FALSE,TRUE,FALSE,FALSE
"Ezakiella_coagulans",1.20651796104196,-1.36288118906867,0.0147505896203929,0.0962553846176585,81.7945581899945,-14.1590124488334,4.02776268191519e-06,0.000763181207769788,2.43245275692133e-05,0.00219682067283266,TRUE,TRUE,FALSE,FALSE,FALSE,FALSE
"Cetobacterium_somerae",5.86506380732833,-10.8917919160789,NA,0.0811064138570311,NA,-134.290143012342,1,1,1,1,FALSE,FALSE,TRUE,TRUE,FALSE,FALSE
"Fusobacterium_nucleatum",-0.163773380441389,0.474597433770013,0.0381581541930558,0.0882084842534658,-4.29196285577129,5.3804057261234,0.00360198950250997,0.00102992170370212,0.00885758696026403,0.00283228468518083,TRUE,TRUE,FALSE,FALSE,FALSE,FALSE
"Fusobacterium_perfoetens",1.6651858538887,-3.5001640296913,0.0970072984611086,0.124555248769555,17.1655729033243,-28.1012969286192,6.7570230519575e-05,9.54087619266709e-06,0.000277488413333721,5.2241597641626e-05,TRUE,TRUE,FALSE,FALSE,FALSE,FALSE
"Fusobacterium_SGB6028",-3.8622996706638,4.9808950245141,0.0122520620650399,0.0823652352556621,-315.236704659251,60.4732689593294,1.00628242280537e-05,0.000273334857081029,5.28691672532268e-05,0.000925133362428098,TRUE,TRUE,TRUE,FALSE,TRUE,FALSE
"Fusobacterium_ulcerans",-0.939701771429374,1.45278749926144,0.0434379552120455,0.10016771029462,-21.6331953666362,14.5035510444274,3.91569472702531e-06,2.81230271836502e-05,2.3790429202477e-05,0.000131739807947745,TRUE,TRUE,FALSE,FALSE,FALSE,FALSE
"GGB4386_SGB6036",-1.84907400748938,2.59416234274615,0.0122520620650399,0.126733243121589,-150.91941239553,20.4694701946298,4.3901684934458e-05,0.002378129118106,0.000191119702612199,0.00577692295489578,TRUE,TRUE,TRUE,FALSE,TRUE,FALSE
"GGB6470_SGB9153",1.35611699409545,-1.58997428293841,0.0125818907734265,0.081550071037556,107.783243275298,-19.4969086195668,4.44321241952982e-08,4.08046597173183e-05,5.12664600175399e-07,0.000179540502756201,TRUE,TRUE,FALSE,FALSE,FALSE,FALSE
"GGB6518_SGB9205",0.341254540825668,-0.525027308591585,0.0161221434798927,0.0812260938653315,21.1668219707433,-6.46377640000825,0.000230688074385797,0.0075127964418733,0.000791664923797499,0.0159857775757995,TRUE,TRUE,FALSE,FALSE,FALSE,FALSE
"Victivallis_lenta",-0.0848895622041355,0.24312299065073,0.0921187053647837,0.121607188310674,-0.921523613124812,1.99924851505995,0.371361758235526,0.0640340510555827,0.49112576467194,0.10114096269292,FALSE,FALSE,TRUE,TRUE,FALSE,FALSE
"Victivallis_vadensis",1.94603924001786,-2.5044234276431,0.0317273367141224,0.0988589000333692,61.3363566426187,-25.3333126991879,3.2257957256644e-14,2.10572353619033e-10,5.67740047716934e-12,1.08093808191104e-08,TRUE,TRUE,FALSE,FALSE,FALSE,FALSE
"Bradyrhizobium_SGB11337",-0.415409990430013,1.13190499361487,0.0346998179866359,0.0870669589888779,-11.9715322596217,13.0003965540988,7.17172829812912e-05,4.80148848569886e-05,0.000291605917004469,0.000206833350153182,TRUE,TRUE,FALSE,FALSE,FALSE,FALSE
"Shinella_sp_DD12",1.1237812168371,-1.94107639235507,NA,0.0811064138570311,NA,-23.9324647712407,1,1,1,1,FALSE,FALSE,TRUE,TRUE,FALSE,FALSE
"Sphingomonas_echinoides",-0.638020370300565,1.35795728225954,0.012856824478249,0.082669944252791,-49.6250354339018,16.4262513363639,0.000405820432421595,0.00368567379910288,0.00128527190936608,0.00844005598604972,TRUE,TRUE,FALSE,FALSE,FALSE,FALSE
"GGB6649_SGB9391",-0.792893651822371,0.83426147010514,0.0264892965595388,0.0918652043705938,-29.9326050444646,9.08136520046962,6.83203488052021e-12,1.91930169149846e-06,4.20853348640045e-10,1.45066238277675e-05,TRUE,TRUE,FALSE,FALSE,FALSE,FALSE
"Oxalobacter_formigenes",-0.416846677740903,0.926321838411744,0.0778705467106946,0.110267950806273,-5.35307244328945,8.40064435439791,6.46773331204818e-05,2.92505109912345e-07,0.000267390853706153,3.37155588895646e-06,TRUE,TRUE,FALSE,FALSE,FALSE,FALSE
"Oxalobacter_SGB9385",-0.391338774150481,1.79721573788489,0.0365857398191787,0.0862520956106387,-10.6964838236054,20.8367776476751,0.00862718979292604,0.00229531142478493,0.0189122737097596,0.0055996508422476,TRUE,TRUE,FALSE,FALSE,FALSE,FALSE
"Dakarella_massiliensis",-0.377586824439524,0.934391078058764,0.0276130218220746,0.0833425719420213,-13.6742304725834,11.2114499983129,0.0464734387246913,0.056633133206163,0.0815602229470366,0.091036343755295,FALSE,FALSE,TRUE,TRUE,FALSE,FALSE
"Duodenibacillus_massiliensis",3.19789073970976,-4.84368731278,0.0243161137364376,0.110555993912366,131.51323333867,-43.8120733338023,1.30344174681621e-11,9.46635642081265e-09,7.29927378217076e-10,2.48139385328536e-07,TRUE,TRUE,FALSE,FALSE,FALSE,FALSE
"GGB36599_SGB9269",-1.06563219846504,1.9224205649222,0.0413701993796895,0.0881719915124904,-25.7584496677145,21.8030752390329,0.000128339458245065,0.00021117296890342,0.00047481745512889,0.000737011608184174,TRUE,TRUE,FALSE,FALSE,FALSE,FALSE
"GGB6546_SGB9245",1.60181145119184,-3.59512265530262,NA,0.0811064138570311,NA,-44.3259969752806,1,1,1,1,FALSE,FALSE,TRUE,TRUE,FALSE,FALSE
"GGB6565_SGB9274",-1.05493617421808,3.40386919734216,0.0151243077240764,0.081109657926439,-69.751038755891,41.966262518691,0.0091264040210382,0.0151669289372121,0.0197605092336012,0.0294726442439201,TRUE,TRUE,TRUE,FALSE,TRUE,FALSE
"Mesosutterella_multiformis",0.27126830633201,-0.470200032062401,0.0441329370706651,0.0956951247826546,6.14661802131271,-4.91352128052847,0.00866270647320752,0.016145324696492,0.0189144658486971,0.0311283881472272,TRUE,TRUE,FALSE,FALSE,FALSE,FALSE
"Parasutterella_excrementihominis",0.28672240361203,-0.60709945303219,0.196091553373829,0.249968570853895,1.46218640568073,-2.42870314039214,0.147707669178918,0.0174544190865464,0.218720971668782,0.0332876846975622,FALSE,TRUE,TRUE,FALSE,FALSE,FALSE
"Parasutterella_SGB9260",-0.350754365117253,0.860329922355323,0.185148551178091,0.216890646145814,-1.89444833829603,3.96665295458122,0.0685368768855295,0.000459477108857846,0.114569107629542,0.00142230100028358,FALSE,TRUE,TRUE,FALSE,FALSE,FALSE
"Sutterella_seckii",2.1577970513084,-4.07772754482348,NA,0.0811064138570311,NA,-50.2762648587993,1,1,1,1,FALSE,FALSE,TRUE,TRUE,FALSE,FALSE
"Sutterella_SGB9281",-0.72850243297135,2.36591265936816,0.085105580092798,0.115633055287431,-8.55998434153202,20.4605218939097,5.90297447983621e-05,1.67089357473138e-07,0.000246524222344346,2.19975655485105e-06,TRUE,TRUE,FALSE,FALSE,FALSE,FALSE
"Sutterella_sp_AM11_39",-0.0785622883652207,-0.105967661572185,0.0277912242187213,0.0832912270098832,-2.82687397096735,-1.2722547785208,0.105671103834041,0.331191371006919,0.165211675029872,0.422826703710388,FALSE,FALSE,TRUE,TRUE,FALSE,FALSE
"Sutterella_wadsworthensis",0.19361506664711,-0.339424103313798,0.0803564437840782,0.14608250109485,2.4094529017158,-2.32350966590731,0.0213722536201156,0.0260848874658314,0.0409496367962402,0.0463063131958275,TRUE,TRUE,FALSE,FALSE,FALSE,FALSE
"Turicimonas_muris",-1.54272744770285,1.99088948887274,0.0889314848842102,0.121270376914792,-17.3473708407265,16.4169481411903,5.20071789122344e-07,7.58708244444244e-07,4.44950308471339e-06,6.49117053580075e-06,TRUE,TRUE,FALSE,FALSE,FALSE,FALSE
"GGB6606_SGB9340",-0.438793506295798,0.482560650207634,0.0735147229972536,0.107814077546274,-5.9687840531235,4.47585937931454,0.00940981048637338,0.0207886514808473,0.0202649443805977,0.0385152207338191,TRUE,TRUE,FALSE,FALSE,FALSE,FALSE
"GGB6544_SGB9243",0.739900217105057,-0.815423421161679,NA,0.0811064138570311,NA,-10.0537476924951,1,1,1,1,FALSE,FALSE,TRUE,TRUE,FALSE,FALSE
"GGB6601_SGB9333",-0.372255643814911,0.501435992372342,0.0334732224154043,0.093574840049586,-11.1209981278528,5.35866256470892,3.1506641128854e-05,0.00173031131321267,0.000142183816376367,0.00438630357588068,TRUE,TRUE,FALSE,FALSE,FALSE,FALSE
"GGB6609_SGB9343",-1.31177306865734,4.09336178412709,NA,0.0811064138570311,NA,50.4690269174346,1,1,1,1,FALSE,FALSE,FALSE,TRUE,FALSE,FALSE
"GGB6610_SGB9344",1.93465907382612,-2.63356711360041,0.0122520620650399,0.0957963299371164,157.904772564489,-27.491315328355,0.00403161507706903,0.0231469177226589,0.00977762060797127,0.0419985311256492,TRUE,TRUE,FALSE,FALSE,FALSE,FALSE
"GGB6612_SGB9346",0.300365673457901,-0.907084218458942,0.105308021712105,0.154141881974398,2.85225824751558,-5.88473558801886,0.0121110321074411,2.99846018757141e-05,0.025289477214182,0.000138355915771085,TRUE,TRUE,FALSE,FALSE,FALSE,FALSE
"GGB6613_SGB9347",-0.527256503160803,0.582467908610896,0.0751288730301778,0.133421165613974,-7.01802758240516,4.36563348798904,4.1533196219061e-06,0.000553765821833513,2.49604379228698e-05,0.00165995010340362,TRUE,TRUE,FALSE,FALSE,FALSE,FALSE
"Bilophila_SGB15451",1.68055192193732,-4.43952056754714,0.0275284707528568,0.0833193623338131,61.0477762104863,-53.2831798419257,0.0104272895889624,0.0119464537525481,0.0221108791284021,0.0238155841798369,TRUE,TRUE,FALSE,FALSE,FALSE,FALSE
"Bilophila_wadsworthia",0.103148957997742,-0.298135423549588,0.159637893013349,0.222273105390734,0.646143318799104,-1.3413022822779,0.519508316179313,0.182535911673135,0.650441306435888,0.250707071551061,FALSE,FALSE,TRUE,TRUE,FALSE,FALSE
"Desulfovibrio_desulfuricans",-0.172560845595556,0.134862240405601,0.0991803730062878,0.13634084537079,-1.73986889104173,0.989155084368386,0.0989519242858909,0.335698465715203,0.155495881020686,0.428137173665766,FALSE,FALSE,TRUE,TRUE,FALSE,FALSE
"Desulfovibrio_fairfieldensis",0.209070635943992,-1.12332380643258,0.0705290860734911,0.138043707684131,2.96431795140718,-8.13745027048207,0.00657757199275865,1.72000321793779e-08,0.014787534115107,3.65352407672303e-07,TRUE,TRUE,FALSE,FALSE,FALSE,FALSE
"Desulfovibrio_intestinalis",-0.315134279856742,0.679066058894122,NA,0.0811064138570311,NA,8.37253216608902,1,1,1,1,FALSE,FALSE,TRUE,TRUE,FALSE,FALSE
"Desulfovibrio_legallii",0.533747265209594,-0.345617840910288,0.0182543644423167,0.0813211341349747,29.2394329529368,-4.25003714700585,0.0011676184642194,0.0511517005397803,0.00326230551783938,0.0833583268055679,TRUE,FALSE,FALSE,TRUE,FALSE,FALSE
"Desulfovibrio_piger",0.119733923789968,-0.211579592984622,0.02063145076388,0.0828760420953402,5.80346603640636,-2.55296449535105,0.00114787130764197,0.0433172351905931,0.00322136093625263,0.0722294053516301,TRUE,FALSE,FALSE,TRUE,FALSE,FALSE
"Desulfovibrio_SGB101145",-1.92006938564336,2.77841254866185,0.0122520620650399,0.0830014584930298,-156.713978059424,33.4742617672818,0.00406224856181797,0.0190125325821748,0.0098323973048325,0.0356521158922974,TRUE,TRUE,FALSE,FALSE,FALSE,FALSE
"GGB9813_SGB15447",-0.0389356883198425,0.36424217457479,0.0151465687537393,0.0808708590508546,-2.57059463122499,4.50399784112273,0.0619398310935351,0.0107894790800103,0.104534071105802,0.0218989097637112,FALSE,TRUE,TRUE,FALSE,FALSE,FALSE
"GGB9815_SGB15449",-1.32264224247632,1.57362787847875,0.0122520620650399,0.0933790648188087,-107.952623440454,16.852041531281,1.75241515492545e-06,0.000455024838575235,1.21290756790345e-05,0.00141563283112295,TRUE,TRUE,TRUE,FALSE,TRUE,FALSE
"GGB9818_SGB15459",0.053272778699835,0.0164019515824126,0.0964770280914122,0.15066045008317,0.552180967363121,0.108867002410772,0.585366652875688,0.914113047448657,0.71901467232587,1,FALSE,FALSE,TRUE,TRUE,FALSE,FALSE
"GGB9819_SGB15460",-0.0160781187556855,0.224812370570231,0.0556427541518385,0.0975559423731365,-0.288952604894635,2.30444568625414,0.779963851792376,0.0501217876133656,0.923312272025075,0.08200536831297,FALSE,FALSE,TRUE,TRUE,FALSE,FALSE
"Campylobacter_ureolyticus",-0.0294254358959298,-0.231327432868417,0.0122520620650399,0.0849610863466603,-2.40167212178042,-2.722745704128,0.251174454916693,0.224078753774193,0.349657546279509,0.301710409453339,FALSE,FALSE,TRUE,TRUE,FALSE,FALSE
"Citrobacter_braakii",-0.447412194402948,0.521425455459423,0.0703116838323811,0.104909326313848,-6.36326951676414,4.97024882134427,0.00141691310403547,0.00421086092052414,0.00387059189395054,0.00951886358547842,TRUE,TRUE,FALSE,FALSE,FALSE,FALSE
"Citrobacter_freundii",-0.807411027779843,0.800776064921647,0.0287462640235867,0.118508827708031,-28.0875117238661,6.75710055030256,1.34767687036586e-07,0.000512588546944733,1.32827032343259e-06,0.00155928170329855,TRUE,TRUE,TRUE,FALSE,TRUE,FALSE
"Citrobacter_portucalensis",-1.80427800905897,3.18610582054892,NA,0.0811064138570311,NA,39.2830316251581,1,1,1,1,FALSE,FALSE,FALSE,TRUE,FALSE,FALSE
"Enterobacter_asburiae",-0.975719258660612,2.23197671817385,0.0207674198914235,0.0828564060936708,-46.9831718991516,26.937889577911,0.000452710264158178,0.00137523291984129,0.00140843193293655,0.00364362786504186,TRUE,TRUE,FALSE,FALSE,FALSE,FALSE
"Enterobacter_hormaechei",1.11778326253264,-1.45266512792655,0.0273185657668005,0.137668100392842,40.9166159041575,-10.5519370411976,1.6444851455044e-07,0.000132048794983606,1.57054705369102e-06,0.000494011003046481,TRUE,TRUE,TRUE,FALSE,TRUE,FALSE
"Enterobacter_ludwigii",-0.61220361616628,1.73627769361076,0.0870147088393331,0.117765204097846,-7.03563368001005,14.7435544048152,0.00215079749177325,0.000123179656980519,0.00561394599547594,0.000464641611174431,TRUE,TRUE,FALSE,FALSE,FALSE,FALSE
"Enterobacter_roggenkampii",-2.08453474428835,2.96851962371814,0.0124772231313982,0.0993785424730736,-167.067200957779,29.8708307633155,7.69985842470365e-09,7.48038785588363e-06,1.17113896039937e-07,4.24692987946941e-05,TRUE,TRUE,TRUE,FALSE,TRUE,FALSE
"Escherichia_coli",0.129015274330786,-0.382422804532636,0.262237991610237,0.36206818770565,0.491977815794671,-1.05621763391026,0.623672849093518,0.29308261167381,0.758504392974545,0.380152972642358,FALSE,FALSE,TRUE,TRUE,FALSE,FALSE
"Escherichia_marmotae",0.128540537841258,-0.00185567855587179,0.0230810329964501,0.0893187775949116,5.56909813616349,-0.0207759063193618,0.000529003394559579,0.983933255039575,0.00162526728702594,1,TRUE,FALSE,FALSE,TRUE,FALSE,FALSE
"Klebsiella_aerogenes",-1.89204139738655,4.65858686817927,0.0404272679982952,0.0950134015182841,-46.8011194193567,49.0308397945608,2.14777452726099e-05,1.8681544606015e-05,0.000102560396030447,9.28050925589131e-05,TRUE,TRUE,TRUE,FALSE,TRUE,FALSE
"Klebsiella_michiganensis",-1.03439540478285,1.88662290499166,0.0601765107319362,0.115756751546395,-17.1893549858797,16.2981673188669,2.48211964625218e-06,3.39625223723512e-06,1.62658053413972e-05,2.22562912567748e-05,TRUE,TRUE,FALSE,FALSE,FALSE,FALSE
"Klebsiella_oxytoca",1.92645291350828,-2.03165157189264,0.0122520620650399,0.0856024414172459,157.234994671242,-23.7335704245852,4.04459676923832e-05,0.00177059491627579,0.000178600115401491,0.00447920520914121,TRUE,TRUE,FALSE,FALSE,FALSE,FALSE
"Klebsiella_pneumoniae",0.71503575044492,-1.41653472966319,0.151295166583563,0.207995904907284,4.72609777689092,-6.81039720611146,2.82194759522392e-05,3.44744901131155e-08,0.000129243101758954,5.98205236892371e-07,TRUE,TRUE,FALSE,FALSE,FALSE,FALSE
"Klebsiella_quasipneumoniae",-0.737580918979806,1.53777553682111,0.0135846386509095,0.0903576017601044,-54.2952181455651,17.0187732616437,1.37611871701542e-05,0.000441890030460738,7.01821596867365e-05,0.00137824941146235,TRUE,TRUE,TRUE,FALSE,TRUE,FALSE
"Klebsiella_variicola",-0.0171902137022258,-0.106321183041304,0.0630356273263493,0.127736479980726,-0.272706315957297,-0.832347838748543,0.790627488490865,0.424644018655361,0.933895556875116,0.524735637897096,FALSE,FALSE,FALSE,TRUE,FALSE,FALSE
"Hafnia_paralvei",-0.307641639484684,0.286226810124218,0.0877785224707858,0.117480533380015,-3.50474843760412,2.43637649480495,0.0726511122240521,0.135140669529241,0.12030399228499,0.192477809086735,FALSE,FALSE,TRUE,TRUE,FALSE,FALSE
"Morganella_morganii",-0.568448153521277,0.04938353609848,NA,0.0811064138570311,NA,0.608873376962886,1,1,1,1,FALSE,FALSE,TRUE,TRUE,FALSE,FALSE
"Proteus_mirabilis",-1.78203708963763,3.12209365636293,0.034616024309967,0.0855032160435928,-51.4801201224177,36.5143418087475,0.000377116186511175,0.000749177606935384,0.00120053525008209,0.00216156162001029,TRUE,TRUE,FALSE,FALSE,FALSE,FALSE
"Haemophilus_parainfluenzae",0.0158751201027386,-0.0809887038157415,0.0602967858116325,0.111587557748555,0.26328302394646,-0.725786149009881,0.795322645821351,0.477301434713846,0.936747131598379,0.582790255270028,FALSE,FALSE,TRUE,TRUE,FALSE,FALSE
"Pseudomonas_aeruginosa",-0.328339161965932,0.507092919917854,0.0316291835817122,0.0919784395666669,-10.3808927321088,5.5131715900693,0.000142853899105954,0.00268672128806818,0.000517635304995694,0.00640239966518374,TRUE,TRUE,FALSE,FALSE,FALSE,FALSE
"Cloacibacillus_evryensis",1.22838826719369,-2.03191746641457,0.0797454704114448,0.157194082659328,15.4038625749632,-12.9261701969924,2.87347254276093e-14,1.43577541220772e-12,5.67740047716934e-12,3.53775061567982e-10,TRUE,TRUE,FALSE,FALSE,FALSE,FALSE
"Cloacibacillus_porcorum",-1.04053546302501,1.83324518635281,0.0601117382740659,0.102204243616441,-17.3100211855615,17.9370750321556,3.23297895368707e-08,2.36635891371017e-08,3.90493144210046e-07,4.62754632014434e-07,TRUE,TRUE,FALSE,FALSE,FALSE,FALSE
"Pyramidobacter_piscolens",-0.68657504950188,0.692859418197022,0.0456665431158784,0.0954476349167164,-15.0345308108762,7.2590527654413,0.00439490863701328,0.0184538648491723,0.0105341000793781,0.0347632438748934,TRUE,TRUE,FALSE,FALSE,FALSE,FALSE
"GGB4745_SGB6570",1.16356042682467,-2.14190543738349,0.0912176442839844,0.153434467796106,12.7558701604067,-13.9597410422135,4.21569202571929e-06,2.29052106176947e-06,2.5212294056729e-05,1.64065229540697e-05,TRUE,TRUE,FALSE,FALSE,FALSE,FALSE
"GGB4745_SGB6571",-0.229957284145666,0.933914442312265,0.118910805563814,0.158233926596817,-1.933863647255,5.90211253931589,0.0710197742826212,2.23007213209677e-05,0.118238326913769,0.000107322221357157,FALSE,TRUE,TRUE,FALSE,FALSE,FALSE
"GGB6123_SGB8767",0.723490861101691,-0.30648789055464,NA,0.0811064138570311,NA,-3.77883666629492,1,1,1,1,FALSE,FALSE,TRUE,TRUE,FALSE,FALSE
"GGB6126_SGB8772",0.378724734805528,-0.368152850871912,NA,0.0811064138570311,NA,-4.53913363153827,1,1,1,1,FALSE,FALSE,TRUE,TRUE,FALSE,FALSE
"Puniceicoccaceae_bacterium_Marseille_Q1082",1.21625939231142,-2.1435306075925,0.0157093866335348,0.0863385921947929,77.4224621676238,-24.8270275563026,0.000166785150659864,0.00161843489965317,0.000588765918661755,0.00415398290910981,TRUE,TRUE,FALSE,FALSE,FALSE,FALSE
"Puniceicoccaceae_unclassified_SGB8769",1.8593167094222,-2.77961959290241,NA,0.0811064138570311,NA,-34.2712673476371,1,1,1,1,FALSE,FALSE,TRUE,TRUE,FALSE,FALSE
"Akkermansia_muciniphila",0.399642405092305,-0.851535630085546,0.262637934215147,0.386280398766525,1.52164768690621,-2.20444949524925,0.131350711250295,0.0298570047069401,0.199536468878377,0.0520898940594153,FALSE,FALSE,TRUE,TRUE,FALSE,FALSE
"Akkermansia_sp_BIOML_A66",1.12740986320543,-2.01574736042974,0.166304486318213,0.203127117157121,6.77919091760522,-9.92357588017429,6.49127788953358e-07,8.83356628608375e-10,5.33150290660358e-06,3.14915264783299e-08,TRUE,TRUE,FALSE,FALSE,FALSE,FALSE
"Akkermansia_sp_KLE1798",1.75177269248841,-2.50312462834059,0.0993756621546764,0.172487770064129,17.6277838507562,-14.5118962776895,1.18503218290718e-13,4.4222293676217e-12,1.82494956167706e-11,7.7831236870142e-10,TRUE,TRUE,FALSE,FALSE,FALSE,FALSE
"Blastocystis_sp_subtype_4",-1.57386489117749,3.38245693510001,NA,0.0811064138570311,NA,41.7039389888743,1,1,1,1,FALSE,FALSE,FALSE,TRUE,FALSE,FALSE
"GGB269",0.477615266933521,-0.484396999307137,NA,0.0811064138570311,NA,-5.97236366732968,1,1,1,1,FALSE,FALSE,TRUE,TRUE,FALSE,FALSE
"GGB260",0.478734100403614,-0.66085362938292,NA,0.0811064138570311,NA,-8.14798235991333,1,1,1,1,FALSE,FALSE,TRUE,TRUE,FALSE,FALSE
"Methanomassiliicoccaceae_unclassified",-2.77598996957905,5.69839865820095,NA,0.0811064138570311,NA,70.2582987856633,1,1,1,1,FALSE,FALSE,FALSE,TRUE,FALSE,FALSE
"Methanomassiliicoccus",0.392994319025067,-0.44184817011656,0.0122520620650399,0.0838317301274745,32.0757695267019,-5.27065550770198,0.0198409468223334,0.119366889707514,0.0400720246215104,0.178429924531607,TRUE,FALSE,FALSE,TRUE,FALSE,FALSE
"Methanobrevibacter",0.786577781166953,-1.37775478823396,0.221634873997518,0.325900016046286,3.54898020776171,-4.22753826449118,0.000730652794698717,7.65571716566455e-05,0.00231427030567567,0.000337696971908761,TRUE,TRUE,FALSE,FALSE,FALSE,FALSE
"Methanosphaera",-0.742390584479529,2.38065826942318,0.0515503234539674,0.0939895993688773,-14.4012788812558,25.3289543248281,0.000725738225647005,0.000134954489797642,0.0023088751515053,0.000524498800889214,TRUE,TRUE,FALSE,FALSE,FALSE,FALSE
"Actinobaculum",-0.152623749339231,-0.0574348205310552,0.0632966478487522,0.107066111393426,-2.41124537438265,-0.536442575372936,0.0424256750898637,0.606243846307283,0.0790260631855233,0.718104325362334,FALSE,FALSE,TRUE,TRUE,FALSE,FALSE
"Actinomyces",-0.0648562760455839,0.0241153451852709,0.145336425882778,0.210209980634502,-0.446249284387206,0.114720267384453,0.656720277468785,0.908977559430382,0.807148511965908,1,FALSE,FALSE,TRUE,TRUE,FALSE,FALSE
"Pauljensenia",-0.0803218750286089,0.780649080711583,0.0407649862778239,0.0878983010197169,-1.97036433377395,8.88127610721932,0.143395937797484,0.00301002454113616,0.222080957137017,0.00751460987873922,FALSE,TRUE,TRUE,FALSE,FALSE,FALSE
"Schaalia",-0.206962873949347,0.281050143464148,0.149813254760577,0.206619574698806,-1.38147238226753,1.36022999695862,0.171347543191566,0.177942894038155,0.256664340739033,0.251357447570596,FALSE,FALSE,TRUE,TRUE,FALSE,FALSE
"Trueperella",-0.210331114182334,0.194222212182687,0.0122520620650399,0.083723135635192,-17.166997119815,2.31981531400082,0.000430633567840737,0.10310158063687,0.00147440731084519,0.156723121517779,TRUE,FALSE,FALSE,TRUE,FALSE,FALSE
"Alloscardovia",1.10206571867951,-2.19076888669985,0.0431068503198698,0.121951802220271,25.5659068222742,-17.9642190341956,7.80622695170426e-12,4.8656820133833e-10,5.10243379843215e-10,3.16908846437244e-08,TRUE,TRUE,FALSE,FALSE,FALSE,FALSE
"Bifidobacterium",0.00242383973349971,-0.067920579802358,0.24848822613368,0.364417217043805,0.00975434438570037,-0.186381369007035,0.992232958610519,0.852450277156218,1,0.956180576092544,FALSE,FALSE,TRUE,TRUE,FALSE,FALSE
"Gardnerella",1.2362436765925,-2.40724553846648,NA,0.0811064138570311,NA,-29.6800884663673,1,1,1,1,FALSE,FALSE,TRUE,TRUE,FALSE,FALSE
"Scardovia",-0.289170076087937,0.526225889866128,0.0664594045679172,0.105055173709977,-4.35107834576556,5.00904307025244,0.000785430555489918,0.00023910437551202,0.00246604615457315,0.000868262858551225,TRUE,TRUE,FALSE,FALSE,FALSE,FALSE
"Corynebacterium",1.06964374888128,-1.58490239336098,0.0451537657822718,0.11472792958848,23.688915649672,-13.8144425602894,2.68098010862105e-13,6.17068685691434e-10,6.42541566032845e-11,3.16908846437244e-08,TRUE,TRUE,FALSE,FALSE,FALSE,FALSE
"Lawsonella",0.142089806051042,-0.638811516235085,0.0122520620650399,0.0824171972418499,11.5972156602505,-7.75094928744688,0.00735328905385517,0.0162408527814983,0.0173914961504009,0.0321685210740972,TRUE,TRUE,FALSE,FALSE,FALSE,FALSE
"Clavibacter",1.69143525577844,-3.35060931462607,NA,0.0811064138570311,NA,-41.3112743528804,1,1,1,1,FALSE,FALSE,TRUE,TRUE,FALSE,FALSE
"Rothia",0.22226827863775,-0.468188923692294,0.105134334324044,0.153072083304125,2.11413597724105,-3.05861731013415,0.04063069771185,0.00390751189617044,0.0764750566880108,0.00939632459313227,FALSE,TRUE,TRUE,FALSE,FALSE,FALSE
"Propionibacterium",0.744492627914676,-1.23863103985305,0.0648130990500763,0.106362432752838,11.4867617630729,-11.6453808717533,1.82072838349201e-07,1.58244066252498e-07,2.25707535815648e-06,2.32198946194992e-06,TRUE,TRUE,FALSE,FALSE,FALSE,FALSE
"GGB34797",-0.168140106062333,0.685635386478714,0.100654916199237,0.138624938947133,-1.67046094131673,4.94597430798648,0.107302756546668,4.28643645699592e-05,0.17298359183196,0.000212548125005522,FALSE,TRUE,TRUE,FALSE,FALSE,FALSE
"GGB9412",-0.344879934498638,0.689823611084368,0.0488971607481523,0.119814172086158,-7.05316892068564,5.75744587700626,4.47113476428e-07,8.60608861258394e-06,4.81409913862036e-06,5.72942380782209e-05,TRUE,TRUE,TRUE,FALSE,TRUE,FALSE
"GGB9359",0.355426856270666,-1.32387148946897,0.0335308938199657,0.0860077023439989,10.5999815626457,-15.3924759456308,0.000129190969773653,2.10048626763224e-05,0.000518929090878529,0.000118917293419495,TRUE,TRUE,FALSE,FALSE,FALSE,FALSE
"GGB9361",0.677021946328406,-0.656474500461595,0.0122520620650399,0.0917368213166312,55.257796012985,-7.15606330195116,6.42139516330806e-07,0.00201804067599467,6.32463441427191e-06,0.00529551549649697,TRUE,TRUE,TRUE,FALSE,TRUE,FALSE
"GGB9364",-1.58381811007333,1.61125728564239,0.0122520620650399,0.0872522293536556,-129.269514116535,18.4666603659094,0.00492464969995995,0.0344403686228026,0.012294524771775,0.0611548052771654,TRUE,FALSE,TRUE,TRUE,TRUE,FALSE
"Atopobium",0.277128080105083,-0.3118251412112,0.0122520620650399,0.0814390366471924,22.6188929368749,-3.82893946255871,0.0281271714515646,0.162632577171852,0.0548060603622627,0.231966077017457,FALSE,FALSE,TRUE,TRUE,FALSE,FALSE
"Lancefieldella",0.0595962897129588,-0.0972018545133973,0.0696938880355445,0.116243895775951,0.85511500926113,-0.836188892883844,0.404378348622759,0.414648080272565,0.539421210871547,0.520300121668367,FALSE,FALSE,TRUE,TRUE,FALSE,FALSE
"Olsenella",0.225145054720372,-0.560749031300218,0.0310530917656176,0.0987453966041686,7.25032651884461,-5.67873592677985,4.8145831893333e-05,0.000302351189592311,0.000235488796811608,0.00106044148935059,TRUE,TRUE,FALSE,FALSE,FALSE,FALSE
"Paratractidigestivibacter",-1.03248750456293,2.34750872474832,NA,0.0811064138570311,NA,28.9435645482532,1,1,1,1,FALSE,FALSE,TRUE,TRUE,FALSE,FALSE
"Collinsella",0.138194205322021,-0.35229341050787,0.209064470646046,0.324501537346982,0.661012389599136,-1.08564481200338,0.50988208162796,0.27983053459318,0.65699859621954,0.371594919806387,FALSE,FALSE,TRUE,TRUE,FALSE,FALSE
"GGB51959",0.336859873083482,-0.499993517559052,0.0728981622805762,0.117613855009425,4.62096522799778,-4.25114471011078,0.000186407427228977,0.000431885322945245,0.000720574947191583,0.00139876372611546,TRUE,TRUE,FALSE,FALSE,FALSE,FALSE
"Senegalimassilia",0.25807350484871,-0.326731246648159,0.0585524993325803,0.107476918245569,4.40755745340337,-3.04001316730748,0.000596082611098635,0.00882290947122726,0.0019841823952774,0.0191074455114831,TRUE,TRUE,FALSE,FALSE,FALSE,FALSE
"Adlercreutzia",-0.241065463329806,0.417278314586595,0.176798248123113,0.27062399159035,-1.36350595036406,1.54191175783941,0.175585041315666,0.126047383098495,0.26137814638916,0.18571325501602,FALSE,FALSE,TRUE,TRUE,FALSE,FALSE
"Eggerthella",-0.27154936342954,0.302836139201291,0.216609346418599,0.303183339267164,-1.25363641005947,0.99885481812189,0.212277044620504,0.319764376004966,0.308337767842712,0.415751512382587,FALSE,FALSE,TRUE,TRUE,FALSE,FALSE
"Ellagibacter",0.100406062103362,-0.0723752046630474,0.0349586283563315,0.0946307044889813,2.87213963545504,-0.764817350286921,0.016607728601735,0.46204744659108,0.0349150785516007,0.571793655936293,TRUE,FALSE,FALSE,TRUE,FALSE,FALSE
"Enteroscipio",-2.17734084039601,2.65107914233,NA,0.0886951884970452,NA,29.8897740368218,1,8.22537299016442e-05,1,0.000352026379757632,FALSE,TRUE,FALSE,FALSE,FALSE,FALSE
"GGB45432",-0.017514214794031,0.114154077876532,0.139028224432697,0.211851095759107,-0.125975965423551,0.538841101895148,0.900102066453156,0.591658718652553,1,0.70547697962054,FALSE,FALSE,TRUE,TRUE,FALSE,FALSE
"GGB9365",0.0595309408155022,-0.108966507884603,0.111312707331827,0.190633998678172,0.534808129659791,-0.571600599264352,0.595019257952886,0.57000889879601,0.741453806703856,0.684200998721754,FALSE,FALSE,TRUE,TRUE,FALSE,FALSE
"GGB9424",-1.07852074434106,2.14920996526253,NA,0.0811064138570311,NA,26.4986437330469,1,1,1,1,FALSE,FALSE,FALSE,TRUE,FALSE,FALSE
"Gordonibacter",-0.551000195830887,0.867942039643449,0.169107894558008,0.232588494448284,-3.25827600935497,3.73166369085567,0.00157658826964025,0.000330824234282705,0.00444536065047583,0.00113809868157543,TRUE,TRUE,FALSE,FALSE,FALSE,FALSE
"Raoultibacter",-0.0695232866027002,0.107509828950921,0.0989435323273131,0.155911088920467,-0.702656201647538,0.689558579157665,0.489321370626411,0.497370624587126,0.637358814276068,0.609215466913362,FALSE,FALSE,TRUE,TRUE,FALSE,FALSE
"Slackia",0.803714569992963,-1.14045963371126,0.0912844020010519,0.136112573383013,8.80451153071804,-8.37879708953904,6.09993798655015e-08,1.26028624311255e-07,9.53446828767295e-07,1.96988219303896e-06,TRUE,TRUE,FALSE,FALSE,FALSE,FALSE
"Bacteria_unclassified",-0.230464938596408,0.183988651593315,0.14936825443353,0.199518387502371,-1.54293119023471,0.922163886228925,0.125884911096122,0.3585774707372,0.198925826545301,0.456313630902737,FALSE,FALSE,TRUE,TRUE,FALSE,FALSE
"GGB79097",0.396607488320368,-0.820644567475793,0.046403169324392,0.0900916201062238,8.54699138215739,-9.10899999920303,6.56738183414833e-06,3.71305542135754e-06,4.37217364699319e-05,2.96631871995119e-05,TRUE,TRUE,FALSE,FALSE,FALSE,FALSE
"Bacteroides",0.189554817478141,-0.549600814725835,0.114573110265039,0.186684813713846,1.65444419759269,-2.94400387365344,0.100074037813095,0.00374223759210179,0.162056831503638,0.00912091128380063,FALSE,TRUE,TRUE,FALSE,FALSE,FALSE
"GGB1354",0.424448915271634,0.106408937710284,0.0140596354100145,0.0817189744670304,30.1891836376713,1.30213256351148,0.00109542638869795,0.322645992259169,0.00329544591411644,0.418740917751521,TRUE,FALSE,FALSE,TRUE,FALSE,FALSE
"GGB1379",-2.26245567939647,4.74146443434098,NA,0.0811064138570311,NA,58.4597963201642,1,1,1,1,FALSE,FALSE,FALSE,TRUE,FALSE,FALSE
"Phocaeicola",0.0762032697480663,-0.336140371315295,0.178675414775591,0.255358270439708,0.426489955788122,-1.31634808904558,0.670350329088636,0.190025828904776,0.819697086079471,0.265814340432945,FALSE,FALSE,TRUE,TRUE,FALSE,FALSE
"Bacteroidales_unclassified",-0.0164571723438918,0.575844534074069,0.0252097690393972,0.0831950825055047,-0.652809326343803,6.92161744098237,0.580891344818174,0.0202414087939274,0.731455125961939,0.0387063109649835,FALSE,TRUE,TRUE,FALSE,FALSE,FALSE
"Barnesiella",0.660252031002174,-0.98199299041667,0.173854826982368,0.310399731385544,3.79772044562868,-3.16363994914979,0.000323764298148061,0.00236972915333221,0.00116393265184228,0.00615062890618061,TRUE,TRUE,FALSE,FALSE,FALSE,FALSE
"Coprobacter",0.241975994362152,-0.63417427183064,0.148489801404088,0.198344710459296,1.62957989083479,-3.19733392618395,0.110020186019689,0.00250994614845057,0.176179317924624,0.00646828416034394,FALSE,TRUE,TRUE,FALSE,FALSE,FALSE
"GGB1497",0.17522083968005,-0.480422809901174,NA,0.0811064138570311,NA,-5.92336397400125,1,1,1,1,FALSE,FALSE,TRUE,TRUE,FALSE,FALSE
"GGB1538",-0.389559664145965,2.05641768230003,NA,0.0811064138570311,NA,25.3545630303041,1,1,1,1,FALSE,FALSE,FALSE,TRUE,FALSE,FALSE
"GGB1550",-0.926127799424833,1.62322068959704,0.0122520620650399,0.0810546981331975,-75.5895452135729,20.0262381698048,0.00842156987482832,0.0317629017465036,0.0197234812377901,0.057511597154558,TRUE,FALSE,FALSE,TRUE,FALSE,FALSE
"GGB27851",0.87156915990896,-1.42924667664553,NA,0.0810157832114092,NA,-17.6415831581352,1,0.0360477422091562,1,0.0632154308497153,FALSE,FALSE,TRUE,TRUE,FALSE,FALSE
"GGB74478",-2.99292265898414,8.35106772372056,0.0392062306567361,0.0874136862860847,-76.3379342734627,95.5350137779278,0.00833901738845767,0.00666348910357771,0.0195939656937943,0.0147871872391123,TRUE,TRUE,TRUE,FALSE,TRUE,FALSE
"Muribaculum",0.0671267141039933,0.52591543784806,NA,0.0810036330830451,NA,6.4924919763647,1,0.0972902201330315,1,0.149469376657371,FALSE,FALSE,FALSE,TRUE,FALSE,FALSE
"Butyricimonas",0.338946408329234,-0.711224494844553,0.108418343720497,0.146256599612773,3.12628284751369,-4.86285403002383,0.00264694956204879,7.67328786466847e-06,0.00707493210079212,5.20480563650626e-05,TRUE,TRUE,FALSE,FALSE,FALSE,FALSE
"Culturomica",1.50452378819324,-3.30952995814468,0.0771024902802127,0.109553415597721,19.5132969470295,-30.2092813819446,0.000294027463259674,7.96781093221703e-05,0.0010731256146381,0.000343045273069703,TRUE,TRUE,FALSE,FALSE,FALSE,FALSE
"GGB1331",1.23462554022327,-2.90758212287479,0.0339176772540273,0.0853233930843051,36.4006512290483,-34.0771975629463,2.94613537235494e-07,4.09247303095266e-07,3.47257595528393e-06,4.67061604643645e-06,TRUE,TRUE,FALSE,FALSE,FALSE,FALSE
"GGB1332",1.30418891203866,-3.27009572293029,0.0167378016955729,0.0829602594056914,77.9187694871315,-39.417616897012,0.000164667748477464,0.00064298412076775,0.000639978979217818,0.00196243058354416,TRUE,TRUE,FALSE,FALSE,FALSE,FALSE
"Odoribacter",0.268258666272786,-0.576866062856009,0.0955257076800174,0.18052606359304,2.80823531997661,-3.19547245076168,0.00593138592518415,0.00183950543432276,0.0143591463980047,0.00488045906744674,TRUE,TRUE,FALSE,FALSE,FALSE,FALSE
"Porphyromonas",0.208970826551803,-0.503426212741831,0.129078162866258,0.165955023318462,1.61894794527192,-3.03350993947182,0.119706580547465,0.00610114906394166,0.189997861840237,0.0136658136354332,FALSE,TRUE,TRUE,FALSE,FALSE,FALSE
"Sanguibacteroides",0.63823035100798,-0.895225132380815,0.0295086858227217,0.0850291108101531,21.6285589552261,-10.5284545945636,3.91985538601191e-06,0.000133472998081375,2.81848999602754e-05,0.000521772535054391,TRUE,TRUE,FALSE,FALSE,FALSE,FALSE
"GGB1153",0.595906217157924,-0.572542023544988,0.114041148287249,0.198679276534438,5.22536142530716,-2.8817400260955,0.000102654884497236,0.0114092558420698,0.000434169776197131,0.023916195190811,TRUE,TRUE,FALSE,FALSE,FALSE,FALSE
"GGB1215",0.674733213737438,-1.32897878173588,0.089065937451547,0.123141932716726,7.57565948378977,-10.7922520981788,0.000635855755609784,0.000118467824170168,0.00208758122503851,0.000470598704852766,TRUE,TRUE,FALSE,FALSE,FALSE,FALSE
"GGB1247",1.12242012062316,-4.3818726913925,0.0384240634616262,0.0869926638795491,29.2113852493533,-50.3706001860074,0.00116985781478618,0.000393902815409611,0.00347736050015536,0.00129915653339225,TRUE,TRUE,FALSE,FALSE,FALSE,FALSE
"Paraprevotella",0.995072065623112,-1.77504760169206,0.176222006518078,0.272294563763039,5.6466958087952,-6.51885067832929,9.18240915726247e-07,4.39510309278757e-08,8.50721300434416e-06,8.31599769398491e-07,TRUE,TRUE,FALSE,FALSE,FALSE,FALSE
"Prevotella",0.0362948303201003,-0.16802139912372,0.255099346263981,0.333920376280603,0.142277237678774,-0.503178036019361,0.887371682983994,0.616812567118001,1,0.729421440391189,FALSE,FALSE,TRUE,TRUE,FALSE,FALSE
"Segatella",1.22877839602567,-1.85896460364477,0.278985063759234,0.370157019732725,4.4044594340223,-5.02209739257964,5.75302830867458e-05,7.17110536146312e-06,0.000273935586353445,4.9104997665638e-05,TRUE,TRUE,FALSE,FALSE,FALSE,FALSE
"Alistipes",0.110502789131927,-0.382093352633984,0.241592475398884,0.327738697000423,0.457393339546195,-1.16584753686712,0.648045757007502,0.24551428223096,0.799219381283695,0.333065601743511,FALSE,FALSE,TRUE,TRUE,FALSE,FALSE
"GGB1690",-0.432427879696584,0.952516491975962,NA,0.0835625986848109,NA,11.3988376016015,1,0.0557069151413125,1,0.091655084637537,FALSE,FALSE,TRUE,TRUE,FALSE,FALSE
"GGB1691",-0.48569200733279,1.32041767649853,NA,0.0811064138570311,NA,16.2800648395831,1,1,1,1,FALSE,FALSE,TRUE,TRUE,FALSE,FALSE
"Rikenellaceae_unclassified",-0.201413388375106,0.45439890252748,0.212915759038551,0.266324240359476,-0.945976893794119,1.70618679664362,0.353993455165276,0.101442518085819,0.486656394385915,0.154855988330582,FALSE,FALSE,TRUE,TRUE,FALSE,FALSE
"Parabacteroides",0.171086765083411,-0.483101161579109,0.195615611761907,0.281912678160228,0.874606906588052,-1.71365532310162,0.383186032590278,0.0886578208771746,0.519831617797,0.137678127884856,FALSE,FALSE,TRUE,TRUE,FALSE,FALSE
"GGB1631",1.9256028605817,-5.01786932362402,0.0965999501151708,0.12477422283177,19.9337873185846,-40.2155926900824,3.73714956460911e-05,2.28446897039475e-06,0.000193310110572227,1.97895565025762e-05,TRUE,TRUE,FALSE,FALSE,FALSE,FALSE
"GGB47687",0.501685717118297,-0.818837982410717,0.0558137363836457,0.112107526345995,8.98857072871579,-7.3040411210533,6.1087013156564e-07,5.96847294860574e-06,6.10021700827354e-06,4.33364608076384e-05,TRUE,TRUE,FALSE,FALSE,FALSE,FALSE
"GGB1515",0.31304836934079,-0.764414014193556,0.0210811563420016,0.0818593588213525,14.8496773261474,-9.33813830452534,0.0428063207433257,0.0679153404428322,0.079529055851295,0.109241901070238,FALSE,FALSE,TRUE,TRUE,FALSE,FALSE
"GGB1266",1.62439523943332,-2.45834709316469,0.170729512857656,0.22601429157744,9.51443726538154,-10.876954178459,5.91532312662473e-10,3.58047428830612e-11,1.77213222001799e-08,4.29060168882017e-09,TRUE,TRUE,FALSE,FALSE,FALSE,FALSE
"GGB1093",-0.113160901130795,0.847279380315277,0.0410287886041919,0.0878584360497982,-2.75808535861167,9.64368839703724,0.039925239658335,0.000203381978447034,0.0757153181835904,0.000761623138038631,FALSE,TRUE,TRUE,FALSE,FALSE,FALSE
"GGB1096",1.2137013076911,-2.10303138340479,NA,0.0811064138570311,NA,-25.9292857789505,1,1,1,1,FALSE,FALSE,TRUE,TRUE,FALSE,FALSE
"GGB1420",0.10907098535911,-0.114188500997909,0.0519136420832419,0.098651914546464,2.10100815473934,-1.15748895014224,0.0619721388156247,0.273971818166526,0.108677970264473,0.364788402336541,FALSE,FALSE,TRUE,TRUE,FALSE,FALSE
"GGB1455",1.55965961069312,-3.17311602215194,NA,0.0811064138570311,NA,-39.1228741508075,1,1,1,1,FALSE,FALSE,TRUE,TRUE,FALSE,FALSE
"GGB1456",-0.78026337783157,1.60127384968732,0.0333387990969467,0.0938989005589099,-23.4040637025534,17.0531693146154,1.97568987826963e-05,6.9348953875079e-05,0.000112739763688561,0.000312051399249753,TRUE,TRUE,TRUE,FALSE,TRUE,FALSE
"GGB1495",0.800573501749223,-0.636199153409656,0.106050886473426,0.158267426341208,7.54895624516851,-4.01977316569284,6.61471610772787e-05,0.00384237076339514,0.000309754549817535,0.00927068650631242,TRUE,TRUE,FALSE,FALSE,FALSE,FALSE
"GGB1496",2.35727375750406,-3.37727577041769,NA,0.0811064138570311,NA,-41.6400579166392,1,1,1,1,FALSE,FALSE,TRUE,TRUE,FALSE,FALSE
"GGB1627",-2.42636317318868,4.48007703371624,0.0214701033467842,0.135039624944408,-113.011247966447,33.1760180433008,1.11991008162606e-12,5.85381459184717e-09,1.15030764098448e-10,2.00423461501815e-07,TRUE,TRUE,TRUE,FALSE,TRUE,FALSE
"GGB1661",-0.198510748636264,0.422947726111344,0.0878615361383637,0.122105631329661,-2.25935895684377,3.46378558880276,0.0537761365179824,0.00852022162147539,0.0957055498921518,0.0185076717397003,FALSE,TRUE,TRUE,FALSE,FALSE,FALSE
"GGB1662",-0.05289921906359,0.221511487962273,0.0161217372229621,0.0818157238362222,-3.28123565915997,2.70744396768637,0.0463826872138169,0.0733227286316709,0.0852408225588088,0.116377575907663,FALSE,FALSE,TRUE,TRUE,FALSE,FALSE
"GGB1663",0.922242908179097,-1.41941103400905,0.0261345525386952,0.0829513943691787,35.2882608880949,-17.1113583418731,0.0180357270980337,0.0371622455924308,0.0369341242337586,0.0650113250144958,TRUE,FALSE,FALSE,TRUE,FALSE,FALSE
"Candidatus_Gastranaerophilales_unclassified",0.679345498553784,-0.821454493891792,0.0552868090658571,0.159319655686404,12.2876597516155,-5.15601474502744,6.99748348489594e-10,7.91638188844174e-05,2.01247625025607e-08,0.000342884251674073,TRUE,TRUE,FALSE,FALSE,FALSE,FALSE
"GGB5979",-1.63990341901086,2.30940758913233,0.079266599405188,0.130722453470273,-20.6884542962181,17.6664951416132,3.22481393386823e-05,6.03016894566721e-05,0.00017175120136676,0.000281538407268489,TRUE,TRUE,TRUE,FALSE,TRUE,FALSE
"GGB5980",-0.194122222913314,0.647909692768436,0.102720556619068,0.13368527250791,-1.88980890780413,4.84653006732736,0.079669592843276,0.000258939446874595,0.133214970358873,0.000926256031357383,FALSE,TRUE,TRUE,FALSE,FALSE,FALSE
"GGB5997",-0.084914292727642,0.402195831330498,0.0155047222966785,0.0811379802379336,-5.47667291956805,4.95693669168343,0.114975468459625,0.126729141687434,0.183297919783748,0.186335895446349,FALSE,FALSE,TRUE,TRUE,FALSE,FALSE
"GGB6001",0.293508782140453,-1.50765233308361,NA,0.0811064138570311,NA,-18.5885710067418,1,1,1,1,FALSE,FALSE,TRUE,TRUE,FALSE,FALSE
"GGB6002",-2.50793881279321,4.18727712442449,NA,0.0830115305044323,NA,50.4421144746984,1,0.012619145677327,1,0.0259120896722472,FALSE,TRUE,FALSE,FALSE,FALSE,FALSE
"GGB6006",1.55472725348054,-3.90957851586552,0.0650298050943614,0.120626963356333,23.9079180880913,-32.4104860728076,3.51679572963682e-07,5.73715891534753e-08,4.01361290414107e-06,1.0061017707646e-06,TRUE,TRUE,FALSE,FALSE,FALSE,FALSE
"GGB12785",0.398176303641536,-1.19065540528668,0.0387857232391715,0.0916008048206054,10.2660533409726,-12.9983072487027,4.98559523981239e-05,1.27697713101057e-05,0.000242205606582778,8.12519077165131e-05,TRUE,TRUE,FALSE,FALSE,FALSE,FALSE
"Candidatus_Saccharibacteria_unclassified",0.0227195998766494,-0.228104321369804,0.111658684506979,0.155528518843235,0.203473648081796,-1.46663983600153,0.839850548587594,0.150701630196378,0.98992220399095,0.216708944222391,FALSE,FALSE,TRUE,TRUE,FALSE,FALSE
"Candidatus_Nanosynbacter",-0.911566220795549,1.23952693206484,0.0167935349960565,0.0835497808266017,-54.2807825159864,14.835789152306,0.000339224156920649,0.00451264537654447,0.00120743647933637,0.0105343896939463,TRUE,TRUE,FALSE,FALSE,FALSE,FALSE
"Candidatus_Nanosynsacchari",0.074260267920029,-0.342593145339368,0.060681167975848,0.11872819936631,1.22377782757223,-2.88552464509607,0.237727446469668,0.0102727813626419,0.341038084172108,0.0219172991090193,FALSE,TRUE,TRUE,FALSE,FALSE,FALSE
"Gemella",0.313269723988188,-0.712276803773488,0.093335078661057,0.138212836168731,3.35639856399345,-5.15347795123703,0.00262386833751691,2.81894783195928e-05,0.00706114086419093,0.000152392743697648,TRUE,TRUE,FALSE,FALSE,FALSE,FALSE
"Staphylococcus",1.1108387030975,-5.26756228446329,0.0354335138281901,0.0857117441889493,31.3499448144977,-61.4567155797353,7.13135238778265e-05,9.49180725920004e-06,0.000328682203001008,6.2611095590503e-05,TRUE,TRUE,FALSE,FALSE,FALSE,FALSE
"Granulicatella",0.2863184661367,-0.75693331092786,0.0572516334922753,0.1051816825677,5.00105322191954,-7.19643660806301,2.52921599213928e-05,6.3709347754563e-08,0.000139885099872934,1.06527955896583e-06,TRUE,TRUE,FALSE,FALSE,FALSE,FALSE
"Enterococcus",-0.557856579922887,0.637405755153938,0.112586628559758,0.212157252707823,-4.95490971760284,3.00440238086866,1.83822718409664e-05,0.00489243546380754,0.000105734827629238,0.0113472938660568,TRUE,TRUE,TRUE,FALSE,TRUE,FALSE
"Lacticaseibacillus",0.597276180622356,-1.21014710134861,0.11142587515432,0.164655058629013,5.3603005567168,-7.34958956879191,6.9638677909107e-06,2.33783480743629e-08,4.59359719418788e-05,5.25282258295842e-07,TRUE,TRUE,FALSE,FALSE,FALSE,FALSE
"Lactiplantibacillus",2.99478775353985,-3.7707466207493,0.0122520620650399,0.108426913793994,244.431324102185,-34.7768509570745,2.1749119604875e-11,3.69839142620953e-07,1.20289361506963e-09,4.50702277194009e-06,TRUE,TRUE,FALSE,FALSE,FALSE,FALSE
"Lactobacillus",-0.00933097002365346,-0.157330153989977,0.139027803722395,0.185833044641112,-0.0671158557772024,-0.846620977952651,0.946841366548333,0.402506798249459,1,0.506834304625851,FALSE,FALSE,TRUE,TRUE,FALSE,FALSE
"Latilactobacillus",-0.238848969644232,0.212124972929233,0.0192353619009681,0.0973688770786511,-12.4171809646176,2.17857059969877,6.00446005716148e-05,0.081259384191101,0.000284026761914415,0.127011950507395,TRUE,FALSE,FALSE,TRUE,FALSE,FALSE
"Leuconostoc",-0.418991411460243,0.792518586134545,0.0727823038798845,0.122109025601666,-5.75677587991335,6.49025395321582,6.63452026034776e-05,2.03427859194651e-05,0.000309754549817535,0.000117955347387866,TRUE,TRUE,FALSE,FALSE,FALSE,FALSE
"Ligilactobacillus",0.166604321609624,-0.0422030378833677,0.152733164708565,0.210605326781469,1.09081954746061,-0.200389223427188,0.282805166526482,0.842336064903504,0.399483133069824,0.94631192291503,FALSE,FALSE,TRUE,TRUE,FALSE,FALSE
"Limosilactobacillus",0.265106226610395,-0.476367119933071,0.125616760711519,0.205845870381094,2.11043673717408,-2.31419323132956,0.0408173070150765,0.0256196605311275,0.0766257016810443,0.0471113450687484,FALSE,TRUE,TRUE,FALSE,FALSE,FALSE
"Pediococcus",-1.34404056544288,1.97444165965817,0.0658514428592951,0.124351028591422,-20.4101915931393,15.8779680556207,8.99322759372214e-07,3.96015857309354e-06,8.50721300434416e-06,3.12896045500468e-05,TRUE,TRUE,TRUE,FALSE,TRUE,FALSE
"Weissella",-0.47652406387367,0.383569072060424,0.0439974656747799,0.103908608430804,-10.8307161916106,3.69140803493538,1.26129117851549e-05,0.00774220741162762,7.49477981283172e-05,0.0169199000880251,TRUE,TRUE,TRUE,FALSE,TRUE,FALSE
"Lactococcus",-0.0412889390955201,-0.0444003870369813,0.132592744771398,0.19685800515665,-0.311396669302728,-0.225545245171257,0.756527209230386,0.822285201233583,0.909603785011116,0.928569251058379,FALSE,FALSE,TRUE,TRUE,FALSE,FALSE
"Streptococcus",-0.205715967107461,0.180886333912298,0.257519845248676,0.338330466910664,-0.798835394254024,0.534643940180715,0.425683455667085,0.593709357806171,0.564698163514085,0.706750046792445,FALSE,FALSE,TRUE,TRUE,FALSE,FALSE
"GGB71580",1.27467617778725,-1.50736983329149,0.0122520620650399,0.0810273620049258,104.037685331714,-18.6032198999623,0.00611893820920167,0.0341880418666728,0.0146650552413867,0.060995538714982,TRUE,FALSE,FALSE,TRUE,FALSE,FALSE
"GGB9258",-0.416500088065518,1.72717366619764,0.0367863278566258,0.0900581368456233,-11.3221436423016,19.1784299197567,0.0014778180890211,0.000309597291348511,0.00423327173707638,0.00108058472077466,TRUE,TRUE,TRUE,FALSE,TRUE,FALSE
"GGB2652",0.505762711122851,-0.500990439368232,0.0212162021934093,0.0930364819591934,23.8385129681674,-5.38488159502818,0.00175508103434114,0.0327991302958056,0.00489109792128403,0.0588094131737762,TRUE,FALSE,FALSE,TRUE,FALSE,FALSE
"GGB2653",-0.114247502300231,0.0995629317998171,0.123501104074617,0.188014727418569,-0.925072720250377,0.529548579341683,0.357200429481385,0.59762254712608,0.489194492946887,0.710232415510168,FALSE,FALSE,TRUE,TRUE,FALSE,FALSE
"GGB2657",0.155715238582916,-0.0592093331815885,0.0363456402296613,0.0861583060588216,4.28428932876077,-0.68721561379312,0.0503976120803977,0.562935551595198,0.0912742646997632,0.676840571232354,FALSE,FALSE,TRUE,TRUE,FALSE,FALSE
"GGB4710",-1.5530398685773,2.32467198994835,NA,0.082075159879273,NA,28.3236973691892,1,0.0224672450581925,1,0.0421774130465807,FALSE,TRUE,FALSE,FALSE,FALSE,FALSE
"GGB4676",-2.55636768713142,5.79144544525429,NA,0.0811064138570311,NA,71.4055173917941,1,1,1,1,FALSE,FALSE,FALSE,TRUE,FALSE,FALSE
"GGB4664",0.816611612304146,-0.954513153616854,NA,0.0811064138570311,NA,-11.7686519255975,1,1,1,1,FALSE,FALSE,TRUE,TRUE,FALSE,FALSE
"GGB9345",-0.206083860872833,0.573015547436321,0.11078870009504,0.161636903497808,-1.86015235033937,3.54507872296683,0.0769284361519383,0.00191709229690457,0.128931341709193,0.005067607946597,FALSE,TRUE,TRUE,FALSE,FALSE,FALSE
"GGB2848",-0.279208356884321,0.499279710104686,0.161623499064057,0.206195343796868,-1.72752327787224,2.42139177786938,0.0890524968153631,0.0184008468324944,0.146518867758,0.0357573212771985,FALSE,TRUE,TRUE,FALSE,FALSE,FALSE
"GGB34231",-0.513254823814188,0.872636139916709,0.0265248354830412,0.0831458697496743,-19.3499719967101,10.4952433902482,0.00266013514566147,0.00895673038406855,0.00708384136937259,0.0192895653705046,TRUE,TRUE,FALSE,FALSE,FALSE,FALSE
"GGB34540",0.57795113732448,-0.665892152472387,0.0544823617095934,0.104973007536368,10.6080411933155,-6.34346074386495,1.88578038929061e-07,3.70012691821074e-05,2.29809508457619e-06,0.0001860413464471,TRUE,TRUE,FALSE,FALSE,FALSE,FALSE
"GGB2958",0.142454435127725,0.50036373827105,0.0399184328763373,0.0921869577544787,3.56863796655125,5.4277063747311,0.0160668403372097,0.00287716241433395,0.0338770035262573,0.00728408371797925,TRUE,TRUE,FALSE,FALSE,FALSE,FALSE
"GGB2970",-0.0717930961861183,0.256965469118506,0.0766500599265301,0.121796301237287,-0.936634573474994,2.10979698486803,0.35642595531673,0.0433259176581613,0.489065385253299,0.0743468610888256,FALSE,FALSE,TRUE,TRUE,FALSE,FALSE
"GGB2982",-0.204480621785698,0.337731203150873,0.0715154977992876,0.114477597571728,-2.85924908695434,2.95019471333036,0.00678500867875026,0.0053474447340451,0.0161537127153028,0.012244626636237,TRUE,TRUE,FALSE,FALSE,FALSE,FALSE
"GGB2996",-1.18986225190607,2.8799939626501,NA,0.0811064138570311,NA,35.5088312464012,1,1,1,1,FALSE,FALSE,FALSE,TRUE,FALSE,FALSE
"GGB2998",0.238582572690873,-0.135068447319178,0.0775918431348119,0.123664187247539,3.07484089888609,-1.0922195853583,0.00406861689129811,0.282198006954331,0.0103735303008629,0.373665500921112,TRUE,FALSE,FALSE,TRUE,FALSE,FALSE
"GGB58485",0.143553309277789,-0.0593945525242744,0.0259916638479103,0.0878593642627517,5.5230519337965,-0.676018464538958,0.0116926888654871,0.547478278441661,0.0258452052202393,0.661574591932024,TRUE,FALSE,FALSE,TRUE,FALSE,FALSE
"GGB2999",-0.255096314441275,0.426399422091477,0.01735252609976,0.0854212946225921,-14.7008172167396,4.99172277797232,0.00068274544614458,0.015462494111438,0.00220596099996404,0.0310545621958769,TRUE,TRUE,FALSE,FALSE,FALSE,FALSE
"GGB3000",0.0859046732476402,-0.353861755461402,0.0944048222724489,0.130515171211992,0.909960647981757,-2.71126913580517,0.371533451845981,0.0119423664148747,0.505932863403902,0.0248885839196954,FALSE,TRUE,TRUE,FALSE,FALSE,FALSE
"GGB3001",0.272405494332703,-0.301158671513639,0.0697512666126417,0.133943330777527,3.90538419675568,-2.24840363283071,0.00180766802132483,0.0425325982694779,0.00499889733589443,0.0731601391285995,TRUE,FALSE,FALSE,TRUE,FALSE,FALSE
"GGB3002",-0.382851899510563,0.373034524907935,0.113356358234392,0.143601186888654,-3.37741883625905,2.59771198964519,0.00383876249897644,0.0194308906731716,0.00992831020418726,0.0372554943840276,TRUE,TRUE,FALSE,FALSE,FALSE,FALSE
"GGB3003",1.09986253706939,-1.59191964015434,NA,0.115861328012932,NA,-13.7398704766845,1,0.00525533785740384,1,0.0120721658769117,FALSE,TRUE,FALSE,FALSE,FALSE,FALSE
"GGB3004",-0.981897078500414,1.16776167289443,0.0465784013792024,0.112358151068081,-21.0805233633209,10.3932083413054,3.0369067228869e-10,5.02194489185161e-07,1.03977901607413e-08,5.30996820182545e-06,TRUE,TRUE,TRUE,FALSE,TRUE,FALSE
"GGB3005",0.110809102905102,-0.359053826544913,0.16846970099546,0.224314063535406,0.657739060794602,-1.60067461168452,0.513353409226622,0.114977474288136,0.660288195409555,0.17294728873048,FALSE,FALSE,TRUE,TRUE,FALSE,FALSE
"GGB75036",-0.743268101563828,1.1388402405406,0.0146962969020621,0.0810813765258717,-50.5751963584469,14.045645120211,0.0125859487415911,0.045248713423056,0.0275054624474285,0.0770943719222209,TRUE,FALSE,FALSE,TRUE,FALSE,FALSE
"GGB3032",-0.906656385547457,1.91289278621151,0.038645846559924,0.0960795553119223,-23.4606423782592,19.9094675240878,2.61931191056849e-06,5.90660340078507e-06,2.00349496138164e-05,4.3335182093515e-05,TRUE,TRUE,TRUE,FALSE,TRUE,FALSE
"GGB3033",0.262835739339195,-0.702016357617479,0.0814844476574432,0.120204048640304,3.22559392491858,-5.84020559671977,0.00496626053564176,1.96796486614616e-05,0.0123555063153163,0.000115980880226155,TRUE,TRUE,FALSE,FALSE,FALSE,FALSE
"GGB3034",0.11233771965743,-0.371924774473765,0.105866869505327,0.165695472028642,1.06112252286611,-2.24462847367051,0.296577620407182,0.0318353486335384,0.413810288704567,0.057511597154558,FALSE,FALSE,TRUE,TRUE,FALSE,FALSE
"GGB3052",-0.301390060722938,0.86872011162907,0.0745424753566148,0.110623939246725,-4.04319898529092,7.85291246672714,0.0272309529226352,0.00430119821655052,0.0533489241181872,0.0100734902856672,FALSE,TRUE,TRUE,FALSE,FALSE,FALSE
"GGB29535",-0.438442773384455,0.465630781372999,0.014733780021295,0.0838802725349997,-29.7576570812627,5.55113577127103,8.03655225772564e-07,0.00260689409693995,7.70437476440632e-06,0.00664665551666604,TRUE,TRUE,FALSE,FALSE,FALSE,FALSE
"GGB3057",0.126143809072451,-0.0791656283874252,0.0535036211830473,0.103002828887642,2.35766862659418,-0.76857722493992,0.0334704300484331,0.454914814847973,0.0645805012871357,0.563937503233953,FALSE,FALSE,TRUE,TRUE,FALSE,FALSE
"GGB3058",0.404516236169003,-1.1965716441872,0.0419879592925042,0.0949673804437897,9.63410089428229,-12.5998173119605,0.0106029657256065,0.0062401004165982,0.0237493219835235,0.0139336403712239,TRUE,TRUE,FALSE,FALSE,FALSE,FALSE
"GGB3061",0.283019803046257,-0.540227503397394,0.0609483416674872,0.111098630970015,4.64360137295145,-4.86259370327615,4.21815222976192e-05,2.15509331145277e-05,0.000215095847744597,0.000121055632104261,TRUE,TRUE,FALSE,FALSE,FALSE,FALSE
"GGB3109",-0.197262599161909,0.0531741751267969,0.146359348612086,0.192309543963169,-1.34779637264401,0.276503048319748,0.180284146244657,0.782641384253168,0.266168996201045,0.891789469537286,FALSE,FALSE,TRUE,TRUE,FALSE,FALSE
"GGB3118",-0.003201163600266,0.225027936794068,NA,0.0822050144002002,NA,2.73739915303172,1,0.0714944128516048,1,0.114451141118795,FALSE,FALSE,FALSE,TRUE,FALSE,FALSE
"GGB3124",-0.040702591790286,-0.0774329414214188,0.0617799292501723,0.105122222373128,-0.658831958603651,-0.736599166887596,0.545998328532056,0.502232523697556,0.696051060664093,0.613081807365947,FALSE,FALSE,TRUE,TRUE,FALSE,FALSE
"GGB3142",0.114104274622375,-0.308371364003469,0.01761754529639,0.0812420682943232,6.4767408116587,-3.79571040567681,0.0230190126685766,0.062928011125942,0.0459740836352961,0.102133724603956,TRUE,FALSE,FALSE,TRUE,FALSE,FALSE
"GGB3175",-0.478126200008386,0.789343537978729,0.0693047311313719,0.118148336816012,-6.89889697576439,6.6809534459037,3.57946181002299e-06,5.27825484583922e-06,2.65322993959436e-05,3.95319295224833e-05,TRUE,TRUE,FALSE,FALSE,FALSE,FALSE
"GGB3304",0.526100514280812,-0.709529866753983,0.180046295278483,0.254317609211874,2.92202910072144,-2.78993605261076,0.00667373501057024,0.00922076979218387,0.0159415796431894,0.0197902491957618,TRUE,TRUE,FALSE,FALSE,FALSE,FALSE
"GGB3321",-0.159679698667632,0.561406674108254,0.0489343020158497,0.0924903880315971,-3.26314450374529,6.06989208345048,0.0114732036354947,0.000299252465558361,0.0254605969565453,0.00105471824870814,TRUE,TRUE,FALSE,FALSE,FALSE,FALSE
"GGB3323",-1.08467247879723,1.85945676476739,NA,0.0811064138570311,NA,22.9261371122279,1,1,1,1,FALSE,FALSE,TRUE,TRUE,FALSE,FALSE
"GGB39037",0.0360696411507053,0.83019010047435,0.0367090587712292,0.0863961782357861,0.982581476019072,9.6091067617442,0.505593057132818,0.0660140823786062,0.653815482155568,0.106747679901041,FALSE,FALSE,TRUE,TRUE,FALSE,FALSE
"GGB3351",-0.611043208793633,1.75585989424938,0.0500833682551416,0.0929033750170402,-12.2005214521669,18.8998504513676,0.0011855794853444,0.000323396968038403,0.00349357233591238,0.00111789625009429,TRUE,TRUE,FALSE,FALSE,FALSE,FALSE
"GGB3352",-0.601092776917521,1.20059114799825,0.0697246576301222,0.106776743166685,-8.62094985257897,11.2439386367502,3.38918482673257e-07,1.04648571163764e-08,3.9303611135818e-06,2.89393548718254e-07,TRUE,TRUE,FALSE,FALSE,FALSE,FALSE
"GGB3353",1.38425274172962,-2.20895664554747,NA,0.0862030470532505,NA,-25.6250413536185,1,0.00151942809694637,1,0.0041697282507803,FALSE,TRUE,TRUE,FALSE,FALSE,FALSE
"GGB3363",-0.14722527108083,0.0853500960395999,0.063737757959905,0.134123387827221,-2.30985958391326,0.63635505650624,0.0345684632445083,0.533543534784207,0.0661185387112929,0.646910289224022,FALSE,FALSE,FALSE,TRUE,FALSE,FALSE
"GGB3365",-2.37745793937608,3.62821815677987,NA,0.0811064138570311,NA,44.73404733657,1,1,1,1,FALSE,FALSE,TRUE,TRUE,FALSE,FALSE
"GGB3717",0.393201317416902,-0.585297545380182,0.0280365627565577,0.0834603491556692,14.0245907043271,-7.01288158150995,0.0453164139882154,0.090170752468364,0.0839133744834878,0.139725799622314,FALSE,FALSE,TRUE,TRUE,FALSE,FALSE
"GGB3730",-0.475810993750938,0.803868985213609,0.0671154022883292,0.103532170444268,-7.08944560455503,7.76443671338209,8.17769787061187e-06,3.09701327912363e-06,5.15768839383327e-05,2.58924714847662e-05,TRUE,TRUE,FALSE,FALSE,FALSE,FALSE
"GGB51269",-0.147994043793987,1.35618977215255,0.0690227953158752,0.10401042942865,-2.14413286388516,13.0389786832183,0.165227011121671,0.00583044472403679,0.24905287420646,0.0131826721905109,FALSE,TRUE,TRUE,FALSE,FALSE,FALSE
"GGB3256",0.249623741828281,-0.38920119051733,0.207613337443719,0.278770990714513,1.2023492560826,-1.39613232180212,0.235381074700698,0.169376317415014,0.338477985419604,0.24020033968717,FALSE,FALSE,TRUE,TRUE,FALSE,FALSE
"GGB3892",-0.0593697749081963,0.0860045740939775,0.0646964885475069,0.103651346943572,-0.917666108951195,0.82974873583455,0.389316688649742,0.4340617952641,0.524192320485326,0.541823664574458,FALSE,FALSE,TRUE,TRUE,FALSE,FALSE
"GGB4231",-2.79482059291826,5.48532128391627,NA,0.0811064138570311,NA,67.6311653180157,1,1,1,1,FALSE,FALSE,FALSE,TRUE,FALSE,FALSE
"GGB4552",1.33959226119322,-1.45970833313008,0.0263845975700012,0.117487133969124,50.771752634814,-12.4244100933953,2.12408523238765e-13,2.10548662560776e-07,6.42541566032845e-11,2.85856415557702e-06,TRUE,TRUE,FALSE,FALSE,FALSE,FALSE
"GGB4559",-0.176679959017658,-0.17295953463222,0.0388923605026267,0.0884849009646473,-4.54279341069374,-1.9546785129061,0.0104748273732035,0.122298818923141,0.0235356277541667,0.182055591730307,TRUE,FALSE,FALSE,TRUE,FALSE,FALSE
"GGB4562",1.58981604874285,-3.21446927855686,NA,0.0811064138570311,NA,-39.632738345738,1,1,1,1,FALSE,FALSE,TRUE,TRUE,FALSE,FALSE
"GGB4566",0.313662245033245,-0.468467309208757,0.0914152228668545,0.140825063661914,3.43118175722321,-3.32659043090106,0.00238676055841724,0.00306250637008735,0.00652502221103422,0.00761917674772597,TRUE,TRUE,FALSE,FALSE,FALSE,FALSE
"GGB4567",-0.196925782143735,0.583021708434583,0.0397651950944789,0.090484298427519,-4.95221466098317,6.44334673050047,0.00774896197691762,0.00298536384076219,0.0182672251193566,0.00747901254880841,TRUE,TRUE,FALSE,FALSE,FALSE,FALSE
"GGB4569",0.748822582027065,-1.12812168595819,0.0122520620650399,0.0824220714890863,61.1180859231656,-13.6871309538437,0.0104152962676021,0.0464297915174327,0.0234752288915545,0.0787335379741371,TRUE,FALSE,FALSE,TRUE,FALSE,FALSE
"GGB4571",-0.315097838133263,0.843082502035599,0.11418154411074,0.171405111603649,-2.75962144834601,4.91865437470215,0.012087607566271,8.28824953780315e-05,0.0265482685525919,0.000352618427081684,TRUE,TRUE,FALSE,FALSE,FALSE,FALSE
"GGB4583",-4.05110653000382,5.16212297543394,NA,0.0966436895380385,NA,53.4139683626435,1,1.44530161261456e-05,1,8.95837809887816e-05,FALSE,TRUE,FALSE,FALSE,FALSE,FALSE
"GGB4584",0.775259604717498,-1.10811323990041,NA,0.0811064138570311,NA,-13.6624612925646,1,1,1,1,FALSE,FALSE,TRUE,TRUE,FALSE,FALSE
"GGB4585",-0.669561102996132,1.38554731202085,0.034310828335215,0.0897465827502153,-19.5145712150857,15.438440880553,6.52179243287518e-06,2.06994835546794e-05,4.37217364699319e-05,0.000118118481554083,TRUE,TRUE,FALSE,FALSE,FALSE,FALSE
"GGB4593",-0.737236825161297,1.67467716265042,0.0643813099782701,0.120630083621711,-11.4511001004815,13.8827489161171,8.89654170081298e-05,3.48402588496963e-05,0.000392430275023591,0.000177209882926173,TRUE,TRUE,TRUE,FALSE,TRUE,FALSE
"GGB4599",-0.11959495651825,0.202649370684823,0.0430897296419103,0.0911023322740349,-2.77548635166949,2.22441473918862,0.024091791661128,0.0567896596522405,0.0478508237689255,0.0928552904775752,TRUE,FALSE,FALSE,TRUE,FALSE,FALSE
"GGB4602",1.27994317583808,-2.95893099578867,NA,0.0811064138570311,NA,-36.4820839077471,1,1,1,1,FALSE,FALSE,TRUE,TRUE,FALSE,FALSE
"GGB4603",-0.618099495583574,1.39103805611911,0.0220994507126433,0.0839647636997421,-27.9689981267251,16.5669263489321,9.72190734024187e-06,7.77512729275806e-05,5.92377235392704e-05,0.000340872958749576,TRUE,TRUE,FALSE,FALSE,FALSE,FALSE
"GGB4604",-0.337506555400952,0.635581403081492,0.0577021133927078,0.101787792009601,-5.8491194785875,6.24418106074591,0.000383159942446953,0.000247264320503546,0.0013373397991231,0.000893382142924873,TRUE,TRUE,FALSE,FALSE,FALSE,FALSE
"GGB4605",0.0274584522068208,0.318405649185799,0.0482126645659873,0.101806629096728,0.569527788061562,3.12755320562944,0.58463088399729,0.0140671863949402,0.73196282333499,0.0286524278129234,FALSE,TRUE,TRUE,FALSE,FALSE,FALSE
"GGB47174",0.388951839591948,-0.0141359869212022,NA,0.0811064138570311,NA,-0.17428938414316,1,1,1,1,FALSE,FALSE,TRUE,TRUE,FALSE,FALSE
"GGB4683",-0.719295088140719,1.72112389190389,NA,0.0811064138570311,NA,21.2205645651868,1,1,1,1,FALSE,FALSE,FALSE,TRUE,FALSE,FALSE
"GGB4684",-0.171149110535229,0.765609042755206,0.101551411149013,0.141389496689539,-1.68534448314155,5.41489333140721,0.122822520230858,0.000295131069539987,0.194514079396447,0.00104531644827217,FALSE,TRUE,TRUE,FALSE,FALSE,FALSE
"GGB4717",1.11659939597489,-2.39439230797487,0.0393310201725713,0.0941961713956085,28.3897898166799,-25.4192104891271,9.59506200083925e-05,0.000133527324687076,0.00041559334810864,0.000521772535054391,TRUE,TRUE,FALSE,FALSE,FALSE,FALSE
"GGB4723",0.433482800955578,-0.927742242829992,0.0272836652456877,0.0832527319829106,15.8879973439086,-11.1436852669343,0.0400164407646236,0.056975688675772,0.0757153181835904,0.0928923359589118,FALSE,FALSE,TRUE,TRUE,FALSE,FALSE
"GGB4739",0.849246129365817,-1.17965736303322,NA,0.0916893775548185,NA,-12.8658018463254,1,0.0493822627904181,1,0.0829575863231556,FALSE,FALSE,TRUE,TRUE,FALSE,FALSE
"GGB4769",-1.92638392219186,2.97697996275975,0.0505166629942681,0.102259962641541,-38.1336336964784,29.1118819708076,2.82442523503411e-06,8.28822539596037e-06,2.11537681665576e-05,5.56937762588365e-05,TRUE,TRUE,TRUE,FALSE,TRUE,FALSE
"GGB4802",0.515918292051562,-1.11810003094738,0.0616000302414555,0.107016871633552,8.3752928371837,-10.4478855892554,3.91846553992375e-08,8.94645638588917e-10,6.87165054440286e-07,4.28833476096954e-08,TRUE,TRUE,FALSE,FALSE,FALSE,FALSE
"GGB45620",-1.39223903291597,2.1593133093177,0.0370837512708833,0.08935060366955,-37.5431013638878,24.1667456137577,2.38385592126292e-08,3.2986867769629e-07,4.39485232663601e-07,4.08923412523505e-06,TRUE,TRUE,FALSE,FALSE,FALSE,FALSE
"GGB9052",1.05296738671931,-1.18225868971165,0.0909742919028422,0.131793146358044,11.5743400107345,-8.97056275217674,8.44697635971199e-05,0.000287112992367634,0.000374899753248946,0.00102195169065509,TRUE,TRUE,FALSE,FALSE,FALSE,FALSE
"GGB74665",-0.340005692087972,0.700287097988176,0.102255370381059,0.152276295080694,-3.3250644031793,4.59879259353586,0.0159039211471849,0.0036967061275493,0.0336321156024292,0.00904058403302023,TRUE,TRUE,FALSE,FALSE,FALSE,FALSE
"GGB33516",-0.953357577822159,2.0810729005593,0.0327869867557116,0.0848822122822028,-29.0773160987745,24.517184986184,0.00118065146094744,0.00165949778991749,0.00349336790296794,0.00446883487247445,TRUE,TRUE,FALSE,FALSE,FALSE,FALSE
"GGB9062",0.329272487134831,-0.617256305948869,0.137494385418134,0.181540616865813,2.39480678526239,-3.40010030044746,0.0226557259110187,0.00182235867046159,0.0453745596936558,0.00485287364467364,TRUE,TRUE,FALSE,FALSE,FALSE,FALSE
"GGB9063",-0.0463323671270845,0.297515651587741,0.135786213079133,0.177532769486293,-0.341215548150557,1.67583512862796,0.734820905193307,0.101980948287866,0.884985311279711,0.155348097074101,FALSE,FALSE,TRUE,TRUE,FALSE,FALSE
"GGB9064",-0.523298828478947,0.786130141758748,0.0607382402208583,0.114906169664864,-8.61564027169886,6.84149636221951,5.47768901687439e-08,1.57546382539596e-06,8.7521297847393e-07,1.47111492267493e-05,TRUE,TRUE,FALSE,FALSE,FALSE,FALSE
"GGB28369",0.761482019065019,-1.2734332002552,NA,0.0811064138570311,NA,-15.7007706258585,1,1,1,1,FALSE,FALSE,TRUE,TRUE,FALSE,FALSE
"GGB9086",1.56319665046077,-2.21931370403485,0.0314087161238541,0.107305461611012,49.7695176172312,-20.6822063920658,9.75280538812024e-07,3.22868232739608e-05,8.76554343679434e-06,0.000168219028507086,TRUE,TRUE,FALSE,FALSE,FALSE,FALSE
"GGB9088",-2.76631330600099,3.89323139599709,NA,0.0861760642726312,NA,45.1776421777659,1,0.000489591473685203,1,0.00157150120348063,FALSE,TRUE,FALSE,FALSE,FALSE,FALSE
"GGB9089",-0.57882308169601,1.68531587354497,0.0481914660522141,0.0920035421180776,-12.0109041934701,18.3179455349885,0.00124168323931683,0.000354977271087045,0.0036291473539382,0.00120390876373389,TRUE,TRUE,FALSE,FALSE,FALSE,FALSE
"GGB9091",-0.39809629631002,1.22884879252777,0.0731414497143742,0.117726822631626,-5.4428275330149,10.438137758741,0.000149381331074527,2.24900225059786e-07,0.000586913535751832,2.94005930578157e-06,TRUE,TRUE,FALSE,FALSE,FALSE,FALSE
"GGB9092",-0.163624178790089,0.257924852740558,0.0490586841730632,0.102363412312335,-3.33527450946046,2.51969768215197,0.00391978597688984,0.022040104350915,0.0100654504192278,0.0414838613306489,TRUE,TRUE,FALSE,FALSE,FALSE,FALSE
"GGB9110",0.362112352220118,-0.890831644115939,0.0896968280542007,0.124629893694931,4.03706976127747,-7.14781676935803,0.00122384182489814,4.95191451401768e-06,0.00359160111061943,3.74781740587233e-05,TRUE,TRUE,FALSE,FALSE,FALSE,FALSE
"GGB9112",1.35924051997291,-2.13245301626922,NA,0.0811064138570311,NA,-26.2920392464665,1,1,1,1,FALSE,FALSE,TRUE,TRUE,FALSE,FALSE
"GGB9115",-0.525189660157318,1.09491511266206,0.0610164079998471,0.103040470038538,-8.60735132357568,10.6260686917728,2.56924557689916e-05,5.38457301512374e-06,0.000141014318304618,3.99124535863296e-05,TRUE,TRUE,FALSE,FALSE,FALSE,FALSE
"GGB9116",-0.091388389028411,0.508181406383561,0.0692508221105474,0.109263924097654,-1.31967226154405,4.65095328197601,0.235060529219578,0.00350021967207916,0.338477985419604,0.00861869158981135,FALSE,TRUE,TRUE,FALSE,FALSE,FALSE
"GGB9117",1.67291214963602,-3.10745426209725,0.075913934322147,0.11878182930157,22.0369575700935,-26.1610237893195,1.00086203555711e-07,3.05099471441258e-08,1.35777321427464e-06,6.451956469596e-07,TRUE,TRUE,FALSE,FALSE,FALSE,FALSE
"GGB9176",0.384397384605098,-0.636431733811372,0.105360290838534,0.172099379016046,3.64840853746497,-3.69804782242725,0.000901663852562882,0.000785787466562898,0.00273542746832368,0.00235408828524468,TRUE,TRUE,FALSE,FALSE,FALSE,FALSE
"GGB3511",0.061229849949929,-0.228325559383249,0.0812942967268228,0.159756390676353,0.753187522559949,-1.42921080287679,0.457408665584917,0.163628041072473,0.601237350192971,0.232507038599028,FALSE,FALSE,TRUE,TRUE,FALSE,FALSE
"GGB9184",0.310783415157206,-1.15723657444868,0.0252855298523561,0.0900981829433782,12.2909591759355,-12.844172175769,5.41310383220254e-06,4.02402965643449e-06,3.70668729081298e-05,3.14486665540913e-05,TRUE,TRUE,FALSE,FALSE,FALSE,FALSE
"GGB9185",0.0216000109208511,-0.100620001179016,0.0570727186557414,0.100022357604157,0.378464727624783,-1.00597509985941,0.709072885871715,0.326444210132634,0.86264535523141,0.422907003757413,FALSE,FALSE,TRUE,TRUE,FALSE,FALSE
"GGB9189",-0.290331069137083,1.00710999702485,0.0325527835567769,0.0914595248002345,-8.91877859325619,11.0115376088448,0.000873736632224266,0.000386590270713998,0.00268526271529116,0.00128558481702768,TRUE,TRUE,FALSE,FALSE,FALSE,FALSE
"GGB9197",2.4435066064116,-3.57804239336361,NA,0.0907602750292092,NA,-39.4230007810366,1,0.016144973050443,1,0.0320676476706569,FALSE,TRUE,TRUE,FALSE,FALSE,FALSE
"GGB9198",0.208924726914674,-0.654212270158295,0.0833762199353613,0.141984579405333,2.50580713633511,-4.60762903195756,0.0214757946928931,0.000192117652375063,0.0431315541457826,0.000723207288260053,TRUE,TRUE,FALSE,FALSE,FALSE,FALSE
"GGB9199",-0.539793364914716,1.68978332760606,0.0971343469662454,0.126020648410157,-5.55718323923356,13.4087814094271,0.000353150634014011,2.97548282975616e-07,0.0012446828718435,3.82030741891907e-06,TRUE,TRUE,FALSE,FALSE,FALSE,FALSE
"GGB9209",-0.744296824942397,2.18667249108407,0.0572075688645288,0.0979143941815428,-13.0104606735682,22.3324926775298,4.78340235447789e-05,3.34451408339032e-06,0.000235488796811608,2.73262002949732e-05,TRUE,TRUE,FALSE,FALSE,FALSE,FALSE
"GGB9210",-0.257878281540637,0.340381323628946,0.118583379080873,0.156221450337798,-2.17465789505599,2.17883858390086,0.040192108866455,0.0398435643221524,0.0758481004592681,0.0693644618586624,FALSE,FALSE,TRUE,TRUE,FALSE,FALSE
"GGB9211",-0.321026596226241,1.30548158199106,0.0458527297203742,0.0900156530141652,-7.00125375706032,14.5028285445602,0.00011249769042207,5.00281851230045e-07,0.000467548204702128,5.30996820182545e-06,TRUE,TRUE,FALSE,FALSE,FALSE,FALSE
"GGB9225",-0.171877233613102,-0.00889107577481601,0.0491344691109568,0.103684333295386,-3.49809892572492,-0.0857513907090112,0.00498694942444602,0.93320496849504,0.012364195297161,1,TRUE,FALSE,FALSE,TRUE,FALSE,FALSE
"GGB36267",-0.324253424868727,0.386752893837305,0.0941016781804182,0.14196399724828,-3.44577728196351,2.72430264950145,0.00165660838814214,0.0104927257060611,0.0046527399651336,0.0222544831346843,TRUE,TRUE,FALSE,FALSE,FALSE,FALSE
"GGB9238",0.0663500903353373,-0.265304456427484,0.0396995417211839,0.0935754970817437,1.67130620301172,-2.83519152664212,0.145694714313652,0.0297541863660674,0.223834400836572,0.0541601518916517,FALSE,FALSE,TRUE,TRUE,FALSE,FALSE
"GGB9239",0.656170959345327,-1.33367155451391,0.0399623674972063,0.0945700115699892,16.4197218643565,-14.1024784958061,0.000491591688574112,0.000772286499790615,0.00166723784945654,0.00233308400566997,TRUE,TRUE,FALSE,FALSE,FALSE,FALSE
"GGB9240",0.240713578076146,-0.342058561783818,0.0667656079414171,0.107050322264784,3.60535289796744,-3.1953062311924,0.00202296568600227,0.00501395394973838,0.00557284416948519,0.0115917456265656,TRUE,TRUE,FALSE,FALSE,FALSE,FALSE
"GGB9289",0.97757351805968,-3.00779000652671,0.0227757905214332,0.0821819391412351,42.921606481221,-36.599160812665,0.0148294687485175,0.0173900550381576,0.0318280239706987,0.0341624305257796,TRUE,TRUE,FALSE,FALSE,FALSE,FALSE
"GGB9253",0.542471257227086,-0.511484946638063,0.021905626211621,0.0849261211163344,24.7640150519551,-6.02270467454195,2.85283384241544e-07,0.000945599498479559,3.41864588782784e-06,0.00277504505880328,TRUE,TRUE,FALSE,FALSE,FALSE,FALSE
"GGB9261",0.623255357767417,-0.481609736036787,0.0247738986845342,0.0885366037401847,25.1577422554206,-5.43966806599106,1.48218982944416e-05,0.00554425015243366,8.66418282414919e-05,0.0126149236063285,TRUE,TRUE,FALSE,FALSE,FALSE,FALSE
"GGB9266",-0.7690105905737,1.6935423558062,NA,0.0811064138570311,NA,20.8804985360524,1,1,1,1,FALSE,FALSE,FALSE,TRUE,FALSE,FALSE
"GGB9271",-0.609770796092048,1.97069687754857,0.0460191751916904,0.0912725076449454,-13.2503634311585,21.5913524060791,0.000928866667010467,0.000217414055938454,0.00280611400664086,0.000797554623570144,TRUE,TRUE,FALSE,FALSE,FALSE,FALSE
"GGB9282",-1.35321285316551,2.94599000198739,NA,0.0811064138570311,NA,36.3225281687387,1,1,1,1,FALSE,FALSE,FALSE,TRUE,FALSE,FALSE
"GGB9290",1.3718943363604,-1.9950615851437,0.0313754587974923,0.098014877354274,43.7250765069306,-20.3546812381611,8.54521641144535e-10,1.73174463823538e-07,2.27555948141822e-08,2.44142038213969e-06,TRUE,TRUE,FALSE,FALSE,FALSE,FALSE
"GGB9291",-0.324359510748745,1.17827315399066,0.0453523022474267,0.0904968163269021,-7.15199658396942,13.0200508903471,0.00562908272854743,0.000978331421785586,0.0137663621830803,0.00284101088247382,TRUE,TRUE,FALSE,FALSE,FALSE,FALSE
"GGB9293",1.25501079333266,-1.45259900886959,0.0284480559945733,0.113461378375735,44.1158718744108,-12.8025855992971,7.69210769841425e-11,1.30707526546564e-06,3.07256968619991e-09,1.23656199456552e-05,TRUE,TRUE,FALSE,FALSE,FALSE,FALSE
"GGB9297",2.50912662736832,-4.77538420742065,NA,0.0811064138570311,NA,-58.87800952263,1,1,1,1,FALSE,FALSE,TRUE,TRUE,FALSE,FALSE
"GGB9299",0.357677124985675,-0.658833675448741,0.0706401261380947,0.116435030218224,5.06337041763558,-5.65838025046196,0.000489557952813632,0.00021000925575603,0.00166723784945654,0.000778632639187481,TRUE,TRUE,FALSE,FALSE,FALSE,FALSE
"GGB9301",-0.153490940400113,0.610407742138976,0.0735692303112231,0.115283525570527,-2.08634696531136,5.29483930265082,0.0523229061007007,5.94130103226938e-05,0.0942861390636687,0.00027920231648377,FALSE,TRUE,TRUE,FALSE,FALSE,FALSE
"GGB9302",0.249588804608347,-0.0231072432900739,0.0308059042625131,0.0853495056086797,8.1019794933293,-0.270736697597507,0.0148946234919906,0.811974728203496,0.0318727211033966,0.919385558391045,TRUE,FALSE,FALSE,TRUE,FALSE,FALSE
"GGB9309",0.650588207952137,-1.26422638689841,0.0122520620650399,0.0822848950306388,53.1003029937736,-15.3640153083707,1.47104357487049e-05,0.000598925173203884,8.66418282414919e-05,0.0018500077176488,TRUE,TRUE,FALSE,FALSE,FALSE,FALSE
"GGB40351",0.0421436957507765,-0.430714647983652,0.07470269739476,0.134678330214126,0.564152262508966,-3.19809910992255,0.583041206840204,0.00765951209384042,0.73196282333499,0.0167902109618026,FALSE,TRUE,TRUE,FALSE,FALSE,FALSE
"GGB9342",0.53214619463307,-0.657175154628423,0.168189160834363,0.261914735382512,3.16397437262405,-2.50911867814025,0.00305890402385541,0.0164860880467398,0.00802683209179577,0.0325645530373789,TRUE,TRUE,FALSE,FALSE,FALSE,FALSE
"GGB9343",-0.130829214162859,0.10055829154048,0.0688949933655671,0.11969498755886,-1.89896548024411,0.84012115788082,0.0799871639509777,0.416024551036161,0.133435663296411,0.521117860966899,FALSE,FALSE,TRUE,TRUE,FALSE,FALSE
"GGB9347",1.56077816323512,-2.29110615992669,0.128760375610286,0.18149612347999,12.1215719963343,-12.6234440493672,3.76594659071203e-09,2.15682448169526e-09,9.33695034042051e-08,9.12209883728761e-08,TRUE,TRUE,FALSE,FALSE,FALSE,FALSE
"GGB9348",-0.131455769417732,0.741772108014845,0.0622023692786314,0.099585276702324,-2.11335630687771,7.44861221033827,0.168914618985283,0.0175508192231399,0.253548248539496,0.0343843025107291,FALSE,TRUE,TRUE,FALSE,FALSE,FALSE
"GGB9350",0.819517606055743,-1.53673584149289,0.0568010604943146,0.10840420677273,14.4278574893469,-14.1759797635406,6.05801266764606e-09,7.40268498545684e-09,1.36115972126172e-07,2.41933204751976e-07,TRUE,TRUE,FALSE,FALSE,FALSE,FALSE
"GGB9445",-0.985319513021813,2.84186638983938,NA,0.0811064138570311,NA,35.0387380565097,1,1,1,1,FALSE,FALSE,FALSE,TRUE,FALSE,FALSE
"GGB9463",1.39384008059089,-2.15070074596363,0.0902798473050187,0.153336232053632,15.4391054282765,-14.0260440546849,1.15425536892855e-06,2.21805195068359e-06,1.02457976575263e-05,1.94485286895305e-05,TRUE,TRUE,FALSE,FALSE,FALSE,FALSE
"GGB9464",1.87784841245855,-2.84298792300416,0.123934108819234,0.182661469731982,15.1519902821709,-15.5642453067725,2.63814219435281e-11,1.72082333626462e-11,1.35487445552833e-09,2.47454395754852e-09,TRUE,TRUE,FALSE,FALSE,FALSE,FALSE
"GGB58158",-0.371623071626842,0.491250033856004,0.126345769176697,0.191970211602497,-2.94131789333696,2.55899094841449,0.004144246175572,0.0121482848723403,0.0105290212022483,0.0252269774275232,TRUE,TRUE,FALSE,FALSE,FALSE,FALSE
"GGB31234",-0.0835347263200386,0.0382176968247373,0.0963850295108111,0.135644626243039,-0.866677395276088,0.281748697926753,0.393485270830734,0.780208148384911,0.528814784537005,0.890428029664684,FALSE,FALSE,TRUE,TRUE,FALSE,FALSE
"GGB9474",0.182992305957133,-0.659509340723646,0.0723826883588252,0.125048177946123,2.52812254015737,-5.27404198570408,0.0167768791456757,9.7878155964735e-06,0.0351678603665913,6.39767219442222e-05,TRUE,TRUE,FALSE,FALSE,FALSE,FALSE
"GGB9476",0.00275729332280912,-0.576627751679446,0.0573727382998401,0.105628447672413,0.0480592944404887,-5.45901946289838,0.962399483368761,0.000109523499510757,1,0.000442401101956374,FALSE,TRUE,TRUE,FALSE,FALSE,FALSE
"GGB9480",-0.111694039560714,0.0450619355129303,0.25737557480211,0.373551630335306,-0.433972958182192,0.120631077081586,0.665271800258283,0.904232774797312,0.814872954660486,1,FALSE,FALSE,TRUE,TRUE,FALSE,FALSE
"GGB9499",-0.510600619988645,1.00652900283659,0.0404739294955445,0.0938207505674785,-12.6155435450085,10.7282130738515,5.02282070611518e-07,1.98741647883474e-06,5.233924764778e-06,1.78619056035272e-05,TRUE,TRUE,FALSE,FALSE,FALSE,FALSE
"GGB9501",0.133431103168086,-0.592028958457286,0.0718273635871656,0.134452584997886,1.85766393898283,-4.40325456343287,0.0733976057055317,0.000132614826747013,0.125054214460373,0.000521772535054391,FALSE,TRUE,TRUE,FALSE,FALSE,FALSE
"GGB9502",-0.148810292827765,0.169809438619219,0.104960608120128,0.149581536118843,-1.41777277678737,1.13522994231256,0.160631078434076,0.260096837886121,0.244172823243342,0.348898556791271,FALSE,FALSE,TRUE,TRUE,FALSE,FALSE
"GGB42378",0.17731364747439,-0.275559896657564,0.0600891175258401,0.103558182165223,2.95084459175391,-2.66091863429892,0.00991638755308466,0.0177986144684575,0.0225629197805945,0.0347750103337526,TRUE,TRUE,FALSE,FALSE,FALSE,FALSE
"GGB52106",-0.521934056312957,0.848545875931394,0.0898402329799858,0.132084975168484,-5.80958039622661,6.42424223382721,2.37676335275419e-06,4.28688204732392e-07,1.87790423146183e-05,4.81604405004047e-06,TRUE,TRUE,FALSE,FALSE,FALSE,FALSE
"GGB33586",-0.191706092924537,0.239892373262407,0.126536189167488,0.182630086658319,-1.51502976489032,1.31354245979864,0.133706148172259,0.192754945368888,0.20898852290403,0.269108360621806,FALSE,FALSE,TRUE,TRUE,FALSE,FALSE
"GGB9529",0.219405119744409,-0.39036061225129,0.0821295164233259,0.121767043153048,2.67145271638413,-3.20579856538562,0.0174274559602208,0.00589346172284971,0.0361104923210339,0.0132833823784606,TRUE,TRUE,FALSE,FALSE,FALSE,FALSE
"GGB9530",-0.520913733528072,1.06644342883528,0.05591534602962,0.0956985287547705,-9.3161139207138,11.1437808157748,0.00261841947450284,0.00154854687370752,0.00706114086419093,0.00423347985625744,TRUE,TRUE,FALSE,FALSE,FALSE,FALSE
"GGB9531",0.183788825736034,-0.541062829353405,0.122884647964185,0.188446179066107,1.49562072057691,-2.87117962292883,0.139312496453502,0.00542643400871969,0.216340572246367,0.0123860509595856,FALSE,TRUE,TRUE,FALSE,FALSE,FALSE
"GGB9532",-0.208299575552778,0.518442137296155,0.0731690894195751,0.126706197202512,-2.84682476172856,4.09168729503844,0.013740342775008,0.00127281699982494,0.0297569471543096,0.0035471140421478,TRUE,TRUE,FALSE,FALSE,FALSE,FALSE
"GGB9533",0.908578865574635,-1.7818343696774,0.0996934603421838,0.136930354903253,9.11372583974983,-13.0127054073316,4.27335604445681e-09,4.315177845993e-12,1.02418099865482e-07,1.55130643563448e-09,TRUE,TRUE,FALSE,FALSE,FALSE,FALSE
"GGB9534",-0.274357424170992,0.393065732436917,0.183559693117877,0.235831694855778,-1.49464961240051,1.66672139924744,0.138709248072933,0.0992507343083822,0.215870020269348,0.152007435520375,FALSE,FALSE,TRUE,TRUE,FALSE,FALSE
"GGB9536",-0.248264709015431,0.176213272108977,0.039892564601166,0.09224016228291,-6.22333288164118,1.91037469739605,0.00339445676137859,0.128690337753858,0.00884760560983224,0.187684285689704,TRUE,FALSE,FALSE,TRUE,FALSE,FALSE
"GGB9537",0.164140639386499,-0.67247446538509,0.109201611947431,0.142990173505743,1.50309722044685,-4.70294180990054,0.143626766437709,5.78859075790003e-05,0.222080957137017,0.000273815575982245,FALSE,TRUE,TRUE,FALSE,FALSE,FALSE
"GGB9547",4.10616301091738e-06,-0.284013165664099,0.0753976315267509,0.127580750705006,5.44601060772117e-05,-2.22614433678006,0.999956847794454,0.0323534327366825,1,0.0581552953441869,FALSE,FALSE,TRUE,TRUE,FALSE,FALSE
"GGB9551",0.675068437193287,-2.12104912597351,0.0295473508896101,0.085444402351769,22.8470037708411,-24.8237341194253,2.17424161485378e-05,1.56314355061108e-05,0.000123092891423612,9.36583510741138e-05,TRUE,TRUE,FALSE,FALSE,FALSE,FALSE
"GGB52130",-0.3129520185671,0.401227883765223,0.0956912206463309,0.149713070432835,-3.27043605937218,2.67997899318499,0.00178165661803374,0.00949034236355914,0.00494598883539097,0.0203082028553542,TRUE,TRUE,FALSE,FALSE,FALSE,FALSE
"GGB9559",-0.222014995315386,0.539623093272193,0.0884062487191514,0.146299893907281,-2.51130433122077,3.68847221184032,0.0176452903479431,0.000891896613975109,0.0364567924142846,0.00266088657862283,TRUE,TRUE,TRUE,FALSE,TRUE,FALSE
"GGB9561",-0.508810872019725,1.40841769757842,0.0760662093898052,0.109195190321374,-6.68905255173552,12.8981660587182,0.00112909026890764,4.98991558566114e-05,0.0033825662639358,0.000242415493654754,TRUE,TRUE,FALSE,FALSE,FALSE,FALSE
"GGB33512",-0.0522089133309546,0.066556721826102,0.172423817945618,0.234303956020215,-0.302794091634261,0.284061451443696,0.763411870989392,0.777638045318503,0.916349140636682,0.88890581014945,FALSE,FALSE,TRUE,TRUE,FALSE,FALSE
"GGB35551",0.470566675692281,-1.05036761584769,0.0371780837869071,0.0871580218298987,12.6570986925905,-12.0513016908258,5.47038098456342e-05,6.94412015020313e-05,0.000262213595193406,0.000312051399249753,TRUE,TRUE,FALSE,FALSE,FALSE,FALSE
"GGB9582",2.22780918443122,-3.8613449789406,0.0845647883520062,0.116513457053487,26.3444067897128,-33.1407639648697,0.00143775786040863,0.000909247953769415,0.00413499160653523,0.00270144330066202,TRUE,TRUE,FALSE,FALSE,FALSE,FALSE
"GGB9583",0.388196422353555,-0.936384421381531,0.0129373421773317,0.0929605273162145,30.0058866058081,-10.0729250189849,8.13050610624067e-05,0.00208355831003284,0.000364257411773676,0.00544755790877677,TRUE,TRUE,FALSE,FALSE,FALSE,FALSE
"GGB9690",0.360547117659811,-0.290427156698748,0.038596942566731,0.0981291630049285,9.3413388129501,-2.95964163766648,6.2902885533729e-06,0.0159688106157291,4.26671459422181e-05,0.031966053423459,TRUE,TRUE,FALSE,FALSE,FALSE,FALSE
"GGB9691",-2.00453878895685,3.41698786043615,0.0122520620650399,0.0810020580512441,-163.608279024036,42.1839635021924,0.00389107353626964,0.0150886855607524,0.0100275335934691,0.0304740587589353,TRUE,TRUE,TRUE,FALSE,TRUE,FALSE
"GGB9694",0.0182929000862601,-0.15607675271814,0.131605526626408,0.177992503037603,0.138997962738971,-0.876872621343873,0.890248480753878,0.38653504126498,1,0.487576657314949,FALSE,FALSE,TRUE,TRUE,FALSE,FALSE
"GGB9695",-0.411932797065601,0.658408909987118,0.0814556212558909,0.123909759052614,-5.05714388662662,5.3136162560654,0.000141797730974744,8.67757378718789e-05,0.000560178948191433,0.00036274276470861,TRUE,TRUE,FALSE,FALSE,FALSE,FALSE
"GGB9719",-0.149391124692353,0.102577632812611,0.177398709674235,0.260480052447869,-0.842120695052894,0.393802257979585,0.40148359896852,0.69446264273168,0.536555218695848,0.809268460492833,FALSE,FALSE,TRUE,TRUE,FALSE,FALSE
"GGB9747",0.158327918369345,-0.00945322397842386,0.0654277215148002,0.114167687670731,2.41989044863087,-0.0828012213550978,0.0263282946830521,0.934923451090874,0.0518631339099026,1,FALSE,FALSE,TRUE,TRUE,FALSE,FALSE
"GGB9767",0.439930584856019,-0.498625163238857,0.0649603720807216,0.106687015681542,6.77229164126936,-4.67371929052021,8.1565289701755e-05,0.00116246743380688,0.000364257411773676,0.00327770229375352,TRUE,TRUE,FALSE,FALSE,FALSE,FALSE
"GGB9770",0.475515148001463,-0.979665087377596,0.143771063717112,0.228244349444006,3.30744682349365,-4.29217673849986,0.00169550040408251,7.55515618087652e-05,0.00474344276472889,0.000335318351484581,TRUE,TRUE,FALSE,FALSE,FALSE,FALSE
"GGB33544",0.407394104418085,-0.664692583261178,0.0295555160704674,0.0839812204767503,13.7840294666742,-7.91477641653463,3.60777340841759e-05,0.000518273339178929,0.00018797022323567,0.00163437952135811,TRUE,TRUE,FALSE,FALSE,FALSE,FALSE
"GGB9774",-1.06290148755048,1.84683094388073,0.0397566715375706,0.0883339309989223,-26.7351729016354,20.9073786595466,1.16353489483048e-05,3.09284520383873e-05,7.03009738977409e-05,0.000162317934420441,TRUE,TRUE,FALSE,FALSE,FALSE,FALSE
"GGB9775",-0.156339723373107,0.410392895079198,0.102425989626437,0.150165546791747,-1.52636771139143,2.73293644146178,0.137752108328752,0.0105808125823355,0.214845479150484,0.0223753066079389,FALSE,TRUE,TRUE,FALSE,FALSE,FALSE
"GGB9780",0.717393002536222,-1.82447216344798,0.0384762034302914,0.0988221997345013,18.6451088875218,-18.4621691112894,0.00286418573967725,0.00292097912860669,0.00759907581855329,0.00736906664374809,TRUE,TRUE,FALSE,FALSE,FALSE,FALSE
"GGB45491",0.336979664956084,-0.663060956392245,0.053991932739204,0.133635942234998,6.24129657635686,-4.96169627199737,1.88815584664533e-06,4.58073356239879e-05,1.56044144107815e-05,0.000225585440504433,TRUE,TRUE,FALSE,FALSE,FALSE,FALSE
"GGB45495",0.281886155525471,-0.841320680167926,0.0842520945278814,0.127708654603558,3.34574656102095,-6.58781257057017,0.00339629923270333,2.63627147419474e-06,0.00884760560983224,2.22997551758355e-05,TRUE,TRUE,FALSE,FALSE,FALSE,FALSE
"GGB9779",1.56776100365143,-2.98000083264406,NA,0.0811064138570311,NA,-36.7418640638829,1,1,1,1,FALSE,FALSE,TRUE,TRUE,FALSE,FALSE
"GGB9781",-0.260142737354243,0.555615840885186,0.137731694396411,0.18371488036131,-1.88876451781327,3.02433771174367,0.0651030103850784,0.00402972645167312,0.112521789583825,0.00959395138659925,FALSE,TRUE,TRUE,FALSE,FALSE,FALSE
"GGB9782",0.0988147825311878,-0.320205137475846,0.0899860500989346,0.127577259797846,1.0981122343135,-2.50989195083223,0.285200238750212,0.0207894657370046,0.401289572722901,0.0395439837695935,FALSE,TRUE,TRUE,FALSE,FALSE,FALSE
"GGB9784",-0.312563124280268,0.904502432235854,0.0151341868906259,0.0817774952207803,-20.6527860756014,11.0605299146655,0.000248245529419162,0.00158309968902497,0.000918417151895207,0.00431154801670059,TRUE,TRUE,FALSE,FALSE,FALSE,FALSE
"GGB9786",0.310940859991028,-0.102870623033694,0.0198589688462091,0.0863355062017459,15.6574524286231,-1.19152162950559,0.000566195653560832,0.319120551805344,0.00190231156500111,0.415666081065294,TRUE,FALSE,FALSE,TRUE,FALSE,FALSE
"GGB9787",0.466879988772568,-0.585869527763802,0.0553488430090508,0.114420427754121,8.43522580401947,-5.12032282402213,1.76131612699827e-07,8.52563301040574e-05,2.23336853460463e-06,0.00035847544646092,TRUE,TRUE,FALSE,FALSE,FALSE,FALSE
"GGB9788",0.0668058338988322,0.161421197353582,0.0438494547029948,0.0942556531525428,1.52352713052711,1.71258902733758,0.166129902938043,0.125143878132921,0.249889958603458,0.184760674286591,FALSE,FALSE,TRUE,TRUE,FALSE,FALSE
"GGB4699",0.681673805832513,-0.398544988098647,NA,0.112660079349028,NA,-3.53758838447049,1,0.0714489467225556,1,0.114451141118795,FALSE,FALSE,FALSE,TRUE,FALSE,FALSE
"GGB4700",2.7712784086176,-4.86384674624376,NA,0.0811064138570311,NA,-59.9687067266642,1,1,1,1,FALSE,FALSE,TRUE,TRUE,FALSE,FALSE
"GGB10692",1.10022605359619,-1.53429783208773,0.0348155983454131,0.112217165790167,31.6015264962734,-13.6725769295999,3.78532402287057e-12,3.01014939837849e-08,3.40205996555492e-10,6.451956469596e-07,TRUE,TRUE,FALSE,FALSE,FALSE,FALSE
"GGB741",-2.7094239022953,3.89649633756022,0.0122520620650399,0.0821866622607401,-221.14023646896,47.4103246241883,0.00287878607371247,0.0134258812545664,0.00760973230514437,0.0274238881307762,TRUE,TRUE,FALSE,FALSE,FALSE,FALSE
"GGB51884",-0.264820429345467,2.41582586443198,0.0598887568272747,0.0981505600092401,-4.42187220731992,24.6134700016439,0.0475267486163505,0.0016465716495557,0.0867302849115635,0.00445069554898703,FALSE,TRUE,TRUE,FALSE,FALSE,FALSE
"GGB9758",0.126296009827073,0.145054049054471,0.146260581210511,0.245685614497802,0.863499985996205,0.590405137683668,0.39519936316026,0.559654555196546,0.530127503940723,0.674022822757649,FALSE,FALSE,FALSE,TRUE,FALSE,FALSE
"GGB9765",0.012589942217286,0.0831282094284715,0.0909775660546635,0.138140295126299,0.138385129029737,0.601766554447196,0.890963006190446,0.552349526063843,1,0.666341122885744,FALSE,FALSE,TRUE,TRUE,FALSE,FALSE
"GGB9766",-0.326983259135605,1.20728208896668,0.0517664013824008,0.103213254953727,-6.31651516048343,11.6969675019737,0.00013824771311527,9.57137711301964e-07,0.000549171854861213,9.69270442853679e-06,TRUE,TRUE,FALSE,FALSE,FALSE,FALSE
"GGB44201",-0.52102471202033,0.5800094177226,0.0202126472933192,0.0816081922713207,-25.7771633996969,7.10724501523398,0.00150158767988279,0.0192277822321623,0.00427529361655734,0.0369646401735955,TRUE,TRUE,FALSE,FALSE,FALSE,FALSE
"GGB42389",-0.355768182936996,0.737624068881773,0.106520591644771,0.142899027506955,-3.33990055296936,5.16185506473005,0.00263196905647172,2.45313287339336e-05,0.00706114086419093,0.000135677118151525,TRUE,TRUE,FALSE,FALSE,FALSE,FALSE
"GGB45503",1.18873469445607,-2.6256231413982,NA,0.0811064138570311,NA,-32.3725710031573,1,1,1,1,FALSE,FALSE,TRUE,TRUE,FALSE,FALSE
"GGB48165",-0.054894293264957,-0.425078928185311,0.0443545023877215,0.0894610529810858,-1.23762617794926,-4.75155292745306,0.283537513342186,0.00896066040855151,0.39973229822163,0.0192895653705046,FALSE,TRUE,TRUE,FALSE,FALSE,FALSE
"GGB9790",-0.609941839433678,1.51132025321085,0.0408672461869975,0.089001486601125,-14.9249557125221,16.9808428030431,2.44384201319959e-05,1.29569971946455e-05,0.000136211039340349,8.17200086223692e-05,TRUE,TRUE,FALSE,FALSE,FALSE,FALSE
"GGB9696",2.59190187901323,-4.40527803011566,NA,0.0811064138570311,NA,-54.3147923896745,1,1,1,1,FALSE,FALSE,TRUE,TRUE,FALSE,FALSE
"GGB9697",1.1914072995734,-1.70256187613636,0.0704128452133376,0.132761777450305,16.9203118545154,-12.8241871179652,1.50956788314718e-07,1.29029334179439e-06,1.98868063107413e-06,1.23656199456552e-05,TRUE,TRUE,FALSE,FALSE,FALSE,FALSE
"GGB2983",0.609723330455303,-0.532336914462492,0.042558797756293,0.0887094814230955,14.3266107738005,-6.00090211240823,7.23741286183247e-06,0.000963774610224917,4.73063622514322e-05,0.00281688595427527,TRUE,TRUE,FALSE,FALSE,FALSE,FALSE
"GGB45613",-0.314913386425821,0.708781172217785,0.104918037903359,0.144581261742757,-3.00151806799789,4.90230313163863,0.00421813939898125,1.08064655350103e-05,0.010679021929111,6.93736492827895e-05,TRUE,TRUE,FALSE,FALSE,FALSE,FALSE
"GGB58233",-0.0512184609112913,-0.161453886972585,0.113987021673214,0.176320229903554,-0.449335899468695,-0.915685551572265,0.65468408752271,0.36321656833853,0.806023731042515,0.461400552359369,FALSE,FALSE,TRUE,TRUE,FALSE,FALSE
"GGB13404",0.247714916367887,-0.261364114606269,0.0684176751959946,0.123549496251095,3.62062750098221,-2.11546078727094,0.00124697269688914,0.0441286676598781,0.00362985169661252,0.0755440763034579,TRUE,FALSE,FALSE,TRUE,FALSE,FALSE
"GGB9525",0.936563838022824,-1.21793671228389,0.0481675041423818,0.114633119111893,19.4438938595275,-10.6246495054808,1.16416942146557e-08,2.156148854685e-06,2.53647822434468e-07,1.91391484755372e-05,TRUE,TRUE,FALSE,FALSE,FALSE,FALSE
"GGB3303",1.28419067777492,-1.8896712845584,NA,0.0811064138570311,NA,-23.2986664641514,1,1,1,1,FALSE,FALSE,TRUE,TRUE,FALSE,FALSE
"GGB51647",0.324764136343446,-0.41998820357444,0.223022240092029,0.318630983048085,1.45619619016217,-1.31810221202205,0.15135009304778,0.193246505929509,0.231533440215646,0.269271778611079,FALSE,FALSE,TRUE,TRUE,FALSE,FALSE
"GGB4613",1.00055871200373,-1.59731181250886,0.0393137453049052,0.0873838422709213,25.4506077770943,-18.2792581671634,0.0015402789471054,0.00297946670874515,0.00436008095657,0.00747901254880841,TRUE,TRUE,FALSE,FALSE,FALSE,FALSE
"GGB47150",-0.561338486058773,0.376947755615037,NA,0.0811064138570311,NA,4.64757024369854,1,1,1,1,FALSE,FALSE,TRUE,TRUE,FALSE,FALSE
"GGB3612",-0.376303548179623,0.971886193702351,0.132703385484741,0.163673942642593,-2.83567406215791,5.93794087202147,0.00990339633325353,6.8037483219003e-06,0.0225629197805945,4.74941266354011e-05,TRUE,TRUE,FALSE,FALSE,FALSE,FALSE
"GGB74511",-0.163312659996263,0.217586561341214,0.0865817457143463,0.137693552196706,-1.88622507722436,1.58022331380031,0.0738713675854333,0.129741936080136,0.125563861214956,0.188834923161169,FALSE,FALSE,TRUE,TRUE,FALSE,FALSE
"GGB9059",0.62041671086935,-0.93805206891602,0.120198087565759,0.170179713309734,5.16161881968321,-5.51212627329279,0.000424230382396436,0.000257376073010364,0.00145943370786142,0.000925266982472259,TRUE,TRUE,FALSE,FALSE,FALSE,FALSE
"GGB4689",0.138346616809151,-0.122186559233184,NA,0.0811064138570311,NA,-1.50649687765219,1,1,1,1,FALSE,FALSE,TRUE,TRUE,FALSE,FALSE
"GGB9523",0.952577149136749,-2.20628082417651,0.0620622956824307,0.113899020551141,15.3487256419104,-19.3704986531107,9.23831979331942e-08,1.20360624188625e-08,1.27737537142243e-06,2.98411340660763e-07,TRUE,TRUE,FALSE,FALSE,FALSE,FALSE
"GGB9524",-0.0910833557190077,0.0625633190131305,0.149364773433354,0.206738292063646,-0.609804799520877,0.302620856487824,0.544457676194644,0.763300057671592,0.695319838692627,0.875299428175238,FALSE,FALSE,TRUE,TRUE,FALSE,FALSE
"GGB34900",0.228793284641361,-0.584563273438703,0.0840149913585929,0.13729533337545,2.72324356572061,-4.2577067921176,0.00904419254897854,9.80454026760727e-05,0.020909242581079,0.000406857025221687,TRUE,TRUE,FALSE,FALSE,FALSE,FALSE
"GGB4774",-1.47515639473902,2.40875959597815,NA,0.0810599470082695,NA,29.715780541189,1,0.0214155444308312,1,0.0405204643309674,FALSE,TRUE,FALSE,FALSE,FALSE,FALSE
"GGB45497",-0.516479293469559,1.05752545812044,0.0811111780702039,0.134392880006856,-6.36754767662889,7.86890985643353,1.6940330550854e-06,5.68814110021048e-08,1.45001162691238e-05,1.0061017707646e-06,TRUE,TRUE,TRUE,FALSE,TRUE,FALSE
"GGB3123",-0.120172963174254,-0.226712082493294,0.0284381708538943,0.0865953393546861,-4.22576275357729,-2.6180633297677,0.0516961403109781,0.120159153131819,0.0933907660391791,0.179241558302443,FALSE,FALSE,TRUE,TRUE,FALSE,FALSE
"GGB3257",-0.449370865799082,0.653133006972355,0.0318646982075309,0.116948734314302,-14.1024673408919,5.58478046643109,7.93662342894895e-06,0.00140036101268264,5.08517354298346e-05,0.00387253680045699,TRUE,TRUE,TRUE,FALSE,TRUE,FALSE
"GGB51139",0.563162052434855,-1.67532546511184,0.0790429979954687,0.136044520610024,7.1247557243102,-12.314538340829,1.20560858342839e-05,3.62283695761478e-08,7.2236047623751e-05,7.23561047923619e-07,TRUE,TRUE,FALSE,FALSE,FALSE,FALSE
"GGB9109",-0.343848748410179,0.544015417597669,0.0735427897661065,0.134135892371423,-4.6754923154771,4.05570357031126,0.000536405461223828,0.00159393901756216,0.00181068322356776,0.00432468737217809,TRUE,TRUE,FALSE,FALSE,FALSE,FALSE
"GGB9267",-0.0951307358943645,0.189438283172362,0.0525442058842287,0.0990193860073752,-1.81048955433768,1.91314338344062,0.144465037631848,0.128280466617787,0.22274452849148,0.187466779467864,FALSE,FALSE,TRUE,TRUE,FALSE,FALSE
"GGB9061",0.615521175631597,-0.624318754243371,NA,0.0811064138570311,NA,-7.69752630592048,1,1,1,1,FALSE,FALSE,TRUE,TRUE,FALSE,FALSE
"GGB3510",-0.162556749551323,0.269474750443992,0.12912095027531,0.180009223394996,-1.2589494516941,1.49700523874091,0.216624049804191,0.143618500554992,0.313385697805258,0.207770023941729,FALSE,FALSE,TRUE,TRUE,FALSE,FALSE
"GGB3493",-0.0558952492225328,0.104978178014172,0.022982630643772,0.0881865932225627,-2.4320648966997,1.19040972304295,0.0718206686499566,0.299703679935949,0.123243581764484,0.393224353784575,FALSE,FALSE,TRUE,TRUE,FALSE,FALSE
"GGB9522",-0.0474362355686915,0.218869622578206,0.0826732651292538,0.13593696665707,-0.573779631112044,1.61008170154592,0.570540585910715,0.118213005585188,0.722215988151064,0.177073231282812,FALSE,FALSE,TRUE,TRUE,FALSE,FALSE
"GGB87445",1.14096291296696,-1.88303753145467,0.0188754340258598,0.0824969297739209,60.446976286946,-22.82554680053,4.48601727799116e-07,2.1823766170439e-05,4.81409913862036e-06,0.000121637890515858,TRUE,TRUE,FALSE,FALSE,FALSE,FALSE
"GGB43675",0.508532346539598,-0.947755178769236,0.0535085013517802,0.0961639588358826,9.5037673209414,-9.85561732526751,0.000684185400545175,0.00059454020684326,0.00220596099996404,0.0018500077176488,TRUE,TRUE,FALSE,FALSE,FALSE,FALSE
"GGB9288",0.427750320660708,-0.285438921610725,0.0122520620650399,0.0916088912372219,34.9125166351592,-3.11584299030079,0.018229730201259,0.197705956208682,0.0371308102399582,0.274421973965333,TRUE,FALSE,FALSE,TRUE,FALSE,FALSE
"GGB9545",-0.363750313963527,0.568021555524501,0.103488478908319,0.136415879995558,-3.51488704637136,4.1638961354279,0.00130147087925699,0.000210801774818925,0.00377321597655554,0.000778632639187481,TRUE,TRUE,FALSE,FALSE,FALSE,FALSE
"GGB25376",-0.336602487927729,0.542478364947076,0.0122520620650399,0.0816655868607847,-27.4731295141079,6.64268005410699,0.000105847056582097,0.00695178611835443,0.000445052828552792,0.0153794899049133,TRUE,TRUE,FALSE,FALSE,FALSE,FALSE
"GGB3328",-0.677186201259983,1.50887907690508,NA,0.0811064138570311,NA,18.6036961215525,1,1,1,1,FALSE,FALSE,FALSE,TRUE,FALSE,FALSE
"GGB4617",-0.309613635430502,0.154498596133477,NA,0.109874871793738,NA,1.4061322084954,1,0.254363931481366,1,0.343128830647471,FALSE,FALSE,FALSE,TRUE,FALSE,FALSE
"GGB4659",-0.907808396835457,1.47421975451261,0.0122520620650399,0.0814774973336402,-74.0943354691129,18.0935816974822,0.00859149514006051,0.0351490803359465,0.020056120148388,0.062232032832229,TRUE,FALSE,FALSE,TRUE,FALSE,FALSE
"GGB74463",0.0633122003985755,-0.196006834593762,0.1017360258362,0.157202636841043,0.622318395850366,-1.24684190120777,0.53843419055329,0.222102779751067,0.688850859444512,0.304755531757666,FALSE,FALSE,FALSE,TRUE,FALSE,FALSE
"GGB9296",-0.127929934627759,0.591648915834535,0.0772785441820315,0.115112690972157,-1.65543924231306,5.13973664274465,0.117314231118944,9.88375883586933e-05,0.186612681802038,0.000406857025221687,FALSE,TRUE,TRUE,FALSE,FALSE,FALSE
"GGB9491",-0.32496033943175,0.609784470730935,0.119869415444208,0.165324646096042,-2.71095290009985,3.68840632737054,0.00881077996741934,0.000499297613661338,0.0204353251502403,0.00159553326321112,TRUE,TRUE,FALSE,FALSE,FALSE,FALSE
"GGB32487",1.43097323325487,-1.85318642169973,NA,0.0934924704085685,NA,-19.8217718881657,1,0.00253548406069447,1,0.00651076085585473,FALSE,TRUE,TRUE,FALSE,FALSE,FALSE
"GGB74701",-0.347737911106593,1.24993425625032,0.0534418261349711,0.0944541953896673,-6.50684933984772,13.2332317383443,0.0970788652911929,0.0480163977245032,0.157917882679565,0.0808519671286131,FALSE,FALSE,TRUE,TRUE,FALSE,FALSE
"GGB28474",0.779266352866647,-1.25853739980561,0.023660345717566,0.0870876408998013,32.9355438068727,-14.4513892763914,4.84952945813068e-07,2.86239418485657e-05,5.12766423587641e-06,0.000152541724508516,TRUE,TRUE,FALSE,FALSE,FALSE,FALSE
"GGB3569",-0.450973697901576,0.887150013979754,0.0642474559545513,0.117217082124361,-7.01932381915006,7.56843625435527,9.07573403828556e-06,4.08174188905315e-06,5.62539032200631e-05,3.15566926691313e-05,TRUE,TRUE,FALSE,FALSE,FALSE,FALSE
"GGB9712",-0.0621632154998736,0.315270010709325,0.0738695653752667,0.114916669873166,-0.84152675305556,2.74346629655462,0.409533944357814,0.0121749112202372,0.545286862950497,0.0252269774275232,FALSE,TRUE,TRUE,FALSE,FALSE,FALSE
"Candidatus_Borkfalkia",0.0433543959113941,-0.110989583312641,0.10403386854519,0.161803110617037,0.416733478411041,-0.685954570894108,0.678811669571488,0.496184704870487,0.828634279154329,0.608800004781366,FALSE,FALSE,TRUE,TRUE,FALSE,FALSE
"GGB74708",0.13628695871941,-1.28688009233777,0.0455019080077811,0.0901929177767148,2.9951921729547,-14.2680836152083,0.0957300517701032,0.00487621751065675,0.156431607324328,0.011346279579813,FALSE,TRUE,TRUE,FALSE,FALSE,FALSE
"GGB9102",-1.90437304109779,4.03605102976535,NA,0.0811064138570311,NA,49.7624150524004,1,1,1,1,FALSE,FALSE,FALSE,TRUE,FALSE,FALSE
"Clostridia_unclassified",-0.349756527684732,0.4344868877401,0.202049801963512,0.282910458906672,-1.73104118037143,1.53577527469011,0.0860147031699458,0.127226005765783,0.142499012855279,0.186684690093057,FALSE,FALSE,TRUE,TRUE,FALSE,FALSE
"GGB79395",-1.68240001264371,2.0288694775306,0.0162097725670643,0.0830778186113546,-103.789242303256,24.4213137928167,5.39206248353512e-11,3.09939175688193e-07,2.4230580785386e-09,3.90958363718966e-06,TRUE,TRUE,TRUE,FALSE,TRUE,FALSE
"Bianquea",-0.16830312589899,0.167353051925042,0.133631185040175,0.18475069922839,-1.25945995201937,0.905831764772695,0.212909113503977,0.368772647454626,0.308632364131774,0.467632334250222,FALSE,FALSE,TRUE,TRUE,FALSE,FALSE
"Christensenella",-0.340113642747549,0.578239909804726,0.127999731521111,0.168849014808729,-2.65714340730045,3.4245974752044,0.0101228029237515,0.00112603306460073,0.0228877210760293,0.00320007025078231,TRUE,TRUE,FALSE,FALSE,FALSE,FALSE
"Christensenellaceae_unclassified",-0.18714144455935,0.850086680339464,0.0831775622263386,0.120579467031272,-2.24990297323346,7.0500119238294,0.0481875860920616,3.49861516743666e-05,0.0877136060764361,0.000177209882926173,FALSE,TRUE,TRUE,FALSE,FALSE,FALSE
"Gehongia",-1.01037732312861,1.37234308968344,0.0385491585678344,0.091502290911631,-26.2101005745861,14.9979096262059,4.82352938723617e-09,3.85759804404379e-07,1.11874762239445e-07,4.57209563758938e-06,TRUE,TRUE,FALSE,FALSE,FALSE,FALSE
"GGB45656",0.0517697223994791,-0.376957301592614,0.0531541969001231,0.107397911348107,0.973953618314553,-3.50991278006131,0.347854811367435,0.00384035835884875,0.479133351289628,0.00927068650631242,FALSE,TRUE,TRUE,FALSE,FALSE,FALSE
"GGB9186",-0.266357965268227,0.543085155643426,0.0988254403797558,0.131248677078217,-2.69523681599288,4.1378333689396,0.012917784924225,0.000399308530826047,0.0281451132136902,0.00131097184321428,TRUE,TRUE,FALSE,FALSE,FALSE,FALSE
"Guopingia",0.0551762461312525,-0.193367732042775,0.118597534165758,0.186079361275839,0.465239404169527,-1.03916807708799,0.642935961951613,0.301639406248543,0.79427999423232,0.395043229677054,FALSE,FALSE,TRUE,TRUE,FALSE,FALSE
"Luoshenia",-0.417514721044686,0.898871735003603,0.111870903992616,0.153651258308417,-3.73211180158376,5.85007727824357,0.000672444310418142,1.21681987691843e-06,0.00218772605968617,1.18228850203291e-05,TRUE,TRUE,FALSE,FALSE,FALSE,FALSE
"Butyricicoccus",-0.31428785079868,0.295363904868118,0.12084002421781,0.165265584562848,-2.6008588862262,1.7872075765163,0.0141241170863477,0.0836859561675216,0.0304049107337845,0.130521046604009,TRUE,FALSE,FALSE,TRUE,FALSE,FALSE
"Clostridiaceae_unclassified",-0.0401069488144366,-0.0530642676422146,0.221272420400672,0.308479997444989,-0.181255977323394,-0.17201850389563,0.856432603557867,0.863674987203552,1,0.96606780229574,FALSE,FALSE,TRUE,TRUE,FALSE,FALSE
"Clostridium",-0.369786072308049,0.466822363656863,0.220845701952402,0.293287043053519,-1.67440918722406,1.59169105732256,0.0961065712095086,0.113531708776997,0.156690758956092,0.171490123131641,FALSE,FALSE,TRUE,TRUE,FALSE,FALSE
"GGB27106",-0.21812390240902,0.260818839124538,0.0520418241768922,0.106971546489513,-4.19131930632579,2.43820761392944,0.00574083819795613,0.0505947775789487,0.013981987398153,0.0845991746029398,TRUE,FALSE,FALSE,TRUE,FALSE,FALSE
"GGB3478",-0.871786171695632,1.56698025404416,0.0804919323892253,0.116157563170253,-10.8307273265604,13.4901267836294,4.7056161178308e-10,8.16932590442254e-12,1.47101651683493e-08,1.9579151084266e-09,TRUE,TRUE,TRUE,FALSE,TRUE,FALSE
"GGB3480",0.495104247837847,-0.970928498619411,0.0477014899660608,0.118180331039709,10.3792197725922,-8.21565221621504,1.63251822401327e-08,3.92035562936666e-07,3.35365886590155e-07,4.57209563758938e-06,TRUE,TRUE,FALSE,FALSE,FALSE,FALSE
"GGB3486",0.114777357599225,-0.134946992562709,0.0522712298134606,0.112629981624076,2.19580365736235,-1.19814449595775,0.0528148101411567,0.258486038739285,0.0944623096803276,0.347771004549701,FALSE,FALSE,TRUE,TRUE,FALSE,FALSE
"GGB3548",-0.267637086590752,0.797381967583913,0.0649375502890874,0.106357852627918,-4.12145338712797,7.49716121454114,0.00207227567474285,2.06953428511845e-05,0.00568689393183249,0.000118118481554083,TRUE,TRUE,FALSE,FALSE,FALSE,FALSE
"GGB3550",0.000321634673350393,-0.175515542532076,0.165617798144198,0.229088627911794,0.00194202964267377,-0.766146901886616,0.998455574084664,0.445962018288004,1,0.554752060811548,FALSE,FALSE,TRUE,TRUE,FALSE,FALSE
"GGB42639",0.431898677859587,-0.99584155135131,0.0507734989353169,0.0978303825385894,8.50638003911854,-10.1792666604211,0.000369259140093655,0.000156975287328168,0.00129510888647482,0.000600346976536984,TRUE,TRUE,FALSE,FALSE,FALSE,FALSE
"GGB51454",0.179779276984102,-0.595552473500707,0.0573221092274754,0.101854115176637,3.13629905470978,-5.84711253411698,0.0138825829195541,0.000384032745222317,0.0299747060635417,0.00128427694797603,TRUE,TRUE,FALSE,FALSE,FALSE,FALSE
"GGB79342",-0.42507245553445,2.80302487970438,0.0333841426478771,0.0850591104769101,-12.7327653736071,32.9538466131183,0.00611165574084649,0.000919577624688203,0.0146650552413867,0.00270973898422466,TRUE,TRUE,FALSE,FALSE,FALSE,FALSE
"GGB79417",-0.595173950700729,1.33667028081721,0.0401925172008969,0.0877416382460548,-14.8080785218261,15.2341614259443,0.00452943569008841,0.00428121408595855,0.0113869379761314,0.010059454012432,TRUE,TRUE,FALSE,FALSE,FALSE,FALSE
"GGB9574",-0.372119993909277,0.30699333076091,0.11592875839812,0.18531410670879,-3.20990234909054,1.65661069312619,0.00258090684369488,0.105232670848132,0.00700253592685516,0.15928903229433,TRUE,FALSE,TRUE,TRUE,TRUE,FALSE
"GGB9575",-0.0659561402735303,0.210340621410253,0.0447298010661375,0.105164403346711,-1.47454579947734,2.00011234520861,0.178566056558406,0.0805022256270094,0.264174886142992,0.126102614871067,FALSE,FALSE,TRUE,TRUE,FALSE,FALSE
"GGB9580",0.198707061736,-0.663144455684525,0.0981358458401207,0.161938184388374,2.02481631492458,-4.09504687352869,0.0536916143522688,0.000387999868282345,0.0957055498921518,0.00128558481702768,FALSE,TRUE,TRUE,FALSE,FALSE,FALSE
"Hungatella",-0.325774339197125,0.335784448189605,0.225705018768954,0.280936827240031,-1.44336329326646,1.19523115388041,0.151786027425288,0.234590738749286,0.231707332736267,0.319452161289274,FALSE,FALSE,TRUE,TRUE,FALSE,FALSE
"Lactonifactor",-0.651495326376368,0.853338444468845,0.097313563950626,0.148905957562204,-6.69480491647513,5.73072064032342,4.45252534243245e-08,1.04460382411285e-06,7.445036560951e-07,1.04315298546825e-05,TRUE,TRUE,FALSE,FALSE,FALSE,FALSE
"Massilioclostridium",0.104580647044564,-0.299951745344577,0.10895704285127,0.168782354263622,0.959833750144269,-1.77715109291626,0.340182619933136,0.0795444510434182,0.469465074341507,0.124920913895878,FALSE,FALSE,TRUE,TRUE,FALSE,FALSE
"Anaerofustis",-0.287729213468478,0.328046482525767,0.130458014012579,0.184043728306366,-2.20553114844086,1.7824377149092,0.0311332876690011,0.0795741009239392,0.0604995509027347,0.124920913895878,FALSE,FALSE,TRUE,TRUE,FALSE,FALSE
"Eubacteriaceae_unclassified",-0.264230784332395,0.32501777922235,0.117289437793843,0.190061154136571,-2.2528097099146,1.71006948105137,0.027819911760628,0.0922535043407545,0.0543546645540531,0.142645741120435,FALSE,FALSE,TRUE,TRUE,FALSE,FALSE
"Eubacterium",-0.115922965481752,0.129003590686223,0.207642010879888,0.296857798508709,-0.558282810836429,0.43456359015759,0.577604219488597,0.664594204440126,0.728591989144388,0.779270378519537,FALSE,FALSE,TRUE,TRUE,FALSE,FALSE
"GGB3265",0.357186014717914,-0.844984792758559,NA,0.0811064138570311,NA,-10.4182240660774,1,1,1,1,FALSE,FALSE,TRUE,TRUE,FALSE,FALSE
"GGB3277",1.01057646383517,-1.84394290306827,0.126805684263408,0.209338294853442,7.96948866847283,-8.80843566801393,6.28949734154288e-08,1.15172271539474e-08,9.62159274163687e-07,2.9574594013172e-07,TRUE,TRUE,FALSE,FALSE,FALSE,FALSE
"GGB3278",1.95378247976075,-3.38902743745577,0.0378912057587367,0.118701024549546,51.5629534779388,-28.5509535432965,2.70307421138714e-10,1.66294076682508e-08,9.71755178993676e-09,3.85694971402334e-07,TRUE,TRUE,FALSE,FALSE,FALSE,FALSE
"GGB3281",-4.05782534248356,5.77213047998038,0.0719300459937505,0.109475473626644,-56.413495729394,52.7253300558053,3.31076074415358e-08,4.64018142815479e-08,5.95109243761606e-07,8.55459088934178e-07,TRUE,TRUE,TRUE,FALSE,TRUE,FALSE
"GGB35068",-0.156514395000996,0.691427013819705,0.0535565283583786,0.102722451175915,-2.92241487263074,6.7310213678178,0.0152373434873871,5.1620167013762e-05,0.032509347084366,0.000249093289146946,TRUE,TRUE,FALSE,FALSE,FALSE,FALSE
"GGB3722",2.05146380488357,-3.33009429999812,0.0451996518584755,0.136264057053361,45.3867169443451,-24.4385377333514,6.48892982129349e-13,3.00118399700928e-10,1.09224422673905e-10,2.15785129384967e-08,TRUE,TRUE,FALSE,FALSE,FALSE,FALSE
"GGB3724",-0.30212055588377,0.169715785546928,0.0122520620650399,0.0810309948108884,-24.6587516680839,2.0944551642617,0.0258030549119385,0.283579949933162,0.0509681222024279,0.374805117650631,FALSE,FALSE,TRUE,TRUE,FALSE,FALSE
"Intestinibacillus",0.21471014613291,-0.298558888532855,0.0806108692502801,0.140122531136762,2.66353840530214,-2.13069865431888,0.0153481259620067,0.0463974480479614,0.0326019854521568,0.0787335379741371,TRUE,FALSE,FALSE,TRUE,FALSE,FALSE
"Pseudoramibacter",-0.0277140577385566,0.0379414554875636,0.0122520620650399,0.0817664743529163,-2.26199129513358,0.464022153184722,0.0864897839259173,0.666760344929169,0.14295667733962,0.77951331382776,FALSE,FALSE,TRUE,TRUE,FALSE,FALSE
"Alterileibacterium",0.826693811360023,-1.45622152330888,0.0122520620650399,0.094977614264663,67.4738510931083,-15.3322604972052,0.00943436838501985,0.0414628595168757,0.0216029008561442,0.0716629711361386,TRUE,FALSE,FALSE,TRUE,FALSE,FALSE
"Anaerovorax",-0.424772681368717,0.576169611781261,0.0878198865286338,0.161988498043418,-4.83686210674184,3.55685507761687,4.72176658995001e-05,0.0014108987674616,0.000234134495046487,0.00388672878852449,TRUE,TRUE,TRUE,FALSE,TRUE,FALSE
"Bacilliculturomica",-0.658631434273692,0.536681500413636,0.0122520620650399,0.0848683033704072,-53.7567823911891,6.32369776583482,0.000345866190584707,0.0241062293928045,0.00122501374891825,0.044786508871903,TRUE,TRUE,FALSE,FALSE,FALSE,FALSE
"Emergencia",-0.270953700708669,0.318524112610615,0.108968211599386,0.15821984025603,-2.48653893398574,2.01317427760755,0.0174094870135945,0.0512198011901156,0.0361104923210339,0.0854455616141371,TRUE,FALSE,FALSE,TRUE,FALSE,FALSE
"Eubacteriales_Family_XIII_Incertae_Sedis_unclassified",-0.137903503748091,0.322527411691114,0.100701000651891,0.139131916514271,-1.36943528719049,2.31814108345178,0.186045316692599,0.0311520162980007,0.274111849799137,0.0565613629249053,FALSE,FALSE,TRUE,TRUE,FALSE,FALSE
"GGB2977",0.711017116595541,-0.827771216084859,0.0506590960754666,0.102048912811724,14.0353297172208,-8.11151430502805,2.20811262088525e-06,8.34294366627475e-05,1.80412838001874e-05,0.000352857440944208,TRUE,TRUE,FALSE,FALSE,FALSE,FALSE
"GGB2980",0.105132318041805,-0.228320267848147,0.130746485260003,0.179143152320772,0.804092881217713,-1.27451295173883,0.425004181612449,0.208147827165103,0.564698163514085,0.287804399484056,FALSE,FALSE,TRUE,TRUE,FALSE,FALSE
"GGB2987",0.0218131957685283,-0.00957806970267784,0.0807854503047272,0.135869756885165,0.270013915701995,-0.0704944935669023,0.789129727146381,0.944301173050057,0.939377936785178,1,FALSE,FALSE,TRUE,TRUE,FALSE,FALSE
"GGB32387",-0.179264030350266,0.00436636275151711,0.0929336069371208,0.141620482919577,-1.92894730182545,0.0308314352663002,0.075858798300229,0.975872291628898,0.127490581966963,1,FALSE,FALSE,TRUE,TRUE,FALSE,FALSE
"Lentihominibacter",-0.109076022027304,0.195297004619218,0.149350339540416,0.205431675292169,-0.730336619005725,0.950666465341637,0.467265938332439,0.344567385569601,0.611956666049223,0.44398557387911,FALSE,FALSE,TRUE,TRUE,FALSE,FALSE
"Mogibacterium",0.760871394316773,-1.47183338320658,0.115625337870736,0.198197644120269,6.5804901272366,-7.42608919364071,8.11250596257926e-08,5.61191076006495e-09,1.1665783574189e-06,2.00423461501815e-07,TRUE,TRUE,FALSE,FALSE,FALSE,FALSE
"Zhenpiania",-0.266821935826609,0.383226482858561,0.108862685977249,0.174774789193818,-2.45099533813056,2.19268742720999,0.0170795989971657,0.0320913252803306,0.0355948744317743,0.0578287290139291,TRUE,FALSE,FALSE,TRUE,FALSE,FALSE
"Candidatus_Cibionibacter",-0.1549485775679,0.23603072102571,0.283046997292628,0.381569896214053,-0.547430564711862,0.618577941728668,0.58509128738849,0.537357172869652,0.73196282333499,0.650437386015622,FALSE,FALSE,TRUE,TRUE,FALSE,FALSE
"Colidextribacter",0.0780575222321365,-0.000434163258961909,0.0561121400390377,0.116248099850425,1.39109864955839,-0.00373479875817791,0.176958578527265,0.997050939915967,0.262336531878564,1,FALSE,FALSE,FALSE,TRUE,FALSE,FALSE
"Eubacteriales_unclassified",-0.028029007818424,-0.115185360907907,0.138186365776548,0.210954438422743,-0.20283482860927,-0.546020087413764,0.839542718320647,0.585874241841613,0.98992220399095,0.699740165920465,FALSE,FALSE,TRUE,TRUE,FALSE,FALSE
"Evtepia",-0.0233306537766831,-0.0797122331460457,0.166530308716522,0.262682786803471,-0.140098543961736,-0.30345434550945,0.888866770369544,0.762180435082295,1,0.875299428175238,FALSE,FALSE,TRUE,TRUE,FALSE,FALSE
"Fenollaria",-0.323259912080962,0.868989956956386,0.0517139021937102,0.0977469880643008,-6.25092863559383,8.89019676375849,0.000245462593792422,2.02795150012312e-05,0.000914443548895084,0.000117955347387866,TRUE,TRUE,FALSE,FALSE,FALSE,FALSE
"Gemmiger",-0.193235304748208,0.307820416739421,0.243479379796633,0.332787667770568,-0.793641354391524,0.9249754319371,0.429024711819028,0.356898937072822,0.568082445299966,0.455791004894066,FALSE,FALSE,TRUE,TRUE,FALSE,FALSE
"GGB45643",0.0312220586632313,0.250493403987241,NA,0.0811064138570311,NA,3.08845370020667,1,1,1,1,FALSE,FALSE,TRUE,TRUE,FALSE,FALSE
"GGB48168",0.92184476965086,-2.78912744195315,0.0272633667142201,0.0832472453044926,33.812580057108,-33.504140968886,0.0188224104243433,0.0189955871537447,0.038229698008765,0.0366161586153953,TRUE,TRUE,FALSE,FALSE,FALSE,FALSE
"GGB9563",-0.0615822086006131,0.660420454757196,0.0780032814856824,0.116543452145668,-0.789482281100143,5.66673152886987,0.446514099998616,0.000145166393245031,0.587992010804039,0.000558153137664049,FALSE,TRUE,TRUE,FALSE,FALSE,FALSE
"GGB9759",-0.202167955104402,0.485054579060185,0.0445451896307454,0.101516657047163,-4.53849128896433,4.7780787229315,0.000123257004200517,6.62233802285106e-05,0.000506410205829553,0.000303736944427551,TRUE,TRUE,FALSE,FALSE,FALSE,FALSE
"GGB9760",0.3141881494596,-0.516979302348304,0.0888461528861348,0.135939006289391,3.53631687195577,-3.80302399186105,0.000873924166033563,0.000383481491131449,0.00268526271529116,0.00128427694797603,TRUE,TRUE,FALSE,FALSE,FALSE,FALSE
"Intestinimonas",-0.0578341913526001,-0.08094064263797,0.163282156444445,0.233180979943199,-0.35419786590262,-0.347115114867801,0.72378738789619,0.729088559525576,0.876099548648755,0.844146013363751,FALSE,FALSE,TRUE,TRUE,FALSE,FALSE
"Levyella",0.774500724601911,-0.87823680415258,0.0122520620650399,0.0853405171713782,63.2139080336425,-10.2909711970568,3.75125413865352e-07,0.000502886335892818,4.14946419337213e-06,0.00159989059958821,TRUE,TRUE,FALSE,FALSE,FALSE,FALSE
"Massilistercora",-0.175115067593874,0.441661046216533,0.0823140390642359,0.150944525750751,-2.12740219754274,2.92598253576834,0.0453995864729857,0.00807468137663475,0.0839133744834878,0.017593017908486,FALSE,TRUE,TRUE,FALSE,FALSE,FALSE
"Feifania",-0.178814414695026,0.271175207363426,0.0325834310725475,0.0884195702220325,-5.48789396355751,3.06691388210179,0.000189665212518236,0.0107188147964104,0.000729247528345516,0.022600668148443,TRUE,TRUE,FALSE,FALSE,FALSE,FALSE
"Anaerobutyricum",-0.0143003512956469,-0.0561125455151375,0.218448593807794,0.326803001975305,-0.0654632334609089,-0.171701438407771,0.947910602787591,0.863952151427205,1,0.96606780229574,FALSE,FALSE,TRUE,TRUE,FALSE,FALSE
"Anaerosacchariphilus",0.237364182813462,-0.11686441602703,0.0583782490593461,0.101102775349026,4.06596954581769,-1.15589721076985,0.000803773028233963,0.263710488176638,0.00251266437956617,0.352430931224913,TRUE,FALSE,FALSE,TRUE,FALSE,FALSE
"Anaerostipes",-0.31745296872892,0.382875031053991,0.233700221087414,0.329981750740049,-1.35837684385493,1.16029153186598,0.176468405061651,0.247850186337791,0.262150378593651,0.3353306382266,FALSE,FALSE,TRUE,TRUE,FALSE,FALSE
"Anaerotignum",-0.0164911351775071,-0.110491671958454,0.176662637496705,0.25984081485336,-0.0933481771311984,-0.425228315346875,0.925832175544805,0.671674118708941,1,0.783983265181378,FALSE,FALSE,TRUE,TRUE,FALSE,FALSE
"Bariatricus",0.322490308892329,-0.961206383002084,0.0738640597460118,0.12518348360966,4.36599761780277,-7.67838020868045,0.000299032395018844,2.18430270533863e-07,0.00108588026271994,2.90835860210829e-06,TRUE,TRUE,FALSE,FALSE,FALSE,FALSE
"Blautia",-0.339908628311967,0.402591039902058,0.15899198390765,0.240430078844204,-2.13789789873558,1.67446203834976,0.0340928198440085,0.0960563892419208,0.0655420787910216,0.147889815556619,FALSE,FALSE,TRUE,TRUE,FALSE,FALSE
"Brotolimicola",-0.229870438385622,0.365867104581424,0.255477433756421,0.346473704012232,-0.89976807346823,1.0559736578696,0.370076232571745,0.29313743832,0.505864660112328,0.386017981963517,FALSE,FALSE,TRUE,TRUE,FALSE,FALSE
"Butyrivibrio",-1.63342734926968,2.98627736662599,0.117897824359579,0.172919661639967,-13.8546012883822,17.2697386653675,7.48239558474237e-08,8.96568041772221e-09,1.09792702559791e-06,2.68596842514261e-07,TRUE,TRUE,TRUE,FALSE,TRUE,FALSE
"Catenibacillus",0.470354815220882,-0.741388132423947,0.0343143622236528,0.109037564350594,13.7072288319165,-6.79938273419353,7.59557876730911e-13,4.94250307692054e-07,1.09224422673905e-10,5.30996820182545e-06,TRUE,TRUE,FALSE,FALSE,FALSE,FALSE
"Coprococcus",0.187491543183102,-0.402819222918056,0.214735496658094,0.334648672401487,0.873127853107722,-1.20370781699915,0.384351860275734,0.231091529987367,0.520431238301794,0.315284269565307,FALSE,FALSE,TRUE,TRUE,FALSE,FALSE
"Cuneatibacter",-0.387844291051769,0.529821781061979,0.168901577990038,0.231214824248774,-2.29627393460258,2.2914697739792,0.0239307318893203,0.0242185950051518,0.04766259343053,0.0448793036306808,TRUE,TRUE,FALSE,FALSE,FALSE,FALSE
"Diplocloster",-0.324676945322164,0.485896035634064,0.149364268773149,0.195763692324798,-2.17372567073103,2.48205389806348,0.0325400944512846,0.0150544890294206,0.0630628784648885,0.0304740587589353,FALSE,TRUE,TRUE,FALSE,FALSE,FALSE
"Dorea",-0.03123215083186,-0.052986465299525,0.237284986682661,0.337329638097229,-0.131622953767526,-0.157076222529408,0.89547704824793,0.875417730156154,1,0.975853252685698,FALSE,FALSE,TRUE,TRUE,FALSE,FALSE
"Eisenbergiella",-0.359422346446996,0.452062507907575,0.216009806980523,0.291089358726795,-1.66391679836742,1.55300252089209,0.0987383796027873,0.123055978430355,0.160254841838384,0.1828042324203,FALSE,FALSE,TRUE,TRUE,FALSE,FALSE
"Enterocloster",-0.0611228325941467,-0.110626023957622,0.168501853295542,0.249822250740374,-0.362742791243613,-0.442818938784555,0.717297645895033,0.658522131720543,0.869708275545579,0.773655903116129,FALSE,FALSE,TRUE,TRUE,FALSE,FALSE
"Extibacter",0.458190244821691,-1.23693355948227,0.0364811791833175,0.0976435061081546,12.559633626953,-12.6678527716137,1.55906491645883e-05,1.48326769237576e-05,9.04006189462821e-05,9.06061967557624e-05,TRUE,TRUE,FALSE,FALSE,FALSE,FALSE
"Faecalicatena",-0.121566014357356,0.0853449946583289,0.212387417482086,0.276361091228729,-0.572378607916402,0.308816969418078,0.568300781393739,0.75807853571551,0.720649491749732,0.872093547487123,FALSE,FALSE,TRUE,TRUE,FALSE,FALSE
"Faecalimonas",-0.0196661867361753,-0.242036771155626,0.172172439544669,0.255183213109639,-0.114223779300479,-0.948482340222103,0.909484045905459,0.347109512580947,1,0.446461072532559,FALSE,FALSE,TRUE,TRUE,FALSE,FALSE
"Frisingicoccus",0.514550039165985,-0.941007493329088,0.115288701766708,0.195729917076159,4.46314366699349,-4.80768350278787,8.02193909489271e-05,2.86413530022943e-05,0.000362753094919991,0.000152541724508516,TRUE,TRUE,FALSE,FALSE,FALSE,FALSE
"Fusicatenibacter",-0.395815892007499,0.595663805883049,0.272104882794378,0.375376168527906,-1.45464457654222,1.58684502593501,0.148055009024155,0.114853143173171,0.226975589527436,0.17294728873048,FALSE,FALSE,FALSE,TRUE,FALSE,FALSE
"GGB25053",-0.21641818566213,-0.319849616128714,0.0599404295696662,0.103637086721049,-3.61055446575665,-3.08624669264995,0.0153714507208361,0.0272754051599365,0.0326019854521568,0.0499008048600366,TRUE,TRUE,FALSE,FALSE,FALSE,FALSE
"GGB28640",-0.15437804815366,-0.0950878221198765,0.090773561800907,0.127136183325067,-1.70069395858077,-0.747921005908695,0.132794862957872,0.47887595205457,0.208016353957974,0.58957501631376,FALSE,FALSE,TRUE,TRUE,FALSE,FALSE
"GGB3433",-0.260424662996506,0.281420627505165,0.261961008071891,0.338145775423763,-0.994135214676825,0.83224646870862,0.322399910427611,0.40712346668756,0.447501033971915,0.511751350609013,FALSE,FALSE,TRUE,TRUE,FALSE,FALSE
"GGB3441",-0.243184442467468,0.319634614063371,0.0659483794633948,0.102332121915155,-3.68749686415645,3.12350225990998,0.0345765932620947,0.0523288945943044,0.0661185387112929,0.0868925524556695,FALSE,FALSE,TRUE,TRUE,FALSE,FALSE
"GGB3444",-0.210538819775335,0.297696393121958,0.149324914215148,0.202190706923433,-1.40993765763688,1.47235447984606,0.164088151987968,0.146523463267649,0.24837764479863,0.211122986151182,FALSE,FALSE,TRUE,TRUE,FALSE,FALSE
"GGB3446",-0.148618750878568,0.281694553540351,0.102176224572311,0.145939510042056,-1.45453359135804,1.93021446665933,0.160583119108726,0.0671967440551913,0.244172823243342,0.108328383353548,FALSE,FALSE,TRUE,TRUE,FALSE,FALSE
"GGB3449",-0.466982295213485,0.0105424032485045,0.0122520620650399,0.086677415470785,-38.1145877922032,0.121628029530459,3.9730303478602e-05,0.910883231408613,0.00020404348715082,1,TRUE,FALSE,FALSE,TRUE,FALSE,FALSE
"GGB3451",0.154663389555827,-0.931042153338637,0.0148293398874565,0.0810897534621427,10.429553218795,-11.4816251571575,0.0608539583310134,0.0553072691402211,0.107503675773952,0.0914159230156758,FALSE,FALSE,TRUE,TRUE,FALSE,FALSE
"GGB3475",-0.384836461662164,0.771151664807966,0.0835375502498412,0.141451381433921,-4.60674822892469,5.45170826181158,0.00012403831753708,1.53201510376343e-05,0.000506724717665686,9.25646100509167e-05,TRUE,TRUE,TRUE,FALSE,TRUE,FALSE
"GGB3496",-0.0351337609284035,-0.0931603198714081,0.0481891078702096,0.137950771717957,-0.72908095794243,-0.675315684800055,0.472469222896533,0.505437333679359,0.617646129568376,0.615948208331287,FALSE,FALSE,TRUE,TRUE,FALSE,FALSE
"GGB3497",0.649191069897946,-1.27749618384013,0.0773870270846646,0.119150910531428,8.38888757398192,-10.7216653078213,2.30519162147915e-06,1.6783856830844e-07,1.86228401780169e-05,2.41351861227537e-06,TRUE,TRUE,FALSE,FALSE,FALSE,FALSE
"GGB3504",-0.074088998569792,0.746563408021014,NA,0.0811064138570311,NA,9.20473945916293,1,1,1,1,FALSE,FALSE,TRUE,TRUE,FALSE,FALSE
"GGB3518",0.106742383155259,-0.244171377226697,0.0469432902495754,0.109655853515297,2.27385815071248,-2.22670627603691,0.0720898639975702,0.0764808624002987,0.123410981462507,0.121122775475363,FALSE,FALSE,TRUE,TRUE,FALSE,FALSE
"GGB3519",-2.67618535232831,4.41990878846492,0.0169833856819071,0.0881773276955922,-157.576669484656,50.1252295116431,5.63549453351e-07,1.74855666272651e-05,5.70693037970942e-06,0.000103901838057881,TRUE,TRUE,TRUE,FALSE,TRUE,FALSE
"GGB3534",-0.829684226446606,1.66300275161351,0.0926747061357425,0.126159669509263,-8.95265020027526,13.1817304062564,7.63044128408425e-10,8.94940804892073e-14,2.11011049356022e-08,6.43462438717401e-11,TRUE,TRUE,FALSE,FALSE,FALSE,FALSE
"GGB3537",-0.201639943318427,0.21357185850978,0.141834038367892,0.188618830174499,-1.42166115862407,1.13229341053698,0.161094839190342,0.262705444641216,0.244361159025012,0.351741554370642,FALSE,FALSE,TRUE,TRUE,FALSE,FALSE
"GGB3538",-0.200459538400872,0.294417116165434,0.0367186981448805,0.103656633989555,-5.45933130880406,2.8403113706654,0.00547265359411612,0.0468528581574692,0.0134294810039914,0.0791641673048936,TRUE,FALSE,FALSE,TRUE,FALSE,FALSE
"GGB3576",-0.170584853417226,0.325347350663818,0.0733461618002007,0.123548638735528,-2.32575024009995,2.633354393813,0.033502819165649,0.018072123676178,0.0645805012871357,0.03521370439884,FALSE,TRUE,TRUE,FALSE,FALSE,FALSE
"GGB3583",0.0162471485877677,-0.240281000590996,0.0304856491376884,0.107121575895675,0.532944157245511,-2.24306820154518,0.613224251612952,0.066067757379643,0.76149954561263,0.106747679901041,FALSE,FALSE,TRUE,TRUE,FALSE,FALSE
"GGB3585",-0.278873657525295,0.354244235368045,0.0682214542488387,0.174055389309719,-4.08777063749037,2.03523853396859,0.000690763742292159,0.0568238217108944,0.00221722826208956,0.0928552904775752,TRUE,FALSE,TRUE,TRUE,TRUE,FALSE
"GGB3588",-0.790176609837272,1.77454755982925,0.0468874786768257,0.0914879792759777,-16.8526146454495,19.3965106003298,2.78907743771716e-06,1.2159648143851e-06,2.11089123970383e-05,1.18228850203291e-05,TRUE,TRUE,FALSE,FALSE,FALSE,FALSE
"GGB3593",-0.379843321318527,1.06053237934165,0.0569580607445865,0.0996206056060274,-6.66882468175725,10.6457130318578,3.52067930330607e-05,3.9425581297711e-07,0.000185362746523575,4.57209563758938e-06,TRUE,TRUE,FALSE,FALSE,FALSE,FALSE
"GGB3600",-0.413925261890054,0.296040469256108,0.0999016729246267,0.15507155063221,-4.14332663079977,1.90905725807979,0.000610464940549899,0.0723284684067813,0.00202269259103861,0.115308578236088,TRUE,FALSE,FALSE,TRUE,FALSE,FALSE
"GGB3602",-0.316171177013124,0.273897870358413,0.156577175385883,0.213143502640772,-2.01926734362095,1.28503973597561,0.0527874994728575,0.208947447941091,0.0944623096803276,0.287831926939674,FALSE,FALSE,TRUE,TRUE,FALSE,FALSE
"GGB3603",0.0897197361462693,-0.503986625511227,0.0644074163211616,0.107575854782981,1.39300318613761,-4.68494186291107,0.19706518224589,0.00114419945301188,0.287987532591046,0.00323889530202969,FALSE,TRUE,TRUE,FALSE,FALSE,FALSE
"GGB3606",-0.58533650425518,0.668227796142558,0.0471366219117307,0.132210661453951,-12.4178712965748,5.05426558489236,1.650934015301e-06,0.000984027183504144,1.43014645421858e-05,0.00284142789132321,TRUE,TRUE,TRUE,FALSE,TRUE,FALSE
"GGB3609",0.281045538543561,-1.10944015517021,0.0547016845532192,0.113714529125197,5.13778580749433,-9.75636239014576,0.000887544914292948,1.02013596742921e-05,0.00271550975904949,6.6079077529874e-05,TRUE,TRUE,FALSE,FALSE,FALSE,FALSE
"GGB3619",0.702256076297556,-0.789021320585348,0.032543308843449,0.094644227290521,21.5791233668276,-8.33670835690126,1.04625085704286e-12,5.16370173204718e-07,1.15030764098448e-10,5.38072687730713e-06,TRUE,TRUE,FALSE,FALSE,FALSE,FALSE
"GGB3626",-0.316021553668905,0.479125743586978,0.0333427988802248,0.0983489989247515,-9.47795518918881,4.87168907487879,7.85682434806627e-05,0.0027895991944645,0.000357535234573395,0.00708735625731439,TRUE,TRUE,TRUE,FALSE,TRUE,FALSE
"GGB3627",-0.00524269322008874,0.159629331050219,0.0387645967004078,0.101776306274898,-0.135244363835561,1.5684331343197,0.895395155459083,0.151224928190835,1,0.217027391954512,FALSE,FALSE,TRUE,TRUE,FALSE,FALSE
"GGB3649",-0.153685091561506,0.0437035261355154,0.0397710597024618,0.0911120339532023,-3.86424432014802,0.479667989389445,0.0180817965650668,0.656512155569639,0.0369341242337586,0.772556857372455,TRUE,FALSE,FALSE,TRUE,FALSE,FALSE
"GGB3653",-0.243361227210657,0.302038972669785,0.190974245610545,0.272232631565661,-1.27431437905478,1.10948849494163,0.205312694336818,0.269706843920502,0.298825561190632,0.359775919812321,FALSE,FALSE,TRUE,TRUE,FALSE,FALSE
"GGB3677",0.42652085498147,-1.05174900176963,0.0493375249052582,0.0960506896526708,8.64495849357075,-10.949937013184,0.000132009252506033,3.4445560359286e-05,0.000527303625287987,0.000177209882926173,TRUE,TRUE,FALSE,FALSE,FALSE,FALSE
"GGB3678",0.373181753775772,-0.934949576126524,0.103485449029221,0.141764443952595,3.60612779165116,-6.59509218291131,0.00360514245266043,2.5559241263464e-05,0.00935775243127383,0.000139220412639626,TRUE,TRUE,FALSE,FALSE,FALSE,FALSE
"GGB3733",0.591011350854928,-0.452705357443032,0.0246107846495706,0.090677454696913,24.0143237718851,-4.99247976198921,2.33301198354638e-06,0.00413124836301646,1.86381735129983e-05,0.0097389100754388,TRUE,TRUE,FALSE,FALSE,FALSE,FALSE
"GGB3740",1.41176026698069,-1.84298338756063,0.103442475452934,0.183543592606312,13.6477811537199,-10.0411208116303,6.75655702032958e-14,8.79054118516527e-11,4.85796449761697e-11,7.10323069807394e-09,TRUE,TRUE,FALSE,FALSE,FALSE,FALSE
"GGB3816",0.492797243230854,-0.586712237440999,NA,0.0864188546548048,NA,-6.78916932866778,1,0.00105492177497899,1,0.0030218675546211,FALSE,TRUE,TRUE,FALSE,FALSE,FALSE
"GGB3817",-0.206186138236201,0.117650077018731,0.0785582141331066,0.111464036641103,-2.62462863382874,1.05549808318486,0.0210006574841027,0.310419332694336,0.042295441823725,0.405066243570286,TRUE,FALSE,FALSE,TRUE,FALSE,FALSE
"GGB3818",-0.158419851328457,-0.103824896504697,0.0474168251429338,0.0935207016491616,-3.34100503040671,-1.11018089763902,0.00531179376338588,0.287034519096419,0.0131243289205308,0.378674897670322,TRUE,FALSE,FALSE,TRUE,FALSE,FALSE
"GGB3819",0.4237900698849,-0.823823053105279,0.0875929811792576,0.165469115489012,4.83817383744048,-4.97871189237116,7.6902876783046e-06,4.52407249931272e-06,4.98136652315406e-05,3.46043417766579e-05,TRUE,TRUE,FALSE,FALSE,FALSE,FALSE
"GGB3828",1.43795503696468,-2.90999988322293,0.0309867677268415,0.0845545436308607,46.4054544068849,-34.415653591924,2.20311979711458e-05,5.39366851386096e-05,0.000123753369853546,0.000256824348441459,TRUE,TRUE,FALSE,FALSE,FALSE,FALSE
"GGB41473",-0.105778754002327,0.107140290294671,0.0400184069500806,0.0938297927506181,-2.64325249464021,1.14185790199313,0.0245962777222439,0.280117449979223,0.0487182470586595,0.371594919806387,TRUE,FALSE,FALSE,TRUE,FALSE,FALSE
"GGB42689",-0.675341468856346,0.482140478553659,0.0633211204001228,0.110840917347904,-10.6653430101821,4.34984200861792,0.000125420590691313,0.0073602979955029,0.000509476862751719,0.0162332952722901,TRUE,TRUE,FALSE,FALSE,FALSE,FALSE
"GGB51441",-0.0966579389739562,0.576950536254403,0.0713397284865663,0.119801377231068,-1.35489636734681,4.81589235106708,0.188067920439271,6.63236443325807e-05,0.276276985239218,0.000303736944427551,FALSE,TRUE,TRUE,FALSE,FALSE,FALSE
"GGB55957",0.0739411859385559,-0.513195700309204,0.0543724548655577,0.120534997239867,1.35990155532584,-4.25764891575794,0.188283341818104,0.000350891898270146,0.276276985239218,0.00119569324576415,FALSE,TRUE,TRUE,FALSE,FALSE,FALSE
"GGB58071",1.20154503784684,-1.90976263134933,0.0386116964583734,0.100097063290256,31.1186802978782,-19.0791075039985,1.23647301386669e-09,5.89873582653472e-08,3.17508606060768e-08,1.0098073950663e-06,TRUE,TRUE,FALSE,FALSE,FALSE,FALSE
"GGB74505",-0.0418914683087163,0.173023941654692,0.0773329146850416,0.117229410842464,-0.541702953772404,1.47594311368848,0.594007271310923,0.155530652640939,0.741453806703856,0.22231916351657,FALSE,FALSE,TRUE,TRUE,FALSE,FALSE
"GGB81342",1.36491159424157,-2.52195496438876,0.0243027127204243,0.0824112800357262,56.1629316835269,-30.6020603404711,0.000316879390415359,0.00106611418592718,0.00114490593823439,0.00304180991937159,TRUE,TRUE,FALSE,FALSE,FALSE,FALSE
"Jingyaoa",0.15244461176545,-0.183904403114352,0.0443502990516645,0.0908963329316097,3.43728486673483,-2.02323237014106,0.0752140462010447,0.180378289284558,0.1269457728135,0.253800371811344,FALSE,FALSE,TRUE,TRUE,FALSE,FALSE
"Jutongia",-0.271564927972613,0.686813922784086,0.0574526072516216,0.105726094093528,-4.72676421425502,6.49616283163279,0.000808123660972074,6.92904684241424e-05,0.00251532862441092,0.000312051399249753,TRUE,TRUE,FALSE,FALSE,FALSE,FALSE
"Kineothrix",0.39915122136658,-0.521659981755897,0.079333515938695,0.141687299562023,5.03130633558488,-3.68176952605088,4.31614859911509e-05,0.00123547205511955,0.000218543017096039,0.00345643738377805,TRUE,TRUE,FALSE,FALSE,FALSE,FALSE
"Lachnoclostridium",-0.105619800960642,-0.0551269468295787,0.241554038995008,0.338326301200365,-0.437251231236192,-0.162940175310022,0.662602895082959,0.870800499475521,0.812988876390183,0.972213601122515,FALSE,FALSE,TRUE,TRUE,FALSE,FALSE
"Lachnospira",0.132735586867844,-0.403548525095789,0.210599837721229,0.342535772816324,0.630273927577982,-1.17812081867485,0.529588732351561,0.240836429489115,0.678742065170717,0.327337226470082,FALSE,FALSE,TRUE,TRUE,FALSE,FALSE
"Lachnospiraceae_unclassified",-0.459974438117657,0.67374211356743,0.266884995463726,0.349039537264558,-1.72349306231483,1.93027448651687,0.0868737319972203,0.055472288494789,0.143261957123856,0.0914783840086085,FALSE,FALSE,FALSE,TRUE,FALSE,FALSE
"Lachnotalea",-0.23462964567355,0.318538068823736,0.13729643894755,0.205104338404839,-1.70892739441831,1.55305378375273,0.091599739727705,0.124620163949382,0.150023263927608,0.184366045019765,FALSE,FALSE,TRUE,TRUE,FALSE,FALSE
"Lacrimispora",-0.190068411583308,0.215060731943053,0.178530924785806,0.265028193793932,-1.06462458429174,0.811463598888913,0.289772964724394,0.419149498508462,0.405343894235096,0.524119112047972,FALSE,FALSE,TRUE,TRUE,FALSE,FALSE
"Luxibacter",0.259331875127625,-0.433825881623673,NA,0.0863742172309975,NA,-5.02263170111815,1,0.0374289409014842,1,0.065318952689726,FALSE,FALSE,TRUE,TRUE,FALSE,FALSE
"Marvinbryantia",0.0828251558263995,-0.310307141151915,0.140134091993944,0.178586423445517,0.59104215575164,-1.7375740841049,0.56184136472243,0.0993650830244455,0.713717210663298,0.152007435520375,FALSE,FALSE,TRUE,TRUE,FALSE,FALSE
"Mediterraneibacter",-0.0879616581610236,-0.057358661420012,0.169331777306616,0.259342315497402,-0.519463384605878,-0.221169697316852,0.604178632662092,0.825251392804317,0.751564769695579,0.928569251058379,FALSE,FALSE,TRUE,TRUE,FALSE,FALSE
"Merdimonas",-0.643244337260109,1.11964333283396,0.0762856096080928,0.119696028741025,-8.43205344447913,9.35405580795352,1.77054251004818e-07,4.08252015931561e-08,2.23336853460463e-06,7.93332971499439e-07,TRUE,TRUE,FALSE,FALSE,FALSE,FALSE
"Murimonas",0.525001758183898,-1.70252453853888,0.043435829133119,0.108414330878045,12.0868363436763,-15.7038698182258,7.24102298183261e-07,7.57026671667766e-08,7.03553449180763e-06,1.23705040211165e-06,TRUE,TRUE,FALSE,FALSE,FALSE,FALSE
"Oliverpabstia",-0.35506275249811,0.604625221928304,0.197167494398253,0.283028255379013,-1.80081789638676,2.13627159280839,0.0749046818177431,0.0352273120482854,0.126721097004605,0.062232032832229,FALSE,FALSE,TRUE,TRUE,FALSE,FALSE
"Qiania",-0.189277902717462,0.0858321622209474,0.0702019592834335,0.109195300084939,-2.69619116972607,0.786042642441402,0.0194458959864988,0.44708671123338,0.0393847865191342,0.555190579234543,TRUE,FALSE,FALSE,TRUE,FALSE,FALSE
"Roseburia",-0.125273344238129,0.0367032495332781,0.212094499475795,0.304986310098327,-0.590648718131542,0.120343924687783,0.55565668648763,0.904373928264684,0.707110013424081,1,FALSE,FALSE,TRUE,TRUE,FALSE,FALSE
"Sellimonas",-0.539402115720443,0.640984133821874,0.159355567433501,0.249292597090751,-3.38489658320558,2.57121206687311,0.00117040506403004,0.0122613683845522,0.00347736050015536,0.0253331145646352,TRUE,TRUE,FALSE,FALSE,FALSE,FALSE
"Simiaoa",0.321843741687971,-0.538848965097805,0.186721725445476,0.272892969730659,1.72365449665873,-1.97457987147723,0.0900072942551463,0.0530020159208667,0.147751699930252,0.0878074872053068,FALSE,FALSE,TRUE,TRUE,FALSE,FALSE
"Tyzzerella",-0.320811120685837,0.330601242142017,0.169261426922783,0.247813834664032,-1.89535871532143,1.33407096738655,0.0643386779964936,0.188747992258773,0.111737945602606,0.26505821569152,FALSE,FALSE,TRUE,TRUE,FALSE,FALSE
"Velocimicrobium",1.93570101872439,-3.58023510977981,NA,0.0811064138570311,NA,-44.1424412635332,1,1,1,1,FALSE,FALSE,TRUE,TRUE,FALSE,FALSE
"Wansuia",-0.421306190898087,0.67724629218785,0.148006152058375,0.205723530543744,-2.84654512693446,3.2920215319941,0.00540458909894032,0.0013928120774663,0.0133078752128017,0.00386653236949138,TRUE,TRUE,FALSE,FALSE,FALSE,FALSE
"Wujia",-0.633346480695079,1.61359269381744,0.185964740156436,0.210162689172416,-3.40573422769445,7.67782664073954,0.00242459130933946,8.61898052468122e-08,0.00660333769475406,1.37712155494351e-06,TRUE,TRUE,FALSE,FALSE,FALSE,FALSE
"Zhenhengia",-4.0290127274631,5.3070201382067,0.0122520620650399,0.0809709044277286,-328.843643304706,65.5423102374204,9.24730269042308e-06,0.000232704560866365,5.68274413197794e-05,0.000849312585090945,TRUE,TRUE,TRUE,FALSE,TRUE,FALSE
"Acetivibrio",0.111488996765584,-0.282664782849463,0.0584786071888252,0.0980286786842063,1.90649199981097,-2.8834906952082,0.114902184623271,0.0344474216095299,0.183297919783748,0.0611548052771654,FALSE,FALSE,TRUE,TRUE,FALSE,FALSE
"Agathobaculum",-0.397265277444631,0.600050078375571,0.216753524288058,0.292139621892768,-1.83279731551991,2.05398389471396,0.0695621618570104,0.0423698534563817,0.119653575060264,0.0730549751442168,FALSE,FALSE,TRUE,TRUE,FALSE,FALSE
"Anaerofilum",-0.14650192414885,0.151226057236268,0.137240837556144,0.193046722871211,-1.06748054556952,0.783365057883719,0.289765055878213,0.436302165186652,0.405343894235096,0.543676354885967,FALSE,FALSE,TRUE,TRUE,FALSE,FALSE
"Anaeromassilibacillus",-0.239656247267691,0.478485255342381,0.135025159994824,0.18681057318557,-1.77490067241452,2.56133926031625,0.0803897425066148,0.0126497127607215,0.133796816810778,0.0259120896722472,FALSE,TRUE,TRUE,FALSE,FALSE,FALSE
"Anaerotruncus",0.00166225896845977,-0.194210224261729,0.223011688169755,0.279990909511994,0.00745368541936902,-0.69363046321834,0.99406485295771,0.489211284725922,1,0.601269937979381,FALSE,FALSE,TRUE,TRUE,FALSE,FALSE
"Angelakisella",-0.59889196250971,1.16038128655844,0.101658231913628,0.139284800220371,-5.89122937942246,8.3309972425026,2.45322780950143e-06,4.59677765535179e-09,1.91725086416471e-05,1.73951743905155e-07,TRUE,TRUE,FALSE,FALSE,FALSE,FALSE
"Bittarella",-0.208774634202849,0.286598574676205,0.0981154861715423,0.156811543562105,-2.12784589211364,1.82766248049014,0.0366808248392419,0.0716314513260888,0.0699562680621086,0.114451141118795,FALSE,FALSE,TRUE,TRUE,FALSE,FALSE
"Congzhengia",-0.25094102894118,0.64902493973556,0.085887281830149,0.121711486800917,-2.92174840784275,5.3324871529765,0.0111521321438333,0.000105753361569669,0.0248247152056226,0.000429585689088089,TRUE,TRUE,FALSE,FALSE,FALSE,FALSE
"Drancourtella",-0.874013032534586,0.85296873713565,0.017823544785962,0.0853777256005366,-49.0369925304065,9.99053009594681,6.66425473038746e-08,0.000171726019927769,9.98249823155956e-07,0.000649847412252979,TRUE,TRUE,TRUE,FALSE,TRUE,FALSE
"Dysosmobacter",-0.0245423222369324,-0.167128813933629,0.172941517129335,0.234449525029513,-0.141911107548445,-0.712856270076006,0.887341921276074,0.477049600896651,1,0.588333898875973,FALSE,FALSE,TRUE,TRUE,FALSE,FALSE
"Faecalibacterium",-0.14161644505373,0.133656553626006,0.252183413719262,0.366770560109776,-0.561561297648946,0.364414618190736,0.575287889322516,0.716082993619863,0.726945505136887,0.83042527808497,FALSE,FALSE,TRUE,TRUE,FALSE,FALSE
"Flavonifractor",-0.0485824886101804,-0.137787388707349,0.18091006709288,0.265069832761227,-0.268544970387071,-0.519815428530739,0.788653825897884,0.603968833825028,0.939377936785178,0.716590085016824,FALSE,FALSE,TRUE,TRUE,FALSE,FALSE
"Fournierella",0.772475510926291,-1.11152177259763,0.0701035997826631,0.112134316805299,11.0190562727326,-9.91241400728007,7.14977501497003e-11,5.83534441531407e-10,3.02393425633144e-09,3.16908846437244e-08,TRUE,TRUE,FALSE,FALSE,FALSE,FALSE
"Fumia",-0.370973602428905,0.568383795206304,0.0857303411503837,0.140607499852869,-4.3272148162593,4.04234337287171,0.000249083928539034,0.000506370577825081,0.000918417151895207,0.00160387861434464,TRUE,TRUE,FALSE,FALSE,FALSE,FALSE
"GGB13489",0.292145163255718,-0.363993489709087,0.0604453721033966,0.103584288699773,4.83320977420704,-3.51398358069611,0.000100949930234208,0.00218326422410184,0.000429485206144353,0.00568756151133776,TRUE,TRUE,FALSE,FALSE,FALSE,FALSE
"GGB13493",2.9253438124235,-3.32682851506479,NA,0.106240183655198,NA,-31.3142202941027,1,6.19780575308922e-06,1,4.41210132323876e-05,FALSE,TRUE,TRUE,FALSE,FALSE,FALSE
"GGB3152",-1.54094833468357,2.67108069431324,NA,0.0811064138570311,NA,32.9330390445032,1,1,1,1,FALSE,FALSE,TRUE,TRUE,FALSE,FALSE
"GGB3167",1.20610314459583,-2.47008229064788,0.0958022932520881,0.189695150769986,12.589501813095,-13.0213254298892,2.99191480145448e-11,1.59146545546467e-11,1.43412449483051e-09,2.47454395754852e-09,TRUE,TRUE,FALSE,FALSE,FALSE,FALSE
"GGB3220",1.3612803766313,-4.92646030498634,0.0123086670253262,0.0810016369595904,110.5952719194,-60.8192684728584,0.00575614502065825,0.010466459540871,0.013981987398153,0.0222544831346843,TRUE,TRUE,FALSE,FALSE,FALSE,FALSE
"GGB32451",0.00389121865551106,1.41707631173846,0.0272873392416902,0.0831528903972449,0.142601615388208,17.0418166460442,0.899674177770541,0.00342556487796515,1,0.00849303843881706,FALSE,TRUE,TRUE,FALSE,FALSE,FALSE
"GGB32900",-0.130001285538554,0.228525696923066,0.11011896061017,0.167507248326587,-1.18055314741635,1.36427348193024,0.243366032414071,0.178591040899664,0.347873115915938,0.25177834981737,FALSE,FALSE,TRUE,TRUE,FALSE,FALSE
"GGB3340",0.505357353764536,-0.186338847836237,NA,0.0811064138570311,NA,-2.29746131008458,1,1,1,1,FALSE,FALSE,TRUE,TRUE,FALSE,FALSE
"GGB3343",-1.59668039859228,2.38139837953604,0.0122520620650399,0.0814727658642352,-130.319320136996,29.2293793425936,0.00488498003976715,0.0217716413834258,0.0122379813539811,0.0410861158915568,TRUE,TRUE,TRUE,FALSE,TRUE,FALSE
"GGB3344",-0.554496000772472,2.08358625167169,0.054969488733216,0.0953197801117407,-10.0873414243238,21.8589074505749,0.0629052274543312,0.0291037513652791,0.109769783099537,0.0531106528721717,FALSE,FALSE,TRUE,TRUE,FALSE,FALSE
"GGB33469",0.245622506620874,-0.245198531749738,0.127178281732825,0.19110951156658,1.93132430533127,-1.28302631166693,0.0607338412960063,0.207055342204484,0.107503675773952,0.286845454807367,FALSE,FALSE,TRUE,TRUE,FALSE,FALSE
"GGB34228",-0.236106889965169,0.776703247618294,0.0514199251494751,0.0980361343730528,-4.59173927769865,7.92262212892582,0.000775318532179484,7.16378993366726e-06,0.00244497379226776,4.9104997665638e-05,TRUE,TRUE,FALSE,FALSE,FALSE,FALSE
"GGB36331",-0.349841695395534,0.241893847447473,0.0840831151469275,0.161287979903402,-4.16066525109373,1.49976363763963,0.00019565280765871,0.142642860115097,0.000744523178540301,0.206774629884586,TRUE,FALSE,FALSE,TRUE,FALSE,FALSE
"GGB38744",-0.052923641058961,0.00659471275939269,0.152740608625176,0.214458044751122,-0.346493585008785,0.030750596309156,0.730090979311828,0.975562666659753,0.880764117659739,1,FALSE,FALSE,TRUE,TRUE,FALSE,FALSE
"GGB38987",0.616997922703825,-1.57572918395607,0.0218971432532948,0.082972781312922,28.1770966909571,-18.9909167683965,9.81332761787667e-05,0.000318797425141033,0.000422501949536127,0.00110732052500678,TRUE,TRUE,FALSE,FALSE,FALSE,FALSE
"GGB45540",0.3329665188522,-1.54300869129888,0.0259251973995926,0.0828985430751905,12.8433552007373,-18.6132184482343,0.0494682226851348,0.0341697121791555,0.0898173033096261,0.060995538714982,FALSE,FALSE,TRUE,TRUE,FALSE,FALSE
"GGB45596",0.468739614555773,-0.667142849975661,NA,0.0810109331677007,NA,-8.2352199127815,1,0.0769278966024661,1,0.121296398370994,FALSE,FALSE,TRUE,TRUE,FALSE,FALSE
"GGB45599",-0.834079783619305,1.24701772152019,NA,0.102599185771417,NA,12.1542652813878,1,0.0522605914736191,1,0.0868925524556695,FALSE,FALSE,FALSE,TRUE,FALSE,FALSE
"GGB79104",-0.316121247788853,0.700205990593504,NA,0.0811064138570311,NA,8.6331765552818,1,1,1,1,FALSE,FALSE,TRUE,TRUE,FALSE,FALSE
"GGB79118",0.018178329602916,-0.309606055845332,0.0403185033160811,0.0947848282996206,0.450868164931746,-3.26640941804155,0.682678883006409,0.0469039433544989,0.831942570985777,0.0791641673048936,FALSE,FALSE,TRUE,TRUE,FALSE,FALSE
"GGB9237",0.0171870696980206,-0.0591482794668432,0.0993580619935093,0.151941047138163,0.172981128588673,-0.389284400633743,0.863393637545512,0.698787530103783,1,0.812990670136926,FALSE,FALSE,TRUE,TRUE,FALSE,FALSE
"GGB9452",0.376050138273885,-0.692278829434504,0.0322225477359486,0.0846579295045695,11.6704036364682,-8.17736546931658,0.0072623487776869,0.0146272346658622,0.0172330982546432,0.0297089879230365,TRUE,TRUE,FALSE,FALSE,FALSE,FALSE
"GGB9453",-0.291323448821217,0.44951796493937,0.142495112575113,0.197593125261472,-2.04444519925308,2.27496763535942,0.0456216926748959,0.0267568586319994,0.0841076847006415,0.0490769932561417,FALSE,TRUE,TRUE,FALSE,FALSE,FALSE
"GGB9469",-0.127074906835677,-0.0133490726335795,0.0709611216141447,0.147376745685267,-1.7907680141621,-0.0905778762552361,0.0817426140983097,0.928330118426435,0.135734271447309,1,FALSE,FALSE,TRUE,TRUE,FALSE,FALSE
"GGB9495",-0.585453208435976,1.54597334529363,0.109360403481072,0.13772773898879,-5.35342948453281,11.2248509751508,4.34850498946195e-05,1.46717315468444e-09,0.000218641614505115,6.59310936386318e-08,TRUE,TRUE,FALSE,FALSE,FALSE,FALSE
"GGB9590",0.359569893761467,-0.453983590749954,0.0509828701573909,0.104684745612912,7.05275894925936,-4.3366737731649,3.92001390268086e-06,0.000586906811382153,2.81848999602754e-05,0.00183472172775551,TRUE,TRUE,FALSE,FALSE,FALSE,FALSE
"GGB9593",-1.60734252556676,3.33819922309478,0.048171034261734,0.093249137797444,-33.3674074098839,35.798714089411,0.000896954581209221,0.000779394228529028,0.00273267094868402,0.00234470481302247,TRUE,TRUE,TRUE,FALSE,TRUE,FALSE
"GGB9597",-0.684391040582319,2.15349347956976,0.0191357305974884,0.0815462399243364,-35.765085482137,26.4082498661852,0.0177953986093736,0.024095339628922,0.036556833143256,0.044786508871903,TRUE,TRUE,FALSE,FALSE,FALSE,FALSE
"GGB9602",-0.279592097104734,0.774913791158002,0.131991651615366,0.178296117378294,-2.11825591757491,4.34621798024831,0.04132693311062,0.000113414280917662,0.0771985667488458,0.000455557921674854,FALSE,TRUE,FALSE,FALSE,FALSE,FALSE
"GGB9608",-0.398327627245174,0.704379807866803,0.0197000974216761,0.0813747494750063,-20.2195765187889,8.65599971012076,3.53194663056047e-05,0.000979931430950635,0.000185362746523575,0.00284101088247382,TRUE,TRUE,FALSE,FALSE,FALSE,FALSE
"GGB9611",-0.111296737312624,0.135392719902556,0.103620847799544,0.151330182938398,-1.07407669089842,0.894684175183152,0.296976507609954,0.382763803729854,0.413810288704567,0.483668145662152,FALSE,FALSE,TRUE,TRUE,FALSE,FALSE
"GGB9613",0.0655019931955974,-0.3390116814139,0.081747355360987,0.131092485574409,0.801273544646773,-2.58604968796227,0.439938544663866,0.0253158597868157,0.581072563445713,0.0467920390404127,FALSE,TRUE,TRUE,FALSE,FALSE,FALSE
"GGB9614",0.00168137699888396,0.116656832026248,0.0620211678294707,0.123087219388441,0.0271097281416397,0.94775747316299,0.978500620701649,0.348674447017037,1,0.447673084652231,FALSE,FALSE,TRUE,TRUE,FALSE,FALSE
"GGB9616",0.532033147902773,-0.62459527333631,0.0690073127169248,0.115101773597645,7.70980823561741,-5.42646089468328,1.35320068789299e-06,7.01002686531273e-05,1.18652596901837e-05,0.000313056479264587,TRUE,TRUE,FALSE,FALSE,FALSE,FALSE
"GGB9618",-0.664376505721191,2.01117078939006,0.0552710350381651,0.0992378062230806,-12.0203376915673,20.266175421785,0.000274604357065121,3.4998335710037e-05,0.00100734965678481,0.000177209882926173,TRUE,TRUE,FALSE,FALSE,FALSE,FALSE
"GGB9619",-0.499920432267766,1.08515606040064,0.121410307072121,0.161812693792613,-4.11761113470208,6.70624803880613,9.96363041385762e-05,3.63387991213676e-09,0.000426419658783549,1.4515331426813e-07,TRUE,TRUE,FALSE,FALSE,FALSE,FALSE
"GGB9620",0.127110536301902,-0.47526941718833,0.0655637526740409,0.15909918173276,1.93873186200688,-2.98725242966141,0.0630527405008468,0.00592796582886887,0.109769783099537,0.0133193982217398,FALSE,TRUE,TRUE,FALSE,FALSE,FALSE
"GGB9621",0.16961344285831,-0.204089057700409,0.126994341380536,0.174195131932199,1.33559842914628,-1.17161171748385,0.18904801474469,0.248116689202435,0.27683405825139,0.3353306382266,FALSE,FALSE,TRUE,TRUE,FALSE,FALSE
"GGB9623",-1.69184780017126,2.48042195273558,0.0832550887806564,0.134236923982414,-20.3212539311393,18.4779409356887,9.228965428913e-07,1.6200127860497e-06,8.50721300434416e-06,1.49331947842274e-05,TRUE,TRUE,FALSE,FALSE,FALSE,FALSE
"GGB9627",-0.259618979655687,0.629664762036158,0.0967173792040007,0.142220901122036,-2.6843053626183,4.42737148385707,0.011718410155491,0.000116655478057126,0.0258452052202393,0.000465973826239298,TRUE,TRUE,FALSE,FALSE,FALSE,FALSE
"GGB9630",0.26094658156994,-0.389837543163668,0.0624564932753621,0.0997423085028991,4.1780536800147,-3.90844716765642,0.0527911277285481,0.0596637897901576,0.0944623096803276,0.0970548978713198,FALSE,FALSE,TRUE,TRUE,FALSE,FALSE
"GGB9634",-0.674200650818693,1.51034909347315,0.11650447646514,0.155317038062335,-5.78690769037039,9.72429755495974,4.94629591434852e-06,5.62008569254811e-10,3.45280268195785e-05,3.16908846437244e-08,TRUE,TRUE,FALSE,FALSE,FALSE,FALSE
"GGB9635",1.09234702393277,-1.68335165425997,0.0949002914459301,0.164718263300661,11.5104706981341,-10.2195811231165,6.39710808554272e-12,8.89138752192844e-11,4.91223307909404e-10,7.10323069807394e-09,TRUE,TRUE,FALSE,FALSE,FALSE,FALSE
"GGB9636",0.102004925875826,0.322790528373448,0.0800077081404947,0.117892934099412,1.27493873086207,2.73799724164349,0.238110039296798,0.0255281517822658,0.341038084172108,0.0470634387985874,FALSE,TRUE,TRUE,FALSE,FALSE,FALSE
"GGB9637",-0.405771317154713,2.21615241582386,0.0263847666690734,0.0830153935799653,-15.378999641878,26.6956804064192,0.0413372019447922,0.023836150489859,0.0771985667488458,0.0445147849408015,FALSE,TRUE,TRUE,FALSE,FALSE,FALSE
"GGB9640",1.06054259143609,-1.78469945828562,0.0645214860947592,0.105446233479694,16.4370453259327,-16.9252082259467,1.44711607273108e-08,1.09004799969369e-08,3.0602248714519e-07,2.90275745103615e-07,TRUE,TRUE,FALSE,FALSE,FALSE,FALSE
"GGB9641",0.355479957016439,-0.782170234290922,0.0617062905023681,0.110284431505745,5.76083822447238,-7.09229964385478,2.92191698068363e-05,2.54970261989004e-06,0.000157959271361769,2.1824240282154e-05,TRUE,TRUE,FALSE,FALSE,FALSE,FALSE
"GGB9642",0.398077605930792,-0.580535607541204,0.0611054147692709,0.104724421733964,6.51460443291155,-5.54345966231224,0.000109575297636429,0.000359443396534509,0.000458050226747631,0.00121333240426437,TRUE,TRUE,FALSE,FALSE,FALSE,FALSE
"GGB9646",-0.219171033105373,0.595125798833273,0.119376924853863,0.158815289009068,-1.83595810809899,3.74728278710806,0.0748710978624878,0.000644135768729378,0.126721097004605,0.00196243058354416,FALSE,TRUE,TRUE,FALSE,FALSE,FALSE
"GGB9667",-0.169271831758977,0.244261838223165,0.136650979227042,0.20072938169109,-1.23871656622187,1.21687137261783,0.219213420430993,0.227369825882987,0.316494878092137,0.311388390114034,FALSE,FALSE,TRUE,TRUE,FALSE,FALSE
"GGB9668",-0.176406194452889,0.0290775904483622,0.0397315660757961,0.0875430357471211,-4.43995069603745,0.332151954752362,0.0471673961679299,0.771354768259805,0.0862935314115562,0.883127513342037,FALSE,FALSE,TRUE,TRUE,FALSE,FALSE
"GGB9699",0.67566990364651,-1.19766873512265,0.127595257589882,0.241191100234663,5.29541549121092,-4.9656423224464,9.75303859448605e-07,3.6698460836056e-06,8.76554343679434e-06,2.96474082484543e-05,TRUE,TRUE,FALSE,FALSE,FALSE,FALSE
"GGB9707",0.493624752025463,-0.740166518392771,0.0954885574497409,0.169367547468558,5.16946496217912,-4.37017911315141,8.94291398928109e-06,0.000100999445351814,5.59126535503748e-05,0.000412605688681557,TRUE,TRUE,FALSE,FALSE,FALSE,FALSE
"GGB9708",0.28064358699701,-0.356923354994179,0.190055293680686,0.28861012958504,1.4766417791473,-1.23669725490009,0.144675514333131,0.220718550341989,0.22274452849148,0.303435253720631,FALSE,FALSE,TRUE,TRUE,FALSE,FALSE
"GGB9710",1.98813111156047,-3.60463362171226,0.0885934950296323,0.125431433296431,22.4410506764124,-28.7378811433451,8.82711798533158e-08,1.58923124276237e-08,1.24445055518694e-06,3.8088575451538e-07,TRUE,TRUE,FALSE,FALSE,FALSE,FALSE
"GGB9715",0.206641869912778,-0.252460140677795,0.187361089278751,0.271893859832913,1.10290706948944,-0.928524611894283,0.273415995883767,0.35596389598385,0.386980513859111,0.45540576728183,FALSE,FALSE,TRUE,TRUE,FALSE,FALSE
"GGB9716",-1.41955437849882,1.77483621494702,0.0509925271503681,0.133218215311903,-27.8384786522307,13.322774297731,1.98201194718615e-08,3.14289926151064e-06,3.95851830563011e-07,2.59740755060477e-05,TRUE,TRUE,TRUE,FALSE,TRUE,FALSE
"GGB9724",-0.744540449987361,1.69442428050127,0.094325741166782,0.157344255779944,-7.8932902172579,10.768898248634,2.27328362399848e-08,4.4352670252412e-11,4.30129190961817e-07,4.55565284449775e-09,TRUE,TRUE,TRUE,FALSE,TRUE,FALSE
"GGB9730",0.0717367962223124,0.0414561133763403,0.0802232288089416,0.152030021321078,0.89421477154902,0.27268373059547,0.376835938748845,0.786572728170664,0.512183440378865,0.894850936004284,FALSE,FALSE,TRUE,TRUE,FALSE,FALSE
"GGB9737",0.281073550034153,-0.300683766660436,0.0249269355378795,0.087495398344839,11.2758966944423,-3.4365666349146,9.58585069296872e-05,0.0185038265552332,0.00041559334810864,0.035764116379604,TRUE,TRUE,FALSE,FALSE,FALSE,FALSE
"GGB9739",-0.217980943300144,0.0520105957498627,0.107490304844146,0.162254132317601,-2.02791259747754,0.320550207301073,0.0653682654258679,0.754064506145717,0.112709311369782,0.87026064192419,FALSE,FALSE,TRUE,TRUE,FALSE,FALSE
"Hydrogeniiclostridium",-0.285168209913884,0.38525534104094,0.0911362053783042,0.155151252470692,-3.12903317326146,2.48309526933219,0.00298057597442372,0.0165714076226271,0.00784994185205367,0.0326434029607367,TRUE,TRUE,FALSE,FALSE,FALSE,FALSE
"Hydrogenoanaerobacterium",-0.201460331647848,0.29486743051828,0.156534824851786,0.192188512560695,-1.28700007706655,1.53426147374525,0.200820654785401,0.12786289895188,0.29288042756735,0.187237116795115,FALSE,FALSE,TRUE,TRUE,FALSE,FALSE
"Lawsonibacter",0.010085458476229,-0.19466286855418,0.119255400714848,0.205127491923294,0.0845702451693938,-0.948984783702091,0.932724737889237,0.344275366398384,1,0.44398557387911,FALSE,FALSE,TRUE,TRUE,FALSE,FALSE
"Ligaoa",0.108449533559789,-0.234009570760026,0.0923278218559951,0.12419645433151,1.1746137987414,-1.88418882020093,0.256341006411545,0.0767578020200699,0.364247398438539,0.121294197038308,FALSE,FALSE,TRUE,TRUE,FALSE,FALSE
"Massiliimalia",-0.131945149393174,0.0971160947771633,0.134950641192524,0.194460761639814,-0.977728955025398,0.499412292527398,0.33080051165569,0.618694272934456,0.457395322847002,0.730445291034275,FALSE,FALSE,TRUE,TRUE,FALSE,FALSE
"Monoglobus",-0.0537347736226143,-0.135643845471497,0.154031332501999,0.246628692150412,-0.348856123944243,-0.549992153341069,0.728482708538195,0.584473564698257,0.880300953678928,0.699317947304848,FALSE,FALSE,TRUE,TRUE,FALSE,FALSE
"Neglectibacter",-0.097349132288876,0.0649035511213545,0.197378853676339,0.261794149604046,-0.493209533218329,0.247918264099937,0.623386627752699,0.80491325570103,0.772784457507225,0.912827493452746,FALSE,FALSE,TRUE,TRUE,FALSE,FALSE
"Neobittarella",-0.374993448907731,0.390012526195214,0.0935893281904067,0.15185048212247,-4.00679710131918,2.56839833989241,0.000163037270620323,0.0125608192302532,0.000637085856391371,0.0258774470674843,TRUE,TRUE,FALSE,FALSE,FALSE,FALSE
"Oscillibacter",-0.0360046822105504,-0.101065473661246,0.225720346941683,0.316824117645955,-0.159510131445317,-0.3189955184352,0.873495242400843,0.750201990702281,1,0.867194905651029,FALSE,FALSE,TRUE,TRUE,FALSE,FALSE
"Oscillospiraceae_unclassified",-0.200850772317216,0.174228453016714,0.224000397457416,0.317974958539761,-0.896653642569534,0.547931364837108,0.371331056005926,0.584548103379991,0.505932863403902,0.699317947304848,FALSE,FALSE,TRUE,TRUE,FALSE,FALSE
"Phocea",-0.219441725496769,0.238904613794742,0.116086387385399,0.173938106201162,-1.89033124760992,1.37350359281505,0.061730006439038,0.172794981533922,0.108677970264473,0.24456612543876,FALSE,FALSE,TRUE,TRUE,FALSE,FALSE
"Provencibacterium",-0.0784068012376503,0.0623739025773199,0.117580249807285,0.163873772491214,-0.666836491384904,0.380621631082935,0.507133004345552,0.70467048366744,0.654629497530434,0.8185106264247,FALSE,FALSE,TRUE,TRUE,FALSE,FALSE
"Pseudoflavonifractor",0.066924904697811,-0.357467057718767,0.241406819777327,0.295055459179241,0.27722872435643,-1.21152497470522,0.782213235113727,0.228731096232258,0.934238066522873,0.312657144849797,FALSE,FALSE,TRUE,TRUE,FALSE,FALSE
"Pseudoruminococcus",0.237581649111225,-0.233601950442241,0.126907191411498,0.200972222673383,1.87208972532427,-1.16235939143634,0.0758914729928513,0.258772583357566,0.127490581966963,0.347771004549701,FALSE,FALSE,TRUE,TRUE,FALSE,FALSE
"Ruminococcus",-0.00487956956824789,-0.121928820259013,0.276188298476713,0.393612715417923,-0.0176675463629728,-0.309768499550512,0.985930155456304,0.75721465076394,1,0.872093547487123,FALSE,FALSE,TRUE,TRUE,FALSE,FALSE
"Ruthenibacterium",-0.0299767794648706,-0.156303911996351,0.178955691093834,0.239436233706705,-0.167509506300934,-0.652799743700504,0.867200966080865,0.514911976926594,1,0.626432675821017,FALSE,FALSE,TRUE,TRUE,FALSE,FALSE
"Vescimonas",0.274358650401721,-0.460869771675824,0.146970715896509,0.264880859358834,1.86675725656064,-1.73991345690813,0.0650196532013362,0.0851127042708025,0.112521789583825,0.132458948854344,FALSE,FALSE,TRUE,TRUE,FALSE,FALSE
"Yanshouia",0.583255983922734,-0.932618555367469,0.0551628606741232,0.1320491741529,10.5733454863471,-7.06266102268527,1.02865123710695e-10,2.10714743039753e-07,3.89263283936787e-09,2.85856415557702e-06,TRUE,TRUE,FALSE,FALSE,FALSE,FALSE
"Youxingia",0.0826250809665464,-0.145149421155045,0.122715012837075,0.164397290517769,0.673308660907244,-0.88291857303668,0.503790859464099,0.38142320624093,0.652658789107544,0.482822685364839,FALSE,FALSE,TRUE,TRUE,FALSE,FALSE
"Zongyangia",-1.99209485552922,3.71948443341754,NA,0.0811064138570311,NA,45.859313173111,1,1,1,1,FALSE,FALSE,TRUE,TRUE,FALSE,FALSE
"Peptococcus",-0.513238059640671,0.560773491488102,0.0508433532057188,0.0930267729771781,-10.0944966702736,6.02808711450923,0.0628609279295427,0.104655839445143,0.109769783099537,0.158750102449489,FALSE,FALSE,TRUE,TRUE,FALSE,FALSE
"Clostridioides",1.09860313033662,-3.51250102019451,0.058343297748084,0.10769306855611,18.8299800103895,-32.6158504654776,0.000326986019457182,6.33456609571458e-05,0.00116966640790902,0.000293842130504438,TRUE,TRUE,FALSE,FALSE,FALSE,FALSE
"GGB4456",-0.201687949450226,0.542060871440032,0.0670917291312663,0.112402509108999,-3.00615220477653,4.82249796500879,0.0109408879888033,0.000417266522506395,0.0244301194532595,0.00135753226100497,TRUE,TRUE,FALSE,FALSE,FALSE,FALSE
"Intestinibacter",0.12966639165824,-0.32908623793578,0.198842142471946,0.25964434227911,0.65210719441194,-1.26745006283257,0.516352478348324,0.208968380893616,0.662959699879366,0.287831926939674,FALSE,FALSE,TRUE,TRUE,FALSE,FALSE
"Peptostreptococcus",0.320564796928781,-0.959532511754294,0.0485792482063424,0.0947276340316333,6.59880110880202,-10.1293832740916,0.000582249898809395,5.38233520212548e-05,0.00194715198718119,0.000256824348441459,TRUE,TRUE,FALSE,FALSE,FALSE,FALSE
"Romboutsia",-0.150511047601079,0.162301111744422,0.153313506674995,0.223373862647928,-0.981720729408032,0.726589538366152,0.329479957533126,0.469800937576245,0.456447185869591,0.580389818070997,FALSE,FALSE,TRUE,TRUE,FALSE,FALSE
"Terrisporobacter",-0.373583631123003,1.03675133057455,0.083151067141923,0.131452788459734,-4.49283026621134,7.88687210611829,0.00150438009038805,2.47977902674261e-05,0.00427529361655734,0.000136103902307476,TRUE,TRUE,FALSE,FALSE,FALSE,FALSE
"Yeguia",0.195984897091055,-0.105532046924856,0.0468567211929185,0.111605501486708,4.18264215040029,-0.945581046803727,0.000703580598183873,0.358424525389903,0.00224833088930758,0.456313630902737,TRUE,FALSE,FALSE,TRUE,FALSE,FALSE
"Catenibacterium",0.139025594648811,-0.377783209197996,0.0569230524749804,0.104811255782969,2.44234257658472,-3.60441449132396,0.0372213355707933,0.00570884149757674,0.0707993128978846,0.0129484449109075,FALSE,TRUE,TRUE,FALSE,FALSE,FALSE
"Coprobacillus",0.0245102645733794,-0.387596845726344,0.135913692002387,0.18228497811888,0.180336978653695,-2.12632357161964,0.857846341983823,0.0400310113980859,1,0.0695224569932941,FALSE,FALSE,TRUE,TRUE,FALSE,FALSE
"Amedibacillus",0.0240203723548712,0.012014242773219,0.104018880579598,0.159470754593303,0.230923196068144,0.0753382198752293,0.818844579974384,0.940414641108289,0.969932871501783,1,FALSE,FALSE,TRUE,TRUE,FALSE,FALSE
"Amedibacterium",0.426207482859213,-1.20140603040362,0.0574968765451989,0.114771160924264,7.41270671501899,-10.4678389651945,7.5275164998945e-05,6.02732417352412e-06,0.000344731488116188,4.33364608076384e-05,TRUE,TRUE,FALSE,FALSE,FALSE,FALSE
"Candidatus_Stoquefichus",-0.622007804082914,0.744357818700219,0.0569877998810997,0.109318874295925,-10.91475377854,6.80905125939413,1.71904249056506e-06,7.82521056453693e-05,1.45410770672503e-05,0.000340989478539518,TRUE,TRUE,FALSE,FALSE,FALSE,FALSE
"Copranaerobaculum",0.699736054650489,-0.952677246721081,0.0210252743756869,0.0875322827252594,33.2807097851549,-10.8837244621082,4.86151275149754e-06,0.000404562840064494,3.42688987090856e-05,0.00132218491821078,TRUE,TRUE,FALSE,FALSE,FALSE,FALSE
"Dielma",-0.0368351916985805,-0.170221663352415,0.142461115638049,0.176815086658716,-0.258563128146263,-0.962710063768329,0.796789345153004,0.339260941005887,0.945365576179884,0.43872053342308,FALSE,FALSE,TRUE,TRUE,FALSE,FALSE
"Erysipelatoclostridium",-0.194605291221218,0.139586055441924,0.230227433047169,0.29513313598265,-0.845274121530717,0.472959618638449,0.399475872533552,0.637017260558156,0.534866205496506,0.750844934985761,FALSE,FALSE,TRUE,TRUE,FALSE,FALSE
"Faecalibacillus",-0.0301904289804131,-0.0336244662403865,0.132835562600753,0.219471982449679,-0.227276705042855,-0.15320618998872,0.820781249963258,0.878616705830334,0.970627826847997,0.977903113764722,FALSE,FALSE,TRUE,TRUE,FALSE,FALSE
"Faecalicoccus",0.87566877965427,-0.997137887668265,0.0122520620650399,0.0811228783901831,71.4711348184326,-12.2916975760186,0.000195709152634377,0.00655375913889244,0.000744523178540301,0.0145887084237265,TRUE,TRUE,FALSE,FALSE,FALSE,FALSE
"Faecalitalea",-0.204591517030859,0.434291458210065,0.0975162504978848,0.148282357354956,-2.09802485212756,2.92881409465635,0.0560130203079996,0.0117400825593634,0.0994403990159301,0.0245381376749486,FALSE,TRUE,TRUE,FALSE,FALSE,FALSE
"Holdemanella",0.324631983357892,-0.650179551634632,0.137096006648028,0.20229816118405,2.36791713555401,-3.21396669069622,0.0270978650558556,0.00399826211795743,0.0532332376370496,0.00955066598940661,FALSE,TRUE,TRUE,FALSE,FALSE,FALSE
"Holdemania",-0.176522306168965,0.147749889879316,0.177337024698377,0.235348779436349,-0.995405818210844,0.627791188181094,0.321431711345705,0.53126795264497,0.447020116939192,0.645239287080631,FALSE,FALSE,TRUE,TRUE,FALSE,FALSE
"Longibaculum",-0.161837701806687,-0.037070061832845,0.0969130501177301,0.16602306014407,-1.66992682213682,-0.223282607853854,0.102742507967514,0.824451954359295,0.166004187030657,0.928569251058379,FALSE,FALSE,TRUE,TRUE,FALSE,FALSE
"Longicatena",-0.208974382372655,-0.0231291076027248,0.152449702662405,0.252277071516938,-1.37077592624383,-0.0916813702634563,0.174762753964981,0.927209383693803,0.260693817636559,1,FALSE,FALSE,TRUE,TRUE,FALSE,FALSE
"Massilicoli",1.32932939889273,-2.08376088922861,0.0176991946339705,0.0924076694475972,75.1067732958487,-22.54965309357,3.74987857549684e-10,4.97839576764455e-07,1.22552849808283e-08,5.30996820182545e-06,TRUE,TRUE,FALSE,FALSE,FALSE,FALSE
"Massilimicrobiota",0.178186084977299,-0.496490922993588,0.166526583652829,0.230360333275652,1.07001585613969,-2.15527958278946,0.289122397644193,0.0353767433620071,0.405343894235096,0.0623428394051056,FALSE,FALSE,TRUE,TRUE,FALSE,FALSE
"Solobacterium",0.671807091198721,-1.00680026403898,0.0793198622621099,0.133377543232223,8.46959477789758,-7.54849909242998,2.26080720361161e-08,1.52727154363091e-07,4.30129190961817e-07,2.28772549973047e-06,TRUE,TRUE,FALSE,FALSE,FALSE,FALSE
"Traorella",1.20728565729799,-1.43603998456722,NA,0.107777105803657,NA,-13.3241654046948,1,0.000913720834009167,1,0.0027035608216156,FALSE,TRUE,FALSE,FALSE,FALSE,FALSE
"Turicibacter",-0.131266181266065,0.218405259357483,0.115192903284665,0.16345744879606,-1.13953357822469,1.33615972209366,0.262006271914829,0.189882126931797,0.371563135121819,0.265814340432945,FALSE,FALSE,TRUE,TRUE,FALSE,FALSE
"Firmicutes_unclassified",-0.142937992994834,-0.0729336661117082,0.102796788110102,0.16733167876923,-1.39049084726012,-0.435862872159984,0.17268766908861,0.665468723798325,0.258133958575283,0.779270378519537,FALSE,FALSE,TRUE,TRUE,FALSE,FALSE
"GGB3680",-0.647548761302668,0.924227833391306,0.0316656743519436,0.0923954140241277,-20.4495490639353,10.0029621940972,5.17394774893815e-06,0.000170704941549392,3.57698887642936e-05,0.000649401338486842,TRUE,TRUE,TRUE,FALSE,TRUE,FALSE
"GGB52002",-0.189145547928406,1.19469532051189,0.0326360215276843,0.0848967846332812,-5.7956067888961,14.0723270695407,0.108774210074137,0.0451632070732128,0.174572895185947,0.0770943719222209,FALSE,FALSE,TRUE,TRUE,FALSE,FALSE
"GGB9509",-0.27117011014978,0.195083515347775,0.0711743487913817,0.127819672933949,-3.80994156960401,1.52624013870373,0.001400295509983,0.145339698171209,0.00404342358103526,0.209837837319477,TRUE,FALSE,FALSE,TRUE,FALSE,FALSE
"GGB9511",0.0148159122643954,0.759138299223864,0.0394087496221616,0.087499334136175,0.375954893429647,8.67593229958092,0.771066707982615,0.0730552991012774,0.923994938399166,0.116209646136767,FALSE,FALSE,TRUE,TRUE,FALSE,FALSE
"GGB9512",-0.144819635656527,0.3125905255518,0.166435356178519,0.221737991978422,-0.870125428765223,1.40972921583154,0.387123596687901,0.162924713343276,0.523198996275566,0.231966077017457,FALSE,FALSE,TRUE,TRUE,FALSE,FALSE
"Negativibacillus",-0.32963082739952,0.686181514651848,0.131619016463641,0.170325345091773,-2.50443162588575,4.02865183852777,0.0177354267293332,0.000337317454805858,0.0365380281329244,0.00115491071431148,TRUE,TRUE,FALSE,FALSE,FALSE,FALSE
"Acidaminococcus",0.499552944095674,-0.813245976753468,0.199550670852067,0.265981261952658,2.50338894859445,-3.05753108614929,0.01684206617759,0.00413110022560038,0.0352018766909511,0.0097389100754388,TRUE,TRUE,FALSE,FALSE,FALSE,FALSE
"GGB4249",0.894106404505475,-2.12125765503245,0.0900233464875121,0.131470173067829,9.9319392067868,-16.1348966501933,0.00998592908719298,0.00381921467345917,0.0226494732293115,0.00927068650631242,TRUE,TRUE,FALSE,FALSE,FALSE,FALSE
"Phascolarctobacterium",0.363983932864644,-0.708229312329778,0.225078219464852,0.332930926000627,1.61714418094321,-2.1272560072369,0.108737640320162,0.0356538813291116,0.174572895185947,0.0626776055638905,FALSE,FALSE,TRUE,TRUE,FALSE,FALSE
"Megamonas",-0.0732421176748615,0.0582572035934191,0.104587782651574,0.226480506501218,-0.700293244755578,0.257228334983019,0.491811024017619,0.799630391069518,0.639443266308622,0.908268959208505,FALSE,FALSE,FALSE,TRUE,FALSE,FALSE
"Allisonella",0.354189855951776,-0.43029347072416,0.0425705198775055,0.102120056016309,8.32007353847074,-4.21360394333744,2.51059784397957e-06,0.00120248257176777,1.94098908582936e-05,0.00337728503555087,TRUE,TRUE,FALSE,FALSE,FALSE,FALSE
"Anaeroglobus",1.62169311952097,-3.39142562516094,0.0156889927976242,0.0866580344045322,103.365024156716,-39.1357321737679,9.35818901167686e-05,0.000652270887437045,0.000410276701182662,0.00197883024500943,TRUE,TRUE,FALSE,FALSE,FALSE,FALSE
"Dialister",0.244876064630415,-0.463073121526946,0.21008511588071,0.35579616204509,1.165604062924,-1.30151241335836,0.246854398689682,0.19640488141329,0.35215935051167,0.273143345717902,FALSE,FALSE,TRUE,TRUE,FALSE,FALSE
"GGB4277",0.0776864278629291,-0.838741919056896,0.0940614126763165,0.127902425090213,0.825911770326724,-6.55767018072806,0.440451386756486,0.000602088742600583,0.581072563445713,0.0018500077176488,FALSE,TRUE,TRUE,FALSE,FALSE,FALSE
"Megasphaera",-0.179594166669971,0.485060462629603,0.112968366197628,0.181367979191192,-1.58977395809892,2.67445480063638,0.130309164522679,0.0160052562342771,0.205015950310298,0.031966053423459,FALSE,TRUE,TRUE,FALSE,FALSE,FALSE
"Veillonella",0.0470223056044502,-0.252253899995506,0.178202198356495,0.270932721210152,0.263870513597042,-0.931057344675034,0.792613141455651,0.354851513107067,0.941965039184485,0.454791867957185,FALSE,FALSE,TRUE,TRUE,FALSE,FALSE
"Veillonellaceae_unclassified",0.600983162311582,-1.98994674856318,0.0921439934837278,0.141818177736126,6.52221745107794,-14.0316761950346,2.84249044992416e-05,8.31558858561447e-09,0.000154829593446627,2.59952530132904e-07,TRUE,TRUE,FALSE,FALSE,FALSE,FALSE
"Anaerococcus",-0.688459026077865,1.37112196600437,0.0927123057753521,0.125888905269644,-7.42575670317213,10.8915234671994,7.99199736240795e-06,1.41276488997711e-07,5.08517354298346e-05,2.16122969339052e-06,TRUE,TRUE,FALSE,FALSE,FALSE,FALSE
"Finegoldia",0.250372673673527,-0.484251678366374,0.0451612831568771,0.100867449781929,5.54396722528466,-4.80087163315126,0.000865395429374587,0.00196430992324892,0.00268197980051865,0.00517340232533323,TRUE,TRUE,FALSE,FALSE,FALSE,FALSE
"Parvimonas",0.467387564530372,-1.04060746220264,0.0798878787419237,0.123790718521159,5.85054418631215,-8.40618323113437,0.000243593565051167,1.48700016928789e-05,0.000912207152457234,9.06061967557624e-05,TRUE,TRUE,FALSE,FALSE,FALSE,FALSE
"Peptoniphilus",0.256035968854759,-0.421800070068208,0.0512398736164074,0.108612240099507,4.99681109230477,-3.88354083924399,0.000404559467231351,0.00254777256108434,0.00140281197553426,0.0065190337061197,TRUE,TRUE,FALSE,FALSE,FALSE,FALSE
"Ezakiella",0.613045004403567,-0.488412358441546,0.0147505896203931,0.102573338739029,41.560711821039,-4.7615917005898,1.52124387634321e-07,0.0050522978858373,1.98868063107413e-06,0.0116429557048623,TRUE,TRUE,FALSE,FALSE,FALSE,FALSE
"Cetobacterium",5.86506380732833,-10.8917919160789,NA,0.0811064138570311,NA,-134.290143012342,1,1,1,1,FALSE,FALSE,TRUE,TRUE,FALSE,FALSE
"Fusobacterium",-0.17640372050333,0.115422937002311,0.12335163823634,0.168363714111246,-1.4300881854957,0.685557084622436,0.165071581240061,0.499300824990432,0.24905287420646,0.610539614231497,FALSE,FALSE,TRUE,TRUE,FALSE,FALSE
"GGB4386",-1.84907400748938,2.59416234274615,0.0122520620650399,0.126733243121589,-150.91941239553,20.4694701946298,4.3901684934458e-05,0.002378129118106,0.000219203551860245,0.00615062890618061,TRUE,TRUE,TRUE,FALSE,TRUE,FALSE
"GGB6470",1.35611699409545,-1.58997428293841,0.0125818907734265,0.081550071037556,107.783243275298,-19.4969086195668,4.44321241952982e-08,4.08046597173183e-05,7.445036560951e-07,0.00020373993289411,TRUE,TRUE,FALSE,FALSE,FALSE,FALSE
"GGB6518",0.341254540825668,-0.525027308591585,0.0161221434798927,0.0812260938653315,21.1668219707433,-6.46377640000825,0.000230688074385797,0.0075127964418733,0.000868401704101509,0.0165189622070548,TRUE,TRUE,FALSE,FALSE,FALSE,FALSE
"Victivallis",0.59406679670534,-0.86593555335184,0.100663043427782,0.152333781283441,5.9015382058415,-5.6844617527128,3.6994316831646e-06,6.41843876535076e-06,2.71417487775036e-05,4.5243700708698e-05,TRUE,TRUE,FALSE,FALSE,FALSE,FALSE
"Bradyrhizobium",-0.416799988694538,1.13514832289876,0.0346998179866359,0.0870873994423712,-12.0115900566125,13.034587439368,7.05633474040207e-05,4.74037484686052e-05,0.000327322882474135,0.000231859150672974,TRUE,TRUE,FALSE,FALSE,FALSE,FALSE
"Shinella",1.13222683521469,-1.95796762911026,NA,0.0811064138570311,NA,-24.1407249562486,1,1,1,1,FALSE,FALSE,TRUE,TRUE,FALSE,FALSE
"Sphingomonas",-0.638020370300565,1.35795728225954,0.012856824478249,0.082669944252791,-49.6250354339018,16.4262513363639,0.000405820432421595,0.00368567379910288,0.00140281197553426,0.00904058403302023,TRUE,TRUE,FALSE,FALSE,FALSE,FALSE
"Comamonas",-2.54847931037355,4.6507797030245,NA,0.0811064138570311,NA,57.341700635693,1,1,1,1,FALSE,FALSE,FALSE,TRUE,FALSE,FALSE
"GGB6649",-0.792893651822371,0.83426147010514,0.0264892965595388,0.0918652043705938,-29.9326050444646,9.08136520046962,6.83203488052021e-12,1.91930169149846e-06,4.91223307909404e-10,1.7468074888448e-05,TRUE,TRUE,FALSE,FALSE,FALSE,FALSE
"Oxalobacter",-0.398669963646794,0.997951563882298,0.0834572977672443,0.115044625721488,-4.7769335254378,8.67447355861928,0.000114983008065643,3.26496978004723e-08,0.000475130935627569,6.7071807767256e-07,TRUE,TRUE,FALSE,FALSE,FALSE,FALSE
"Dakarella",-0.377586824439524,0.934391078058764,0.0276130218220746,0.0833425719420213,-13.6742304725834,11.2114499983129,0.0464734387246913,0.056633133206163,0.0852408225588088,0.0928552904775752,FALSE,FALSE,TRUE,TRUE,FALSE,FALSE
"Duodenibacillus",3.19789073970976,-4.84368731278,0.0243161137364376,0.110555993912366,131.51323333867,-43.8120733338023,1.30344174681621e-11,9.46635642081265e-09,7.80978846634044e-10,2.72252410662572e-07,TRUE,TRUE,FALSE,FALSE,FALSE,FALSE
"GGB36599",-1.06563219846504,1.9224205649222,0.0413701993796895,0.0881719915124904,-25.7584496677145,21.8030752390329,0.000128339458245065,0.00021117296890342,0.000518404890326977,0.000778632639187481,TRUE,TRUE,FALSE,FALSE,FALSE,FALSE
"GGB6546",1.60181145119184,-3.59512265530262,NA,0.0811064138570311,NA,-44.3259969752806,1,1,1,1,FALSE,FALSE,TRUE,TRUE,FALSE,FALSE
"GGB6565",-1.05493617421808,3.40386919734216,0.0151243077240764,0.081109657926439,-69.751038755891,41.966262518691,0.0091264040210382,0.0151669289372121,0.0210316810613028,0.0305462798483348,TRUE,TRUE,TRUE,FALSE,TRUE,FALSE
"Mesosutterella",0.27126830633201,-0.470200032062401,0.0441329370706651,0.0956951247826546,6.14661802131271,-4.91352128052847,0.00866270647320752,0.016145324696492,0.0201569124732563,0.0320676476706569,TRUE,TRUE,FALSE,FALSE,FALSE,FALSE
"Parasutterella",0.141528815194687,-0.390524558113884,0.193210479641053,0.251735246542722,0.732511070091127,-1.55133046912288,0.465781457653103,0.12437138864306,0.611125671628798,0.184366045019765,FALSE,FALSE,TRUE,TRUE,FALSE,FALSE
"Sutterella",0.0822582248375041,-0.179751051885241,0.119621134460317,0.174038949235113,0.687656284222855,-1.03282082933293,0.495278433297393,0.307331461345378,0.64278915801593,0.401766037649684,FALSE,FALSE,TRUE,TRUE,FALSE,FALSE
"Turicimonas",-1.54272744770285,1.99088948887274,0.0889314848842102,0.121270376914792,-17.3473708407265,16.4169481411903,5.20071789122344e-07,7.58708244444244e-07,5.34188023398522e-06,7.79301753936302e-06,TRUE,TRUE,FALSE,FALSE,FALSE,FALSE
"GGB6606",-0.438793506295798,0.482560650207634,0.0735147229972536,0.107814077546274,-5.9687840531235,4.47585937931454,0.00940981048637338,0.0207886514808473,0.0216029008561442,0.0395439837695935,TRUE,TRUE,FALSE,FALSE,FALSE,FALSE
"GGB6544",0.739900217105057,-0.815423421161679,NA,0.0811064138570311,NA,-10.0537476924951,1,1,1,1,FALSE,FALSE,TRUE,TRUE,FALSE,FALSE
"GGB6601",-0.372255643814911,0.501435992372342,0.0334732224154043,0.093574840049586,-11.1209981278528,5.35866256470892,3.1506641128854e-05,0.00173031131321267,0.00016905429083318,0.00464214117238773,TRUE,TRUE,FALSE,FALSE,FALSE,FALSE
"GGB6609",-1.31177306865734,4.09336178412709,NA,0.0811064138570311,NA,50.4690269174346,1,1,1,1,FALSE,FALSE,FALSE,TRUE,FALSE,FALSE
"GGB6610",1.93465907382612,-2.63356711360041,0.0122520620650399,0.0957963299371164,157.904772564489,-27.491315328355,0.00403161507706903,0.0231469177226589,0.010315769538835,0.0433401922984161,TRUE,TRUE,FALSE,FALSE,FALSE,FALSE
"GGB6612",0.300365673457901,-0.907084218458942,0.105308021712105,0.154141881974398,2.85225824751558,-5.88473558801886,0.0121110321074411,2.99846018757141e-05,0.0265482685525919,0.000158521534916459,TRUE,TRUE,FALSE,FALSE,FALSE,FALSE
"GGB6613",-0.527256503160803,0.582467908610896,0.0751288730301778,0.133421165613974,-7.01802758240516,4.36563348798904,4.1533196219061e-06,0.000553765821833513,2.95667010707969e-05,0.00173867958907553,TRUE,TRUE,FALSE,FALSE,FALSE,FALSE
"Bilophila",0.114146128305327,-0.319384193296447,0.159165633270328,0.221936399346422,0.717153106232801,-1.43907981852908,0.474772614837273,0.15291681161181,0.619530871266787,0.219018301890222,FALSE,FALSE,TRUE,TRUE,FALSE,FALSE
"Desulfovibrio",0.195310851950794,-0.679234343644696,0.168572620156525,0.222730070276896,1.15861550807861,-3.04958527961796,0.251361257226771,0.00345055704406739,0.357878700883265,0.00852560314324555,FALSE,TRUE,TRUE,FALSE,FALSE,FALSE
"GGB9813",-0.0389356883198425,0.36424217457479,0.0151465687537393,0.0808708590508546,-2.57059463122499,4.50399784112273,0.0619398310935351,0.0107894790800103,0.108677970264473,0.0226831446155772,FALSE,TRUE,TRUE,FALSE,FALSE,FALSE
"GGB9815",-1.32264224247632,1.57362787847875,0.0122520620650399,0.0933790648188087,-107.952623440454,16.852041531281,1.75241515492545e-06,0.000455024838575235,1.4651005771993e-05,0.00146709802213271,TRUE,TRUE,TRUE,FALSE,TRUE,FALSE
"GGB9818",0.053272778699835,0.0164019515824126,0.0964770280914122,0.15066045008317,0.552180967363121,0.108867002410772,0.585366652875688,0.914113047448657,0.73196282333499,1,FALSE,FALSE,TRUE,TRUE,FALSE,FALSE
"GGB9819",-0.0160781187556855,0.224812370570231,0.0556427541518385,0.0975559423731365,-0.288952604894635,2.30444568625414,0.779963851792376,0.0501217876133656,0.933101513209182,0.0840036487039857,FALSE,FALSE,TRUE,TRUE,FALSE,FALSE
"Campylobacter",-0.385957704420346,1.02055446386042,0.0403924211113676,0.0911180838618861,-9.55520104517148,11.2003503652178,0.000212541929803383,9.90263969593813e-05,0.000804303408045432,0.000406857025221687,TRUE,TRUE,FALSE,FALSE,FALSE,FALSE
"Citrobacter",-0.557972472182966,0.440588884405602,0.0497919799786308,0.125944535453879,-11.2060711870151,3.49827710124785,4.72846780518355e-08,0.00392699864819869,7.72674625437948e-07,0.00941170676018285,TRUE,TRUE,TRUE,FALSE,TRUE,FALSE
"Enterobacter",-0.470693207752733,0.898001849334382,0.114474481378308,0.18726022916333,-4.11177410096505,4.79547554409504,0.000654841865158542,0.000144821011857738,0.00214014227749542,0.000558153137664049,TRUE,TRUE,FALSE,FALSE,FALSE,FALSE
"Escherichia",0.127000296820092,-0.37855801160229,0.26224202472926,0.361968874344826,0.484286593467268,-1.04583028661647,0.629103529526845,0.297832656424971,0.778529152719107,0.391483875629898,FALSE,FALSE,TRUE,TRUE,FALSE,FALSE
"Klebsiella",0.156822669134493,-0.406308528018534,0.180473702122897,0.255219981979793,0.868950253082862,-1.59199340453955,0.388583394289003,0.117015886054926,0.524186605054022,0.175645975101235,FALSE,FALSE,TRUE,TRUE,FALSE,FALSE
"Hafnia",-0.307641639484684,0.286226810124218,0.0877785224707858,0.117480533380015,-3.50474843760412,2.43637649480495,0.0726511122240521,0.135140669529241,0.124076365057229,0.196295235134393,FALSE,FALSE,TRUE,TRUE,FALSE,FALSE
"Morganella",-0.568448153521277,0.04938353609848,NA,0.0811064138570311,NA,0.608873376962886,1,1,1,1,FALSE,FALSE,TRUE,TRUE,FALSE,FALSE
"Proteus",-1.69404806704849,2.77013756600637,0.0421806288972805,0.0886248416541668,-40.1617546095362,31.2568972119132,0.000619399705913636,0.00102197933375891,0.00204288251629314,0.00293921256389062,TRUE,TRUE,FALSE,FALSE,FALSE,FALSE
"Providencia",-3.72891267038389,7.4101956957366,NA,0.0811064138570311,NA,91.3638680758193,1,1,1,1,FALSE,FALSE,FALSE,TRUE,FALSE,FALSE
"Haemophilus",-0.0223765622253708,-0.0253012525985674,0.0602967858116325,0.111780749760004,-0.3711070486456,-0.226347136272477,0.71466348232244,0.823348683466979,0.867978114509856,0.928569251058379,FALSE,FALSE,TRUE,TRUE,FALSE,FALSE
"Pseudomonas",-0.323969637553265,0.491247439242924,0.0316291835817123,0.0918971998003276,-10.2427442275362,5.34561923878308,5.05079792020228e-05,0.0017518930956507,0.000243726423129224,0.00468256927796599,TRUE,TRUE,FALSE,FALSE,FALSE,FALSE
"Cloacibacillus",0.337587877044869,-0.584426825857911,0.129185956170261,0.189880015916788,2.61319331491377,-3.07787432519506,0.0132646214113825,0.00410384981891849,0.028813482763698,0.00973817828317623,TRUE,TRUE,FALSE,FALSE,FALSE,FALSE
"Pyramidobacter",-0.68657504950188,0.692859418197022,0.0456665431158784,0.0954476349167164,-15.0345308108762,7.2590527654413,0.00439490863701328,0.0184538648491723,0.0110875063509212,0.0357636895594471,TRUE,TRUE,FALSE,FALSE,FALSE,FALSE
"GGB4745",0.23722283151668,-0.393653043944259,0.150965475709397,0.22525608665517,1.57137140397136,-1.74758005339441,0.129188087895483,0.0933217807864612,0.203697884203623,0.143987897822888,FALSE,FALSE,TRUE,TRUE,FALSE,FALSE
"GGB6123",1.28025370965745,-1.30664858955847,0.0122520620650399,0.0830615370613121,104.492917425756,-15.7310908970294,0.0060922821765441,0.0404145100747852,0.0146650552413867,0.0700193560090857,TRUE,FALSE,FALSE,TRUE,FALSE,FALSE
"GGB6126",0.378724734805528,-0.368152850871912,NA,0.0811064138570311,NA,-4.53913363153827,1,1,1,1,FALSE,FALSE,TRUE,TRUE,FALSE,FALSE
"Puniceicoccaceae_unclassified",1.12108059662404,-1.65762551239901,0.032161832331384,0.0980489278440244,34.8574852661635,-16.9061054398876,3.65596130500358e-07,1.32416494048465e-05,4.10724402858996e-06,8.27890949746491e-05,TRUE,TRUE,FALSE,FALSE,FALSE,FALSE
"Akkermansia",0.416479475015067,-0.911778980063414,0.274545171509842,0.389430732871507,1.51697978414506,-2.34131233901423,0.131946295564677,0.0208934776113286,0.20713839849564,0.0396369667613331,FALSE,TRUE,TRUE,FALSE,FALSE,FALSE
"Blastocystis",-2.55767347778312,3.33339873671769,NA,0.0818114813544739,NA,40.7448768990589,1,0.000601813320217101,1,0.0018500077176488,FALSE,TRUE,FALSE,FALSE,FALSE,FALSE
"Candidatus_Methanomethylophilaceae",0.0248166207613975,0.730845123586998,0.033991889368656,0.0855232957638492,0.730074768491127,8.54556781353516,0.598530681180745,0.0741597930874178,0.728400545965246,0.115260401304541,FALSE,FALSE,TRUE,TRUE,FALSE,FALSE
"Methanomassiliicoccaceae",-0.610500917843647,1.2529565830537,0.0671280520019049,0.106996754474539,-9.09457223377081,11.7102298028288,0.000268979034248009,7.98232125328132e-05,0.000925287877813152,0.000332167561830094,TRUE,TRUE,FALSE,FALSE,FALSE,FALSE
"Methanobacteriaceae",0.793881837055218,-1.39011549819872,0.222452639043858,0.327519784137788,3.56876789804548,-4.24437107473757,0.000686186213045491,7.22109099641019e-05,0.0021075719400683,0.00031576974187692,TRUE,TRUE,FALSE,FALSE,FALSE,FALSE
"Actinomycetaceae",-0.345504570802167,0.513094461824641,0.176275387084063,0.239673145503491,-1.96002729886164,2.14080914550006,0.0530861001072766,0.034992805370111,0.0951125960255373,0.0582460889386363,FALSE,FALSE,TRUE,TRUE,FALSE,FALSE
"Bifidobacteriaceae",-0.0516530252001587,0.020112773268832,0.249146857261227,0.359155867043545,-0.207319593624258,0.0560001244985744,0.836097639021876,0.955431120462894,0.963895535209487,1,FALSE,FALSE,TRUE,TRUE,FALSE,FALSE
"Corynebacteriaceae",1.06964374888128,-1.58490239336098,0.0451537657822718,0.114839741945257,23.688915649672,-13.8009922916449,2.68098010862105e-13,6.25523240887623e-10,6.29933049149745e-11,4.03462490372517e-08,TRUE,TRUE,FALSE,FALSE,FALSE,FALSE
"Lawsonellaceae",0.142089806051042,-0.638811516235085,0.0122520620650399,0.0825727733795837,11.5972156602505,-7.7363456511082,0.00735328905385517,0.0163007327763301,0.0172468052354058,0.0304752830166171,TRUE,TRUE,FALSE,FALSE,FALSE,FALSE
"Microbacteriaceae",1.69143525577844,-3.35060931462607,NA,0.0812644994517416,NA,-41.2309106341793,1,1,1,1,FALSE,FALSE,TRUE,TRUE,FALSE,FALSE
"Micrococcaceae",0.22226827863775,-0.468188923692294,0.105134334324044,0.153155904846856,2.11413597724105,-3.05694334254005,0.04063069771185,0.0039252745493921,0.0788174436816338,0.00920655303402875,FALSE,TRUE,TRUE,FALSE,FALSE,FALSE
"Propionibacteriaceae",0.73323938997508,-1.22237636282919,0.0648130990500763,0.106505867927978,11.3131357815271,-11.4770799638551,2.12696221872158e-07,1.83648265197674e-07,2.61312501157223e-06,2.49375012742105e-06,TRUE,TRUE,FALSE,FALSE,FALSE,FALSE
"FGB12107",-0.168140106062333,0.685635386478714,0.100654916199237,0.138717490607675,-1.67046094131673,4.94267437707511,0.107302756546668,4.32321379042523e-05,0.17411390684931,0.000199176635344591,FALSE,TRUE,TRUE,FALSE,FALSE,FALSE
"FGB2992",-0.344879934498638,0.689823611084368,0.0488971607481523,0.119921242217905,-7.05316892068564,5.75230541584042,4.47113476428e-07,8.71102928062941e-06,4.78418927421097e-06,5.22661756837765e-05,TRUE,TRUE,TRUE,FALSE,TRUE,FALSE
"FGB77988",0.516762163697446,-1.04193004515435,0.0680986969229865,0.120676875327642,7.58842954486864,-8.63404892051997,7.43515025453982e-07,1.27264794162283e-07,6.61471988162508e-06,1.93143040552171e-06,TRUE,TRUE,FALSE,FALSE,FALSE,FALSE
"Atopobiaceae",0.0436434851215415,-0.0833613017505678,0.0722651767880131,0.124973704776276,0.603935215568182,-0.667030731783127,0.551553177263199,0.511115252726142,0.687443090501958,0.622017618883701,FALSE,FALSE,TRUE,TRUE,FALSE,FALSE
"Coriobacteriaceae",0.217154733165719,-0.513070297264782,0.190785485756326,0.314049973249296,1.13821411678597,-1.63372183081672,0.257243247822995,0.104874393251499,0.358750042909906,0.155503410683257,FALSE,FALSE,TRUE,TRUE,FALSE,FALSE
"Eggerthellaceae",-0.302013580292035,0.35767984040748,0.197230188119472,0.273023891930017,-1.53127461455896,1.31006791339405,0.127807817696954,0.192175551863995,0.202297036600086,0.258235897817243,FALSE,FALSE,TRUE,TRUE,FALSE,FALSE
"Bacteria_unclassified",-0.155575674910088,0.0891504103669793,0.158283689857261,0.206740887369815,-0.98289138350505,0.431218088986474,0.327760682748751,0.667131327156676,0.447419344704645,0.773647633090733,FALSE,FALSE,TRUE,TRUE,FALSE,FALSE
"Bacteroidaceae",0.153112812957683,-0.497459730787885,0.108860291335914,0.179786808103356,1.40650747006746,-2.76694233595773,0.161575230074651,0.00634742840030057,0.246665144137634,0.0136469710606462,FALSE,TRUE,TRUE,FALSE,FALSE,FALSE
"Bacteroidales_unclassified",-0.0164571723438918,0.575844534074069,0.0252097690393972,0.0833492066878374,-0.652809326343803,6.90881841540188,0.580891344818174,0.0203142033448282,0.715419678418154,0.0361452721583839,FALSE,TRUE,TRUE,FALSE,FALSE,FALSE
"Barnesiellaceae",0.413692782248012,-0.728203878385902,0.203202081264485,0.323401687002915,2.03586882414633,-2.25170092690128,0.0450733583012104,0.027083161099692,0.0859679030070556,0.0462745401570896,FALSE,TRUE,TRUE,FALSE,FALSE,FALSE
"Muribaculaceae",-1.15987204479473,2.05106941845619,0.161964690617698,0.219089603155635,-7.16126484341265,9.36178343889354,4.63584231997187e-07,6.06969613812891e-09,4.78418927421097e-06,1.95747700454657e-07,TRUE,TRUE,FALSE,FALSE,FALSE,FALSE
"Odoribacteraceae",0.433477588084489,-0.906147995417688,0.108715604482121,0.207602148633243,3.98726190365596,-4.36482956165603,0.000117821178470141,2.79369312081819e-05,0.000453699463362634,0.00014049730393679,TRUE,TRUE,FALSE,FALSE,FALSE,FALSE
"Porphyromonadaceae",0.292190901491264,-0.564336928558164,0.131992834309327,0.168979024771022,2.21368760675682,-3.33968626770618,0.0351672873646701,0.00238531254071595,0.0692607644281288,0.00586105367147349,FALSE,TRUE,TRUE,FALSE,FALSE,FALSE
"Prevotellaceae",0.860258735932671,-1.60622239134759,0.362355829167518,0.476161012559489,2.37407174574518,-3.37327573862825,0.0194459838023474,0.00104765184320081,0.039817966833378,0.00287546995261498,TRUE,TRUE,FALSE,FALSE,FALSE,FALSE
"Rikenellaceae",0.161147941891969,-0.474339880875489,0.228468614119727,0.319878915686852,0.70533951682099,-1.4828732298813,0.481685617959566,0.140192206459678,0.613556868704771,0.198734006959324,FALSE,FALSE,TRUE,TRUE,FALSE,FALSE
"Tannerellaceae",0.171086765083411,-0.483101161579109,0.195615611761907,0.281958200111056,0.874606906588052,-1.71337865466877,0.383186032590278,0.088708818672059,0.50959791963037,0.136231400103519,FALSE,FALSE,TRUE,TRUE,FALSE,FALSE
"FGB11479",0.880962321666171,-1.84978840549383,0.0991569964599943,0.152403741532631,8.88452003506986,-12.1374212134929,0.00011321471042783,1.90112925690738e-05,0.000442566595308789,0.000102185697558772,TRUE,TRUE,FALSE,FALSE,FALSE,FALSE
"FGB1670",0.501685717118297,-0.818837982410717,0.0558137363836457,0.112221949572319,8.98857072871579,-7.29659380835327,6.1087013156564e-07,6.03346396105159e-06,5.62873192656911e-06,3.89158425487827e-05,TRUE,TRUE,FALSE,FALSE,FALSE,FALSE
"FGB33839",0.31304836934079,-0.764414014193556,0.0210811563420016,0.0820159931296149,14.8496773261474,-9.32030430925229,0.0428063207433257,0.0680443069372302,0.0824181399386419,0.10836685919633,FALSE,FALSE,TRUE,TRUE,FALSE,FALSE
"FGB4405",1.62439523943332,-2.45834709316469,0.170729512857656,0.226071069576906,9.51443726538154,-10.8742224193724,5.91532312662473e-10,3.59984429259693e-11,2.18021909524168e-08,4.64379913745004e-09,TRUE,TRUE,FALSE,FALSE,FALSE,FALSE
"FGB4425",-1.54800984516693,2.30997911416493,NA,0.0812644994517416,NA,28.4254395184787,1,1,1,1,FALSE,FALSE,FALSE,TRUE,FALSE,FALSE
"FGB529",0.116734400940724,0.0587313587419574,0.0443675550559453,0.0912654415995842,2.63107581189741,0.643522429876951,0.0338596360234912,0.540386772678602,0.067198354569698,0.645461978477219,FALSE,FALSE,TRUE,TRUE,FALSE,FALSE
"FGB602",0.10907098535911,-0.114188500997909,0.0519136420832419,0.098781925199284,2.10100815473934,-1.15596553486423,0.0619721388156247,0.274566061952671,0.109776559601914,0.355970070270297,FALSE,FALSE,TRUE,TRUE,FALSE,FALSE
"FGB618",-0.27279473975276,0.490909327704173,0.0418223059691382,0.103469008290237,-6.52270919623759,4.7445059715576,0.00126641312248163,0.00512949287062264,0.0035904899516512,0.011608852286146,TRUE,TRUE,TRUE,FALSE,TRUE,FALSE
"FGB629",1.25013349277523,-1.353684295954,0.129690418853944,0.178100109436505,9.63936660720567,-7.60069322942559,2.22345231675985e-06,1.83855522856942e-05,1.79265843038763e-05,0.000100924946589555,TRUE,TRUE,FALSE,FALSE,FALSE,FALSE
"FGB658",-2.42646468310945,4.48025975157363,0.0214701033467841,0.135138946307635,-113.015975932547,33.152987158673,1.11958232632882e-12,5.88217912739577e-09,9.62840800642788e-11,1.95747700454657e-07,TRUE,TRUE,TRUE,FALSE,TRUE,FALSE
"FGB667",-0.178416717875426,0.400740035111791,0.088649949666438,0.12315208325008,-2.01259807305872,3.25402562860445,0.0653480490862044,0.00627939095096828,0.1134754291061,0.0136141417256287,FALSE,TRUE,TRUE,FALSE,FALSE,FALSE
"FGB668",0.922242908179097,-1.41941103400905,0.0261345525386952,0.0831059704845873,35.2882608880949,-17.079531419133,0.0180357270980337,0.0372313380837345,0.0375259483168766,0.0611827084433344,TRUE,FALSE,FALSE,TRUE,FALSE,FALSE
"Candidatus_Gastranaerophilales_unclassified",0.679345498553784,-0.821454493891792,0.0552868090658571,0.159400191939747,12.2876597516155,-5.15340969101404,6.99748348489594e-10,7.95929911840402e-05,2.25668842387894e-08,0.000332167561830094,TRUE,TRUE,FALSE,FALSE,FALSE,FALSE
"FGB2106",-0.250027286127171,0.59232271018614,0.102694350351329,0.14698161953236,-2.43467420818964,4.02991008039433,0.0262174801710281,0.000869036535718162,0.0531073642286925,0.00251922950803692,FALSE,TRUE,TRUE,FALSE,FALSE,FALSE
"FGB2107",0.816907737930666,-1.4739677244746,0.0702315769132166,0.140497954042455,11.6316302984354,-10.4910262538713,3.22793112564144e-09,1.40417584612045e-08,7.57096573104993e-08,4.02530409221197e-07,TRUE,TRUE,FALSE,FALSE,FALSE,FALSE
"Candidatus_Nanogingivalaceae",0.398176303641536,-1.19065540528668,0.0387857232391715,0.09174080851059,10.2660533409726,-12.9784708094134,4.98559523981239e-05,1.28837729234995e-05,0.000224673424726239,7.38669647613973e-05,TRUE,TRUE,FALSE,FALSE,FALSE,FALSE
"Candidatus_Saccharibacteria_unclassified",0.022292129154731,-0.227249379925966,0.111658684506979,0.155658409504121,0.199645278404992,-1.45992356371821,0.84282254040297,0.15252965513196,0.966436512995405,0.213873103391553,FALSE,FALSE,TRUE,TRUE,FALSE,FALSE
"Candidatus_Nanosynbacteraceae",-0.911566220795549,1.23952693206484,0.0167935349960565,0.0837032518995964,-54.2807825159864,14.8085875271809,0.000339224156920649,0.00452912643325887,0.00115157674323062,0.0105271587367639,TRUE,TRUE,FALSE,FALSE,FALSE,FALSE
"Candidatus_Saccharimonadaceae",0.074260267920029,-0.342593145339368,0.060681167975848,0.118836247951374,1.22377782757223,-2.88290106129531,0.237727446469668,0.0103299980421091,0.336998248292167,0.0208214023036263,FALSE,TRUE,TRUE,FALSE,FALSE,FALSE
"Bacillales_unclassified",0.313269723988188,-0.712276803773488,0.093335078661057,0.138305663601309,3.35639856399345,-5.15001906087342,0.00262386833751691,2.84369358411175e-05,0.00700049501618253,0.00014049730393679,TRUE,TRUE,FALSE,FALSE,FALSE,FALSE
"Staphylococcaceae",1.1108387030975,-5.26756228446329,0.0354335138281901,0.0858613509927836,31.3499448144977,-61.3496319770931,7.13135238778265e-05,9.54156514856003e-06,0.000296756276781923,5.5948268371102e-05,TRUE,TRUE,FALSE,FALSE,FALSE,FALSE
"Carnobacteriaceae",0.294433808865332,-0.749615522910469,0.0572516334922753,0.105241698230851,5.14280188887638,-7.12279957005411,1.55647461251783e-05,6.3662461360259e-08,8.36605104228336e-05,1.09499433539645e-06,TRUE,TRUE,FALSE,FALSE,FALSE,FALSE
"Enterococcaceae",-0.557856579922887,0.637405755153938,0.112586628559758,0.212217738134505,-4.95490971760284,3.00354607846186,1.83822718409664e-05,0.00490335751157027,9.48525226993864e-05,0.0112952342677244,TRUE,TRUE,TRUE,FALSE,TRUE,FALSE
"Lactobacillaceae",0.249064600165756,-0.523312542287729,0.208617127954508,0.30825106992795,1.19388375541278,-1.69768280904928,0.235731864404304,0.0931015140172838,0.336998248292167,0.141295238920348,FALSE,FALSE,TRUE,TRUE,FALSE,FALSE
"Streptococcaceae",-0.186454246339041,0.145594436467941,0.255654366804681,0.339538110931128,-0.729321578463363,0.428801456392249,0.466965441554235,0.668695434803231,0.602385419604963,0.773647633090733,FALSE,FALSE,TRUE,TRUE,FALSE,FALSE
"FGB10021",0.306035063540847,-0.104139728457181,0.0372386697306699,0.104198834100303,8.21820612160042,-0.999432760993616,0.000434388251484501,0.363466760237709,0.00141863504915192,0.464229822481827,TRUE,FALSE,TRUE,TRUE,TRUE,FALSE
"FGB1011",-0.126202314793028,0.142161338223193,0.124362805362639,0.189602801763715,-1.01479147583576,0.749785007925971,0.312630072665261,0.455127157285352,0.429034886955518,0.561831610428807,FALSE,FALSE,TRUE,TRUE,FALSE,FALSE
"FGB1012",0.155715238582916,-0.0592093331815885,0.0363456402296613,0.0863071387853848,4.28428932876077,-0.686030541793549,0.0503976120803977,0.563545575225423,0.0928755994053044,0.670021928148199,FALSE,FALSE,TRUE,TRUE,FALSE,FALSE
"FGB10290",-1.5530398685773,2.32467198994835,NA,0.0822313831307873,NA,28.2698879848708,1,0.0225099739925972,1,0.0389770019469133,FALSE,TRUE,FALSE,FALSE,FALSE,FALSE
"FGB10309",-2.55636768713142,5.79144544525429,NA,0.0812644994517416,NA,71.2666106888839,1,1,1,1,FALSE,FALSE,FALSE,TRUE,FALSE,FALSE
"FGB10318",0.816611612304146,-0.954513153616854,NA,0.0812644994517416,NA,-11.7457581115563,1,1,1,1,FALSE,FALSE,TRUE,TRUE,FALSE,FALSE
"FGB10477",-0.206083860872833,0.573015547436321,0.11078870009504,0.161716285743749,-1.86015235033937,3.54333853761832,0.0769284361519383,0.00192499065840499,0.12804862275613,0.00484105688106472,FALSE,TRUE,TRUE,FALSE,FALSE,FALSE
"FGB1126",-0.279208356884321,0.499279710104686,0.161623499064057,0.20625757757208,-1.72752327787224,2.420661175128,0.0890524968153631,0.0184345830232668,0.145414836571922,0.0334938198591749,FALSE,TRUE,TRUE,FALSE,FALSE,FALSE
"FGB11739",-0.513254823814188,0.872636139916709,0.0265248354830412,0.0833000849868949,-19.3499719967101,10.4758133206466,0.00266013514566147,0.00898953918990674,0.00700321293449653,0.0187040412177092,TRUE,TRUE,FALSE,FALSE,FALSE,FALSE
"FGB11916",0.57795113732448,-0.665892152472387,0.0544823617095934,0.105095198813382,10.6080411933155,-6.33608537774225,1.88578038929061e-07,3.74094966612089e-05,2.43265670218489e-06,0.000178734261825776,TRUE,TRUE,FALSE,FALSE,FALSE,FALSE
"FGB1201",0.142454435127725,0.50036373827105,0.0399184328763373,0.0923260726036808,3.56863796655125,5.41952802886909,0.0160668403372097,0.00289620270802292,0.0339774164508204,0.00704924810065955,TRUE,TRUE,FALSE,FALSE,FALSE,FALSE
"FGB1211",-0.0717930961861183,0.256965469118506,0.0766500599265301,0.121901630413535,-0.936634573474994,2.10797401352866,0.35642595531673,0.0434951785059373,0.478947377456856,0.0705770821039738,FALSE,FALSE,TRUE,TRUE,FALSE,FALSE
"FGB1217",-0.204480621785698,0.337731203150873,0.0715154977992876,0.114589654193512,-2.85924908695434,2.94730973339472,0.00678500867875026,0.00538828698849856,0.0160599287992437,0.0120885047220229,TRUE,TRUE,FALSE,FALSE,FALSE,FALSE
"FGB1226",0.158139822840518,0.00803582560802719,0.0844034447349331,0.130940802715891,1.87361811282883,0.0613699125204153,0.0688979403023272,0.951394926759275,0.118504457320003,1,FALSE,FALSE,TRUE,TRUE,FALSE,FALSE
"FGB1227",0.0341339451103375,-0.21565003730282,0.181742652606269,0.262899501114723,0.187814718343998,-0.820275566855166,0.851454293027266,0.414275398757444,0.972014192924932,0.521380745753271,FALSE,FALSE,TRUE,TRUE,FALSE,FALSE
"FGB1249",0.236421230718541,-0.538422470198142,0.116323153057959,0.17665607088013,2.03245204848206,-3.04785715835086,0.0481707210546206,0.00389005866255176,0.0900583045803776,0.00920655303402875,FALSE,TRUE,TRUE,FALSE,FALSE,FALSE
"FGB1258",0.12159732646077,-0.0142866608338644,0.0836013096079716,0.116896800074201,1.45449068957139,-0.122216012968668,0.196044460952117,0.906718652821402,0.290686614515208,0.991243272999668,FALSE,FALSE,TRUE,TRUE,FALSE,FALSE
"FGB1260",0.30459450908274,-0.563222222220467,0.0654909026879165,0.117434615837592,4.65094381939158,-4.79604942889569,0.000123065839281164,8.642962592574e-05,0.000466926272566768,0.000353949896648268,TRUE,TRUE,FALSE,FALSE,FALSE,FALSE
"FGB1262",0.283019803046257,-0.540227503397394,0.0609483416674872,0.111214092208702,4.64360137295145,-4.85754541235311,4.21815222976192e-05,2.18884123467166e-05,0.000197869686414287,0.000115249191539854,TRUE,TRUE,FALSE,FALSE,FALSE,FALSE
"FGB1292",-0.197262599161909,0.0531741751267969,0.146359348612086,0.192376269850822,-1.34779637264401,0.276407142980945,0.180284146244657,0.782714859385829,0.268863062029605,0.881835955115912,FALSE,FALSE,TRUE,TRUE,FALSE,FALSE
"FGB1298",-0.003201163600266,0.225027936794068,NA,0.082360991342572,NA,2.73221501011429,1,0.0718067443774613,1,0.112964268593811,FALSE,FALSE,FALSE,TRUE,FALSE,FALSE
"FGB1303",-0.040702591790286,-0.0774329414214188,0.0617799292501723,0.105244240408012,-0.658831958603651,-0.735745168773376,0.545998328532056,0.502698713111466,0.683823149326556,0.614674255842456,FALSE,FALSE,TRUE,TRUE,FALSE,FALSE
"FGB1311",0.406756427721385,-0.782206446130908,0.0412064490879967,0.0881602524155241,9.87118367934965,-8.87255225227972,0.000181907878768814,0.000302480568079931,0.000651836565588249,0.00101350631902107,TRUE,TRUE,FALSE,FALSE,FALSE,FALSE
"FGB1320",-1.30358444869467,5.1660238145118,0.0136567540156756,0.081187639751451,-95.453461869371,63.6306687856321,0.00666918172595928,0.01000409678015,0.01594281141414,0.020323283222667,TRUE,TRUE,TRUE,FALSE,TRUE,FALSE
"FGB1325",-0.478126200008386,0.789343537978729,0.0693047311313719,0.11825691520915,-6.89889697576439,6.67481928293743,3.57946181002299e-06,5.33677080484663e-06,2.56528096384981e-05,3.53047914782162e-05,TRUE,TRUE,FALSE,FALSE,FALSE,FALSE
"FGB1354",0.526100514280812,-0.709529866753983,0.180046295278483,0.254368069650335,2.92202910072144,-2.78938259715275,0.00667373501057024,0.00923314875282007,0.01594281141414,0.0190572190258206,TRUE,TRUE,FALSE,FALSE,FALSE,FALSE
"FGB1359",-0.331515112151422,0.876951181722477,0.0749405186440294,0.110987787271128,-4.42370987217386,7.90133043719672,0.000830178386568759,4.26830404159995e-06,0.00249053515970628,2.89795379666523e-05,TRUE,TRUE,FALSE,FALSE,FALSE,FALSE
"FGB1374",-0.48044133286707,0.864943954287584,0.0888075522404128,0.125760025884156,-5.40991526899038,6.87773358987956,1.47756910391659e-05,4.10696966135429e-07,8.13627608503393e-05,5.04570558394955e-06,TRUE,TRUE,FALSE,FALSE,FALSE,FALSE
"FGB1380",-0.509233751004724,0.607249330196618,0.0855816813886881,0.145558291760876,-5.95026578984732,4.17186353900202,9.98059294727093e-06,0.000517494561678874,6.13093566760929e-05,0.00160859755317047,TRUE,TRUE,TRUE,FALSE,TRUE,FALSE
"FGB1470",0.393201317416902,-0.585297545380182,0.0280365627565577,0.083613984378095,14.0245907043271,-6.99999587070888,0.0453164139882154,0.0903345231775309,0.0859679030070556,0.137907141892325,FALSE,FALSE,TRUE,TRUE,FALSE,FALSE
"FGB1473",-0.475810993750938,0.803868985213609,0.0671154022883292,0.103656060214997,-7.08944560455503,7.75515665505975,8.17769787061187e-06,3.13743146474721e-06,5.27461512654465e-05,2.380756817367e-05,TRUE,TRUE,FALSE,FALSE,FALSE,FALSE
"FGB1474",-0.147994043793987,1.35618977215255,0.0690227953158752,0.104133750207732,-2.14413286388516,13.0235372244555,0.165227011121671,0.00584415770882123,0.250756287467007,0.0127779041430159,FALSE,TRUE,TRUE,FALSE,FALSE,FALSE
"FGB14936",0.249623741828281,-0.38920119051733,0.207613337443719,0.278817025603432,1.2023492560826,-1.39590180934969,0.235381074700698,0.169445308486091,0.336998248292167,0.232536646752189,FALSE,FALSE,TRUE,TRUE,FALSE,FALSE
"FGB1538",-0.0593697749081963,0.0860045740939775,0.0646964885475069,0.103775094437976,-0.917666108951195,0.82875929489402,0.389316688649742,0.434585499326822,0.515095926521197,0.54165728901604,FALSE,FALSE,TRUE,TRUE,FALSE,FALSE
"FGB1695",-2.79482059291826,5.48532128391627,NA,0.0812644994517416,NA,67.4996009441207,1,1,1,1,FALSE,FALSE,FALSE,TRUE,FALSE,FALSE
"FGB1765",-0.409173711242185,0.808153157368537,0.21818634557216,0.307237616181608,-1.87534059553172,2.63038480578119,0.0655342594449957,0.0107821506111646,0.1134754291061,0.0213004984533925,FALSE,TRUE,TRUE,FALSE,FALSE,FALSE
"FGB1776",-0.244139780758767,0.788296951307606,0.102192904507156,0.141968729083858,-2.38900911894203,5.55260976409795,0.0359242907870986,0.000172083984545565,0.0702156592656926,0.000634252400182224,FALSE,TRUE,TRUE,FALSE,FALSE,FALSE
"FGB1779",1.11659939597489,-2.39439230797487,0.0393310201725713,0.0943323232406843,28.3897898166799,-25.3825224029063,9.59506200083925e-05,0.000134105014050127,0.000386800936908832,0.00050881020036666,TRUE,TRUE,FALSE,FALSE,FALSE,FALSE
"FGB1780",0.204598006953294,-0.179357874784892,0.0272836652456877,0.0844236383412469,7.49891941243602,-2.12449828399853,0.0173221891229291,0.167566765972731,0.0363343479163878,0.232014131647416,TRUE,FALSE,FALSE,TRUE,FALSE,FALSE
"FGB1785",0.849246129365817,-1.17965736303322,NA,0.0918292462061197,NA,-12.8462054494639,1,0.0494572910482334,1,0.0792545409344361,FALSE,FALSE,TRUE,TRUE,FALSE,FALSE
"FGB1798",-2.07749386883834,2.58930983729573,0.050516662994268,0.108278723608681,-41.1249228610779,23.913376063182,1.31056501649014e-09,5.68653966078883e-08,3.38125774254456e-08,1.06098149282545e-06,TRUE,TRUE,TRUE,FALSE,TRUE,FALSE
"FGB1814",0.515918292051562,-1.11810003094738,0.0616000302414555,0.107136731873929,8.3752928371837,-10.4361969176275,3.91846553992375e-08,9.12603281495222e-10,6.33629872510637e-07,4.70903293251535e-08,TRUE,TRUE,FALSE,FALSE,FALSE,FALSE
"FGB24517",-1.39223903291597,2.1593133093177,0.0370837512708833,0.0894941276202361,-37.5431013638878,24.1279888048146,2.38385592126292e-08,3.33032091649688e-07,4.39310591204168e-07,4.29611398228097e-06,TRUE,TRUE,FALSE,FALSE,FALSE,FALSE
"FGB2831",1.05296738671931,-1.18225868971165,0.0909742919028422,0.131890492187068,11.5743400107345,-8.96394175278977,8.44697635971199e-05,0.000288121425271111,0.000345923793778681,0.000978096417367721,TRUE,TRUE,FALSE,FALSE,FALSE,FALSE
"FGB2833",-0.340005692087972,0.700287097988176,0.102255370381059,0.152360554428949,-3.3250644031793,4.59624934165454,0.0159039211471849,0.00370660001597743,0.0339108401320141,0.00885465559372386,TRUE,TRUE,FALSE,FALSE,FALSE,FALSE
"FGB2834",-0.290733055614,0.696152513732209,0.166543843212981,0.201688213348806,-1.74568479990102,3.45162715348299,0.0859846807635138,0.00102683428139445,0.141299666477621,0.00284863703870718,FALSE,TRUE,TRUE,FALSE,FALSE,FALSE
"FGB28369",0.761482019065019,-1.2734332002552,NA,0.0812644994517416,NA,-15.6702275759592,1,1,1,1,FALSE,FALSE,TRUE,TRUE,FALSE,FALSE
"FGB2837",-0.0322003127081907,0.714285630838077,0.0231226256611005,0.0824093873606224,-1.39258893778494,8.66752749553121,0.396462618582887,0.0731255188249258,0.521874263236657,0.114341720344429,FALSE,FALSE,TRUE,TRUE,FALSE,FALSE
"FGB2838",0.6089331350641,-0.814585084492658,0.0603229194793294,0.118141917350923,10.0945567674781,-6.89497091936517,5.4892039463528e-05,0.000459628739257641,0.000240036375959156,0.00146400265096878,TRUE,TRUE,FALSE,FALSE,FALSE,FALSE
"FGB2839",-1.08007919211978,2.16233400633505,0.0580357298078139,0.101495444880787,-18.6105903328257,21.3047394282064,3.20932530326228e-07,1.26403752734419e-07,3.60002577496378e-06,1.93143040552171e-06,TRUE,TRUE,FALSE,FALSE,FALSE,FALSE
"FGB2840",-0.240590937789704,0.601075227500215,0.0863778461732213,0.138335014083913,-2.78533152247423,4.34506933389696,0.00891015829310493,0.000131639700298748,0.0203435472532838,0.000506911084732493,TRUE,TRUE,FALSE,FALSE,FALSE,FALSE
"FGB2844",0.45432983742425,-1.00424161540619,0.0927204834222542,0.126924722874267,4.89999426939145,-7.91210406187773,0.000160204127707497,6.39816917006859e-07,0.000590466642121918,6.60291058351079e-06,TRUE,TRUE,FALSE,FALSE,FALSE,FALSE
"FGB2845",-0.461920915912349,1.11415983177812,0.0911035850147469,0.129535313022249,-5.07028253429959,8.60120538394617,0.000170799745419135,5.8335697828881e-07,0.000620652596030096,6.27108751660471e-06,TRUE,TRUE,FALSE,FALSE,FALSE,FALSE
"FGB2846",1.67291214963602,-3.10745426209725,0.075913934322147,0.118889829147078,22.0369575700935,-26.1372590438585,1.00086203555711e-07,3.07029014546217e-08,1.35906529038807e-06,7.20122597753854e-07,TRUE,TRUE,FALSE,FALSE,FALSE,FALSE
"FGB2875",0.384364686288175,-0.636374511756755,0.105360290838533,0.172176607776286,3.6480981898315,-3.6960567406672,0.000902437965003501,0.000790143787515818,0.00267619534449314,0.00231655792248956,TRUE,TRUE,FALSE,FALSE,FALSE,FALSE
"FGB28775",0.061229849949929,-0.228325559383249,0.0812942967268228,0.159836706874014,0.753187522559949,-1.42849264007434,0.457408665584917,0.163832791433659,0.593022290054816,0.228480325350725,FALSE,FALSE,TRUE,TRUE,FALSE,FALSE
"FGB2880",0.310783415157206,-1.15723657444868,0.0252855298523561,0.090240517906828,12.2909591759355,-12.8239132630368,5.41310383220254e-06,4.06711039697165e-06,3.77454267218447e-05,2.87488502399779e-05,TRUE,TRUE,FALSE,FALSE,FALSE,FALSE
"FGB2881",-0.0602877083196021,0.149010642354101,0.0656049344175367,0.110177902873239,-0.918950820618255,1.35245487950101,0.366568544085289,0.187876419429677,0.490024271367899,0.255116401120298,FALSE,FALSE,TRUE,TRUE,FALSE,FALSE
"FGB2889",2.4435066064116,-3.57804239336361,NA,0.0909015732854596,NA,-39.361721299668,1,0.0161700972168128,1,0.0304517159265525,FALSE,TRUE,TRUE,FALSE,FALSE,FALSE
"FGB2890",-0.172672378617763,0.129247379553785,0.125212083749294,0.175136243167089,-1.3790392544181,0.737981911776404,0.177446038266182,0.465903306409869,0.267183214129986,0.572395490732124,FALSE,FALSE,TRUE,TRUE,FALSE,FALSE
"FGB2897",-0.744296824942397,2.18667249108407,0.0572075688645288,0.0980453828098633,-13.0104606735682,22.3026564680218,4.78340235447789e-05,3.36675347369525e-06,0.000220378179902731,2.48177827489536e-05,TRUE,TRUE,FALSE,FALSE,FALSE,FALSE
"FGB2898",-0.241890278081577,0.397238035075178,0.125272164853305,0.162628464361182,-1.93091800053773,2.44261074858919,0.0621216189995325,0.020102281185922,0.109776559601914,0.0360165871247769,FALSE,TRUE,TRUE,FALSE,FALSE,FALSE
"FGB2906",-0.171877233613102,-0.00889107577481601,0.0491344691109568,0.103808041467426,-3.49809892572492,-0.0856492006701228,0.00498694942444602,0.933284356064956,0.012371470687568,1,TRUE,FALSE,FALSE,TRUE,FALSE,FALSE
"FGB2915",-0.324253424868727,0.386752893837305,0.0941016781804182,0.142054373452927,-3.44577728196351,2.72256942490732,0.00165660838814214,0.0105370545641604,0.00454686132064546,0.0210741091283207,TRUE,TRUE,FALSE,FALSE,FALSE,FALSE
"FGB2917",0.0663500903353373,-0.265304456427484,0.0396995417211839,0.0937125506882057,1.67130620301172,-2.83104508925584,0.145694714313652,0.0299166670512202,0.225085247263008,0.0504477130667634,FALSE,FALSE,TRUE,TRUE,FALSE,FALSE
"FGB2918",0.38765862277795,-0.686331789134358,0.0761881151970241,0.123232866456082,5.08817709659121,-5.5693891481373,2.66327783560684e-05,7.529429139272e-06,0.000132139554151262,4.62522075698138e-05,TRUE,TRUE,FALSE,FALSE,FALSE,FALSE
"FGB2930",0.542471257227086,-0.511484946638063,0.021905626211621,0.0850771094376178,24.7640150519551,-6.01201604073191,2.85283384241546e-07,0.000954460346450952,3.34559605155994e-06,0.00273611965982606,TRUE,TRUE,FALSE,FALSE,FALSE,FALSE
"FGB2932",0.623255357767417,-0.481609736036787,0.0247738986845342,0.0886814450955812,25.1577422554206,-5.43078358181586,1.48218982944416e-05,0.00557697536975438,8.13627608503393e-05,0.0124039624603158,TRUE,TRUE,FALSE,FALSE,FALSE,FALSE
"FGB2936",-0.7690105905737,1.6935423558062,NA,0.0812644994517416,NA,20.8398792490182,1,1,1,1,FALSE,FALSE,FALSE,TRUE,FALSE,FALSE
"FGB2937",-0.640285691111629,1.52332387369545,0.0460191751916904,0.0923812358714963,-13.913454303441,16.489537721864,0.00015473951539921,7.92033363192829e-05,0.000578591231492698,0.000332167561830094,TRUE,TRUE,FALSE,FALSE,FALSE,FALSE
"FGB2945",-1.35321285316551,2.94599000198739,NA,0.0812644994517416,NA,36.2518691662753,1,1,1,1,FALSE,FALSE,FALSE,TRUE,FALSE,FALSE
"FGB2949",1.3718943363604,-1.9950615851437,0.0313754587974923,0.0981457318744298,43.7250765069306,-20.3275430020353,8.54521641144535e-10,1.74775185526795e-07,2.44962870461433e-08,2.49375012742105e-06,TRUE,TRUE,FALSE,FALSE,FALSE,FALSE
"FGB2950",-0.324359510748745,1.17827315399066,0.0453523022474267,0.0906385252952582,-7.15199658396942,12.9996946679394,0.00562908272854743,0.000982870183072723,0.0138314604187166,0.00275630986122568,TRUE,TRUE,FALSE,FALSE,FALSE,FALSE
"FGB2952",1.25501079333266,-1.45259900886959,0.0284480559945733,0.113574437640324,44.1158718744108,-12.7898410861587,7.69210769841425e-11,1.31709084662601e-06,3.30760631031813e-09,1.17175668423969e-05,TRUE,TRUE,FALSE,FALSE,FALSE,FALSE
"FGB2954",2.50912662736832,-4.77538420742065,NA,0.0812644994517416,NA,-58.7634728526997,1,1,1,1,FALSE,FALSE,TRUE,TRUE,FALSE,FALSE
"FGB2957",0.357677124985675,-0.658833675448741,0.0706401261380947,0.116545204810463,5.06337041763558,-5.65303116949511,0.000489557952813632,0.000211566113434076,0.00157882439782396,0.000751175704959828,TRUE,TRUE,FALSE,FALSE,FALSE,FALSE
"FGB2959",-0.153490940400113,0.610407742138976,0.0735692303112231,0.115394799581109,-2.08634696531136,5.28973354392742,0.0523229061007007,6.00411072701532e-05,0.0950655617885971,0.000267079408201716,FALSE,TRUE,TRUE,FALSE,FALSE,FALSE
"FGB2960",0.249588804608347,-0.0231072432900739,0.0308059042625131,0.0854997462571681,8.1019794933293,-0.270260957507071,0.0148946234919906,0.812293476218403,0.0320234405077799,0.911181377671078,TRUE,FALSE,FALSE,TRUE,FALSE,FALSE
"FGB2964",0.650588207952137,-1.26422638689841,0.0122520620650399,0.0824407208398698,53.1003029937735,-15.3349749252436,1.47104357487049e-05,0.000602299827114993,8.13627608503393e-05,0.00181235765582292,TRUE,TRUE,FALSE,FALSE,FALSE,FALSE
"FGB2979",0.0421436957507765,-0.430714647983652,0.07470269739476,0.134773592115293,0.564152262508966,-3.19583860030379,0.583041206840204,0.00769171340764731,0.715419678418154,0.0161338378794553,FALSE,TRUE,TRUE,FALSE,FALSE,FALSE
"FGB2982",0.53214619463307,-0.657175154628423,0.168189160834363,0.261963732438071,3.16397437262405,-2.50864937872184,0.00305890402385541,0.0165048160882594,0.00789197238154696,0.0306348384947549,TRUE,TRUE,FALSE,FALSE,FALSE,FALSE
"FGB2983",-0.130829214162859,0.10055829154048,0.0688949933655671,0.119802164208789,-1.89896548024411,0.839369574035643,0.0799871639509777,0.416430981104557,0.132286463457386,0.521549481189203,FALSE,FALSE,TRUE,TRUE,FALSE,FALSE
"FGB2984",1.56076346323516,-2.29108344174493,0.128760375610286,0.181567923330565,12.1214578307776,-12.6183270685635,3.76643224774915e-09,2.16891198673267e-09,8.09782933266067e-08,9.32632154295048e-08,TRUE,TRUE,FALSE,FALSE,FALSE,FALSE
"FGB2985",0.551714721031859,-0.979378408737742,0.0883704990018895,0.127599196748652,6.24320024514134,-7.67542769620208,1.17439351428143e-05,9.45071990343069e-07,7.04636108568856e-05,9.03068790772266e-06,TRUE,TRUE,FALSE,FALSE,FALSE,FALSE
"FGB2997",-0.000567764938380051,1.81583594897512,0.0334215574977861,0.0851254735380216,-0.0169879856262731,21.3312874925044,0.987512844334088,0.000225420898848794,1,0.000785926917607957,FALSE,TRUE,TRUE,FALSE,FALSE,FALSE
"FGB3002",1.68881444304503,-2.61900903353423,0.155150315088954,0.227424721397692,10.8850210331623,-11.5159381857807,5.6374654029619e-11,1.72728042318108e-11,2.90893214792834e-09,4.45638349180718e-09,TRUE,TRUE,FALSE,FALSE,FALSE,FALSE
"FGB3004",-0.371623071626842,0.491250033856004,0.126345769176697,0.192037055395831,-2.94131789333696,2.5581002210403,0.004144246175572,0.0121773069590394,0.0103807331388114,0.0237505907016744,TRUE,TRUE,FALSE,FALSE,FALSE,FALSE
"FGB3009",0.0844793624962318,-0.447723555452897,0.12864218038354,0.179671738015762,0.656700331449301,-2.49189750373328,0.513557955641102,0.0151131294048213,0.649499767428453,0.028670495488558,FALSE,TRUE,TRUE,FALSE,FALSE,FALSE
"FGB3012",-0.111694039560714,0.0450619355129303,0.25737557480211,0.373585986124425,-0.433972958182192,0.120619983582366,0.665271800258283,0.904241538696718,0.790968315514456,0.991243272999668,FALSE,FALSE,TRUE,TRUE,FALSE,FALSE
"FGB3022",-0.510600619988645,1.00652900283659,0.0404739294955445,0.0939574464288974,-12.6155435450085,10.7126049194864,5.02282070611518e-07,2.01188658482623e-06,4.79958423028784e-06,1.67440883511344e-05,TRUE,TRUE,FALSE,FALSE,FALSE,FALSE
"FGB3023",-0.063265991551914,-0.041125381060017,0.124108336018409,0.184163866125311,-0.509764239708521,-0.223308632280959,0.611307184644988,0.823737593102095,0.738913958675537,0.920018610477665,FALSE,FALSE,TRUE,TRUE,FALSE,FALSE
"FGB30287",0.17731364747439,-0.275559896657564,0.0600891175258401,0.103682040854526,2.95084459175391,-2.65773989773403,0.00991638755308466,0.0179121034858352,0.021681593124541,0.0327753382932304,TRUE,TRUE,FALSE,FALSE,FALSE,FALSE
"FGB30328",-0.521934056312957,0.848545875931394,0.0898402329799858,0.132182106079655,-5.80958039622661,6.41952153054701,2.37676335275419e-06,4.34317276084892e-07,1.85819680306237e-05,5.09335714681374e-06,TRUE,TRUE,FALSE,FALSE,FALSE,FALSE
"FGB3038",0.202781928975527,-0.553560340344236,0.149671540627642,0.228225759056144,1.35484627287972,-2.42549457446677,0.178122142753324,0.0168426042378655,0.267183214129986,0.0310385135240665,FALSE,TRUE,TRUE,FALSE,FALSE,FALSE
"FGB3041",0.0156417307892624,-0.292140651911339,0.0754349613406683,0.127644016361287,0.207353864988721,-2.28871403642186,0.836870542197384,0.0279029589424575,0.963895535209487,0.0473616013628555,FALSE,TRUE,TRUE,FALSE,FALSE,FALSE
"FGB3043",0.675068437193287,-2.12104912597351,0.0295473508896101,0.0855944764318649,22.8470037708411,-24.780210293849,2.17424161485379e-05,1.57409500018483e-05,0.000109991046398486,8.82861978364534e-05,TRUE,TRUE,FALSE,FALSE,FALSE,FALSE
"FGB3047",-0.3129520185671,0.401227883765223,0.0956912206463309,0.149798771559787,-3.27043605937218,2.67844575484444,0.00178165661803374,0.00952914781086609,0.00483860428897585,0.0195120645651068,TRUE,TRUE,FALSE,FALSE,FALSE,FALSE
"FGB3048",-0.228476905909884,0.546879660897175,0.114119169343274,0.165526313085492,-2.00209050963751,3.30388353792862,0.0528530779561789,0.0021634768281671,0.0951125960255373,0.00536708674679914,FALSE,TRUE,TRUE,FALSE,FALSE,FALSE
"FGB3054",-0.04436454001806,-0.0429393213315599,0.188195373183181,0.26030318921686,-0.235736613858607,-0.164958875305162,0.814401723335243,0.869504517045724,0.95507111191133,0.962798993123591,FALSE,FALSE,TRUE,TRUE,FALSE,FALSE
"FGB3057",-0.149391124692353,0.102577632812611,0.177398709674235,0.260529319320568,-0.842120695052894,0.393727788795989,0.40148359896852,0.694517473348023,0.52580085550192,0.789363471910969,FALSE,FALSE,TRUE,TRUE,FALSE,FALSE
"FGB3062",0.158304324458709,-0.00941032595908747,0.0654277215148002,0.11428086398909,2.41952983832549,-0.0823438468227353,0.0263478396173358,0.935282059726756,0.0531073642286925,1,FALSE,FALSE,TRUE,TRUE,FALSE,FALSE
"FGB3069",0.643922678328563,-1.26462310845459,0.142189892008762,0.232909804057131,4.52861078401326,-5.42966885217244,2.93987560684348e-05,1.11705875261664e-06,0.000143110925767098,1.02928985062534e-05,TRUE,TRUE,FALSE,FALSE,FALSE,FALSE
"FGB3070",-0.223011405455415,0.46842572730237,0.109957550991999,0.157895980290526,-2.02815907996752,2.96667290985163,0.0492398250539291,0.0050601538583488,0.0913947831936237,0.0115532716411857,FALSE,TRUE,TRUE,FALSE,FALSE,FALSE
"FGB3071",0.533675144557855,-1.49614940582554,0.0405696930378728,0.0996279423616058,13.1545275449744,-15.0173673204569,0.000949036332087112,0.000640914048468756,0.00278240197361903,0.00190064166097631,TRUE,TRUE,FALSE,FALSE,FALSE,FALSE
"FGB3072",-0.0652529294664264,0.169928181310212,0.156214112118237,0.220683208317137,-0.417714690315797,0.770009565322314,0.677646822937788,0.444315408899472,0.801985689531878,0.55112199757723,FALSE,FALSE,TRUE,TRUE,FALSE,FALSE
"FGB31455",-0.0915817388370753,0.828105567725146,0.0869410938633454,0.139439076562078,-1.05337688735575,5.93883427904426,0.340387739596809,0.00193266999515375,0.459790768670035,0.00484105688106472,FALSE,TRUE,TRUE,FALSE,FALSE,FALSE
"FGB3172",1.10022605359619,-1.53429783208773,0.0348155983454131,0.112331477335483,31.6015264962734,-13.6586633460316,3.78532402287057e-12,3.04230027660739e-08,2.44153399475152e-10,7.20122597753854e-07,TRUE,TRUE,FALSE,FALSE,FALSE,FALSE
"FGB320",-2.7094239022953,3.89649633756022,0.0122520620650399,0.0823426739665106,-221.14023646896,47.3204979855883,0.00287878607371247,0.0134513594988964,0.00750229097997796,0.0258988861993678,TRUE,TRUE,FALSE,FALSE,FALSE,FALSE
"FGB32970",-0.264820429345467,2.41582586443198,0.0598887568272747,0.0982812338776917,-4.42187220731992,24.5807441473355,0.0475267486163505,0.00165094807327223,0.0895029280512294,0.0043463734990228,FALSE,TRUE,TRUE,FALSE,FALSE,FALSE
"FGB38642",-0.186568973676872,0.542225361224367,0.159452206064953,0.244178566562129,-1.17006204104114,2.22060997760179,0.247523088591866,0.0309376549962631,0.347070417699464,0.0518306168119213,FALSE,FALSE,FALSE,TRUE,FALSE,FALSE
"FGB38703",-0.52102471202033,0.5800094177226,0.0202126472933192,0.0817653077300327,-25.7771633996969,7.09358814667019,0.00150158767988279,0.0192997581308601,0.00416569485386839,0.0348205426416917,TRUE,TRUE,FALSE,FALSE,FALSE,FALSE
"FGB40183",-0.355768182936996,0.737624068881773,0.106520591644771,0.142988812726127,-3.33990055296936,5.15861384410945,0.00263196905647172,2.47373998870658e-05,0.00700049501618253,0.000127644983417259,TRUE,TRUE,FALSE,FALSE,FALSE,FALSE
"FGB45503",-0.25205701012492,0.58983798860501,0.071063827554291,0.113415235381652,-3.54691013416571,5.20069448006833,0.00357752141580908,0.000170884088830781,0.00904902475763472,0.000634252400182224,TRUE,TRUE,FALSE,FALSE,FALSE,FALSE
"FGB45555",1.09710587857832,-1.65233561625941,0.0704935892896347,0.132846682608288,15.5632007056795,-12.4379140210184,8.187379890865e-08,5.67071604398883e-07,1.17352445102398e-06,6.27108751660471e-06,TRUE,TRUE,FALSE,FALSE,FALSE,FALSE
"FGB4559",0.609723330455303,-0.532336914462492,0.042558797756293,0.0888540409702823,14.3266107738005,-5.99113904836961,7.23741286183247e-06,0.000972042586584246,4.91382241671784e-05,0.00275590095976632,TRUE,TRUE,FALSE,FALSE,FALSE,FALSE
"FGB45628",-0.22315754652187,0.271101759079627,0.144668438532842,0.197676662621983,-1.5425447926654,1.3714403889854,0.126450218287647,0.173647345226995,0.201383680976623,0.237042407770183,FALSE,FALSE,TRUE,TRUE,FALSE,FALSE
"FGB4605",0.247714916367887,-0.261364114606269,0.0684176751959946,0.12365333204687,3.62062750098221,-2.11368436482732,0.00124697269688914,0.0442934463241735,0.0035904899516512,0.0714231821977298,TRUE,FALSE,FALSE,TRUE,FALSE,FALSE
"FGB4616",-0.127569240755878,0.522819383658362,NA,0.081241111173832,NA,6.43540414581089,1,0.098139721832629,1,0.148070457501861,FALSE,FALSE,TRUE,TRUE,FALSE,FALSE
"FGB4623",0.936563838022824,-1.21793671228389,0.0481675041423818,0.114745023856007,19.4438938595275,-10.6142878475696,1.16416942146557e-08,2.17388205528172e-06,2.31042854413936e-07,1.75269240707088e-05,TRUE,TRUE,FALSE,FALSE,FALSE,FALSE
"FGB4648",1.28419067777492,-1.8896712845584,NA,0.0812644994517416,NA,-23.2533430625579,1,1,1,1,FALSE,FALSE,TRUE,TRUE,FALSE,FALSE
"FGB4806",0.324764136343446,-0.41998820357444,0.223022240092029,0.318671259859723,1.45619619016217,-1.31793561728571,0.15135009304778,0.193301881641928,0.232430500037661,0.258403551624961,FALSE,FALSE,TRUE,TRUE,FALSE,FALSE
"FGB72899",1.25703802733719,-1.92617382239763,0.0393137453049052,0.0880440399431341,31.9745172480513,-21.8773902656183,6.72251248793931e-05,0.000209038951500396,0.00028906803698139,0.000751175704959828,TRUE,TRUE,FALSE,FALSE,FALSE,FALSE
"FGB72904",-0.561338486058773,0.376947755615037,NA,0.0812644994517416,NA,4.63852922442333,1,1,1,1,FALSE,FALSE,TRUE,TRUE,FALSE,FALSE
"FGB72924",-0.376303548179623,0.971886193702351,0.132703385484741,0.16375233739573,-2.83567406215791,5.93509814369034,0.00990339633325353,6.84782709633589e-06,0.021681593124541,4.30912046549917e-05,TRUE,TRUE,FALSE,FALSE,FALSE,FALSE
"FGB72939",-0.163312659996263,0.217586561341214,0.0865817457143463,0.137786729473273,-1.88622507722436,1.57915469924423,0.0738713675854333,0.129986933848099,0.123758524915856,0.187355468898378,FALSE,FALSE,TRUE,TRUE,FALSE,FALSE
"FGB73062",0.62041671086935,-0.93805206891602,0.120198087565759,0.170255112477063,5.16161881968321,-5.50968517343287,0.000424230382396436,0.000258257849308113,0.00140322357254206,0.00088840700161991,TRUE,TRUE,FALSE,FALSE,FALSE,FALSE
"FGB73902",0.138346616809151,-0.122186559233184,NA,0.0812644994517416,NA,-1.50356625657608,1,1,1,1,FALSE,FALSE,TRUE,TRUE,FALSE,FALSE
"FGB75721",0.0818835183932352,-0.308712152321606,0.161074647594713,0.235522089073865,0.508357582127175,-1.31075668331384,0.612897624637848,0.194482713871851,0.738913958675537,0.258641959685245,FALSE,FALSE,TRUE,TRUE,FALSE,FALSE
"FGB77202",0.228793284641361,-0.584563273438703,0.0840149913585929,0.137388780724883,2.72324356572061,-4.25481083938923,0.00904419254897854,9.89643873634384e-05,0.0204684357687409,0.00039022731292872,TRUE,TRUE,FALSE,FALSE,FALSE,FALSE
"FGB77220",-1.47515639473902,2.40875959597815,NA,0.0812181230476152,NA,29.6579076884845,1,0.0214573019661052,1,0.0374052966706428,FALSE,TRUE,FALSE,FALSE,FALSE,FALSE
"FGB77241",-0.516479293469559,1.05752545812044,0.0811111780702039,0.134488344100637,-6.36754767662889,7.86332425454728,1.6940330550854e-06,5.75726391455673e-08,1.45686842737344e-05,1.06098149282545e-06,TRUE,TRUE,TRUE,FALSE,TRUE,FALSE
"FGB77243",-0.120172963174254,-0.226712082493294,0.0284381708538943,0.0867434222310104,-4.22576275357729,-2.61359393787262,0.0516961403109781,0.120499100593507,0.0945929375903004,0.175642756797315,FALSE,FALSE,TRUE,TRUE,FALSE,FALSE
"FGB77508",-0.449370865799082,0.653133006972355,0.0318646982075309,0.117058425412746,-14.1024673408919,5.57954717628757,7.93662342894895e-06,0.00140713653627609,5.250381652997e-05,0.00382148659325507,TRUE,TRUE,TRUE,FALSE,TRUE,FALSE
"FGB77566",0.563162052434855,-1.67532546511184,0.0790429979954687,0.136138826535288,7.1247557243102,-12.3060078285424,1.20560858342839e-05,3.65101770558576e-08,7.06925033010283e-05,7.8496880670094e-07,TRUE,TRUE,FALSE,FALSE,FALSE,FALSE
"FGB78183",-0.343848748410179,0.544015417597669,0.0735427897661065,0.134231539232299,-4.6754923154771,4.05281367336632,0.000536405461223828,0.00160222259214163,0.00168771474385058,0.00426158173992309,TRUE,TRUE,FALSE,FALSE,FALSE,FALSE
"FGB79211",-0.0951307358943645,0.189438283172362,0.0525442058842287,0.099148914808341,-1.81048955433768,1.91064404021521,0.144465037631848,0.128650402493342,0.22452999824709,0.186470808108328,FALSE,FALSE,TRUE,TRUE,FALSE,FALSE
"FGB79237",-0.845568904120257,1.47156218276277,NA,0.0896995597897326,NA,16.405456015752,1,0.0387574146158659,1,0.063287423866414,FALSE,FALSE,FALSE,TRUE,FALSE,FALSE
"FGB79245",-0.162556749551323,0.269474750443992,0.12912095027531,0.180080507023008,-1.2589494516941,1.496412659531,0.216624049804191,0.143772157595864,0.315757089545091,0.202695173004005,FALSE,FALSE,TRUE,TRUE,FALSE,FALSE
"FGB79266",-0.0558952492225328,0.104978178014172,0.022982630643772,0.0883320085053875,-2.4320648966997,1.1884500283696,0.0718206686499566,0.300393054094505,0.121906134945321,0.387507039781911,FALSE,FALSE,TRUE,TRUE,FALSE,FALSE
"FGB79291",-0.0474362355686915,0.218869622578206,0.0826732651292538,0.136031347145867,-0.573779631112044,1.60896460389759,0.570540585910715,0.11845785392876,0.707689765216175,0.174640721792115,FALSE,FALSE,TRUE,TRUE,FALSE,FALSE
"FGB79294",0.865415104301483,-1.46367471828152,0.0250620685697394,0.083937722842845,34.5308728963581,-17.4376271920306,3.92948758146132e-08,2.28085587667543e-06,6.33629872510637e-07,1.7832145944917e-05,TRUE,TRUE,FALSE,FALSE,FALSE,FALSE
"FGB79326",0.508532346539598,-0.947755178769236,0.0535085013517802,0.096297328526722,9.5037673209414,-9.8419675111365,0.000684185400545175,0.000597735784272017,0.0021075719400683,0.00181235765582292,TRUE,TRUE,FALSE,FALSE,FALSE,FALSE
"FGB79363",0.427750320660708,-0.285438921610725,0.0122520620650399,0.0917488825877855,34.9125166351592,-3.11108880631453,0.018229730201259,0.197988984294954,0.0376261631353987,0.261954656144093,TRUE,FALSE,FALSE,TRUE,FALSE,FALSE
"FGB82363",-0.363750313963527,0.568021555524501,0.103488478908319,0.136509929372763,-3.51488704637136,4.16102739291166,0.00130147087925699,0.000212541963031269,0.00364977703095981,0.000751175704959828,TRUE,TRUE,FALSE,FALSE,FALSE,FALSE
"FGB8287",-0.336602487927729,0.542478364947076,0.0122520620650399,0.0818225921106785,-27.4731295141079,6.62993375000007,0.000105847056582097,0.00698989553428461,0.000420131393818168,0.0149040747755821,TRUE,TRUE,FALSE,FALSE,FALSE,FALSE
"FGB83839",-0.677186201259983,1.50887907690508,NA,0.0812644994517416,NA,18.5675059476755,1,1,1,1,FALSE,FALSE,FALSE,TRUE,FALSE,FALSE
"FGB9115",-0.309613635430502,0.154498596133477,NA,0.10999161765373,NA,1.40463973009163,1,0.254762859715493,1,0.331963726295945,FALSE,FALSE,FALSE,TRUE,FALSE,FALSE
"FGB9119",-2.98159067617087,4.26942357700271,0.0122520620650399,0.0904965895813973,-243.354192979364,47.1777289812957,1.68853992173248e-05,0.000448986592450929,8.89067958789757e-05,0.00144798176065425,TRUE,TRUE,TRUE,FALSE,TRUE,FALSE
"FGB9120",-1.13330766715031,1.53360381947752,0.0122520620650399,0.086496020746765,-92.4993410198354,17.7303395721228,2.7853009675615e-06,0.000391172604065061,2.05316471323104e-05,0.00127750040314919,TRUE,TRUE,TRUE,FALSE,TRUE,FALSE
"FGB9238",0.0633122003985755,-0.196006834593762,0.1017360258362,0.157284257102137,0.622318395850366,-1.24619487166144,0.53843419055329,0.222336837265667,0.677639127623165,0.292667877625215,FALSE,FALSE,FALSE,TRUE,FALSE,FALSE
"FGB9272",-0.127929934627759,0.591648915834535,0.0772785441820315,0.115224129960895,-1.65543924231306,5.13476574772426,0.117314231118944,9.98255916794401e-05,0.187994233718557,0.00039022731292872,FALSE,TRUE,TRUE,FALSE,FALSE,FALSE
"FGB9491",-0.32496033943175,0.609784470730935,0.119869415444208,0.165402258476647,-2.71095290009985,3.68667560133122,0.00881077996741934,0.000502050916430639,0.0202962609963767,0.00157962361511103,TRUE,TRUE,FALSE,FALSE,FALSE,FALSE
"FGB9512",0.0866139753067824,-0.00317059756431049,0.0651825280240577,0.114991527536052,1.32879128705801,-0.0275724449639687,0.241327139478819,0.979069813168937,0.340231704838991,1,FALSE,FALSE,TRUE,TRUE,FALSE,FALSE
"FGB9536",0.779266352866647,-1.25853739980561,0.023660345717566,0.0872348880889226,32.9355438068727,-14.4269962096212,4.84952945813068e-07,2.88618492583329e-05,4.79958423028784e-06,0.00014049730393679,TRUE,TRUE,FALSE,FALSE,FALSE,FALSE
"FGB9718",-0.450973697901576,0.887150013979754,0.0642474559545513,0.117326522338912,-7.01932381915006,7.56137654380575,9.07573403828556e-06,4.12289712743869e-06,5.71107166311628e-05,2.87488502399779e-05,TRUE,TRUE,FALSE,FALSE,FALSE,FALSE
"FGB9989",-0.0621731874147309,0.31528765332792,0.0738695653752667,0.115028856611273,-0.841661746605429,2.74094399106651,0.409460048968235,0.0122435215632663,0.533538851685882,0.0237505907016744,FALSE,TRUE,TRUE,FALSE,FALSE,FALSE
"Candidatus_Borkfalkiaceae",0.00456202776674802,-0.0370526776317909,0.111966312256738,0.172668987728641,0.0407446460886138,-0.214587912509346,0.967655508641366,0.830927942519043,1,0.924049177456522,FALSE,FALSE,TRUE,TRUE,FALSE,FALSE
"Clostridia_unclassified",-0.369270061711767,0.46181525123386,0.202149925323016,0.282257820256159,-1.82671381709248,1.63614687740005,0.0702077004222593,0.104407407797186,0.119957527873794,0.155503410683257,FALSE,FALSE,TRUE,TRUE,FALSE,FALSE
"Bianqueaceae",-0.16830312589899,0.167353051925042,0.133631185040175,0.184820154116842,-1.25945995201937,0.90549135577088,0.212909113503977,0.368951361384212,0.312105405022876,0.46891355289225,FALSE,FALSE,TRUE,TRUE,FALSE,FALSE
"Christensenellaceae",-0.0188474288658567,-0.0933193340896201,0.16201554580317,0.231143177948315,-0.116330990167784,-0.403729562420773,0.907600435260698,0.687188324066804,1,0.784489325704582,FALSE,FALSE,TRUE,TRUE,FALSE,FALSE
"Clostridiaceae",-0.184805629562312,0.119437891021871,0.155912271653788,0.209515201013968,-1.18531804842587,0.570067901726656,0.237705784142198,0.569457016366941,0.336998248292167,0.67394454230583,FALSE,FALSE,TRUE,TRUE,FALSE,FALSE
"Eubacteriaceae",-0.164972626105786,0.138629552134948,0.232905900283221,0.321919562089846,-0.70832308629869,0.430634134921747,0.479858754324956,0.6673608992318,0.613556868704771,0.773647633090733,FALSE,FALSE,TRUE,TRUE,FALSE,FALSE
"Eubacteriales_Family_XIII_Incertae_Sedis",-0.0246172256361406,-0.10165986885853,0.167767579212411,0.251069789325671,-0.146734105312282,-0.404906815477763,0.883580193740237,0.686243664586488,1,0.784489325704582,FALSE,FALSE,TRUE,TRUE,FALSE,FALSE
"Eubacteriales_incertae_sedis",-0.1549485775679,0.23603072102571,0.283046997292628,0.381603530118888,-0.547430564711862,0.618523421290613,0.58509128738849,0.537392979712691,0.715419678418154,0.644871575655229,FALSE,FALSE,TRUE,TRUE,FALSE,FALSE
"Eubacteriales_unclassified",-0.156679456181801,0.0900249296412136,0.144364956445943,0.222022263018126,-1.08530117030493,0.405477038281805,0.279495369732968,0.685693329651735,0.385613932572758,0.784489325704582,FALSE,FALSE,TRUE,TRUE,FALSE,FALSE
"Feifaniaceae",-0.178814414695026,0.271175207363426,0.0325834310725475,0.0885646029779563,-5.48789396355751,3.06189152601882,0.000189665212518236,0.0108153693697458,0.000670323627804175,0.0213004984533925,TRUE,TRUE,FALSE,FALSE,FALSE,FALSE
"Lachnospiraceae",-0.275643247694501,0.285269356681799,0.104718325476192,0.16390040318118,-2.63223505953759,1.74050430105687,0.00934058798048441,0.0837550494447862,0.0209287164265891,0.129394028483562,TRUE,FALSE,FALSE,TRUE,FALSE,FALSE
"Oscillospiraceae",-0.181000970484509,0.112492176193792,0.11323737750789,0.17871884435983,-1.59842071997735,0.629436568912125,0.111985908636735,0.529989938940109,0.180577277676735,0.638959832927795,FALSE,FALSE,TRUE,TRUE,FALSE,FALSE
"Peptococcaceae",-0.513238059640671,0.560773491488102,0.0508433532057188,0.093164633809947,-10.0944966702736,6.01916702245685,0.0628609279295427,0.104808148672759,0.110327342896748,0.155503410683257,FALSE,FALSE,TRUE,TRUE,FALSE,FALSE
"Peptostreptococcaceae",-0.0216788864595041,-0.109152050013345,0.228505376023507,0.289401595479572,-0.0948725445184881,-0.377164644971869,0.924591865727858,0.706791352497417,1,0.799790214668129,FALSE,FALSE,TRUE,TRUE,FALSE,FALSE
"Yeguiaceae",0.195984897091055,-0.105532046924856,0.0468567211929185,0.111720438884269,4.18264215040029,-0.944608238016114,0.000703580598183873,0.35890608909252,0.00213557405095811,0.460685427790398,TRUE,FALSE,FALSE,TRUE,FALSE,FALSE
"Coprobacillaceae",-0.0764834599590716,-0.195687122281405,0.169353976212924,0.228901948282081,-0.451618920732697,-0.854894961576539,0.653620737940735,0.396946230502357,0.784344885528882,0.502020232694158,FALSE,FALSE,TRUE,TRUE,FALSE,FALSE
"Erysipelotrichaceae",-0.26684629554619,0.269209804504068,0.180164752697616,0.234293578092439,-1.48112375784212,1.1490276715901,0.140603561171335,0.252314572726361,0.220863346485414,0.330442435347214,FALSE,FALSE,TRUE,TRUE,FALSE,FALSE
"Turicibacteraceae",-0.131266181266065,0.218405259357483,0.115192903284665,0.163535947330582,-1.13953357822469,1.33551835497051,0.262006271914829,0.190089776795288,0.363428054591537,0.256770483838662,FALSE,FALSE,TRUE,TRUE,FALSE,FALSE
"Firmicutes_unclassified",-0.260310909148314,0.367408024305166,0.201659586514678,0.265016244606742,-1.29084321577426,1.38636039028612,0.199198836252691,0.168165281465375,0.293675998589681,0.232014131647416,FALSE,FALSE,TRUE,TRUE,FALSE,FALSE
"Acidaminococcaceae",0.49619697074559,-0.990080000623758,0.179453480633753,0.309195709160583,2.76504511917648,-3.20211429619016,0.00659897407786781,0.00175017605525021,0.01594281141414,0.00450978575521666,TRUE,TRUE,FALSE,FALSE,FALSE,FALSE
"Selenomonadaceae",0.427504825568161,-0.689008959740611,0.114885573567333,0.223592403740512,3.72113584233103,-3.08154010697176,0.0012630573817702,0.00565845642321511,0.0035904899516512,0.0124776218563205,TRUE,TRUE,FALSE,FALSE,FALSE,FALSE
"Veillonellaceae",0.0479905328273848,-0.233372786400891,0.232530313894116,0.36969363851399,0.206383985054256,-0.63125994631379,0.83682946861274,0.529032486245168,0.963895535209487,0.638959832927795,FALSE,FALSE,TRUE,TRUE,FALSE,FALSE
"Peptoniphilaceae",-0.154866852476808,0.269175372704165,0.125086826791052,0.172983098059962,-1.23807483529421,1.55607903733381,0.228177553552549,0.133343434895792,0.330729263014368,0.191125590017302,FALSE,FALSE,TRUE,TRUE,FALSE,FALSE
"Tissierellia_unclassified",0.116817871115094,0.206305628162317,0.0147505896203929,0.0903912521985665,7.9195390910741,2.28236276347976,0.000516815474360739,0.0713270205341603,0.00164615299240828,0.112897983422168,TRUE,FALSE,FALSE,TRUE,FALSE,FALSE
"Fusobacteriaceae",-0.0353600141502995,0.0104374974314985,0.152462567501996,0.209612476120826,-0.231925873541626,0.0497942566428253,0.818224420447257,0.960627724457275,0.955212219345667,1,FALSE,FALSE,TRUE,TRUE,FALSE,FALSE
"Leptotrichiaceae",0.840747082503351,-0.945581763440073,NA,0.0814893404619132,NA,-11.6037479022428,1,0.00734510339301532,1,0.0155330875032619,FALSE,TRUE,TRUE,FALSE,FALSE,FALSE
"FGB2345",1.35611699409545,-1.58997428293841,0.0125818907734265,0.0817072982580169,107.783243275298,-19.4593912274221,4.44321241952982e-08,4.11174983123346e-05,6.74322826022761e-07,0.00019287844662877,TRUE,TRUE,FALSE,FALSE,FALSE,FALSE
"FGB2378",-0.119183320301922,0.655084186262009,0.0425132381165513,0.0898922427257425,-2.80344018903424,7.28743845295577,0.0310230180245416,0.000340142089462552,0.0620460360490832,0.00112508537283767,FALSE,TRUE,TRUE,FALSE,FALSE,FALSE
"Victivallaceae",0.326873886923557,-0.412099532993902,0.100663043427782,0.168032983497546,3.24720846690934,-2.45249191210082,0.00320406842777119,0.0212112776441645,0.0081846500432175,0.0372279566815948,TRUE,TRUE,FALSE,FALSE,FALSE,FALSE
"Nitrobacteraceae",-0.416799988694538,1.13514832289876,0.0346998179866359,0.087234647039059,-12.0115900566125,13.0125857262941,7.05633474040207e-05,4.77959385932361e-05,0.000296756276781923,0.000216339511527279,TRUE,TRUE,FALSE,FALSE,FALSE,FALSE
"Rhizobiaceae",1.13222683521469,-1.95796762911026,NA,0.0812644994517416,NA,-24.0937634799927,1,1,1,1,FALSE,FALSE,TRUE,TRUE,FALSE,FALSE
"Sphingomonadaceae",-0.638020370300565,1.35795728225954,0.012856824478249,0.0828250456393093,-49.6250354339018,16.3954909022718,0.000405820432421595,0.0036994398204466,0.00135976196837366,0.00885465559372386,TRUE,TRUE,FALSE,FALSE,FALSE,FALSE
"Comamonadaceae",-1.35710620748608,3.60854924603324,0.0306721420051267,0.0844010542940547,-44.2455635233836,42.7547887430528,0.01438588091903,0.0148873083140434,0.031189556950502,0.0284513003335052,TRUE,TRUE,TRUE,FALSE,TRUE,FALSE
"Oxalobacteraceae",-0.480734513291492,0.750177392798897,0.0854022452768778,0.12374122522547,-5.62906176216948,6.06246941091775,2.61356651857846e-06,7.1466296245595e-07,1.98323576998012e-05,7.09165555052443e-06,TRUE,TRUE,FALSE,FALSE,FALSE,FALSE
"Sutterellaceae",0.147133808500873,-0.458131797490792,0.152196060704167,0.215967308461263,0.966738612156767,-2.12130160233471,0.33555644050027,0.0358871513592143,0.455650324468788,0.0593518272479313,FALSE,FALSE,TRUE,TRUE,FALSE,FALSE
"FGB10055",-0.438793506295798,0.482560650207634,0.0735147229972536,0.10793305248879,-5.9687840531235,4.4709256254728,0.00940981048637338,0.0208502953285916,0.0209287164265891,0.0368450424299769,TRUE,TRUE,FALSE,FALSE,FALSE,FALSE
"FGB2394",0.739900217105057,-0.815423421161679,NA,0.0812644994517416,NA,-10.0341899188823,1,1,1,1,FALSE,FALSE,TRUE,TRUE,FALSE,FALSE
"FGB2403",-0.372255643814911,0.501435992372342,0.0334732224154043,0.0937118946169573,-11.1209981278528,5.35082546801488,3.1506641128854e-05,0.00174324222883673,0.000150531729837858,0.00450978575521666,TRUE,TRUE,FALSE,FALSE,FALSE,FALSE
"FGB2404",-0.0116223869465064,-0.0838440845247951,0.128950105310835,0.185511587230407,-0.0901308837126626,-0.451961442282631,0.928745003649826,0.654345530637589,1,0.7673688495659,FALSE,FALSE,TRUE,TRUE,FALSE,FALSE
"Desulfovibrionaceae",0.118594830917408,-0.37050961894007,0.168477197418616,0.236669427600471,0.703922149314577,-1.56551533798247,0.482759861810343,0.119931082054338,0.613556868704771,0.175642756797315,FALSE,FALSE,TRUE,TRUE,FALSE,FALSE
"Campylobacteraceae",-0.385957704420346,1.02055446386042,0.0403924211113676,0.091258828115727,-9.55520104517148,11.1830765848344,0.000212541929803383,9.97681941959847e-05,0.000741024566071253,0.00039022731292872,TRUE,TRUE,FALSE,FALSE,FALSE,FALSE
"Enterobacteriaceae",0.0221410220183649,-0.186614072672824,0.264796433116214,0.380584810188908,0.0836152577955901,-0.490335051943339,0.933491950802978,0.624729792263411,1,0.735983042940457,FALSE,FALSE,TRUE,TRUE,FALSE,FALSE
"Hafniaceae",-0.307641639484684,0.286226810124218,0.0877785224707858,0.117589728401961,-3.50474843760412,2.43411405072557,0.0726511122240521,0.135343280846688,0.122509718652323,0.192920256676494,FALSE,FALSE,TRUE,TRUE,FALSE,FALSE
"Morganellaceae",-2.16131822534863,4.4571125024365,0.0526313092817989,0.097852559507174,-41.0652566854548,45.5492684594493,2.10154229836162e-06,1.38941316954031e-06,1.74902552573322e-05,1.19489532580466e-05,TRUE,TRUE,TRUE,FALSE,TRUE,FALSE
"Pasteurellaceae",-0.0266873518838111,-0.0170715632506374,0.0602967858116324,0.112128272801543,-0.442599908512247,-0.152250300696707,0.663052691195068,0.880594640608976,0.790968315514456,0.970912039645794,FALSE,FALSE,TRUE,TRUE,FALSE,FALSE
"Pseudomonadaceae",-0.323969637553265,0.491247439242924,0.0316291835817123,0.0920367526238047,-10.2427442275362,5.3375138217976,5.05079792020228e-05,0.00176545876463908,0.000224673424726239,0.00450978575521666,TRUE,TRUE,FALSE,FALSE,FALSE,FALSE
"Synergistaceae",0.3798153029383,-0.687647689431934,0.134273284584118,0.200554127824577,2.82867365697275,-3.42873864971461,0.00759182020123053,0.00153485437151689,0.0176458523596169,0.00412492112345163,TRUE,TRUE,FALSE,FALSE,FALSE,FALSE
"FGB1787",0.058334484359996,0.000921185782862412,0.150965475709397,0.229977469991027,0.386409436236187,0.00400554794736351,0.702114347996322,0.996832446293584,0.82714840996827,1,FALSE,FALSE,TRUE,TRUE,FALSE,FALSE
"Puniceicoccaceae",1.6496652316599,-2.25416757505334,0.0432661727007058,0.105420726243372,38.1282911957911,-21.3825843871481,4.88320193139337e-13,2.60591096823537e-10,6.29933049149745e-11,2.24108343268242e-08,TRUE,TRUE,FALSE,FALSE,FALSE,FALSE
"Akkermansiaceae",0.406601087200862,-0.889705941888755,0.274545171509842,0.389808506575648,1.48099886428447,-2.28241797416008,0.141249814612765,0.0242407144935323,0.220863346485414,0.0416940289288755,FALSE,TRUE,TRUE,FALSE,FALSE,FALSE
"Blastocystidae",-2.55767347778312,3.33339873671769,NA,0.0819682071525755,NA,40.6669714089623,1,0.000604119218607638,1,0.00181235765582292,FALSE,TRUE,FALSE,FALSE,FALSE,FALSE
"Methanomassiliicoccales",-0.353655703738792,1.01603438611367,0.0727670482166181,0.110432110071204,-4.86010787033719,9.20053402455641,0.00125563095187295,1.57550455684572e-05,0.00344402593065125,8.17063991108363e-05,TRUE,TRUE,FALSE,FALSE,FALSE,FALSE
"Methanobacteriales",0.793881837055218,-1.39011549819872,0.222452639043858,0.327519784137788,3.56876789804548,-4.24437107473757,0.000686186213045491,7.22109099641019e-05,0.00204026034012193,0.000303830809848957,TRUE,TRUE,FALSE,FALSE,FALSE,FALSE
"Actinomycetales",-0.345504570802167,0.513094461824641,0.176275387084063,0.239673145503491,-1.96002729886164,2.14080914550006,0.0530861001072766,0.034992805370111,0.09036794140399,0.0553432311881897,FALSE,FALSE,TRUE,TRUE,FALSE,FALSE
"Bifidobacteriales",-0.0516530252001587,0.020112773268832,0.249146857261227,0.359155867043545,-0.207319593624258,0.0560001244985744,0.836097639021876,0.955431120462894,0.957036568769316,1,FALSE,FALSE,TRUE,TRUE,FALSE,FALSE
"Corynebacteriales",0.851035837055987,-1.38942048543061,0.0468053862471943,0.11691629125919,18.1824338028404,-11.8838912051224,1.41149995968506e-12,1.16743860477469e-09,1.04921497003256e-10,5.20677617729511e-08,TRUE,TRUE,FALSE,FALSE,FALSE,FALSE
"Micrococcales",0.248853602787199,-0.538794675953881,0.108912923834055,0.156457872829606,2.28488588889931,-3.44370446951346,0.0271968595616914,0.00127110714700365,0.0518367494210016,0.00322110106570242,FALSE,TRUE,TRUE,FALSE,FALSE,FALSE
"Propionibacteriales",0.73323938997508,-1.22237636282919,0.0648130990500763,0.106505867927978,11.3131357815271,-11.4770799638551,2.12696221872158e-07,1.83648265197674e-07,2.25863130845197e-06,2.40903312582831e-06,TRUE,TRUE,FALSE,FALSE,FALSE,FALSE
"OFGB12107",-0.168140106062333,0.685635386478714,0.100654916199237,0.138717490607675,-1.67046094131673,4.94267437707511,0.107302756546668,4.32321379042523e-05,0.16617024104102,0.000189034642208789,FALSE,TRUE,TRUE,FALSE,FALSE,FALSE
"OFGB2992",-0.344879934498638,0.689823611084368,0.0488971607481523,0.119921242217905,-7.05316892068564,5.75230541584042,4.47113476428e-07,8.71102928062941e-06,4.1544293851435e-06,4.8563988239509e-05,TRUE,TRUE,TRUE,FALSE,TRUE,FALSE
"OFGB77988",0.516762163697446,-1.04193004515435,0.0680986969229865,0.120676875327642,7.58842954486864,-8.63404892051997,7.43515025453982e-07,1.27264794162283e-07,5.92156609557992e-06,1.89200327321261e-06,TRUE,TRUE,FALSE,FALSE,FALSE,FALSE
"Coriobacteriales",0.248799248592193,-0.573510837520875,0.190839204453283,0.318467624658687,1.3037114114207,-1.80084502509643,0.194727908027112,0.0741383621335894,0.274837490443328,0.108768781288095,FALSE,FALSE,TRUE,TRUE,FALSE,FALSE
"Eggerthellales",-0.302013580292035,0.35767984040748,0.197230188119472,0.273023891930017,-1.53127461455896,1.31006791339405,0.127807817696954,0.192175551863995,0.192575292881221,0.252083740386842,FALSE,FALSE,TRUE,TRUE,FALSE,FALSE
"Bacteria_unclassified",-0.155575674910088,0.0891504103669793,0.158283689857261,0.206740887369815,-0.98289138350505,0.431218088986474,0.327760682748751,0.667131327156676,0.435063287220069,0.774845239353848,FALSE,FALSE,TRUE,TRUE,FALSE,FALSE
"Bacteroidales",0.153086662658202,-0.497411991287669,0.096450140953247,0.164143750783457,1.58721035703212,-3.03034376218116,0.114502898589125,0.00286320136677403,0.176097561278447,0.0063849390479061,FALSE,TRUE,TRUE,FALSE,FALSE,FALSE
"OFGB11479",0.880962321666171,-1.84978840549383,0.0991569964599943,0.152403741532631,8.88452003506986,-12.1374212134929,0.00011321471042783,1.90112925690738e-05,0.000420781340423433,9.42115165089656e-05,TRUE,TRUE,FALSE,FALSE,FALSE,FALSE
"OFGB1670",0.501685717118297,-0.818837982410717,0.0558137363836457,0.112221949572319,8.98857072871579,-7.29659380835327,6.1087013156564e-07,6.03346396105159e-06,5.04533479033843e-06,3.63638503598515e-05,TRUE,TRUE,FALSE,FALSE,FALSE,FALSE
"OFGB33839",0.31304836934079,-0.764414014193556,0.0210811563420016,0.0820159931296149,14.8496773261474,-9.32030430925229,0.0428063207433257,0.0680443069372302,0.0782443403750953,0.102526219236502,FALSE,FALSE,TRUE,TRUE,FALSE,FALSE
"OFGB4405",1.62439523943332,-2.45834709316469,0.170729512857656,0.226071069576906,9.51443726538154,-10.8742224193724,5.91532312662473e-10,3.59984429259693e-11,1.88445293891045e-08,4.01382638624558e-09,TRUE,TRUE,FALSE,FALSE,FALSE,FALSE
"OFGB4425",-1.54800984516693,2.30997911416493,NA,0.0812644994517416,NA,28.4254395184787,1,1,1,1,FALSE,FALSE,FALSE,TRUE,FALSE,FALSE
"OFGB529",0.116734400940724,0.0587313587419574,0.0443675550559453,0.0912654415995842,2.63107581189741,0.643522429876951,0.0338596360234912,0.540386772678602,0.0634512506994836,0.640990693124087,FALSE,FALSE,TRUE,TRUE,FALSE,FALSE
"OFGB602",0.10907098535911,-0.114188500997909,0.0519136420832419,0.098781925199284,2.10100815473934,-1.15596553486423,0.0619721388156247,0.274566061952671,0.10415880478869,0.347887680769577,FALSE,FALSE,TRUE,TRUE,FALSE,FALSE
"OFGB618",-0.27279473975276,0.490909327704173,0.0418223059691382,0.103469008290237,-6.52270919623759,4.7445059715576,0.00126641312248163,0.00512949287062264,0.00344402593065125,0.0106904384126061,TRUE,TRUE,TRUE,FALSE,TRUE,FALSE
"OFGB629",1.25013349277523,-1.353684295954,0.129690418853944,0.178100109436505,9.63936660720567,-7.60069322942559,2.22345231675985e-06,1.83855522856942e-05,1.65276622212482e-05,9.31813218115864e-05,TRUE,TRUE,FALSE,FALSE,FALSE,FALSE
"OFGB658",-2.42646468310945,4.48025975157363,0.0214701033467841,0.135138946307635,-113.015975932547,33.152987158673,1.11958232632882e-12,5.88217912739577e-09,1.04921497003256e-10,1.87389420772751e-07,TRUE,TRUE,TRUE,FALSE,TRUE,FALSE
"OFGB667",-0.178416717875426,0.400740035111791,0.088649949666438,0.12315208325008,-2.01259807305872,3.25402562860445,0.0653480490862044,0.00627939095096828,0.108252887823956,0.0125027159113029,FALSE,TRUE,TRUE,FALSE,FALSE,FALSE
"OFGB668",0.922242908179097,-1.41941103400905,0.0261345525386952,0.0831059704845873,35.2882608880949,-17.079531419133,0.0180357270980337,0.0372313380837345,0.0355926295828453,0.0584689323427662,TRUE,FALSE,FALSE,TRUE,FALSE,FALSE
"Candidatus_Gastranaerophilales",0.679345498553784,-0.821454493891792,0.0552868090658571,0.159400191939747,12.2876597516155,-5.15340969101404,6.99748348489594e-10,7.95929911840402e-05,1.95054852141474e-08,0.000322713400618927,TRUE,TRUE,FALSE,FALSE,FALSE,FALSE
"OFGB2106",-0.250027286127171,0.59232271018614,0.102694350351329,0.14698161953236,-2.43467420818964,4.02991008039433,0.0262174801710281,0.000869036535718162,0.0506514502988439,0.00233488129476085,FALSE,TRUE,TRUE,FALSE,FALSE,FALSE
"OFGB2107",0.816907737930666,-1.4739677244746,0.0702315769132166,0.140497954042455,11.6316302984354,-10.4910262538713,3.22793112564144e-09,1.40417584612045e-08,6.54389673652766e-08,3.91414017106077e-07,TRUE,TRUE,FALSE,FALSE,FALSE,FALSE
"Candidatus_Nanogingivales",0.398176303641536,-1.19065540528668,0.0387857232391715,0.09174080851059,10.2660533409726,-12.9784708094134,4.98559523981239e-05,1.28837729234995e-05,0.00020857924744539,7.0075155169278e-05,TRUE,TRUE,FALSE,FALSE,FALSE,FALSE
"Candidatus_Saccharibacteria_unclassified",0.022292129154731,-0.227249379925966,0.111658684506979,0.155658409504121,0.199645278404992,-1.45992356371821,0.84282254040297,0.15252965513196,0.958925645458481,0.208675540456608,FALSE,FALSE,TRUE,TRUE,FALSE,FALSE
"Candidatus_Nanosynbacterales",-0.911566220795549,1.23952693206484,0.0167935349960565,0.0837032518995964,-54.2807825159864,14.8085875271809,0.000339224156920649,0.00452912643325887,0.00112905950736276,0.00961900185349264,TRUE,TRUE,FALSE,FALSE,FALSE,FALSE
"Candidatus_Saccharimonadales",0.074260267920029,-0.342593145339368,0.060681167975848,0.118836247951374,1.22377782757223,-2.88290106129531,0.237727446469668,0.0103299980421091,0.325234481979976,0.0193578954906751,FALSE,TRUE,TRUE,FALSE,FALSE,FALSE
"Bacillales",0.369480459118391,-0.931520455673099,0.104753620109181,0.146066356177723,3.52713785674706,-6.37737861099027,0.00152328710717927,7.87614913412354e-07,0.0039963885282468,7.31825523712312e-06,TRUE,TRUE,FALSE,FALSE,FALSE,FALSE
"Lactobacillales",-0.169496550368984,0.099168287185435,0.272753669177103,0.370515022747621,-0.621427205288766,0.267649841698819,0.535249442322018,0.789331702211188,0.666819137641397,0.902671638938949,FALSE,FALSE,TRUE,TRUE,FALSE,FALSE
"OFGB10021",0.306035063540847,-0.104139728457181,0.0372386697306699,0.104198834100303,8.21820612160042,-0.999432760993616,0.000434388251484501,0.363466760237709,0.00138383685830063,0.452810544877146,TRUE,FALSE,TRUE,TRUE,TRUE,FALSE
"OFGB1011",-0.126202314793028,0.142161338223193,0.124362805362639,0.189602801763715,-1.01479147583576,0.749785007925971,0.312630072665261,0.455127157285352,0.419978953038273,0.551594326492573,FALSE,FALSE,TRUE,TRUE,FALSE,FALSE
"OFGB1012",0.155715238582916,-0.0592093331815885,0.0363456402296613,0.0863071387853848,4.28428932876077,-0.686030541793549,0.0503976120803977,0.563545575225423,0.0884934448340842,0.664924144313594,FALSE,FALSE,TRUE,TRUE,FALSE,FALSE
"OFGB10290",-1.5530398685773,2.32467198994835,NA,0.0822313831307873,NA,28.2698879848708,1,0.0225099739925972,1,0.0369097367672734,FALSE,TRUE,FALSE,FALSE,FALSE,FALSE
"OFGB10309",-2.55636768713142,5.79144544525429,NA,0.0812644994517416,NA,71.2666106888839,1,1,1,1,FALSE,FALSE,FALSE,TRUE,FALSE,FALSE
"OFGB10318",0.816611612304146,-0.954513153616854,NA,0.0812644994517416,NA,-11.7457581115563,1,1,1,1,FALSE,FALSE,TRUE,TRUE,FALSE,FALSE
"OFGB10477",-0.206083860872833,0.573015547436321,0.11078870009504,0.161716285743749,-1.86015235033937,3.54333853761832,0.0769284361519383,0.00192499065840499,0.122536009013445,0.00439781029509475,FALSE,TRUE,TRUE,FALSE,FALSE,FALSE
"OFGB1126",-0.279208356884321,0.499279710104686,0.161623499064057,0.20625757757208,-1.72752327787224,2.420661175128,0.0890524968153631,0.0184345830232668,0.138872075453328,0.0316224001091423,FALSE,TRUE,TRUE,FALSE,FALSE,FALSE
"OFGB11739",-0.513254823814188,0.872636139916709,0.0265248354830412,0.0833000849868949,-19.3499719967101,10.4758133206466,0.00266013514566147,0.00898953918990674,0.00666528244362369,0.0174318890378191,TRUE,TRUE,FALSE,FALSE,FALSE,FALSE
"OFGB11916",0.57795113732448,-0.665892152472387,0.0544823617095934,0.105095198813382,10.6080411933155,-6.33608537774225,1.88578038929061e-07,3.74094966612089e-05,2.10264513405904e-06,0.000170251382764277,TRUE,TRUE,FALSE,FALSE,FALSE,FALSE
"OFGB1201",0.142454435127725,0.50036373827105,0.0399184328763373,0.0923260726036808,3.56863796655125,5.41952802886909,0.0160668403372097,0.00289620270802292,0.0322784269837635,0.00639458617711991,TRUE,TRUE,FALSE,FALSE,FALSE,FALSE
"OFGB1211",-0.0717930961861183,0.256965469118506,0.0766500599265301,0.121901630413535,-0.936634573474994,2.10797401352866,0.35642595531673,0.0434951785059373,0.467546988444887,0.0668925848746484,FALSE,FALSE,TRUE,TRUE,FALSE,FALSE
"OFGB1217",-0.204480621785698,0.337731203150873,0.0715154977992876,0.114589654193512,-2.85924908695434,2.94730973339472,0.00678500867875026,0.00538828698849856,0.0151305693536131,0.0111258148003257,TRUE,TRUE,FALSE,FALSE,FALSE,FALSE
"OFGB1226",0.158139822840518,0.00803582560802719,0.0844034447349331,0.130940802715891,1.87361811282883,0.0613699125204153,0.0688979403023272,0.951394926759275,0.112972357995728,1,FALSE,FALSE,TRUE,TRUE,FALSE,FALSE
"OFGB1227",0.0341339451103375,-0.21565003730282,0.181742652606269,0.262899501114723,0.187814718343998,-0.820275566855166,0.851454293027266,0.414275398757444,0.963828971294824,0.513061374510035,FALSE,FALSE,TRUE,TRUE,FALSE,FALSE
"OFGB1249",0.236421230718541,-0.538422470198142,0.116323153057959,0.17665607088013,2.03245204848206,-3.04785715835086,0.0481707210546206,0.00389005866255176,0.0859365663614431,0.00834118347835617,FALSE,TRUE,TRUE,FALSE,FALSE,FALSE
"OFGB1258",0.12159732646077,-0.0142866608338644,0.0836013096079716,0.116896800074201,1.45449068957139,-0.122216012968668,0.196044460952117,0.906718652821402,0.274955438945422,0.99605053979888,FALSE,FALSE,TRUE,TRUE,FALSE,FALSE
"OFGB1260",0.30459450908274,-0.563222222220467,0.0654909026879165,0.117434615837592,4.65094381939158,-4.79604942889569,0.000123065839281164,8.642962592574e-05,0.000449896428847532,0.000344175117525715,TRUE,TRUE,FALSE,FALSE,FALSE,FALSE
"OFGB1262",0.283019803046257,-0.540227503397394,0.0609483416674872,0.111214092208702,4.64360137295145,-4.85754541235311,4.21815222976192e-05,2.18884123467166e-05,0.000184440773968021,0.000106111216376474,TRUE,TRUE,FALSE,FALSE,FALSE,FALSE
"OFGB1292",-0.197262599161909,0.0531741751267969,0.146359348612086,0.192376269850822,-1.34779637264401,0.276407142980945,0.180284146244657,0.782714859385829,0.257713875721529,0.899718627025979,FALSE,FALSE,TRUE,TRUE,FALSE,FALSE
"OFGB1298",-0.003201163600266,0.225027936794068,NA,0.082360991342572,NA,2.73221501011429,1,0.0718067443774613,1,0.106752693307826,FALSE,FALSE,FALSE,TRUE,FALSE,FALSE
"OFGB1303",-0.040702591790286,-0.0774329414214188,0.0617799292501723,0.105244240408012,-0.658831958603651,-0.735745168773376,0.545998328532056,0.502698713111466,0.672694073274301,0.602697919483102,FALSE,FALSE,TRUE,TRUE,FALSE,FALSE
"OFGB1311",0.406756427721385,-0.782206446130908,0.0412064490879967,0.0881602524155241,9.87118367934965,-8.87255225227972,0.000181907878768814,0.000302480568079931,0.000624083953314545,0.000963616666883209,TRUE,TRUE,FALSE,FALSE,FALSE,FALSE
"OFGB1320",-1.30358444869467,5.1660238145118,0.0136567540156756,0.081187639751451,-95.453461869371,63.6306687856321,0.00666918172595928,0.01000409678015,0.0150327566399713,0.0189060473048598,TRUE,TRUE,TRUE,FALSE,TRUE,FALSE
"OFGB1325",-0.478126200008386,0.789343537978729,0.0693047311313719,0.11825691520915,-6.89889697576439,6.67481928293743,3.57946181002299e-06,5.33677080484663e-06,2.41884843525796e-05,3.30583302633555e-05,TRUE,TRUE,FALSE,FALSE,FALSE,FALSE
"OFGB1354",0.526100514280812,-0.709529866753983,0.180046295278483,0.254368069650335,2.92202910072144,-2.78938259715275,0.00667373501057024,0.00923314875282007,0.0150327566399713,0.0177499325161972,TRUE,TRUE,FALSE,FALSE,FALSE,FALSE
"OFGB1359",-0.331515112151422,0.876951181722477,0.0749405186440294,0.110987787271128,-4.42370987217386,7.90133043719672,0.000830178386568759,4.26830404159995e-06,0.00243591816058991,2.7195194322194e-05,TRUE,TRUE,FALSE,FALSE,FALSE,FALSE
"OFGB1374",-0.48044133286707,0.864943954287584,0.0888075522404128,0.125760025884156,-5.40991526899038,6.87773358987956,1.47756910391659e-05,4.10696966135429e-07,7.51200754468293e-05,4.82028544464214e-06,TRUE,TRUE,FALSE,FALSE,FALSE,FALSE
"OFGB1380",-0.509233751004724,0.607249330196618,0.0855816813886881,0.145558291760876,-5.95026578984732,4.17186353900202,9.98059294727093e-06,0.000517494561678874,5.70685186472158e-05,0.00149871801629076,TRUE,TRUE,TRUE,FALSE,TRUE,FALSE
"OFGB1470",0.393201317416902,-0.585297545380182,0.0280365627565577,0.083613984378095,14.0245907043271,-6.99999587070888,0.0453164139882154,0.0903345231775309,0.0821590269867645,0.130809082263567,FALSE,FALSE,TRUE,TRUE,FALSE,FALSE
"OFGB1473",-0.475810993750938,0.803868985213609,0.0671154022883292,0.103656060214997,-7.08944560455503,7.75515665505975,8.17769787061187e-06,3.13743146474721e-06,4.92872060850391e-05,2.25692650528589e-05,TRUE,TRUE,FALSE,FALSE,FALSE,FALSE
"OFGB1474",-0.147994043793987,1.35618977215255,0.0690227953158752,0.104133750207732,-2.14413286388516,13.0235372244555,0.165227011121671,0.00584415770882123,0.240821068497599,0.0117409654870913,FALSE,TRUE,TRUE,FALSE,FALSE,FALSE
"OFGB14936",0.249623741828281,-0.38920119051733,0.207613337443719,0.278817025603432,1.2023492560826,-1.39590180934969,0.235381074700698,0.169445308486091,0.324012220112689,0.22626529217005,FALSE,FALSE,TRUE,TRUE,FALSE,FALSE
"OFGB1538",-0.0593697749081963,0.0860045740939775,0.0646964885475069,0.103775094437976,-0.917666108951195,0.82875929489402,0.389316688649742,0.434585499326822,0.50475361377263,0.532486628296052,FALSE,FALSE,TRUE,TRUE,FALSE,FALSE
"OFGB1695",-2.79482059291826,5.48532128391627,NA,0.0812644994517416,NA,67.4996009441207,1,1,1,1,FALSE,FALSE,FALSE,TRUE,FALSE,FALSE
"OFGB1765",-0.409173711242185,0.808153157368537,0.21818634557216,0.307237616181608,-1.87534059553172,2.63038480578119,0.0655342594449957,0.0107821506111646,0.108252887823956,0.0198712362503281,FALSE,TRUE,TRUE,FALSE,FALSE,FALSE
"OFGB1776",-0.244139780758767,0.788296951307606,0.102192904507156,0.141968729083858,-2.38900911894203,5.55260976409795,0.0359242907870986,0.000172083984545565,0.0662075772357271,0.000609122675454936,FALSE,TRUE,TRUE,FALSE,FALSE,FALSE
"OFGB1779",1.11659939597489,-2.39439230797487,0.0393310201725713,0.0943323232406843,28.3897898166799,-25.3825224029063,9.59506200083925e-05,0.000134105014050127,0.000368913590721923,0.000490252756281613,TRUE,TRUE,FALSE,FALSE,FALSE,FALSE
"OFGB1780",0.204598006953294,-0.179357874784892,0.0272836652456877,0.0844236383412469,7.49891941243602,-2.12449828399853,0.0173221891229291,0.167566765972731,0.0344897158429748,0.225908781727583,TRUE,FALSE,FALSE,TRUE,FALSE,FALSE
"OFGB1785",0.849246129365817,-1.17965736303322,NA,0.0918292462061197,NA,-12.8462054494639,1,0.0494572910482334,1,0.0750270469643268,FALSE,FALSE,TRUE,TRUE,FALSE,FALSE
"OFGB1798",-2.07749386883834,2.58930983729573,0.050516662994268,0.108278723608681,-41.1249228610779,23.913376063182,1.31056501649014e-09,5.68653966078883e-08,2.92255998677301e-08,9.87592194573962e-07,TRUE,TRUE,TRUE,FALSE,TRUE,FALSE
"OFGB1814",0.515918292051562,-1.11810003094738,0.0616000302414555,0.107136731873929,8.3752928371837,-10.4361969176275,3.91846553992375e-08,9.12603281495222e-10,5.47672331666171e-07,5.08776329433586e-08,TRUE,TRUE,FALSE,FALSE,FALSE,FALSE
"OFGB24517",-1.39223903291597,2.1593133093177,0.0370837512708833,0.0894941276202361,-37.5431013638878,24.1279888048146,2.38385592126292e-08,3.33032091649688e-07,3.79714193172594e-07,4.12589757988224e-06,TRUE,TRUE,FALSE,FALSE,FALSE,FALSE
"OFGB2831",1.05296738671931,-1.18225868971165,0.0909742919028422,0.131890492187068,11.5743400107345,-8.96394175278977,8.44697635971199e-05,0.000288121425271111,0.000330469426002767,0.000931175041093592,TRUE,TRUE,FALSE,FALSE,FALSE,FALSE
"OFGB2833",-0.340005692087972,0.700287097988176,0.102255370381059,0.152360554428949,-3.3250644031793,4.59624934165454,0.0159039211471849,0.00370660001597743,0.0322415855983839,0.00802496896663075,TRUE,TRUE,FALSE,FALSE,FALSE,FALSE
"OFGB2834",-0.290733055614,0.696152513732209,0.166543843212981,0.201688213348806,-1.74568479990102,3.45162715348299,0.0859846807635138,0.00102683428139445,0.135032280353969,0.00263200051437887,FALSE,TRUE,TRUE,FALSE,FALSE,FALSE
"OFGB28369",0.761482019065019,-1.2734332002552,NA,0.0812644994517416,NA,-15.6702275759592,1,1,1,1,FALSE,FALSE,TRUE,TRUE,FALSE,FALSE
"OFGB2837",-0.0322003127081907,0.714285630838077,0.0231226256611005,0.0824093873606224,-1.39258893778494,8.66752749553121,0.396462618582887,0.0731255188249258,0.511047190427652,0.10799331588052,FALSE,FALSE,TRUE,TRUE,FALSE,FALSE
"OFGB2838",0.6089331350641,-0.814585084492658,0.0603229194793294,0.118141917350923,10.0945567674781,-6.89497091936517,5.4892039463528e-05,0.000459628739257641,0.000222562269097577,0.00136662945139272,TRUE,TRUE,FALSE,FALSE,FALSE,FALSE
"OFGB2839",-1.08007919211978,2.16233400633505,0.0580357298078139,0.101495444880787,-18.6105903328257,21.3047394282064,3.20932530326228e-07,1.26403752734419e-07,3.11165018533691e-06,1.89200327321261e-06,TRUE,TRUE,FALSE,FALSE,FALSE,FALSE
"OFGB2840",-0.240590937789704,0.601075227500215,0.0863778461732213,0.138335014083913,-2.78533152247423,4.34506933389696,0.00891015829310493,0.000131639700298748,0.0192081422706878,0.000489260886110348,TRUE,TRUE,FALSE,FALSE,FALSE,FALSE
"OFGB2844",0.45432983742425,-1.00424161540619,0.0927204834222542,0.126924722874267,4.89999426939145,-7.91210406187773,0.000160204127707497,6.39816917006859e-07,0.0005670717536313,6.20344228228389e-06,TRUE,TRUE,FALSE,FALSE,FALSE,FALSE
"OFGB2845",-0.461920915912349,1.11415983177812,0.0911035850147469,0.129535313022249,-5.07028253429959,8.60120538394617,0.000170799745419135,5.8335697828881e-07,0.000595130362944799,5.91311846174567e-06,TRUE,TRUE,FALSE,FALSE,FALSE,FALSE
"OFGB2846",1.67291214963602,-3.10745426209725,0.075913934322147,0.118889829147078,22.0369575700935,-26.1372590438585,1.00086203555711e-07,3.07029014546217e-08,1.1746959680486e-06,6.84674702438064e-07,TRUE,TRUE,FALSE,FALSE,FALSE,FALSE
"OFGB2875",0.384364686288175,-0.636374511756755,0.105360290838533,0.172176607776286,3.6480981898315,-3.6960567406672,0.000902437965003501,0.000790143787515818,0.00261355410643871,0.00214880566604911,TRUE,TRUE,FALSE,FALSE,FALSE,FALSE
"OFGB28775",0.061229849949929,-0.228325559383249,0.0812942967268228,0.159836706874014,0.753187522559949,-1.42849264007434,0.457408665584917,0.163832791433659,0.57955757059907,0.222772637132354,FALSE,FALSE,TRUE,TRUE,FALSE,FALSE
"OFGB2880",0.310783415157206,-1.15723657444868,0.0252855298523561,0.090240517906828,12.2909591759355,-12.8239132630368,5.41310383220254e-06,4.06711039697165e-06,3.5503592781799e-05,2.7041354688789e-05,TRUE,TRUE,FALSE,FALSE,FALSE,FALSE
"OFGB2881",-0.0602877083196021,0.149010642354101,0.0656049344175367,0.110177902873239,-0.918950820618255,1.35245487950101,0.366568544085289,0.187876419429677,0.478039680298359,0.247907938064012,FALSE,FALSE,TRUE,TRUE,FALSE,FALSE
"OFGB2889",2.4435066064116,-3.57804239336361,NA,0.0909015732854596,NA,-39.361721299668,1,0.0161700972168128,1,0.0286185053916607,FALSE,TRUE,TRUE,FALSE,FALSE,FALSE
"OFGB2890",-0.172672378617763,0.129247379553785,0.125212083749294,0.175136243167089,-1.3790392544181,0.737981911776404,0.177446038266182,0.465903306409869,0.256266050541879,0.561602363942706,FALSE,FALSE,TRUE,TRUE,FALSE,FALSE
"OFGB2897",-0.744296824942397,2.18667249108407,0.0572075688645288,0.0980453828098633,-13.0104606735682,22.3026564680218,4.78340235447789e-05,3.36675347369525e-06,0.000205134370201648,2.34620632698138e-05,TRUE,TRUE,FALSE,FALSE,FALSE,FALSE
"OFGB2898",-0.241890278081577,0.397238035075178,0.125272164853305,0.162628464361182,-1.93091800053773,2.44261074858919,0.0621216189995325,0.020102281185922,0.10415880478869,0.0339606720034894,FALSE,TRUE,TRUE,FALSE,FALSE,FALSE
"OFGB2906",-0.171877233613102,-0.00889107577481601,0.0491344691109568,0.103808041467426,-3.49809892572492,-0.0856492006701228,0.00498694942444602,0.933284356064956,0.0117062075963312,1,TRUE,FALSE,FALSE,TRUE,FALSE,FALSE
"OFGB2915",-0.324253424868727,0.386752893837305,0.0941016781804182,0.142054373452927,-3.44577728196351,2.72256942490732,0.00165660838814214,0.0105370545641604,0.00429562407622905,0.0195813597317313,TRUE,TRUE,FALSE,FALSE,FALSE,FALSE
"OFGB2917",0.0663500903353373,-0.265304456427484,0.0396995417211839,0.0937125506882057,1.67130620301172,-2.83104508925584,0.145694714313652,0.0299166670512202,0.215165041668506,0.0479958039742597,FALSE,TRUE,TRUE,FALSE,FALSE,FALSE
"OFGB2918",0.38765862277795,-0.686331789134358,0.0761881151970241,0.123232866456082,5.08817709659121,-5.5693891481373,2.66327783560684e-05,7.529429139272e-06,0.000123731449445901,4.30528896937861e-05,TRUE,TRUE,FALSE,FALSE,FALSE,FALSE
"OFGB2930",0.542471257227086,-0.511484946638063,0.021905626211621,0.0850771094376178,24.7640150519551,-6.01201604073191,2.85283384241546e-07,0.000954460346450952,2.89173612208476e-06,0.00253386496736384,TRUE,TRUE,FALSE,FALSE,FALSE,FALSE
"OFGB2932",0.623255357767417,-0.481609736036787,0.0247738986845342,0.0886814450955812,25.1577422554206,-5.43078358181586,1.48218982944416e-05,0.00557697536975438,7.51200754468293e-05,0.0114097752977544,TRUE,TRUE,FALSE,FALSE,FALSE,FALSE
"OFGB2936",-0.7690105905737,1.6935423558062,NA,0.0812644994517416,NA,20.8398792490182,1,1,1,1,FALSE,FALSE,FALSE,TRUE,FALSE,FALSE
"OFGB2937",-0.640285691111629,1.52332387369545,0.0460191751916904,0.0923812358714963,-13.913454303441,16.489537721864,0.00015473951539921,7.92033363192829e-05,0.000556563095710061,0.000322713400618927,TRUE,TRUE,FALSE,FALSE,FALSE,FALSE
"OFGB2945",-1.35321285316551,2.94599000198739,NA,0.0812644994517416,NA,36.2518691662753,1,1,1,1,FALSE,FALSE,FALSE,TRUE,FALSE,FALSE
"OFGB2949",1.3718943363604,-1.9950615851437,0.0313754587974923,0.0981457318744298,43.7250765069306,-20.3275430020353,8.54521641144535e-10,1.74775185526795e-07,2.11731473305813e-08,2.40903312582831e-06,TRUE,TRUE,FALSE,FALSE,FALSE,FALSE
"OFGB2950",-0.324359510748745,1.17827315399066,0.0453523022474267,0.0906385252952582,-7.15199658396942,12.9996946679394,0.00562908272854743,0.000982870183072723,0.0130758900881883,0.00254860524215369,TRUE,TRUE,FALSE,FALSE,FALSE,FALSE
"OFGB2952",1.25501079333266,-1.45259900886959,0.0284480559945733,0.113574437640324,44.1158718744108,-12.7898410861587,7.69210769841425e-11,1.31709084662601e-06,2.85890002791063e-09,1.08781947702815e-05,TRUE,TRUE,FALSE,FALSE,FALSE,FALSE
"OFGB2954",2.50912662736832,-4.77538420742065,NA,0.0812644994517416,NA,-58.7634728526997,1,1,1,1,FALSE,FALSE,TRUE,TRUE,FALSE,FALSE
"OFGB2957",0.357677124985675,-0.658833675448741,0.0706401261380947,0.116545204810463,5.06337041763558,-5.65303116949511,0.000489557952813632,0.000211566113434076,0.00153762568278084,0.000718134208423833,TRUE,TRUE,FALSE,FALSE,FALSE,FALSE
"OFGB2959",-0.153490940400113,0.610407742138976,0.0735692303112231,0.115394799581109,-2.08634696531136,5.28973354392742,0.0523229061007007,6.00411072701532e-05,0.09036794140399,0.000257483979254695,FALSE,TRUE,TRUE,FALSE,FALSE,FALSE
"OFGB2960",0.249588804608347,-0.0231072432900739,0.0308059042625131,0.0854997462571681,8.1019794933293,-0.270260957507071,0.0148946234919906,0.812293476218403,0.0304724865937056,0.924191046921959,TRUE,FALSE,FALSE,TRUE,FALSE,FALSE
"OFGB2964",0.650588207952137,-1.26422638689841,0.0122520620650399,0.0824407208398698,53.1003029937735,-15.3349749252436,1.47104357487049e-05,0.000602299827114993,7.51200754468293e-05,0.00168398232186879,TRUE,TRUE,FALSE,FALSE,FALSE,FALSE
"OFGB2979",0.0421436957507765,-0.430714647983652,0.07470269739476,0.134773592115293,0.564152262508966,-3.19583860030379,0.583041206840204,0.00769171340764731,0.710481907788882,0.015046070964082,FALSE,TRUE,TRUE,FALSE,FALSE,FALSE
"OFGB2982",0.53214619463307,-0.657175154628423,0.168189160834363,0.261963732438071,3.16397437262405,-2.50864937872184,0.00305890402385541,0.0165048160882594,0.00749599557494238,0.028980897540802,TRUE,TRUE,FALSE,FALSE,FALSE,FALSE
"OFGB2983",-0.130829214162859,0.10055829154048,0.0688949933655671,0.119802164208789,-1.89896548024411,0.839369574035643,0.0799871639509777,0.416430981104557,0.126504521709702,0.513061374510035,FALSE,FALSE,TRUE,TRUE,FALSE,FALSE
"OFGB2984",1.56076346323516,-2.29108344174493,0.128760375610286,0.181567923330565,12.1214578307776,-12.6183270685635,3.76643224774915e-09,2.16891198673267e-09,6.99928659373383e-08,8.06112288402309e-08,TRUE,TRUE,FALSE,FALSE,FALSE,FALSE
"OFGB2985",0.551714721031859,-0.979378408737742,0.0883704990018895,0.127599196748652,6.24320024514134,-7.67542769620208,1.17439351428143e-05,9.45071990343069e-07,6.54724384211895e-05,8.43004215386018e-06,TRUE,TRUE,FALSE,FALSE,FALSE,FALSE
"OFGB2997",-0.000567764938380051,1.81583594897512,0.0334215574977861,0.0851254735380216,-0.0169879856262731,21.3312874925044,0.987512844334088,0.000225420898848794,1,0.000750281499153449,FALSE,TRUE,TRUE,FALSE,FALSE,FALSE
"OFGB3002",1.68881444304503,-2.61900903353423,0.155150315088954,0.227424721397692,10.8850210331623,-11.5159381857807,5.6374654029619e-11,1.72728042318108e-11,2.51430956972101e-09,3.85183534369381e-09,TRUE,TRUE,FALSE,FALSE,FALSE,FALSE
"OFGB3004",-0.371623071626842,0.491250033856004,0.126345769176697,0.192037055395831,-2.94131789333696,2.5581002210403,0.004144246175572,0.0121773069590394,0.00983156273566548,0.0221976041350275,TRUE,TRUE,FALSE,FALSE,FALSE,FALSE
"OFGB3009",0.0844793624962318,-0.447723555452897,0.12864218038354,0.179671738015762,0.656700331449301,-2.49189750373328,0.513557955641102,0.0151131294048213,0.64339002307846,0.0269618228582011,FALSE,TRUE,TRUE,FALSE,FALSE,FALSE
"OFGB3012",-0.111694039560714,0.0450619355129303,0.25737557480211,0.373585986124425,-0.433972958182192,0.120619983582366,0.665271800258283,0.904241538696718,0.793345515816027,0.99605053979888,FALSE,FALSE,TRUE,TRUE,FALSE,FALSE
"OFGB3022",-0.510600619988645,1.00652900283659,0.0404739294955445,0.0939574464288974,-12.6155435450085,10.7126049194864,5.02282070611518e-07,2.01188658482623e-06,4.30803468255264e-06,1.60232395862946e-05,TRUE,TRUE,FALSE,FALSE,FALSE,FALSE
"OFGB3023",-0.063265991551914,-0.041125381060017,0.124108336018409,0.184163866125311,-0.509764239708521,-0.223308632280959,0.611307184644988,0.823737593102095,0.738790109698595,0.932454229755164,FALSE,FALSE,TRUE,TRUE,FALSE,FALSE
"OFGB30287",0.17731364747439,-0.275559896657564,0.0600891175258401,0.103682040854526,2.95084459175391,-2.65773989773403,0.00991638755308466,0.0179121034858352,0.0204755039290544,0.0309643339328779,TRUE,TRUE,FALSE,FALSE,FALSE,FALSE
"OFGB30328",-0.521934056312957,0.848545875931394,0.0898402329799858,0.132182106079655,-5.80958039622661,6.41952153054701,2.37676335275419e-06,4.34317276084892e-07,1.70973621827156e-05,4.84263762834655e-06,TRUE,TRUE,FALSE,FALSE,FALSE,FALSE
"OFGB3038",0.202781928975527,-0.553560340344236,0.149671540627642,0.228225759056144,1.35484627287972,-2.42549457446677,0.178122142753324,0.0168426042378655,0.256266050541879,0.0293429745706564,FALSE,TRUE,TRUE,FALSE,FALSE,FALSE
"OFGB3041",0.0156417307892624,-0.292140651911339,0.0754349613406683,0.127644016361287,0.207353864988721,-2.28871403642186,0.836870542197384,0.0279029589424575,0.957036568769316,0.0450895640881741,FALSE,TRUE,TRUE,FALSE,FALSE,FALSE
"OFGB3043",0.675068437193287,-2.12104912597351,0.0295473508896101,0.0855944764318649,22.8470037708411,-24.780210293849,2.17424161485379e-05,1.57409500018483e-05,0.000103160825555829,8.17063991108363e-05,TRUE,TRUE,FALSE,FALSE,FALSE,FALSE
"OFGB3047",-0.3129520185671,0.401227883765223,0.0956912206463309,0.149798771559787,-3.27043605937218,2.67844575484444,0.00178165661803374,0.00952914781086609,0.00456677500944281,0.0181623928360952,TRUE,TRUE,FALSE,FALSE,FALSE,FALSE
"OFGB3048",-0.228476905909884,0.546879660897175,0.114119169343274,0.165526313085492,-2.00209050963751,3.30388353792862,0.0528530779561789,0.0021634768281671,0.09036794140399,0.00487328618869962,FALSE,TRUE,TRUE,FALSE,FALSE,FALSE
"OFGB3054",-0.04436454001806,-0.0429393213315599,0.188195373183181,0.26030318921686,-0.235736613858607,-0.164958875305162,0.814401723335243,0.869504517045724,0.950845991119157,0.969497536505982,FALSE,FALSE,TRUE,TRUE,FALSE,FALSE
"OFGB3057",-0.149391124692353,0.102577632812611,0.177398709674235,0.260529319320568,-0.842120695052894,0.393727788795989,0.40148359896852,0.694517473348023,0.514545072241264,0.80247355728813,FALSE,FALSE,TRUE,TRUE,FALSE,FALSE
"OFGB3062",0.158304324458709,-0.00941032595908747,0.0654277215148002,0.11428086398909,2.41952983832549,-0.0823438468227353,0.0263478396173358,0.935282059726756,0.0506514502988439,1,FALSE,FALSE,TRUE,TRUE,FALSE,FALSE
"OFGB3069",0.643922678328563,-1.26462310845459,0.142189892008762,0.232909804057131,4.52861078401326,-5.42966885217244,2.93987560684348e-05,1.11705875261664e-06,0.000133794338842061,9.5809269935966e-06,TRUE,TRUE,FALSE,FALSE,FALSE,FALSE
"OFGB3070",-0.223011405455415,0.46842572730237,0.109957550991999,0.157895980290526,-2.02815907996752,2.96667290985163,0.0492398250539291,0.0050601538583488,0.0871466745002078,0.0106454180227527,FALSE,TRUE,TRUE,FALSE,FALSE,FALSE
"OFGB3071",0.533675144557855,-1.49614940582554,0.0405696930378728,0.0996279423616058,13.1545275449744,-15.0173673204569,0.000949036332087112,0.000640914048468756,0.00271327053917213,0.0017644917630683,TRUE,TRUE,FALSE,FALSE,FALSE,FALSE
"OFGB3072",-0.0652529294664264,0.169928181310212,0.156214112118237,0.220683208317137,-0.417714690315797,0.770009565322314,0.677646822937788,0.444315408899472,0.803804476144291,0.541433531063291,FALSE,FALSE,TRUE,TRUE,FALSE,FALSE
"OFGB31455",-0.0915817388370753,0.828105567725146,0.0869410938633454,0.139439076562078,-1.05337688735575,5.93883427904426,0.340387739596809,0.00193266999515375,0.449150685976854,0.00439781029509475,FALSE,TRUE,TRUE,FALSE,FALSE,FALSE
"OFGB3172",1.10022605359619,-1.53429783208773,0.0348155983454131,0.112331477335483,31.6015264962734,-13.6586633460316,3.78532402287057e-12,3.04230027660739e-08,2.11031814275034e-10,6.84674702438064e-07,TRUE,TRUE,FALSE,FALSE,FALSE,FALSE
"OFGB320",-2.7094239022953,3.89649633756022,0.0122520620650399,0.0823426739665106,-221.14023646896,47.3204979855883,0.00287878607371247,0.0134513594988964,0.0071329921604209,0.0241907513568864,TRUE,TRUE,FALSE,FALSE,FALSE,FALSE
"OFGB32970",-0.264820429345467,2.41582586443198,0.0598887568272747,0.0982812338776917,-4.42187220731992,24.5807441473355,0.0475267486163505,0.00165094807327223,0.0854714914632755,0.00400175456890985,FALSE,TRUE,TRUE,FALSE,FALSE,FALSE
"OFGB38642",-0.186568973676872,0.542225361224367,0.159452206064953,0.244178566562129,-1.17006204104114,2.22060997760179,0.247523088591866,0.0309376549962631,0.334531204581734,0.0492792647440477,FALSE,TRUE,FALSE,FALSE,FALSE,FALSE
"OFGB38703",-0.52102471202033,0.5800094177226,0.0202126472933192,0.0817653077300327,-25.7771633996969,7.09358814667019,0.00150158767988279,0.0192997581308601,0.00398635776921265,0.0328537867418459,TRUE,TRUE,FALSE,FALSE,FALSE,FALSE
"OFGB40183",-0.355768182936996,0.737624068881773,0.106520591644771,0.142988812726127,-3.33990055296936,5.15861384410945,0.00263196905647172,2.47373998870658e-05,0.00666528244362369,0.000117371067549269,TRUE,TRUE,FALSE,FALSE,FALSE,FALSE
"OFGB45503",-0.25205701012492,0.58983798860501,0.071063827554291,0.113415235381652,-3.54691013416571,5.20069448006833,0.00357752141580908,0.000170884088830781,0.00857835780349918,0.000609122675454936,TRUE,TRUE,FALSE,FALSE,FALSE,FALSE
"OFGB45555",1.09710587857832,-1.65233561625941,0.0704935892896347,0.132846682608288,15.5632007056795,-12.4379140210184,8.187379890865e-08,5.67071604398883e-07,1.0143253975905e-06,5.91311846174567e-06,TRUE,TRUE,FALSE,FALSE,FALSE,FALSE
"OFGB4559",0.609723330455303,-0.532336914462492,0.042558797756293,0.0888540409702823,14.3266107738005,-5.99113904836961,7.23741286183247e-06,0.000972042586584246,4.6112659091104e-05,0.00254860524215369,TRUE,TRUE,FALSE,FALSE,FALSE,FALSE
"OFGB45628",-0.22315754652187,0.271101759079627,0.144668438532842,0.197676662621983,-1.5425447926654,1.3714403889854,0.126450218287647,0.173647345226995,0.191825841347927,0.230496178485832,FALSE,FALSE,TRUE,TRUE,FALSE,FALSE
"OFGB4605",0.247714916367887,-0.261364114606269,0.0684176751959946,0.12365333204687,3.62062750098221,-2.11368436482732,0.00124697269688914,0.0442934463241735,0.00344402593065125,0.0676536885636349,TRUE,FALSE,FALSE,TRUE,FALSE,FALSE
"OFGB4616",-0.127569240755878,0.522819383658362,NA,0.081241111173832,NA,6.43540414581089,1,0.098139721832629,1,0.141194567539847,FALSE,FALSE,TRUE,TRUE,FALSE,FALSE
"OFGB4623",0.936563838022824,-1.21793671228389,0.0481675041423818,0.114745023856007,19.4438938595275,-10.6142878475696,1.16416942146557e-08,2.17388205528172e-06,1.99699831528324e-07,1.67164033906146e-05,TRUE,TRUE,FALSE,FALSE,FALSE,FALSE
"OFGB4648",1.28419067777492,-1.8896712845584,NA,0.0812644994517416,NA,-23.2533430625579,1,1,1,1,FALSE,FALSE,TRUE,TRUE,FALSE,FALSE
"OFGB4806",0.324764136343446,-0.41998820357444,0.223022240092029,0.318671259859723,1.45619619016217,-1.31793561728571,0.15135009304778,0.193301881641928,0.222046518089834,0.252083740386842,FALSE,FALSE,TRUE,TRUE,FALSE,FALSE
"OFGB72899",1.25703802733719,-1.92617382239763,0.0393137453049052,0.0880440399431341,31.9745172480513,-21.8773902656183,6.72251248793931e-05,0.000209038951500396,0.000267700050859012,0.000718134208423833,TRUE,TRUE,FALSE,FALSE,FALSE,FALSE
"OFGB72904",-0.561338486058773,0.376947755615037,NA,0.0812644994517416,NA,4.63852922442333,1,1,1,1,FALSE,FALSE,TRUE,TRUE,FALSE,FALSE
"OFGB72924",-0.376303548179623,0.971886193702351,0.132703385484741,0.16375233739573,-2.83567406215791,5.93509814369034,0.00990339633325353,6.84782709633589e-06,0.0204755039290544,4.01859326969185e-05,TRUE,TRUE,FALSE,FALSE,FALSE,FALSE
"OFGB72939",-0.163312659996263,0.217586561341214,0.0865817457143463,0.137786729473273,-1.88622507722436,1.57915469924423,0.0738713675854333,0.129986933848099,0.118513057349292,0.180044013963516,FALSE,FALSE,TRUE,TRUE,FALSE,FALSE
"OFGB73062",0.62041671086935,-0.93805206891602,0.120198087565759,0.170255112477063,5.16161881968321,-5.50968517343287,0.000424230382396436,0.000258257849308113,0.00137106340977399,0.000846933829348666,TRUE,TRUE,FALSE,FALSE,FALSE,FALSE
"OFGB73902",0.138346616809151,-0.122186559233184,NA,0.0812644994517416,NA,-1.50356625657608,1,1,1,1,FALSE,FALSE,TRUE,TRUE,FALSE,FALSE
"OFGB75721",0.0818835183932352,-0.308712152321606,0.161074647594713,0.235522089073865,0.508357582127175,-1.31075668331384,0.612897624637848,0.194482713871851,0.738790109698595,0.25214909996176,FALSE,FALSE,TRUE,TRUE,FALSE,FALSE
"OFGB77202",0.228793284641361,-0.584563273438703,0.0840149913585929,0.137388780724883,2.72324356572061,-4.25481083938923,0.00904419254897854,9.89643873634384e-05,0.0192081422706878,0.000377306897364663,TRUE,TRUE,FALSE,FALSE,FALSE,FALSE
"OFGB77220",-1.47515639473902,2.40875959597815,NA,0.0812181230476152,NA,29.6579076884845,1,0.0214573019661052,1,0.0354442839884552,FALSE,TRUE,FALSE,FALSE,FALSE,FALSE
"OFGB77241",-0.516479293469559,1.05752545812044,0.0811111780702039,0.134488344100637,-6.36754767662889,7.86332425454728,1.6940330550854e-06,5.75726391455673e-08,1.30265300442774e-05,9.87592194573962e-07,TRUE,TRUE,TRUE,FALSE,TRUE,FALSE
"OFGB77243",-0.120172963174254,-0.226712082493294,0.0284381708538943,0.0867434222310104,-4.22576275357729,-2.61359393787262,0.0516961403109781,0.120499100593507,0.0900643694480322,0.16900188322234,FALSE,FALSE,TRUE,TRUE,FALSE,FALSE
"OFGB77508",-0.449370865799082,0.653133006972355,0.0318646982075309,0.117058425412746,-14.1024673408919,5.57954717628757,7.93662342894895e-06,0.00140713653627609,4.91629729071005e-05,0.00352574660212998,TRUE,TRUE,TRUE,FALSE,TRUE,FALSE
"OFGB77566",0.563162052434855,-1.67532546511184,0.0790429979954687,0.136138826535288,7.1247557243102,-12.3060078285424,1.20560858342839e-05,3.65101770558576e-08,6.55733449035441e-05,7.40160862132387e-07,TRUE,TRUE,FALSE,FALSE,FALSE,FALSE
"OFGB78183",-0.343848748410179,0.544015417597669,0.0735427897661065,0.134231539232299,-4.6754923154771,4.05281367336632,0.000536405461223828,0.00160222259214163,0.00163860846373854,0.00392632569283058,TRUE,TRUE,FALSE,FALSE,FALSE,FALSE
"OFGB79211",-0.0951307358943645,0.189438283172362,0.0525442058842287,0.099148914808341,-1.81048955433768,1.91064404021521,0.144465037631848,0.128650402493342,0.214771355946014,0.179306498475096,FALSE,FALSE,TRUE,TRUE,FALSE,FALSE
"OFGB79237",-0.845568904120257,1.47156218276277,NA,0.0896995597897326,NA,16.405456015752,1,0.0387574146158659,1,0.0602576608021908,FALSE,FALSE,FALSE,TRUE,FALSE,FALSE
"OFGB79245",-0.162556749551323,0.269474750443992,0.12912095027531,0.180080507023008,-1.2589494516941,1.496412659531,0.216624049804191,0.143772157595864,0.300044491343693,0.197908587307887,FALSE,FALSE,TRUE,TRUE,FALSE,FALSE
"OFGB79266",-0.0558952492225328,0.104978178014172,0.022982630643772,0.0883320085053875,-2.4320648966997,1.1884500283696,0.0718206686499566,0.300393054094505,0.116058037021307,0.378461305441099,FALSE,FALSE,TRUE,TRUE,FALSE,FALSE
"OFGB79291",-0.0474362355686915,0.218869622578206,0.0826732651292538,0.136031347145867,-0.573779631112044,1.60896460389759,0.570540585910715,0.11845785392876,0.699068959659832,0.168255423096265,FALSE,FALSE,TRUE,TRUE,FALSE,FALSE
"OFGB79294",0.865415104301483,-1.46367471828152,0.0250620685697394,0.083937722842845,34.5308728963581,-17.4376271920306,3.92948758146132e-08,2.28085587667543e-06,5.47672331666171e-07,1.69543620166207e-05,TRUE,TRUE,FALSE,FALSE,FALSE,FALSE
"OFGB79326",0.508532346539598,-0.947755178769236,0.0535085013517802,0.096297328526722,9.5037673209414,-9.8419675111365,0.000684185400545175,0.000597735784272017,0.00204026034012193,0.00168398232186879,TRUE,TRUE,FALSE,FALSE,FALSE,FALSE
"OFGB79363",0.427750320660708,-0.285438921610725,0.0122520620650399,0.0917488825877855,34.9125166351592,-3.11108880631453,0.018229730201259,0.197988984294954,0.0356599108322874,0.255211234091183,TRUE,FALSE,FALSE,TRUE,FALSE,FALSE
"OFGB82363",-0.363750313963527,0.568021555524501,0.103488478908319,0.136509929372763,-3.51488704637136,4.16102739291166,0.00130147087925699,0.000212541963031269,0.0034967229647507,0.000718134208423833,TRUE,TRUE,FALSE,FALSE,FALSE,FALSE
"OFGB8287",-0.336602487927729,0.542478364947076,0.0122520620650399,0.0818225921106785,-27.4731295141079,6.62993375000007,0.000105847056582097,0.00698989553428461,0.000400065993522162,0.0137942186207564,TRUE,TRUE,FALSE,FALSE,FALSE,FALSE
"OFGB83839",-0.677186201259983,1.50887907690508,NA,0.0812644994517416,NA,18.5675059476755,1,1,1,1,FALSE,FALSE,FALSE,TRUE,FALSE,FALSE
"OFGB9115",-0.309613635430502,0.154498596133477,NA,0.10999161765373,NA,1.40463973009163,1,0.254762859715493,1,0.324640672666028,FALSE,FALSE,FALSE,TRUE,FALSE,FALSE
"OFGB9119",-2.98159067617087,4.26942357700271,0.0122520620650399,0.0904965895813973,-243.354192979364,47.1777289812957,1.68853992173248e-05,0.000448986592450929,8.27982377181755e-05,0.00135302716373726,TRUE,TRUE,TRUE,FALSE,TRUE,FALSE
"OFGB9120",-1.13330766715031,1.53360381947752,0.0122520620650399,0.086496020746765,-92.4993410198354,17.7303395721228,2.7853009675615e-06,0.000391172604065061,1.94100661176942e-05,0.00121154848203484,TRUE,TRUE,TRUE,FALSE,TRUE,FALSE
"OFGB9238",0.0633122003985755,-0.196006834593762,0.1017360258362,0.157284257102137,0.622318395850366,-1.24619487166144,0.53843419055329,0.222336837265667,0.667060136074354,0.284948935116344,FALSE,FALSE,FALSE,TRUE,FALSE,FALSE
"OFGB9272",-0.127929934627759,0.591648915834535,0.0772785441820315,0.115224129960895,-1.65543924231306,5.13476574772426,0.117314231118944,9.98255916794401e-05,0.179185435202223,0.000377306897364663,FALSE,TRUE,TRUE,FALSE,FALSE,FALSE
"OFGB9491",-0.32496033943175,0.609784470730935,0.119869415444208,0.165402258476647,-2.71095290009985,3.68667560133122,0.00881077996741934,0.000502050916430639,0.0192081422706878,0.00147312308373727,TRUE,TRUE,FALSE,FALSE,FALSE,FALSE
"OFGB9512",0.0866139753067824,-0.00317059756431049,0.0651825280240577,0.114991527536052,1.32879128705801,-0.0275724449639687,0.241327139478819,0.979069813168937,0.328146049413273,1,FALSE,FALSE,TRUE,TRUE,FALSE,FALSE
"OFGB9536",0.779266352866647,-1.25853739980561,0.023660345717566,0.0872348880889226,32.9355438068727,-14.4269962096212,4.84952945813068e-07,2.88618492583329e-05,4.30803468255264e-06,0.000134087341346005,TRUE,TRUE,FALSE,FALSE,FALSE,FALSE
"OFGB9718",-0.450973697901576,0.887150013979754,0.0642474559545513,0.117326522338912,-7.01932381915006,7.56137654380575,9.07573403828556e-06,4.12289712743869e-06,5.326022869836e-05,2.7041354688789e-05,TRUE,TRUE,FALSE,FALSE,FALSE,FALSE
"OFGB9989",-0.0621731874147309,0.31528765332792,0.0738695653752667,0.115028856611273,-0.841661746605429,2.74094399106651,0.409460048968235,0.0122435215632663,0.521769090970951,0.0221976041350275,FALSE,TRUE,TRUE,FALSE,FALSE,FALSE
"Candidatus_Borkfalkiales",0.00456202776674802,-0.0370526776317909,0.111966312256738,0.172668987728641,0.0407446460886138,-0.214587912509346,0.967655508641366,0.830927942519043,1,0.935843086776498,FALSE,FALSE,TRUE,TRUE,FALSE,FALSE
"Clostridia_unclassified",-0.369270061711767,0.46181525123386,0.202149925323016,0.282257820256159,-1.82671381709248,1.63614687740005,0.0702077004222593,0.104407407797186,0.114279687548641,0.149249050889567,FALSE,FALSE,TRUE,TRUE,FALSE,FALSE
"Eubacteriales",-0.257719644115863,0.252548359451029,0.0974342925997858,0.145525539262675,-2.64506096610619,1.73542294177778,0.00900877329926022,0.0846533909260515,0.0192081422706878,0.123383700500062,TRUE,FALSE,FALSE,FALSE,FALSE,FALSE
"Erysipelotrichales",-0.234817401152272,0.210738450784943,0.176727559236404,0.230983720332059,-1.32869713228011,0.912351963514954,0.185900691736245,0.36300030805012,0.264050027115812,0.452810544877146,FALSE,FALSE,TRUE,TRUE,FALSE,FALSE
"Firmicutes_unclassified",-0.260310909148314,0.367408024305166,0.201659586514678,0.265016244606742,-1.29084321577426,1.38636039028612,0.199198836252691,0.168165281465375,0.277633378027188,0.225908781727583,FALSE,FALSE,TRUE,TRUE,FALSE,FALSE
"Acidaminococcales",0.49619697074559,-0.990080000623758,0.179453480633753,0.309195709160583,2.76504511917648,-3.20211429619016,0.00659897407786781,0.00175017605525021,0.0150327566399713,0.00414418215278437,TRUE,TRUE,FALSE,FALSE,FALSE,FALSE
"Selenomonadales",0.427504825568161,-0.689008959740611,0.114885573567333,0.223592403740512,3.72113584233103,-3.08154010697176,0.0012630573817702,0.00565845642321511,0.00344402593065125,0.0114712343852452,TRUE,TRUE,FALSE,FALSE,FALSE,FALSE
"Veillonellales",0.0479905328273848,-0.233372786400891,0.232530313894116,0.36969363851399,0.206383985054256,-0.63125994631379,0.83682946861274,0.529032486245168,0.957036568769316,0.630878312474184,FALSE,FALSE,TRUE,TRUE,FALSE,FALSE
"Tissierellales",-0.0343368944930725,-0.0366594767995581,0.12510279861437,0.178244205437899,-0.274469435323476,-0.20566994988418,0.785892969304663,0.838650615677458,0.922390169236526,0.939794408522981,FALSE,FALSE,TRUE,TRUE,FALSE,FALSE
"Tissierellia_unclassified",0.116817871115094,0.206305628162317,0.0147505896203929,0.0903912521985665,7.9195390910741,2.28236276347976,0.000516815474360739,0.0713270205341603,0.0016006923719784,0.106751178383341,TRUE,FALSE,FALSE,TRUE,FALSE,FALSE
"Fusobacteriales",-0.03233505467223,0.00522784499704531,0.152513602563479,0.209696293050529,-0.212014234328846,0.0249305551423629,0.833579015061158,0.980281117612299,0.957036568769316,1,FALSE,FALSE,TRUE,TRUE,FALSE,FALSE
"OFGB2345",1.35611699409545,-1.58997428293841,0.0125818907734265,0.0817072982580169,107.783243275298,-19.4593912274221,4.44321241952982e-08,4.11174983123346e-05,5.82844923267735e-07,0.000183384042473012,TRUE,TRUE,FALSE,FALSE,FALSE,FALSE
"OFGB2378",-0.119183320301922,0.655084186262009,0.0425132381165513,0.0898922427257425,-2.80344018903424,7.28743845295577,0.0310230180245416,0.000340142089462552,0.0586282459277354,0.00106833360493168,FALSE,TRUE,TRUE,FALSE,FALSE,FALSE
"Victivallales",0.326873886923557,-0.412099532993902,0.100663043427782,0.168032983497546,3.24720846690934,-2.45249191210082,0.00320406842777119,0.0212112776441645,0.00776638325427148,0.0352993650346916,TRUE,TRUE,FALSE,FALSE,FALSE,FALSE
"Hyphomicrobiales",-0.108144428069748,0.441907735445345,0.0416453575950984,0.0913283342033789,-2.59679432029842,4.83867070717901,0.0355908830043834,0.00188062708680732,0.0661397242498124,0.0043685400037295,FALSE,TRUE,TRUE,FALSE,FALSE,FALSE
"Sphingomonadales",-0.638020370300565,1.35795728225954,0.012856824478249,0.0828250456393093,-49.6250354339018,16.3954909022718,0.000405820432421595,0.0036994398204466,0.00133085230044141,0.00802496896663075,TRUE,TRUE,FALSE,FALSE,FALSE,FALSE
"Burkholderiales",0.158839836782603,-0.472395132465006,0.159373487259868,0.226378450467295,0.996651573066259,-2.08674956246886,0.320828819823957,0.0389107764821322,0.428412136651152,0.0602576608021908,FALSE,FALSE,TRUE,TRUE,FALSE,FALSE
"OFGB10055",-0.438793506295798,0.482560650207634,0.0735147229972536,0.10793305248879,-5.9687840531235,4.4709256254728,0.00940981048637338,0.0208502953285916,0.0197961107402006,0.0349595177313979,TRUE,TRUE,FALSE,FALSE,FALSE,FALSE
"OFGB2394",0.739900217105057,-0.815423421161679,NA,0.0812644994517416,NA,-10.0341899188823,1,1,1,1,FALSE,FALSE,TRUE,TRUE,FALSE,FALSE
"OFGB2403",-0.372255643814911,0.501435992372342,0.0334732224154043,0.0937118946169573,-11.1209981278528,5.35082546801488,3.1506641128854e-05,0.00174324222883673,0.000140519619434689,0.00414418215278437,TRUE,TRUE,FALSE,FALSE,FALSE,FALSE
"OFGB2404",-0.0116223869465064,-0.0838440845247951,0.128950105310835,0.185511587230407,-0.0901308837126626,-0.451961442282631,0.928745003649826,0.654345530637589,1,0.763974101215614,FALSE,FALSE,TRUE,TRUE,FALSE,FALSE
"Desulfovibrionales",0.118594830917408,-0.37050961894007,0.168477197418616,0.236669427600471,0.703922149314577,-1.56551533798247,0.482759861810343,0.119931082054338,0.608222876744104,0.16900188322234,FALSE,FALSE,TRUE,TRUE,FALSE,FALSE
"Campylobacterales",-0.385957704420346,1.02055446386042,0.0403924211113676,0.091258828115727,-9.55520104517148,11.1830765848344,0.000212541929803383,9.97681941959847e-05,0.000718134096153853,0.000377306897364663,TRUE,TRUE,FALSE,FALSE,FALSE,FALSE
"Aeromonadales",-2.96460334273082,3.97496527501684,0.0122520620650399,0.0812785806091195,-241.967705272245,48.9054464931299,1.70794571077851e-05,0.000417843140204462,8.27982377181755e-05,0.00127642493514514,TRUE,TRUE,TRUE,FALSE,TRUE,FALSE
"Enterobacterales",0.0394406136671959,-0.218533037546019,0.267359870032461,0.381788675366754,0.147518824206517,-0.572392665487242,0.882952842085293,0.568052205768513,0.994436786793032,0.66671390466515,FALSE,FALSE,TRUE,TRUE,FALSE,FALSE
"Pasteurellales",-0.0266873518838111,-0.0170715632506374,0.0602967858116324,0.112128272801543,-0.442599908512247,-0.152250300696707,0.663052691195068,0.880594640608976,0.793345515816027,0.976978133610953,FALSE,FALSE,TRUE,TRUE,FALSE,FALSE
"Pseudomonadales",-0.323969637553265,0.491247439242924,0.0316291835817123,0.0920367526238047,-10.2427442275362,5.3375138217976,5.05079792020228e-05,0.00176545876463908,0.00020857924744539,0.00414418215278437,TRUE,TRUE,FALSE,FALSE,FALSE,FALSE
"Synergistales",0.3798153029383,-0.687647689431934,0.134273284584118,0.200554127824577,2.82867365697275,-3.42873864971461,0.00759182020123053,0.00153485437151689,0.0167621376720238,0.00380302805386962,TRUE,TRUE,FALSE,FALSE,FALSE,FALSE
"OFGB1787",0.058334484359996,0.000921185782862412,0.150965475709397,0.229977469991027,0.386409436236187,0.00400554794736351,0.702114347996322,0.996832446293584,0.828420632821057,1,FALSE,FALSE,TRUE,TRUE,FALSE,FALSE
"Puniceicoccales",1.6496652316599,-2.25416757505334,0.0432661727007058,0.105420726243372,38.1282911957911,-21.3825843871481,4.88320193139337e-13,2.60591096823537e-10,1.04921497003256e-10,1.93706048638829e-08,TRUE,TRUE,FALSE,FALSE,FALSE,FALSE
"Verrucomicrobiales",0.406601087200862,-0.889705941888755,0.274545171509842,0.389808506575648,1.48099886428447,-2.28241797416008,0.141249814612765,0.0242407144935323,0.211400729252661,0.0394575133726839,FALSE,TRUE,TRUE,FALSE,FALSE,FALSE
"Opalinata",-2.55767347778312,3.33339873671769,NA,0.0819682071525755,NA,40.6669714089623,1,0.000604119218607638,1,0.00168398232186879,FALSE,TRUE,FALSE,FALSE,FALSE,FALSE
"Thermoplasmata",-0.353655703738792,1.01603438611367,0.0727670482166181,0.110432110071204,-4.86010787033719,9.20053402455641,0.00125563095187295,1.57550455684572e-05,0.00354253400477968,8.15323608167661e-05,TRUE,TRUE,FALSE,FALSE,FALSE,FALSE
"Methanobacteria",0.793881837055218,-1.39011549819872,0.222452639043858,0.327519784137788,3.56876789804548,-4.24437107473757,0.000686186213045491,7.22109099641019e-05,0.00208883156030025,0.000298953167251382,TRUE,TRUE,FALSE,FALSE,FALSE,FALSE
"Actinomycetia",-0.104546090789157,0.0426006719345125,0.257046985265512,0.367841001411126,-0.406719770244214,0.115812733684081,0.684843910925539,0.907969315092007,0.805469827054469,1,FALSE,FALSE,TRUE,TRUE,FALSE,FALSE
"CFGB12107",-0.168140106062333,0.685635386478714,0.100654916199237,0.138717490607675,-1.67046094131673,4.94267437707511,0.107302756546668,4.32321379042523e-05,0.168270231857274,0.000186438594712088,FALSE,TRUE,TRUE,FALSE,FALSE,FALSE
"CFGB2992",-0.344879934498638,0.689823611084368,0.0488971607481523,0.119921242217905,-7.05316892068564,5.75230541584042,4.47113476428e-07,8.71102928062941e-06,4.20693134639073e-06,4.87346773267646e-05,TRUE,TRUE,TRUE,FALSE,TRUE,FALSE
"CFGB77988",0.516762163697446,-1.04193004515435,0.0680986969229865,0.120676875327642,7.58842954486864,-8.63404892051997,7.43515025453982e-07,1.27264794162283e-07,5.91952347188362e-06,1.88170088511376e-06,TRUE,TRUE,FALSE,FALSE,FALSE,FALSE
"Coriobacteriia",-0.21820856477762,0.205401539061316,0.182982705455242,0.265129696515238,-1.19250922776959,0.774720982828533,0.234932220803843,0.439715980874701,0.327005922570768,0.545037173898581,FALSE,FALSE,TRUE,TRUE,FALSE,FALSE
"Bacteria_unclassified",-0.155575674910088,0.0891504103669793,0.158283689857261,0.206740887369815,-0.98289138350505,0.431218088986474,0.327760682748751,0.667131327156676,0.440561437201244,0.78912105555104,FALSE,FALSE,TRUE,TRUE,FALSE,FALSE
"Bacteroidia",0.153086662658202,-0.497411991287669,0.096450140953247,0.164143750783457,1.58721035703212,-3.03034376218116,0.114502898589125,0.00286320136677403,0.178211278255254,0.00637293207443253,FALSE,TRUE,TRUE,FALSE,FALSE,FALSE
"CFGB11479",0.880962321666171,-1.84978840549383,0.0991569964599943,0.152403741532631,8.88452003506986,-12.1374212134929,0.00011321471042783,1.90112925690738e-05,0.000418490090331442,9.36985133761493e-05,TRUE,TRUE,FALSE,FALSE,FALSE,FALSE
"CFGB1670",0.501685717118297,-0.818837982410717,0.0558137363836457,0.112221949572319,8.98857072871579,-7.29659380835327,6.1087013156564e-07,6.03346396105159e-06,5.0580046893635e-06,3.67331482334611e-05,TRUE,TRUE,FALSE,FALSE,FALSE,FALSE
"CFGB33839",0.31304836934079,-0.764414014193556,0.0210811563420016,0.0820159931296149,14.8496773261474,-9.32030430925229,0.0428063207433257,0.0680443069372302,0.0791152535166822,0.103567437764755,FALSE,FALSE,TRUE,TRUE,FALSE,FALSE
"CFGB4405",1.62439523943332,-2.45834709316469,0.170729512857656,0.226071069576906,9.51443726538154,-10.8742224193724,5.91532312662473e-10,3.59984429259693e-11,2.04078647868553e-08,3.72583884283783e-09,TRUE,TRUE,FALSE,FALSE,FALSE,FALSE
"CFGB4425",-1.54800984516693,2.30997911416493,NA,0.0812644994517416,NA,28.4254395184787,1,1,1,1,FALSE,FALSE,FALSE,TRUE,FALSE,FALSE
"CFGB529",0.116734400940724,0.0587313587419574,0.0443675550559453,0.0912654415995842,2.63107581189741,0.643522429876951,0.0338596360234912,0.540386772678602,0.0637176786987517,0.650349197351574,FALSE,FALSE,TRUE,TRUE,FALSE,FALSE
"CFGB602",0.10907098535911,-0.114188500997909,0.0519136420832419,0.098781925199284,2.10100815473934,-1.15596553486423,0.0619721388156247,0.274566061952671,0.105403074859863,0.355219842651268,FALSE,FALSE,TRUE,TRUE,FALSE,FALSE
"CFGB618",-0.27279473975276,0.490909327704173,0.0418223059691382,0.103469008290237,-6.52270919623759,4.7445059715576,0.00126641312248163,0.00512949287062264,0.00354253400477968,0.0108347451450907,TRUE,TRUE,TRUE,FALSE,TRUE,FALSE
"CFGB629",1.25013349277523,-1.353684295954,0.129690418853944,0.178100109436505,9.63936660720567,-7.60069322942559,2.22345231675985e-06,1.83855522856942e-05,1.64376653417603e-05,9.28246176375291e-05,TRUE,TRUE,FALSE,FALSE,FALSE,FALSE
"CFGB658",-2.42646468310945,4.48025975157363,0.0214701033467841,0.135138946307635,-113.015975932547,33.152987158673,1.11958232632882e-12,5.88217912739577e-09,1.15876770775033e-10,2.02935179895154e-07,TRUE,TRUE,TRUE,FALSE,TRUE,FALSE
"CFGB667",-0.178416717875426,0.400740035111791,0.088649949666438,0.12315208325008,-2.01259807305872,3.25402562860445,0.0653480490862044,0.00627939095096828,0.109399933105759,0.0127434698710827,FALSE,TRUE,TRUE,FALSE,FALSE,FALSE
"CFGB668",0.922242908179097,-1.41941103400905,0.0261345525386952,0.0831059704845873,35.2882608880949,-17.079531419133,0.0180357270980337,0.0372313380837345,0.0358980337432017,0.0592837460256388,TRUE,FALSE,FALSE,TRUE,FALSE,FALSE
"Candidatus_Melainabacteria_unclassified",0.679345498553784,-0.821454493891792,0.0552868090658571,0.159400191939747,12.2876597516155,-5.15340969101404,6.99748348489594e-10,7.95929911840402e-05,2.06925583053351e-08,0.000316841330290314,TRUE,TRUE,FALSE,FALSE,FALSE,FALSE
"CFGB2106",-0.250027286127171,0.59232271018614,0.102694350351329,0.14698161953236,-2.43467420818964,4.02991008039433,0.0262174801710281,0.000869036535718162,0.050971988792416,0.00224863203617074,FALSE,TRUE,TRUE,FALSE,FALSE,FALSE
"CFGB2107",0.816907737930666,-1.4739677244746,0.0702315769132166,0.140497954042455,11.6316302984354,-10.4910262538713,3.22793112564144e-09,1.40417584612045e-08,6.68181743007779e-08,4.15234857352763e-07,TRUE,TRUE,FALSE,FALSE,FALSE,FALSE
"Candidatus_Nanosyncoccalia",0.398176303641536,-1.19065540528668,0.0387857232391715,0.09174080851059,10.2660533409726,-12.9784708094134,4.98559523981239e-05,1.28837729234995e-05,0.000206403642928233,7.01826577674843e-05,TRUE,TRUE,FALSE,FALSE,FALSE,FALSE
"Candidatus_Saccharibacteria_unclassified",0.022292129154731,-0.227249379925966,0.111658684506979,0.155658409504121,0.199645278404992,-1.45992356371821,0.84282254040297,0.15252965513196,0.958594867381399,0.213335396029161,FALSE,FALSE,TRUE,TRUE,FALSE,FALSE
"Candidatus_Saccharimonadia",-0.15121575085328,0.0464164304868524,0.0634644365422532,0.124373807575125,-2.38268484039252,0.373201009053421,0.0277867726282382,0.713130087319591,0.05325798087079,0.833999593644945,FALSE,FALSE,TRUE,TRUE,FALSE,FALSE
"Bacilli",-0.169460369147405,0.0996633596765709,0.272633126985494,0.370463884537514,-0.621569253234664,0.269023145943067,0.535150179747952,0.788274306931415,0.667325826553169,0.911579785110631,FALSE,FALSE,TRUE,TRUE,FALSE,FALSE
"CFGB10021",0.306035063540847,-0.104139728457181,0.0372386697306699,0.104198834100303,8.21820612160042,-0.999432760993616,0.000434388251484501,0.363466760237709,0.00140497450089518,0.461580486927643,TRUE,FALSE,TRUE,TRUE,TRUE,FALSE
"CFGB1011",-0.126202314793028,0.142161338223193,0.124362805362639,0.189602801763715,-1.01479147583576,0.749785007925971,0.312630072665261,0.455127157285352,0.425752796327034,0.557463441171999,FALSE,FALSE,TRUE,TRUE,FALSE,FALSE
"CFGB1012",0.155715238582916,-0.0592093331815885,0.0363456402296613,0.0863071387853848,4.28428932876077,-0.686030541793549,0.0503976120803977,0.563545575225423,0.089165005988396,0.674300196946026,FALSE,FALSE,TRUE,TRUE,FALSE,FALSE
"CFGB10290",-1.5530398685773,2.32467198994835,NA,0.0822313831307873,NA,28.2698879848708,1,0.0225099739925972,1,0.037276516931741,FALSE,TRUE,FALSE,FALSE,FALSE,FALSE
"CFGB10309",-2.55636768713142,5.79144544525429,NA,0.0812644994517416,NA,71.2666106888839,1,1,1,1,FALSE,FALSE,FALSE,TRUE,FALSE,FALSE
"CFGB10318",0.816611612304146,-0.954513153616854,NA,0.0812644994517416,NA,-11.7457581115563,1,1,1,1,FALSE,FALSE,TRUE,TRUE,FALSE,FALSE
"CFGB10477",-0.206083860872833,0.573015547436321,0.11078870009504,0.161716285743749,-1.86015235033937,3.54333853761832,0.0769284361519383,0.00192499065840499,0.124407705339463,0.0043962932856794,FALSE,TRUE,TRUE,FALSE,FALSE,FALSE
"CFGB1126",-0.279208356884321,0.499279710104686,0.161623499064057,0.20625757757208,-1.72752327787224,2.420661175128,0.0890524968153631,0.0184345830232668,0.140716540769314,0.0320668797127414,FALSE,TRUE,TRUE,FALSE,FALSE,FALSE
"CFGB11739",-0.513254823814188,0.872636139916709,0.0265248354830412,0.0833000849868949,-19.3499719967101,10.4758133206466,0.00266013514566147,0.00898953918990674,0.00688309968939906,0.017722234402959,TRUE,TRUE,FALSE,FALSE,FALSE,FALSE
"CFGB11916",0.57795113732448,-0.665892152472387,0.0544823617095934,0.105095198813382,10.6080411933155,-6.33608537774225,1.88578038929061e-07,3.74094966612089e-05,2.05450810833241e-06,0.00016834273497544,TRUE,TRUE,FALSE,FALSE,FALSE,FALSE
"CFGB1201",0.142454435127725,0.50036373827105,0.0399184328763373,0.0923260726036808,3.56863796655125,5.41952802886909,0.0160668403372097,0.00289620270802292,0.0326062348019843,0.00637780809107174,TRUE,TRUE,FALSE,FALSE,FALSE,FALSE
"CFGB1211",-0.0717930961861183,0.256965469118506,0.0766500599265301,0.121901630413535,-0.936634573474994,2.10797401352866,0.35642595531673,0.0434951785059373,0.472949825324123,0.06769550338894,FALSE,FALSE,TRUE,TRUE,FALSE,FALSE
"CFGB1217",-0.204480621785698,0.337731203150873,0.0715154977992876,0.114589654193512,-2.85924908695434,2.94730973339472,0.00678500867875026,0.00538828698849856,0.0156055199611256,0.0112664182486788,TRUE,TRUE,FALSE,FALSE,FALSE,FALSE
"CFGB1226",0.158139822840518,0.00803582560802719,0.0844034447349331,0.130940802715891,1.87361811282883,0.0613699125204153,0.0688979403023272,0.951394926759275,0.114094989140654,1,FALSE,FALSE,TRUE,TRUE,FALSE,FALSE
"CFGB1227",0.0341339451103375,-0.21565003730282,0.181742652606269,0.262899501114723,0.187814718343998,-0.820275566855166,0.851454293027266,0.414275398757444,0.963120429817727,0.522431594476626,FALSE,FALSE,TRUE,TRUE,FALSE,FALSE
"CFGB1249",0.236421230718541,-0.538422470198142,0.116323153057959,0.17665607088013,2.03245204848206,-3.04785715835086,0.0481707210546206,0.00389005866255176,0.0867072978983171,0.00838793899112723,FALSE,TRUE,TRUE,FALSE,FALSE,FALSE
"CFGB1258",0.12159732646077,-0.0142866608338644,0.0836013096079716,0.116896800074201,1.45449068957139,-0.122216012968668,0.196044460952117,0.906718652821402,0.279870368393712,1,FALSE,FALSE,TRUE,TRUE,FALSE,FALSE
"CFGB1260",0.30459450908274,-0.563222222220467,0.0654909026879165,0.117434615837592,4.65094381939158,-4.79604942889569,0.000123065839281164,8.642962592574e-05,0.000446923311073699,0.000337564765408079,TRUE,TRUE,FALSE,FALSE,FALSE,FALSE
"CFGB1262",0.283019803046257,-0.540227503397394,0.0609483416674872,0.111214092208702,4.64360137295145,-4.85754541235311,4.21815222976192e-05,2.18884123467166e-05,0.000181907814908483,0.000105369798971403,TRUE,TRUE,FALSE,FALSE,FALSE,FALSE
"CFGB1292",-0.197262599161909,0.0531741751267969,0.146359348612086,0.192376269850822,-1.34779637264401,0.276407142980945,0.180284146244657,0.782714859385829,0.260970757151357,0.910235819622846,FALSE,FALSE,TRUE,TRUE,FALSE,FALSE
"CFGB1298",-0.003201163600266,0.225027936794068,NA,0.082360991342572,NA,2.73221501011429,1,0.0718067443774613,1,0.108496321796602,FALSE,FALSE,FALSE,TRUE,FALSE,FALSE
"CFGB1303",-0.040702591790286,-0.0774329414214188,0.0617799292501723,0.105244240408012,-0.658831958603651,-0.735745168773376,0.545998328532056,0.502698713111466,0.672747940512712,0.608530021134933,FALSE,FALSE,TRUE,TRUE,FALSE,FALSE
"CFGB1311",0.406756427721385,-0.782206446130908,0.0412064490879967,0.0881602524155241,9.87118367934965,-8.87255225227972,0.000181907878768814,0.000302480568079931,0.000617293949264663,0.000934529516306653,TRUE,TRUE,FALSE,FALSE,FALSE,FALSE
"CFGB1320",-1.30358444869467,5.1660238145118,0.0136567540156756,0.081187639751451,-95.453461869371,63.6306687856321,0.00666918172595928,0.01000409678015,0.0155220578335735,0.0191745188286209,TRUE,TRUE,TRUE,FALSE,TRUE,FALSE
"CFGB1325",-0.478126200008386,0.789343537978729,0.0693047311313719,0.11825691520915,-6.89889697576439,6.67481928293743,3.57946181002299e-06,5.33677080484663e-06,2.39015675701535e-05,3.34761077758562e-05,TRUE,TRUE,FALSE,FALSE,FALSE,FALSE
"CFGB1354",0.526100514280812,-0.709529866753983,0.180046295278483,0.254368069650335,2.92202910072144,-2.78938259715275,0.00667373501057024,0.00923314875282007,0.0155220578335735,0.0180307716210732,TRUE,TRUE,FALSE,FALSE,FALSE,FALSE
"CFGB1359",-0.331515112151422,0.876951181722477,0.0749405186440294,0.110987787271128,-4.42370987217386,7.90133043719672,0.000830178386568759,4.26830404159995e-06,0.00249053515970628,2.76105917690997e-05,TRUE,TRUE,FALSE,FALSE,FALSE,FALSE
"CFGB1374",-0.48044133286707,0.864943954287584,0.0888075522404128,0.125760025884156,-5.40991526899038,6.87773358987956,1.47756910391659e-05,4.10696966135429e-07,7.30507844511767e-05,4.99464867497626e-06,TRUE,TRUE,FALSE,FALSE,FALSE,FALSE
"CFGB1380",-0.509233751004724,0.607249330196618,0.0855816813886881,0.145558291760876,-5.95026578984732,4.17186353900202,9.98059294727093e-06,0.000517494561678874,5.58373713536509e-05,0.00146741608585653,TRUE,TRUE,TRUE,FALSE,TRUE,FALSE
"CFGB1470",0.393201317416902,-0.585297545380182,0.0280365627565577,0.083613984378095,14.0245907043271,-6.99999587070888,0.0453164139882154,0.0903345231775309,0.083013253943014,0.133566044983921,FALSE,FALSE,TRUE,TRUE,FALSE,FALSE
"CFGB1473",-0.475810993750938,0.803868985213609,0.0671154022883292,0.103656060214997,-7.08944560455503,7.75515665505975,8.17769787061187e-06,3.13743146474721e-06,4.83652416919045e-05,2.31945826143811e-05,TRUE,TRUE,FALSE,FALSE,FALSE,FALSE
"CFGB1474",-0.147994043793987,1.35618977215255,0.0690227953158752,0.104133750207732,-2.14413286388516,13.0235372244555,0.165227011121671,0.00584415770882123,0.244299937872757,0.0119776301557029,FALSE,TRUE,TRUE,FALSE,FALSE,FALSE
"CFGB14936",0.249623741828281,-0.38920119051733,0.207613337443719,0.278817025603432,1.2023492560826,-1.39590180934969,0.235381074700698,0.169445308486091,0.327005922570768,0.230757755635664,FALSE,FALSE,TRUE,TRUE,FALSE,FALSE
"CFGB1538",-0.0593697749081963,0.0860045740939775,0.0646964885475069,0.103775094437976,-0.917666108951195,0.82875929489402,0.389316688649742,0.434585499326822,0.510054142724662,0.541922881690676,FALSE,FALSE,TRUE,TRUE,FALSE,FALSE
"CFGB1695",-2.79482059291826,5.48532128391627,NA,0.0812644994517416,NA,67.4996009441207,1,1,1,1,FALSE,FALSE,FALSE,TRUE,FALSE,FALSE
"CFGB1765",-0.409173711242185,0.808153157368537,0.21818634557216,0.307237616181608,-1.87534059553172,2.63038480578119,0.0655342594449957,0.0107821506111646,0.109399933105759,0.0202900470591915,FALSE,TRUE,TRUE,FALSE,FALSE,FALSE
"CFGB1776",-0.244139780758767,0.788296951307606,0.102192904507156,0.141968729083858,-2.38900911894203,5.55260976409795,0.0359242907870986,0.000172083984545565,0.0669939476840486,0.000593689746682199,FALSE,TRUE,TRUE,FALSE,FALSE,FALSE
"CFGB1779",1.11659939597489,-2.39439230797487,0.0393310201725713,0.0943323232406843,28.3897898166799,-25.3825224029063,9.59506200083925e-05,0.000134105014050127,0.000367810710032171,0.000478616170834076,TRUE,TRUE,FALSE,FALSE,FALSE,FALSE
"CFGB1780",0.204598006953294,-0.179357874784892,0.0272836652456877,0.0844236383412469,7.49891941243602,-2.12449828399853,0.0173221891229291,0.167566765972731,0.0348125548392846,0.230531213664455,TRUE,FALSE,FALSE,TRUE,FALSE,FALSE
"CFGB1785",0.849246129365817,-1.17965736303322,NA,0.0918292462061197,NA,-12.8462054494639,1,0.0494572910482334,1,0.0758345129406245,FALSE,FALSE,TRUE,TRUE,FALSE,FALSE
"CFGB1798",-2.07749386883834,2.58930983729573,0.050516662994268,0.108278723608681,-41.1249228610779,23.913376063182,1.31056501649014e-09,5.68653966078883e-08,3.01429953792732e-08,9.93128025261036e-07,TRUE,TRUE,TRUE,FALSE,TRUE,FALSE
"CFGB1814",0.515918292051562,-1.11810003094738,0.0616000302414555,0.107136731873929,8.3752928371837,-10.4361969176275,3.91846553992375e-08,9.12603281495222e-10,5.42269286241662e-07,4.72272198173778e-08,TRUE,TRUE,FALSE,FALSE,FALSE,FALSE
"CFGB24517",-1.39223903291597,2.1593133093177,0.0370837512708833,0.0894941276202361,-37.5431013638878,24.1279888048146,2.38385592126292e-08,3.33032091649688e-07,3.7958321207802e-07,4.30860268571784e-06,TRUE,TRUE,FALSE,FALSE,FALSE,FALSE
"CFGB2831",1.05296738671931,-1.18225868971165,0.0909742919028422,0.131890492187068,11.5743400107345,-8.96394175278977,8.44697635971199e-05,0.000288121425271111,0.00032991020876611,0.000903653561077577,TRUE,TRUE,FALSE,FALSE,FALSE,FALSE
"CFGB2833",-0.340005692087972,0.700287097988176,0.102255370381059,0.152360554428949,-3.3250644031793,4.59624934165454,0.0159039211471849,0.00370660001597743,0.0325951651234384,0.00807648635060346,TRUE,TRUE,FALSE,FALSE,FALSE,FALSE
"CFGB2834",-0.290733055614,0.696152513732209,0.166543843212981,0.201688213348806,-1.74568479990102,3.45162715348299,0.0859846807635138,0.00102683428139445,0.136914068600364,0.00253041305057917,FALSE,TRUE,TRUE,FALSE,FALSE,FALSE
"CFGB28369",0.761482019065019,-1.2734332002552,NA,0.0812644994517416,NA,-15.6702275759592,1,1,1,1,FALSE,FALSE,TRUE,TRUE,FALSE,FALSE
"CFGB2837",-0.0322003127081907,0.714285630838077,0.0231226256611005,0.0824093873606224,-1.39258893778494,8.66752749553121,0.396462618582887,0.0731255188249258,0.516149446834324,0.109688278237389,FALSE,FALSE,TRUE,TRUE,FALSE,FALSE
"CFGB2838",0.6089331350641,-0.814585084492658,0.0603229194793294,0.118141917350923,10.0945567674781,-6.89497091936517,5.4892039463528e-05,0.000459628739257641,0.000222797101351967,0.00134004435248355,TRUE,TRUE,FALSE,FALSE,FALSE,FALSE
"CFGB2839",-1.08007919211978,2.16233400633505,0.0580357298078139,0.101495444880787,-18.6105903328257,21.3047394282064,3.20932530326228e-07,1.26403752734419e-07,3.16347779892996e-06,1.88170088511376e-06,TRUE,TRUE,FALSE,FALSE,FALSE,FALSE
"CFGB2840",-0.240590937789704,0.601075227500215,0.0863778461732213,0.138335014083913,-2.78533152247423,4.34506933389696,0.00891015829310493,0.000131639700298748,0.019414765964976,0.000478059964242823,TRUE,TRUE,FALSE,FALSE,FALSE,FALSE
"CFGB2844",0.45432983742425,-1.00424161540619,0.0927204834222542,0.126924722874267,4.89999426939145,-7.91210406187773,0.000160204127707497,6.39816917006859e-07,0.000562072109075456,6.30676675335332e-06,TRUE,TRUE,FALSE,FALSE,FALSE,FALSE
"CFGB2845",-0.461920915912349,1.11415983177812,0.0911035850147469,0.129535313022249,-5.07028253429959,8.60120538394617,0.000170799745419135,5.8335697828881e-07,0.000589259121696016,6.03774472528918e-06,TRUE,TRUE,FALSE,FALSE,FALSE,FALSE
"CFGB2846",1.67291214963602,-3.10745426209725,0.075913934322147,0.118889829147078,22.0369575700935,-26.1372590438585,1.00086203555711e-07,3.07029014546217e-08,1.15099134089067e-06,7.06166733456299e-07,TRUE,TRUE,FALSE,FALSE,FALSE,FALSE
"CFGB2875",0.384364686288175,-0.636374511756755,0.105360290838533,0.172176607776286,3.6480981898315,-3.6960567406672,0.000902437965003501,0.000790143787515818,0.00266863798222464,0.00207037675969335,TRUE,TRUE,FALSE,FALSE,FALSE,FALSE
"CFGB28775",0.061229849949929,-0.228325559383249,0.0812942967268228,0.159836706874014,0.753187522559949,-1.42849264007434,0.457408665584917,0.163832791433659,0.584466628247393,0.227606629709849,FALSE,FALSE,TRUE,TRUE,FALSE,FALSE
"CFGB2880",0.310783415157206,-1.15723657444868,0.0252855298523561,0.090240517906828,12.2909591759355,-12.8239132630368,5.41310383220254e-06,4.06711039697165e-06,3.50160154145602e-05,2.7530313076768e-05,TRUE,TRUE,FALSE,FALSE,FALSE,FALSE
"CFGB2881",-0.0602877083196021,0.149010642354101,0.0656049344175367,0.110177902873239,-0.918950820618255,1.35245487950101,0.366568544085289,0.187876419429677,0.483310118634744,0.252535187155475,FALSE,FALSE,TRUE,TRUE,FALSE,FALSE
"CFGB2889",2.4435066064116,-3.57804239336361,NA,0.0909015732854596,NA,-39.361721299668,1,0.0161700972168128,1,0.029106174990263,FALSE,TRUE,TRUE,FALSE,FALSE,FALSE
"CFGB2890",-0.172672378617763,0.129247379553785,0.125212083749294,0.175136243167089,-1.3790392544181,0.737981911776404,0.177446038266182,0.465903306409869,0.259656926408015,0.567305790746134,FALSE,FALSE,TRUE,TRUE,FALSE,FALSE
"CFGB2897",-0.744296824942397,2.18667249108407,0.0572075688645288,0.0980453828098633,-13.0104606735682,22.3026564680218,4.78340235447789e-05,3.36675347369525e-06,0.000202074344362637,2.4031654105342e-05,TRUE,TRUE,FALSE,FALSE,FALSE,FALSE
"CFGB2898",-0.241890278081577,0.397238035075178,0.125272164853305,0.162628464361182,-1.93091800053773,2.44261074858919,0.0621216189995325,0.020102281185922,0.105403074859863,0.0343898529378996,FALSE,TRUE,TRUE,FALSE,FALSE,FALSE
"CFGB2906",-0.171877233613102,-0.00889107577481601,0.0491344691109568,0.103808041467426,-3.49809892572492,-0.0856492006701228,0.00498694942444602,0.933284356064956,0.0120034712890736,1,TRUE,FALSE,FALSE,TRUE,FALSE,FALSE
"CFGB2915",-0.324253424868727,0.386752893837305,0.0941016781804182,0.142054373452927,-3.44577728196351,2.72256942490732,0.00165660838814214,0.0105370545641604,0.00445347969279771,0.0200107366493688,TRUE,TRUE,FALSE,FALSE,FALSE,FALSE
"CFGB2917",0.0663500903353373,-0.265304456427484,0.0396995417211839,0.0937125506882057,1.67130620301172,-2.83104508925584,0.145694714313652,0.0299166670512202,0.218542071470478,0.0483808599968951,FALSE,TRUE,TRUE,FALSE,FALSE,FALSE
"CFGB2918",0.38765862277795,-0.686331789134358,0.0761881151970241,0.123232866456082,5.08817709659121,-5.5693891481373,2.66327783560684e-05,7.529429139272e-06,0.000122510780437915,4.3294217550814e-05,TRUE,TRUE,FALSE,FALSE,FALSE,FALSE
"CFGB2930",0.542471257227086,-0.511484946638063,0.021905626211621,0.0850771094376178,24.7640150519551,-6.01201604073191,2.85283384241546e-07,0.000954460346450952,2.9526830269e-06,0.00243917644093021,TRUE,TRUE,FALSE,FALSE,FALSE,FALSE
"CFGB2932",0.623255357767417,-0.481609736036787,0.0247738986845342,0.0886814450955812,25.1577422554206,-5.43078358181586,1.48218982944416e-05,0.00557697536975438,7.30507844511767e-05,0.0115443390153916,TRUE,TRUE,FALSE,FALSE,FALSE,FALSE
"CFGB2936",-0.7690105905737,1.6935423558062,NA,0.0812644994517416,NA,20.8398792490182,1,1,1,1,FALSE,FALSE,FALSE,TRUE,FALSE,FALSE
"CFGB2937",-0.640285691111629,1.52332387369545,0.0460191751916904,0.0923812358714963,-13.913454303441,16.489537721864,0.00015473951539921,7.92033363192829e-05,0.000552259994614421,0.000316841330290314,TRUE,TRUE,FALSE,FALSE,FALSE,FALSE
"CFGB2945",-1.35321285316551,2.94599000198739,NA,0.0812644994517416,NA,36.2518691662753,1,1,1,1,FALSE,FALSE,FALSE,TRUE,FALSE,FALSE
"CFGB2949",1.3718943363604,-1.9950615851437,0.0313754587974923,0.0981457318744298,43.7250765069306,-20.3275430020353,8.54521641144535e-10,1.74775185526795e-07,2.21107474646148e-08,2.41189756026977e-06,TRUE,TRUE,FALSE,FALSE,FALSE,FALSE
"CFGB2950",-0.324359510748745,1.17827315399066,0.0453523022474267,0.0906385252952582,-7.15199658396942,12.9996946679394,0.00562908272854743,0.000982870183072723,0.0133933347679232,0.0024512545529645,TRUE,TRUE,FALSE,FALSE,FALSE,FALSE
"CFGB2952",1.25501079333266,-1.45259900886959,0.0284480559945733,0.113574437640324,44.1158718744108,-12.7898410861587,7.69210769841425e-11,1.31709084662601e-06,3.1845325871435e-09,1.13599085521493e-05,TRUE,TRUE,FALSE,FALSE,FALSE,FALSE
"CFGB2954",2.50912662736832,-4.77538420742065,NA,0.0812644994517416,NA,-58.7634728526997,1,1,1,1,FALSE,FALSE,TRUE,TRUE,FALSE,FALSE
"CFGB2957",0.357677124985675,-0.658833675448741,0.0706401261380947,0.116545204810463,5.06337041763558,-5.65303116949511,0.000489557952813632,0.000211566113434076,0.00155905378819111,0.000698352164245598,TRUE,TRUE,FALSE,FALSE,FALSE,FALSE
"CFGB2959",-0.153490940400113,0.610407742138976,0.0735692303112231,0.115394799581109,-2.08634696531136,5.28973354392742,0.0523229061007007,6.00411072701532e-05,0.0910154753180256,0.000253643044998402,FALSE,TRUE,TRUE,FALSE,FALSE,FALSE
"CFGB2960",0.249588804608347,-0.0231072432900739,0.0308059042625131,0.0854997462571681,8.1019794933293,-0.270260957507071,0.0148946234919906,0.812293476218403,0.0308318706284206,0.934137497651163,TRUE,FALSE,FALSE,TRUE,FALSE,FALSE
"CFGB2964",0.650588207952137,-1.26422638689841,0.0122520620650399,0.0824407208398698,53.1003029937735,-15.3349749252436,1.47104357487049e-05,0.000602299827114993,7.30507844511767e-05,0.00162406075651664,TRUE,TRUE,FALSE,FALSE,FALSE,FALSE
"CFGB2979",0.0421436957507765,-0.430714647983652,0.07470269739476,0.134773592115293,0.564152262508966,-3.19583860030379,0.583041206840204,0.00769171340764731,0.709938410681895,0.0153094680325288,FALSE,TRUE,TRUE,FALSE,FALSE,FALSE
"CFGB2982",0.53214619463307,-0.657175154628423,0.168189160834363,0.261963732438071,3.16397437262405,-2.50864937872184,0.00305890402385541,0.0165048160882594,0.00772186747485451,0.0294525597437043,TRUE,TRUE,FALSE,FALSE,FALSE,FALSE
"CFGB2983",-0.130829214162859,0.10055829154048,0.0688949933655671,0.119802164208789,-1.89896548024411,0.839369574035643,0.0799871639509777,0.416430981104557,0.128351495642266,0.522431594476626,FALSE,FALSE,TRUE,TRUE,FALSE,FALSE
"CFGB2984",1.56076346323516,-2.29108344174493,0.128760375610286,0.181567923330565,12.1214578307776,-12.6183270685635,3.76643224774915e-09,2.16891198673267e-09,7.08774068440067e-08,8.97929562507325e-08,TRUE,TRUE,FALSE,FALSE,FALSE,FALSE
"CFGB2985",0.551714721031859,-0.979378408737742,0.0883704990018895,0.127599196748652,6.24320024514134,-7.67542769620208,1.17439351428143e-05,9.45071990343069e-07,6.39735414358566e-05,8.89226827277343e-06,TRUE,TRUE,FALSE,FALSE,FALSE,FALSE
"CFGB2997",-0.000567764938380051,1.81583594897512,0.0334215574977861,0.0851254735380216,-0.0169879856262731,21.3312874925044,0.987512844334088,0.000225420898848794,1,0.000729095719714068,FALSE,TRUE,TRUE,FALSE,FALSE,FALSE
"CFGB3002",1.68881444304503,-2.61900903353423,0.155150315088954,0.227424721397692,10.8850210331623,-11.5159381857807,5.6374654029619e-11,1.72728042318108e-11,2.91738834603278e-09,3.57547047598483e-09,TRUE,TRUE,FALSE,FALSE,FALSE,FALSE
"CFGB3004",-0.371623071626842,0.491250033856004,0.126345769176697,0.192037055395831,-2.94131789333696,2.5581002210403,0.004144246175572,0.0121773069590394,0.0100924583334518,0.0226286514606796,TRUE,TRUE,FALSE,FALSE,FALSE,FALSE
"CFGB3009",0.0844793624962318,-0.447723555452897,0.12864218038354,0.179671738015762,0.656700331449301,-2.49189750373328,0.513557955641102,0.0151131294048213,0.644281798895201,0.0274422612877018,FALSE,TRUE,TRUE,FALSE,FALSE,FALSE
"CFGB3012",-0.111694039560714,0.0450619355129303,0.25737557480211,0.373585986124425,-0.433972958182192,0.120619983582366,0.665271800258283,0.904241538696718,0.791444038238302,1,FALSE,FALSE,TRUE,TRUE,FALSE,FALSE
"CFGB3022",-0.510600619988645,1.00652900283659,0.0404739294955445,0.0939574464288974,-12.6155435450085,10.7126049194864,5.02282070611518e-07,2.01188658482623e-06,4.33218285902435e-06,1.66584209223612e-05,TRUE,TRUE,FALSE,FALSE,FALSE,FALSE
"CFGB3023",-0.063265991551914,-0.041125381060017,0.124108336018409,0.184163866125311,-0.509764239708521,-0.223308632280959,0.611307184644988,0.823737593102095,0.737615164535085,0.942064540177535,FALSE,FALSE,TRUE,TRUE,FALSE,FALSE
"CFGB30287",0.17731364747439,-0.275559896657564,0.0600891175258401,0.103682040854526,2.95084459175391,-2.65773989773403,0.00991638755308466,0.0179121034858352,0.0207342648837225,0.0314220798437957,TRUE,TRUE,FALSE,FALSE,FALSE,FALSE
"CFGB30328",-0.521934056312957,0.848545875931394,0.0898402329799858,0.132182106079655,-5.80958039622661,6.41952153054701,2.37676335275419e-06,4.34317276084892e-07,1.69651728972454e-05,4.99464867497626e-06,TRUE,TRUE,FALSE,FALSE,FALSE,FALSE
"CFGB3038",0.202781928975527,-0.553560340344236,0.149671540627642,0.228225759056144,1.35484627287972,-2.42549457446677,0.178122142753324,0.0168426042378655,0.259656926408015,0.0297984536516083,FALSE,TRUE,TRUE,FALSE,FALSE,FALSE
"CFGB3041",0.0156417307892624,-0.292140651911339,0.0754349613406683,0.127644016361287,0.207353864988721,-2.28871403642186,0.836870542197384,0.0279029589424575,0.957083990247837,0.0454796259928244,FALSE,TRUE,TRUE,FALSE,FALSE,FALSE
"CFGB3043",0.675068437193287,-2.12104912597351,0.0295473508896101,0.0855944764318649,22.8470037708411,-24.780210293849,2.17424161485379e-05,1.57409500018483e-05,0.00010228818506244,8.15323608167661e-05,TRUE,TRUE,FALSE,FALSE,FALSE,FALSE
"CFGB3047",-0.3129520185671,0.401227883765223,0.0956912206463309,0.149798771559787,-3.27043605937218,2.67844575484444,0.00178165661803374,0.00952914781086609,0.00472824256324339,0.018434893428498,TRUE,TRUE,FALSE,FALSE,FALSE,FALSE
"CFGB3048",-0.228476905909884,0.546879660897175,0.114119169343274,0.165526313085492,-2.00209050963751,3.30388353792862,0.0528530779561789,0.0021634768281671,0.0911715594744086,0.00486782286337597,FALSE,TRUE,TRUE,FALSE,FALSE,FALSE
"CFGB3054",-0.04436454001806,-0.0429393213315599,0.188195373183181,0.26030318921686,-0.235736613858607,-0.164958875305162,0.814401723335243,0.869504517045724,0.941794171678186,0.98894195070585,FALSE,FALSE,TRUE,TRUE,FALSE,FALSE
"CFGB3057",-0.149391124692353,0.102577632812611,0.177398709674235,0.260529319320568,-0.842120695052894,0.393727788795989,0.40148359896852,0.694517473348023,0.519419406165523,0.816847255585459,FALSE,FALSE,TRUE,TRUE,FALSE,FALSE
"CFGB3062",0.158304324458709,-0.00941032595908747,0.0654277215148002,0.11428086398909,2.41952983832549,-0.0823438468227353,0.0263478396173358,0.935282059726756,0.050971988792416,1,FALSE,FALSE,TRUE,TRUE,FALSE,FALSE
"CFGB3069",0.643922678328563,-1.26462310845459,0.142189892008762,0.232909804057131,4.52861078401326,-5.42966885217244,2.93987560684348e-05,1.11705875261664e-06,0.000132294402307957,1.00535287735498e-05,TRUE,TRUE,FALSE,FALSE,FALSE,FALSE
"CFGB3070",-0.223011405455415,0.46842572730237,0.109957550991999,0.157895980290526,-2.02815907996752,2.96667290985163,0.0492398250539291,0.0050601538583488,0.0878676188462355,0.0107984726667856,FALSE,TRUE,TRUE,FALSE,FALSE,FALSE
"CFGB3071",0.533675144557855,-1.49614940582554,0.0405696930378728,0.0996279423616058,13.1545275449744,-15.0173673204569,0.000949036332087112,0.000640914048468756,0.00276690874284552,0.00170088728247478,TRUE,TRUE,FALSE,FALSE,FALSE,FALSE
"CFGB3072",-0.0652529294664264,0.169928181310212,0.156214112118237,0.220683208317137,-0.417714690315797,0.770009565322314,0.677646822937788,0.444315408899472,0.801559384846412,0.547460057393993,FALSE,FALSE,TRUE,TRUE,FALSE,FALSE
"CFGB31455",-0.0915817388370753,0.828105567725146,0.0869410938633454,0.139439076562078,-1.05337688735575,5.93883427904426,0.340387739596809,0.00193266999515375,0.454582336106706,0.0043962932856794,FALSE,TRUE,TRUE,FALSE,FALSE,FALSE
"CFGB3172",1.10022605359619,-1.53429783208773,0.0348155983454131,0.112331477335483,31.6015264962734,-13.6586633460316,3.78532402287057e-12,3.04230027660739e-08,2.61187357578069e-10,7.06166733456299e-07,TRUE,TRUE,FALSE,FALSE,FALSE,FALSE
"CFGB320",-2.7094239022953,3.89649633756022,0.0122520620650399,0.0823426739665106,-221.14023646896,47.3204979855883,0.00287878607371247,0.0134513594988964,0.00735689774393187,0.0246409859847041,TRUE,TRUE,FALSE,FALSE,FALSE,FALSE
"CFGB32970",-0.264820429345467,2.41582586443198,0.0598887568272747,0.0982812338776917,-4.42187220731992,24.5807441473355,0.0475267486163505,0.00165094807327223,0.0862985698560048,0.00388348012690171,FALSE,TRUE,TRUE,FALSE,FALSE,FALSE
"CFGB38642",-0.186568973676872,0.542225361224367,0.159452206064953,0.244178566562129,-1.17006204104114,2.22060997760179,0.247523088591866,0.0309376549962631,0.339319730718651,0.049644144063771,FALSE,TRUE,FALSE,FALSE,FALSE,FALSE
"CFGB38703",-0.52102471202033,0.5800094177226,0.0202126472933192,0.0817653077300327,-25.7771633996969,7.09358814667019,0.00150158767988279,0.0192997581308601,0.0040898506544176,0.0332920827757338,TRUE,TRUE,FALSE,FALSE,FALSE,FALSE
"CFGB40183",-0.355768182936996,0.737624068881773,0.106520591644771,0.142988812726127,-3.33990055296936,5.15861384410945,0.00263196905647172,2.47373998870658e-05,0.00688309968939906,0.000116378222195968,TRUE,TRUE,FALSE,FALSE,FALSE,FALSE
"CFGB45503",-0.25205701012492,0.58983798860501,0.071063827554291,0.113415235381652,-3.54691013416571,5.20069448006833,0.00357752141580908,0.000170884088830781,0.00881603491752951,0.000593689746682199,TRUE,TRUE,FALSE,FALSE,FALSE,FALSE
"CFGB45555",1.09710587857832,-1.65233561625941,0.0704935892896347,0.132846682608288,15.5632007056795,-12.4379140210184,8.187379890865e-08,5.67071604398883e-07,9.96933904358268e-07,6.03774472528918e-06,TRUE,TRUE,FALSE,FALSE,FALSE,FALSE
"CFGB4559",0.609723330455303,-0.532336914462492,0.042558797756293,0.0888540409702823,14.3266107738005,-5.99113904836961,7.23741286183247e-06,0.000972042586584246,4.53983170424037e-05,0.0024512545529645,TRUE,TRUE,FALSE,FALSE,FALSE,FALSE
"CFGB45628",-0.22315754652187,0.271101759079627,0.144668438532842,0.197676662621983,-1.5425447926654,1.3714403889854,0.126450218287647,0.173647345226995,0.193890334707725,0.234934643542404,FALSE,FALSE,TRUE,TRUE,FALSE,FALSE
"CFGB4605",0.247714916367887,-0.261364114606269,0.0684176751959946,0.12365333204687,3.62062750098221,-2.11368436482732,0.00124697269688914,0.0442934463241735,0.00354253400477968,0.0684234581276411,TRUE,FALSE,FALSE,TRUE,FALSE,FALSE
"CFGB4616",-0.127569240755878,0.522819383658362,NA,0.081241111173832,NA,6.43540414581089,1,0.098139721832629,1,0.144077463967051,FALSE,FALSE,TRUE,TRUE,FALSE,FALSE
"CFGB4623",0.936563838022824,-1.21793671228389,0.0481675041423818,0.114745023856007,19.4438938595275,-10.6142878475696,1.16416942146557e-08,2.17388205528172e-06,2.0081922520281e-07,1.73074455939737e-05,TRUE,TRUE,FALSE,FALSE,FALSE,FALSE
"CFGB4648",1.28419067777492,-1.8896712845584,NA,0.0812644994517416,NA,-23.2533430625579,1,1,1,1,FALSE,FALSE,TRUE,TRUE,FALSE,FALSE
"CFGB4806",0.324764136343446,-0.41998820357444,0.223022240092029,0.318671259859723,1.45619619016217,-1.31793561728571,0.15135009304778,0.193301881641928,0.225391865186262,0.258063601099186,FALSE,FALSE,TRUE,TRUE,FALSE,FALSE
"CFGB72899",1.25703802733719,-1.92617382239763,0.0393137453049052,0.0880440399431341,31.9745172480513,-21.8773902656183,6.72251248793931e-05,0.000209038951500396,0.000267607708654507,0.000698352164245598,TRUE,TRUE,FALSE,FALSE,FALSE,FALSE
"CFGB72904",-0.561338486058773,0.376947755615037,NA,0.0812644994517416,NA,4.63852922442333,1,1,1,1,FALSE,FALSE,TRUE,TRUE,FALSE,FALSE
"CFGB72924",-0.376303548179623,0.971886193702351,0.132703385484741,0.16375233739573,-2.83567406215791,5.93509814369034,0.00990339633325353,6.84782709633589e-06,0.0207342648837225,4.0500005969758e-05,TRUE,TRUE,FALSE,FALSE,FALSE,FALSE
"CFGB72939",-0.163312659996263,0.217586561341214,0.0865817457143463,0.137786729473273,-1.88622507722436,1.57915469924423,0.0738713675854333,0.129986933848099,0.120404512521139,0.184296543195593,FALSE,FALSE,TRUE,TRUE,FALSE,FALSE
"CFGB73062",0.62041671086935,-0.93805206891602,0.120198087565759,0.170255112477063,5.16161881968321,-5.50968517343287,0.000424230382396436,0.000258257849308113,0.001393899827874,0.000822451920104299,TRUE,TRUE,FALSE,FALSE,FALSE,FALSE
"CFGB73902",0.138346616809151,-0.122186559233184,NA,0.0812644994517416,NA,-1.50356625657608,1,1,1,1,FALSE,FALSE,TRUE,TRUE,FALSE,FALSE
"CFGB75721",0.0818835183932352,-0.308712152321606,0.161074647594713,0.235522089073865,0.508357582127175,-1.31075668331384,0.612897624637848,0.194482713871851,0.737615164535085,0.258063601099186,FALSE,FALSE,TRUE,TRUE,FALSE,FALSE
"CFGB77202",0.228793284641361,-0.584563273438703,0.0840149913585929,0.137388780724883,2.72324356572061,-4.25481083938923,0.00904419254897854,9.89643873634384e-05,0.019501540183735,0.000368998169243645,TRUE,TRUE,FALSE,FALSE,FALSE,FALSE
"CFGB77220",-1.47515639473902,2.40875959597815,NA,0.0812181230476152,NA,29.6579076884845,1,0.0214573019661052,1,0.0358198508627723,FALSE,TRUE,FALSE,FALSE,FALSE,FALSE
"CFGB77241",-0.516479293469559,1.05752545812044,0.0811111780702039,0.134488344100637,-6.36754767662889,7.86332425454728,1.6940330550854e-06,5.75726391455673e-08,1.29875867556547e-05,9.93128025261036e-07,TRUE,TRUE,TRUE,FALSE,TRUE,FALSE
"CFGB77243",-0.120172963174254,-0.226712082493294,0.0284381708538943,0.0867434222310104,-4.22576275357729,-2.61359393787262,0.0516961403109781,0.120499100593507,0.0906872969862074,0.173217457103166,FALSE,FALSE,TRUE,TRUE,FALSE,FALSE
"CFGB77508",-0.449370865799082,0.653133006972355,0.0318646982075309,0.117058425412746,-14.1024673408919,5.57954717628757,7.93662342894895e-06,0.00140713653627609,4.8320030876248e-05,0.00342679132951942,TRUE,TRUE,TRUE,FALSE,TRUE,FALSE
"CFGB77566",0.563162052434855,-1.67532546511184,0.0790429979954687,0.136138826535288,7.1247557243102,-12.3060078285424,1.20560858342839e-05,3.65101770558576e-08,6.39899940435068e-05,7.55760665056253e-07,TRUE,TRUE,FALSE,FALSE,FALSE,FALSE
"CFGB78183",-0.343848748410179,0.544015417597669,0.0735427897661065,0.134231539232299,-4.6754923154771,4.05281367336632,0.000536405461223828,0.00160222259214163,0.00168236258292928,0.00381218478819904,TRUE,TRUE,FALSE,FALSE,FALSE,FALSE
"CFGB79211",-0.0951307358943645,0.189438283172362,0.0525442058842287,0.099148914808341,-1.81048955433768,1.91064404021521,0.144465037631848,0.128650402493342,0.218279290436442,0.183659540111185,FALSE,FALSE,TRUE,TRUE,FALSE,FALSE
"CFGB79237",-0.845568904120257,1.47156218276277,NA,0.0896995597897326,NA,16.405456015752,1,0.0387574146158659,1,0.0607786729203352,FALSE,FALSE,FALSE,TRUE,FALSE,FALSE
"CFGB79245",-0.162556749551323,0.269474750443992,0.12912095027531,0.180080507023008,-1.2589494516941,1.496412659531,0.216624049804191,0.143772157595864,0.305042029316105,0.202454670900298,FALSE,FALSE,TRUE,TRUE,FALSE,FALSE
"CFGB79266",-0.0558952492225328,0.104978178014172,0.022982630643772,0.0883320085053875,-2.4320648966997,1.1884500283696,0.0718206686499566,0.300393054094505,0.117991098496357,0.386219640978649,FALSE,FALSE,TRUE,TRUE,FALSE,FALSE
"CFGB79291",-0.0474362355686915,0.218869622578206,0.0826732651292538,0.136031347145867,-0.573779631112044,1.60896460389759,0.570540585910715,0.11845785392876,0.698827818245669,0.172681519459531,FALSE,FALSE,TRUE,TRUE,FALSE,FALSE
"CFGB79294",0.865415104301483,-1.46367471828152,0.0250620685697394,0.083937722842845,34.5308728963581,-17.4376271920306,3.92948758146132e-08,2.28085587667543e-06,5.42269286241662e-07,1.74865617211783e-05,TRUE,TRUE,FALSE,FALSE,FALSE,FALSE
"CFGB79326",0.508532346539598,-0.947755178769236,0.0535085013517802,0.096297328526722,9.5037673209414,-9.8419675111365,0.000684185400545175,0.000597735784272017,0.00208883156030025,0.00162406075651664,TRUE,TRUE,FALSE,FALSE,FALSE,FALSE
"CFGB79363",0.427750320660708,-0.285438921610725,0.0122520620650399,0.0917488825877855,34.9125166351592,-3.11108880631453,0.018229730201259,0.197988984294954,0.0359386109681964,0.261042800949398,TRUE,FALSE,FALSE,TRUE,FALSE,FALSE
"CFGB82363",-0.363750313963527,0.568021555524501,0.103488478908319,0.136509929372763,-3.51488704637136,4.16102739291166,0.00130147087925699,0.000212541963031269,0.00359205962674928,0.000698352164245598,TRUE,TRUE,FALSE,FALSE,FALSE,FALSE
"CFGB8287",-0.336602487927729,0.542478364947076,0.0122520620650399,0.0818225921106785,-27.4731295141079,6.62993375000007,0.000105847056582097,0.00698989553428461,0.000398369831136255,0.0140476541320089,TRUE,TRUE,FALSE,FALSE,FALSE,FALSE
"CFGB83839",-0.677186201259983,1.50887907690508,NA,0.0812644994517416,NA,18.5675059476755,1,1,1,1,FALSE,FALSE,FALSE,TRUE,FALSE,FALSE
"CFGB9115",-0.309613635430502,0.154498596133477,NA,0.10999161765373,NA,1.40463973009163,1,0.254762859715493,1,0.331672402271113,FALSE,FALSE,FALSE,TRUE,FALSE,FALSE
"CFGB9119",-2.98159067617087,4.26942357700271,0.0122520620650399,0.0904965895813973,-243.354192979364,47.1777289812957,1.68853992173248e-05,0.000448986592450929,8.12855264647964e-05,0.00132771749481918,TRUE,TRUE,TRUE,FALSE,TRUE,FALSE
"CFGB9120",-1.13330766715031,1.53360381947752,0.0122520620650399,0.086496020746765,-92.4993410198354,17.7303395721228,2.7853009675615e-06,0.000391172604065061,1.92185766761743e-05,0.00117351781219518,TRUE,TRUE,TRUE,FALSE,TRUE,FALSE
"CFGB9238",0.0633122003985755,-0.196006834593762,0.1017360258362,0.157284257102137,0.622318395850366,-1.24619487166144,0.53843419055329,0.222336837265667,0.667400463739707,0.291289400721475,FALSE,FALSE,FALSE,TRUE,FALSE,FALSE
"CFGB9272",-0.127929934627759,0.591648915834535,0.0772785441820315,0.115224129960895,-1.65543924231306,5.13476574772426,0.117314231118944,9.98255916794401e-05,0.181224222698668,0.000368998169243645,FALSE,TRUE,TRUE,FALSE,FALSE,FALSE
"CFGB9491",-0.32496033943175,0.609784470730935,0.119869415444208,0.165402258476647,-2.71095290009985,3.68667560133122,0.00881077996741934,0.000502050916430639,0.0194024622686788,0.00144339638473809,TRUE,TRUE,FALSE,FALSE,FALSE,FALSE
"CFGB9512",0.0866139753067824,-0.00317059756431049,0.0651825280240577,0.114991527536052,1.32879128705801,-0.0275724449639687,0.241327139478819,0.979069813168937,0.333031452480771,1,FALSE,FALSE,TRUE,TRUE,FALSE,FALSE
"CFGB9536",0.779266352866647,-1.25853739980561,0.023660345717566,0.0872348880889226,32.9355438068727,-14.4269962096212,4.84952945813068e-07,2.88618492583329e-05,4.33218285902435e-06,0.000132764506588331,TRUE,TRUE,FALSE,FALSE,FALSE,FALSE
"CFGB9718",-0.450973697901576,0.887150013979754,0.0642474559545513,0.117326522338912,-7.01932381915006,7.56137654380575,9.07573403828556e-06,4.12289712743869e-06,5.2185470720142e-05,2.7530313076768e-05,TRUE,TRUE,FALSE,FALSE,FALSE,FALSE
"CFGB9989",-0.0621731874147309,0.31528765332792,0.0738695653752667,0.115028856611273,-0.841661746605429,2.74094399106651,0.409460048968235,0.0122435215632663,0.526448634387731,0.0226286514606796,FALSE,TRUE,TRUE,FALSE,FALSE,FALSE
"Clostridia",-0.258263202276391,0.25354066911618,0.0971112464965923,0.145024147944731,-2.65945718537815,1.74826518693153,0.00864902252814739,0.0823980458511895,0.0192510501432958,0.122707881231628,TRUE,FALSE,FALSE,FALSE,FALSE,FALSE
"Erysipelotrichia",-0.234817401152272,0.210738450784943,0.176727559236404,0.230983720332059,-1.32869713228011,0.912351963514954,0.185900691736245,0.36300030805012,0.267232244370852,0.461580486927643,FALSE,FALSE,TRUE,TRUE,FALSE,FALSE
"Firmicutes_unclassified",-0.260310909148314,0.367408024305166,0.201659586514678,0.265016244606742,-1.29084321577426,1.38636039028612,0.199198836252691,0.168165281465375,0.282425747289774,0.230531213664455,FALSE,FALSE,TRUE,TRUE,FALSE,FALSE
"Negativicutes",-0.103061312244248,-0.0272886582034446,0.145943574574748,0.212791520507261,-0.70617231724349,-0.128241285829402,0.481154917309472,0.898126438355256,0.60933714265086,1,FALSE,FALSE,TRUE,TRUE,FALSE,FALSE
"Tissierellia",-0.0606687032454017,0.012493232871458,0.125139150416744,0.179064677338287,-0.48480993392843,0.0697693875596465,0.631870771965417,0.944911069254529,0.756053467033765,1,FALSE,FALSE,TRUE,TRUE,FALSE,FALSE
"Fusobacteriia",-0.03233505467223,0.00522784499704531,0.152513602563479,0.209696293050529,-0.212014234328846,0.0249305551423629,0.833579015061158,0.980281117612299,0.957083990247837,1,FALSE,FALSE,TRUE,TRUE,FALSE,FALSE
"CFGB2345",1.35611699409545,-1.58997428293841,0.0125818907734265,0.0817072982580169,107.783243275298,-19.4593912274221,4.44321241952982e-08,4.11174983123346e-05,5.74840606776671e-07,0.000181091960652197,TRUE,TRUE,FALSE,FALSE,FALSE,FALSE
"CFGB2378",-0.119183320301922,0.655084186262009,0.0425132381165513,0.0898922427257425,-2.80344018903424,7.28743845295577,0.0310230180245416,0.000340142089462552,0.0589152727622029,0.00103543253704041,FALSE,TRUE,TRUE,FALSE,FALSE,FALSE
"Lentisphaeria",0.326873886923557,-0.412099532993902,0.100663043427782,0.168032983497546,3.24720846690934,-2.45249191210082,0.00320406842777119,0.0212112776441645,0.00799086945239322,0.0356970282304231,TRUE,TRUE,FALSE,FALSE,FALSE,FALSE
"Alphaproteobacteria",-0.15462565562588,0.546490497446637,0.0425116972854952,0.0926478334523752,-3.63724963949246,5.89857827304246,0.0083173963291586,0.00060034054604541,0.0187141417406069,0.00162406075651664,TRUE,TRUE,FALSE,FALSE,FALSE,FALSE
"Betaproteobacteria",0.160506318968097,-0.475466221063992,0.159585317832583,0.226527502783118,1.0057712147209,-2.09893375074731,0.316438090862441,0.0378029823360535,0.428122122931538,0.0597344835386494,FALSE,FALSE,TRUE,TRUE,FALSE,FALSE
"CFGB10055",-0.438793506295798,0.482560650207634,0.0735147229972536,0.10793305248879,-5.9687840531235,4.4709256254728,0.00940981048637338,0.0208502953285916,0.0200807295946319,0.0353771404345775,TRUE,TRUE,FALSE,FALSE,FALSE,FALSE
"CFGB2394",0.739900217105057,-0.815423421161679,NA,0.0812644994517416,NA,-10.0341899188823,1,1,1,1,FALSE,FALSE,TRUE,TRUE,FALSE,FALSE
"CFGB2403",-0.372255643814911,0.501435992372342,0.0334732224154043,0.0937118946169573,-11.1209981278528,5.35082546801488,3.1506641128854e-05,0.00174324222883673,0.000138763291780272,0.00405450720639555,TRUE,TRUE,FALSE,FALSE,FALSE,FALSE
"CFGB2404",-0.0116223869465064,-0.0838440845247951,0.128950105310835,0.185511587230407,-0.0901308837126626,-0.451961442282631,0.928745003649826,0.654345530637589,1,0.778445545068856,FALSE,FALSE,TRUE,TRUE,FALSE,FALSE
"Deltaproteobacteria",0.118594830917408,-0.37050961894007,0.168477197418616,0.236669427600471,0.703922149314577,-1.56551533798247,0.482759861810343,0.119931082054338,0.60933714265086,0.173217457103166,FALSE,FALSE,TRUE,TRUE,FALSE,FALSE
"Epsilonproteobacteria",-0.385957704420346,1.02055446386042,0.0403924211113676,0.091258828115727,-9.55520104517148,11.1830765848344,0.000212541929803383,9.97681941959847e-05,0.000709615797891939,0.000368998169243645,TRUE,TRUE,FALSE,FALSE,FALSE,FALSE
"Gammaproteobacteria",-0.0750898518501546,-0.0192371404313449,0.273000862294618,0.377498754988154,-0.275053533600634,-0.0509594804675544,0.783705169507159,0.959434841599271,0.911387472404393,1,FALSE,FALSE,TRUE,TRUE,FALSE,FALSE
"Synergistia",0.3798153029383,-0.687647689431934,0.134273284584118,0.200554127824577,2.82867365697275,-3.42873864971461,0.00759182020123053,0.00153485437151689,0.017269305292909,0.00369435877795343,TRUE,TRUE,FALSE,FALSE,FALSE,FALSE
"CFGB1787",0.058334484359996,0.000921185782862412,0.150965475709397,0.229977469991027,0.386409436236187,0.00400554794736351,0.702114347996322,0.996832446293584,0.821116779860105,1,FALSE,FALSE,TRUE,TRUE,FALSE,FALSE
"Opitutae",1.6496652316599,-2.25416757505334,0.0432661727007058,0.105420726243372,38.1282911957911,-21.3825843871481,4.88320193139337e-13,2.60591096823537e-10,1.01082279979843e-10,1.79807856808241e-08,TRUE,TRUE,FALSE,FALSE,FALSE,FALSE
"Verrucomicrobiae",0.406601087200862,-0.889705941888755,0.274545171509842,0.389808506575648,1.48099886428447,-2.28241797416008,0.141249814612765,0.0242407144935323,0.214990526653252,0.0398240309536602,FALSE,TRUE,TRUE,FALSE,FALSE,FALSE
"Bigyra",-2.55767347778312,3.33339873671769,NA,0.0819682071525755,NA,40.6669714089623,1,0.000604119218607638,1,0.00162406075651664,FALSE,TRUE,FALSE,FALSE,FALSE,FALSE
"Candidatus_Thermoplasmatota",-0.353655703738792,1.01603438611367,0.102176188945731,0.111007229810381,-3.46123404472084,9.15286678038207,0.00855225141181735,1.63702570953528e-05,0.0641418855886301,0.000245553856430292,FALSE,TRUE,TRUE,FALSE,FALSE,FALSE
"Euryarchaeota",0.793881837055218,-1.39011549819872,0.233730842848972,0.327714148515225,3.39656430182043,-4.24185377560571,0.00117729978947605,7.28453486655424e-05,0.0176594968421408,0.000546340114991568,TRUE,TRUE,FALSE,FALSE,FALSE,FALSE
"Actinobacteria",-0.16044303769269,0.0885824115466044,0.204085443424716,0.284170313573535,-0.786156204971451,0.311722960898525,0.432991858915805,0.755675447796477,0.649487788373707,0.871933208995935,FALSE,FALSE,TRUE,TRUE,FALSE,FALSE
"Bacteria_unclassified",-0.155575674910088,0.0891504103669793,0.173777607176942,0.207048662506799,-0.895257320189009,0.430577088920107,0.372552605929432,0.667596051661838,0.620921009882387,0.834495064577297,FALSE,FALSE,TRUE,TRUE,FALSE,FALSE
"Bacteroidota",0.14940453457326,-0.490689966760507,0.120547403715297,0.164754778430116,1.23938409263559,-2.97830491738146,0.217076598435509,0.00336509921316561,0.407018622066579,0.0100952976394968,FALSE,TRUE,FALSE,TRUE,FALSE,TRUE
"Candidatus_Melainabacteria",0.239247824385665,-0.377081838287399,0.139766590434395,0.20418633756432,1.71176690825813,-1.84675352320581,0.0963241624444007,0.0737670470069994,0.240810406111002,0.132883353319898,FALSE,FALSE,TRUE,TRUE,FALSE,FALSE
"Candidatus_Saccharibacteria",0.0991288945171863,-0.325087169676418,0.143894738278181,0.181672733822786,0.688898674846247,-1.78941089747417,0.494136205886518,0.079730011991939,0.67382209893616,0.132883353319898,FALSE,FALSE,TRUE,TRUE,FALSE,FALSE
"Firmicutes",-0.240730399097478,0.221533109824442,0.119178338803549,0.142133325645334,-2.01991739030943,1.55862890577284,0.045114650881231,0.121123701090378,0.135343952643693,0.16516868330506,FALSE,FALSE,FALSE,FALSE,FALSE,FALSE
"Fusobacteria",-0.03233505467223,0.00522784499704531,0.168538806356889,0.209999736796334,-0.191855249073967,0.0248945311875103,0.849192672334136,0.98030960475291,0.909849291786575,0.98030960475291,FALSE,FALSE,TRUE,TRUE,FALSE,FALSE
"Lentisphaerae",0.335548935394919,-0.460635883057763,0.127956853339627,0.174736291336571,2.62236001149773,-2.6361775194742,0.0132593610846268,0.0128254561683301,0.0649505263922817,0.0320636404208253,FALSE,TRUE,TRUE,FALSE,FALSE,FALSE
"Proteobacteria",0.0598056877406695,-0.327119978938221,0.155941627858826,0.207388421922452,0.383513296365044,-1.57732999704554,0.701864731444302,0.116758353693127,0.866423881776608,0.16516868330506,FALSE,FALSE,TRUE,TRUE,FALSE,FALSE
"Synergistetes",0.3798153029383,-0.687647689431934,0.152230894480462,0.200871382538362,2.49499488414979,-3.42332332631109,0.0173201403712751,0.00155803969141523,0.0649505263922817,0.0058426488428071,FALSE,TRUE,TRUE,FALSE,FALSE,FALSE
"Tenericutes",0.0535833408213591,0.010423472860138,0.167139178942218,0.230528360204044,0.320591145418296,0.0452155771676511,0.750900697539727,0.964256416411588,0.866423881776608,0.98030960475291,FALSE,FALSE,TRUE,TRUE,FALSE,FALSE
"Verrucomicrobia",0.410208755752066,-0.869654589148534,0.279720979138211,0.383533910771014,1.46649263496743,-2.26747769812655,0.145108262808208,0.0251354668873869,0.31094627744616,0.0538617147586863,FALSE,FALSE,TRUE,TRUE,FALSE,FALSE
"Eukaryota_unclassified",-2.55767347778312,3.33339873671769,NA,0.0827414111506668,NA,40.2869456824683,1,0.000615559684921012,1,0.00307779842460506,FALSE,TRUE,FALSE,FALSE,FALSE,FALSE
"Archaea",0.73111289902389,-1.27439457327433,0.230494577994225,0.337737774248824,3.17193100760143,-3.77332555148371,0.0023120064163496,0.000350825137143864,0.0034680096245244,0.000526237705715795,TRUE,TRUE,FALSE,FALSE,FALSE,FALSE
"Bacteria",-0.0918475938958503,-0.0502645694389946,0.0750833090822096,0.108061448222882,-1.22327578550494,-0.465148027031079,0.223082042887894,0.642478280396285,0.223082042887894,0.642478280396285,FALSE,FALSE,TRUE,TRUE,FALSE,FALSE
"Eukaryota",-1.79886798232147,3.72187609389393,0.0638052943122777,0.100136418315879,-28.1930833751412,37.1680569016693,9.41774945349968e-06,3.12880794994429e-06,2.8253248360499e-05,9.38642384983287e-06,TRUE,TRUE,TRUE,FALSE,TRUE,FALSE
