"effect","term","estimate","std.error","df","statistic","p.value","microbe","model_type","padj"
"fixed","irAE.sample",0.21282586056684,0.555035734999753,45,0.383445329996518,0.703195224240843,"k__Bacteria","GMM",1
"fixed","irAE.sample",-5.51290707809942,4.53998256331543,45,-1.21430137698007,0.230966792771472,"p__Bacteroidota","GMM",1
"fixed","irAE.sample",4.13972747771056,4.08214905665267,45,1.01410492861942,0.315954437574026,"p__Firmicutes","GMM",1
"fixed","irAE.sample",2.46490834243154,1.07955988629866,45,2.28325299384978,0.0271895386540571,"p__Actinobacteria","GMM",1
"fixed","irAE.sample",-0.550637070928387,0.698192619166872,45,-0.788660687340754,0.434445707467219,"p__Proteobacteria","GMM",1
"fixed","irAE.sample",-4.74770467565842,4.5900349511231,45,-1.03435044094746,0.306499233065529,"c__Bacteroidia","GMM",1
"fixed","irAE.sample",4.15436618838494,3.65867449000811,45,1.13548395729945,0.262184275962215,"c__Clostridia","GMM",1
"fixed","irAE.sample",0.106344002132072,0.395702814516556,45,0.268747146168258,0.789352574911224,"c__Negativicutes","GMM",1
"fixed","irAE.sample",2.6298278669598,1.04057847979771,45,2.52727489374088,0.0150776621191939,"c__Actinomycetia","ZIGMM",1
"fixed","irAE.sample",0.0522539126114175,0.706284007121158,45,0.0739842783987232,0.941350796446558,"c__CFGB629","ZIGMM",1
"fixed","irAE.sample",0.085101919579909,0.162281206889436,45,0.52441019641843,0.602567084401873,"c__Betaproteobacteria","ZIGMM",1
"fixed","irAE.sample",0.481308926037668,0.253373074382892,45,1.89960565940138,0.0639053545671649,"c__Coriobacteriia","GMM",1
"fixed","irAE.sample",-0.0336151918497179,0.0774066901106732,45,-0.434267268134785,0.666169581297976,"c__Deltaproteobacteria","ZIGMM",1
"fixed","irAE.sample",-0.419196662101719,0.434582081441396,45,-0.964597207301673,0.339901944760942,"c__Bacilli","ZIGMM",1
"fixed","irAE.sample",0.518616532298965,0.251454878315544,45,2.06246359495228,0.0449644283588313,"c__Firmicutes_unclassified","ZIGMM",1
"fixed","irAE.sample",0.0716206309257188,0.0438580724436837,45,1.63300908898091,0.109445720449036,"c__CFGB79266","ZIGMM",1
"fixed","irAE.sample",-0.0011469141801456,0.00557137263448885,45,-0.205858458119598,0.83782997469231,"c__CFGB28775","ZIGMM",1
"fixed","irAE.sample",-0.293006461051318,0.399343461713518,45,-0.733720441531895,0.466924817544615,"c__Gammaproteobacteria","ZIGMM",1
"fixed","irAE.sample",-4.74770467565842,4.5900349511231,45,-1.03435044094746,0.306499233065529,"o__Bacteroidales","GMM",1
"fixed","irAE.sample",4.20542596765891,3.64247567646139,45,1.15455155811622,0.254368647449223,"o__Eubacteriales","GMM",1
"fixed","irAE.sample",4.38600497133098,1.20718093616435,45,3.63326228897128,0.000714805862611763,"o__Bifidobacteriales","ZIGMM",1
"fixed","irAE.sample",0.0522539126114175,0.706284007121158,45,0.0739842783987232,0.941350796446558,"o__OFGB629","ZIGMM",1
"fixed","irAE.sample",-0.0622550816729401,0.2345417867812,45,-0.265432793564487,0.791888308904032,"o__Acidaminococcales","ZIGMM",1
"fixed","irAE.sample",-0.0759620766136105,0.19513156409329,45,-0.389286464066336,0.698900421544466,"o__Veillonellales","ZIGMM",1
"fixed","irAE.sample",0.085101919579909,0.162281206889436,45,0.52441019641843,0.602567084401873,"o__Burkholderiales","ZIGMM",1
"fixed","irAE.sample",0.499077053500239,0.181091781464639,45,2.75593430835894,0.00842064885981801,"o__Coriobacteriales","ZIGMM",1
"fixed","irAE.sample",-0.0336151918497179,0.0774066901106732,45,-0.434267268134785,0.666169581297976,"o__Desulfovibrionales","ZIGMM",1
"fixed","irAE.sample",-0.419196662101719,0.434582081441396,45,-0.964597207301673,0.339901944760942,"o__Lactobacillales","ZIGMM",1
"fixed","irAE.sample",0.518616532298965,0.251454878315544,45,2.06246359495228,0.0449644283588313,"o__Firmicutes_unclassified","ZIGMM",1
"fixed","irAE.sample",-0.00134805789599797,0.0171257895963138,45,-0.0787150798750982,0.937608243361647,"o__Clostridia_unclassified","ZIGMM",1
"fixed","irAE.sample",0.0716206309257188,0.0438580724436837,45,1.63300908898091,0.109445720449036,"o__OFGB79266","ZIGMM",1
"fixed","irAE.sample",0.00821160293402445,0.141927946694992,45,0.0578575476165485,0.954118256568647,"o__Eggerthellales","ZIGMM",1
"fixed","irAE.sample",-0.0011469141801456,0.00557137263448885,45,-0.205858458119598,0.83782997469231,"o__OFGB28775","ZIGMM",1
"fixed","irAE.sample",-0.349940118480858,0.420611974563507,45,-0.831978497150518,0.40981452379582,"o__Enterobacterales","ZIGMM",1
"fixed","irAE.sample",-0.74357608655537,3.36598938855563,45,-0.220908624692499,0.826162873482736,"f__Bacteroidaceae","GMM",1
"fixed","irAE.sample",3.46963246786619,2.38057720898329,45,1.45747529413172,0.151928904908566,"f__Lachnospiraceae","GMM",1
"fixed","irAE.sample",4.38600497133098,1.20718093616435,45,3.63326228897128,0.000714805862611763,"f__Bifidobacteriaceae","ZIGMM",1
"fixed","irAE.sample",0.0522539126114175,0.706284007121158,45,0.0739842783987232,0.941350796446558,"f__FGB629","ZIGMM",1
"fixed","irAE.sample",-0.0622550816729401,0.2345417867812,45,-0.265432793564487,0.791888308904032,"f__Acidaminococcaceae","ZIGMM",1
"fixed","irAE.sample",-2.26852279647321,1.62553397408262,45,-1.39555544986592,0.169697097475286,"f__Rikenellaceae","GMM",1
"fixed","irAE.sample",-0.0759620766136105,0.19513156409329,45,-0.389286464066336,0.698900421544466,"f__Veillonellaceae","ZIGMM",1
"fixed","irAE.sample",0.199901206038189,0.455997798834584,45,0.43838195392409,0.663206837507356,"f__Clostridiaceae","GMM",1
"fixed","irAE.sample",-0.409567816994149,0.674016919667558,45,-0.607652130151507,0.546472692422914,"f__Tannerellaceae","GMM",1
"fixed","irAE.sample",0.116432647222148,0.175709858353129,45,0.662641517746545,0.510940071256228,"f__Sutterellaceae","ZIGMM",1
"fixed","irAE.sample",1.10746093097407,2.20280760579115,45,0.502749730871899,0.617591981471971,"f__Oscillospiraceae","GMM",1
"fixed","irAE.sample",0.5002576109028,0.18102673758665,45,2.76344598357106,0.00825716747174722,"f__Coriobacteriaceae","ZIGMM",1
"fixed","irAE.sample",-0.0336151918497179,0.0774066901106732,45,-0.434267268134785,0.666169581297976,"f__Desulfovibrionaceae","ZIGMM",1
"fixed","irAE.sample",0.127767086840004,0.420586363128519,45,0.303783237025596,0.762693268655803,"f__Odoribacteraceae","ZIGMM",1
"fixed","irAE.sample",-0.0328635225070868,0.266476883787705,45,-0.123325978748942,0.902398158118217,"f__Streptococcaceae","ZIGMM",1
"fixed","irAE.sample",0.518616532298965,0.251454878315544,45,2.06246359495228,0.0449644283588313,"f__Firmicutes_unclassified","ZIGMM",1
"fixed","irAE.sample",0.0398969322331004,0.435381107125043,45,0.091636801827604,0.927393332737666,"f__Eubacteriales_unclassified","GMM",1
"fixed","irAE.sample",-0.222320582495281,0.171670835924844,45,-1.29503990178396,0.201911540022172,"f__Lactobacillaceae","ZIGMM",1
"fixed","irAE.sample",-0.00134805789599797,0.0171257895963138,45,-0.0787150798750982,0.937608243361647,"f__Clostridia_unclassified","ZIGMM",1
"fixed","irAE.sample",0.0716206309257188,0.0438580724436837,45,1.63300908898091,0.109445720449036,"f__FGB79266","ZIGMM",1
"fixed","irAE.sample",0.00821160293402445,0.141927946694992,45,0.0578575476165485,0.954118256568647,"f__Eggerthellaceae","ZIGMM",1
"fixed","irAE.sample",-0.0011469141801456,0.00557137263448885,45,-0.205858458119598,0.83782997469231,"f__FGB28775","ZIGMM",1
"fixed","irAE.sample",-0.349959147613967,0.420574060693302,45,-0.832098743886087,0.409747365179467,"f__Enterobacteriaceae","ZIGMM",1
"fixed","irAE.sample",-1.30871117459705,1.58578411260893,45,-0.825277012293914,0.413568034051783,"g__Phocaeicola","GMM",1
"fixed","irAE.sample",0.516070871056586,2.52833280684834,45,0.204115087087719,0.839183899158205,"g__Bacteroides","GMM",1
"fixed","irAE.sample",4.38604909558108,1.20718343567056,45,3.63329131760719,0.000714743790986715,"g__Bifidobacterium","ZIGMM",1
"fixed","irAE.sample",1.40956227607224,1.43661052297317,45,0.981172178215044,0.331753756530821,"g__Blautia","GMM",1
"fixed","irAE.sample",-0.292573232806338,0.850731773209027,45,-0.343907729815625,0.732517511981945,"g__GGB1495","ZIGMM",1
"fixed","irAE.sample",-2.5556270714187,1.57417093217363,45,-1.62347494746956,0.111473436159352,"g__Alistipes","GMM",1
"fixed","irAE.sample",-0.0446558579240887,0.160378880315308,45,-0.27843976611069,0.781950295152564,"g__Megasphaera","ZIGMM",1
"fixed","irAE.sample",-0.0289555006921811,0.203157380172503,45,-0.142527436943687,0.887299663257772,"g__Acidaminococcus","ZIGMM",1
"fixed","irAE.sample",0.170350578985062,0.465593132488951,45,0.365878633291707,0.716170081946148,"g__Lachnospiraceae_unclassified","ZIGMM",1
"fixed","irAE.sample",-0.409567816994149,0.674016919667558,45,-0.607652130151507,0.546472692422914,"g__Parabacteroides","GMM",1
"fixed","irAE.sample",0.086683622768572,0.2849569832699,45,0.304198976890729,0.762378597031497,"g__Clostridium","GMM",1
"fixed","irAE.sample",0.101703893378002,0.062042688318931,45,1.63925671394496,0.108133397411963,"g__Parasutterella","ZIGMM",1
"fixed","irAE.sample",-0.065220447285243,0.136321974756865,45,-0.478429449115345,0.634660914876207,"g__Phascolarctobacterium","ZIGMM",1
"fixed","irAE.sample",0.196367051347372,0.110012036157547,45,1.78495970264706,0.0810095416958853,"g__Dorea","ZIGMM",1
"fixed","irAE.sample",0.504644609613842,0.179727012015836,45,2.80783953371115,0.00734945081571438,"g__Collinsella","ZIGMM",1
"fixed","irAE.sample",-0.0211673568675239,0.0437835631806929,45,-0.483454413706968,0.631117285948729,"g__Bilophila","ZIGMM",1
"fixed","irAE.sample",0.186907863145763,0.447012952584517,45,0.418126280379815,0.677843454139693,"g__Odoribacter","ZIGMM",1
"fixed","irAE.sample",0.0674078656403069,0.144747067412162,45,0.465694171532785,0.643680587943294,"g__Anaerostipes","ZIGMM",1
"fixed","irAE.sample",-0.0813783909207016,0.102595086231981,45,-0.793199693177257,0.431823996285822,"g__Dysosmobacter","ZIGMM",1
"fixed","irAE.sample",-0.0676755279837328,0.117162838663279,45,-0.57761939498777,0.566400247960828,"g__Flavonifractor","ZIGMM",1
"fixed","irAE.sample",-0.0319188480825025,0.266072120785086,45,-0.119963143783426,0.905046345928417,"g__Streptococcus","ZIGMM",1
"fixed","irAE.sample",0.647800958200293,0.452023585774439,45,1.43311317946039,0.158736924981086,"g__Roseburia","ZIGMM",1
"fixed","irAE.sample",0.415763789200247,0.307342276459415,45,1.35277122948996,0.182886975082868,"g__Clostridiaceae_unclassified","ZIGMM",1
"fixed","irAE.sample",0.0178754564398219,0.109763391817414,45,0.162854446677057,0.871362181143753,"g__Dialister","ZIGMM",1
"fixed","irAE.sample",0.160532960748688,0.100465134220436,45,1.59789724061339,0.117064953661157,"g__Coprococcus","ZIGMM",1
"fixed","irAE.sample",-0.0209091330242225,0.115177941426657,45,-0.181537651786709,0.856760831746368,"g__Eubacteriales_unclassified","GMM",1
"fixed","irAE.sample",0.0444084253719588,0.121561522743229,45,0.365316461737334,0.716586731697072,"g__GGB9512","ZIGMM",1
"fixed","irAE.sample",0.267555905172578,0.326817246474482,45,0.818671315724058,0.417288408348418,"g__Mediterraneibacter","GMM",1
"fixed","irAE.sample",-0.0435994241902059,0.064687697104464,45,-0.673998706737036,0.50375979085646,"g__GGB3550","ZIGMM",1
"fixed","irAE.sample",-0.133511662352214,0.198430501637083,45,-0.67283840564188,0.504490827352526,"g__Enterocloster","GMM",1
"fixed","irAE.sample",0.015944645150324,0.0331123764964117,45,0.481531283387402,0.632472457496485,"g__GGB38744","ZIGMM",1
"fixed","irAE.sample",0.00130414475039912,0.00504169118338743,45,0.258672081046202,0.797067806337803,"g__GGB9575","ZIGMM",1
"fixed","irAE.sample",-0.00222092356052894,0.00564267933750852,45,-0.393593792538559,0.695739737113319,"g__Pediococcus","ZIGMM",1
"fixed","irAE.sample",-0.00147920080850857,0.0168737233991702,45,-0.0876629759488241,0.930533495785076,"g__Clostridia_unclassified","ZIGMM",1
"fixed","irAE.sample",0.0388265773597127,0.0750518520189716,45,0.517330036704466,0.607459555424065,"g__Monoglobus","ZIGMM",1
"fixed","irAE.sample",0.0716206309257188,0.0438580724436837,45,1.63300908898091,0.109445720449036,"g__GGB3493","ZIGMM",1
"fixed","irAE.sample",-0.00637698782699565,0.0193799172286891,45,-0.329051344840393,0.743643465015154,"g__GGB36331","ZIGMM",1
"fixed","irAE.sample",0.881687040270142,0.272781976566401,45,3.23220416307644,0.00230085907130333,"g__Firmicutes_unclassified","ZIGMM",1
"fixed","irAE.sample",0.0447531513107999,0.0441900640055704,45,1.01274239623546,0.316597813503547,"g__GGB3600","ZIGMM",1
"fixed","irAE.sample",-0.317419013920627,0.244182251171861,45,-1.29992664248648,0.200245503638599,"g__Brotolimicola","ZIGMM",1
"fixed","irAE.sample",0.00694125758786883,0.00550663179851782,45,1.26052691406336,0.21397641764646,"g__GGB3606","ZIGMM",1
"fixed","irAE.sample",0.0429013373350627,0.114607075352954,45,0.374334108107548,0.709913962564885,"g__Eggerthella","ZIGMM",1
"fixed","irAE.sample",-0.000317813095408747,0.00331567422971344,45,-0.0958517252873226,0.924063929658728,"g__Phocea","ZIGMM",1
"fixed","irAE.sample",0.0189258297977755,0.0977763321660846,45,0.193562484688296,0.847389546801795,"g__Ruthenibacterium","GMM",1
"fixed","irAE.sample",-0.0238221933565101,0.0251580104487821,45,-0.946902912096665,0.348745527263153,"g__Pseudoflavonifractor","ZIGMM",1
"fixed","irAE.sample",-0.0011469141801456,0.00557137263448885,45,-0.205858458119598,0.83782997469231,"g__GGB3511","ZIGMM",1
"fixed","irAE.sample",-0.00898142301987114,0.142307939932348,45,-0.0631125924817748,0.94995635896934,"g__Escherichia","ZIGMM",1
"fixed","irAE.sample",0.00615735045963669,0.0505756928154193,45,0.121745251856628,0.903642821605721,"g__GGB3433","ZIGMM",1
"fixed","irAE.sample",1.57443908790001,1.55722200402842,45,1.01105628088163,0.317395211749512,"s__Phocaeicola_coprocola","ZIGMM",1
"fixed","irAE.sample",0.0958737391435582,0.893662167592139,45,0.10728185954417,0.915042260680426,"s__Bacteroides_eggerthii","ZIGMM",1
"fixed","irAE.sample",0.033534858965477,1.00956668892064,45,0.0332170814801051,0.973648378028328,"s__Phocaeicola_vulgatus","ZIGMM",1
"fixed","irAE.sample",-0.292573232806338,0.850731773209027,45,-0.343907729815625,0.732517511981945,"s__GGB1495_SGB2071","ZIGMM",1
"fixed","irAE.sample",0.397058786064678,0.358432248607245,45,1.10776524045346,0.273849311586469,"s__Bifidobacterium_adolescentis","ZIGMM",1
"fixed","irAE.sample",-0.0153538022091366,0.157941828433296,45,-0.0972117542353319,0.922989921897255,"s__Megasphaera_massiliensis","ZIGMM",1
"fixed","irAE.sample",-0.0255313134787842,0.207837476854131,45,-0.122842683933769,0.902778678022215,"s__Acidaminococcus_intestini","ZIGMM",1
"fixed","irAE.sample",-0.435169241051863,0.438691934613046,45,-0.991970006094846,0.32651635033904,"s__Alistipes_putredinis","ZIGMM",1
"fixed","irAE.sample",0.248882882932455,0.469014667810874,45,0.530650531878067,0.598270209054245,"s__Eubacterium_rectale","ZIGMM",1
"fixed","irAE.sample",0.713660170710351,0.418467338045933,45,1.7054142720979,0.095012022057134,"s__Blautia_wexlerae","GMM",1
"fixed","irAE.sample",1.21163697179453,0.587166524204821,45,2.06353210179243,0.0448583466393628,"s__Blautia_massiliensis","ZIGMM",1
"fixed","irAE.sample",-0.198392069442551,0.59179952260269,45,-0.335235264418662,0.739005442618643,"s__Parabacteroides_distasonis","ZIGMM",1
"fixed","irAE.sample",0.0595274710482088,0.0496391247639245,45,1.19920468645069,0.236724944047462,"s__Parasutterella_SGB9260","ZIGMM",1
"fixed","irAE.sample",-0.14051709839768,0.142081272107682,45,-0.988990993064749,0.327955722317946,"s__Clostridium_sp_AT4","ZIGMM",1
"fixed","irAE.sample",-0.387333405549644,0.332391084427785,45,-1.16529420822596,0.250039818470942,"s__Bacteroides_caccae","ZIGMM",1
"fixed","irAE.sample",-0.0181969016567902,0.318960970736157,45,-0.0570505589282351,0.954757494076873,"s__Bacteroides_ovatus","ZIGMM",1
"fixed","irAE.sample",-1.33307377446046,1.28584682993004,45,-1.03672828165154,0.305401563826369,"s__Alistipes_onderdonkii","ZIGMM",1
"fixed","irAE.sample",0.27149919945964,0.814731111992286,45,0.33323779522269,0.740502508087095,"s__Bacteroides_stercoris","ZIGMM",1
"fixed","irAE.sample",0.823148230217927,0.941316408556012,45,0.87446497557675,0.38650838554928,"s__Bacteroides_uniformis","GMM",1
"fixed","irAE.sample",-0.0680033094075282,0.107722351670935,45,-0.63128318638328,0.531049089340785,"s__Phascolarctobacterium_faecium","ZIGMM",1
"fixed","irAE.sample",-0.0104987508008752,0.035201818414778,45,-0.298244558765968,0.766889317663075,"s__Bifidobacterium_bifidum","ZIGMM",1
"fixed","irAE.sample",0.153088477012876,0.0837141525985289,45,1.8287048516999,0.0740760797317692,"s__Dorea_longicatena","ZIGMM",1
"fixed","irAE.sample",-0.00229370222619405,0.0162370453479483,45,-0.141263522829533,0.888292268982103,"s__Bilophila_SGB15451","ZIGMM",1
"fixed","irAE.sample",-0.0325926032737638,0.0806888909668553,45,-0.40392925077074,0.688177996505821,"s__Odoribacter_splanchnicus","ZIGMM",1
"fixed","irAE.sample",0.474284724649623,0.1441548620703,45,3.29010563943608,0.00195132843914083,"s__Collinsella_aerofaciens","ZIGMM",1
"fixed","irAE.sample",0.0345221363559666,0.143555327453659,45,0.240479660130417,0.811050653074102,"s__Anaerostipes_hadrus","ZIGMM",1
"fixed","irAE.sample",-0.0667375024605301,0.103472892727307,45,-0.644975710077138,0.522217756798611,"s__Dysosmobacter_welbionis","ZIGMM",1
"fixed","irAE.sample",-0.118293065431271,0.334690143105819,45,-0.353440541551505,0.725408693568078,"s__Parabacteroides_merdae","ZIGMM",1
"fixed","irAE.sample",-0.00279316761412524,0.0329563723213136,45,-0.0847534912791005,0.932833316051492,"s__Clostridium_SGB4750","ZIGMM",1
"fixed","irAE.sample",-0.0617349722567689,0.120270650456251,45,-0.513300393924661,0.61025224250731,"s__Flavonifractor_plautii","ZIGMM",1
"fixed","irAE.sample",-0.118293044662137,0.299962349165289,45,-0.394359642106131,0.695178332247113,"s__Bacteroides_fragilis","ZIGMM",1
"fixed","irAE.sample",-0.070266744936257,0.107045012210107,45,-0.656422410400009,0.514895236399315,"s__Streptococcus_salivarius","ZIGMM",1
"fixed","irAE.sample",-0.0378901894282007,0.134048474230479,45,-0.282660355857936,0.778733343695087,"s__Blautia_faecis","ZIGMM",1
"fixed","irAE.sample",-0.00116050068099511,0.00690301598931722,45,-0.168115021432812,0.867246106002092,"s__Bifidobacterium_pullorum","ZIGMM",1
"fixed","irAE.sample",0.121627876695563,0.0880592827904051,45,1.38120448908329,0.174036682226518,"s__Roseburia_intestinalis","ZIGMM",1
"fixed","irAE.sample",0.075361507474825,0.162794140791786,45,0.462925183352958,0.64564896871699,"s__Blautia_caecimuris","ZIGMM",1
"fixed","irAE.sample",0.0228072928483289,0.10918329319187,45,0.208889951764408,0.835476861372633,"s__Dialister_invisus","ZIGMM",1
"fixed","irAE.sample",0.018613501187037,0.0655049538294561,45,0.284154099787594,0.777595740647483,"s__Clostridiaceae_bacterium_Marseille_Q3526","ZIGMM",1
"fixed","irAE.sample",0.0615618264666572,0.0445193955116688,45,1.38280912755254,0.173547241852921,"s__Coprococcus_comes","ZIGMM",1
"fixed","irAE.sample",0.0179157131731419,0.0887281191751737,45,0.201916972203269,0.84089168450357,"s__Clostridiales_bacterium","ZIGMM",1
"fixed","irAE.sample",0.0444084253719588,0.121561522743229,45,0.365316461737334,0.716586731697072,"s__GGB9512_SGB14909","ZIGMM",1
"fixed","irAE.sample",0.0632951188642649,0.0537195768561746,45,1.17825051067932,0.244890053859055,"s__Blautia_glucerasea","ZIGMM",1
"fixed","irAE.sample",0.0297693555262743,0.0209312309990854,45,1.42224580711833,0.161849799165614,"s__Dorea_formicigenerans","ZIGMM",1
"fixed","irAE.sample",-0.0204093987570962,0.0481616369831554,45,-0.42376879266447,0.673753259990028,"s__GGB3550_SGB4746","ZIGMM",1
"fixed","irAE.sample",-0.0978032449497088,0.072086307812525,45,-1.35675203679547,0.181627516705111,"s__Enterocloster_hominis","ZIGMM",1
"fixed","irAE.sample",0.00384407910572123,0.00974290306532185,45,0.394551714201443,0.69503756116497,"s__Collinsella_stercoris","ZIGMM",1
"fixed","irAE.sample",0.015944645150324,0.0331123764964117,45,0.481531283387402,0.632472457496485,"s__GGB38744_SGB14842","ZIGMM",1
"fixed","irAE.sample",0.00130414475039912,0.00504169118338743,45,0.258672081046202,0.797067806337803,"s__GGB9575_SGB14988","ZIGMM",1
"fixed","irAE.sample",-0.0203638218896465,0.0937205654149898,45,-0.217282320048717,0.828970516765755,"s__Ruminococcus_gnavus","ZIGMM",1
"fixed","irAE.sample",-0.00222092356052894,0.00564267933750852,45,-0.393593792538559,0.695739737113319,"s__Pediococcus_acidilactici","ZIGMM",1
"fixed","irAE.sample",0.146000908125167,0.109095601405744,45,1.33828409435286,0.187526968876922,"s__Roseburia_hominis","ZIGMM",1
"fixed","irAE.sample",-0.00204459789929792,0.00484471121712152,45,-0.422026785017069,0.675014965601021,"s__Clostridia_bacterium_UC5_1_1D1","ZIGMM",1
"fixed","irAE.sample",0.0388265773597127,0.0750518520189716,45,0.517330036704466,0.607459555424065,"s__Monoglobus_pectinilyticus","ZIGMM",1
"fixed","irAE.sample",0.0716206309257188,0.0438580724436837,45,1.63300908898091,0.109445720449036,"s__GGB3493_SGB4668","ZIGMM",1
"fixed","irAE.sample",-0.00461117845039046,0.0140964428349721,45,-0.327116457986871,0.745096642372064,"s__GGB36331_SGB63183","ZIGMM",1
"fixed","irAE.sample",-0.00435242270408004,0.0160020360822198,45,-0.271991806649912,0.78687239247483,"s__Blautia_SGB4793","ZIGMM",1
"fixed","irAE.sample",-0.080305771636662,0.201288773051853,45,-0.398958026416977,0.691811134910919,"s__Ruminococcus_torques","ZIGMM",1
"fixed","irAE.sample",0.0631897978212308,0.035650203379268,45,1.77249473583587,0.083082165554346,"s__Clostridiaceae_bacterium","ZIGMM",1
"fixed","irAE.sample",-0.00709348492308463,0.0726076536867041,45,-0.0976961045138907,0.922607467947713,"s__Mediterraneibacter_glycyrrhizinilyticus","ZIGMM",1
"fixed","irAE.sample",0.1261041212968,0.13790168021127,45,0.91444949114184,0.365354762591944,"s__Streptococcus_thermophilus","ZIGMM",1
"fixed","irAE.sample",1.77876084220662,0.337951062242132,45,5.26336810544536,3.80931372244088e-06,"s__Firmicutes_bacterium","ZIGMM",0.00955756812960417
"fixed","irAE.sample",0.0373550217070748,0.0441874847287079,45,0.845375606609396,0.402373813310972,"s__GGB3600_SGB4861","ZIGMM",1
"fixed","irAE.sample",-0.317419013920627,0.244182251171861,45,-1.29992664248648,0.200245503638599,"s__Brotolimicola_acetigignens","ZIGMM",1
"fixed","irAE.sample",0.00694125758786883,0.00550663179851782,45,1.26052691406336,0.21397641764646,"s__GGB3606_SGB4870","ZIGMM",1
"fixed","irAE.sample",0.0429013373350627,0.114607075352954,45,0.374334108107548,0.709913962564885,"s__Eggerthella_lenta","ZIGMM",1
"fixed","irAE.sample",-0.000317813095408747,0.00331567422971344,45,-0.0958517252873226,0.924063929658728,"s__Phocea_massiliensis","ZIGMM",1
"fixed","irAE.sample",0.0189258297977755,0.0977763321660846,45,0.193562484688296,0.847389546801795,"s__Ruthenibacterium_lactatiformans","GMM",1
"fixed","irAE.sample",-0.0153258171363225,0.014047227332407,45,-1.09102079532562,0.281071165206766,"s__Pseudoflavonifractor_phocaeensis","ZIGMM",1
"fixed","irAE.sample",-0.0379062699226682,0.06838293366629,45,-0.554323540836249,0.582102007037429,"s__Bacteroides_xylanisolvens","ZIGMM",1
"fixed","irAE.sample",-0.0011469141801456,0.00557137263448885,45,-0.205858458119598,0.83782997469231,"s__GGB3511_SGB4688","ZIGMM",1
"fixed","irAE.sample",-0.00898142301987114,0.142307939932348,45,-0.0631125924817748,0.94995635896934,"s__Escherichia_coli","ZIGMM",1
"fixed","irAE.sample",-0.0094385252737911,0.04228744932294,45,-0.223199209810721,0.824390583311334,"s__GGB3433_SGB4574","ZIGMM",1
"fixed","irAE.sample",-0.150680283472985,0.197895030711346,45,-0.76141519537583,0.45038113908352,"c__CFGB3012","ZIGMM",1
"fixed","irAE.sample",-0.0737160802862178,0.25302894685862,45,-0.291334573381466,0.772134164560907,"c__Erysipelotrichia","GMM",1
"fixed","irAE.sample",0.000672946138388901,0.00551193684404509,45,0.122088869562417,0.903372236281675,"c__CFGB1260","ZIGMM",1
"fixed","irAE.sample",-0.150680283472985,0.197895030711346,45,-0.76141519537583,0.45038113908352,"o__OFGB3012","ZIGMM",1
"fixed","irAE.sample",-0.0737160802862178,0.25302894685862,45,-0.291334573381466,0.772134164560907,"o__Erysipelotrichales","GMM",1
"fixed","irAE.sample",0.000672946138388901,0.00551193684404509,45,0.122088869562417,0.903372236281675,"o__OFGB1260","ZIGMM",1
"fixed","irAE.sample",0.768566809515324,2.4459999595234,45,0.314213745802791,0.754810846644859,"f__Prevotellaceae","ZIGMM",1
"fixed","irAE.sample",-0.150680283472985,0.197895030711346,45,-0.76141519537583,0.45038113908352,"f__FGB3012","ZIGMM",1
"fixed","irAE.sample",-0.0868169817917059,0.184071671748673,45,-0.471647706390387,0.639457173822262,"f__Erysipelotrichaceae","ZIGMM",1
"fixed","irAE.sample",0.00172373734925145,0.0176248098506116,45,0.0978017558125105,0.922524045743567,"f__Coprobacillaceae","ZIGMM",1
"fixed","irAE.sample",-0.0495802084845697,0.164155465187552,45,-0.302032030599305,0.764019193374744,"f__Eubacteriaceae","ZIGMM",1
"fixed","irAE.sample",0.0506440134949371,0.0318244281842837,45,1.59135658939969,0.118530774062382,"f__Eubacteriales_Family_XIII_Incertae_Sedis","ZIGMM",1
"fixed","irAE.sample",-0.0499847835680377,0.071357091316537,45,-0.70048796336593,0.487228806371198,"f__Peptostreptococcaceae","ZIGMM",1
"fixed","irAE.sample",0.000672946138388901,0.00551193684404509,45,0.122088869562417,0.903372236281675,"f__FGB1260","ZIGMM",1
"fixed","irAE.sample",0.0108401863835736,0.0165582624437485,45,0.654669318136474,0.516013113882812,"g__GGB9739","ZIGMM",1
"fixed","irAE.sample",0.138303524341988,0.116308325595017,45,1.18911112884178,0.240632889556074,"g__Paraprevotella","ZIGMM",1
"fixed","irAE.sample",-0.150680283472985,0.197895030711346,45,-0.76141519537583,0.45038113908352,"g__GGB9480","ZIGMM",1
"fixed","irAE.sample",0.018562540680965,0.0164284365132627,45,1.12990305961126,0.264503945977554,"g__Tyzzerella","ZIGMM",1
"fixed","irAE.sample",0.124562013221496,0.111158565257848,45,1.12057953368287,0.268411768275902,"g__Oliverpabstia","ZIGMM",1
"fixed","irAE.sample",0.0243559029276014,0.0210290468735994,45,1.15820289307447,0.252891308314306,"g__Holdemanella","ZIGMM",1
"fixed","irAE.sample",1.73296152028136,0.681021106033695,45,2.54465170745474,0.0144390836014973,"g__Anaerobutyricum","ZIGMM",1
"fixed","irAE.sample",-0.0514075524974355,0.272822677105043,45,-0.18842844386298,0.851388002052901,"g__Faecalimonas","ZIGMM",1
"fixed","irAE.sample",-0.000740824461576309,0.000346092464017508,45,-2.14053912927394,0.0377657768532601,"g__Catenibacterium","ZIGMM",1
"fixed","irAE.sample",-0.0392106114029646,0.0933699356558947,45,-0.419949003150986,0.676521101847947,"g__Eubacterium","ZIGMM",1
"fixed","irAE.sample",0.0450366031276805,0.195244375433862,45,0.230667864452446,0.818618346816143,"g__Fusicatenibacter","ZIGMM",1
"fixed","irAE.sample",0.0114941106102684,0.0497787650964206,45,0.23090389221196,0.818436093748034,"g__Agathobaculum","ZIGMM",1
"fixed","irAE.sample",-0.00114987648445611,0.00269980238332128,45,-0.425911352460375,0.672202741783219,"g__Dielma","ZIGMM",1
"fixed","irAE.sample",0.0374297997901695,0.0145994499613124,45,2.56378150473861,0.0137646623993301,"g__Mogibacterium","ZIGMM",1
"fixed","irAE.sample",-0.0539959522828804,0.0708223679260988,45,-0.762413822977843,0.449791078059113,"g__Lacrimispora","ZIGMM",1
"fixed","irAE.sample",0.191046942087779,0.082285261098193,45,2.32176381940136,0.0248305420963529,"g__Evtepia","ZIGMM",1
"fixed","irAE.sample",-0.011679281675555,0.0146714624245461,45,-0.796054363061653,0.430180014902889,"g__Hydrogenoanaerobacterium","ZIGMM",1
"fixed","irAE.sample",-0.015610591020363,0.0324473604537804,45,-0.481105113083066,0.632772939736126,"g__Intestinibacter","ZIGMM",1
"fixed","irAE.sample",-0.051131845188892,0.382608756422158,45,-0.133640028699382,0.894283108438148,"g__Gemmiger","ZIGMM",1
"fixed","irAE.sample",0.103560499626557,0.100396894143709,45,1.0315109895563,0.307813528848033,"g__Simiaoa","ZIGMM",1
"fixed","irAE.sample",0.00157140021249989,0.00487907458051853,45,0.322069315926072,0.748891651218803,"g__GGB3057","ZIGMM",1
"fixed","irAE.sample",0.00604596111330618,0.0351718754685405,45,0.171897603774754,0.864288759459834,"g__Anaerotignum","ZIGMM",1
"fixed","irAE.sample",-0.0153767408483398,0.0602108365165743,45,-0.2553816179602,0.79959204818734,"g__Desulfovibrio","ZIGMM",1
"fixed","irAE.sample",-0.00105882191587319,0.00628573924601432,45,-0.168448272260828,0.866985481799854,"g__GGB9614","ZIGMM",1
"fixed","irAE.sample",0.0108401863835736,0.0165582624437485,45,0.654669318136474,0.516013113882812,"s__GGB9739_SGB15313","ZIGMM",1
"fixed","irAE.sample",0.0299338639222803,0.0424849480421356,45,0.704575745099007,0.484704996532911,"s__Bacteroides_salyersiae","ZIGMM",1
"fixed","irAE.sample",-0.0901889208928063,0.373972011428733,45,-0.241164895063259,0.810522813561437,"s__Alistipes_finegoldii","ZIGMM",1
"fixed","irAE.sample",-0.297427840542425,0.187150000533837,45,-1.5892484087311,0.119006394677046,"s__Bacteroides_faecis","ZIGMM",1
"fixed","irAE.sample",0.0467176881598955,0.0394984837903829,45,1.18277168328346,0.243111244137091,"s__Parasutterella_excrementihominis","ZIGMM",1
"fixed","irAE.sample",0.146358127527376,0.115656229523129,45,1.26545823022967,0.212220347013032,"s__Paraprevotella_clara","ZIGMM",1
"fixed","irAE.sample",-0.0246067544156511,0.09770142716686,45,-0.251856652755198,0.80229858818798,"s__Clostridium_fessum","ZIGMM",1
"fixed","irAE.sample",0.235390804330773,0.266861835626394,45,0.882069943715442,0.382426544300971,"s__Bacteroides_finegoldii","ZIGMM",1
"fixed","irAE.sample",-0.0816562350039121,0.209099983114512,45,-0.390512872299916,0.69799994017003,"s__GGB9480_SGB14874","ZIGMM",1
"fixed","irAE.sample",-0.00101816620792598,0.00257483275945565,45,-0.395430034897191,0.694393971860748,"s__Tyzzerella_SGB4587","ZIGMM",1
"fixed","irAE.sample",-4.21851526292665,0.823528167412025,45,-5.1224905593497,6.11153824737833e-06,"s__Phocaeicola_dorei","ZIGMM",0.0153338494626722
"fixed","irAE.sample",-0.0599432738107436,0.0715022310075909,45,-0.838341307201727,0.406270148742637,"s__Clostridium_sp_AM22_11AC","ZIGMM",1
"fixed","irAE.sample",0.124562013221496,0.111158565257848,45,1.12057953368287,0.268411768275902,"s__Oliverpabstia_intestinalis","ZIGMM",1
"fixed","irAE.sample",0.0251037774557709,0.0199841991490711,45,1.25618130946908,0.21553287320238,"s__Holdemanella_porci","ZIGMM",1
"fixed","irAE.sample",-0.0514075524974355,0.272822677105043,45,-0.18842844386298,0.851388002052901,"s__Faecalimonas_umbilicata","ZIGMM",1
"fixed","irAE.sample",-0.000740851724352988,0.000346099067658643,45,-2.14057705894686,0.0377625413360865,"s__Catenibacterium_tridentinum","ZIGMM",1
"fixed","irAE.sample",0.0316083567427851,0.193889519885651,45,0.163022512828061,0.871230623416693,"s__Fusicatenibacter_saccharivorans","ZIGMM",1
"fixed","irAE.sample",0.0114941106102684,0.0497787650964206,45,0.23090389221196,0.818436093748034,"s__Agathobaculum_butyriciproducens","ZIGMM",1
"fixed","irAE.sample",-0.00114987648445611,0.00269980238332128,45,-0.425911352460375,0.672202741783219,"s__Dielma_fastidiosa","ZIGMM",1
"fixed","irAE.sample",-2.08342623969907e-05,0.0198506020873329,45,-0.00104955317250984,0.999167216950313,"s__Coprococcus_catus","ZIGMM",1
"fixed","irAE.sample",2.68179887736622,0.682284989097183,45,3.93061392265839,0.000289272571824883,"s__Anaerobutyricum_hallii","ZIGMM",0.725784882708631
"fixed","irAE.sample",-0.00883819948547421,0.0378962193133849,45,-0.233221140409449,0.816647329034115,"s__Eubacterium_ramulus","ZIGMM",1
"fixed","irAE.sample",-0.310940895315199,0.816087991394691,45,-0.381013933048815,0.704985853659181,"s__Blautia_obeum","ZIGMM",1
"fixed","irAE.sample",0.0188537632973988,0.016085590308964,45,1.17209023326252,0.247328919844042,"s__Tyzzerella_nexilis","ZIGMM",1
"fixed","irAE.sample",0.0374297997901695,0.0145994499613124,45,2.56378150473861,0.0137646623993301,"s__Mogibacterium_kristiansenii","ZIGMM",1
"fixed","irAE.sample",-0.0539959522828804,0.0708223679260988,45,-0.762413822977843,0.449791078059113,"s__Lacrimispora_amygdalina","ZIGMM",1
"fixed","irAE.sample",0.191046942087779,0.082285261098193,45,2.32176381940136,0.0248305420963529,"s__Evtepia_gabavorous","ZIGMM",1
"fixed","irAE.sample",-0.0156770431733714,0.0112577117086162,45,-1.39256036920654,0.170595787870782,"s__Hydrogenoanaerobacterium_SGB53821","ZIGMM",1
"fixed","irAE.sample",0.490268518721438,0.695497691304097,45,0.704917535818352,0.484494305999859,"s__Bacteroides_cellulosilyticus","ZIGMM",1
"fixed","irAE.sample",-0.0890638819219286,0.367199342345523,45,-0.242549132449486,0.809456801221644,"s__Anaerobutyricum_soehngenii","ZIGMM",1
"fixed","irAE.sample",0.000949984015341048,0.0169051961769642,45,0.056194793919963,0.955435401479348,"s__Eubacterium_ventriosum","ZIGMM",1
"fixed","irAE.sample",0.0165571191191582,0.0120983422310197,45,1.36854445038811,0.177935635801544,"s__Dorea_sp_AF36_15AT","ZIGMM",1
"fixed","irAE.sample",-0.015610591020363,0.0324473604537804,45,-0.481105113083066,0.632772939736126,"s__Intestinibacter_bartlettii","ZIGMM",1
"fixed","irAE.sample",-0.0441360272152703,0.395818005136848,45,-0.11150586037644,0.911711103050612,"s__Gemmiger_formicilis","ZIGMM",1
"fixed","irAE.sample",0.165403326775966,0.0808027571614106,45,2.04700102554123,0.0465242033479695,"s__Mediterraneibacter_faecis","ZIGMM",1
"fixed","irAE.sample",0.103560499626557,0.100396894143709,45,1.0315109895563,0.307813528848033,"s__Simiaoa_sunii","ZIGMM",1
"fixed","irAE.sample",0.00485005919365605,0.00221543276083252,45,2.18921525374278,0.0338089308682926,"s__GGB3057_SGB71294","ZIGMM",1
"fixed","irAE.sample",-0.0234712666048244,0.0319329249198739,45,-0.735017749351759,0.46614215827524,"s__Anaerotignum_faecicola","ZIGMM",1
"fixed","irAE.sample",-0.0261345301414258,0.0457246254109836,45,-0.571563570100848,0.570461710244387,"s__Lachnospiraceae_bacterium_CLA_AA_H244","ZIGMM",1
"fixed","irAE.sample",-0.0246373389035232,0.0556716609253126,45,-0.442547222303569,0.660213207695507,"s__Blautia_SGB4815","ZIGMM",1
"fixed","irAE.sample",-0.0562207593710475,0.0300477216916687,45,-1.87104899159911,0.0678489125173424,"s__Desulfovibrio_fairfieldensis","ZIGMM",1
"fixed","irAE.sample",0.0963691400118786,0.0345126539494902,45,2.79228424892842,0.00765642828851634,"s__Clostridium_sp_AF20_17LB","ZIGMM",1
"fixed","irAE.sample",-0.00105882191587319,0.00628573924601432,45,-0.168448272260828,0.866985481799854,"s__GGB9614_SGB15049","ZIGMM",1
"fixed","irAE.sample",0.0641956315902367,0.193023145206997,45,0.332579968694394,0.740995759419993,"c__CFGB658","ZIGMM",1
"fixed","irAE.sample",-0.285065908557903,0.395350513767951,45,-0.721046005077967,0.474610760874301,"c__CFGB4806","ZIGMM",1
"fixed","irAE.sample",-0.498906745189853,1.30014238177239,45,-0.383732391301426,0.702983926775461,"c__CFGB343","ZIGMM",1
"fixed","irAE.sample",0.177896344494482,0.35507986017607,45,0.50100375843978,0.618810438439799,"c__CFGB1354","ZIGMM",1
"fixed","irAE.sample",-0.0458581621401096,0.0603601636930153,45,-0.759742176534491,0.451370693967627,"c__CFGB1458","ZIGMM",1
"fixed","irAE.sample",-0.0704483699037144,0.23990211531749,45,-0.293654642479838,0.770371961639991,"c__CFGB4405","ZIGMM",1
"fixed","irAE.sample",-0.093907153004153,0.0704636670872548,45,-1.33270317719724,0.189338224779877,"c__CFGB3062","ZIGMM",1
"fixed","irAE.sample",-1.74279660118118,0.739235278207994,45,-2.35756687019315,0.0228035133280761,"c__CFGB2982","ZIGMM",1
"fixed","irAE.sample",-0.00278573880559512,0.00704425579583648,45,-0.395462471314803,0.694370208439065,"c__CFGB2880","ZIGMM",1
"fixed","irAE.sample",-0.0885476642718985,0.293612627403578,45,-0.301579891351837,0.764361646676145,"c__CFGB38642","ZIGMM",1
"fixed","irAE.sample",0.00745340579273401,0.0141182912835246,45,0.527925486381755,0.600144811633926,"c__CFGB3023","ZIGMM",1
"fixed","irAE.sample",0.0429447686432184,0.0290917229080309,45,1.47618512588552,0.14685810452885,"c__CFGB3070","ZIGMM",1
"fixed","irAE.sample",-0.0316684263884661,0.211938664779776,45,-0.149422600266792,0.881887855272454,"c__CFGB3054","ZIGMM",1
"fixed","irAE.sample",-0.00496960833389766,0.00625487238722279,45,-0.794517941572937,0.431064360493967,"c__CFGB1258","ZIGMM",1
"fixed","irAE.sample",-0.0254028703676063,0.0637124856933411,45,-0.398711023297296,0.69199184534694,"c__CFGB72924","ZIGMM",1
"fixed","irAE.sample",-0.0066727352769224,0.00678457536479213,45,-0.983515536071702,0.330612385141366,"c__CFGB1473","ZIGMM",1
"fixed","irAE.sample",-0.00110008820537729,0.00220451981818361,45,-0.499014885828378,0.620199727973894,"c__CFGB2881","ZIGMM",1
"fixed","irAE.sample",0.00735719378515285,0.0149987595816572,45,0.490520149022882,0.626149302743712,"c__CFGB2834","ZIGMM",1
"fixed","irAE.sample",-0.0224297715728219,0.0405754279189254,45,-0.552791990700363,0.583141618306222,"c__CFGB3038","ZIGMM",1
"fixed","irAE.sample",-0.0185321904530195,0.168488452056218,45,-0.109990864221579,0.912905687432768,"c__CFGB79294","ZIGMM",1
"fixed","irAE.sample",0.00088749544082834,0.00313669297168271,45,0.282939850613506,0.778520449185035,"c__CFGB1211","ZIGMM",1
"fixed","irAE.sample",-0.189125774675053,0.192944592777843,45,-0.980207695650808,0.332224287617101,"c__CFGB1227","ZIGMM",1
"fixed","irAE.sample",0.00474930872740272,0.00213658946079339,45,2.22284571488953,0.0312935765093105,"c__CFGB2954","ZIGMM",1
"fixed","irAE.sample",-0.00153367160757651,0.00209767102822749,45,-0.73113066202399,0.468489469576224,"c__CFGB79291","ZIGMM",1
"fixed","irAE.sample",-0.00173841270388527,0.00193432457613046,45,-0.89871820134907,0.373586644688269,"c__CFGB83839","ZIGMM",1
"fixed","irAE.sample",-0.000194149374487831,0.0011350465934494,45,-0.171049695764306,0.864951512392264,"c__CFGB32970","ZIGMM",1
"fixed","irAE.sample",-0.00289494030923827,0.00553476584274705,45,-0.523046573511669,0.603507936521961,"c__CFGB1359","ZIGMM",1
"fixed","irAE.sample",0.0641956315902367,0.193023145206997,45,0.332579968694394,0.740995759419993,"o__OFGB658","ZIGMM",1
"fixed","irAE.sample",-0.285065908557903,0.395350513767951,45,-0.721046005077967,0.474610760874301,"o__OFGB4806","ZIGMM",1
"fixed","irAE.sample",-0.498906745189853,1.30014238177239,45,-0.383732391301426,0.702983926775461,"o__OFGB343","ZIGMM",1
"fixed","irAE.sample",0.177896344494482,0.35507986017607,45,0.50100375843978,0.618810438439799,"o__OFGB1354","ZIGMM",1
"fixed","irAE.sample",-0.0458581621401096,0.0603601636930153,45,-0.759742176534491,0.451370693967627,"o__OFGB1458","ZIGMM",1
"fixed","irAE.sample",-0.0704483699037144,0.23990211531749,45,-0.293654642479838,0.770371961639991,"o__OFGB4405","ZIGMM",1
"fixed","irAE.sample",-0.093907153004153,0.0704636670872548,45,-1.33270317719724,0.189338224779877,"o__OFGB3062","ZIGMM",1
"fixed","irAE.sample",-1.74279660118118,0.739235278207994,45,-2.35756687019315,0.0228035133280761,"o__OFGB2982","ZIGMM",1
"fixed","irAE.sample",-0.00278573880559512,0.00704425579583648,45,-0.395462471314803,0.694370208439065,"o__OFGB2880","ZIGMM",1
"fixed","irAE.sample",-0.0885476642718985,0.293612627403578,45,-0.301579891351837,0.764361646676145,"o__OFGB38642","ZIGMM",1
"fixed","irAE.sample",0.00745340579273401,0.0141182912835246,45,0.527925486381755,0.600144811633926,"o__OFGB3023","ZIGMM",1
"fixed","irAE.sample",0.0429447686432184,0.0290917229080309,45,1.47618512588552,0.14685810452885,"o__OFGB3070","ZIGMM",1
"fixed","irAE.sample",-0.0316684263884661,0.211938664779776,45,-0.149422600266792,0.881887855272454,"o__OFGB3054","ZIGMM",1
"fixed","irAE.sample",-0.00496960833389766,0.00625487238722279,45,-0.794517941572937,0.431064360493967,"o__OFGB1258","ZIGMM",1
"fixed","irAE.sample",-0.0254028703676063,0.0637124856933411,45,-0.398711023297296,0.69199184534694,"o__OFGB72924","ZIGMM",1
"fixed","irAE.sample",-0.0066727352769224,0.00678457536479213,45,-0.983515536071702,0.330612385141366,"o__OFGB1473","ZIGMM",1
"fixed","irAE.sample",-0.00110008820537729,0.00220451981818361,45,-0.499014885828378,0.620199727973894,"o__OFGB2881","ZIGMM",1
"fixed","irAE.sample",0.00735719378515285,0.0149987595816572,45,0.490520149022882,0.626149302743712,"o__OFGB2834","ZIGMM",1
"fixed","irAE.sample",-0.03633168408071,0.243190935890141,45,-0.149395716364702,0.88190894475518,"o__Candidatus_Borkfalkiales","ZIGMM",1
"fixed","irAE.sample",-0.0224297715728219,0.0405754279189254,45,-0.552791990700363,0.583141618306222,"o__OFGB3038","ZIGMM",1
"fixed","irAE.sample",-0.0185321904530195,0.168488452056218,45,-0.109990864221579,0.912905687432768,"o__OFGB79294","ZIGMM",1
"fixed","irAE.sample",0.00088749544082834,0.00313669297168271,45,0.282939850613506,0.778520449185035,"o__OFGB1211","ZIGMM",1
"fixed","irAE.sample",-0.189125774675053,0.192944592777843,45,-0.980207695650808,0.332224287617101,"o__OFGB1227","ZIGMM",1
"fixed","irAE.sample",0.00474930872740272,0.00213658946079339,45,2.22284571488953,0.0312935765093105,"o__OFGB2954","ZIGMM",1
"fixed","irAE.sample",0.0148313729711786,0.00525850463607,45,2.82045448233417,0.00710892100213263,"o__Pasteurellales","ZIGMM",1
"fixed","irAE.sample",-0.00153367160757651,0.00209767102822749,45,-0.73113066202399,0.468489469576224,"o__OFGB79291","ZIGMM",1
"fixed","irAE.sample",-0.00173841270388527,0.00193432457613046,45,-0.89871820134907,0.373586644688269,"o__OFGB83839","ZIGMM",1
"fixed","irAE.sample",-0.000194149374487831,0.0011350465934494,45,-0.171049695764306,0.864951512392264,"o__OFGB32970","ZIGMM",1
"fixed","irAE.sample",-0.00289494030923827,0.00553476584274705,45,-0.523046573511669,0.603507936521961,"o__OFGB1359","ZIGMM",1
"fixed","irAE.sample",0.0641956315902367,0.193023145206997,45,0.332579968694394,0.740995759419993,"f__FGB658","ZIGMM",1
"fixed","irAE.sample",-0.285065908557903,0.395350513767951,45,-0.721046005077967,0.474610760874301,"f__FGB4806","ZIGMM",1
"fixed","irAE.sample",-0.498906745189853,1.30014238177239,45,-0.383732391301426,0.702983926775461,"f__FGB343","ZIGMM",1
"fixed","irAE.sample",0.177896344494482,0.35507986017607,45,0.50100375843978,0.618810438439799,"f__FGB1354","ZIGMM",1
"fixed","irAE.sample",-0.0458581621401096,0.0603601636930153,45,-0.759742176534491,0.451370693967627,"f__FGB1458","ZIGMM",1
"fixed","irAE.sample",-0.0704483699037144,0.23990211531749,45,-0.293654642479838,0.770371961639991,"f__FGB4405","ZIGMM",1
"fixed","irAE.sample",-0.093907153004153,0.0704636670872548,45,-1.33270317719724,0.189338224779877,"f__FGB3062","ZIGMM",1
"fixed","irAE.sample",-1.74279660118118,0.739235278207994,45,-2.35756687019315,0.0228035133280761,"f__FGB2982","ZIGMM",1
"fixed","irAE.sample",-0.0757423976399562,0.296022656766033,45,-0.255866893660848,0.799219637580713,"f__Barnesiellaceae","ZIGMM",1
"fixed","irAE.sample",0.142688356617882,0.350485955283687,45,0.40711576160702,0.685853086156916,"f__Eubacteriales_incertae_sedis","ZIGMM",1
"fixed","irAE.sample",-0.00278573880559512,0.00704425579583648,45,-0.395462471314803,0.694370208439065,"f__FGB2880","ZIGMM",1
"fixed","irAE.sample",-0.0885476642718985,0.293612627403578,45,-0.301579891351837,0.764361646676145,"f__FGB38642","ZIGMM",1
"fixed","irAE.sample",0.00745340579273401,0.0141182912835246,45,0.527925486381755,0.600144811633926,"f__FGB3023","ZIGMM",1
"fixed","irAE.sample",0.0429447686432184,0.0290917229080309,45,1.47618512588552,0.14685810452885,"f__FGB3070","ZIGMM",1
"fixed","irAE.sample",-0.0316684263884661,0.211938664779776,45,-0.149422600266792,0.881887855272454,"f__FGB3054","ZIGMM",1
"fixed","irAE.sample",-0.00496960833389766,0.00625487238722279,45,-0.794517941572937,0.431064360493967,"f__FGB1258","ZIGMM",1
"fixed","irAE.sample",-0.0254028703676063,0.0637124856933411,45,-0.398711023297296,0.69199184534694,"f__FGB72924","ZIGMM",1
"fixed","irAE.sample",-0.0066727352769224,0.00678457536479213,45,-0.983515536071702,0.330612385141366,"f__FGB1473","ZIGMM",1
"fixed","irAE.sample",-0.00110008820537729,0.00220451981818361,45,-0.499014885828378,0.620199727973894,"f__FGB2881","ZIGMM",1
"fixed","irAE.sample",0.00735719378515285,0.0149987595816572,45,0.490520149022882,0.626149302743712,"f__FGB2834","ZIGMM",1
"fixed","irAE.sample",-0.03633168408071,0.243190935890141,45,-0.149395716364702,0.88190894475518,"f__Candidatus_Borkfalkiaceae","ZIGMM",1
"fixed","irAE.sample",-0.0224297715728219,0.0405754279189254,45,-0.552791990700363,0.583141618306222,"f__FGB3038","ZIGMM",1
"fixed","irAE.sample",-0.0185321904530195,0.168488452056218,45,-0.109990864221579,0.912905687432768,"f__FGB79294","ZIGMM",1
"fixed","irAE.sample",0.00088749544082834,0.00313669297168271,45,0.282939850613506,0.778520449185035,"f__FGB1211","ZIGMM",1
"fixed","irAE.sample",-0.189125774675053,0.192944592777843,45,-0.980207695650808,0.332224287617101,"f__FGB1227","ZIGMM",1
"fixed","irAE.sample",0.00474930872740272,0.00213658946079339,45,2.22284571488953,0.0312935765093105,"f__FGB2954","ZIGMM",1
"fixed","irAE.sample",0.0148313729711786,0.00525850463607,45,2.82045448233417,0.00710892100213263,"f__Pasteurellaceae","ZIGMM",1
"fixed","irAE.sample",-0.00153367160757651,0.00209767102822749,45,-0.73113066202399,0.468489469576224,"f__FGB79291","ZIGMM",1
"fixed","irAE.sample",-0.00173841270388527,0.00193432457613046,45,-0.89871820134907,0.373586644688269,"f__FGB83839","ZIGMM",1
"fixed","irAE.sample",-0.000194149374487831,0.0011350465934494,45,-0.171049695764306,0.864951512392264,"f__FGB32970","ZIGMM",1
"fixed","irAE.sample",-0.00289494030923827,0.00553476584274705,45,-0.523046573511669,0.603507936521961,"f__FGB1359","ZIGMM",1
"fixed","irAE.sample",-2.97845599305032e-05,0.00039926564883115,45,-0.074598353296101,0.940864922274595,"f__Hafniaceae","ZIGMM",1
"fixed","irAE.sample",-4.47486213003752,2.34045357244913,45,-1.91196363931923,0.0622603865245983,"g__Segatella","ZIGMM",1
"fixed","irAE.sample",-0.956245964284113,1.26516793456872,45,-0.75582532417729,0.453692394731587,"g__Faecalibacterium","ZIGMM",1
"fixed","irAE.sample",-0.0673313832841158,0.24614853737891,45,-0.27353964399337,0.785690027910758,"g__GGB1146","ZIGMM",1
"fixed","irAE.sample",0.276009977198221,0.203809485851036,45,1.35425481324238,0.182416815005859,"g__Wujia","ZIGMM",1
"fixed","irAE.sample",0.691115430968724,0.671236875884458,45,1.02961481378399,0.308693354760694,"g__Ruminococcus","ZIGMM",1
"fixed","irAE.sample",0.0641956315902367,0.193023145206997,45,0.332579968694394,0.740995759419993,"g__GGB1627","ZIGMM",1
"fixed","irAE.sample",-0.285065908557903,0.395350513767951,45,-0.721046005077967,0.474610760874301,"g__GGB51647","ZIGMM",1
"fixed","irAE.sample",-0.498906745189853,1.30014238177239,45,-0.383732391301426,0.702983926775461,"g__GGB781","ZIGMM",1
"fixed","irAE.sample",0.50517349552276,0.250681828985285,45,2.01519790073182,0.0498808365221301,"g__Oscillibacter","ZIGMM",1
"fixed","irAE.sample",0.507915729888584,0.595850266469706,45,0.852421755045749,0.39849421837986,"g__Oscillospiraceae_unclassified","GMM",1
"fixed","irAE.sample",-0.0147646689469158,0.0982605064787384,45,-0.150260460443593,0.88123062667423,"g__GGB3278","ZIGMM",1
"fixed","irAE.sample",0.177896344494482,0.35507986017607,45,0.50100375843978,0.618810438439799,"g__GGB3304","ZIGMM",1
"fixed","irAE.sample",-0.166965064761847,0.214613348732534,45,-0.777980800112909,0.440651726457481,"g__Lachnospira","ZIGMM",1
"fixed","irAE.sample",-0.0458581621401096,0.0603601636930153,45,-0.759742176534491,0.451370693967627,"g__GGB1458","ZIGMM",1
"fixed","irAE.sample",-0.0316117447871683,0.0607625246616051,45,-0.520250680221378,0.605439136639632,"g__GGB3345","ZIGMM",1
"fixed","irAE.sample",-0.0865622855616261,0.10609009140577,45,-0.815931859560246,0.418837252719084,"g__Ligilactobacillus","ZIGMM",1
"fixed","irAE.sample",-0.0704483699037144,0.23990211531749,45,-0.293654642479838,0.770371961639991,"g__GGB1266","ZIGMM",1
"fixed","irAE.sample",-0.0834909506868514,0.0511976698589562,45,-1.63075684727175,0.109921986979477,"g__Enterobacter","ZIGMM",1
"fixed","irAE.sample",-0.093907153004153,0.0704636670872548,45,-1.33270317719724,0.189338224779877,"g__GGB9747","ZIGMM",1
"fixed","irAE.sample",0.121824634529908,0.107363733823753,45,1.13469073951819,0.26251308432592,"g__GGB9634","ZIGMM",1
"fixed","irAE.sample",-0.0970057504477308,0.117034171579596,45,-0.828866895355914,0.411554725951285,"g__GGB33469","ZIGMM",1
"fixed","irAE.sample",0.378764792347505,0.19100365143767,45,1.98302382963138,0.0534881812306183,"g__GGB9635","ZIGMM",1
"fixed","irAE.sample",-0.109016453923181,0.494421932073779,45,-0.220492754975345,0.826484742096673,"g__GGB9715","ZIGMM",1
"fixed","irAE.sample",-0.108701463541779,0.134710512987426,45,-0.806926357350638,0.423953402064975,"g__Sutterella","ZIGMM",1
"fixed","irAE.sample",-1.74279660118118,0.739235278207994,45,-2.35756687019315,0.0228035133280761,"g__GGB9342","ZIGMM",1
"fixed","irAE.sample",-0.00517974683417037,0.022809554709425,45,-0.227086714324592,0.821384833469624,"g__GGB1116","ZIGMM",1
"fixed","irAE.sample",0.302231774773469,0.137365796932697,45,2.20019671215207,0.0329685970746784,"g__GGB9602","ZIGMM",1
"fixed","irAE.sample",-0.218006050397196,0.326339328318106,45,-0.668034868861073,0.507523391083097,"g__Barnesiella","ZIGMM",1
"fixed","irAE.sample",0.142688356617882,0.350485955283687,45,0.40711576160702,0.685853086156916,"g__Candidatus_Cibionibacter","ZIGMM",1
"fixed","irAE.sample",0.013799096208637,0.0161010145744645,45,0.857032713362161,0.395968082076741,"g__GGB13489","ZIGMM",1
"fixed","irAE.sample",-0.00278573880559512,0.00704425579583648,45,-0.395462471314803,0.694370208439065,"g__GGB9184","ZIGMM",1
"fixed","irAE.sample",-0.461626562047195,0.343175444310842,45,-1.34516198550926,0.185313009686214,"g__GGB9708","ZIGMM",1
"fixed","irAE.sample",-0.0962126203280586,0.310965650063781,45,-0.309399511837802,0.758445781761565,"g__GGB9758","ZIGMM",1
"fixed","irAE.sample",0.0305753658069033,0.0638294359984028,45,0.479016700189366,0.634246333631,"g__Lawsonibacter","ZIGMM",1
"fixed","irAE.sample",0.0117352167279805,0.0116393508356178,45,1.00823636074868,0.318731848369216,"g__GGB9502","ZIGMM",1
"fixed","irAE.sample",-0.0460731490142183,0.100948419612,45,-0.456402875758755,0.650295588110575,"g__Kineothrix","ZIGMM",1
"fixed","irAE.sample",-0.0188596318338058,0.0435177933755752,45,-0.433377484723086,0.666810972858769,"g__Butyricimonas","ZIGMM",1
"fixed","irAE.sample",-0.00631858402909267,0.0223319003208847,45,-0.28293982770394,0.778520466634822,"g__GGB9627","ZIGMM",1
"fixed","irAE.sample",-0.0147891492165052,0.0185726592572004,45,-0.796286035925182,0.43004676133139,"g__GGB9775","ZIGMM",1
"fixed","irAE.sample",-0.0487133953144302,0.0377195314232738,45,-1.29146342693889,0.203137471556589,"g__GGB9691","ZIGMM",1
"fixed","irAE.sample",-0.0274683744109715,0.0285918258522769,45,-0.96070725083771,0.341833288918476,"g__GGB9760","ZIGMM",1
"fixed","irAE.sample",-0.0383966956334767,0.050590075871293,45,-0.758976834333326,0.451823801051764,"g__Vescimonas","ZIGMM",1
"fixed","irAE.sample",0.0224632699470079,0.0088607389188018,45,2.53514635211095,0.0147852749842866,"g__Coprobacter","ZIGMM",1
"fixed","irAE.sample",0.0166088775717657,0.00870790073175213,45,1.90733427991476,0.062872310101049,"g__GGB3619","ZIGMM",1
"fixed","irAE.sample",-0.00239516509277635,0.00615029830771247,45,-0.38943884880719,0.698788510291602,"g__GGB3052","ZIGMM",1
"fixed","irAE.sample",-0.0254028703676063,0.0637124856933411,45,-0.398711023297296,0.69199184534694,"g__GGB3612","ZIGMM",1
"fixed","irAE.sample",-0.000902660805896056,0.00260234086419642,45,-0.346864939299483,0.730309685243813,"g__Paeniclostridium","ZIGMM",1
"fixed","irAE.sample",-0.0066727352769224,0.00678457536479213,45,-0.983515536071702,0.330612385141366,"g__GGB3730","ZIGMM",1
"fixed","irAE.sample",-0.00070886178624722,0.00203605260759548,45,-0.348154946293045,0.729347299177801,"g__GGB9185","ZIGMM",1
"fixed","irAE.sample",0.0102350678859405,0.0108632735103336,45,0.94217160934082,0.351135608164975,"g__GGB9616","ZIGMM",1
"fixed","irAE.sample",-0.000718595839005702,0.00292077950225978,45,-0.246028787332193,0.806778708784145,"g__GGB34228","ZIGMM",1
"fixed","irAE.sample",-8.31794468678526e-05,0.0016602796886951,45,-0.0500996593731912,0.960264690014666,"g__GGB9608","ZIGMM",1
"fixed","irAE.sample",-0.000723160037096244,0.00182879865876478,45,-0.395429006703606,0.694394725136363,"g__GGB9383","ZIGMM",1
"fixed","irAE.sample",-0.00408014360183673,0.0153978307339558,45,-0.2649817154334,0.792233594962023,"g__Frisingicoccus","ZIGMM",1
"fixed","irAE.sample",-0.000602454445101832,0.00169245570125952,45,-0.355964675857388,0.723530451455518,"g__GGB79104","ZIGMM",1
"fixed","irAE.sample",-0.0017766076964494,0.00289028669364339,45,-0.614682169888786,0.541860424443199,"g__GGB9064","ZIGMM",1
"fixed","irAE.sample",0.00323609616702516,0.00307809614467608,45,1.05133043768706,0.298719984444427,"g__Senegalimassilia","ZIGMM",1
"fixed","irAE.sample",-0.000894936049879501,0.0149484186384479,45,-0.0598682758039499,0.952525638151919,"g__GGB9707","ZIGMM",1
"fixed","irAE.sample",-0.037157816659339,0.0765970424979108,45,-0.485107720188446,0.629953274700571,"g__GGB3653","ZIGMM",1
"fixed","irAE.sample",0.0130499559144765,0.0334703104468858,45,0.389896470640317,0.69845247379712,"g__Candidatus_Borkfalkia","ZIGMM",1
"fixed","irAE.sample",-0.000887395457671796,0.00331153119795979,45,-0.26797134154089,0.789945919390522,"g__GGB9533","ZIGMM",1
"fixed","irAE.sample",-0.000398684399649618,0.00100823382453019,45,-0.395428510678458,0.694395088534626,"g__GGB4487","ZIGMM",1
"fixed","irAE.sample",-0.000381466673208531,0.00100304481943682,45,-0.380308701881051,0.705505545805885,"g__GGB2977","ZIGMM",1
"fixed","irAE.sample",0.0177080633766212,0.0127119492969198,45,1.39302501630588,0.170456126934064,"g__GGB3722","ZIGMM",1
"fixed","irAE.sample",-0.099441523244254,0.166645598396618,45,-0.596724571191988,0.553681737909082,"g__GGB87445","ZIGMM",1
"fixed","irAE.sample",0.00088749544082834,0.00313669297168271,45,0.282939850613506,0.778520449185035,"g__GGB2970","ZIGMM",1
"fixed","irAE.sample",0.150990383555805,0.081633066362798,45,1.84962283402127,0.0709419501196141,"g__Faecalicatena","ZIGMM",1
"fixed","irAE.sample",-0.0124909850929673,0.0325501246316654,45,-0.383746152566674,0.702973798104461,"g__GGB3000","ZIGMM",1
"fixed","irAE.sample",0.0242416020289055,0.0437144819876769,45,0.554543961786834,0.581952459703227,"g__Faecalibacillus","ZIGMM",1
"fixed","irAE.sample",0.00474930872740272,0.00213658946079339,45,2.22284571488953,0.0312935765093105,"g__GGB9297","ZIGMM",1
"fixed","irAE.sample",0.0148313729711786,0.00525850463607,45,2.82045448233417,0.00710892100213263,"g__Haemophilus","ZIGMM",1
"fixed","irAE.sample",-0.105155842040783,0.0896360130667946,45,-1.17314278539389,0.2469109717169,"g__Intestinimonas","ZIGMM",1
"fixed","irAE.sample",-0.00153367160757651,0.00209767102822749,45,-0.73113066202399,0.468489469576224,"g__GGB9522","ZIGMM",1
"fixed","irAE.sample",-0.00173841270388527,0.00193432457613046,45,-0.89871820134907,0.373586644688269,"g__GGB3328","ZIGMM",1
"fixed","irAE.sample",-0.00179395993821171,0.00445633449896899,45,-0.402564021759757,0.689175015749713,"g__GGB9597","ZIGMM",1
"fixed","irAE.sample",-0.0127071188826601,0.0109278292540885,45,-1.16282187314612,0.251031322616098,"g__Anaeromassilibacillus","ZIGMM",1
"fixed","irAE.sample",-0.0178410140317799,0.0246801846581201,45,-0.722888190624212,0.473489193115732,"g__GGB3819","ZIGMM",1
"fixed","irAE.sample",-0.000194149374487831,0.0011350465934494,45,-0.171049695764306,0.864951512392264,"g__GGB51884","ZIGMM",1
"fixed","irAE.sample",-0.00289494030923827,0.00553476584274705,45,-0.523046573511669,0.603507936521961,"g__GGB3321","ZIGMM",1
"fixed","irAE.sample",-0.000474638221134268,0.00283624127593404,45,-0.167347617835496,0.867846323080742,"g__GGB9563","ZIGMM",1
"fixed","irAE.sample",0.00588484884726196,0.00437418757802224,45,1.34535813617823,0.18525016404829,"g__Colidextribacter","ZIGMM",1
"fixed","irAE.sample",-2.97845599305032e-05,0.00039926564883115,45,-0.074598353296101,0.940864922274595,"g__Hafnia","ZIGMM",1
"fixed","irAE.sample",-4.09362536085425,2.34654247810789,45,-1.74453494835308,0.0878930438204108,"s__Segatella_copri","ZIGMM",1
"fixed","irAE.sample",-1.36130413914353,1.13528568070319,45,-1.19908509574466,0.236770973221112,"s__Faecalibacterium_prausnitzii","ZIGMM",1
"fixed","irAE.sample",-0.0673313832841158,0.24614853737891,45,-0.27353964399337,0.785690027910758,"s__GGB1146_SGB1472","ZIGMM",1
"fixed","irAE.sample",0.276009977198221,0.203809485851036,45,1.35425481324238,0.182416815005859,"s__Wujia_chipingensis","ZIGMM",1
"fixed","irAE.sample",0.0641956315902367,0.193023145206997,45,0.332579968694394,0.740995759419993,"s__GGB1627_SGB2230","ZIGMM",1
"fixed","irAE.sample",-0.285065908557903,0.395350513767951,45,-0.721046005077967,0.474610760874301,"s__GGB51647_SGB4348","ZIGMM",1
"fixed","irAE.sample",-0.498906745189853,1.30014238177239,45,-0.383732391301426,0.702983926775461,"s__GGB781_SGB1024","ZIGMM",1
"fixed","irAE.sample",2.12444495125784,0.603062016515478,45,3.52276365129575,0.00099261555608878,"s__Ruminococcus_bicirculans","ZIGMM",1
"fixed","irAE.sample",-0.212293484648124,0.187404558807249,45,-1.13280853998047,0.263294480104734,"s__Oscillospiraceae_bacterium_CLA_AA_H250","ZIGMM",1
"fixed","irAE.sample",-0.0147646689469158,0.0982605064787384,45,-0.150260460443593,0.88123062667423,"s__GGB3278_SGB4328","ZIGMM",1
"fixed","irAE.sample",-0.398308759811618,0.864586542878824,45,-0.460692758975134,0.647237795114066,"s__Phocaeicola_plebeius","ZIGMM",1
"fixed","irAE.sample",-0.10500618457867,0.3080480976093,45,-0.34087593915886,0.734783398038811,"s__GGB3304_SGB4367","ZIGMM",1
"fixed","irAE.sample",0.287836095205628,0.126223014714973,45,2.28037728187365,0.027373466128524,"s__Faecalibacterium_sp_HTFF","ZIGMM",1
"fixed","irAE.sample",-0.0458581621401096,0.0603601636930153,45,-0.759742176534491,0.451370693967627,"s__GGB1458_SGB2021","ZIGMM",1
"fixed","irAE.sample",-0.0316117447871683,0.0607625246616051,45,-0.520250680221378,0.605439136639632,"s__GGB3345_SGB4425","ZIGMM",1
"fixed","irAE.sample",-0.0271349408681045,0.0726782948913461,45,-0.37335687234643,0.710635987033375,"s__Ligilactobacillus_animalis","ZIGMM",1
"fixed","irAE.sample",-0.0704483699037144,0.23990211531749,45,-0.293654642479838,0.770371961639991,"s__GGB1266_SGB1699","ZIGMM",1
"fixed","irAE.sample",-0.0306222295608341,0.03804265396211,45,-0.804944617989413,0.42508430742301,"s__Enterobacter_hormaechei","ZIGMM",1
"fixed","irAE.sample",-0.501536590223736,0.394140445063001,45,-1.27248191984857,0.209737781226257,"s__Ruminococcus_bromii","ZIGMM",1
"fixed","irAE.sample",-0.093907153004153,0.0704636670872548,45,-1.33270317719724,0.189338224779877,"s__GGB9747_SGB15356","ZIGMM",1
"fixed","irAE.sample",0.156909933469045,0.105999580455489,45,1.48028825014957,0.145764147135903,"s__Oscillibacter_sp_ER4","ZIGMM",1
"fixed","irAE.sample",-0.0151455904624036,0.0392501022891715,45,-0.385873910616077,0.701408366132221,"s__GGB9634_SGB15101","ZIGMM",1
"fixed","irAE.sample",-0.0964213559913176,0.116433110027849,45,-0.828126603920956,0.411969409666249,"s__GGB33469_SGB15236","ZIGMM",1
"fixed","irAE.sample",-0.257102880420388,0.143894392773575,45,-1.78674704041423,0.0807159365773758,"s__Lachnospira_pectinoschiza","ZIGMM",1
"fixed","irAE.sample",0.237544485173536,0.16084944137067,45,1.47681262147579,0.146690385199309,"s__GGB9635_SGB15106","ZIGMM",1
"fixed","irAE.sample",0.00922467843262979,0.0269381813003474,45,0.342438798290768,0.733615055921511,"s__Firmicutes_bacterium_AM41_11","ZIGMM",1
"fixed","irAE.sample",-0.371339299104087,0.416320599733979,45,-0.891955140680923,0.377161821182971,"s__Clostridiaceae_bacterium_Marseille_Q4149","ZIGMM",1
"fixed","irAE.sample",0.0555229116709298,0.09038888903521,45,0.61426699966742,0.54213225052467,"s__Clostridium_sp_AF36_4","ZIGMM",1
"fixed","irAE.sample",-0.0320057490096758,0.121545856400816,45,-0.263322419681111,0.793504095412571,"s__Faecalibacterium_SGB15346","ZIGMM",1
"fixed","irAE.sample",-0.0496550635783396,0.111884453986472,45,-0.443806639878166,0.659309151612295,"s__Sutterella_sp_AM11_39","ZIGMM",1
"fixed","irAE.sample",-0.00279652806170061,0.0225570516293982,45,-0.12397577962077,0.901886576995985,"s__Clostridium_perfringens","ZIGMM",1
"fixed","irAE.sample",-0.130683694976017,0.193873575872816,45,-0.674066563159426,0.503717056468046,"s__GGB9715_SGB15260","ZIGMM",1
"fixed","irAE.sample",0.0801044318469227,0.0771254417406551,45,1.03862525826802,0.30452780812922,"s__Oscillibacter_sp_MSJ_31","ZIGMM",1
"fixed","irAE.sample",0.112807596033279,0.0937015217763985,45,1.2039035641542,0.234921568981478,"s__Lachnospira_eligens","ZIGMM",1
"fixed","irAE.sample",-1.74279660118118,0.739235278207994,45,-2.35756687019315,0.0228035133280761,"s__GGB9342_SGB14306","ZIGMM",1
"fixed","irAE.sample",0.0751095573599282,0.142054466640488,45,0.528737737969308,0.599585763439912,"s__Oscillibacter_valericigenes","ZIGMM",1
"fixed","irAE.sample",-0.00517974683417037,0.022809554709425,45,-0.227086714324592,0.821384833469624,"s__GGB1116_SGB1430","ZIGMM",1
"fixed","irAE.sample",0.271839356143409,0.137079037099104,45,1.98308480929055,0.0534811365857003,"s__GGB9602_SGB15031","ZIGMM",1
"fixed","irAE.sample",0.0431998721744382,0.368544086004493,45,0.11721765133388,0.907209195739126,"s__Roseburia_faecis","ZIGMM",1
"fixed","irAE.sample",-0.079349805896619,0.179655549224415,45,-0.441677455771211,0.66083785752263,"s__Phocaeicola_massiliensis","ZIGMM",1
"fixed","irAE.sample",-0.218006050397196,0.326339328318106,45,-0.668034868861073,0.507523391083097,"s__Barnesiella_intestinihominis","ZIGMM",1
"fixed","irAE.sample",0.291761640272237,0.40528420210674,45,0.719893938020797,0.475312933340788,"s__GGB9715_SGB15267","ZIGMM",1
"fixed","irAE.sample",0.142688356617882,0.350485955283687,45,0.40711576160702,0.685853086156916,"s__Candidatus_Cibionibacter_quicibialis","ZIGMM",1
"fixed","irAE.sample",0.0348252099950063,0.0435442815366561,45,0.799765405836126,0.42804847943357,"s__Gemmiger_SGB15295","ZIGMM",1
"fixed","irAE.sample",0.013799096208637,0.0161010145744645,45,0.857032713362161,0.395968082076741,"s__GGB13489_SGB15224","ZIGMM",1
"fixed","irAE.sample",-0.328549168643472,1.96351964645018,45,-0.16732665203399,0.867862722380264,"s__Bacteroides_clarus","ZIGMM",1
"fixed","irAE.sample",-0.00278573880559512,0.00704425579583648,45,-0.395462471314803,0.694370208439065,"s__GGB9184_SGB14123","ZIGMM",1
"fixed","irAE.sample",-0.0439211378102402,0.296575689599669,45,-0.148094194333753,0.882930046580526,"s__GGB9708_SGB15234","ZIGMM",1
"fixed","irAE.sample",-0.0962126203280586,0.310965650063781,45,-0.309399511837802,0.758445781761565,"s__GGB9758_SGB15368","ZIGMM",1
"fixed","irAE.sample",-0.128530118869445,0.062057788192902,45,-2.07113599456556,0.0441097103031164,"s__Oscillospiraceae_unclassified_SGB15256","ZIGMM",1
"fixed","irAE.sample",-0.00926449716092653,0.0206193057873705,45,-0.449311788498773,0.655363405037248,"s__Sutterella_SGB9281","ZIGMM",1
"fixed","irAE.sample",0.0117352167279805,0.0116393508356178,45,1.00823636074868,0.318731848369216,"s__GGB9502_SGB14899","ZIGMM",1
"fixed","irAE.sample",0.0211455284499974,0.0588225496842665,45,0.359479970920969,0.720917540487641,"s__Lawsonibacter_asaccharolyticus","ZIGMM",1
"fixed","irAE.sample",-0.0460731490142183,0.100948419612,45,-0.456402875758755,0.650295588110575,"s__Kineothrix_SGB4886","ZIGMM",1
"fixed","irAE.sample",-0.00631858402909267,0.0223319003208847,45,-0.28293982770394,0.778520466634822,"s__GGB9627_SGB15081","ZIGMM",1
"fixed","irAE.sample",-0.0147891492165052,0.0185726592572004,45,-0.796286035925182,0.43004676133139,"s__GGB9775_SGB15395","ZIGMM",1
"fixed","irAE.sample",-0.0487133953144302,0.0377195314232738,45,-1.29146342693889,0.203137471556589,"s__GGB9691_SGB15198","ZIGMM",1
"fixed","irAE.sample",0.0459321707736542,0.0378095728878567,45,1.21482913625841,0.230767372743168,"s__Lachnospiraceae_bacterium","ZIGMM",1
"fixed","irAE.sample",0.00800848818406233,0.0554638929926638,45,0.144391021833278,0.885836444184178,"s__Alistipes_communis","ZIGMM",1
"fixed","irAE.sample",-0.00512219092567438,0.00727622887401662,45,-0.70396231541942,0.485083262515819,"s__Vescimonas_fastidiosa","ZIGMM",1
"fixed","irAE.sample",0.0224863516736265,0.0088627870359341,45,2.53716484244242,0.0147111341804901,"s__Coprobacter_fastidiosus","ZIGMM",1
"fixed","irAE.sample",0.0166088775717657,0.00870790073175213,45,1.90733427991476,0.062872310101049,"s__GGB3619_SGB4894","ZIGMM",1
"fixed","irAE.sample",-0.00239516509277635,0.00615029830771247,45,-0.38943884880719,0.698788510291602,"s__GGB3052_SGB4053","ZIGMM",1
"fixed","irAE.sample",-0.00321758745942482,0.00841550102915597,45,-0.382340569893261,0.704008626946633,"s__GGB9760_SGB15374","ZIGMM",1
"fixed","irAE.sample",-0.0254028703676063,0.0637124856933411,45,-0.398711023297296,0.69199184534694,"s__GGB3612_SGB4882","ZIGMM",1
"fixed","irAE.sample",-0.017854235596747,0.0749490718982249,45,-0.238218234656618,0.81279326802429,"s__Roseburia_inulinivorans","ZIGMM",1
"fixed","irAE.sample",-0.00159413984574189,0.00543280227453511,45,-0.293428651584472,0.770543558795985,"s__Butyricimonas_faecalis","ZIGMM",1
"fixed","irAE.sample",0.0457601632358767,0.0428452302819499,45,1.06803401299852,0.291201367490274,"s__Clostridiales_bacterium_KLE1615","ZIGMM",1
"fixed","irAE.sample",-0.000902660805896056,0.00260234086419642,45,-0.346864939299483,0.730309685243813,"s__Paeniclostridium_sordellii","ZIGMM",1
"fixed","irAE.sample",-0.0066727352769224,0.00678457536479213,45,-0.983515536071702,0.330612385141366,"s__GGB3730_SGB5060","ZIGMM",1
"fixed","irAE.sample",-0.00070886178624722,0.00203605260759548,45,-0.348154946293045,0.729347299177801,"s__GGB9185_SGB14124","ZIGMM",1
"fixed","irAE.sample",0.000298226100225967,0.00202793082195155,45,0.147059306460451,0.883742105684391,"s__GGB34228_SGB72916","ZIGMM",1
"fixed","irAE.sample",0.0184243283648577,0.0358433566816957,45,0.514023519852607,0.609750656660981,"s__Butyricimonas_virosa","ZIGMM",1
"fixed","irAE.sample",-0.000713064946672809,0.00198186811673239,45,-0.359794347894589,0.720684028213431,"s__GGB9608_SGB15043","ZIGMM",1
"fixed","irAE.sample",0.0107096954111236,0.0108047875739477,45,0.991199071506655,0.326888435889748,"s__GGB9616_SGB15051","ZIGMM",1
"fixed","irAE.sample",-0.000723160037096244,0.00182879865876478,45,-0.395429006703606,0.694394725136363,"s__GGB9383_SGB72489","ZIGMM",1
"fixed","irAE.sample",-0.013644008741626,0.011523321622433,45,-1.18403435994224,0.242616137626012,"s__Frisingicoccus_SGB4674","ZIGMM",1
"fixed","irAE.sample",-0.000602454445101832,0.00169245570125952,45,-0.355964675857388,0.723530451455518,"s__GGB79104_SGB105821","ZIGMM",1
"fixed","irAE.sample",-0.0017766076964494,0.00289028669364339,45,-0.614682169888786,0.541860424443199,"s__GGB9064_SGB13983","ZIGMM",1
"fixed","irAE.sample",0.00054891693210176,0.00718579938050532,45,0.0763891256957356,0.93944814090965,"s__Lawsonibacter_SGB15145","ZIGMM",1
"fixed","irAE.sample",-0.0231235711837452,0.0270037773046522,45,-0.856308764617218,0.396364038148373,"s__GGB9760_SGB15373","ZIGMM",1
"fixed","irAE.sample",0.00224107570666491,0.00285943638555219,45,0.783747355943411,0.437294311771158,"s__Senegalimassilia_anaerobia","ZIGMM",1
"fixed","irAE.sample",-0.00198996392927666,0.00680560750031393,45,-0.292400631271326,0.771324291350019,"s__Blautia_luti","ZIGMM",1
"fixed","irAE.sample",-0.000894936049879501,0.0149484186384479,45,-0.0598682758039499,0.952525638151919,"s__GGB9707_SGB15229","ZIGMM",1
"fixed","irAE.sample",-0.00149465091624064,0.00977213116490034,45,-0.152950353512359,0.879121212620894,"s__Clostridium_SGB6173","ZIGMM",1
"fixed","irAE.sample",-0.037157816659339,0.0765970424979108,45,-0.485107720188446,0.629953274700571,"s__GGB3653_SGB4964","ZIGMM",1
"fixed","irAE.sample",0.0130499559144765,0.0334703104468858,45,0.389896470640317,0.69845247379712,"s__Candidatus_Borkfalkia_ceftriaxoniphila","ZIGMM",1
"fixed","irAE.sample",-0.000887395457671796,0.00331153119795979,45,-0.26797134154089,0.789945919390522,"s__GGB9533_SGB14936","ZIGMM",1
"fixed","irAE.sample",-0.0621861786202014,0.104265674500686,45,-0.596420431920691,0.553883069050531,"s__Oscillospiraceae_bacterium","ZIGMM",1
"fixed","irAE.sample",-0.000398684399649618,0.00100823382453019,45,-0.395428510678458,0.694395088534626,"s__GGB4487_SGB6184","ZIGMM",1
"fixed","irAE.sample",-0.000381466673208531,0.00100304481943682,45,-0.380308701881051,0.705505545805885,"s__GGB2977_SGB3959","ZIGMM",1
"fixed","irAE.sample",0.0177080633766212,0.0127119492969198,45,1.39302501630588,0.170456126934064,"s__GGB3722_SGB5050","ZIGMM",1
"fixed","irAE.sample",-0.099441523244254,0.166645598396618,45,-0.596724571191988,0.553681737909082,"s__GGB87445_SGB15180","ZIGMM",1
"fixed","irAE.sample",0.0517174180752794,0.0885190211158978,45,0.584252033329265,0.561968448833212,"s__Coprococcus_eutactus","ZIGMM",1
"fixed","irAE.sample",0.00088749544082834,0.00313669297168271,45,0.282939850613506,0.778520449185035,"s__GGB2970_SGB3952","ZIGMM",1
"fixed","irAE.sample",0.122351429421795,0.0817689378431406,45,1.49630694306566,0.141554924326439,"s__Faecalicatena_fissicatena","ZIGMM",1
"fixed","irAE.sample",0.00213442161240853,0.348233788560015,45,0.00612927775111828,0.995136666688799,"s__Eubacterium_siraeum","ZIGMM",1
"fixed","irAE.sample",0.0671576073258832,0.0545832724655451,45,1.2303697505179,0.224951754371738,"s__Faecalibacterium_sp_CLA_AA_H233","ZIGMM",1
"fixed","irAE.sample",-0.000777309557907722,0.00188148657430929,45,-0.413135851470573,0.681469162073161,"s__GGB33469_SGB15237","ZIGMM",1
"fixed","irAE.sample",-0.000158327441189382,0.00226360050406762,45,-0.0699449575598133,0.944547379943321,"s__Blautia_sp_OF03_15BH","ZIGMM",1
"fixed","irAE.sample",-0.0124909850929673,0.0325501246316654,45,-0.383746152566674,0.702973798104461,"s__GGB3000_SGB3991","ZIGMM",1
"fixed","irAE.sample",0.0257063847700797,0.0297073152790771,45,0.86532170708084,0.391452122418568,"s__Faecalibacillus_intestinalis","ZIGMM",1
"fixed","irAE.sample",0.00474930872740272,0.00213658946079339,45,2.22284571488953,0.0312935765093105,"s__GGB9297_SGB14255","ZIGMM",1
"fixed","irAE.sample",0.0025344330849853,0.00606164872169577,45,0.418109527844147,0.677855612566986,"s__Clostridiaceae_bacterium_Marseille_Q4143","ZIGMM",1
"fixed","irAE.sample",0.0148313729711786,0.00525850463607,45,2.82045448233417,0.00710892100213263,"s__Haemophilus_parainfluenzae","ZIGMM",1
"fixed","irAE.sample",-0.0064405073721342,0.00793339414296807,45,-0.811822437669113,0.421167199244359,"s__Desulfovibrio_desulfuricans","ZIGMM",1
"fixed","irAE.sample",-0.0891107171501997,0.0675548672251456,45,-1.31908655601695,0.193813313270639,"s__Intestinimonas_butyriciproducens","ZIGMM",1
"fixed","irAE.sample",-0.00153367160757651,0.00209767102822749,45,-0.73113066202399,0.468489469576224,"s__GGB9522_SGB14921","ZIGMM",1
"fixed","irAE.sample",-0.00173841270388527,0.00193432457613046,45,-0.89871820134907,0.373586644688269,"s__GGB3328_SGB4406","ZIGMM",1
"fixed","irAE.sample",-0.00179395993821171,0.00445633449896899,45,-0.402564021759757,0.689175015749713,"s__GGB9597_SGB15022","ZIGMM",1
"fixed","irAE.sample",-0.00936151095100793,0.00883240935764587,45,-1.05990455966627,0.294844019901607,"s__Anaeromassilibacillus_senegalensis","ZIGMM",1
"fixed","irAE.sample",-0.0178410140317799,0.0246801846581201,45,-0.722888190624212,0.473489193115732,"s__GGB3819_SGB5184","ZIGMM",1
"fixed","irAE.sample",-0.000194149374487831,0.0011350465934494,45,-0.171049695764306,0.864951512392264,"s__GGB51884_SGB49168","ZIGMM",1
"fixed","irAE.sample",-0.00223358458539299,0.00541405651905871,45,-0.412552875562023,0.681893211466279,"s__GGB3321_SGB4394","ZIGMM",1
"fixed","irAE.sample",-0.00128280109114664,0.00732250604810666,45,-0.175186074646988,0.861719319623986,"s__Lachnospiraceae_bacterium_AM48_27BH","ZIGMM",1
"fixed","irAE.sample",-0.000474638221134268,0.00283624127593404,45,-0.167347617835496,0.867846323080742,"s__GGB9563_SGB14975","ZIGMM",1
"fixed","irAE.sample",-9.87712403477383e-06,0.000261503509005421,45,-0.0377705219801432,0.970037713359802,"s__GGB9616_SGB15052","ZIGMM",1
"fixed","irAE.sample",0.0109390755271972,0.00630678770530866,45,1.73449242916317,0.0896767491881956,"s__Fusicatenibacter_sp_CLA_AA_H277","ZIGMM",1
"fixed","irAE.sample",0.00588484884726196,0.00437418757802224,45,1.34535813617823,0.18525016404829,"s__Colidextribacter_sp_210702_DFI_3_9","ZIGMM",1
"fixed","irAE.sample",0.0149696593875512,0.00726123494626579,45,2.0615858732473,0.0450517323566132,"s__Clostridium_sp_AM33_3","ZIGMM",1
"fixed","irAE.sample",-0.0334872413844832,0.0295140868437742,45,-1.13461892152517,0.262542869183226,"s__GGB9634_SGB15093","ZIGMM",1
"fixed","irAE.sample",-9.78838554818629e-05,0.000255465405215815,45,-0.383158946312796,0.703406046543919,"s__Hafnia_alvei","ZIGMM",1
"fixed","irAE.sample",-0.0255337296792128,0.0208091238635482,45,-1.22704491773153,0.226186789204715,"s__Clostridium_sp_AF27_2AA","ZIGMM",1
"fixed","irAE.sample",-0.00510279299822225,0.0461782292803467,45,-0.110502136564036,0.912502522963302,"c__CFGB3072","ZIGMM",1
"fixed","irAE.sample",0.000543429387015539,0.0253225358572616,45,0.0214603067433194,0.982973343947312,"c__CFGB3057","ZIGMM",1
"fixed","irAE.sample",-0.00510279299822225,0.0461782292803467,45,-0.110502136564036,0.912502522963302,"o__OFGB3072","ZIGMM",1
"fixed","irAE.sample",0.00450874547279653,0.00266965501528141,45,1.68888693370041,0.0981598802419567,"o__Micrococcales","ZIGMM",1
"fixed","irAE.sample",0.00264523046608897,0.00861617536188311,45,0.307007501006901,0.76025390373956,"o__Actinomycetales","ZIGMM",1
"fixed","irAE.sample",0.000543429387015539,0.0253225358572616,45,0.0214603067433194,0.982973343947312,"o__OFGB3057","ZIGMM",1
"fixed","irAE.sample",-0.0190716158111531,0.0944421568481497,45,-0.201939646950436,0.840874063805223,"f__Turicibacteraceae","ZIGMM",1
"fixed","irAE.sample",-0.00510279299822225,0.0461782292803467,45,-0.110502136564036,0.912502522963302,"f__FGB3072","ZIGMM",1
"fixed","irAE.sample",0.00454660184946784,0.00266995376381686,45,1.7028766232147,0.0954898514631379,"f__Micrococcaceae","ZIGMM",1
"fixed","irAE.sample",0.00264523046608897,0.00861617536188311,45,0.307007501006901,0.76025390373956,"f__Actinomycetaceae","ZIGMM",1
"fixed","irAE.sample",-0.000356399452776563,0.0117486758001087,45,-0.0303352870434356,0.975933799108485,"f__Christensenellaceae","ZIGMM",1
"fixed","irAE.sample",0.000543429387015539,0.0253225358572616,45,0.0214603067433194,0.982973343947312,"f__FGB3057","ZIGMM",1
"fixed","irAE.sample",-0.0190716158111531,0.0944421568481497,45,-0.201939646950436,0.840874063805223,"g__Turicibacter","ZIGMM",1
"fixed","irAE.sample",0.0228589610288688,0.0629587546161707,45,0.363078354523194,0.718246353831601,"g__Lachnoclostridium","ZIGMM",1
"fixed","irAE.sample",-0.00439154579030055,0.0191440853045192,45,-0.229394391032298,0.819601856710354,"g__Romboutsia","ZIGMM",1
"fixed","irAE.sample",0.0161215681676164,0.0203250410916901,45,0.793187482125573,0.431831036605226,"g__Erysipelatoclostridium","ZIGMM",1
"fixed","irAE.sample",0.022613625218062,0.00882627194536685,45,2.56208117742536,0.0138234224210124,"g__Lentihominibacter","ZIGMM",1
"fixed","irAE.sample",0.0160249289404698,0.00909414531957163,45,1.76211489671078,0.0848417977858385,"g__Slackia","ZIGMM",1
"fixed","irAE.sample",0.0105300736049819,0.0361130052129262,45,0.291586743969257,0.771942569951242,"g__GGB3537","ZIGMM",1
"fixed","irAE.sample",0.0021882894508581,0.00957165464395176,45,0.228621856121905,0.820198632363421,"g__GGB9365","ZIGMM",1
"fixed","irAE.sample",0.00823979025697658,0.00445247971602033,45,1.85060702855742,0.0707972986615788,"g__Wansuia","ZIGMM",1
"fixed","irAE.sample",-0.0125487347158465,0.0183095578000228,45,-0.685365253104631,0.49662907057794,"g__Emergencia","ZIGMM",1
"fixed","irAE.sample",0.0123547639533536,0.0643365094236451,45,0.192033482450835,0.848579933419023,"g__Sellimonas","ZIGMM",1
"fixed","irAE.sample",0.00496117947950711,0.00216092876804193,45,2.29585516786958,0.0263964518973979,"g__GGB45491","ZIGMM",1
"fixed","irAE.sample",0.00454660184946784,0.00266995376381686,45,1.7028766232147,0.0954898514631379,"g__Rothia","ZIGMM",1
"fixed","irAE.sample",-0.00241460972351268,0.0117720503804451,45,-0.205113777589983,0.838408242743914,"g__Gordonibacter","ZIGMM",1
"fixed","irAE.sample",-0.00705475062896582,0.026610509183514,45,-0.265111448274595,0.792134284252462,"g__GGB3005","ZIGMM",1
"fixed","irAE.sample",0.0035453899710266,0.0013621302340494,45,2.60282745540909,0.0124765162757792,"g__Amedibacillus","ZIGMM",1
"fixed","irAE.sample",-0.00235229988011002,0.00686708998017372,45,-0.342546826516246,0.733534321091371,"g__GGB2980","ZIGMM",1
"fixed","irAE.sample",0.00465513337290984,0.0055657600276706,45,0.836387725982883,0.407356365289541,"g__Schaalia","ZIGMM",1
"fixed","irAE.sample",0.00282604504306367,0.00189733720294107,45,1.4894795920741,0.143336992788851,"g__Christensenella","ZIGMM",1
"fixed","irAE.sample",0.00106416889605807,0.00169961819082017,45,0.62612232665299,0.534397925077417,"g__Zhenpiania","ZIGMM",1
"fixed","irAE.sample",-0.00313514156863135,0.0134492435207259,45,-0.233109138354135,0.816733764708154,"g__Coprobacillus","ZIGMM",1
"fixed","irAE.sample",-0.0154414890868634,0.0337350772500255,45,-0.457727989546897,0.649350405097229,"g__GGB32900","ZIGMM",1
"fixed","irAE.sample",0.0010686729866331,0.0253472660264051,45,0.0421612723644369,0.966556654552571,"g__GGB9719","ZIGMM",1
"fixed","irAE.sample",-0.00145370178314216,0.00314183875560725,45,-0.462691403417103,0.645815272781842,"g__Actinomyces","ZIGMM",1
"fixed","irAE.sample",-0.0188273205444968,0.0135668037345433,45,-1.3877491642751,0.172047124980111,"g__GGB9534","ZIGMM",1
"fixed","irAE.sample",-0.007359629169249,0.0187278667722904,45,-0.392977441517165,0.696191677528613,"g__GGB9781","ZIGMM",1
"fixed","irAE.sample",-0.00223280377813799,0.0852584072795046,45,-0.0261886639615275,0.979222652082801,"g__GGB9469","ZIGMM",1
"fixed","irAE.sample",0.000103534218021542,3.97676110707336e-05,45,2.60348095432207,0.0124559277434509,"g__GGB50802","ZIGMM",1
"fixed","irAE.sample",6.66499056230854,0.647540566083343,45,10.2927768720681,2.08954294783221e-13,"s__Bifidobacterium_pseudocatenulatum","ZIGMM",5.24266325611101e-10
"fixed","irAE.sample",1.16714798576316,0.348277453757823,45,3.35120167317735,0.0016374197077671,"s__Bifidobacterium_longum","ZIGMM",1
"fixed","irAE.sample",0.215808303660902,0.0791920922590826,45,2.72512440957955,0.00912296410936751,"s__Blautia_hydrogenotrophica","ZIGMM",1
"fixed","irAE.sample",0.0597420537918,0.0460052927797812,45,1.29859088339627,0.200699870435024,"s__Clostridium_saudiense","ZIGMM",1
"fixed","irAE.sample",-0.0124997750737327,0.0940467752792017,45,-0.132910193216343,0.894856974469846,"s__Turicibacter_sanguinis","ZIGMM",1
"fixed","irAE.sample",0.0518820165607754,0.0200067240777847,45,2.5932289743719,0.0127825262836281,"s__Anaerostipes_caccae","ZIGMM",1
"fixed","irAE.sample",0.0293820584063861,0.00916292291155915,45,3.20662507913498,0.0024734561881876,"s__Coprococcus_SGB106014","ZIGMM",1
"fixed","irAE.sample",0.0505704651568172,0.0227449617405825,45,2.22336998116762,0.0312557140193531,"s__Clostridium_scindens","ZIGMM",1
"fixed","irAE.sample",-0.00419484558069594,0.0190691973324538,45,-0.219980186242908,0.82688149382572,"s__Romboutsia_timonensis","ZIGMM",1
"fixed","irAE.sample",0.0153695465236054,0.0284019083749231,45,0.541144852687985,0.591076788377117,"s__GGB3433_SGB4573","ZIGMM",1
"fixed","irAE.sample",0.00150597871057242,0.0185173092149692,45,0.0813281612943528,0.935541630933205,"s__Erysipelatoclostridium_ramosum","ZIGMM",1
"fixed","irAE.sample",0.0420356213547419,0.0163111114624224,45,2.577115695125,0.0133117035461026,"s__Blautia_hansenii","ZIGMM",1
"fixed","irAE.sample",0.0149418785818874,0.00587149172714618,45,2.54481812736027,0.0144330888209052,"s__Lentihominibacter_faecis","ZIGMM",1
"fixed","irAE.sample",0.0155061737844062,0.00907368305456419,45,1.70891728211803,0.0943556731776004,"s__Slackia_isoflavoniconvertens","ZIGMM",1
"fixed","irAE.sample",0.0105300736049819,0.0361130052129262,45,0.291586743969257,0.771942569951242,"s__GGB3537_SGB4727","ZIGMM",1
"fixed","irAE.sample",-0.00688877253813731,0.046139969866541,45,-0.149301626291975,0.881982755814112,"s__Blautia_producta","ZIGMM",1
"fixed","irAE.sample",0.0021882894508581,0.00957165464395176,45,0.228621856121905,0.820198632363421,"s__GGB9365_SGB14341","ZIGMM",1
"fixed","irAE.sample",-0.0316397885940711,0.049032175454536,45,-0.645286249299877,0.522018375298908,"s__Vescimonas_coprocola","ZIGMM",1
"fixed","irAE.sample",0.00823979025697658,0.00445247971602033,45,1.85060702855742,0.0707972986615788,"s__Wansuia_hejianensis","ZIGMM",1
"fixed","irAE.sample",-0.0210811391268186,0.0684014585594201,45,-0.30819721641616,0.759354427406288,"s__Streptococcus_parasanguinis","ZIGMM",1
"fixed","irAE.sample",-0.0125487347158465,0.0183095578000228,45,-0.685365253104631,0.49662907057794,"s__Emergencia_timonensis","ZIGMM",1
"fixed","irAE.sample",0.0123547639533536,0.0643365094236451,45,0.192033482450835,0.848579933419023,"s__Sellimonas_intestinalis","ZIGMM",1
"fixed","irAE.sample",0.00204246553588134,0.00742867780719395,45,0.274943346432848,0.784618206927034,"s__Frisingicoccus_caecimuris","ZIGMM",1
"fixed","irAE.sample",0.00496117947950711,0.00216092876804193,45,2.29585516786958,0.0263964518973979,"s__GGB45491_SGB63163","ZIGMM",1
"fixed","irAE.sample",0.00454660184946784,0.00266995376381686,45,1.7028766232147,0.0954898514631379,"s__Rothia_mucilaginosa","ZIGMM",1
"fixed","irAE.sample",0.00651100810846833,0.00241351288556853,45,2.69773082522184,0.00979238286708035,"s__Lentihominibacter_hominis","ZIGMM",1
"fixed","irAE.sample",-0.0014812716152234,0.0109549742438942,45,-0.13521452285011,0.893045286648013,"s__Gordonibacter_pamelaeae","ZIGMM",1
"fixed","irAE.sample",-0.00705475062896582,0.026610509183514,45,-0.265111448274595,0.792134284252462,"s__GGB3005_SGB3996","ZIGMM",1
"fixed","irAE.sample",0.004165938000588,0.00725605064961762,45,0.574132982493382,0.568736730258042,"s__Clostridium_innocuum","ZIGMM",1
"fixed","irAE.sample",0.0035453899710266,0.0013621302340494,45,2.60282745540909,0.0124765162757792,"s__Amedibacillus_dolichus","ZIGMM",1
"fixed","irAE.sample",-0.00235229988011002,0.00686708998017372,45,-0.342546826516246,0.733534321091371,"s__GGB2980_SGB3962","ZIGMM",1
"fixed","irAE.sample",0.00284498016561655,0.00188313076095583,45,1.51077143690888,0.137837563879878,"s__Christensenella_minuta","ZIGMM",1
"fixed","irAE.sample",0.00106416889605807,0.00169961819082017,45,0.62612232665299,0.534397925077417,"s__Zhenpiania_hominis","ZIGMM",1
"fixed","irAE.sample",-0.00313514156863135,0.0134492435207259,45,-0.233109138354135,0.816733764708154,"s__Coprobacillus_cateniformis","ZIGMM",1
"fixed","irAE.sample",-0.0154414890868634,0.0337350772500255,45,-0.457727989546897,0.649350405097229,"s__GGB32900_SGB53446","ZIGMM",1
"fixed","irAE.sample",0.00136123376365353,0.000522983253654614,45,2.60282476377821,0.0124766011401728,"s__Schaalia_SGB17158","ZIGMM",1
"fixed","irAE.sample",0.00277732348547284,0.0239409925703524,45,0.116007031759918,0.908163127153804,"s__GGB9719_SGB15272","ZIGMM",1
"fixed","irAE.sample",0.000987332580061699,0.000379331191343216,45,2.60282466244219,0.012476604335205,"s__Schaalia_SGB17153","ZIGMM",1
"fixed","irAE.sample",0.000665511531887176,0.000358229646550603,45,1.85777904842716,0.0697507252125567,"s__Actinomyces_oris","ZIGMM",1
"fixed","irAE.sample",-0.0188273205444968,0.0135668037345433,45,-1.3877491642751,0.172047124980111,"s__GGB9534_SGB14937","ZIGMM",1
"fixed","irAE.sample",0.000286535216089208,0.00402405609359978,45,0.0712055720458121,0.94354967018197,"s__GGB9781_SGB15402","ZIGMM",1
"fixed","irAE.sample",0.0616576572134155,0.0586195340790105,45,1.05182782808048,0.298494180901907,"s__Enterocloster_clostridioformis","ZIGMM",1
"fixed","irAE.sample",-0.100962153568789,0.086051388901304,45,-1.17327744337267,0.246857538548754,"s__Enterocloster_bolteae","ZIGMM",1
"fixed","irAE.sample",-0.00211934125701804,0.0853481616573779,45,-0.0248317153628445,0.980298984507206,"s__GGB9469_SGB14862","ZIGMM",1
"fixed","irAE.sample",0.000103534218021542,3.97676110707336e-05,45,2.60348095432207,0.0124559277434509,"s__GGB50802_SGB106454","ZIGMM",1
"fixed","irAE.sample",-0.0087471589915047,0.0158553132767874,45,-0.551686292084229,0.583892718755035,"o__Propionibacteriales","ZIGMM",1
"fixed","irAE.sample",-0.0087471589915047,0.0158553132767874,45,-0.551686292084229,0.583892718755035,"f__Propionibacteriaceae","ZIGMM",1
"fixed","irAE.sample",-0.0087471589915047,0.0158553132767874,45,-0.551686292084229,0.583892718755035,"g__Propionibacterium","ZIGMM",1
"fixed","irAE.sample",-0.138848071756745,0.553766070362568,45,-0.250734162289569,0.803160975855297,"s__Bacteroides_thetaiotaomicron","ZIGMM",1
"fixed","irAE.sample",0.0277329979250845,0.0106006114133298,45,2.61616965698899,0.0120622828701934,"s__Firmicutes_unclassified_SGB47660","ZIGMM",1
"fixed","irAE.sample",-0.00606643130259213,0.0219356535357727,45,-0.276555758537076,0.78338754308644,"s__Enterocloster_aldenensis","ZIGMM",1
"fixed","irAE.sample",-0.0247859862293066,0.0384489067183807,45,-0.64464736047898,0.522428617436052,"s__Clostridium_symbiosum","ZIGMM",1
"fixed","irAE.sample",-0.00548708950410078,0.0138753279697561,45,-0.39545656261682,0.694374537219549,"s__Bacteroides_acidifaciens","ZIGMM",1
"fixed","irAE.sample",-2.38417151896581e-06,7.01744956614609e-05,45,-0.0339749006600295,0.973047422188784,"s__Streptococcus_australis","ZIGMM",1
"fixed","irAE.sample",1.68586971837753e-06,4.04131982032724e-05,45,0.0417158204084184,0.966909787282827,"s__Streptococcus_mitis","ZIGMM",1
"fixed","irAE.sample",-0.0138108273795149,0.0526948591287144,45,-0.262090602534492,0.794447647941867,"s__Firmicutes_unclassified_SGB47659","ZIGMM",1
"fixed","irAE.sample",-0.0376254961130039,0.0706057505711543,45,-0.532895632560214,0.596727835241166,"s__Enterocloster_asparagiformis","ZIGMM",1
"fixed","irAE.sample",-0.0087471589915047,0.0158553132767874,45,-0.551686292084229,0.583892718755035,"s__Propionibacterium_freudenreichii","ZIGMM",1
"fixed","irAE.sample",-0.0193270542036032,0.524458402718204,45,-0.0368514530483895,0.970766443239515,"p__Verrucomicrobia","ZIGMM",1
"fixed","irAE.sample",-0.0213361953373368,0.0227913260480699,45,-0.936154188323044,0.354190852707899,"p__Bacteria_unclassified","ZIGMM",1
"fixed","irAE.sample",0.16291214086384,0.111335795519962,45,1.46325034193186,0.150349233218415,"c__CFGB2983","ZIGMM",1
"fixed","irAE.sample",-0.00805085053038647,0.0184746269938987,45,-0.435778786388775,0.665080596742611,"c__CFGB1011","ZIGMM",1
"fixed","irAE.sample",0.0998659075626565,0.0400375369345305,45,2.49430697312768,0.0163602915144628,"c__CFGB2979","ZIGMM",1
"fixed","irAE.sample",0.00982659101827801,0.0209215478023084,45,0.469687573363659,0.640846360030727,"c__CFGB2898","ZIGMM",1
"fixed","irAE.sample",-0.00581460436538677,0.479659015668806,45,-0.0121223706329782,0.990381569794101,"c__Verrucomicrobiae","ZIGMM",1
"fixed","irAE.sample",-0.00190556903377722,0.00083408048417419,45,-2.28463448064475,0.0271015727910458,"c__CFGB1814","ZIGMM",1
"fixed","irAE.sample",-0.0230657799842663,0.0328984233324528,45,-0.701121137362013,0.486837403163966,"c__CFGB3041","ZIGMM",1
"fixed","irAE.sample",-0.00991539270274048,0.0219635470717685,45,-0.451447695144174,0.653835186321432,"c__CFGB3069","ZIGMM",1
"fixed","irAE.sample",-0.0208916505836063,0.0217836205964561,45,-0.959053179020435,0.342656722268506,"c__Bacteria_unclassified","ZIGMM",1
"fixed","irAE.sample",0.0163034538271352,0.0369169487636145,45,0.441625171449813,0.660875414918133,"c__CFGB75721","ZIGMM",1
"fixed","irAE.sample",0.00135346519427985,0.00739130235776418,45,0.183115928528902,0.855529615615606,"c__CFGB1292","ZIGMM",1
"fixed","irAE.sample",-0.00154868592027303,0.00250100805370623,45,-0.619224683414372,0.538890885539734,"c__CFGB3004","ZIGMM",1
"fixed","irAE.sample",0.16291214086384,0.111335795519962,45,1.46325034193186,0.150349233218415,"o__OFGB2983","ZIGMM",1
"fixed","irAE.sample",-0.00805085053038647,0.0184746269938987,45,-0.435778786388775,0.665080596742611,"o__OFGB1011","ZIGMM",1
"fixed","irAE.sample",0.0998659075626565,0.0400375369345305,45,2.49430697312768,0.0163602915144628,"o__OFGB2979","ZIGMM",1
"fixed","irAE.sample",0.00982659101827801,0.0209215478023084,45,0.469687573363659,0.640846360030727,"o__OFGB2898","ZIGMM",1
"fixed","irAE.sample",-0.00581460436538677,0.479659015668806,45,-0.0121223706329782,0.990381569794101,"o__Verrucomicrobiales","ZIGMM",1
"fixed","irAE.sample",-0.00190556903377722,0.00083408048417419,45,-2.28463448064475,0.0271015727910458,"o__OFGB1814","ZIGMM",1
"fixed","irAE.sample",-0.0230657799842663,0.0328984233324528,45,-0.701121137362013,0.486837403163966,"o__OFGB3041","ZIGMM",1
"fixed","irAE.sample",-0.00991539270274048,0.0219635470717685,45,-0.451447695144174,0.653835186321432,"o__OFGB3069","ZIGMM",1
"fixed","irAE.sample",-0.0208916505836063,0.0217836205964561,45,-0.959053179020435,0.342656722268506,"o__Bacteria_unclassified","ZIGMM",1
"fixed","irAE.sample",0.0163034538271352,0.0369169487636145,45,0.441625171449813,0.660875414918133,"o__OFGB75721","ZIGMM",1
"fixed","irAE.sample",0.00135346519427985,0.00739130235776418,45,0.183115928528902,0.855529615615606,"o__OFGB1292","ZIGMM",1
"fixed","irAE.sample",-0.00154868592027303,0.00250100805370623,45,-0.619224683414372,0.538890885539734,"o__OFGB3004","ZIGMM",1
"fixed","irAE.sample",0.16291214086384,0.111335795519962,45,1.46325034193186,0.150349233218415,"f__FGB2983","ZIGMM",1
"fixed","irAE.sample",-0.00805085053038647,0.0184746269938987,45,-0.435778786388775,0.665080596742611,"f__FGB1011","ZIGMM",1
"fixed","irAE.sample",0.0998659075626565,0.0400375369345305,45,2.49430697312768,0.0163602915144628,"f__FGB2979","ZIGMM",1
"fixed","irAE.sample",0.00982659101827801,0.0209215478023084,45,0.469687573363659,0.640846360030727,"f__FGB2898","ZIGMM",1
"fixed","irAE.sample",-0.00581460436538677,0.479659015668806,45,-0.0121223706329782,0.990381569794101,"f__Akkermansiaceae","ZIGMM",1
"fixed","irAE.sample",-0.00190556903377722,0.00083408048417419,45,-2.28463448064475,0.0271015727910458,"f__FGB1814","ZIGMM",1
"fixed","irAE.sample",-0.0230657799842663,0.0328984233324528,45,-0.701121137362013,0.486837403163966,"f__FGB3041","ZIGMM",1
"fixed","irAE.sample",-0.00991539270274048,0.0219635470717685,45,-0.451447695144174,0.653835186321432,"f__FGB3069","ZIGMM",1
"fixed","irAE.sample",-0.0208916505836063,0.0217836205964561,45,-0.959053179020435,0.342656722268506,"f__Bacteria_unclassified","ZIGMM",1
"fixed","irAE.sample",0.0163034538271352,0.0369169487636145,45,0.441625171449813,0.660875414918133,"f__FGB75721","ZIGMM",1
"fixed","irAE.sample",0.00135346519427985,0.00739130235776418,45,0.183115928528902,0.855529615615606,"f__FGB1292","ZIGMM",1
"fixed","irAE.sample",-0.00154868592027303,0.00250100805370623,45,-0.619224683414372,0.538890885539734,"f__FGB3004","ZIGMM",1
"fixed","irAE.sample",-0.00224014973139902,0.0246381571922036,45,-0.0909219676586804,0.927958118210884,"g__GGB3247","ZIGMM",1
"fixed","irAE.sample",0.0110479914105443,0.0550530099248302,45,0.200679153158553,0.841853726777209,"g__GGB3576","ZIGMM",1
"fixed","irAE.sample",-0.0435594126559102,0.1125154551612,45,-0.387141593957051,0.700476329301998,"g__GGB33512","ZIGMM",1
"fixed","irAE.sample",-0.0377534564285838,0.106032940484992,45,-0.356054036188193,0.723463988689748,"g__GGB9699","ZIGMM",1
"fixed","irAE.sample",0.16291214086384,0.111335795519962,45,1.46325034193186,0.150349233218415,"g__GGB9343","ZIGMM",1
"fixed","irAE.sample",-0.00494832737422254,0.0183850348207338,45,-0.269149741758554,0.789044714814564,"g__GGB2653","ZIGMM",1
"fixed","irAE.sample",0.0998659075626565,0.0400375369345305,45,2.49430697312768,0.0163602915144628,"g__GGB40351","ZIGMM",1
"fixed","irAE.sample",-0.0177993658031694,0.0352794644913838,45,-0.504524829381028,0.616354312450544,"g__Neglectibacter","ZIGMM",1
"fixed","irAE.sample",-0.0043740977915321,0.0127267312976378,45,-0.343693733232505,0.732677369036187,"g__GGB9453","ZIGMM",1
"fixed","irAE.sample",0.000441551852341968,0.034465410511542,45,0.0128114490960175,0.989834853924229,"g__GGB9531","ZIGMM",1
"fixed","irAE.sample",-0.00577382555382322,0.00490729503773405,45,-1.17658007301906,0.245549653363115,"g__GGB9210","ZIGMM",1
"fixed","irAE.sample",-0.0525259721538558,0.0855259086368556,45,-0.614152751967616,0.542207064716776,"g__Longicatena","ZIGMM",1
"fixed","irAE.sample",-0.00973428218676206,0.0223851473213448,45,-0.434854506294903,0.665746414629071,"g__GGB9782","ZIGMM",1
"fixed","irAE.sample",-0.00581460436538677,0.479659015668806,45,-0.0121223706329782,0.990381569794101,"g__Akkermansia","ZIGMM",1
"fixed","irAE.sample",-0.00190556903377722,0.00083408048417419,45,-2.28463448064475,0.0271015727910458,"g__GGB4802","ZIGMM",1
"fixed","irAE.sample",-0.0230657799842663,0.0328984233324528,45,-0.701121137362013,0.486837403163966,"g__GGB9547","ZIGMM",1
"fixed","irAE.sample",-0.00782380750325566,0.022603572969076,45,-0.34613145072062,0.730857086866258,"g__GGB9770","ZIGMM",1
"fixed","irAE.sample",-0.0160197407776294,0.0352005610184024,45,-0.455099018713209,0.651226176925191,"g__Eisenbergiella","ZIGMM",1
"fixed","irAE.sample",-0.00127554180890835,0.00298604014594272,45,-0.427168338858905,0.671293761208869,"g__Yanshouia","ZIGMM",1
"fixed","irAE.sample",-0.0477330626940991,0.0920959017441791,45,-0.518297359492612,0.606790044359948,"g__Anaerotruncus","ZIGMM",1
"fixed","irAE.sample",0.00530665865816365,0.00609391997665054,45,0.870812002536403,0.388478794684222,"g__GGB9818","ZIGMM",1
"fixed","irAE.sample",-0.0182341097093637,0.0166412849226897,45,-1.09571525240231,0.279033098635638,"g__Bacteria_unclassified","ZIGMM",1
"fixed","irAE.sample",0.0105144086048707,0.0313690368031828,45,0.335184298798866,0.739043627708104,"g__GGB9524","ZIGMM",1
"fixed","irAE.sample",-0.00201827249205213,0.00356061124945442,45,-0.566833150448926,0.573644209676,"g__GGB3002","ZIGMM",1
"fixed","irAE.sample",-0.0328833394310166,0.0283834425220351,45,-1.15853950434265,0.252755426237471,"g__Adlercreutzia","ZIGMM",1
"fixed","irAE.sample",-0.000206489386770428,0.00876084073293004,45,-0.0235695857355653,0.981300139788341,"g__Holdemania","ZIGMM",1
"fixed","irAE.sample",-0.00249192002527647,0.00472558320663167,45,-0.527325393779846,0.60055799369699,"g__Provencibacterium","ZIGMM",1
"fixed","irAE.sample",-0.00210594739466649,0.00488621593639374,45,-0.430997610846641,0.66852771776088,"g__Massilistercora","ZIGMM",1
"fixed","irAE.sample",-8.03860137154807e-05,0.000608387520464656,45,-0.132129622997667,0.895470795918369,"g__GGB3441","ZIGMM",1
"fixed","irAE.sample",0.00499447677862784,0.00571775102010577,45,0.873503718693831,0.387026274155677,"g__GGB3109","ZIGMM",1
"fixed","irAE.sample",-2.28668360193359e-05,0.000274520258210224,45,-0.083297444671004,0.933984476035061,"g__GGB58071","ZIGMM",1
"fixed","irAE.sample",-0.00154868592027303,0.00250100805370623,45,-0.619224683414372,0.538890885539734,"g__GGB58158","ZIGMM",1
"fixed","irAE.sample",-0.0302238586882251,0.0565584255226447,45,-0.534382957250536,0.595707081299493,"g__GGB3167","ZIGMM",1
"fixed","irAE.sample",0.00235621165979968,0.0107999432642619,45,0.218168892386372,0.828283883688442,"g__GGB33586","ZIGMM",1
"fixed","irAE.sample",0.00106255619203093,0.000756602802010153,45,1.40437781780337,0.167071212352984,"g__Anaerofilum","ZIGMM",1
"fixed","irAE.sample",-0.00224014973139902,0.0246381571922036,45,-0.0909219676586804,0.927958118210884,"s__GGB3247_SGB4294","ZIGMM",1
"fixed","irAE.sample",0.0110479914105443,0.0550530099248302,45,0.200679153158553,0.841853726777209,"s__GGB3576_SGB4784","ZIGMM",1
"fixed","irAE.sample",-0.0387792240183996,0.112514988427745,45,-0.344658294510716,0.731956929370458,"s__GGB33512_SGB15201","ZIGMM",1
"fixed","irAE.sample",-0.0249642314500809,0.042616796383992,45,-0.585783859141936,0.560947379992865,"s__GGB3550_SGB4747","ZIGMM",1
"fixed","irAE.sample",-0.0134556542819535,0.0412456798532321,45,-0.326231846094763,0.745761334100046,"s__Bilophila_wadsworthia","ZIGMM",1
"fixed","irAE.sample",0.0303835387115255,0.0138412781436638,45,2.19513966818407,0.0333532546026575,"s__Anaerotignum_lactatifermentans","ZIGMM",1
"fixed","irAE.sample",0.0311389327471885,0.0806747864231699,45,0.385980975318025,0.701329631138179,"s__Phascolarctobacterium_succinatutens","ZIGMM",1
"fixed","irAE.sample",-0.0377534564285838,0.106032940484992,45,-0.356054036188193,0.723463988689748,"s__GGB9699_SGB15216","ZIGMM",1
"fixed","irAE.sample",0.16291214086384,0.111335795519962,45,1.46325034193186,0.150349233218415,"s__GGB9343_SGB14307","ZIGMM",1
"fixed","irAE.sample",-0.00494832737422254,0.0183850348207338,45,-0.269149741758554,0.789044714814564,"s__GGB2653_SGB3574","ZIGMM",1
"fixed","irAE.sample",0.0998659075626565,0.0400375369345305,45,2.49430697312768,0.0163602915144628,"s__GGB40351_SGB14301","ZIGMM",1
"fixed","irAE.sample",-0.0177993658031694,0.0352794644913838,45,-0.504524829381028,0.616354312450544,"s__Neglectibacter_timonensis","ZIGMM",1
"fixed","irAE.sample",-0.0184253173989078,0.178622511376982,45,-0.103152269312916,0.91830045577205,"s__Alistipes_shahii","ZIGMM",1
"fixed","irAE.sample",-0.00901197769176174,0.0178808339259262,45,-0.504002091238869,0.616718669337958,"s__GGB9453_SGB14845","ZIGMM",1
"fixed","irAE.sample",0.000441551852341968,0.034465410511542,45,0.0128114490960175,0.989834853924229,"s__GGB9531_SGB14932","ZIGMM",1
"fixed","irAE.sample",-0.0157731745447008,0.0287444820588709,45,-0.548737476375332,0.585898121313272,"s__Blautia_stercoris","ZIGMM",1
"fixed","irAE.sample",-0.00402624341191036,0.00826309707884048,45,-0.48725597357684,0.628442213826284,"s__Clostridium_sp_AM29_11AC","ZIGMM",1
"fixed","irAE.sample",-0.00604270480864923,0.0185518228757177,45,-0.32572027283413,0.746145816301169,"s__Dorea_phocaeensis","ZIGMM",1
"fixed","irAE.sample",-0.00400784226607745,0.00762204944776765,45,-0.525822128751902,0.601593620550275,"s__GGB9719_SGB15273","ZIGMM",1
"fixed","irAE.sample",-5.24297116161942e-05,0.00115880725490057,45,-0.0452445489916207,0.964112571939545,"s__GGB9210_SGB14150","ZIGMM",1
"fixed","irAE.sample",-0.0525259721538558,0.0855259086368556,45,-0.614152751967616,0.542207064716776,"s__Longicatena_caecimuris","ZIGMM",1
"fixed","irAE.sample",-0.00973428218676206,0.0223851473213448,45,-0.434854506294903,0.665746414629071,"s__GGB9782_SGB15403","ZIGMM",1
"fixed","irAE.sample",-0.051516968225873,0.457045257768933,45,-0.112717433011674,0.910755918363992,"s__Akkermansia_muciniphila","ZIGMM",1
"fixed","irAE.sample",-0.00190556903377722,0.00083408048417419,45,-2.28463448064475,0.0271015727910458,"s__GGB4802_SGB6641","ZIGMM",1
"fixed","irAE.sample",0.0190101755476561,0.0326859148640695,45,0.581601452084591,0.563737436381246,"s__Alistipes_senegalensis","ZIGMM",1
"fixed","irAE.sample",0.605310781624062,0.242001461325699,45,2.50126911758356,0.016081449615703,"s__Clostridium_leptum","ZIGMM",1
"fixed","irAE.sample",-3.33305087965312e-05,0.00939185946577371,45,-0.00354887218212707,0.997184101873743,"s__GGB9547_SGB14953","ZIGMM",1
"fixed","irAE.sample",-0.00977454542827719,0.0144887833704978,45,-0.674628447284278,0.503363270996696,"s__GGB9770_SGB15390","ZIGMM",1
"fixed","irAE.sample",-0.00117273176456612,0.0172430880532119,45,-0.0680117019032258,0.946077623786993,"s__Eisenbergiella_massiliensis","ZIGMM",1
"fixed","irAE.sample",-0.00152655205725837,0.00696335942619551,45,-0.219226376785266,0.827465059916176,"s__Lachnoclostridium_pacaense","ZIGMM",1
"fixed","irAE.sample",-0.00127554180890835,0.00298604014594272,45,-0.427168338858905,0.671293761208869,"s__Yanshouia_hominis","ZIGMM",1
"fixed","irAE.sample",0.00530665865816365,0.00609391997665054,45,0.870812002536403,0.388478794684222,"s__GGB9818_SGB15459","ZIGMM",1
"fixed","irAE.sample",-0.0794874036530519,0.0858225241660313,45,-0.926183474856513,0.359291405722673,"s__Anaerotruncus_massiliensis","ZIGMM",1
"fixed","irAE.sample",-0.00685914317775257,0.00768499889634609,45,-0.892536650982972,0.376853561477646,"s__bacterium_210917_DFI_7_65","ZIGMM",1
"fixed","irAE.sample",0.00618287452552094,0.0129775003774878,45,0.476430309818866,0.636073133444982,"s__Alistipes_indistinctus","ZIGMM",1
"fixed","irAE.sample",0.0105376474722384,0.0308410788910553,45,0.341675708215725,0.7341854375141,"s__GGB9524_SGB14924","ZIGMM",1
"fixed","irAE.sample",-0.00201827249205213,0.00356061124945442,45,-0.566833150448926,0.573644209676,"s__GGB3002_SGB3993","ZIGMM",1
"fixed","irAE.sample",-4.93170617793193e-05,0.000779666193280913,45,-0.0632540723252194,0.949844328545882,"s__Parabacteroides_gordonii","ZIGMM",1
"fixed","irAE.sample",-0.0320069279114407,0.0284295806101494,45,-1.12583187034473,0.266205313449657,"s__Adlercreutzia_equolifaciens","ZIGMM",1
"fixed","irAE.sample",-0.000718985698150064,0.00788782026928419,45,-0.0911513794184501,0.927776857483081,"s__Holdemania_filiformis","ZIGMM",1
"fixed","irAE.sample",-0.00764525853731163,0.0150394374927839,45,-0.508347372764434,0.613692911252869,"s__GGB9781_SGB66170","ZIGMM",1
"fixed","irAE.sample",-0.00249192002527647,0.00472558320663167,45,-0.527325393779846,0.60055799369699,"s__Provencibacterium_massiliense","ZIGMM",1
"fixed","irAE.sample",-0.00210594739466649,0.00488621593639374,45,-0.430997610846641,0.66852771776088,"s__Massilistercora_timonensis","ZIGMM",1
"fixed","irAE.sample",-8.03860137154807e-05,0.000608387520464656,45,-0.132129622997667,0.895470795918369,"s__GGB3441_SGB4591","ZIGMM",1
"fixed","irAE.sample",0.00187482797903081,0.0332159318216738,45,0.0564436364180957,0.955238273611773,"s__Faecalibacillus_faecis","ZIGMM",1
"fixed","irAE.sample",-0.00713365997670908,0.0082936596467039,45,-0.86013416038168,0.394274575107087,"s__Hydrogenoanaerobacterium_saccharovorans","ZIGMM",1
"fixed","irAE.sample",0.00499447677862784,0.00571775102010577,45,0.873503718693831,0.387026274155677,"s__GGB3109_SGB4121","ZIGMM",1
"fixed","irAE.sample",-0.0126345498002686,0.0362672972879267,45,-0.348373072853007,0.729184613361789,"s__Intestinimonas_massiliensis","ZIGMM",1
"fixed","irAE.sample",-0.008722405150752,0.0159178014164916,45,-0.547965445888474,0.586423701675214,"s__Enterocloster_lavalensis","ZIGMM",1
"fixed","irAE.sample",0.00360868073412716,0.0113894472735857,45,0.316844237252529,0.752827085310868,"s__GGB9770_SGB15389","ZIGMM",1
"fixed","irAE.sample",-0.000968541003543841,0.00811888322022444,45,-0.119294855865296,0.905572744795471,"s__Lawsonibacter_faecis","ZIGMM",1
"fixed","irAE.sample",-2.28668360193359e-05,0.000274520258210224,45,-0.083297444671004,0.933984476035061,"s__GGB58071_SGB79702","ZIGMM",1
"fixed","irAE.sample",-0.0112962127650226,0.104515101728859,45,-0.108082110414322,0.91441104159321,"s__Lachnospira_sp_NSJ_43","ZIGMM",1
"fixed","irAE.sample",0.000907018281059633,0.00212789039886677,45,0.426252349060212,0.671956103536218,"s__Anaerotruncus_rubiinfantis","ZIGMM",1
"fixed","irAE.sample",-0.00154868592027303,0.00250100805370623,45,-0.619224683414372,0.538890885539734,"s__GGB58158_SGB79798","ZIGMM",1
"fixed","irAE.sample",-0.0302238586882251,0.0565584255226447,45,-0.534382957250536,0.595707081299493,"s__GGB3167_SGB4181","ZIGMM",1
"fixed","irAE.sample",0.00235621165979968,0.0107999432642619,45,0.218168892386372,0.828283883688442,"s__GGB33586_SGB53517","ZIGMM",1
"fixed","irAE.sample",0.00106255619203093,0.000756602802010153,45,1.40437781780337,0.167071212352984,"s__Anaerofilum_hominis","ZIGMM",1
"fixed","irAE.sample",-0.419736901596498,0.895583061374287,45,-0.468674453213088,0.641564889420247,"k__Archaea","ZIGMM",1
"fixed","irAE.sample",0.0414697351003489,0.0158983537693698,45,2.60842950798123,0.0123010295472083,"p__Elusimicrobia","ZIGMM",1
"fixed","irAE.sample",-0.305678762245403,0.893507129947228,45,-0.342111161735729,0.733859933525601,"p__Euryarchaeota","ZIGMM",1
"fixed","irAE.sample",-0.152122335500085,0.0773809553184796,45,-1.96588856875687,0.0554997156531284,"p__Tenericutes","ZIGMM",1
"fixed","irAE.sample",0.0180269862045465,0.00849907921111574,45,2.12105167592384,0.0394606834683089,"p__Lentisphaerae","ZIGMM",1
"fixed","irAE.sample",2.53780637030899,0.441987112370368,45,5.74181078877793,7.53540851048287e-07,"c__CFGB2831","ZIGMM",0.00189063399528015
"fixed","irAE.sample",-0.446837567326787,0.486342257010652,45,-0.918771833797284,0.363113615717991,"c__CFGB1765","ZIGMM",1
"fixed","irAE.sample",-0.0889376749370093,0.201584211494383,45,-0.44119365439236,0.661185420253678,"c__CFGB2875","ZIGMM",1
"fixed","irAE.sample",0.0414697351003489,0.0158983537693698,45,2.60842950798123,0.0123010295472083,"c__Elusimicrobia","ZIGMM",1
"fixed","irAE.sample",0.129021640699726,0.037817388565073,45,3.41170148429778,0.00137429413094185,"c__CFGB74971","ZIGMM",1
"fixed","irAE.sample",0.00224475676327484,0.011488225487649,45,0.195396300820191,0.845962325682777,"c__CFGB1249","ZIGMM",1
"fixed","irAE.sample",-0.305678762245403,0.893507129947228,45,-0.342111161735729,0.733859933525601,"c__Methanobacteria","ZIGMM",1
"fixed","irAE.sample",-0.133887070571767,0.0895322574209535,45,-1.49540595120115,0.141789087777911,"c__CFGB1787","ZIGMM",1
"fixed","irAE.sample",-0.144457022173674,0.592515064996857,45,-0.243803121148389,0.808491409767503,"c__CFGB9119","ZIGMM",1
"fixed","irAE.sample",0.0191192785513094,0.0076606885223157,45,2.49576503412384,0.016301533645227,"c__Lentisphaeria","ZIGMM",1
"fixed","irAE.sample",-0.0366337200671423,0.0596545112678481,45,-0.614098067163057,0.542242876506748,"c__CFGB72899","ZIGMM",1
"fixed","irAE.sample",0.000156450784767063,0.00988654064701419,45,0.0158246236325658,0.98744425825766,"c__CFGB2915","ZIGMM",1
"fixed","irAE.sample",-0.295639467048908,0.664563979156848,45,-0.444862310208258,0.658551748823963,"c__CFGB73062","ZIGMM",1
"fixed","irAE.sample",0.00377299318800124,0.00542226998741323,45,0.695832777925025,0.49011184444226,"c__CFGB3043","ZIGMM",1
"fixed","irAE.sample",-0.00339646333841036,0.00218589856726532,45,-1.55380647083708,0.12723614920285,"c__CFGB12107","ZIGMM",1
"fixed","irAE.sample",0.000656263314415174,0.00253972866487737,45,0.258398987061424,0.797277224265724,"c__CFGB2165","ZIGMM",1
"fixed","irAE.sample",0.00332391754382351,0.00386747385730486,45,0.859454431099854,0.394645344803463,"c__CFGB3047","ZIGMM",1
"fixed","irAE.sample",-0.0458898522924895,0.0397679688366397,45,-1.15394005866876,0.254616667167196,"c__CFGB2932","ZIGMM",1
"fixed","irAE.sample",0.000104583743483181,0.000668735842742579,45,0.156390216881854,0.87642496563514,"c__CFGB2845","ZIGMM",1
"fixed","irAE.sample",0.00600933138901076,0.00676848441294921,45,0.887840027748891,0.379347840059584,"c__CFGB1226","ZIGMM",1
"fixed","irAE.sample",0.0144578795250591,0.0125699727695541,45,1.15019179357951,0.256140735590122,"c__CFGB667","ZIGMM",1
"fixed","irAE.sample",0.0233610959447375,0.0141316141600383,45,1.65310881546699,0.10526963208948,"c__CFGB72939","ZIGMM",1
"fixed","irAE.sample",2.53780637030899,0.441987112370368,45,5.74181078877793,7.53540851048287e-07,"o__OFGB2831","ZIGMM",0.00189063399528015
"fixed","irAE.sample",-0.446837567326787,0.486342257010652,45,-0.918771833797284,0.363113615717991,"o__OFGB1765","ZIGMM",1
"fixed","irAE.sample",-0.0889376749370093,0.201584211494383,45,-0.44119365439236,0.661185420253678,"o__OFGB2875","ZIGMM",1
"fixed","irAE.sample",0.0414697351003489,0.0158983537693698,45,2.60842950798123,0.0123010295472083,"o__Elusimicrobiales","ZIGMM",1
"fixed","irAE.sample",0.129021640699726,0.037817388565073,45,3.41170148429778,0.00137429413094185,"o__OFGB74971","ZIGMM",1
"fixed","irAE.sample",0.00224475676327484,0.011488225487649,45,0.195396300820191,0.845962325682777,"o__OFGB1249","ZIGMM",1
"fixed","irAE.sample",-0.305678762245403,0.893507129947228,45,-0.342111161735729,0.733859933525601,"o__Methanobacteriales","ZIGMM",1
"fixed","irAE.sample",-0.133887070571767,0.0895322574209535,45,-1.49540595120115,0.141789087777911,"o__OFGB1787","ZIGMM",1
"fixed","irAE.sample",-0.144457022173674,0.592515064996857,45,-0.243803121148389,0.808491409767503,"o__OFGB9119","ZIGMM",1
"fixed","irAE.sample",0.0191192785513094,0.0076606885223157,45,2.49576503412384,0.016301533645227,"o__Victivallales","ZIGMM",1
"fixed","irAE.sample",-0.0366337200671423,0.0596545112678481,45,-0.614098067163057,0.542242876506748,"o__OFGB72899","ZIGMM",1
"fixed","irAE.sample",0.000156450784767063,0.00988654064701419,45,0.0158246236325658,0.98744425825766,"o__OFGB2915","ZIGMM",1
"fixed","irAE.sample",-0.295639467048908,0.664563979156848,45,-0.444862310208258,0.658551748823963,"o__OFGB73062","ZIGMM",1
"fixed","irAE.sample",0.00377299318800124,0.00542226998741323,45,0.695832777925025,0.49011184444226,"o__OFGB3043","ZIGMM",1
"fixed","irAE.sample",-0.00339646333841036,0.00218589856726532,45,-1.55380647083708,0.12723614920285,"o__OFGB12107","ZIGMM",1
"fixed","irAE.sample",0.000656263314415174,0.00253972866487737,45,0.258398987061424,0.797277224265724,"o__OFGB2165","ZIGMM",1
"fixed","irAE.sample",0.00332391754382351,0.00386747385730486,45,0.859454431099854,0.394645344803463,"o__OFGB3047","ZIGMM",1
"fixed","irAE.sample",-0.0458898522924895,0.0397679688366397,45,-1.15394005866876,0.254616667167196,"o__OFGB2932","ZIGMM",1
"fixed","irAE.sample",0.000104583743483181,0.000668735842742579,45,0.156390216881854,0.87642496563514,"o__OFGB2845","ZIGMM",1
"fixed","irAE.sample",0.00600933138901076,0.00676848441294921,45,0.887840027748891,0.379347840059584,"o__OFGB1226","ZIGMM",1
"fixed","irAE.sample",0.0144578795250591,0.0125699727695541,45,1.15019179357951,0.256140735590122,"o__OFGB667","ZIGMM",1
"fixed","irAE.sample",0.0233610959447375,0.0141316141600383,45,1.65310881546699,0.10526963208948,"o__OFGB72939","ZIGMM",1
"fixed","irAE.sample",2.53780637030899,0.441987112370368,45,5.74181078877793,7.53540851048287e-07,"f__FGB2831","ZIGMM",0.00189063399528015
"fixed","irAE.sample",-7.81381212121067,4.1171599331918,45,-1.89786460764303,0.0641400611425615,"f__Muribaculaceae","ZIGMM",1
"fixed","irAE.sample",-0.446837567326787,0.486342257010652,45,-0.918771833797284,0.363113615717991,"f__FGB1765","ZIGMM",1
"fixed","irAE.sample",-0.0889376749370093,0.201584211494383,45,-0.44119365439236,0.661185420253678,"f__FGB2875","ZIGMM",1
"fixed","irAE.sample",0.0414697351003489,0.0158983537693698,45,2.60842950798123,0.0123010295472083,"f__Elusimicrobiaceae","ZIGMM",1
"fixed","irAE.sample",0.129021640699726,0.037817388565073,45,3.41170148429778,0.00137429413094185,"f__FGB74971","ZIGMM",1
"fixed","irAE.sample",0.00224475676327484,0.011488225487649,45,0.195396300820191,0.845962325682777,"f__FGB1249","ZIGMM",1
"fixed","irAE.sample",-0.305678762245403,0.893507129947228,45,-0.342111161735729,0.733859933525601,"f__Methanobacteriaceae","ZIGMM",1
"fixed","irAE.sample",-0.133887070571767,0.0895322574209535,45,-1.49540595120115,0.141789087777911,"f__FGB1787","ZIGMM",1
"fixed","irAE.sample",-0.144457022173674,0.592515064996857,45,-0.243803121148389,0.808491409767503,"f__FGB9119","ZIGMM",1
"fixed","irAE.sample",0.0191192785513094,0.0076606885223157,45,2.49576503412384,0.016301533645227,"f__Victivallaceae","ZIGMM",1
"fixed","irAE.sample",-0.0366337200671423,0.0596545112678481,45,-0.614098067163057,0.542242876506748,"f__FGB72899","ZIGMM",1
"fixed","irAE.sample",0.000156450784767063,0.00988654064701419,45,0.0158246236325658,0.98744425825766,"f__FGB2915","ZIGMM",1
"fixed","irAE.sample",-0.295639467048908,0.664563979156848,45,-0.444862310208258,0.658551748823963,"f__FGB73062","ZIGMM",1
"fixed","irAE.sample",0.00377299318800124,0.00542226998741323,45,0.695832777925025,0.49011184444226,"f__FGB3043","ZIGMM",1
"fixed","irAE.sample",-0.00339646333841036,0.00218589856726532,45,-1.55380647083708,0.12723614920285,"f__FGB12107","ZIGMM",1
"fixed","irAE.sample",0.000656263314415174,0.00253972866487737,45,0.258398987061424,0.797277224265724,"f__FGB2165","ZIGMM",1
"fixed","irAE.sample",0.00332391754382351,0.00386747385730486,45,0.859454431099854,0.394645344803463,"f__FGB3047","ZIGMM",1
"fixed","irAE.sample",-0.0458898522924895,0.0397679688366397,45,-1.15394005866876,0.254616667167196,"f__FGB2932","ZIGMM",1
"fixed","irAE.sample",0.000104583743483181,0.000668735842742579,45,0.156390216881854,0.87642496563514,"f__FGB2845","ZIGMM",1
"fixed","irAE.sample",0.00600933138901076,0.00676848441294921,45,0.887840027748891,0.379347840059584,"f__FGB1226","ZIGMM",1
"fixed","irAE.sample",0.0144578795250591,0.0125699727695541,45,1.15019179357951,0.256140735590122,"f__FGB667","ZIGMM",1
"fixed","irAE.sample",0.0233610959447375,0.0141316141600383,45,1.65310881546699,0.10526963208948,"f__FGB72939","ZIGMM",1
"fixed","irAE.sample",2.53780637030899,0.441987112370368,45,5.74181078877793,7.53540851048287e-07,"g__GGB9049","ZIGMM",0.00189063399528015
"fixed","irAE.sample",0.731556125096337,0.487008405029915,45,1.50214270953168,0.140045665186206,"g__Rikenellaceae_unclassified","ZIGMM",1
"fixed","irAE.sample",0.0987277228335879,0.0377818594041268,45,2.61309857139546,0.0121564987167392,"g__GGB1425","ZIGMM",1
"fixed","irAE.sample",0.0940689708149144,0.0361274826389166,45,2.60380640840951,0.0124456858900768,"g__GGB4581","ZIGMM",1
"fixed","irAE.sample",0.0232087264496703,0.0112349239488345,45,2.06576622639958,0.0446372466668586,"g__GGB1512","ZIGMM",1
"fixed","irAE.sample",-0.0889376749370093,0.201584211494383,45,-0.44119365439236,0.661185420253678,"g__GGB9176","ZIGMM",1
"fixed","irAE.sample",0.0301168194313196,0.0120742174164111,45,2.49430819345569,0.0163602422566109,"g__GGB24147","ZIGMM",1
"fixed","irAE.sample",0.0414697351003489,0.0158983537693698,45,2.60842950798123,0.0123010295472083,"g__GGB12693","ZIGMM",1
"fixed","irAE.sample",0.0311716412067242,0.0119725732415414,45,2.60358743085969,0.0124525761392888,"g__GGB9333","ZIGMM",1
"fixed","irAE.sample",-0.0502930018106398,0.045465261383321,45,-1.10618525618088,0.274525104708253,"g__GGB9667","ZIGMM",1
"fixed","irAE.sample",-0.00518204517475732,0.0214131556152995,45,-0.242002872806602,0.809877436635693,"g__GGB9619","ZIGMM",1
"fixed","irAE.sample",-0.00139113983893765,0.0196742550344909,45,-0.0707086411403557,0.943942953898545,"g__GGB9495","ZIGMM",1
"fixed","irAE.sample",-0.00076305486843841,0.0449371980073029,45,-0.0169804727992699,0.986527259109582,"g__Pseudoruminococcus","ZIGMM",1
"fixed","irAE.sample",0.000859022865596838,0.00364626172789442,45,0.235590017859988,0.814819729912397,"g__GGB3033","ZIGMM",1
"fixed","irAE.sample",-0.0175375452496302,0.0138022615927446,45,-1.27062837722545,0.210390806758194,"g__Marvinbryantia","ZIGMM",1
"fixed","irAE.sample",-0.310282322717121,0.893452946561634,45,-0.347284458472281,0.729996662405346,"g__Methanobrevibacter","ZIGMM",1
"fixed","irAE.sample",-2.736404642088,0.39115195589037,45,-6.99575855592791,1.03385277614257e-08,"g__Muribaculum","ZIGMM",2.5939366153417e-05
"fixed","irAE.sample",-0.133899355820097,0.0894073374416294,45,-1.4976327407973,0.141210914428191,"g__GGB4745","ZIGMM",1
"fixed","irAE.sample",-0.244575181232708,0.717304472135055,45,-0.340964249818115,0.734717362947467,"g__GGB4729","ZIGMM",1
"fixed","irAE.sample",0.0454109008045709,0.0146371894561127,45,3.10243308257561,0.00331111065676104,"g__GGB33544","ZIGMM",1
"fixed","irAE.sample",0.0173090209114583,0.00759286257848313,45,2.27964364329589,0.0274205661288203,"g__Victivallis","ZIGMM",1
"fixed","irAE.sample",-0.0366337200671423,0.0596545112678481,45,-0.614098067163057,0.542242876506748,"g__GGB4613","ZIGMM",1
"fixed","irAE.sample",-0.00743848075170456,0.00602546455485347,45,-1.23450742826342,0.223421745055354,"g__GGB1332","ZIGMM",1
"fixed","irAE.sample",0.000156450784767063,0.00988654064701419,45,0.0158246236325658,0.98744425825766,"g__GGB36267","ZIGMM",1
"fixed","irAE.sample",-0.00139362105779531,0.00888163107913685,45,-0.156910486979014,0.876017293718597,"g__GGB9724","ZIGMM",1
"fixed","irAE.sample",-0.295639467048908,0.664563979156848,45,-0.444862310208258,0.658551748823963,"g__GGB9059","ZIGMM",1
"fixed","irAE.sample",0.00377299318800124,0.00542226998741323,45,0.695832777925025,0.49011184444226,"g__GGB9551","ZIGMM",1
"fixed","irAE.sample",-0.00196823009136615,0.00167405149724506,45,-1.17572852125828,0.245886397617409,"g__GGB9354","ZIGMM",1
"fixed","irAE.sample",-0.00124267089251968,0.00840477203683334,45,-0.147853015771726,0.883119284009343,"g__Traorella","ZIGMM",1
"fixed","irAE.sample",-0.018032061542289,0.026317303717413,45,-0.685178912547866,0.496745519941788,"g__Limosilactobacillus","ZIGMM",1
"fixed","irAE.sample",-0.0236883397077952,0.0238747941261464,45,-0.992190323511649,0.326410068137962,"g__GGB3478","ZIGMM",1
"fixed","irAE.sample",0.00232365757799841,0.00252741450967891,45,0.91938127643875,0.362798334800874,"g__GGB9062","ZIGMM",1
"fixed","irAE.sample",0.000656263314415174,0.00253972866487737,45,0.258398987061424,0.797277224265724,"g__GGB6133","ZIGMM",1
"fixed","irAE.sample",0.00332391754382351,0.00386747385730486,45,0.859454431099854,0.394645344803463,"g__GGB52130","ZIGMM",1
"fixed","irAE.sample",0.0732638930780084,0.135543042960575,45,0.540521235747367,0.591503101209886,"g__GGB9694","ZIGMM",1
"fixed","irAE.sample",-0.00582522856739048,0.0165412854077067,45,-0.352162992404234,0.726359987002663,"g__Turicimonas","ZIGMM",1
"fixed","irAE.sample",-0.0264399846804389,0.0450870880144068,45,-0.586420322199351,0.560523406052261,"g__Eubacteriaceae_unclassified","ZIGMM",1
"fixed","irAE.sample",0.00761939317562927,0.00385987817741525,45,1.97399835575421,0.0545397139733287,"g__GGB3475","ZIGMM",1
"fixed","irAE.sample",-0.0458898522924895,0.0397679688366397,45,-1.15394005866876,0.254616667167196,"g__GGB9261","ZIGMM",1
"fixed","irAE.sample",0.000289439570881362,0.000486011769221621,45,0.595540250691702,0.554465931495556,"g__GGB9115","ZIGMM",1
"fixed","irAE.sample",-0.0012988553879469,0.00356954911723638,45,-0.36387099470773,0.717658430246497,"g__GGB2996","ZIGMM",1
"fixed","irAE.sample",0.0144578795250591,0.0125699727695541,45,1.15019179357951,0.256140735590122,"g__GGB1661","ZIGMM",1
"fixed","irAE.sample",0.0233610959447375,0.0141316141600383,45,1.65310881546699,0.10526963208948,"g__GGB74511","ZIGMM",1
"fixed","irAE.sample",2.53780637030899,0.441987112370368,45,5.74181078877793,7.53540851048287e-07,"s__GGB9049_SGB13954","ZIGMM",0.00189063399528015
"fixed","irAE.sample",1.52363522227623,0.224299698151275,45,6.79285453718549,2.06845963442627e-08,"s__Bacteroides_rodentium","ZIGMM",5.1897652227755e-05
"fixed","irAE.sample",0.10824010278291,0.107862046162722,45,1.00350500137572,0.320983050020911,"s__Roseburia_sp_AF02_12","ZIGMM",1
"fixed","irAE.sample",0.731556125096337,0.487008405029915,45,1.50214270953168,0.140045665186206,"s__Rikenellaceae_bacterium","ZIGMM",1
"fixed","irAE.sample",0.0987277228335879,0.0377818594041268,45,2.61309857139546,0.0121564987167392,"s__GGB1425_SGB1964","ZIGMM",1
"fixed","irAE.sample",0.0940689708149144,0.0361274826389166,45,2.60380640840951,0.0124456858900768,"s__GGB4581_SGB6331","ZIGMM",1
"fixed","irAE.sample",0.0232087264496703,0.0112349239488345,45,2.06576622639958,0.0446372466668586,"s__GGB1512_SGB2092","ZIGMM",1
"fixed","irAE.sample",-0.0889376749370093,0.201584211494383,45,-0.44119365439236,0.661185420253678,"s__GGB9176_SGB14114","ZIGMM",1
"fixed","irAE.sample",0.0301168194313196,0.0120742174164111,45,2.49430819345569,0.0163602422566109,"s__GGB24147_SGB35951","ZIGMM",1
"fixed","irAE.sample",0.0414697351003489,0.0158983537693698,45,2.60842950798123,0.0123010295472083,"s__GGB12693_SGB19690","ZIGMM",1
"fixed","irAE.sample",0.0311716412067242,0.0119725732415414,45,2.60358743085969,0.0124525761392888,"s__GGB9333_SGB14296","ZIGMM",1
"fixed","irAE.sample",-0.0502930018106398,0.045465261383321,45,-1.10618525618088,0.274525104708253,"s__GGB9667_SGB15164","ZIGMM",1
"fixed","irAE.sample",-0.0230473650480094,0.0178687142433371,45,-1.28981664456374,0.203703830102513,"s__GGB9619_SGB15066","ZIGMM",1
"fixed","irAE.sample",-0.00139113983893765,0.0196742550344909,45,-0.0707086411403557,0.943942953898545,"s__GGB9495_SGB14892","ZIGMM",1
"fixed","irAE.sample",-0.00076305486843841,0.0449371980073029,45,-0.0169804727992699,0.986527259109582,"s__Pseudoruminococcus_massiliensis","ZIGMM",1
"fixed","irAE.sample",0.0100753452225123,0.00614209973924145,45,1.64037473343873,0.107899919015861,"s__Parabacteroides_goldsteinii","ZIGMM",1
"fixed","irAE.sample",0.00114354454130982,0.00350515022147953,45,0.326246942086016,0.745749989426345,"s__GGB3033_SGB4029","ZIGMM",1
"fixed","irAE.sample",-0.0175375452496302,0.0138022615927446,45,-1.27062837722545,0.210390806758194,"s__Marvinbryantia_SGB4691","ZIGMM",1
"fixed","irAE.sample",-0.310282322717121,0.893452946561634,45,-0.347284458472281,0.729996662405346,"s__Methanobrevibacter_smithii","ZIGMM",1
"fixed","irAE.sample",0.0360186041372906,0.0559524539436185,45,0.643735915025022,0.523014169406384,"s__Ruminococcus_lactaris","ZIGMM",1
"fixed","irAE.sample",-0.0590918232714509,0.132682222950044,45,-0.445363530679613,0.65819226911727,"s__Muribaculum_gordoncarteri","ZIGMM",1
"fixed","irAE.sample",-0.133899355820097,0.0894073374416294,45,-1.4976327407973,0.141210914428191,"s__GGB4745_SGB6571","ZIGMM",1
"fixed","irAE.sample",-0.244575181232708,0.717304472135055,45,-0.340964249818115,0.734717362947467,"s__GGB4729_SGB6550","ZIGMM",1
"fixed","irAE.sample",0.0454109008045709,0.0146371894561127,45,3.10243308257561,0.00331111065676104,"s__GGB33544_SGB53490","ZIGMM",1
"fixed","irAE.sample",0.0170063020718123,0.00656730818269229,45,2.58953921435137,0.0129019751369019,"s__Victivallis_lenta","ZIGMM",1
"fixed","irAE.sample",-0.0366337200671423,0.0596545112678481,45,-0.614098067163057,0.542242876506748,"s__GGB4613_SGB6388","ZIGMM",1
"fixed","irAE.sample",-0.00743848075170456,0.00602546455485347,45,-1.23450742826342,0.223421745055354,"s__GGB1332_SGB1789","ZIGMM",1
"fixed","irAE.sample",0.000156450784767063,0.00988654064701419,45,0.0158246236325658,0.98744425825766,"s__GGB36267_SGB14177","ZIGMM",1
"fixed","irAE.sample",-0.00139362105779531,0.00888163107913685,45,-0.156910486979014,0.876017293718597,"s__GGB9724_SGB15278","ZIGMM",1
"fixed","irAE.sample",-0.00540145428797515,0.0151072576025999,45,-0.357540357757954,0.722358836513409,"s__Clostridiaceae_bacterium_AF18_31LB","ZIGMM",1
"fixed","irAE.sample",-0.295639467048908,0.664563979156848,45,-0.444862310208258,0.658551748823963,"s__GGB9059_SGB13976","ZIGMM",1
"fixed","irAE.sample",-0.0223042372135017,0.020485259023207,45,-1.08879449306616,0.282041341764875,"s__Alistipes_ihumii","ZIGMM",1
"fixed","irAE.sample",0.00377299318800124,0.00542226998741323,45,0.695832777925025,0.49011184444226,"s__GGB9551_SGB14958","ZIGMM",1
"fixed","irAE.sample",-0.00196823009136615,0.00167405149724506,45,-1.17572852125828,0.245886397617409,"s__GGB9354_SGB14327","ZIGMM",1
"fixed","irAE.sample",-0.00124267089251968,0.00840477203683334,45,-0.147853015771726,0.883119284009343,"s__Traorella_massiliensis","ZIGMM",1
"fixed","irAE.sample",0.00257441893687795,0.00494308974078482,45,0.520811693066532,0.605051400266383,"s__Limosilactobacillus_fermentum","ZIGMM",1
"fixed","irAE.sample",0.0438053796227622,0.0548914965286012,45,0.798035805052927,0.429041129754652,"s__Clostridium_sp_AM49_4BH","ZIGMM",1
"fixed","irAE.sample",-0.0236883397077952,0.0238747941261464,45,-0.992190323511649,0.326410068137962,"s__GGB3478_SGB4643","ZIGMM",1
"fixed","irAE.sample",0.00435138161040579,0.00377965072349714,45,1.15126553449882,0.255703477781051,"s__Butyricimonas_synergistica","ZIGMM",1
"fixed","irAE.sample",0.00232365757799841,0.00252741450967891,45,0.91938127643875,0.362798334800874,"s__GGB9062_SGB13981","ZIGMM",1
"fixed","irAE.sample",0.00168302966468757,0.00123294174074218,45,1.36505206131999,0.179022940237963,"s__Roseburia_lenta","ZIGMM",1
"fixed","irAE.sample",-0.134051848334893,0.124141679484357,45,-1.07982950522096,0.285971844504296,"s__Bacteroides_intestinalis","ZIGMM",1
"fixed","irAE.sample",0.000656263314415174,0.00253972866487737,45,0.258398987061424,0.797277224265724,"s__GGB6133_SGB8780","ZIGMM",1
"fixed","irAE.sample",0.00332391754382351,0.00386747385730486,45,0.859454431099854,0.394645344803463,"s__GGB52130_SGB14966","ZIGMM",1
"fixed","irAE.sample",0.00137745380661651,0.000652452436072335,45,2.11119421196213,0.0403431772266987,"s__Alistipes_timonensis","ZIGMM",1
"fixed","irAE.sample",0.0732638930780084,0.135543042960575,45,0.540521235747367,0.591503101209886,"s__GGB9694_SGB15204","ZIGMM",1
"fixed","irAE.sample",-0.00058265422838909,0.000446083045712419,45,-1.30615640739845,0.198136658192817,"s__Slackia_piriformis","ZIGMM",1
"fixed","irAE.sample",-0.00582522856739048,0.0165412854077067,45,-0.352162992404234,0.726359987002663,"s__Turicimonas_muris","ZIGMM",1
"fixed","irAE.sample",0.00210854580568654,0.00326972224126702,45,0.644870007328045,0.522285632406313,"s__Eubacteriaceae_bacterium","ZIGMM",1
"fixed","irAE.sample",0.00761939317562927,0.00385987817741525,45,1.97399835575421,0.0545397139733287,"s__GGB3475_SGB4638","ZIGMM",1
"fixed","irAE.sample",-0.00321748252293807,0.00387651181429264,45,-0.829994251810418,0.410923714826512,"s__GGB3057_SGB4059","ZIGMM",1
"fixed","irAE.sample",-0.000207510071291816,0.00186820136347622,45,-0.111074788483023,0.912050985190123,"s__Pseudoflavonifractor_sp_AF19_9AC","ZIGMM",1
"fixed","irAE.sample",-0.0458898522924895,0.0397679688366397,45,-1.15394005866876,0.254616667167196,"s__GGB9261_SGB14209","ZIGMM",1
"fixed","irAE.sample",-0.00122753577053718,0.00403485313391708,45,-0.304233073620074,0.762352791171709,"s__Lachnospiraceae_bacterium_OM04_12BH","ZIGMM",1
"fixed","irAE.sample",0.00469115330905087,0.00292300221089065,45,1.60490925787615,0.115509870020589,"s__Roseburia_sp_BX1005","ZIGMM",1
"fixed","irAE.sample",0.000289439570881362,0.000486011769221621,45,0.595540250691702,0.554465931495556,"s__GGB9115_SGB14048","ZIGMM",1
"fixed","irAE.sample",-0.000204296764221382,0.00111417577222021,45,-0.183361341464355,0.855338201175977,"s__Mediterraneibacter_massiliensis","ZIGMM",1
"fixed","irAE.sample",-0.0012988553879469,0.00356954911723638,45,-0.36387099470773,0.717658430246497,"s__GGB2996_SGB3983","ZIGMM",1
"fixed","irAE.sample",0.0144578795250591,0.0125699727695541,45,1.15019179357951,0.256140735590122,"s__GGB1661_SGB2275","ZIGMM",1
"fixed","irAE.sample",-0.000449481390832191,0.00124281409653539,45,-0.361664220002988,0.719295685441132,"s__GGB74511_SGB105989","ZIGMM",1
"fixed","irAE.sample",-0.0173911125016118,0.0920769459331449,45,-0.18887586165422,0.851039388752434,"s__Collinsella_sp_AF08_23","ZIGMM",1
"fixed","irAE.sample",-0.170622941754869,0.074985274893873,45,-2.27541930060739,0.0276931796815342,"p__Fusobacteria","ZIGMM",1
"fixed","irAE.sample",-0.170622941754869,0.074985274893873,45,-2.27541930060739,0.0276931796815342,"c__Fusobacteriia","ZIGMM",1
"fixed","irAE.sample",-0.00039323838948945,0.00407598592884242,45,-0.0964768761115744,0.923570233423237,"c__CFGB1126","ZIGMM",1
"fixed","irAE.sample",-0.170622941754869,0.074985274893873,45,-2.27541930060739,0.0276931796815342,"o__Fusobacteriales","ZIGMM",1
"fixed","irAE.sample",-0.00039323838948945,0.00407598592884242,45,-0.0964768761115744,0.923570233423237,"o__OFGB1126","ZIGMM",1
"fixed","irAE.sample",-0.170622941754869,0.074985274893873,45,-2.27541930060739,0.0276931796815342,"f__Fusobacteriaceae","ZIGMM",1
"fixed","irAE.sample",-0.00039323838948945,0.00407598592884242,45,-0.0964768761115744,0.923570233423237,"f__FGB1126","ZIGMM",1
"fixed","irAE.sample",-0.0663660558042406,0.0798260576076538,45,-0.831383357680404,0.410147012804241,"g__GGB3740","ZIGMM",1
"fixed","irAE.sample",-0.0407154091791422,0.0335796018766646,45,-1.21250422588948,0.231646816620649,"g__Fusobacterium","ZIGMM",1
"fixed","irAE.sample",-0.00202343352500895,0.0062193253592077,45,-0.325346144178365,0.746427040878175,"g__Hungatella","ZIGMM",1
"fixed","irAE.sample",-0.0335077377624738,0.038703578567289,45,-0.865752961427538,0.391218056559601,"g__Veillonella","ZIGMM",1
"fixed","irAE.sample",-0.00039323838948945,0.00407598592884242,45,-0.0964768761115744,0.923570233423237,"g__GGB2848","ZIGMM",1
"fixed","irAE.sample",-0.0192106895695172,0.0469409564223478,45,-0.409252197519591,0.684296038839611,"s__Sutterella_wadsworthensis","ZIGMM",1
"fixed","irAE.sample",-0.0564962854441326,0.0783656531340653,45,-0.72093172435481,0.47468038742738,"s__GGB3740_SGB5076","ZIGMM",1
"fixed","irAE.sample",-0.0353672485547708,0.0328461681988639,45,-1.07675416933395,0.287328930581426,"s__Fusobacterium_SGB6028","ZIGMM",1
"fixed","irAE.sample",-0.00623780631595117,0.0115079646238229,45,-0.542042534875207,0.590463377426078,"s__Butyricimonas_faecihominis","ZIGMM",1
"fixed","irAE.sample",-0.00247354720069287,0.0095602163686441,45,-0.258733391098311,0.79702079374088,"s__Clostridium_SGB48024","ZIGMM",1
"fixed","irAE.sample",0.000602350431619565,0.0159785906488026,45,0.0376973442063055,0.970095735087358,"s__Anaerotruncus_colihominis","ZIGMM",1
"fixed","irAE.sample",-0.00332123972506924,0.00673949772603356,45,-0.492802262138889,0.624548452967427,"s__Bacteroides_nordii","ZIGMM",1
"fixed","irAE.sample",-0.00999672095263254,0.0108820401788157,45,-0.918644003179968,0.363179768383138,"s__Bifidobacterium_dentium","ZIGMM",1
"fixed","irAE.sample",-0.00202343352500895,0.0062193253592077,45,-0.325346144178365,0.746427040878175,"s__Hungatella_hathewayi","ZIGMM",1
"fixed","irAE.sample",-0.0251895850399881,0.0247433183192524,45,-1.01803584769746,0.314103266985631,"s__Veillonella_parvula","ZIGMM",1
"fixed","irAE.sample",-0.00039323838948945,0.00407598592884242,45,-0.0964768761115744,0.923570233423237,"s__GGB2848_SGB3813","ZIGMM",1
"fixed","irAE.sample",0.00786578404920161,0.00445407435971736,45,1.76597501836515,0.0841838088339837,"c__CFGB77566","ZIGMM",1
"fixed","irAE.sample",0.00786578404920161,0.00445407435971736,45,1.76597501836515,0.0841838088339837,"o__OFGB77566","ZIGMM",1
"fixed","irAE.sample",0.00786578404920161,0.00445407435971736,45,1.76597501836515,0.0841838088339837,"f__FGB77566","ZIGMM",1
"fixed","irAE.sample",0.0341821499683425,0.0130432006782946,45,2.62068726928548,0.0119249051085282,"g__GGB9730","ZIGMM",1
"fixed","irAE.sample",-0.0160890682122234,0.0495111492524686,45,-0.324958488242347,0.746718470452473,"g__GGB4566","ZIGMM",1
"fixed","irAE.sample",0.00786578404920161,0.00445407435971736,45,1.76597501836515,0.0841838088339837,"g__GGB51139","ZIGMM",1
"fixed","irAE.sample",-0.00125420948885977,0.00254321847835871,45,-0.493158373742701,0.624298813732964,"g__Drancourtella","ZIGMM",1
"fixed","irAE.sample",-0.000642402115671385,0.00493675736820744,45,-0.130126329442162,0.897046432453471,"g__Massilimicrobiota","ZIGMM",1
"fixed","irAE.sample",-2.2905013331784e-05,5.79114477815496e-05,45,-0.39551788479171,0.694329612386414,"g__Catenibacillus","ZIGMM",1
"fixed","irAE.sample",0.0341821499683425,0.0130432006782946,45,2.62068726928548,0.0119249051085282,"s__GGB9730_SGB15291","ZIGMM",1
"fixed","irAE.sample",-0.0160890682122234,0.0495111492524686,45,-0.324958488242347,0.746718470452473,"s__GGB4566_SGB6305","ZIGMM",1
"fixed","irAE.sample",0.00786578404920161,0.00445407435971736,45,1.76597501836515,0.0841838088339837,"s__GGB51139_SGB71360","ZIGMM",1
"fixed","irAE.sample",-0.0706651631951934,0.0293063840971953,45,-2.41125493205954,0.0200417190711828,"s__Clostridiaceae_unclassified_SGB15090","ZIGMM",1
"fixed","irAE.sample",-0.000248764758834373,0.00443755252434883,45,-0.0560590004218321,0.955542975462177,"s__GGB36331_SGB15121","ZIGMM",1
"fixed","irAE.sample",-0.00125420948885977,0.00254321847835871,45,-0.493158373742701,0.624298813732964,"s__Drancourtella_massiliensis","ZIGMM",1
"fixed","irAE.sample",-0.000642402115671385,0.00493675736820744,45,-0.130126329442162,0.897046432453471,"s__Massilimicrobiota_timonensis","ZIGMM",1
"fixed","irAE.sample",0.00045088432751419,0.00376460509244508,45,0.119769355999395,0.905198984794722,"s__Enterocloster_citroniae","ZIGMM",1
"fixed","irAE.sample",-2.2905013331784e-05,5.79114477815496e-05,45,-0.39551788479171,0.694329612386414,"s__Catenibacillus_scindens","ZIGMM",1
"fixed","irAE.sample",0.0734828403209384,0.686652770532665,45,0.107016010820046,0.915251968184545,"c__CFGB2404","ZIGMM",1
"fixed","irAE.sample",-0.102659641455552,0.0665641777157589,45,-1.54226559958311,0.130012733060091,"c__CFGB628","ZIGMM",1
"fixed","irAE.sample",-0.0118054668609463,0.00692733453499477,45,-1.70418604750625,0.0952430441931836,"c__CFGB77988","ZIGMM",1
"fixed","irAE.sample",0.0734828403209384,0.686652770532665,45,0.107016010820046,0.915251968184545,"o__OFGB2404","ZIGMM",1
"fixed","irAE.sample",-0.102659641455552,0.0665641777157589,45,-1.54226559958311,0.130012733060091,"o__OFGB628","ZIGMM",1
"fixed","irAE.sample",-0.0118054668609463,0.00692733453499477,45,-1.70418604750625,0.0952430441931836,"o__OFGB77988","ZIGMM",1
"fixed","irAE.sample",0.0734828403209384,0.686652770532665,45,0.107016010820046,0.915251968184545,"f__FGB2404","ZIGMM",1
"fixed","irAE.sample",-0.102659641455552,0.0665641777157589,45,-1.54226559958311,0.130012733060091,"f__FGB628","ZIGMM",1
"fixed","irAE.sample",-0.0118054668609463,0.00692733453499477,45,-1.70418604750625,0.0952430441931836,"f__FGB77988","ZIGMM",1
"fixed","irAE.sample",9.53271068171344,1.0477753811069,45,9.09804797249848,9.21705355959499e-12,"g__GGB1153","ZIGMM",2.31255873810238e-08
"fixed","irAE.sample",0.378106497037644,0.579176470371491,45,0.652834699578043,0.517184369378857,"g__GGB6612","ZIGMM",1
"fixed","irAE.sample",-0.102659641455552,0.0665641777157589,45,-1.54226559958311,0.130012733060091,"g__GGB1492","ZIGMM",1
"fixed","irAE.sample",-0.000649930544896041,0.00243555036978961,45,-0.266851613071827,0.790802522771972,"g__GGB79097","ZIGMM",1
"fixed","irAE.sample",-0.00282144084422712,0.00266168185108163,45,-1.06002182157141,0.294791253723245,"g__GGB47740","ZIGMM",1
"fixed","irAE.sample",-0.000285921897686902,0.000146199244082308,45,-1.95570024647961,0.0567263599380129,"g__GGB9355","ZIGMM",1
"fixed","irAE.sample",9.53271068171344,1.0477753811069,45,9.09804797249848,9.21705355959499e-12,"s__GGB1153_SGB1481","ZIGMM",2.31255873810238e-08
"fixed","irAE.sample",0.378106497037644,0.579176470371491,45,0.652834699578043,0.517184369378857,"s__GGB6612_SGB9346","ZIGMM",1
"fixed","irAE.sample",-0.102659641455552,0.0665641777157589,45,-1.54226559958311,0.130012733060091,"s__GGB1492_SGB2067","ZIGMM",1
"fixed","irAE.sample",0.0123920913766204,0.00475306203985431,45,2.60718064959241,0.0123399537169633,"s__Mediterraneibacter_SGB4586","ZIGMM",1
"fixed","irAE.sample",-0.0335209981136044,0.0360149305238346,45,-0.930752819068201,0.3569480466934,"s__GGB9480_SGB14873","ZIGMM",1
"fixed","irAE.sample",-0.00497521002724774,0.0107847402177825,45,-0.46131941305775,0.646791634409256,"s__Butyricimonas_paravirosa","ZIGMM",1
"fixed","irAE.sample",-0.000649930544896041,0.00243555036978961,45,-0.266851613071827,0.790802522771972,"s__GGB79097_SGB105802","ZIGMM",1
"fixed","irAE.sample",-0.00537966325786405,0.0217604750469701,45,-0.247221774628174,0.805861071296318,"s__Blautia_marasmi","ZIGMM",1
"fixed","irAE.sample",-0.00282144084422712,0.00266168185108163,45,-1.06002182157141,0.294791253723245,"s__GGB47740_SGB65712","ZIGMM",1
"fixed","irAE.sample",-0.000285921897686902,0.000146199244082308,45,-1.95570024647961,0.0567263599380129,"s__GGB9355_SGB14328","ZIGMM",1
"fixed","irAE.sample",0.00246480596390017,0.101911460930068,45,0.0241857583181103,0.980811371162999,"p__Candidatus_Melainabacteria","ZIGMM",1
"fixed","irAE.sample",-0.00840838969305337,0.0348377681597774,45,-0.241358449097248,0.810373734147004,"c__CFGB2107","ZIGMM",1
"fixed","irAE.sample",-0.000750051061186321,0.00696639172413515,45,-0.10766708087743,0.914738400203639,"c__CFGB668","ZIGMM",1
"fixed","irAE.sample",-0.0397621034811705,0.0417017565702016,45,-0.953487496725327,0.345437057653246,"c__CFGB2106","ZIGMM",1
"fixed","irAE.sample",-0.0356489396423231,0.0500180207455654,45,-0.712721917239873,0.479697427416365,"c__CFGB2890","ZIGMM",1
"fixed","irAE.sample",-8.50096765884992e-05,0.000214800994920779,45,-0.395760162190364,0.694152130000054,"c__CFGB9115","ZIGMM",1
"fixed","irAE.sample",0.0485199480283971,0.0738987811714306,45,0.656573048422008,0.514799241208276,"c__Candidatus_Melainabacteria_unclassified","ZIGMM",1
"fixed","irAE.sample",-0.00840838969305337,0.0348377681597774,45,-0.241358449097248,0.810373734147004,"o__OFGB2107","ZIGMM",1
"fixed","irAE.sample",-0.000750051061186321,0.00696639172413515,45,-0.10766708087743,0.914738400203639,"o__OFGB668","ZIGMM",1
"fixed","irAE.sample",-0.0397621034811705,0.0417017565702016,45,-0.953487496725327,0.345437057653246,"o__OFGB2106","ZIGMM",1
"fixed","irAE.sample",-0.0356489396423231,0.0500180207455654,45,-0.712721917239873,0.479697427416365,"o__OFGB2890","ZIGMM",1
"fixed","irAE.sample",-8.50096765884992e-05,0.000214800994920779,45,-0.395760162190364,0.694152130000054,"o__OFGB9115","ZIGMM",1
"fixed","irAE.sample",0.0485199480283971,0.0738987811714306,45,0.656573048422008,0.514799241208276,"o__Candidatus_Gastranaerophilales","ZIGMM",1
"fixed","irAE.sample",-0.00840838969305337,0.0348377681597774,45,-0.241358449097248,0.810373734147004,"f__FGB2107","ZIGMM",1
"fixed","irAE.sample",-0.000750051061186321,0.00696639172413515,45,-0.10766708087743,0.914738400203639,"f__FGB668","ZIGMM",1
"fixed","irAE.sample",-0.0397621034811705,0.0417017565702016,45,-0.953487496725327,0.345437057653246,"f__FGB2106","ZIGMM",1
"fixed","irAE.sample",-0.0356489396423231,0.0500180207455654,45,-0.712721917239873,0.479697427416365,"f__FGB2890","ZIGMM",1
"fixed","irAE.sample",-8.50096765884992e-05,0.000214800994920779,45,-0.395760162190364,0.694152130000054,"f__FGB9115","ZIGMM",1
"fixed","irAE.sample",0.0485199480283971,0.0738987811714306,45,0.656573048422008,0.514799241208276,"f__Candidatus_Gastranaerophilales_unclassified","ZIGMM",1
"fixed","irAE.sample",0.0219486390860685,1.11379764452256,45,0.0197061281230102,0.984364920898976,"g__Prevotella","ZIGMM",1
"fixed","irAE.sample",-0.050604975998303,0.106279549286065,45,-0.476149704606792,0.636271466338166,"g__GGB4599","ZIGMM",1
"fixed","irAE.sample",0.021245468240311,0.070422085063867,45,0.301687577427495,0.764280080195041,"g__GGB4571","ZIGMM",1
"fixed","irAE.sample",-0.00534577849268195,0.0189440006087141,45,-0.282188467108839,0.77909282596227,"g__GGB5997","ZIGMM",1
"fixed","irAE.sample",-0.000750051061186321,0.00696639172413515,45,-0.10766708087743,0.914738400203639,"g__GGB1663","ZIGMM",1
"fixed","irAE.sample",-0.00546052636731282,0.0277727986170503,45,-0.196614192275189,0.845014754276776,"g__GGB6007","ZIGMM",1
"fixed","irAE.sample",-0.0397621034811705,0.0417017565702016,45,-0.953487496725327,0.345437057653246,"g__GGB5980","ZIGMM",1
"fixed","irAE.sample",-0.00311925249672364,0.00846707863668122,45,-0.368397723768663,0.714304148727711,"g__GGB9501","ZIGMM",1
"fixed","irAE.sample",-0.0096726915777466,0.0165725879879602,45,-0.583656070178883,0.562365950587353,"g__GGB9523","ZIGMM",1
"fixed","irAE.sample",-0.034533381446939,0.0500194992109952,45,-0.690398384463392,0.493489425495349,"g__GGB9198","ZIGMM",1
"fixed","irAE.sample",-0.0156933027112997,0.0316412724503342,45,-0.495975714501771,0.622325391398234,"g__GGB3548","ZIGMM",1
"fixed","irAE.sample",-0.00545748334010682,0.0116229406963392,45,-0.469544109592312,0.640948086897768,"g__GGB9186","ZIGMM",1
"fixed","irAE.sample",0.00399586055283543,0.00207968395152755,45,1.92137875079549,0.0610315640427682,"g__GGB4593","ZIGMM",1
"fixed","irAE.sample",-0.00580478389442375,0.0162184693854783,45,-0.357911943257805,0.722082638103069,"g__GGB9509","ZIGMM",1
"fixed","irAE.sample",-8.50096765884992e-05,0.000214800994920779,45,-0.395760162190364,0.694152130000054,"g__GGB4617","ZIGMM",1
"fixed","irAE.sample",0.0485199480283971,0.0738987811714306,45,0.656573048422008,0.514799241208276,"g__Candidatus_Gastranaerophilales_unclassified","ZIGMM",1
"fixed","irAE.sample",-0.646573007570695,1.48079103321591,45,-0.436640277437727,0.664460255548469,"s__Prevotella_stercorea","ZIGMM",1
"fixed","irAE.sample",-0.050604975998303,0.106279549286065,45,-0.476149704606792,0.636271466338166,"s__GGB4599_SGB6362","ZIGMM",1
"fixed","irAE.sample",-0.011534463747651,0.0703848518132498,45,-0.163877076537081,0.870561750643909,"s__GGB4571_SGB6317","ZIGMM",1
"fixed","irAE.sample",-0.00534577849268195,0.0189440006087141,45,-0.282188467108839,0.77909282596227,"s__GGB5997_SGB8620","ZIGMM",1
"fixed","irAE.sample",-0.000750051061186321,0.00696639172413515,45,-0.10766708087743,0.914738400203639,"s__GGB1663_SGB2279","ZIGMM",1
"fixed","irAE.sample",-0.000497620453398504,0.0154577885203151,45,-0.032192215124726,0.974461128652595,"s__Clostridia_bacterium","ZIGMM",1
"fixed","irAE.sample",-0.00666827319268908,0.0195421933761861,45,-0.341224399141141,0.734522845730765,"s__GGB6007_SGB8634","ZIGMM",1
"fixed","irAE.sample",-0.0397621034811705,0.0417017565702016,45,-0.953487496725327,0.345437057653246,"s__GGB5980_SGB8599","ZIGMM",1
"fixed","irAE.sample",-0.00311925249672364,0.00846707863668122,45,-0.368397723768663,0.714304148727711,"s__GGB9501_SGB14898","ZIGMM",1
"fixed","irAE.sample",-0.0096726915777466,0.0165725879879602,45,-0.583656070178883,0.562365950587353,"s__GGB9523_SGB14922","ZIGMM",1
"fixed","irAE.sample",-0.000484003820152449,0.00235332890352654,45,-0.205667732813358,0.837978070331154,"s__GGB9719_SGB53514","ZIGMM",1
"fixed","irAE.sample",-0.034533381446939,0.0500194992109952,45,-0.690398384463392,0.493489425495349,"s__GGB9198_SGB14137","ZIGMM",1
"fixed","irAE.sample",0.00909158013738909,0.00943338141762764,45,0.963766833428377,0.340313613166961,"s__GGB9619_SGB15067","ZIGMM",1
"fixed","irAE.sample",-0.0156933027112997,0.0316412724503342,45,-0.495975714501771,0.622325391398234,"s__GGB3548_SGB4744","ZIGMM",1
"fixed","irAE.sample",-0.00545748334010682,0.0116229406963392,45,-0.469544109592312,0.640948086897768,"s__GGB9186_SGB14125","ZIGMM",1
"fixed","irAE.sample",-0.00141634585837911,0.00308587301275301,45,-0.458977363140276,0.648459780454906,"s__Holdemania_sp_1001095H_141210_F2","ZIGMM",1
"fixed","irAE.sample",0.00399586055283543,0.00207968395152755,45,1.92137875079549,0.0610315640427682,"s__GGB4593_SGB6353","ZIGMM",1
"fixed","irAE.sample",-1.07329793863173e-05,0.00143144317292474,45,-0.00749801290706325,0.994050649759757,"s__Intestinimonas_gabonensis","ZIGMM",1
"fixed","irAE.sample",-0.00580478389442375,0.0162184693854783,45,-0.357911943257805,0.722082638103069,"s__GGB9509_SGB14906","ZIGMM",1
"fixed","irAE.sample",-8.50096765884992e-05,0.000214800994920779,45,-0.395760162190364,0.694152130000054,"s__GGB4617_SGB6392","ZIGMM",1
"fixed","irAE.sample",0.0485199480283971,0.0738987811714306,45,0.656573048422008,0.514799241208276,"s__Candidatus_Gastranaerophilales_bacterium","ZIGMM",1
"fixed","irAE.sample",-0.0332656784931047,0.0333892616086161,45,-0.996298716726353,0.324432415991417,"s__Streptococcus_vestibularis","ZIGMM",1
"fixed","irAE.sample",-0.00224240281347103,0.00609945768831655,45,-0.367639703078247,0.71486544249743,"s__Veillonella_dispar","ZIGMM",1
"fixed","irAE.sample",-0.314348705152225,0.402081793931503,45,-0.781802881643968,0.438424723043998,"c__CFGB14936","ZIGMM",1
"fixed","irAE.sample",-0.0235059178040288,0.0347712822139505,45,-0.676015272010822,0.502490649693641,"c__CFGB1380","ZIGMM",1
"fixed","irAE.sample",-0.314348705152225,0.402081793931503,45,-0.781802881643968,0.438424723043998,"o__OFGB14936","ZIGMM",1
"fixed","irAE.sample",-0.0235059178040288,0.0347712822139505,45,-0.676015272010822,0.502490649693641,"o__OFGB1380","ZIGMM",1
"fixed","irAE.sample",-0.314348705152225,0.402081793931503,45,-0.781802881643968,0.438424723043998,"f__FGB14936","ZIGMM",1
"fixed","irAE.sample",-0.0235059178040288,0.0347712822139505,45,-0.676015272010822,0.502490649693641,"f__FGB1380","ZIGMM",1
"fixed","irAE.sample",0.198637067009577,0.361216820912192,45,0.549910899796839,0.585099714951407,"g__GGB6613","ZIGMM",1
"fixed","irAE.sample",-0.314348705152225,0.402081793931503,45,-0.781802881643968,0.438424723043998,"g__GGB3256","ZIGMM",1
"fixed","irAE.sample",-0.0111570319065189,0.0236294021441345,45,-0.472167337898069,0.639089119178033,"g__Jutongia","ZIGMM",1
"fixed","irAE.sample",-0.00239017848948204,0.00709657341875882,45,-0.336807406679388,0.737827870026891,"g__GGB9621","ZIGMM",1
"fixed","irAE.sample",-0.0141764399550818,0.0246269564033499,45,-0.57564725916165,0.567721325686693,"g__GGB28640","ZIGMM",1
"fixed","irAE.sample",-0.0107156100535714,0.0284578406329386,45,-0.376543329193029,0.708282686291515,"g__GGB3363","ZIGMM",1
"fixed","irAE.sample",-0.00247563199742921,0.0207741934000464,45,-0.119168621845202,0.905672181978713,"s__Bacteroides_propionicigenes","ZIGMM",1
"fixed","irAE.sample",0.198637067009577,0.361216820912192,45,0.549910899796839,0.585099714951407,"s__GGB6613_SGB9347","ZIGMM",1
"fixed","irAE.sample",-0.314348705152225,0.402081793931503,45,-0.781802881643968,0.438424723043998,"s__GGB3256_SGB4303","ZIGMM",1
"fixed","irAE.sample",-0.00571296359991284,0.0184462988840678,45,-0.309707851738603,0.758212806582814,"s__Jutongia_hominis","ZIGMM",1
"fixed","irAE.sample",-0.00239017848948204,0.00709657341875882,45,-0.336807406679388,0.737827870026891,"s__GGB9621_SGB15073","ZIGMM",1
"fixed","irAE.sample",-0.0141764399550818,0.0246269564033499,45,-0.57564725916165,0.567721325686693,"s__GGB28640_SGB4673","ZIGMM",1
"fixed","irAE.sample",-0.000176836791786103,0.00107668014748833,45,-0.16424264178979,0.870275649451548,"s__Eubacterium_callanderi","ZIGMM",1
"fixed","irAE.sample",-0.00756713788041529,0.0195215199615576,45,-0.387630568486303,0.700116945774121,"s__GGB3363_SGB4447","ZIGMM",1
"fixed","irAE.sample",-0.0797432420701293,0.0384253475742342,45,-2.07527705288996,0.0437066071969648,"p__Candidatus_Thermoplasmatota","ZIGMM",1
"fixed","irAE.sample",-0.0797432420701293,0.0384253475742342,45,-2.07527705288996,0.0437066071969648,"c__Thermoplasmata","ZIGMM",1
"fixed","irAE.sample",0.00771069031487432,0.017554809388777,45,0.439235205812253,0.662593139892686,"c__CFGB2839","ZIGMM",1
"fixed","irAE.sample",-0.043086224580361,0.0274461964549039,45,-1.56984318942535,0.123457314642433,"c__CFGB2985","ZIGMM",1
"fixed","irAE.sample",-0.0122942401822847,0.0288617958082475,45,-0.425969342447205,0.672160795832468,"c__CFGB9989","ZIGMM",1
"fixed","irAE.sample",-0.0150967337904647,0.0118305530385614,45,-1.27608014107685,0.208474416678866,"c__CFGB2960","ZIGMM",1
"fixed","irAE.sample",-0.00542115306030766,0.00559658530553328,45,-0.968653699417005,0.337895632544197,"c__CFGB45555","ZIGMM",1
"fixed","irAE.sample",-0.000462623848063495,0.0026091270552866,45,-0.177309819821204,0.860060737418172,"c__CFGB10021","ZIGMM",1
"fixed","irAE.sample",-0.00347901396889918,0.00385719081158964,45,-0.90195537084809,0.371883067475989,"c__CFGB2950","ZIGMM",1
"fixed","irAE.sample",-0.00888428782028664,0.00715521303338475,45,-1.2416524537892,0.220797832454168,"c__CFGB2844","ZIGMM",1
"fixed","irAE.sample",-0.000880758781168183,0.00111513304735192,45,-0.789823943662777,0.433772911193841,"c__CFGB1838","ZIGMM",1
"fixed","irAE.sample",-0.00124691916591686,0.00732716166684426,45,-0.170177651676396,0.865633233310351,"c__CFGB2918","ZIGMM",1
"fixed","irAE.sample",0.00607919395842202,0.00213616056820725,45,2.84585065790439,0.00664668773724747,"c__CFGB9272","ZIGMM",1
"fixed","irAE.sample",0.00789052028729847,0.0033013124596293,45,2.39011616858117,0.0210909782669812,"c__CFGB2997","ZIGMM",1
"fixed","irAE.sample",0.00127748244438534,0.0011310095859097,45,1.12950629269674,0.264669415066793,"c__CFGB3048","ZIGMM",1
"fixed","irAE.sample",-0.00111355776142028,0.00268013097568147,45,-0.415486321946314,0.679760515338412,"c__CFGB9714","ZIGMM",1
"fixed","irAE.sample",-0.0797432420701293,0.0384253475742342,45,-2.07527705288996,0.0437066071969648,"o__Methanomassiliicoccales","ZIGMM",1
"fixed","irAE.sample",0.00771069031487432,0.017554809388777,45,0.439235205812253,0.662593139892686,"o__OFGB2839","ZIGMM",1
"fixed","irAE.sample",-0.043086224580361,0.0274461964549039,45,-1.56984318942535,0.123457314642433,"o__OFGB2985","ZIGMM",1
"fixed","irAE.sample",-0.0122942401822847,0.0288617958082475,45,-0.425969342447205,0.672160795832468,"o__OFGB9989","ZIGMM",1
"fixed","irAE.sample",-0.0150967337904647,0.0118305530385614,45,-1.27608014107685,0.208474416678866,"o__OFGB2960","ZIGMM",1
"fixed","irAE.sample",-0.00542115306030766,0.00559658530553328,45,-0.968653699417005,0.337895632544197,"o__OFGB45555","ZIGMM",1
"fixed","irAE.sample",-0.000462623848063495,0.0026091270552866,45,-0.177309819821204,0.860060737418172,"o__OFGB10021","ZIGMM",1
"fixed","irAE.sample",-0.00347901396889918,0.00385719081158964,45,-0.90195537084809,0.371883067475989,"o__OFGB2950","ZIGMM",1
"fixed","irAE.sample",-0.00888428782028664,0.00715521303338475,45,-1.2416524537892,0.220797832454168,"o__OFGB2844","ZIGMM",1
"fixed","irAE.sample",-0.000880758781168183,0.00111513304735192,45,-0.789823943662777,0.433772911193841,"o__OFGB1838","ZIGMM",1
"fixed","irAE.sample",-0.00124691916591686,0.00732716166684426,45,-0.170177651676396,0.865633233310351,"o__OFGB2918","ZIGMM",1
"fixed","irAE.sample",0.00607919395842202,0.00213616056820725,45,2.84585065790439,0.00664668773724747,"o__OFGB9272","ZIGMM",1
"fixed","irAE.sample",0.00789052028729847,0.0033013124596293,45,2.39011616858117,0.0210909782669812,"o__OFGB2997","ZIGMM",1
"fixed","irAE.sample",0.00127748244438534,0.0011310095859097,45,1.12950629269674,0.264669415066793,"o__OFGB3048","ZIGMM",1
"fixed","irAE.sample",-0.00111355776142028,0.00268013097568147,45,-0.415486321946314,0.679760515338412,"o__OFGB9714","ZIGMM",1
"fixed","irAE.sample",-0.0797432420701293,0.0384253475742342,45,-2.07527705288996,0.0437066071969648,"f__Methanomassiliicoccaceae","ZIGMM",1
"fixed","irAE.sample",0.00771069031487432,0.017554809388777,45,0.439235205812253,0.662593139892686,"f__FGB2839","ZIGMM",1
"fixed","irAE.sample",-0.043086224580361,0.0274461964549039,45,-1.56984318942535,0.123457314642433,"f__FGB2985","ZIGMM",1
"fixed","irAE.sample",-0.0122942401822847,0.0288617958082475,45,-0.425969342447205,0.672160795832468,"f__FGB9989","ZIGMM",1
"fixed","irAE.sample",-0.0150967337904647,0.0118305530385614,45,-1.27608014107685,0.208474416678866,"f__FGB2960","ZIGMM",1
"fixed","irAE.sample",-0.00542115306030766,0.00559658530553328,45,-0.968653699417005,0.337895632544197,"f__FGB45555","ZIGMM",1
"fixed","irAE.sample",-0.000462623848063495,0.0026091270552866,45,-0.177309819821204,0.860060737418172,"f__FGB10021","ZIGMM",1
"fixed","irAE.sample",-0.00347901396889918,0.00385719081158964,45,-0.90195537084809,0.371883067475989,"f__FGB2950","ZIGMM",1
"fixed","irAE.sample",-0.00888428782028664,0.00715521303338475,45,-1.2416524537892,0.220797832454168,"f__FGB2844","ZIGMM",1
"fixed","irAE.sample",-0.000880758781168183,0.00111513304735192,45,-0.789823943662777,0.433772911193841,"f__FGB1838","ZIGMM",1
"fixed","irAE.sample",-0.00124691916591686,0.00732716166684426,45,-0.170177651676396,0.865633233310351,"f__FGB2918","ZIGMM",1
"fixed","irAE.sample",0.00607919395842202,0.00213616056820725,45,2.84585065790439,0.00664668773724747,"f__FGB9272","ZIGMM",1
"fixed","irAE.sample",0.00789052028729847,0.0033013124596293,45,2.39011616858117,0.0210909782669812,"f__FGB2997","ZIGMM",1
"fixed","irAE.sample",0.000601775105363652,0.0015408402211471,45,0.390549972089677,0.697972706756792,"f__Oxalobacteraceae","ZIGMM",1
"fixed","irAE.sample",-0.0905597197222637,0.311940736424178,45,-0.290310655672494,0.772912265978025,"f__Enterococcaceae","ZIGMM",1
"fixed","irAE.sample",0.00127748244438534,0.0011310095859097,45,1.12950629269674,0.264669415066793,"f__FGB3048","ZIGMM",1
"fixed","irAE.sample",-0.00111355776142028,0.00268013097568147,45,-0.415486321946314,0.679760515338412,"f__FGB9714","ZIGMM",1
"fixed","irAE.sample",-2.06440828448838,0.778389290466681,45,-2.65215401826851,0.0110071046307348,"g__GGB4567","ZIGMM",1
"fixed","irAE.sample",-0.0804329096146348,0.0383608025338414,45,-2.09674731240771,0.0416677805558937,"g__Methanomassiliicoccaceae_unclassified","ZIGMM",1
"fixed","irAE.sample",-0.00183475778712389,0.0422268849675524,45,-0.043449991362937,0.965535058994585,"g__GGB9710","ZIGMM",1
"fixed","irAE.sample",0.00771069031487432,0.017554809388777,45,0.439235205812253,0.662593139892686,"g__GGB9088","ZIGMM",1
"fixed","irAE.sample",-0.0285600864033703,0.0268169995922445,45,-1.06499932272923,0.292557479397449,"g__GGB9349","ZIGMM",1
"fixed","irAE.sample",-0.00793730135704082,0.00893231860438892,45,-0.888604819037781,0.378940961415277,"g__GGB9642","ZIGMM",1
"fixed","irAE.sample",-0.0122942401822847,0.0288617958082475,45,-0.425969342447205,0.672160795832468,"g__GGB9712","ZIGMM",1
"fixed","irAE.sample",-0.0024536979258086,0.00710178723125122,45,-0.345504285880485,0.731325251606355,"g__Butyricicoccus","ZIGMM",1
"fixed","irAE.sample",-0.0148262344817539,0.0116590529438986,45,-1.27164998333014,0.210030694693915,"g__GGB9302","ZIGMM",1
"fixed","irAE.sample",0.0666105858141926,0.0439926979756842,45,1.51412822762109,0.136986087199527,"g__GGB13493","ZIGMM",1
"fixed","irAE.sample",-0.00500339518501594,0.00553477964523793,45,-0.903991758609725,0.370813963010524,"g__GGB9701","ZIGMM",1
"fixed","irAE.sample",-0.00270595161966183,0.00494899237096162,45,-0.546768193771947,0.58723920958792,"g__GGB9623","ZIGMM",1
"fixed","irAE.sample",-0.00489710791178633,0.00323870051486315,45,-1.5120595094583,0.137510336745415,"g__GGB9819","ZIGMM",1
"fixed","irAE.sample",-0.000586993861836447,0.00309129919212551,45,-0.189885813489584,0.850252578059302,"g__GGB9593","ZIGMM",1
"fixed","irAE.sample",-0.00915904010015153,0.00889183083305221,45,-1.03005109657575,0.30849076738319,"g__GGB6568","ZIGMM",1
"fixed","irAE.sample",-0.000462623848063495,0.0026091270552866,45,-0.177309819821204,0.860060737418172,"g__GGB71580","ZIGMM",1
"fixed","irAE.sample",-0.00347901396889918,0.00385719081158964,45,-0.90195537084809,0.371883067475989,"g__GGB9291","ZIGMM",1
"fixed","irAE.sample",-0.00569266078832946,0.00331386532602587,45,-1.71783106079218,0.0927024504892475,"g__GGB9786","ZIGMM",1
"fixed","irAE.sample",-0.00888428782028664,0.00715521303338475,45,-1.2416524537892,0.220797832454168,"g__GGB9110","ZIGMM",1
"fixed","irAE.sample",-0.00262141453145858,0.00566211659052811,45,-0.462974311734206,0.645614022581642,"g__GGB9348","ZIGMM",1
"fixed","irAE.sample",-0.000880758781168183,0.00111513304735192,45,-0.789823943662777,0.433772911193841,"g__GGB4884","ZIGMM",1
"fixed","irAE.sample",-0.00774856840615616,0.032141481476799,45,-0.241076890365162,0.81059059899272,"g__Negativibacillus","ZIGMM",1
"fixed","irAE.sample",0.126557024462068,0.0574511862798859,45,2.20286181464589,0.0327674628515509,"g__GGB41366","ZIGMM",1
"fixed","irAE.sample",-0.00498224957499044,0.0057430971358562,45,-0.867519642647951,0.390260097061891,"g__GGB9637","ZIGMM",1
"fixed","irAE.sample",-0.0010750684781069,0.00124556015813691,45,-0.863120477227665,0.392648221293669,"g__GGB9199","ZIGMM",1
"fixed","irAE.sample",-0.000886492638550159,0.00115454708227148,45,-0.767827187095789,0.446600366115555,"g__GGB9640","ZIGMM",1
"fixed","irAE.sample",0.00109613219898923,0.00406467405410061,45,0.269672840773889,0.788644758031622,"g__GGB9289","ZIGMM",1
"fixed","irAE.sample",-0.00029447376816724,0.000744695367656257,45,-0.395428494599104,0.694395100314694,"g__GGB38145","ZIGMM",1
"fixed","irAE.sample",0.00607919395842202,0.00213616056820725,45,2.84585065790439,0.00664668773724747,"g__GGB9296","ZIGMM",1
"fixed","irAE.sample",0.00930330991135894,0.00625763132011347,45,1.48671429098994,0.144063831615834,"g__GGB9590","ZIGMM",1
"fixed","irAE.sample",-0.000174063530450634,0.00120020863166033,45,-0.145027727562533,0.88533661793836,"g__GGB9444","ZIGMM",1
"fixed","irAE.sample",-0.000178815812438089,0.000452207741752193,45,-0.395428463354524,0.694395123205121,"g__GGB4564","ZIGMM",1
"fixed","irAE.sample",0.000679218349723289,0.00220385422032346,45,0.308195679850186,0.759355588899975,"g__Ellagibacter","ZIGMM",1
"fixed","irAE.sample",-0.00409914028853995,0.0035647028440748,45,-1.1499248234263,0.25624953670653,"g__GGB9636","ZIGMM",1
"fixed","irAE.sample",0.00167856338831837,0.00107418973324596,45,1.56263212760945,0.125145150715387,"g__GGB6649","ZIGMM",1
"fixed","irAE.sample",-0.0905597197222637,0.311940736424178,45,-0.290310655672494,0.772912265978025,"g__Enterococcus","ZIGMM",1
"fixed","irAE.sample",-0.000157044681312797,0.000283272357096347,45,-0.554394657221646,0.582053755214093,"g__GGB9559","ZIGMM",1
"fixed","irAE.sample",-0.00111355776142028,0.00268013097568147,45,-0.415486321946314,0.679760515338412,"g__GGB9711","ZIGMM",1
"fixed","irAE.sample",-1.91920938928538,0.565663094596871,45,-3.39284886643195,0.00145163055260244,"s__GGB4567_SGB6308","ZIGMM",1
"fixed","irAE.sample",-0.186168323716642,0.0839419990507068,45,-2.21782094567683,0.0316585329151754,"s__GGB9708_SGB15233","ZIGMM",1
"fixed","irAE.sample",0.236407846772153,0.102745900957838,45,2.30089808516218,0.026084918889276,"s__Phocaeicola_coprophilus","ZIGMM",1
"fixed","irAE.sample",-0.0804329096146348,0.0383608025338414,45,-2.09674731240771,0.0416677805558937,"s__Methanomassiliicoccaceae_unclassified_SGB380","ZIGMM",1
"fixed","irAE.sample",0.103611507418236,0.0838254363167322,45,1.23603898733962,0.222857368295091,"s__GGB9715_SGB15265","ZIGMM",1
"fixed","irAE.sample",0.157136492195174,0.0890755056635888,45,1.76408195524178,0.0845059614752385,"s__GGB9634_SGB15095","ZIGMM",1
"fixed","irAE.sample",0.152084885222217,0.0656701507110247,45,2.3158906074611,0.0251780449898571,"s__Prevotella_lascolaii","ZIGMM",1
"fixed","irAE.sample",-0.00183475778712389,0.0422268849675524,45,-0.043449991362937,0.965535058994585,"s__GGB9710_SGB15239","ZIGMM",1
"fixed","irAE.sample",-0.035038123978832,0.023983947582662,45,-1.46089895577328,0.150990848160658,"s__Alistipes_dispar","ZIGMM",1
"fixed","irAE.sample",-0.0156481700856756,0.0260186286703208,45,-0.601421784520309,0.550577035080703,"s__Phascolarctobacterium_sp_ET69","ZIGMM",1
"fixed","irAE.sample",0.00771069031487432,0.017554809388777,45,0.439235205812253,0.662593139892686,"s__GGB9088_SGB14017","ZIGMM",1
"fixed","irAE.sample",-0.0192473848464422,0.0315799190572023,45,-0.609481766295173,0.545270372005315,"s__GGB9547_SGB14954","ZIGMM",1
"fixed","irAE.sample",-0.0285600864033703,0.0268169995922445,45,-1.06499932272923,0.292557479397449,"s__GGB9349_SGB14316","ZIGMM",1
"fixed","irAE.sample",-0.00793730135704082,0.00893231860438892,45,-0.888604819037781,0.378940961415277,"s__GGB9642_SGB15119","ZIGMM",1
"fixed","irAE.sample",-0.00227434709646584,0.00678195533085493,45,-0.335352709581934,0.738917451439659,"s__Butyricicoccus_SGB14990","ZIGMM",1
"fixed","irAE.sample",-0.0137859618707527,0.00955358369947165,45,-1.44301471619652,0.155941667613772,"s__GGB9712_SGB15241","ZIGMM",1
"fixed","irAE.sample",-0.0148262344817539,0.0116590529438986,45,-1.27164998333014,0.210030694693915,"s__GGB9302_SGB14263","ZIGMM",1
"fixed","irAE.sample",0.0666105858141926,0.0439926979756842,45,1.51412822762109,0.136986087199527,"s__GGB13493_SGB15238","ZIGMM",1
"fixed","irAE.sample",-0.00500339518501594,0.00553477964523793,45,-0.903991758609725,0.370813963010524,"s__GGB9701_SGB15218","ZIGMM",1
"fixed","irAE.sample",-0.00270595161966183,0.00494899237096162,45,-0.546768193771947,0.58723920958792,"s__GGB9623_SGB15075","ZIGMM",1
"fixed","irAE.sample",-0.00489710791178633,0.00323870051486315,45,-1.5120595094583,0.137510336745415,"s__GGB9819_SGB15460","ZIGMM",1
"fixed","irAE.sample",-0.000586993861836447,0.00309129919212551,45,-0.189885813489584,0.850252578059302,"s__GGB9593_SGB15015","ZIGMM",1
"fixed","irAE.sample",-0.00915904010015153,0.00889183083305221,45,-1.03005109657575,0.30849076738319,"s__GGB6568_SGB9279","ZIGMM",1
"fixed","irAE.sample",-0.000462623848063495,0.0026091270552866,45,-0.177309819821204,0.860060737418172,"s__GGB71580_SGB98325","ZIGMM",1
"fixed","irAE.sample",-0.00347901396889918,0.00385719081158964,45,-0.90195537084809,0.371883067475989,"s__GGB9291_SGB14248","ZIGMM",1
"fixed","irAE.sample",-0.00569266078832946,0.00331386532602587,45,-1.71783106079218,0.0927024504892475,"s__GGB9786_SGB15409","ZIGMM",1
"fixed","irAE.sample",-0.00888428782028664,0.00715521303338475,45,-1.2416524537892,0.220797832454168,"s__GGB9110_SGB14043","ZIGMM",1
"fixed","irAE.sample",0.124405787963522,0.0583037518061336,45,2.13375270217919,0.0383486169799688,"s__Ruminococcus_callidus","ZIGMM",1
"fixed","irAE.sample",-0.00262141453145858,0.00566211659052811,45,-0.462974311734206,0.645614022581642,"s__GGB9348_SGB14315","ZIGMM",1
"fixed","irAE.sample",-0.000880758781168183,0.00111513304735192,45,-0.789823943662777,0.433772911193841,"s__GGB4884_SGB6823","ZIGMM",1
"fixed","irAE.sample",-0.00774856840615616,0.032141481476799,45,-0.241076890365162,0.81059059899272,"s__Negativibacillus_massiliensis","ZIGMM",1
"fixed","irAE.sample",0.126557024462068,0.0574511862798859,45,2.20286181464589,0.0327674628515509,"s__GGB41366_SGB58424","ZIGMM",1
"fixed","irAE.sample",0.0256076161349937,0.0118743891389979,45,2.15654176692704,0.0364221581005839,"s__Eubacteriales_bacterium","ZIGMM",1
"fixed","irAE.sample",0.0178648089505126,0.011253243362495,45,1.58752533603358,0.11939627938048,"s__GGB9634_SGB15100","ZIGMM",1
"fixed","irAE.sample",-0.00498224957499044,0.0057430971358562,45,-0.867519642647951,0.390260097061891,"s__GGB9637_SGB15111","ZIGMM",1
"fixed","irAE.sample",-0.0010750684781069,0.00124556015813691,45,-0.863120477227665,0.392648221293669,"s__GGB9199_SGB14138","ZIGMM",1
"fixed","irAE.sample",-0.00142593771102161,0.0037724317104999,45,-0.377989005620105,0.7072159548125,"s__Dysosmobacter_SGB15074","ZIGMM",1
"fixed","irAE.sample",-0.000886492638550159,0.00115454708227148,45,-0.767827187095789,0.446600366115555,"s__GGB9640_SGB15115","ZIGMM",1
"fixed","irAE.sample",0.00109613219898923,0.00406467405410061,45,0.269672840773889,0.788644758031622,"s__GGB9289_SGB14244","ZIGMM",1
"fixed","irAE.sample",0.00339524322388712,0.0266124694467326,45,0.127580915806518,0.899049063621234,"s__GGB9712_SGB15244","ZIGMM",1
"fixed","irAE.sample",-0.00165398768062479,0.00210465203504245,45,-0.785872273936923,0.436060985501118,"s__GGB33512_SGB15202","ZIGMM",1
"fixed","irAE.sample",-0.00029447376816724,0.000744695367656257,45,-0.395428494599104,0.694395100314694,"s__GGB38145_SGB53822","ZIGMM",1
"fixed","irAE.sample",-0.00260417152627208,0.00520423789639527,45,-0.500394405120463,0.619235941470687,"s__GGB9634_SGB15097","ZIGMM",1
"fixed","irAE.sample",0.00607919395842202,0.00213616056820725,45,2.84585065790439,0.00664668773724747,"s__GGB9296_SGB14253","ZIGMM",1
"fixed","irAE.sample",0.00930330991135894,0.00625763132011347,45,1.48671429098994,0.144063831615834,"s__GGB9590_SGB15012","ZIGMM",1
"fixed","irAE.sample",-0.000174063530450634,0.00120020863166033,45,-0.145027727562533,0.88533661793836,"s__GGB9444_SGB14834","ZIGMM",1
"fixed","irAE.sample",-0.00220574312552661,0.00886032487177983,45,-0.248946077874854,0.804535237795817,"s__Dysosmobacter_sp_Marseille_Q4140","ZIGMM",1
"fixed","irAE.sample",-0.000178815812438089,0.000452207741752193,45,-0.395428463354524,0.694395123205121,"s__GGB4564_SGB6302","ZIGMM",1
"fixed","irAE.sample",0.000679218349723289,0.00220385422032346,45,0.308195679850186,0.759355588899975,"s__Ellagibacter_isourolithinifaciens","ZIGMM",1
"fixed","irAE.sample",-0.000152407592840702,0.00032637683745791,45,-0.466968164860525,0.642775814888538,"s__Butyricicoccus_intestinisimiae","ZIGMM",1
"fixed","irAE.sample",-0.00409914028853995,0.0035647028440748,45,-1.1499248234263,0.25624953670653,"s__GGB9636_SGB15107","ZIGMM",1
"fixed","irAE.sample",0.00167856338831837,0.00107418973324596,45,1.56263212760945,0.125145150715387,"s__GGB6649_SGB9391","ZIGMM",1
"fixed","irAE.sample",-0.147449398113969,0.348066926942276,45,-0.423623696193411,0.673858314674038,"s__Enterococcus_faecalis","ZIGMM",1
"fixed","irAE.sample",-0.000157044681312797,0.000283272357096347,45,-0.554394657221646,0.582053755214093,"s__GGB9559_SGB14969","ZIGMM",1
"fixed","irAE.sample",-0.000340329932265244,0.00862347330287737,45,-0.0394655285999073,0.968693810666033,"s__Clostridium_sp_1001270J_160509_D11","ZIGMM",1
"fixed","irAE.sample",-0.00111355776142028,0.00268013097568147,45,-0.415486321946314,0.679760515338412,"s__GGB9711_SGB15240","ZIGMM",1
"fixed","irAE.sample",-0.00118087920589122,0.00213175673409479,45,-0.553946511346498,0.582357850387644,"s__GGB34228_SGB53814","ZIGMM",1
"fixed","irAE.sample",-0.00215003978286349,0.00411164983859236,45,-0.522914126267028,0.603599356850841,"c__CFGB1217","ZIGMM",1
"fixed","irAE.sample",-0.00356175552882658,0.00517689956845069,45,-0.688009392829021,0.494978296901264,"c__CFGB2906","ZIGMM",1
"fixed","irAE.sample",-0.00215003978286349,0.00411164983859236,45,-0.522914126267028,0.603599356850841,"o__OFGB1217","ZIGMM",1
"fixed","irAE.sample",-0.00356175552882658,0.00517689956845069,45,-0.688009392829021,0.494978296901264,"o__OFGB2906","ZIGMM",1
"fixed","irAE.sample",-0.00215003978286349,0.00411164983859236,45,-0.522914126267028,0.603599356850841,"f__FGB1217","ZIGMM",1
"fixed","irAE.sample",-0.00356175552882658,0.00517689956845069,45,-0.688009392829021,0.494978296901264,"f__FGB2906","ZIGMM",1
"fixed","irAE.sample",0.00131581768924647,0.00489240066164451,45,0.268951334988205,0.789196429878664,"g__Lachnotalea","ZIGMM",1
"fixed","irAE.sample",0.00152768560129532,0.00317565265249621,45,0.481061932291142,0.632803388951406,"g__Guopingia","ZIGMM",1
"fixed","irAE.sample",-0.00215003978286349,0.00411164983859236,45,-0.522914126267028,0.603599356850841,"g__GGB2982","ZIGMM",1
"fixed","irAE.sample",-0.00356175552882658,0.00517689956845069,45,-0.688009392829021,0.494978296901264,"g__GGB9225","ZIGMM",1
"fixed","irAE.sample",0.00131581768924647,0.00489240066164451,45,0.268951334988205,0.789196429878664,"s__Lachnotalea_sp_AF33_28","ZIGMM",1
"fixed","irAE.sample",0.00152768560129532,0.00317565265249621,45,0.481061932291142,0.632803388951406,"s__Guopingia_tenuis","ZIGMM",1
"fixed","irAE.sample",-0.000448711693338576,0.00529069114418046,45,-0.0848115456204885,0.932787420902309,"s__Clostridium_spiroforme","ZIGMM",1
"fixed","irAE.sample",0.000660471353188419,0.00143356178390671,45,0.460720535803149,0.647218015989052,"s__Pseudoflavonifractor_gallinarum","ZIGMM",1
"fixed","irAE.sample",-0.00215003978286349,0.00411164983859236,45,-0.522914126267028,0.603599356850841,"s__GGB2982_SGB3964","ZIGMM",1
"fixed","irAE.sample",-0.00356175552882658,0.00517689956845069,45,-0.688009392829021,0.494978296901264,"s__GGB9225_SGB14166","ZIGMM",1
"fixed","irAE.sample",-0.00227491917396387,0.0143888440626201,45,-0.158102983399045,0.875083008868862,"c__CFGB79237","ZIGMM",1
"fixed","irAE.sample",0.0235255751622572,0.00662775204642803,45,3.54955571624562,0.000917038421727923,"c__Opitutae","ZIGMM",1
"fixed","irAE.sample",0.00132370544432531,0.00710215433187439,45,0.186380833542935,0.852983815040928,"c__CFGB1670","ZIGMM",1
"fixed","irAE.sample",0.000498372562080418,0.00232170402015539,45,0.21465809498278,0.831003717838411,"c__CFGB2378","ZIGMM",1
"fixed","irAE.sample",0.00714419595093515,0.00424113009138384,45,1.68450290299963,0.0990091805086349,"c__CFGB2992","ZIGMM",1
"fixed","irAE.sample",-0.0038186124341657,0.0120082121766052,45,-0.318000080112279,0.751955949197673,"c__CFGB2840","ZIGMM",1
"fixed","irAE.sample",-0.00227491917396387,0.0143888440626201,45,-0.158102983399045,0.875083008868862,"o__OFGB79237","ZIGMM",1
"fixed","irAE.sample",0.0235255751622572,0.00662775204642803,45,3.54955571624562,0.000917038421727923,"o__Puniceicoccales","ZIGMM",1
"fixed","irAE.sample",0.00132370544432531,0.00710215433187439,45,0.186380833542935,0.852983815040928,"o__OFGB1670","ZIGMM",1
"fixed","irAE.sample",0.000498372562080418,0.00232170402015539,45,0.21465809498278,0.831003717838411,"o__OFGB2378","ZIGMM",1
"fixed","irAE.sample",0.00714419595093515,0.00424113009138384,45,1.68450290299963,0.0990091805086349,"o__OFGB2992","ZIGMM",1
"fixed","irAE.sample",-0.0038186124341657,0.0120082121766052,45,-0.318000080112279,0.751955949197673,"o__OFGB2840","ZIGMM",1
"fixed","irAE.sample",-0.00227491917396387,0.0143888440626201,45,-0.158102983399045,0.875083008868862,"f__FGB79237","ZIGMM",1
"fixed","irAE.sample",0.0235255751622572,0.00662775204642803,45,3.54955571624562,0.000917038421727923,"f__Puniceicoccaceae","ZIGMM",1
"fixed","irAE.sample",0.00132370544432531,0.00710215433187439,45,0.186380833542935,0.852983815040928,"f__FGB1670","ZIGMM",1
"fixed","irAE.sample",0.000498372562080418,0.00232170402015539,45,0.21465809498278,0.831003717838411,"f__FGB2378","ZIGMM",1
"fixed","irAE.sample",0.00714419595093515,0.00424113009138384,45,1.68450290299963,0.0990091805086349,"f__FGB2992","ZIGMM",1
"fixed","irAE.sample",-0.0038186124341657,0.0120082121766052,45,-0.318000080112279,0.751955949197673,"f__FGB2840","ZIGMM",1
"fixed","irAE.sample",-0.129856458584181,0.123213995846737,45,-1.05390996933259,0.297550216673017,"g__GGB6608","ZIGMM",1
"fixed","irAE.sample",0.0845432238586719,0.0355836509066873,45,2.3759007775895,0.0218241355689472,"g__GGB1550","ZIGMM",1
"fixed","irAE.sample",-1.39073979911523,0.361775578900689,45,-3.84420585640746,0.00037738016177342,"g__GGB3733","ZIGMM",0.946846825889512
"fixed","irAE.sample",0.000525853547121912,0.00878680026390704,45,0.0598458518832989,0.952543398185941,"g__GGB6006","ZIGMM",1
"fixed","irAE.sample",-0.013018849925975,0.00657622839535668,45,-1.97968336001945,0.0538753128287786,"g__GGB9759","ZIGMM",1
"fixed","irAE.sample",-0.00127211601966429,0.0143333409627924,45,-0.0887522331999598,0.929672638769537,"g__GGB9061","ZIGMM",1
"fixed","irAE.sample",0.0227234830030211,0.00665705664532817,45,3.41344293937594,0.00136735193011231,"g__Puniceicoccaceae_unclassified","ZIGMM",1
"fixed","irAE.sample",-0.00181429740087042,0.00129707639682687,45,-1.39875909029635,0.168739892929741,"g__Jilunia","ZIGMM",1
"fixed","irAE.sample",0.00132370544432531,0.00710215433187439,45,0.186380833542935,0.852983815040928,"g__GGB47687","ZIGMM",1
"fixed","irAE.sample",0.0090351900991623,0.00554017958116061,45,1.63084787538052,0.109902705100931,"g__GGB2998","ZIGMM",1
"fixed","irAE.sample",-0.000157011063518793,0.00230784269563467,45,-0.0680336938976746,0.946060215136926,"g__GGB6518","ZIGMM",1
"fixed","irAE.sample",0.00714419595093515,0.00424113009138384,45,1.68450290299963,0.0990091805086349,"g__GGB9412","ZIGMM",1
"fixed","irAE.sample",-0.00376213626767329,0.0120096285888865,45,-0.313260001325494,0.755530518361704,"g__GGB9092","ZIGMM",1
"fixed","irAE.sample",0.000299469023322237,0.000770805739729932,45,0.388514262266861,0.699467629968437,"g__Fournierella","ZIGMM",1
"fixed","irAE.sample",-0.129856458584181,0.123213995846737,45,-1.05390996933259,0.297550216673017,"s__GGB6608_SGB9342","ZIGMM",1
"fixed","irAE.sample",0.0117093441416227,0.0370279638195239,45,0.316229760801718,0.753290336738609,"s__Enterobacter_roggenkampii","ZIGMM",1
"fixed","irAE.sample",0.0845432238586719,0.0355836509066873,45,2.3759007775895,0.0218241355689472,"s__GGB1550_SGB2135","ZIGMM",1
"fixed","irAE.sample",-1.39073979911523,0.361775578900689,45,-3.84420585640746,0.00037738016177342,"s__GGB3733_SGB5066","ZIGMM",0.946846825889512
"fixed","irAE.sample",0.118760028169492,0.036685643889254,45,3.23723439414074,0.00226828624160035,"s__GGB9635_SGB15103","ZIGMM",1
"fixed","irAE.sample",0.000525853547121912,0.00878680026390704,45,0.0598458518832989,0.952543398185941,"s__GGB6006_SGB8630","ZIGMM",1
"fixed","irAE.sample",-0.013018849925975,0.00657622839535668,45,-1.97968336001945,0.0538753128287786,"s__GGB9759_SGB15370","ZIGMM",1
"fixed","irAE.sample",-0.00127211601966429,0.0143333409627924,45,-0.0887522331999598,0.929672638769537,"s__GGB9061_SGB13979","ZIGMM",1
"fixed","irAE.sample",0.0227234830030211,0.00665705664532817,45,3.41344293937594,0.00136735193011231,"s__Puniceicoccaceae_unclassified_SGB60941","ZIGMM",1
"fixed","irAE.sample",0.0222401140050322,0.00944708756707995,45,2.35417676052161,0.0229888737981043,"s__Blautia_sp_MCC283","ZIGMM",1
"fixed","irAE.sample",-0.00181429740087042,0.00129707639682687,45,-1.39875909029635,0.168739892929741,"s__Jilunia_laotingensis","ZIGMM",1
"fixed","irAE.sample",0.00444260919379239,0.0269393497133278,45,0.164911523146176,0.869752210380806,"s__Enterococcus_faecium","ZIGMM",1
"fixed","irAE.sample",0.00132370544432531,0.00710215433187439,45,0.186380833542935,0.852983815040928,"s__GGB47687_SGB2286","ZIGMM",1
"fixed","irAE.sample",0.0090351900991623,0.00554017958116061,45,1.63084787538052,0.109902705100931,"s__GGB2998_SGB3988","ZIGMM",1
"fixed","irAE.sample",0.00147777892862803,0.00129841768971874,45,1.13813832045691,0.261086115709156,"s__GGB6518_SGB9206","ZIGMM",1
"fixed","irAE.sample",-0.000620199191183253,0.0230843903559003,45,-0.0268666047325237,0.978684923585466,"s__Bacteroides_pectinophilus","ZIGMM",1
"fixed","irAE.sample",0.00714419595093515,0.00424113009138384,45,1.68450290299963,0.0990091805086349,"s__GGB9412_SGB14770","ZIGMM",1
"fixed","irAE.sample",-0.00376213626767329,0.0120096285888865,45,-0.313260001325494,0.755530518361704,"s__GGB9092_SGB14022","ZIGMM",1
"fixed","irAE.sample",0.00457208654871314,0.023502812100228,45,0.194533595776344,0.846633686389302,"s__Lawsonibacter_hominis","ZIGMM",1
"fixed","irAE.sample",0.00312208790106869,0.0133883055461267,45,0.233195148580392,0.816667387579081,"s__Eubacterium_sp_AF16_48","ZIGMM",1
"fixed","irAE.sample",0.000299469023322237,0.000770805739729932,45,0.388514262266861,0.699467629968437,"s__Fournierella_massiliensis","ZIGMM",1
"fixed","irAE.sample",-0.00105145699719518,0.00265902019493495,45,-0.39543024125881,0.69439382067605,"c__CFGB10318","ZIGMM",1
"fixed","irAE.sample",-0.00131056626269604,0.0047163799500555,45,-0.277875463082786,0.782380703055483,"c__CFGB2846","ZIGMM",1
"fixed","irAE.sample",-0.00129104195080886,0.00366808573382745,45,-0.351966132880359,0.726506612117485,"c__CFGB9512","ZIGMM",1
"fixed","irAE.sample",-0.00105145699719518,0.00265902019493495,45,-0.39543024125881,0.69439382067605,"o__OFGB10318","ZIGMM",1
"fixed","irAE.sample",-0.00131056626269604,0.0047163799500555,45,-0.277875463082786,0.782380703055483,"o__OFGB2846","ZIGMM",1
"fixed","irAE.sample",-0.00129104195080886,0.00366808573382745,45,-0.351966132880359,0.726506612117485,"o__OFGB9512","ZIGMM",1
"fixed","irAE.sample",-0.00105145699719518,0.00265902019493495,45,-0.39543024125881,0.69439382067605,"f__FGB10318","ZIGMM",1
"fixed","irAE.sample",-0.00131056626269604,0.0047163799500555,45,-0.277875463082786,0.782380703055483,"f__FGB2846","ZIGMM",1
"fixed","irAE.sample",-0.00129104195080886,0.00366808573382745,45,-0.351966132880359,0.726506612117485,"f__FGB9512","ZIGMM",1
"fixed","irAE.sample",-0.179634701463499,0.56848858357373,45,-0.315986471239665,0.753473777185241,"g__GGB3220","ZIGMM",1
"fixed","irAE.sample",-0.00475150244177073,0.0146972580824906,45,-0.323291760619716,0.747971898672365,"g__GGB9620","ZIGMM",1
"fixed","irAE.sample",-0.0104969326819583,0.0283745596397916,45,-0.36994169478626,0.713161374335952,"g__GGB9695","ZIGMM",1
"fixed","irAE.sample",-0.0050062824042272,0.01265977252355,45,-0.395448053660869,0.694380770997199,"g__GGB32451","ZIGMM",1
"fixed","irAE.sample",-0.015258333092763,0.0430900001434949,45,-0.354103806961033,0.724914982943906,"g__GGB9716","ZIGMM",1
"fixed","irAE.sample",-0.000448328918501118,0.00498904300551995,45,-0.0898627087409509,0.928795100169215,"g__GGB9668","ZIGMM",1
"fixed","irAE.sample",-0.00323615475786138,0.00898973753553949,45,-0.359983230329891,0.720543743456043,"g__GGB3678","ZIGMM",1
"fixed","irAE.sample",-0.328610027556933,0.750313308871553,45,-0.437963746173118,0.663507716933065,"g__GGB74708","ZIGMM",1
"fixed","irAE.sample",-0.00372181236188526,0.00379791412179579,45,-0.979962222032933,0.332344115135905,"g__GGB9765","ZIGMM",1
"fixed","irAE.sample",-0.00105145699719518,0.00265902019493495,45,-0.39543024125881,0.69439382067605,"g__GGB4658","ZIGMM",1
"fixed","irAE.sample",-0.0085207973591113,0.0177420623931135,45,-0.480259688547742,0.63336921327296,"g__GGB3365","ZIGMM",1
"fixed","irAE.sample",-0.00131056626269604,0.0047163799500555,45,-0.277875463082786,0.782380703055483,"g__GGB9117","ZIGMM",1
"fixed","irAE.sample",-0.00117439543553123,0.00672238519137393,45,-0.174699217926132,0.86209962943341,"g__GGB9580","ZIGMM",1
"fixed","irAE.sample",0.00194602773718119,0.0212178380764165,45,0.0917165891346956,0.927330295685096,"g__GGB45495","ZIGMM",1
"fixed","irAE.sample",-0.00378658091111159,0.00944429517692096,45,-0.400938433221027,0.69036290212622,"g__GGB3032","ZIGMM",1
"fixed","irAE.sample",-0.00093499604602056,0.00177575896047275,45,-0.526533198949276,0.601103647444329,"g__GGB3816","ZIGMM",1
"fixed","irAE.sample",-0.000169812625999847,0.00046390135468357,45,-0.366053309147325,0.716040639862968,"g__GGB9116","ZIGMM",1
"fixed","irAE.sample",-0.00137328495901842,0.003660296738453,45,-0.375184051224992,0.709286206250815,"g__GGB74699","ZIGMM",1
"fixed","irAE.sample",-0.179634701463499,0.56848858357373,45,-0.315986471239665,0.753473777185241,"s__GGB3220_SGB4252","ZIGMM",1
"fixed","irAE.sample",1.57209978274633,1.28786949084248,45,1.2206980551406,0.228558251958428,"s__Odoribacter_laneus","ZIGMM",1
"fixed","irAE.sample",-0.00923413613402882,0.025945292276533,45,-0.355907963402706,0.723572633108756,"s__Flavonifractor_sp_An10","ZIGMM",1
"fixed","irAE.sample",-0.00809566372468424,0.0233936689809044,45,-0.346062164566511,0.730908802366821,"s__Eubacteriaceae_bacterium_Marseille_Q4139","ZIGMM",1
"fixed","irAE.sample",-0.00273872608925975,0.0147879365198684,45,-0.185200016620312,0.853904372540817,"s__Lachnoclostridium_sp_An14","ZIGMM",1
"fixed","irAE.sample",-0.00475150244177073,0.0146972580824906,45,-0.323291760619716,0.747971898672365,"s__GGB9620_SGB15068","ZIGMM",1
"fixed","irAE.sample",-0.00921851428180994,0.0252917511893865,45,-0.364486990749712,0.717201647917035,"s__GGB9695_SGB15211","ZIGMM",1
"fixed","irAE.sample",-0.0050062824042272,0.01265977252355,45,-0.395448053660869,0.694380770997199,"s__GGB32451_SGB47419","ZIGMM",1
"fixed","irAE.sample",-0.015258333092763,0.0430900001434949,45,-0.354103806961033,0.724914982943906,"s__GGB9716_SGB15269","ZIGMM",1
"fixed","irAE.sample",-0.000448328918501118,0.00498904300551995,45,-0.0898627087409509,0.928795100169215,"s__GGB9668_SGB15165","ZIGMM",1
"fixed","irAE.sample",-0.00323615475786138,0.00898973753553949,45,-0.359983230329891,0.720543743456043,"s__GGB3678_SGB4991","ZIGMM",1
"fixed","irAE.sample",-0.328610027556933,0.750313308871553,45,-0.437963746173118,0.663507716933065,"s__GGB74708_SGB54312","ZIGMM",1
"fixed","irAE.sample",-0.00372181236188526,0.00379791412179579,45,-0.979962222032933,0.332344115135905,"s__GGB9765_SGB15382","ZIGMM",1
"fixed","irAE.sample",-0.00699922453723433,0.0166566300532966,45,-0.420206519256222,0.676334361562391,"s__Pseudoflavonifractor_capillosus","ZIGMM",1
"fixed","irAE.sample",-0.00105145699719518,0.00265902019493495,45,-0.39543024125881,0.69439382067605,"s__GGB4658_SGB6445","ZIGMM",1
"fixed","irAE.sample",-0.0085207973591113,0.0177420623931135,45,-0.480259688547742,0.63336921327296,"s__GGB3365_SGB4451","ZIGMM",1
"fixed","irAE.sample",-0.000953953884885396,0.00241244827674819,45,-0.395429777326152,0.694394160562522,"s__Erysipelatoclostridium_sp_An15","ZIGMM",1
"fixed","irAE.sample",-0.00131056626269604,0.0047163799500555,45,-0.277875463082786,0.782380703055483,"s__GGB9117_SGB14050","ZIGMM",1
"fixed","irAE.sample",-0.00154706998024221,0.00541903651743346,45,-0.285488015307734,0.776580275743737,"s__GGB9580_SGB14996","ZIGMM",1
"fixed","irAE.sample",0.00194602773718119,0.0212178380764165,45,0.0917165891346956,0.927330295685096,"s__GGB45495_SGB63167","ZIGMM",1
"fixed","irAE.sample",-0.00378658091111159,0.00944429517692096,45,-0.400938433221027,0.69036290212622,"s__GGB3032_SGB4027","ZIGMM",1
"fixed","irAE.sample",-0.00093499604602056,0.00177575896047275,45,-0.526533198949276,0.601103647444329,"s__GGB3816_SGB5181","ZIGMM",1
"fixed","irAE.sample",-0.00509471420553633,0.00435374433553581,45,-1.17019140603931,0.248084202008273,"s__GGB9210_SGB14149","ZIGMM",1
"fixed","irAE.sample",-0.000230348597991175,0.00125273651513278,45,-0.183876334096288,0.854936551593007,"s__Eubacteriales_unclassified_SGB15150","ZIGMM",1
"fixed","irAE.sample",-0.000169812625999847,0.00046390135468357,45,-0.366053309147325,0.716040639862968,"s__GGB9116_SGB14049","ZIGMM",1
"fixed","irAE.sample",-0.00137328495901842,0.003660296738453,45,-0.375184051224992,0.709286206250815,"s__GGB74699_SGB54317","ZIGMM",1
"fixed","irAE.sample",-0.000152426630107652,0.00038489408316149,45,-0.396022274116638,0.693960137182099,"s__Lachnoclostridium_sp_An118","ZIGMM",1
"fixed","irAE.sample",-0.000164781239200986,0.000498385427521683,45,-0.330630131022073,0.74245843205408,"s__Clostridium_sp_Marseille_P3244","ZIGMM",1
"fixed","irAE.sample",-4.19159965377005e-05,0.000112081853690841,45,-0.373976653288756,0.7101780346167,"s__Flavonifractor_sp_An135","ZIGMM",1
"fixed","irAE.sample",-0.0240148071960478,0.04270670406924,45,-0.562319376300097,0.576689042780589,"g__Longibaculum","ZIGMM",1
"fixed","irAE.sample",0.0675356663669762,0.0258736581568899,45,2.61020942448341,0.0122457477013041,"g__GGB3602","ZIGMM",1
"fixed","irAE.sample",-0.00028565094434598,0.0044237524785012,45,-0.0645720902636851,0.94880070922513,"g__GGB9574","ZIGMM",1
"fixed","irAE.sample",-0.0240148071960478,0.04270670406924,45,-0.562319376300097,0.576689042780589,"s__Longibaculum_muris","ZIGMM",1
"fixed","irAE.sample",0.0675356663669762,0.0258736581568899,45,2.61020942448341,0.0122457477013041,"s__GGB3602_SGB4865","ZIGMM",1
"fixed","irAE.sample",-0.00028565094434598,0.0044237524785012,45,-0.0645720902636851,0.94880070922513,"s__GGB9574_SGB14987","ZIGMM",1
"fixed","irAE.sample",-0.00183723022207682,0.0138645982792226,45,-0.132512329969927,0.895169836350128,"g__GGB41473","ZIGMM",1
"fixed","irAE.sample",-0.232475698737961,0.459592695315323,45,-0.505829838262466,0.615445126692539,"g__Klebsiella","ZIGMM",1
"fixed","irAE.sample",-0.000635922288876213,0.00160818407214495,45,-0.395428794433984,0.694394880649462,"g__Veillonellaceae_unclassified","ZIGMM",1
"fixed","irAE.sample",-0.00183723022207682,0.0138645982792226,45,-0.132512329969927,0.895169836350128,"s__GGB41473_SGB58537","ZIGMM",1
"fixed","irAE.sample",-0.00204491505952696,0.00520673957170547,45,-0.392743871930808,0.696362971966066,"s__Schaalia_odontolytica","ZIGMM",1
"fixed","irAE.sample",-0.00448048124359044,0.00514328784725341,45,-0.871131730646396,0.388306081639664,"s__Veillonella_atypica","ZIGMM",1
"fixed","irAE.sample",-0.000635922288876213,0.00160818407214495,45,-0.395428794433984,0.694394880649462,"s__Veillonellaceae_bacterium","ZIGMM",1
"fixed","irAE.sample",-0.000611053108101864,0.00119769771158961,45,-0.510189760061295,0.612412044240141,"s__Actinomyces_graevenitzii","ZIGMM",1
"fixed","irAE.sample",-0.00219221229579818,0.00227514859191153,45,-0.963546866165927,0.340422720037824,"c__CFGB45628","ZIGMM",1
"fixed","irAE.sample",-0.00219221229579818,0.00227514859191153,45,-0.963546866165927,0.340422720037824,"o__OFGB45628","ZIGMM",1
"fixed","irAE.sample",-0.00219221229579818,0.00227514859191153,45,-0.963546866165927,0.340422720037824,"f__FGB45628","ZIGMM",1
"fixed","irAE.sample",-0.00199914724772165,0.00419459236964224,45,-0.476601078614978,0.635952446570959,"g__GGB6002","ZIGMM",1
"fixed","irAE.sample",-0.00212579333357844,0.0022228507328179,45,-0.956336519674256,0.34401197673732,"g__GGB45613","ZIGMM",1
"fixed","irAE.sample",0.000546941449139102,0.000814615910377191,45,0.671410221887089,0.505391433995443,"g__GGB2987","ZIGMM",1
"fixed","irAE.sample",-0.000118696076942417,0.000299819909879601,45,-0.395891243480401,0.694056112502685,"g__GGB79342","ZIGMM",1
"fixed","irAE.sample",-0.00179226783536182,0.00348487894923876,45,-0.514298448086216,0.609560006358269,"g__Merdimonas","ZIGMM",1
"fixed","irAE.sample",-0.000379342258651456,0.000959319477248764,45,-0.395428496604044,0.694395098845834,"s__GGB6002_SGB24096","ZIGMM",1
"fixed","irAE.sample",-0.00212579333357844,0.0022228507328179,45,-0.956336519674256,0.34401197673732,"s__GGB45613_SGB63326","ZIGMM",1
"fixed","irAE.sample",0.000546941449139102,0.000814615910377191,45,0.671410221887089,0.505391433995443,"s__GGB2987_SGB3969","ZIGMM",1
"fixed","irAE.sample",-0.000118696076942417,0.000299819909879601,45,-0.395891243480401,0.694056112502685,"s__GGB79342_SGB106059","ZIGMM",1
"fixed","irAE.sample",-0.00179226783536182,0.00348487894923876,45,-0.514298448086216,0.609560006358269,"s__Merdimonas_faecis","ZIGMM",1
"fixed","irAE.sample",0.0365605935945687,0.0271559722420671,45,1.34631871282933,0.184942635625132,"c__CFGB1325","ZIGMM",1
"fixed","irAE.sample",0.0365605935945687,0.0271559722420671,45,1.34631871282933,0.184942635625132,"o__OFGB1325","ZIGMM",1
"fixed","irAE.sample",0.0365605935945687,0.0271559722420671,45,1.34631871282933,0.184942635625132,"f__FGB1325","ZIGMM",1
"fixed","irAE.sample",-0.0372764535819228,0.0442463334001667,45,-0.842475539041668,0.40397736257996,"g__GGB3480","ZIGMM",1
"fixed","irAE.sample",0.0365605935945687,0.0271559722420671,45,1.34631871282933,0.184942635625132,"g__GGB3175","ZIGMM",1
"fixed","irAE.sample",-0.00140639356039042,0.00470723450432133,45,-0.298772784550955,0.766488831750999,"g__GGB9240","ZIGMM",1
"fixed","irAE.sample",-0.00064934345214549,0.00164212474824998,45,-0.395428820397169,0.694394861628296,"g__GGB3518","ZIGMM",1
"fixed","irAE.sample",-0.00017245538527697,0.000289681285724325,45,-0.595328016601966,0.554606520852142,"g__Youxingia","ZIGMM",1
"fixed","irAE.sample",-1.44580575309048e-05,0.000233053337713816,45,-0.0620375475963319,0.95080766353294,"g__GGB51441","ZIGMM",1
"fixed","irAE.sample",-0.0372764535819228,0.0442463334001667,45,-0.842475539041668,0.40397736257996,"s__GGB3480_SGB4648","ZIGMM",1
"fixed","irAE.sample",-0.00765137997243748,0.11416152070154,45,-0.0670224075977493,0.946860766986187,"s__Akkermansia_sp_BIOML_A66","ZIGMM",1
"fixed","irAE.sample",0.0365605935945687,0.0271559722420671,45,1.34631871282933,0.184942635625132,"s__GGB3175_SGB4191","ZIGMM",1
"fixed","irAE.sample",-0.00140639356039042,0.00470723450432133,45,-0.298772784550955,0.766488831750999,"s__GGB9240_SGB14182","ZIGMM",1
"fixed","irAE.sample",-0.00311105266933914,0.0102361945913907,45,-0.303926683062057,0.762584690415606,"s__bacterium_210917_SL_2_15","ZIGMM",1
"fixed","irAE.sample",-0.00064934345214549,0.00164212474824998,45,-0.395428820397169,0.694394861628296,"s__GGB3518_SGB4697","ZIGMM",1
"fixed","irAE.sample",-0.00435232795543346,0.00250166787542977,45,-1.73977049398924,0.0887355634542099,"s__Clostridiales_bacterium_Marseille_P2846","ZIGMM",1
"fixed","irAE.sample",0.000451535152688079,0.000510312567239535,45,0.884820758247432,0.380956840922141,"s__Anaerotignum_sp_MSJ_24","ZIGMM",1
"fixed","irAE.sample",-0.00181456656896089,0.0104840992124308,45,-0.173077966184199,0.863366313571187,"s__GGB3740_SGB5077","ZIGMM",1
"fixed","irAE.sample",-0.000868473682494312,0.00200415746607322,45,-0.433336051281403,0.666840845884285,"s__Streptococcus_mutans","ZIGMM",1
"fixed","irAE.sample",-0.00017245538527697,0.000289681285724325,45,-0.595328016601966,0.554606520852142,"s__Youxingia_wuxianensis","ZIGMM",1
"fixed","irAE.sample",-1.44580575309048e-05,0.000233053337713816,45,-0.0620375475963319,0.95080766353294,"s__GGB51441_SGB71759","ZIGMM",1
"fixed","irAE.sample",0.00773059640610405,0.00718154346658739,45,1.07645333375355,0.287461924307975,"g__GGB4603","ZIGMM",1
"fixed","irAE.sample",-0.0192845250697174,0.0309805662783267,45,-0.622471677775895,0.536773434620332,"g__GGB4596","ZIGMM",1
"fixed","irAE.sample",-0.00095526971537999,0.00241577582624039,45,-0.395429784917854,0.694394155000686,"g__GGB3474","ZIGMM",1
"fixed","irAE.sample",-0.00095237489918516,0.00240845521886635,45,-0.395429772463628,0.694394164124905,"g__GGB13727","ZIGMM",1
"fixed","irAE.sample",-0.000534388422716485,0.0052307264935414,45,-0.102163327288536,0.919080931342889,"g__GGB27848","ZIGMM",1
"fixed","irAE.sample",0.0138804981350662,0.00568567986139286,45,2.4413084228182,0.0186309664402213,"g__GGB9603","ZIGMM",1
"fixed","irAE.sample",-0.000355263274371302,0.000898426115022716,45,-0.395428481464299,0.694395109937525,"g__GGB4588","ZIGMM",1
"fixed","irAE.sample",0.00311374877855673,0.00199728169750514,45,1.55899329696267,0.126003894128504,"g__GGB9618","ZIGMM",1
"fixed","irAE.sample",-0.000213026320927771,0.00053872284431934,45,-0.395428415880384,0.69439515798566,"g__GGB9737","ZIGMM",1
"fixed","irAE.sample",-0.000232034304450081,0.000412689286701814,45,-0.562249401491578,0.576736307261275,"g__GGB9697","ZIGMM",1
"fixed","irAE.sample",-0.00010082312344751,0.000219049047806373,45,-0.460276474411483,0.647534250891061,"g__GGB51960","ZIGMM",1
"fixed","irAE.sample",-6.94364040243617e-05,0.00017547761838282,45,-0.395699489566127,0.694196574624695,"g__GGB35068","ZIGMM",1
"fixed","irAE.sample",-0.0082601371985533,0.0368059373227041,45,-0.224424041320582,0.823443275667168,"s__Ruminococcus_SGB4421","ZIGMM",1
"fixed","irAE.sample",-0.00607660410647706,0.013263496848819,45,-0.458144950441041,0.649053113941289,"s__Jutongia_huaianensis","ZIGMM",1
"fixed","irAE.sample",0.00773059640610405,0.00718154346658739,45,1.07645333375355,0.287461924307975,"s__GGB4603_SGB6367","ZIGMM",1
"fixed","irAE.sample",-0.0192845250697174,0.0309805662783267,45,-0.622471677775895,0.536773434620332,"s__GGB4596_SGB6358","ZIGMM",1
"fixed","irAE.sample",-0.00095526971537999,0.00241577582624039,45,-0.395429784917854,0.694394155000686,"s__GGB3474_SGB4637","ZIGMM",1
"fixed","irAE.sample",-0.00095237489918516,0.00240845521886635,45,-0.395429772463628,0.694394164124905,"s__GGB13727_SGB8655","ZIGMM",1
"fixed","irAE.sample",-0.000534388422716485,0.0052307264935414,45,-0.102163327288536,0.919080931342889,"s__GGB27848_SGB40282","ZIGMM",1
"fixed","irAE.sample",0.0138804981350662,0.00568567986139286,45,2.4413084228182,0.0186309664402213,"s__GGB9603_SGB15035","ZIGMM",1
"fixed","irAE.sample",-0.000355263274371302,0.000898426115022716,45,-0.395428481464299,0.694395109937525,"s__GGB4588_SGB6347","ZIGMM",1
"fixed","irAE.sample",-0.000410713661290778,0.000872571899667031,45,-0.470693201841023,0.640133487789741,"s__Blautia_schinkii","ZIGMM",1
"fixed","irAE.sample",0.00311374877855673,0.00199728169750514,45,1.55899329696267,0.126003894128504,"s__GGB9618_SGB15065","ZIGMM",1
"fixed","irAE.sample",-0.000213026320927771,0.00053872284431934,45,-0.395428415880384,0.69439515798566,"s__GGB9737_SGB15309","ZIGMM",1
"fixed","irAE.sample",-0.000232034304450081,0.000412689286701814,45,-0.562249401491578,0.576736307261275,"s__GGB9697_SGB15213","ZIGMM",1
"fixed","irAE.sample",-0.00010082312344751,0.000219049047806373,45,-0.460276474411483,0.647534250891061,"s__GGB51960_SGB72480","ZIGMM",1
"fixed","irAE.sample",-6.94364040243617e-05,0.00017547761838282,45,-0.395699489566127,0.694196574624695,"s__GGB35068_SGB47850","ZIGMM",1
"fixed","irAE.sample",-0.00187798302810755,0.00765351703298449,45,-0.245375168045485,0.807281584854682,"s__Clostridium_SGB6177","ZIGMM",1
"fixed","irAE.sample",-0.00758571693420096,0.0208892316015243,45,-0.363140065604301,0.718200574786263,"s__Dialister_hominis","ZIGMM",1
"fixed","irAE.sample",-0.135100802187444,0.409764264432732,45,-0.329703719709365,0.743153717786742,"s__Klebsiella_pneumoniae","ZIGMM",1
"fixed","irAE.sample",-0.00092727576773836,0.00043475703061722,45,-2.13285974104183,0.0384258927094038,"s__Bifidobacterium_catenulatum","ZIGMM",1
"fixed","irAE.sample",-0.000586430483991999,0.00133656871010501,45,-0.438758201922836,0.662936193985714,"s__Eubacterium_maltosivorans","ZIGMM",1
"fixed","irAE.sample",-0.00978422280212034,0.0472781172583629,45,-0.206950347634447,0.836982251615084,"s__Gemmiger_SGB72777","ZIGMM",1
"fixed","irAE.sample",-0.00975418911003904,0.0310680960280738,45,-0.313961599102337,0.755001088872192,"p__Synergistetes","ZIGMM",1
"fixed","irAE.sample",-1.9037604582596,0.304531759188188,45,-6.25143486950128,1.32085199451069e-07,"c__CFGB2984","ZIGMM",0.000331401765422733
"fixed","irAE.sample",0.00501697113258174,0.053783515164211,45,0.0932808336767131,0.926094538638714,"c__CFGB10477","ZIGMM",1
"fixed","irAE.sample",0.0358825281118241,0.0140444725467578,45,2.55492173111959,0.0140733581314131,"c__CFGB2937","ZIGMM",1
"fixed","irAE.sample",0.0121401384240555,0.0046769288585899,45,2.59575007256273,0.012701493090837,"c__CFGB77857","ZIGMM",1
"fixed","irAE.sample",-0.0113356944015236,0.00758830380790834,45,-1.49383771241603,0.142197398911036,"c__CFGB2837","ZIGMM",1
"fixed","irAE.sample",0.00979942995510232,0.00375863508958176,45,2.60717779767036,0.0123400427339863,"c__CFGB7536","ZIGMM",1
"fixed","irAE.sample",0.00195038258426348,0.000861948718851943,45,2.26275942130439,0.0285246934963579,"c__CFGB544","ZIGMM",1
"fixed","irAE.sample",-0.00190383832127917,0.000954786245812551,45,-1.99399428890908,0.0522336442436886,"c__CFGB4448","ZIGMM",1
"fixed","irAE.sample",-0.000684902407338168,0.00126870403941714,45,-0.539844113409477,0.591966156334932,"c__CFGB1201","ZIGMM",1
"fixed","irAE.sample",-0.00975418911003904,0.0310680960280738,45,-0.313961599102337,0.755001088872192,"c__Synergistia","ZIGMM",1
"fixed","irAE.sample",-0.000397660870667385,0.000189853992770317,45,-2.09456153576117,0.0418714689676633,"c__CFGB45503","ZIGMM",1
"fixed","irAE.sample",0.0138955162175768,0.007428800128893,45,1.87049267398279,0.0679277481858585,"c__CFGB73223","ZIGMM",1
"fixed","irAE.sample",0.00194375245920996,0.0010625569832459,45,1.82931597068064,0.0739828836895302,"c__CFGB11916","ZIGMM",1
"fixed","irAE.sample",-0.00284681391346681,0.00213250062046458,45,-1.33496510441653,0.188602528907281,"c__CFGB9536","ZIGMM",1
"fixed","irAE.sample",-0.000455971692550518,0.00305490125675166,45,-0.14925906084289,0.882016147579371,"c__CFGB78183","ZIGMM",1
"fixed","irAE.sample",3.49865813945734e-05,5.32060019834437e-05,45,0.657568321060099,0.514165238002535,"c__CFGB2949","ZIGMM",1
"fixed","irAE.sample",-0.000400121404636571,0.000561267493620311,45,-0.712888968601568,0.479595044615241,"c__CFGB7511","ZIGMM",1
"fixed","irAE.sample",-1.9037604582596,0.304531759188188,45,-6.25143486950128,1.32085199451069e-07,"o__OFGB2984","ZIGMM",0.000331401765422733
"fixed","irAE.sample",0.00501697113258174,0.053783515164211,45,0.0932808336767131,0.926094538638714,"o__OFGB10477","ZIGMM",1
"fixed","irAE.sample",0.0358825281118241,0.0140444725467578,45,2.55492173111959,0.0140733581314131,"o__OFGB2937","ZIGMM",1
"fixed","irAE.sample",0.0121401384240555,0.0046769288585899,45,2.59575007256273,0.012701493090837,"o__OFGB77857","ZIGMM",1
"fixed","irAE.sample",-0.0113356944015236,0.00758830380790834,45,-1.49383771241603,0.142197398911036,"o__OFGB2837","ZIGMM",1
"fixed","irAE.sample",0.00979942995510232,0.00375863508958176,45,2.60717779767036,0.0123400427339863,"o__OFGB7536","ZIGMM",1
"fixed","irAE.sample",0.00195038258426348,0.000861948718851943,45,2.26275942130439,0.0285246934963579,"o__OFGB544","ZIGMM",1
"fixed","irAE.sample",-0.00190383832127917,0.000954786245812551,45,-1.99399428890908,0.0522336442436886,"o__OFGB4448","ZIGMM",1
"fixed","irAE.sample",-0.000684902407338168,0.00126870403941714,45,-0.539844113409477,0.591966156334932,"o__OFGB1201","ZIGMM",1
"fixed","irAE.sample",-0.00975418911003904,0.0310680960280738,45,-0.313961599102337,0.755001088872192,"o__Synergistales","ZIGMM",1
"fixed","irAE.sample",-0.000397660870667385,0.000189853992770317,45,-2.09456153576117,0.0418714689676633,"o__OFGB45503","ZIGMM",1
"fixed","irAE.sample",0.0138955162175768,0.007428800128893,45,1.87049267398279,0.0679277481858585,"o__OFGB73223","ZIGMM",1
"fixed","irAE.sample",0.00194375245920996,0.0010625569832459,45,1.82931597068064,0.0739828836895302,"o__OFGB11916","ZIGMM",1
"fixed","irAE.sample",-0.00284681391346681,0.00213250062046458,45,-1.33496510441653,0.188602528907281,"o__OFGB9536","ZIGMM",1
"fixed","irAE.sample",-0.000455971692550518,0.00305490125675166,45,-0.14925906084289,0.882016147579371,"o__OFGB78183","ZIGMM",1
"fixed","irAE.sample",3.49865813945734e-05,5.32060019834437e-05,45,0.657568321060099,0.514165238002535,"o__OFGB2949","ZIGMM",1
"fixed","irAE.sample",-0.000400121404636571,0.000561267493620311,45,-0.712888968601568,0.479595044615241,"o__OFGB7511","ZIGMM",1
"fixed","irAE.sample",-1.9037604582596,0.304531759188188,45,-6.25143486950128,1.32085199451069e-07,"f__FGB2984","ZIGMM",0.000331401765422733
"fixed","irAE.sample",0.00501697113258174,0.053783515164211,45,0.0932808336767131,0.926094538638714,"f__FGB10477","ZIGMM",1
"fixed","irAE.sample",0.0358825281118241,0.0140444725467578,45,2.55492173111959,0.0140733581314131,"f__FGB2937","ZIGMM",1
"fixed","irAE.sample",0.0121401384240555,0.0046769288585899,45,2.59575007256273,0.012701493090837,"f__FGB77857","ZIGMM",1
"fixed","irAE.sample",-0.0113356944015236,0.00758830380790834,45,-1.49383771241603,0.142197398911036,"f__FGB2837","ZIGMM",1
"fixed","irAE.sample",0.00979942995510232,0.00375863508958176,45,2.60717779767036,0.0123400427339863,"f__FGB7536","ZIGMM",1
"fixed","irAE.sample",0.00195038258426348,0.000861948718851943,45,2.26275942130439,0.0285246934963579,"f__FGB544","ZIGMM",1
"fixed","irAE.sample",-0.00190383832127917,0.000954786245812551,45,-1.99399428890908,0.0522336442436886,"f__FGB4448","ZIGMM",1
"fixed","irAE.sample",-0.000684902407338168,0.00126870403941714,45,-0.539844113409477,0.591966156334932,"f__FGB1201","ZIGMM",1
"fixed","irAE.sample",-0.00975418911003904,0.0310680960280738,45,-0.313961599102337,0.755001088872192,"f__Synergistaceae","ZIGMM",1
"fixed","irAE.sample",-0.000397660870667385,0.000189853992770317,45,-2.09456153576117,0.0418714689676633,"f__FGB45503","ZIGMM",1
"fixed","irAE.sample",0.0138955162175768,0.007428800128893,45,1.87049267398279,0.0679277481858585,"f__FGB73223","ZIGMM",1
"fixed","irAE.sample",-0.00186321392734926,0.00102904191937073,45,-1.81062976374047,0.0768777106023965,"f__Porphyromonadaceae","ZIGMM",1
"fixed","irAE.sample",0.00194375245920996,0.0010625569832459,45,1.82931597068064,0.0739828836895302,"f__FGB11916","ZIGMM",1
"fixed","irAE.sample",-0.00284681391346681,0.00213250062046458,45,-1.33496510441653,0.188602528907281,"f__FGB9536","ZIGMM",1
"fixed","irAE.sample",-0.000455971692550518,0.00305490125675166,45,-0.14925906084289,0.882016147579371,"f__FGB78183","ZIGMM",1
"fixed","irAE.sample",3.49865813945734e-05,5.32060019834437e-05,45,0.657568321060099,0.514165238002535,"f__FGB2949","ZIGMM",1
"fixed","irAE.sample",-0.000400121404636571,0.000561267493620311,45,-0.712888968601568,0.479595044615241,"f__FGB7511","ZIGMM",1
"fixed","irAE.sample",-1.9037604582596,0.304531759188188,45,-6.25143486950128,1.32085199451069e-07,"g__GGB9347","ZIGMM",0.000331401765422733
"fixed","irAE.sample",0.00501697113258174,0.053783515164211,45,0.0932808336767131,0.926094538638714,"g__GGB9345","ZIGMM",1
"fixed","irAE.sample",-0.0570930795376986,0.0294516020313962,45,-1.93853901315235,0.0588452466009375,"g__Butyrivibrio","ZIGMM",1
"fixed","irAE.sample",0.0966666003256815,0.0369377847259291,45,2.61701130814769,0.0120365794158232,"g__GGB9334","ZIGMM",1
"fixed","irAE.sample",0.023266458956303,0.0103733773605017,45,2.24290104830213,0.0298738229071241,"g__GGB9677","ZIGMM",1
"fixed","irAE.sample",-0.0446101085154544,0.0267011893435265,45,-1.67071615955076,0.101719610601863,"g__GGB9687","ZIGMM",1
"fixed","irAE.sample",0.0468978594429862,0.0182902316750269,45,2.56409324257054,0.0137539141016061,"g__GGB3497","ZIGMM",1
"fixed","irAE.sample",0.0358825281118241,0.0140444725467578,45,2.55492173111959,0.0140733581314131,"g__GGB9271","ZIGMM",1
"fixed","irAE.sample",0.0168917542491147,0.0202958607713068,45,0.83227582409293,0.409648477000503,"g__GGB9211","ZIGMM",1
"fixed","irAE.sample",-0.00163622367080363,0.000779427683280548,45,-2.09926296679238,0.041434425001943,"g__GGB1582","ZIGMM",1
"fixed","irAE.sample",0.00348612991511318,0.00155179039725462,45,2.24652112893645,0.0296237363048271,"g__GGB1239","ZIGMM",1
"fixed","irAE.sample",0.0160440613109733,0.00618001623581934,45,2.59611960531463,0.0126896551220846,"g__GGB1672","ZIGMM",1
"fixed","irAE.sample",0.0121401384240555,0.0046769288585899,45,2.59575007256273,0.012701493090837,"g__GGB12893","ZIGMM",1
"fixed","irAE.sample",-0.00254974914308997,0.00125531107217228,45,-2.0311691656457,0.0481697884634777,"g__Methanomassiliicoccus","ZIGMM",1
"fixed","irAE.sample",-0.0118865617205343,0.00756573797074758,45,-1.57110407028276,0.123164085391437,"g__GGB9080","ZIGMM",1
"fixed","irAE.sample",0.00979942995510232,0.00375863508958176,45,2.60717779767036,0.0123400427339863,"g__GGB12868","ZIGMM",1
"fixed","irAE.sample",0.00195038258426348,0.000861948718851943,45,2.26275942130439,0.0285246934963579,"g__GGB1123","ZIGMM",1
"fixed","irAE.sample",-0.00190383832127917,0.000954786245812551,45,-1.99399428890908,0.0522336442436886,"g__GGB1617","ZIGMM",1
"fixed","irAE.sample",-0.000684902407338168,0.00126870403941714,45,-0.539844113409477,0.591966156334932,"g__GGB2958","ZIGMM",1
"fixed","irAE.sample",0.00441846246887705,0.0143006860671929,45,0.308968566131482,0.758771433305747,"g__GGB9063","ZIGMM",1
"fixed","irAE.sample",-0.00013364371803625,0.0198323151419302,45,-0.00673868467094372,0.994653134157006,"g__GGB6610","ZIGMM",1
"fixed","irAE.sample",-0.00949227148811537,0.0310582055391362,45,-0.305628458674286,0.761296938795787,"g__Cloacibacillus","ZIGMM",1
"fixed","irAE.sample",-0.012057462178449,0.012165427928631,45,-0.991125199145037,0.326924104746544,"g__GGB1246","ZIGMM",1
"fixed","irAE.sample",-0.000397660870667385,0.000189853992770317,45,-2.09456153576117,0.0418714689676633,"g__GGB9790","ZIGMM",1
"fixed","irAE.sample",9.76056449932489e-05,4.53322699371617e-05,45,2.1531162046054,0.0367061824144135,"g__GGB6512","ZIGMM",1
"fixed","irAE.sample",0.0138955162175768,0.007428800128893,45,1.87049267398279,0.0679277481858585,"g__GGB9249","ZIGMM",1
"fixed","irAE.sample",-0.00186321392734926,0.00102904191937073,45,-1.81062976374047,0.0768777106023965,"g__Sanguibacteroides","ZIGMM",1
"fixed","irAE.sample",0.000142125793363296,6.561378757044e-05,45,2.16609646578802,0.035640151291272,"g__Methanosphaera","ZIGMM",1
"fixed","irAE.sample",0.00194375245920996,0.0010625569832459,45,1.82931597068064,0.0739828836895302,"g__GGB34540","ZIGMM",1
"fixed","irAE.sample",-0.00284681391346681,0.00213250062046458,45,-1.33496510441653,0.188602528907281,"g__GGB28474","ZIGMM",1
"fixed","irAE.sample",5.50070336743172e-05,2.54687122498982e-05,45,2.15978857252734,0.0361547435270503,"g__GGB31790","ZIGMM",1
"fixed","irAE.sample",0.00136771049705366,0.000524594593741085,45,2.60717611918185,0.0123400951249116,"g__GGB9784","ZIGMM",1
"fixed","irAE.sample",-0.0017766953411545,0.00129312526398395,45,-1.3739545507608,0.176261321546218,"g__GGB9767","ZIGMM",1
"fixed","irAE.sample",0.000797413566769619,0.000305853372013567,45,2.60717598606121,0.0123400992800356,"g__GGB6128","ZIGMM",1
"fixed","irAE.sample",-0.000455971692550518,0.00305490125675166,45,-0.14925906084289,0.882016147579371,"g__GGB9109","ZIGMM",1
"fixed","irAE.sample",0.000667814100200521,0.000256518802218884,45,2.60337290843376,0.0124593295905448,"g__GGB6519","ZIGMM",1
"fixed","irAE.sample",0.00158667953102893,0.00135419692654176,45,1.17167562555386,0.247493693048283,"g__Cuneatibacter","ZIGMM",1
"fixed","irAE.sample",3.49865813945734e-05,5.32060019834437e-05,45,0.657568321060099,0.514165238002535,"g__GGB9290","ZIGMM",1
"fixed","irAE.sample",0.000305605612627255,0.000117217103097076,45,2.60717595429875,0.0123401002714445,"g__GGB9582","ZIGMM",1
"fixed","irAE.sample",-0.000400121404636571,0.000561267493620311,45,-0.712888968601568,0.479595044615241,"g__GGB1158","ZIGMM",1
"fixed","irAE.sample",0.279617866754753,0.117293734251862,45,2.38391137035791,0.0214082192664217,"s__GGB3304_SGB4365","ZIGMM",1
"fixed","irAE.sample",-1.9037604582596,0.304531759188188,45,-6.25143486950128,1.32085199451069e-07,"s__GGB9347_SGB14313","ZIGMM",0.000331401765422733
"fixed","irAE.sample",0.00501697113258174,0.053783515164211,45,0.0932808336767131,0.926094538638714,"s__GGB9345_SGB14311","ZIGMM",1
"fixed","irAE.sample",-0.0570930795376986,0.0294516020313962,45,-1.93853901315235,0.0588452466009375,"s__Butyrivibrio_crossotus","ZIGMM",1
"fixed","irAE.sample",-0.125377810326922,0.0749185560563974,45,-1.67352144684342,0.101163205472321,"s__Segatella_hominis","ZIGMM",1
"fixed","irAE.sample",-0.000904691773637188,0.000423548681028103,45,-2.13598061842898,0.0381564108919491,"s__Holdemanella_biformis","ZIGMM",1
"fixed","irAE.sample",0.0966666003256815,0.0369377847259291,45,2.61701130814769,0.0120365794158232,"s__GGB9334_SGB14297","ZIGMM",1
"fixed","irAE.sample",0.0325843103255088,0.0144229274665037,45,2.25920225981749,0.0287622970611192,"s__Desulfovibrio_piger","ZIGMM",1
"fixed","irAE.sample",0.023266458956303,0.0103733773605017,45,2.24290104830213,0.0298738229071241,"s__GGB9677_SGB15179","ZIGMM",1
"fixed","irAE.sample",-0.0446101085154544,0.0267011893435265,45,-1.67071615955076,0.101719610601863,"s__GGB9687_SGB15191","ZIGMM",1
"fixed","irAE.sample",0.0468978594429862,0.0182902316750269,45,2.56409324257054,0.0137539141016061,"s__GGB3497_SGB4672","ZIGMM",1
"fixed","irAE.sample",-0.0290338667333652,0.0165662518049308,45,-1.75259117603921,0.0864835992162658,"s__Segatella_sinensis","ZIGMM",1
"fixed","irAE.sample",0.0358825281118241,0.0140444725467578,45,2.55492173111959,0.0140733581314131,"s__GGB9271_SGB14222","ZIGMM",1
"fixed","irAE.sample",0.0168917542491147,0.0202958607713068,45,0.83227582409293,0.409648477000503,"s__GGB9211_SGB14151","ZIGMM",1
"fixed","irAE.sample",0.0274554661873335,0.0114718800920452,45,2.39328392269124,0.0209306538138958,"s__GGB9602_SGB15028","ZIGMM",1
"fixed","irAE.sample",0.0144910280943866,0.0370751079863947,45,0.39085599156459,0.697748085919572,"s__GGB4571_SGB6321","ZIGMM",1
"fixed","irAE.sample",-0.00163622367080363,0.000779427683280548,45,-2.09926296679238,0.041434425001943,"s__GGB1582_SGB2173","ZIGMM",1
"fixed","irAE.sample",-0.0303904407905673,0.0226325156419396,45,-1.34277785427669,0.186078176229625,"s__Prevotella_dentalis","ZIGMM",1
"fixed","irAE.sample",0.00348612991511318,0.00155179039725462,45,2.24652112893645,0.0296237363048271,"s__GGB1239_SGB1657","ZIGMM",1
"fixed","irAE.sample",-0.0130670167729412,0.007238075607421,45,-1.80531642409813,0.0777180628104692,"s__Parabacteroides_sp_AGMB00274","ZIGMM",1
"fixed","irAE.sample",0.0160440613109733,0.00618001623581934,45,2.59611960531463,0.0126896551220846,"s__GGB1672_SGB2289","ZIGMM",1
"fixed","irAE.sample",0.0080174348130897,0.00332097684492129,45,2.41417967889497,0.0199003122886102,"s__Segatella_brunsvicensis","ZIGMM",1
"fixed","irAE.sample",0.0121401384240555,0.0046769288585899,45,2.59575007256273,0.012701493090837,"s__GGB12893_SGB20033","ZIGMM",1
"fixed","irAE.sample",-0.00254974914308997,0.00125531107217228,45,-2.0311691656457,0.0481697884634777,"s__Candidatus_Methanomassiliicoccus_intestinalis","ZIGMM",1
"fixed","irAE.sample",-0.0118865617205343,0.00756573797074758,45,-1.57110407028276,0.123164085391437,"s__GGB9080_SGB14004","ZIGMM",1
"fixed","irAE.sample",0.00979942995510232,0.00375863508958176,45,2.60717779767036,0.0123400427339863,"s__GGB12868_SGB20003","ZIGMM",1
"fixed","irAE.sample",0.00195038258426348,0.000861948718851943,45,2.26275942130439,0.0285246934963579,"s__GGB1123_SGB1437","ZIGMM",1
"fixed","irAE.sample",-0.00190383832127917,0.000954786245812551,45,-1.99399428890908,0.0522336442436886,"s__GGB1617_SGB2214","ZIGMM",1
"fixed","irAE.sample",-0.000684902407338168,0.00126870403941714,45,-0.539844113409477,0.591966156334932,"s__GGB2958_SGB3940","ZIGMM",1
"fixed","irAE.sample",0.00441846246887705,0.0143006860671929,45,0.308968566131482,0.758771433305747,"s__GGB9063_SGB13982","ZIGMM",1
"fixed","irAE.sample",0.00459397803875158,0.00330718415390578,45,1.38909048452173,0.17164154864918,"s__GGB9770_SGB73065","ZIGMM",1
"fixed","irAE.sample",-0.00013364371803625,0.0198323151419302,45,-0.00673868467094372,0.994653134157006,"s__GGB6610_SGB9344","ZIGMM",1
"fixed","irAE.sample",-0.00949227148811537,0.0310582055391362,45,-0.305628458674286,0.761296938795787,"s__Cloacibacillus_evryensis","ZIGMM",1
"fixed","irAE.sample",-0.012057462178449,0.012165427928631,45,-0.991125199145037,0.326924104746544,"s__GGB1246_SGB1667","ZIGMM",1
"fixed","irAE.sample",-0.000397660870667385,0.000189853992770317,45,-2.09456153576117,0.0418714689676633,"s__GGB9790_SGB15413","ZIGMM",1
"fixed","irAE.sample",9.76056449932489e-05,4.53322699371617e-05,45,2.1531162046054,0.0367061824144135,"s__GGB6512_SGB9197","ZIGMM",1
"fixed","irAE.sample",0.0138955162175768,0.007428800128893,45,1.87049267398279,0.0679277481858585,"s__GGB9249_SGB14193","ZIGMM",1
"fixed","irAE.sample",-0.00186321392734926,0.00102904191937073,45,-1.81062976374047,0.0768777106023965,"s__Sanguibacteroides_justesenii","ZIGMM",1
"fixed","irAE.sample",0.000142125793363296,6.561378757044e-05,45,2.16609646578802,0.035640151291272,"s__Methanosphaera_stadtmanae","ZIGMM",1
"fixed","irAE.sample",0.00194375245920996,0.0010625569832459,45,1.82931597068064,0.0739828836895302,"s__GGB34540_SGB54300","ZIGMM",1
"fixed","irAE.sample",-0.00284681391346681,0.00213250062046458,45,-1.33496510441653,0.188602528907281,"s__GGB28474_SGB41058","ZIGMM",1
"fixed","irAE.sample",5.50070336743172e-05,2.54687122498982e-05,45,2.15978857252734,0.0361547435270503,"s__GGB31790_SGB47293","ZIGMM",1
"fixed","irAE.sample",0.00136771049705366,0.000524594593741085,45,2.60717611918185,0.0123400951249116,"s__GGB9784_SGB15407","ZIGMM",1
"fixed","irAE.sample",-0.0017766953411545,0.00129312526398395,45,-1.3739545507608,0.176261321546218,"s__GGB9767_SGB15385","ZIGMM",1
"fixed","irAE.sample",0.00100449061717242,0.000385279171735374,45,2.60717601900978,0.0123400982516043,"s__Victivallis_sp_Marseille_Q1083","ZIGMM",1
"fixed","irAE.sample",0.000996975723892005,0.000382396783810336,45,2.60717601742826,0.0123400983009689,"s__Senegalimassilia_SGB14826","ZIGMM",1
"fixed","irAE.sample",0.000797413566769619,0.000305853372013567,45,2.60717598606121,0.0123400992800356,"s__GGB6128_SGB8774","ZIGMM",1
"fixed","irAE.sample",-0.000455971692550518,0.00305490125675166,45,-0.14925906084289,0.882016147579371,"s__GGB9109_SGB14042","ZIGMM",1
"fixed","irAE.sample",0.000667814100200521,0.000256518802218884,45,2.60337290843376,0.0124593295905448,"s__GGB6519_SGB9208","ZIGMM",1
"fixed","irAE.sample",0.0010368480644925,0.00120089778794599,45,0.863394099730939,0.392499416451092,"s__Cuneatibacter_sp_NSJ_177","ZIGMM",1
"fixed","irAE.sample",3.49865813945734e-05,5.32060019834437e-05,45,0.657568321060099,0.514165238002535,"s__GGB9290_SGB14247","ZIGMM",1
"fixed","irAE.sample",0.000305605612627255,0.000117217103097076,45,2.60717595429875,0.0123401002714445,"s__GGB9582_SGB15003","ZIGMM",1
"fixed","irAE.sample",-0.000400121404636571,0.000561267493620311,45,-0.712888968601568,0.479595044615241,"s__GGB1158_SGB1488","ZIGMM",1
"fixed","irAE.sample",-0.00469318339224754,0.0124483344931959,45,-0.377012956617833,0.707936093984894,"s__Clostridium_SGB4909","ZIGMM",1
"fixed","irAE.sample",-0.0020160738738125,0.0010264086768494,45,-1.9642019005538,0.0557011941526207,"c__CFGB30328","ZIGMM",1
"fixed","irAE.sample",-2.67245144205645e-05,6.75658610801326e-05,45,-0.39553280300638,0.694318683419643,"c__Epsilonproteobacteria","ZIGMM",1
"fixed","irAE.sample",-0.0020160738738125,0.0010264086768494,45,-1.9642019005538,0.0557011941526207,"o__OFGB30328","ZIGMM",1
"fixed","irAE.sample",-2.67245144205645e-05,6.75658610801326e-05,45,-0.39553280300638,0.694318683419643,"o__Campylobacterales","ZIGMM",1
"fixed","irAE.sample",-0.0020160738738125,0.0010264086768494,45,-1.9642019005538,0.0557011941526207,"f__FGB30328","ZIGMM",1
"fixed","irAE.sample",-2.67245144205645e-05,6.75658610801326e-05,45,-0.39553280300638,0.694318683419643,"f__Campylobacteraceae","ZIGMM",1
"fixed","irAE.sample",-0.0020160738738125,0.0010264086768494,45,-1.9642019005538,0.0557011941526207,"g__GGB52106","ZIGMM",1
"fixed","irAE.sample",-2.67245144205645e-05,6.75658610801326e-05,45,-0.39553280300638,0.694318683419643,"g__Campylobacter","ZIGMM",1
"fixed","irAE.sample",-0.00198775839387076,0.0054898050099642,45,-0.362081784373562,0.718985782735419,"s__GGB9524_SGB14923","ZIGMM",1
"fixed","irAE.sample",-0.00149635454244398,0.00378408575243933,45,-0.395433571102183,0.694391381167148,"s__Victivallis_vadensis","ZIGMM",1
"fixed","irAE.sample",-0.000745358795635535,0.00371268551503763,45,-0.200760013908148,0.841790873726624,"s__Clostridia_bacterium_UC5_1_1E11","ZIGMM",1
"fixed","irAE.sample",0.0137174596987406,0.00546665143063557,45,2.50929840191873,0.015765232732427,"s__Clostridium_transplantifaecale","ZIGMM",1
"fixed","irAE.sample",-0.0129959003234671,0.0181262148736367,45,-0.716967133737821,0.477099435891946,"s__Eisenbergiella_tayi","ZIGMM",1
"fixed","irAE.sample",-0.00203866444023364,0.00495908841894399,45,-0.41109661050725,0.682952934032235,"s__Clostridium_saccharogumia","ZIGMM",1
"fixed","irAE.sample",-0.0020160738738125,0.0010264086768494,45,-1.9642019005538,0.0557011941526207,"s__GGB52106_SGB72838","ZIGMM",1
"fixed","irAE.sample",-2.67245144205645e-05,6.75658610801326e-05,45,-0.39553280300638,0.694318683419643,"s__Campylobacter_gracilis","ZIGMM",1
"fixed","irAE.sample",-0.018104265354089,0.04576656750925,45,-0.395578395745539,0.694285282944598,"c__CFGB2833","ZIGMM",1
"fixed","irAE.sample",-0.0104665021456669,0.0316485349878275,45,-0.330710478374195,0.742398140373455,"c__CFGB72904","ZIGMM",1
"fixed","irAE.sample",-0.018104265354089,0.04576656750925,45,-0.395578395745539,0.694285282944598,"o__OFGB2833","ZIGMM",1
"fixed","irAE.sample",-0.0104665021456669,0.0316485349878275,45,-0.330710478374195,0.742398140373455,"o__OFGB72904","ZIGMM",1
"fixed","irAE.sample",-0.018104265354089,0.04576656750925,45,-0.395578395745539,0.694285282944598,"f__FGB2833","ZIGMM",1
"fixed","irAE.sample",-0.0104665021456669,0.0316485349878275,45,-0.330710478374195,0.742398140373455,"f__FGB72904","ZIGMM",1
"fixed","irAE.sample",-0.018104265354089,0.04576656750925,45,-0.395578395745539,0.694285282944598,"g__GGB74665","ZIGMM",1
"fixed","irAE.sample",-0.00069816000797881,0.00176557572906137,45,-0.395429092327846,0.694394662406285,"g__GGB9646","ZIGMM",1
"fixed","irAE.sample",-0.0104665021456669,0.0316485349878275,45,-0.330710478374195,0.742398140373455,"g__GGB47150","ZIGMM",1
"fixed","irAE.sample",-0.0018400164325428,0.00324259934294934,45,-0.567451059454418,0.573228003593079,"g__GGB9237","ZIGMM",1
"fixed","irAE.sample",-1.85384666131557e-05,1.54440112691546e-05,45,-1.20036603768747,0.236278292478523,"g__Angelakisella","ZIGMM",1
"fixed","irAE.sample",-0.018104265354089,0.04576656750925,45,-0.395578395745539,0.694285282944598,"s__GGB74665_SGB13972","ZIGMM",1
"fixed","irAE.sample",-0.00178416953815334,0.00383342782136679,45,-0.465424059430238,0.643872488177956,"s__Clostridium_sp_AF12_28","ZIGMM",1
"fixed","irAE.sample",-0.00386692893454768,0.00346155201395898,45,-1.11710842967374,0.269877052129313,"s__Clostridiaceae_bacterium_Marseille_Q4145","ZIGMM",1
"fixed","irAE.sample",-0.00069816000797881,0.00176557572906137,45,-0.395429092327846,0.694394662406285,"s__GGB9646_SGB15123","ZIGMM",1
"fixed","irAE.sample",-0.0104665021456669,0.0316485349878275,45,-0.330710478374195,0.742398140373455,"s__GGB47150_SGB65079","ZIGMM",1
"fixed","irAE.sample",-0.0018400164325428,0.00324259934294934,45,-0.567451059454418,0.573228003593079,"s__GGB9237_SGB14179","ZIGMM",1
"fixed","irAE.sample",-0.00021473700238015,0.000543048597441175,45,-0.395428702683301,0.694394947867906,"s__Enterobacter_ludwigii","ZIGMM",1
"fixed","irAE.sample",-0.000215645435159859,0.000414496556460331,45,-0.520258689243168,0.605433600504084,"s__Lachnoclostridium_sp_An131","ZIGMM",1
"fixed","irAE.sample",-7.33948824080287e-05,0.000185473963519303,45,-0.395715285398483,0.694185003571046,"s__Lachnoclostridium_sp_An138","ZIGMM",1
"fixed","irAE.sample",-0.00102697521498848,0.00167556224669217,45,-0.612913794767038,0.543018727574641,"s__Mediterraneibacter_butyricigenes","ZIGMM",1
"fixed","irAE.sample",-1.85384666131557e-05,1.54440112691546e-05,45,-1.20036603768747,0.236278292478523,"s__Angelakisella_massiliensis","ZIGMM",1
"fixed","irAE.sample",-0.0128340499116443,0.0483494740454004,45,-0.265443423429862,0.791880172586513,"g__GGB3637","ZIGMM",1
"fixed","irAE.sample",-0.0128340499116443,0.0483494740454004,45,-0.265443423429862,0.791880172586513,"s__GGB3637_SGB4930","ZIGMM",1
"fixed","irAE.sample",0.00045256791733038,0.00084752770248229,45,0.533985987720368,0.595979441765769,"g__GGB79118","ZIGMM",1
"fixed","irAE.sample",-0.000315581792610855,0.000920151099710667,45,-0.342967359067534,0.733220065354461,"g__GGB9513","ZIGMM",1
"fixed","irAE.sample",-0.000248990400515261,0.000651093670139483,45,-0.382418708604431,0.70395108417103,"g__Pyramidobacter","ZIGMM",1
"fixed","irAE.sample",0.00703476903603798,0.0110996283335007,45,0.633784197512792,0.529430172582365,"s__Collinsella_intestinalis","ZIGMM",1
"fixed","irAE.sample",-0.001955837557123,0.00540099240667281,45,-0.362125589124436,0.718953275039638,"s__Lachnospiraceae_unclassified_SGB4550","ZIGMM",1
"fixed","irAE.sample",-0.0112519721609694,0.0312593407070492,45,-0.35995551750175,0.720564325425119,"s__Blautia_argi","ZIGMM",1
"fixed","irAE.sample",0.0251236495527945,0.0139942666944723,45,1.79528160362402,0.079326255236613,"s__GGB74511_SGB47635","ZIGMM",1
"fixed","irAE.sample",0.00045256791733038,0.00084752770248229,45,0.533985987720368,0.595979441765769,"s__GGB79118_SGB105839","ZIGMM",1
"fixed","irAE.sample",-0.000315581792610855,0.000920151099710667,45,-0.342967359067534,0.733220065354461,"s__GGB9513_SGB14911","ZIGMM",1
"fixed","irAE.sample",-0.000248990400515261,0.000651093670139483,45,-0.382418708604431,0.70395108417103,"s__Pyramidobacter_piscolens","ZIGMM",1
"fixed","irAE.sample",-0.00393172665652147,0.00994276489041624,45,-0.395435947631753,0.694389640076733,"p__Candidatus_Saccharibacteria","ZIGMM",1
"fixed","irAE.sample",-0.000356447732622255,0.000901420866745058,45,-0.395428756724207,0.694394908276422,"c__CFGB8118","ZIGMM",1
"fixed","irAE.sample",-0.00119725343747809,0.00302771576264235,45,-0.395431252910352,0.69439307951984,"c__CFGB28310","ZIGMM",1
"fixed","irAE.sample",-0.00322056752395877,0.0077052078053645,45,-0.417972831533051,0.677954825395341,"c__CFGB2838","ZIGMM",1
"fixed","irAE.sample",-0.0145016520024605,0.0366629363093912,45,-0.395539841110488,0.694313527382718,"c__CFGB9395","ZIGMM",1
"fixed","irAE.sample",-0.00174494189468074,0.00441269378758104,45,-0.395436887008035,0.694388951872399,"c__CFGB28682","ZIGMM",1
"fixed","irAE.sample",-0.00378288512949226,0.00956639198270927,45,-0.395434886666741,0.694390417359518,"c__CFGB77305","ZIGMM",1
"fixed","irAE.sample",-0.00125423044489766,0.00317180080737235,45,-0.395431655727685,0.694392784407867,"c__CFGB78137","ZIGMM",1
"fixed","irAE.sample",-8.15921082717382e-06,2.06321580602323e-05,45,-0.395460853069965,0.694371393982926,"c__CFGB9827","ZIGMM",1
"fixed","irAE.sample",-0.000505527003675609,0.00127842750639763,45,-0.39542876005546,0.694394905835878,"c__CFGB77359","ZIGMM",1
"fixed","irAE.sample",-0.0019336630930986,0.00488990408326286,45,-0.395439881881759,0.694386757774592,"c__CFGB9633","ZIGMM",1
"fixed","irAE.sample",-0.000721844494145552,0.00182547112819127,45,-0.395429148671761,0.694394621127575,"c__CFGB50354","ZIGMM",1
"fixed","irAE.sample",-9.34602390611721e-05,0.000236133878687287,45,-0.395793435405099,0.694127756774826,"c__CFGB77250","ZIGMM",1
"fixed","irAE.sample",-0.000293026568548052,0.000741035109592701,45,-0.395428724975136,0.694394931536447,"c__CFGB10290","ZIGMM",1
"fixed","irAE.sample",-0.00334651378452756,0.00846292227817781,45,-0.395432413831421,0.694392229006153,"c__CFGB37573","ZIGMM",1
"fixed","irAE.sample",-0.00251320768139122,0.00635525799329296,45,-0.395453289865422,0.694376934879511,"c__CFGB9388","ZIGMM",1
"fixed","irAE.sample",-0.00393172665652147,0.00994276489041624,45,-0.395435947631753,0.694389640076733,"c__CFGB9318","ZIGMM",1
"fixed","irAE.sample",-0.000247368616738529,0.000625570701050597,45,-0.395428712251217,0.694394940858253,"c__CFGB9375","ZIGMM",1
"fixed","irAE.sample",-0.000305131849987529,0.000771648154928537,45,-0.395428730100168,0.694394927781743,"c__CFGB10197","ZIGMM",1
"fixed","irAE.sample",-0.000305263429128156,0.000771980905430193,45,-0.395428730142031,0.694394927751073,"c__CFGB9656","ZIGMM",1
"fixed","irAE.sample",-0.00053618504581032,0.00135595851054106,45,-0.395428799363756,0.694394877037808,"c__CFGB40333","ZIGMM",1
"fixed","irAE.sample",-0.000356447732622255,0.000901420866745058,45,-0.395428756724207,0.694394908276422,"o__OFGB8118","ZIGMM",1
"fixed","irAE.sample",-0.00119725343747809,0.00302771576264235,45,-0.395431252910352,0.69439307951984,"o__OFGB28310","ZIGMM",1
"fixed","irAE.sample",-0.00322056752395877,0.0077052078053645,45,-0.417972831533051,0.677954825395341,"o__OFGB2838","ZIGMM",1
"fixed","irAE.sample",-0.0145016520024605,0.0366629363093912,45,-0.395539841110488,0.694313527382718,"o__OFGB9395","ZIGMM",1
"fixed","irAE.sample",-0.00174494189468074,0.00441269378758104,45,-0.395436887008035,0.694388951872399,"o__OFGB28682","ZIGMM",1
"fixed","irAE.sample",-0.00378288512949226,0.00956639198270927,45,-0.395434886666741,0.694390417359518,"o__OFGB77305","ZIGMM",1
"fixed","irAE.sample",-0.00125423044489766,0.00317180080737235,45,-0.395431655727685,0.694392784407867,"o__OFGB78137","ZIGMM",1
"fixed","irAE.sample",-8.15921082717382e-06,2.06321580602323e-05,45,-0.395460853069965,0.694371393982926,"o__OFGB9827","ZIGMM",1
"fixed","irAE.sample",-0.000505527003675609,0.00127842750639763,45,-0.39542876005546,0.694394905835878,"o__OFGB77359","ZIGMM",1
"fixed","irAE.sample",-0.0019336630930986,0.00488990408326286,45,-0.395439881881759,0.694386757774592,"o__OFGB9633","ZIGMM",1
"fixed","irAE.sample",-0.000721844494145552,0.00182547112819127,45,-0.395429148671761,0.694394621127575,"o__OFGB50354","ZIGMM",1
"fixed","irAE.sample",-9.34602390611721e-05,0.000236133878687287,45,-0.395793435405099,0.694127756774826,"o__OFGB77250","ZIGMM",1
"fixed","irAE.sample",-0.000293026568548052,0.000741035109592701,45,-0.395428724975136,0.694394931536447,"o__OFGB10290","ZIGMM",1
"fixed","irAE.sample",-0.00334651378452756,0.00846292227817781,45,-0.395432413831421,0.694392229006153,"o__OFGB37573","ZIGMM",1
"fixed","irAE.sample",-0.00251320768139122,0.00635525799329296,45,-0.395453289865422,0.694376934879511,"o__OFGB9388","ZIGMM",1
"fixed","irAE.sample",-0.00393172665652147,0.00994276489041624,45,-0.395435947631753,0.694389640076733,"o__OFGB9318","ZIGMM",1
"fixed","irAE.sample",-0.000247368616738529,0.000625570701050597,45,-0.395428712251217,0.694394940858253,"o__OFGB9375","ZIGMM",1
"fixed","irAE.sample",-0.000305131849987529,0.000771648154928537,45,-0.395428730100168,0.694394927781743,"o__OFGB10197","ZIGMM",1
"fixed","irAE.sample",-0.000305263429128156,0.000771980905430193,45,-0.395428730142031,0.694394927751073,"o__OFGB9656","ZIGMM",1
"fixed","irAE.sample",-0.00053618504581032,0.00135595851054106,45,-0.395428799363756,0.694394877037808,"o__OFGB40333","ZIGMM",1
"fixed","irAE.sample",-0.0460464115533197,0.0925513107703578,45,-0.497523062288896,0.621242733950866,"f__Bacteroidales_unclassified","ZIGMM",1
"fixed","irAE.sample",-0.000356447732622255,0.000901420866745058,45,-0.395428756724207,0.694394908276422,"f__FGB8118","ZIGMM",1
"fixed","irAE.sample",-0.00119725343747809,0.00302771576264235,45,-0.395431252910352,0.69439307951984,"f__FGB28310","ZIGMM",1
"fixed","irAE.sample",-0.00322056752395877,0.0077052078053645,45,-0.417972831533051,0.677954825395341,"f__FGB2838","ZIGMM",1
"fixed","irAE.sample",-0.0145016520024605,0.0366629363093912,45,-0.395539841110488,0.694313527382718,"f__FGB9395","ZIGMM",1
"fixed","irAE.sample",-0.00174494189468074,0.00441269378758104,45,-0.395436887008035,0.694388951872399,"f__FGB28682","ZIGMM",1
"fixed","irAE.sample",-0.00378288512949226,0.00956639198270927,45,-0.395434886666741,0.694390417359518,"f__FGB77305","ZIGMM",1
"fixed","irAE.sample",-0.00125423044489766,0.00317180080737235,45,-0.395431655727685,0.694392784407867,"f__FGB78137","ZIGMM",1
"fixed","irAE.sample",-8.15921082717382e-06,2.06321580602323e-05,45,-0.395460853069965,0.694371393982926,"f__FGB9827","ZIGMM",1
"fixed","irAE.sample",-0.000505527003675609,0.00127842750639763,45,-0.39542876005546,0.694394905835878,"f__FGB77359","ZIGMM",1
"fixed","irAE.sample",-0.0019336630930986,0.00488990408326286,45,-0.395439881881759,0.694386757774592,"f__FGB9633","ZIGMM",1
"fixed","irAE.sample",-0.0084700858849475,0.0214185705457092,45,-0.39545523670086,0.694375508602333,"f__Burkholderiaceae","ZIGMM",1
"fixed","irAE.sample",-0.000721844494145552,0.00182547112819127,45,-0.395429148671761,0.694394621127575,"f__FGB50354","ZIGMM",1
"fixed","irAE.sample",-9.34602390611721e-05,0.000236133878687287,45,-0.395793435405099,0.694127756774826,"f__FGB77250","ZIGMM",1
"fixed","irAE.sample",-0.000293026568548052,0.000741035109592701,45,-0.395428724975136,0.694394931536447,"f__FGB10290","ZIGMM",1
"fixed","irAE.sample",-0.00334651378452756,0.00846292227817781,45,-0.395432413831421,0.694392229006153,"f__FGB37573","ZIGMM",1
"fixed","irAE.sample",-0.00251320768139122,0.00635525799329296,45,-0.395453289865422,0.694376934879511,"f__FGB9388","ZIGMM",1
"fixed","irAE.sample",-0.00393172665652147,0.00994276489041624,45,-0.395435947631753,0.694389640076733,"f__FGB9318","ZIGMM",1
"fixed","irAE.sample",-0.000247368616738529,0.000625570701050597,45,-0.395428712251217,0.694394940858253,"f__FGB9375","ZIGMM",1
"fixed","irAE.sample",-0.000305131849987529,0.000771648154928537,45,-0.395428730100168,0.694394927781743,"f__FGB10197","ZIGMM",1
"fixed","irAE.sample",-0.000305263429128156,0.000771980905430193,45,-0.395428730142031,0.694394927751073,"f__FGB9656","ZIGMM",1
"fixed","irAE.sample",-0.000726190452761996,0.00148579453848269,45,-0.488755634748524,0.627388318968645,"f__Atopobiaceae","ZIGMM",1
"fixed","irAE.sample",-0.00053618504581032,0.00135595851054106,45,-0.395428799363756,0.694394877037808,"f__FGB40333","ZIGMM",1
"fixed","irAE.sample",-1.69512866354971,0.807210717594983,45,-2.09998285032711,0.0413678584418266,"g__GGB24148","ZIGMM",1
"fixed","irAE.sample",-0.0460464115533197,0.0925513107703578,45,-0.497523062288896,0.621242733950866,"g__Bacteroidales_unclassified","ZIGMM",1
"fixed","irAE.sample",-1.4953170735287,0.716042593248672,45,-2.08830743817134,0.0424590950531559,"g__GGB27851","ZIGMM",1
"fixed","irAE.sample",-0.137104975582514,0.193620731193437,45,-0.708111030969815,0.48252821662987,"g__Paramuribaculum","ZIGMM",1
"fixed","irAE.sample",-0.0720299886069911,0.122210033111094,45,-0.589395050253468,0.558543948584269,"g__Duncaniella","ZIGMM",1
"fixed","irAE.sample",-0.119371828058369,0.177775111315451,45,-0.671476604205584,0.505349554200574,"g__Muribaculaceae_unclassified","ZIGMM",1
"fixed","irAE.sample",-0.0587835728761349,0.104475352420791,45,-0.562654937399728,0.576462414289157,"g__GGB27876","ZIGMM",1
"fixed","irAE.sample",-0.0346635713894761,0.0644389004168605,45,-0.537929281307326,0.593276558601474,"g__GGB1503","ZIGMM",1
"fixed","irAE.sample",-0.0318961065417933,0.0595056288437958,45,-0.536018308881697,0.59458568705099,"g__GGB24132","ZIGMM",1
"fixed","irAE.sample",-0.0610674930772823,0.107707314616144,45,-0.566976284711207,0.573547785299383,"g__GGB14001","ZIGMM",1
"fixed","irAE.sample",-0.10413801785118,0.16075835265662,45,-0.647792267899253,0.52041086947107,"g__Heminiphilus","ZIGMM",1
"fixed","irAE.sample",-0.0116404368934817,0.0294279117398884,45,-0.395557693538396,0.694300448957833,"g__Faecalibaculum","ZIGMM",1
"fixed","irAE.sample",-0.00177310460913769,0.00448390839267142,45,-0.39543729573862,0.69438865242894,"g__GGB25041","ZIGMM",1
"fixed","irAE.sample",-0.00119725343747809,0.00302771576264235,45,-0.395431252910352,0.69439307951984,"g__GGB28310","ZIGMM",1
"fixed","irAE.sample",-0.00121501758252197,0.00307263829020368,45,-0.395431374527793,0.694392990420484,"g__GGB28835","ZIGMM",1
"fixed","irAE.sample",-0.00138358195640523,0.00349890613400693,45,-0.395432716230304,0.694392007462828,"g__GGB42333","ZIGMM",1
"fixed","irAE.sample",-0.0145016520024605,0.0366629363093912,45,-0.395539841110488,0.694313527382718,"g__GGB27929","ZIGMM",1
"fixed","irAE.sample",-0.00124146650226337,0.00313952304477946,45,-0.395431562232913,0.694392852903988,"g__GGB3793","ZIGMM",1
"fixed","irAE.sample",-0.00192655622564325,0.00487193355614735,45,-0.39543975783749,0.694386848651579,"g__GGB27778","ZIGMM",1
"fixed","irAE.sample",-5.26859482656923e-05,0.000133168231563558,45,-0.395634511678161,0.694244174197186,"g__GGB24130","ZIGMM",1
"fixed","irAE.sample",-0.00174494189468074,0.00441269378758104,45,-0.395436887008035,0.694388951872399,"g__GGB28682","ZIGMM",1
"fixed","irAE.sample",-0.00748203013048366,0.0189167219611898,45,-0.395524665734056,0.694324644713224,"g__GGB27849","ZIGMM",1
"fixed","irAE.sample",-0.00139437234290351,0.00352619280266924,45,-0.395432814067344,0.694391935785508,"g__GGB28415","ZIGMM",1
"fixed","irAE.sample",-0.00378288512949226,0.00956639198270927,45,-0.395434886666741,0.694390417359518,"g__GGB28828","ZIGMM",1
"fixed","irAE.sample",-0.000591448536081391,0.00149571405223742,45,-0.395428882410145,0.694394816196312,"g__GGB28761","ZIGMM",1
"fixed","irAE.sample",-0.000824214452737431,0.00208435278165978,45,-0.395429439771277,0.694394407862106,"g__GGB30454","ZIGMM",1
"fixed","irAE.sample",-0.000149117925149406,0.000376551033284649,45,-0.396009868433112,0.693969223690431,"g__GGB30450","ZIGMM",1
"fixed","irAE.sample",-0.000362631956419271,0.000917060144738668,45,-0.395428760588662,0.694394905445243,"g__GGB70448","ZIGMM",1
"fixed","irAE.sample",-0.00183772182316901,0.00464730377395089,45,-0.395438282616649,0.694387929424354,"g__GGB28893","ZIGMM",1
"fixed","irAE.sample",-0.00036750038811946,0.000929371917198007,45,-0.395428763575565,0.694394903256976,"g__GGB28787","ZIGMM",1
"fixed","irAE.sample",-0.000152823894239394,0.000385895282195939,45,-0.396024261736885,0.693958681359414,"g__GGB74395","ZIGMM",1
"fixed","irAE.sample",-0.000898031756462491,0.002271027596712,45,-0.395429697887716,0.694394218760736,"g__GGB27885","ZIGMM",1
"fixed","irAE.sample",-0.000549211435293365,0.0013889008779707,45,-0.395428820014722,0.694394861908485,"g__GGB29551","ZIGMM",1
"fixed","irAE.sample",-0.00819870117029968,0.0207325202793909,45,-0.395451255313594,0.694378425420062,"g__GGB24127","ZIGMM",1
"fixed","irAE.sample",-0.000259737050455658,0.000656849242276149,45,-0.395428712919883,0.694394940368374,"g__GGB28864","ZIGMM",1
"fixed","irAE.sample",-0.000505527003675609,0.00127842750639763,45,-0.39542876005546,0.694394905835878,"g__GGB28927","ZIGMM",1
"fixed","irAE.sample",-0.0117698311352456,0.0196401769917567,45,-0.59927317051092,0.551996098407968,"g__Lactobacillus","ZIGMM",1
"fixed","irAE.sample",-0.00111185453494695,0.002811755589129,45,-0.395430719243762,0.69439347049465,"g__GGB28895","ZIGMM",1
"fixed","irAE.sample",-0.00361193906855204,0.0091341179639378,45,-0.39543381011853,0.694391206059185,"g__GGB24146","ZIGMM",1
"fixed","irAE.sample",-0.0084700858849475,0.0214185705457092,45,-0.39545523670086,0.694375508602333,"g__Burkholderiaceae_unclassified","ZIGMM",1
"fixed","irAE.sample",-0.0019336630930986,0.00488990408326286,45,-0.395439881881759,0.694386757774592,"g__GGB28885","ZIGMM",1
"fixed","irAE.sample",-0.0311466491110928,0.0569832212108466,45,-0.54659333834157,0.587358357713528,"g__GGB29472","ZIGMM",1
"fixed","irAE.sample",-0.00119370061363495,0.00301873126359173,45,-0.395431229017274,0.694393097024385,"g__GGB27892","ZIGMM",1
"fixed","irAE.sample",-0.0012621256792051,0.00319176644882628,45,-0.39543171451947,0.694392741335842,"g__GGB27914","ZIGMM",1
"fixed","irAE.sample",-0.00018526329044755,0.000468512508941564,45,-0.39542869595112,0.694394952800041,"g__GGB28926","ZIGMM",1
"fixed","irAE.sample",-0.000824477611437173,0.0020850182882559,45,-0.395429438715784,0.694394408635383,"g__GGB1690","ZIGMM",1
"fixed","irAE.sample",-8.15921082717382e-06,2.06321580602323e-05,45,-0.395460853069965,0.694371393982926,"g__GGB29531","ZIGMM",1
"fixed","irAE.sample",-9.34602390611721e-05,0.000236133878687287,45,-0.395793435405099,0.694127756774826,"g__GGB30408","ZIGMM",1
"fixed","irAE.sample",-0.00101066646839817,0.00255586578083762,45,-0.395430181027328,0.694393864802852,"g__GGB14013","ZIGMM",1
"fixed","irAE.sample",-0.00252518735168647,0.00638554577628899,45,-0.395453644865107,0.694376674802002,"g__GGB27893","ZIGMM",1
"fixed","irAE.sample",-1.77693705401072e-05,4.49290548014713e-05,45,-0.395498427879798,0.694343866465806,"g__GGB30471","ZIGMM",1
"fixed","irAE.sample",-0.000293026568548052,0.000741035109592701,45,-0.395428724975136,0.694394931536447,"g__GGB31438","ZIGMM",1
"fixed","irAE.sample",-0.00334651378452756,0.00846292227817781,45,-0.395432413831421,0.694392229006153,"g__GGB27861","ZIGMM",1
"fixed","irAE.sample",-2.59342489620161e-05,6.55683375782359e-05,45,-0.395530067100931,0.694320687717544,"g__GGB30290","ZIGMM",1
"fixed","irAE.sample",-0.00029210551457765,0.000738705856206045,45,-0.395428724604796,0.694394931807766,"g__GGB30473","ZIGMM",1
"fixed","irAE.sample",-0.000205131729406782,0.000518757818143926,45,-0.395428699543705,0.694394950168039,"g__GGB27697","ZIGMM",1
"fixed","irAE.sample",-0.000399210992094902,0.00100956482325695,45,-0.395428785649455,0.694394887085188,"g__GGB29685","ZIGMM",1
"fixed","irAE.sample",-0.000320658191132382,0.000810912715470586,45,-0.39542873729178,0.69439492251302,"g__GGB28248","ZIGMM",1
"fixed","irAE.sample",-0.000705002190120989,0.00178287884093904,45,-0.395429108211114,0.694394650769876,"g__GGB29549","ZIGMM",1
"fixed","irAE.sample",-0.00051684284476099,0.00130704409669476,45,-0.395428774031403,0.694394895596814,"g__GGB23844","ZIGMM",1
"fixed","irAE.sample",-0.00138463467609889,0.00350156824685904,45,-0.395432725705383,0.6943920005212,"g__GGB27792","ZIGMM",1
"fixed","irAE.sample",-0.00251320768139122,0.00635525799329296,45,-0.395453289865422,0.694376934879511,"g__GGB27866","ZIGMM",1
"fixed","irAE.sample",-0.00269989002922173,0.00682722756297639,45,-0.395459211563865,0.694372596569031,"g__GGB73359","ZIGMM",1
"fixed","irAE.sample",-0.000247368616738529,0.000625570701050597,45,-0.395428712251217,0.694394940858253,"g__GGB27770","ZIGMM",1
"fixed","irAE.sample",-7.50111316252227e-06,1.89681530368719e-05,45,-0.395458279355981,0.694373279515521,"g__GGB31701","ZIGMM",1
"fixed","irAE.sample",-0.000305131849987529,0.000771648154928537,45,-0.395428730100168,0.694394927781743,"g__GGB31108","ZIGMM",1
"fixed","irAE.sample",-0.000356447732622255,0.000901420866745058,45,-0.395428756724207,0.694394908276422,"g__GGB29006","ZIGMM",1
"fixed","irAE.sample",-0.00150964664931957,0.00381769603812295,45,-0.395433956565548,0.694391098769299,"g__GGB3171","ZIGMM",1
"fixed","irAE.sample",-6.74574896052837e-05,0.000170479731445724,45,-0.395692139078482,0.694201959164221,"g__GGB28405","ZIGMM",1
"fixed","irAE.sample",-9.00268937847123e-05,0.000227466974209088,45,-0.395780064766498,0.694137550967579,"g__GGB28793","ZIGMM",1
"fixed","irAE.sample",-0.000387105697631617,0.000978951761595302,45,-0.395428776797734,0.694394893570142,"g__GGB24134","ZIGMM",1
"fixed","irAE.sample",-0.000187894871686449,0.000475167516682657,45,-0.39542869638527,0.694394952481973,"g__GGB30461","ZIGMM",1
"fixed","irAE.sample",-0.000198947513149338,0.000503118549522443,45,-0.395428698341927,0.694394951048486,"g__GGB28399","ZIGMM",1
"fixed","irAE.sample",-4.01631959005869e-05,0.000101528448394138,45,-0.395585636694375,0.694279978403547,"g__GGB31823","ZIGMM",1
"fixed","irAE.sample",-0.000305263429128156,0.000771980905430193,45,-0.395428730142031,0.694394927751073,"g__GGB28996","ZIGMM",1
"fixed","irAE.sample",-9.86111178629121e-05,0.000249135312936867,45,-0.395813490670835,0.694113066091713,"g__Granulimonas","ZIGMM",1
"fixed","irAE.sample",-6.04663221362356e-05,0.000152822066835669,45,-0.395664862989031,0.694221940179604,"g__GGB30456","ZIGMM",1
"fixed","irAE.sample",-2.46171545921473e-05,6.22391997552409e-05,45,-0.395524921415372,0.69432445740306,"g__GGB33406","ZIGMM",1
"fixed","irAE.sample",-0.00053618504581032,0.00135595851054106,45,-0.395428799363756,0.694394877037808,"g__GGB42696","ZIGMM",1
"fixed","irAE.sample",-0.000156000863069461,0.000393905168403745,45,-0.396036598609854,0.693949645303525,"g__GGB28904","ZIGMM",1
"fixed","irAE.sample",-0.000895794858163993,0.00226537077698339,45,-0.395429687389564,0.694394226451897,"g__GGB75725","ZIGMM",1
"fixed","irAE.sample",-1.69512866354971,0.807210717594983,45,-2.09998285032711,0.0413678584418266,"s__GGB24148_SGB35952","ZIGMM",1
"fixed","irAE.sample",-0.0460464115533197,0.0925513107703578,45,-0.497523062288896,0.621242733950866,"s__Bacteroidales_bacterium","ZIGMM",1
"fixed","irAE.sample",-1.4953170735287,0.716042593248672,45,-2.08830743817134,0.0424590950531559,"s__GGB27851_SGB40285","ZIGMM",1
"fixed","irAE.sample",-0.137104975582514,0.193620731193437,45,-0.708111030969815,0.48252821662987,"s__Paramuribaculum_intestinale","ZIGMM",1
"fixed","irAE.sample",-0.0587835728761349,0.104475352420791,45,-0.562654937399728,0.576462414289157,"s__GGB27876_SGB40310","ZIGMM",1
"fixed","irAE.sample",-0.100770624987853,0.157326977965572,45,-0.640517133748697,0.525084837097712,"s__Muribaculaceae_bacterium","ZIGMM",1
"fixed","irAE.sample",-0.023032521218676,0.0581944279642484,45,-0.395785679564131,0.694133438037904,"s__Duncaniella_muris","ZIGMM",1
"fixed","irAE.sample",-0.0346635713894761,0.0644389004168605,45,-0.537929281307326,0.593276558601474,"s__GGB1503_SGB2082","ZIGMM",1
"fixed","irAE.sample",-0.0318961065417933,0.0595056288437958,45,-0.536018308881697,0.59458568705099,"s__GGB24132_SGB35935","ZIGMM",1
"fixed","irAE.sample",-0.0610674930772823,0.107707314616144,45,-0.566976284711207,0.573547785299383,"s__GGB14001_SGB21428","ZIGMM",1
"fixed","irAE.sample",-0.0256962105573145,0.0475944794974623,45,-0.539898972078991,0.591928634424568,"s__Muribaculum_intestinale","ZIGMM",1
"fixed","irAE.sample",-0.10413801785118,0.16075835265662,45,-0.647792267899253,0.52041086947107,"s__Heminiphilus_faecis","ZIGMM",1
"fixed","irAE.sample",-0.0116404368934817,0.0294279117398884,45,-0.395557693538396,0.694300448957833,"s__Faecalibaculum_rodentium","ZIGMM",1
"fixed","irAE.sample",-0.00177310460913769,0.00448390839267142,45,-0.39543729573862,0.69438865242894,"s__GGB25041_SGB36960","ZIGMM",1
"fixed","irAE.sample",-0.00119725343747809,0.00302771576264235,45,-0.395431252910352,0.69439307951984,"s__GGB28310_SGB40880","ZIGMM",1
"fixed","irAE.sample",-0.0367582187934527,0.0681154227070758,45,-0.539646049787111,0.592101636120043,"s__Duncaniella_dubosii","ZIGMM",1
"fixed","irAE.sample",-0.0234054323632082,0.0439755589009541,45,-0.532237291535602,0.597179918611881,"s__Prevotella_sp_MGM1","ZIGMM",1
"fixed","irAE.sample",-0.00121501758252197,0.00307263829020368,45,-0.395431374527793,0.694392990420484,"s__GGB28835_SGB41494","ZIGMM",1
"fixed","irAE.sample",-0.00138358195640523,0.00349890613400693,45,-0.395432716230304,0.694392007462828,"s__GGB42333_SGB59501","ZIGMM",1
"fixed","irAE.sample",-4.62260789681961e-05,0.000116847805660326,45,-0.395609303118403,0.69426264107127,"s__Lachnospiraceae_unclassified_SGB41589","ZIGMM",1
"fixed","irAE.sample",-0.0145016520024605,0.0366629363093912,45,-0.395539841110488,0.694313527382718,"s__GGB27929_SGB40368","ZIGMM",1
"fixed","irAE.sample",-0.00192655622564325,0.00487193355614735,45,-0.39543975783749,0.694386848651579,"s__GGB27778_SGB40192","ZIGMM",1
"fixed","irAE.sample",-0.00155833639957406,0.00394082059230093,45,-0.395434494688375,0.694390704530275,"s__Lachnospiraceae_bacterium_A2","ZIGMM",1
"fixed","irAE.sample",-5.26859482656923e-05,0.000133168231563558,45,-0.395634511678161,0.694244174197186,"s__GGB24130_SGB35933","ZIGMM",1
"fixed","irAE.sample",-0.00174494189468074,0.00441269378758104,45,-0.395436887008035,0.694388951872399,"s__GGB28682_SGB41310","ZIGMM",1
"fixed","irAE.sample",-0.00748203013048366,0.0189167219611898,45,-0.395524665734056,0.694324644713224,"s__GGB27849_SGB40283","ZIGMM",1
"fixed","irAE.sample",-0.00413347887089516,0.0104529233982012,45,-0.39543759323889,0.694388434474864,"s__Bacteroides_muris","ZIGMM",1
"fixed","irAE.sample",-0.00139437234290351,0.00352619280266924,45,-0.395432814067344,0.694391935785508,"s__GGB28415_SGB40997","ZIGMM",1
"fixed","irAE.sample",-0.00378288512949226,0.00956639198270927,45,-0.395434886666741,0.694390417359518,"s__GGB28828_SGB41484","ZIGMM",1
"fixed","irAE.sample",-0.000591448536081391,0.00149571405223742,45,-0.395428882410145,0.694394816196312,"s__GGB28761_SGB41409","ZIGMM",1
"fixed","irAE.sample",-0.000279737076148957,0.000707427311541196,45,-0.395428719792461,0.694394935333382,"s__GGB30454_SGB43514","ZIGMM",1
"fixed","irAE.sample",-0.000149117925149406,0.000376551033284649,45,-0.396009868433112,0.693969223690431,"s__GGB30450_SGB43507","ZIGMM",1
"fixed","irAE.sample",-0.00730953062709508,0.0184809903824681,45,-0.395516175043802,0.694330864938484,"s__Muribaculaceae_bacterium_Isolate_013_NCI","ZIGMM",1
"fixed","irAE.sample",-0.000362631956419271,0.000917060144738668,45,-0.395428760588662,0.694394905445243,"s__GGB70448_SGB94871","ZIGMM",1
"fixed","irAE.sample",-0.00183772182316901,0.00464730377395089,45,-0.395438282616649,0.694387929424354,"s__GGB28893_SGB41574","ZIGMM",1
"fixed","irAE.sample",-0.00036750038811946,0.000929371917198007,45,-0.395428763575565,0.694394903256976,"s__GGB28787_SGB41440","ZIGMM",1
"fixed","irAE.sample",-0.0266464470444757,0.0492443855406737,45,-0.541106295710947,0.59110314220357,"s__Ligilactobacillus_murinus","ZIGMM",1
"fixed","irAE.sample",-0.000898031756462491,0.002271027596712,45,-0.395429697887716,0.694394218760736,"s__GGB27885_SGB40319","ZIGMM",1
"fixed","irAE.sample",-0.000549211435293365,0.0013889008779707,45,-0.395428820014722,0.694394861908485,"s__GGB29551_SGB42345","ZIGMM",1
"fixed","irAE.sample",-0.000152823894239394,0.000385895282195939,45,-0.396024261736885,0.693958681359414,"s__GGB74395_SGB43523","ZIGMM",1
"fixed","irAE.sample",-0.0110996896677089,0.0213042494020187,45,-0.521008248554258,0.604915580844931,"s__Limosilactobacillus_reuteri","ZIGMM",1
"fixed","irAE.sample",-0.0029535884578556,0.00746929145984204,45,-0.39543087503484,0.694393356358984,"s__bacterium_1xD42_87","ZIGMM",1
"fixed","irAE.sample",-0.00819870117029968,0.0207325202793909,45,-0.395451255313594,0.694378425420062,"s__GGB24127_SGB35930","ZIGMM",1
"fixed","irAE.sample",-0.00314899653983987,0.00796344240010547,45,-0.395431571125342,0.694392846389218,"s__Odoribacter_sp_Z80","ZIGMM",1
"fixed","irAE.sample",-0.000259737050455658,0.000656849242276149,45,-0.395428712919883,0.694394940368374,"s__GGB28864_SGB41534","ZIGMM",1
"fixed","irAE.sample",-0.000505527003675609,0.00127842750639763,45,-0.39542876005546,0.694394905835878,"s__GGB28927_SGB41625","ZIGMM",1
"fixed","irAE.sample",-0.0252534834487741,0.0638037529123859,45,-0.395799342453283,0.694123429790499,"s__Bifidobacterium_pseudolongum","ZIGMM",1
"fixed","irAE.sample",-0.00111185453494695,0.002811755589129,45,-0.395430719243762,0.69439347049465,"s__GGB28895_SGB41576","ZIGMM",1
"fixed","irAE.sample",-0.00361193906855204,0.0091341179639378,45,-0.39543381011853,0.694391206059185,"s__GGB24146_SGB35950","ZIGMM",1
"fixed","irAE.sample",-0.00201276112080786,0.00508991092919152,45,-0.395441324771389,0.694385700688906,"s__Alistipes_sp_DSM_112343","ZIGMM",1
"fixed","irAE.sample",-0.00124146650226337,0.00313952304477946,45,-0.395431562232913,0.694392852903988,"s__GGB3793_SGB41498","ZIGMM",1
"fixed","irAE.sample",-0.0084700858849475,0.0214185705457092,45,-0.39545523670086,0.694375508602333,"s__Burkholderiaceae_bacterium","ZIGMM",1
"fixed","irAE.sample",-0.000695002078473778,0.00175758967834127,45,-0.395429085092083,0.694394667707353,"s__Lactobacillus_johnsonii","ZIGMM",1
"fixed","irAE.sample",-0.0019336630930986,0.00488990408326286,45,-0.395439881881759,0.694386757774592,"s__GGB28885_SGB41566","ZIGMM",1
"fixed","irAE.sample",-0.0311466491110928,0.0569832212108466,45,-0.54659333834157,0.587358357713528,"s__GGB29472_SGB42251","ZIGMM",1
"fixed","irAE.sample",-0.00119370061363495,0.00301873126359173,45,-0.395431229017274,0.694393097024385,"s__GGB27892_SGB40326","ZIGMM",1
"fixed","irAE.sample",-0.0012621256792051,0.00319176644882628,45,-0.39543171451947,0.694392741335842,"s__GGB27914_SGB40352","ZIGMM",1
"fixed","irAE.sample",-0.00018526329044755,0.000468512508941564,45,-0.39542869595112,0.694394952800041,"s__GGB28926_SGB41623","ZIGMM",1
"fixed","irAE.sample",-0.000824477611437173,0.0020850182882559,45,-0.395429438715784,0.694394408635383,"s__GGB1690_SGB40190","ZIGMM",1
"fixed","irAE.sample",-8.15921082717382e-06,2.06321580602323e-05,45,-0.395460853069965,0.694371393982926,"s__GGB29531_SGB42317","ZIGMM",1
"fixed","irAE.sample",-9.34602390611721e-05,0.000236133878687287,45,-0.395793435405099,0.694127756774826,"s__GGB30408_SGB43438","ZIGMM",1
"fixed","irAE.sample",-0.00101066646839817,0.00255586578083762,45,-0.395430181027328,0.694393864802852,"s__GGB14013_SGB21440","ZIGMM",1
"fixed","irAE.sample",-0.00252518735168647,0.00638554577628899,45,-0.395453644865107,0.694376674802002,"s__GGB27893_SGB40327","ZIGMM",1
"fixed","irAE.sample",-1.77693705401072e-05,4.49290548014713e-05,45,-0.395498427879798,0.694343866465806,"s__GGB30471_SGB43555","ZIGMM",1
"fixed","irAE.sample",-0.000293026568548052,0.000741035109592701,45,-0.395428724975136,0.694394931536447,"s__GGB31438_SGB44768","ZIGMM",1
"fixed","irAE.sample",-0.00334651378452756,0.00846292227817781,45,-0.395432413831421,0.694392229006153,"s__GGB27861_SGB40295","ZIGMM",1
"fixed","irAE.sample",-1.51360900706918e-05,3.82719196382658e-05,45,-0.395488133695759,0.694351408001517,"s__Oscillospiraceae_unclassified_SGB43526","ZIGMM",1
"fixed","irAE.sample",-0.00584145068573825,0.0147711130004558,45,-0.395464491102193,0.694368728721824,"s__Duncaniella_freteri","ZIGMM",1
"fixed","irAE.sample",-2.59342489620161e-05,6.55683375782359e-05,45,-0.395530067100931,0.694320687717544,"s__GGB30290_SGB43252","ZIGMM",1
"fixed","irAE.sample",-0.00029210551457765,0.000738705856206045,45,-0.395428724604796,0.694394931807766,"s__GGB30473_SGB43557","ZIGMM",1
"fixed","irAE.sample",-0.000205131729406782,0.000518757818143926,45,-0.395428699543705,0.694394950168039,"s__GGB27697_SGB40070","ZIGMM",1
"fixed","irAE.sample",-0.000399210992094902,0.00100956482325695,45,-0.395428785649455,0.694394887085188,"s__GGB29685_SGB42494","ZIGMM",1
"fixed","irAE.sample",-0.000320658191132382,0.000810912715470586,45,-0.39542873729178,0.69439492251302,"s__GGB28248_SGB40791","ZIGMM",1
"fixed","irAE.sample",-0.000705002190120989,0.00178287884093904,45,-0.395429108211114,0.694394650769876,"s__GGB29549_SGB42343","ZIGMM",1
"fixed","irAE.sample",-0.00051684284476099,0.00130704409669476,45,-0.395428774031403,0.694394895596814,"s__GGB23844_SGB35575","ZIGMM",1
"fixed","irAE.sample",-0.00138463467609889,0.00350156824685904,45,-0.395432725705383,0.6943920005212,"s__GGB27792_SGB40208","ZIGMM",1
"fixed","irAE.sample",-0.00251320768139122,0.00635525799329296,45,-0.395453289865422,0.694376934879511,"s__GGB27866_SGB40300","ZIGMM",1
"fixed","irAE.sample",-0.000161958734464106,0.000408925023580028,45,-0.396059730084994,0.693932702938369,"s__Clostridiaceae_unclassified_SGB41663","ZIGMM",1
"fixed","irAE.sample",-0.00269989002922173,0.00682722756297639,45,-0.395459211563865,0.694372596569031,"s__GGB73359_SGB46611","ZIGMM",1
"fixed","irAE.sample",-0.000247368616738529,0.000625570701050597,45,-0.395428712251217,0.694394940858253,"s__GGB27770_SGB40184","ZIGMM",1
"fixed","irAE.sample",-7.50111316252227e-06,1.89681530368719e-05,45,-0.395458279355981,0.694373279515521,"s__GGB31701_SGB45057","ZIGMM",1
"fixed","irAE.sample",-0.000305131849987529,0.000771648154928537,45,-0.395428730100168,0.694394927781743,"s__GGB31108_SGB44379","ZIGMM",1
"fixed","irAE.sample",-0.000356447732622255,0.000901420866745058,45,-0.395428756724207,0.694394908276422,"s__GGB29006_SGB41724","ZIGMM",1
"fixed","irAE.sample",-0.000644080525421993,0.00162881468577845,45,-0.395428977308226,0.694394746672023,"s__Adlercreutzia_muris","ZIGMM",1
"fixed","irAE.sample",-0.00150964664931957,0.00381769603812295,45,-0.395433956565548,0.694391098769299,"s__GGB3171_SGB4185","ZIGMM",1
"fixed","irAE.sample",-6.74574896052837e-05,0.000170479731445724,45,-0.395692139078482,0.694201959164221,"s__GGB28405_SGB40987","ZIGMM",1
"fixed","irAE.sample",-0.000575001058997283,0.00145412012881334,45,-0.395428855982156,0.694394835558001,"s__bacterium_c_19","ZIGMM",1
"fixed","irAE.sample",-0.000228026488473475,0.000576656388848271,45,-0.395428703961646,0.694394946931364,"s__Oscillospiraceae_unclassified_SGB43502","ZIGMM",1
"fixed","irAE.sample",-0.000273158120035509,0.000690789788371071,45,-0.395428717438968,0.6943949370576,"s__Adlercreutzia_mucosicola","ZIGMM",1
"fixed","irAE.sample",-9.00268937847123e-05,0.000227466974209088,45,-0.395780064766498,0.694137550967579,"s__GGB28793_SGB41446","ZIGMM",1
"fixed","irAE.sample",-0.000272631803547693,0.000689458786534487,45,-0.395428717237844,0.694394937204947,"s__bacterium_0_1xD8_82","ZIGMM",1
"fixed","irAE.sample",-0.000387105697631617,0.000978951761595302,45,-0.395428776797734,0.694394893570142,"s__GGB24134_SGB35937","ZIGMM",1
"fixed","irAE.sample",-0.000198947513149338,0.000503118549522443,45,-0.395428698341927,0.694394951048486,"s__GGB28399_SGB40980","ZIGMM",1
"fixed","irAE.sample",-4.01631959005869e-05,0.000101528448394138,45,-0.395585636694375,0.694279978403547,"s__GGB31823_SGB45199","ZIGMM",1
"fixed","irAE.sample",-0.000305263429128156,0.000771980905430193,45,-0.395428730142031,0.694394927751073,"s__GGB28996_SGB41712","ZIGMM",1
"fixed","irAE.sample",-9.86111178629121e-05,0.000249135312936867,45,-0.395813490670835,0.694113066091713,"s__Granulimonas_faecalis","ZIGMM",1
"fixed","irAE.sample",-6.04663221362356e-05,0.000152822066835669,45,-0.395664862989031,0.694221940179604,"s__GGB30456_SGB43520","ZIGMM",1
"fixed","irAE.sample",-2.46171545921473e-05,6.22391997552409e-05,45,-0.395524921415372,0.69432445740306,"s__GGB33406_SGB48104","ZIGMM",1
"fixed","irAE.sample",-0.00053618504581032,0.00135595851054106,45,-0.395428799363756,0.694394877037808,"s__GGB42696_SGB59900","ZIGMM",1
"fixed","irAE.sample",-0.000156000863069461,0.000393905168403745,45,-0.396036598609854,0.693949645303525,"s__GGB28904_SGB41597","ZIGMM",1
"fixed","irAE.sample",-0.000895794858163993,0.00226537077698339,45,-0.395429687389564,0.694394226451897,"s__GGB75725_SGB102612","ZIGMM",1
"fixed","irAE.sample",-0.000391184385238689,0.000989267036006872,45,-0.39542850514628,0.694395092587615,"g__Congzhengia","ZIGMM",1
"fixed","irAE.sample",-0.000391184385238689,0.000989267036006872,45,-0.39542850514628,0.694395092587615,"s__Congzhengia_minquanensis","ZIGMM",1
"fixed","irAE.sample",-0.00419765426222983,0.0424937495913768,45,-0.0987828634233223,0.921749405942048,"c__CFGB3002","ZIGMM",1
"fixed","irAE.sample",-0.00419765426222983,0.0424937495913768,45,-0.0987828634233223,0.921749405942048,"o__OFGB3002","ZIGMM",1
"fixed","irAE.sample",-0.00419765426222983,0.0424937495913768,45,-0.0987828634233223,0.921749405942048,"f__FGB3002","ZIGMM",1
"fixed","irAE.sample",-0.00419765426222983,0.0424937495913768,45,-0.0987828634233223,0.921749405942048,"g__GGB9464","ZIGMM",1
"fixed","irAE.sample",-0.00419765426222983,0.0424937495913768,45,-0.0987828634233223,0.921749405942048,"s__GGB9464_SGB14857","ZIGMM",1
"fixed","irAE.sample",-0.00031078133892393,0.00216730221472963,45,-0.143395478863892,0.886618058592791,"s__Flavonifractor_SGB105860","ZIGMM",1
"fixed","irAE.sample",-0.000121741673265941,0.0011917676516013,45,-0.102152188056426,0.919089722913759,"s__Lachnospiraceae_bacterium_EP_SM_12S_S03","ZIGMM",1
"fixed","irAE.sample",0.00174425374856299,0.00234323024371827,45,0.744380008425967,0.460516328756058,"s__GGB3600_SGB4859","ZIGMM",1
"fixed","irAE.sample",-0.00029473685672374,0.000745360865541416,45,-0.395428403005366,0.694395167418166,"s__Holdemania_massiliensis","ZIGMM",1
"fixed","irAE.sample",-0.000244473675039992,0.000618250191297706,45,-0.395428385597168,0.694395180171773,"c__CFGB2957","ZIGMM",1
"fixed","irAE.sample",-0.000244473675039992,0.000618250191297706,45,-0.395428385597168,0.694395180171773,"o__OFGB2957","ZIGMM",1
"fixed","irAE.sample",-0.000244473675039992,0.000618250191297706,45,-0.395428385597168,0.694395180171773,"f__FGB2957","ZIGMM",1
"fixed","irAE.sample",-0.00213067491907705,0.00275291878100688,45,-0.77396940795244,0.442996229386689,"g__Lactococcus","ZIGMM",1
"fixed","irAE.sample",-0.000244473675039992,0.000618250191297706,45,-0.395428385597168,0.694395180171773,"g__GGB9299","ZIGMM",1
"fixed","irAE.sample",-0.00192317013244553,0.00255561130877864,45,-0.752528416915102,0.455652011484317,"s__Lactococcus_lactis","ZIGMM",1
"fixed","irAE.sample",-0.000244473675039992,0.000618250191297706,45,-0.395428385597168,0.694395180171773,"s__GGB9299_SGB14259","ZIGMM",1
"fixed","irAE.sample",-0.000208012692508631,0.000339330734093231,45,-0.613008700978674,0.542956530713774,"s__Lactococcus_cremoris","ZIGMM",1
"fixed","irAE.sample",-0.000102962635466285,0.000144401247119896,45,-0.713031483590967,0.479507709460655,"g__GGB55957","ZIGMM",1
"fixed","irAE.sample",-3.80469667685497e-05,7.21613619615896e-05,45,-0.527248457267222,0.600610976443634,"g__GGB58233","ZIGMM",1
"fixed","irAE.sample",-0.00498603953027018,0.00709734111149882,45,-0.702522177240714,0.485971960012188,"s__Lactobacillus_crispatus","ZIGMM",1
"fixed","irAE.sample",-0.00293816019499586,0.00432421618132183,45,-0.67946653723906,0.500322629871916,"s__Ligilactobacillus_salivarius","ZIGMM",1
"fixed","irAE.sample",-0.000128589561908183,0.000185449432094525,45,-0.693394207012939,0.49162587197725,"s__Limosilactobacillus_oris","ZIGMM",1
"fixed","irAE.sample",-0.0107555389946281,0.0165525912309362,45,-0.649779774330823,0.519137844876013,"s__Lactobacillus_gasseri","ZIGMM",1
"fixed","irAE.sample",-0.000102962635466285,0.000144401247119896,45,-0.713031483590967,0.479507709460655,"s__GGB55957_SGB77276","ZIGMM",1
"fixed","irAE.sample",-3.80469667685497e-05,7.21613619615896e-05,45,-0.527248457267222,0.600610976443634,"s__GGB58233_SGB79883","ZIGMM",1
"fixed","irAE.sample",0.00592490457222917,0.016148429994635,45,0.366902824249639,0.715411234126141,"c__CFGB1798","ZIGMM",1
"fixed","irAE.sample",0.00713986022115066,0.00266090786368504,45,2.6832421815849,0.0101644611296414,"c__CFGB1776","ZIGMM",1
"fixed","irAE.sample",0.000460987188554053,0.000269685625461843,45,1.70935023980088,0.0942748125855754,"c__CFGB4605","ZIGMM",1
"fixed","irAE.sample",-0.0150235077652024,0.0235321752712215,45,-0.638424097732067,0.526433627366411,"c__CFGB82363","ZIGMM",1
"fixed","irAE.sample",0.00592490457222917,0.016148429994635,45,0.366902824249639,0.715411234126141,"o__OFGB1798","ZIGMM",1
"fixed","irAE.sample",0.00713986022115066,0.00266090786368504,45,2.6832421815849,0.0101644611296414,"o__OFGB1776","ZIGMM",1
"fixed","irAE.sample",0.000460987188554053,0.000269685625461843,45,1.70935023980088,0.0942748125855754,"o__OFGB4605","ZIGMM",1
"fixed","irAE.sample",-0.0150235077652024,0.0235321752712215,45,-0.638424097732067,0.526433627366411,"o__OFGB82363","ZIGMM",1
"fixed","irAE.sample",0.00592490457222917,0.016148429994635,45,0.366902824249639,0.715411234126141,"f__FGB1798","ZIGMM",1
"fixed","irAE.sample",0.00713986022115066,0.00266090786368504,45,2.6832421815849,0.0101644611296414,"f__FGB1776","ZIGMM",1
"fixed","irAE.sample",0.000460987188554053,0.000269685625461843,45,1.70935023980088,0.0942748125855754,"f__FGB4605","ZIGMM",1
"fixed","irAE.sample",-0.0150235077652024,0.0235321752712215,45,-0.638424097732067,0.526433627366411,"f__FGB82363","ZIGMM",1
"fixed","irAE.sample",0.0425370295691386,0.0582402371018683,45,0.730371847469249,0.468948485841268,"g__GGB4552","ZIGMM",1
"fixed","irAE.sample",-0.00307778740911882,0.0144194354859243,45,-0.213447150002734,0.831942330933714,"g__GGB4768","ZIGMM",1
"fixed","irAE.sample",-0.00341500210523105,0.0045842451515196,45,-0.744943167818814,0.460179179238047,"g__GGB9350","ZIGMM",1
"fixed","irAE.sample",0.00713986022115066,0.00266090786368504,45,2.6832421815849,0.0101644611296414,"g__GGB4684","ZIGMM",1
"fixed","irAE.sample",-0.00571828407306926,0.0346592628320705,45,-0.16498573846695,0.869694136150674,"g__GGB3486","ZIGMM",1
"fixed","irAE.sample",0.000460987188554053,0.000269685625461843,45,1.70935023980088,0.0942748125855754,"g__GGB13404","ZIGMM",1
"fixed","irAE.sample",-0.0150235077652024,0.0235321752712215,45,-0.638424097732067,0.526433627366411,"g__GGB9545","ZIGMM",1
"fixed","irAE.sample",0.0425370295691386,0.0582402371018683,45,0.730371847469249,0.468948485841268,"s__GGB4552_SGB6276","ZIGMM",1
"fixed","irAE.sample",-0.00307778740911882,0.0144194354859243,45,-0.213447150002734,0.831942330933714,"s__GGB4768_SGB6601","ZIGMM",1
"fixed","irAE.sample",-0.00341500210523105,0.0045842451515196,45,-0.744943167818814,0.460179179238047,"s__GGB9350_SGB14317","ZIGMM",1
"fixed","irAE.sample",0.00713986022115066,0.00266090786368504,45,2.6832421815849,0.0101644611296414,"s__GGB4684_SGB6478","ZIGMM",1
"fixed","irAE.sample",-0.00571828407306926,0.0346592628320705,45,-0.16498573846695,0.869694136150674,"s__GGB3486_SGB4658","ZIGMM",1
"fixed","irAE.sample",-0.000485991740693638,0.00160166627859696,45,-0.303428839820091,0.76296154231223,"s__GGB6518_SGB9205","ZIGMM",1
"fixed","irAE.sample",0.000460987188554053,0.000269685625461843,45,1.70935023980088,0.0942748125855754,"s__GGB13404_SGB14252","ZIGMM",1
"fixed","irAE.sample",-0.00607207015209592,0.0135951575076054,45,-0.446634777765472,0.657280885958158,"s__GGB9545_SGB14952","ZIGMM",1
"fixed","irAE.sample",-2.77782951820444e-05,7.022927350111e-05,45,-0.395537270958746,0.694315410245653,"c__CFGB10667","ZIGMM",1
"fixed","irAE.sample",-2.77782951820444e-05,7.022927350111e-05,45,-0.395537270958746,0.694315410245653,"o__OFGB10667","ZIGMM",1
"fixed","irAE.sample",-2.77782951820444e-05,7.022927350111e-05,45,-0.395537270958746,0.694315410245653,"f__FGB10667","ZIGMM",1
"fixed","irAE.sample",-0.0153936733023848,0.0389135064509991,45,-0.395586897874878,0.694279054495308,"g__GGB28833","ZIGMM",1
"fixed","irAE.sample",-0.00186417446176845,0.0047141931899401,45,-0.395438707464625,0.694387618173177,"g__GGB31232","ZIGMM",1
"fixed","irAE.sample",-0.000842109517671418,0.00212960723904459,45,-0.395429496215093,0.694394366510214,"g__GGB75959","ZIGMM",1
"fixed","irAE.sample",-0.000673159753278336,0.0017023528427561,45,-0.395429041718809,0.694394699483505,"g__GGB31841","ZIGMM",1
"fixed","irAE.sample",-0.000590264317514206,0.00149271928938207,45,-0.395428880508775,0.694394817589295,"g__GGB28875","ZIGMM",1
"fixed","irAE.sample",-0.000336447693019954,0.000850842780064883,45,-0.395428745360332,0.694394916601832,"g__GGB27480","ZIGMM",1
"fixed","irAE.sample",-0.000126628837917173,0.000319832390190853,45,-0.395922495034384,0.694033221380782,"g__GGB30311","ZIGMM",1
"fixed","irAE.sample",-0.000125967691127241,0.000318164566510261,45,-0.395919924424326,0.694035104289001,"g__GGB28987","ZIGMM",1
"fixed","irAE.sample",-8.73861714344108e-05,0.000220800515689629,45,-0.395769779619747,0.69414508502733,"g__GGB28392","ZIGMM",1
"fixed","irAE.sample",-7.68260029273673e-05,0.000194138082530553,45,-0.395728658313479,0.694175207454977,"g__GGB28964","ZIGMM",1
"fixed","irAE.sample",-2.77782951820444e-05,7.022927350111e-05,45,-0.395537270958746,0.694315410245653,"g__GGB28981","ZIGMM",1
"fixed","irAE.sample",-0.0153936733023848,0.0389135064509991,45,-0.395586897874878,0.694279054495308,"s__GGB28833_SGB41490","ZIGMM",1
"fixed","irAE.sample",-0.00186417446176845,0.0047141931899401,45,-0.395438707464625,0.694387618173177,"s__GGB31232_SGB44532","ZIGMM",1
"fixed","irAE.sample",-0.000842109517671418,0.00212960723904459,45,-0.395429496215093,0.694394366510214,"s__GGB75959_SGB102469","ZIGMM",1
"fixed","irAE.sample",-0.000673159753278336,0.0017023528427561,45,-0.395429041718809,0.694394699483505,"s__GGB31841_SGB45219","ZIGMM",1
"fixed","irAE.sample",-0.000590264317514206,0.00149271928938207,45,-0.395428880508775,0.694394817589295,"s__GGB28875_SGB41555","ZIGMM",1
"fixed","irAE.sample",-0.000544606143294859,0.00137725458581025,45,-0.395428810988104,0.694394868521572,"s__GGB30454_SGB100837","ZIGMM",1
"fixed","irAE.sample",-0.000336447693019954,0.000850842780064883,45,-0.395428745360332,0.694394916601832,"s__GGB27480_SGB39776","ZIGMM",1
"fixed","irAE.sample",-0.000187894871686449,0.000475167516682657,45,-0.39542869638527,0.694394952481973,"s__GGB30461_SGB43530","ZIGMM",1
"fixed","irAE.sample",-0.000129273588118629,0.00032650389744314,45,-0.395932756487667,0.694025705139772,"s__Lachnospiraceae_unclassified_SGB41587","ZIGMM",1
"fixed","irAE.sample",-0.000126628837917173,0.000319832390190853,45,-0.395922495034384,0.694033221380782,"s__GGB30311_SGB43288","ZIGMM",1
"fixed","irAE.sample",-0.000125967691127241,0.000318164566510261,45,-0.395919924424326,0.694035104289001,"s__GGB28987_SGB41700","ZIGMM",1
"fixed","irAE.sample",-8.73861714344108e-05,0.000220800515689629,45,-0.395769779619747,0.69414508502733,"s__GGB28392_SGB40972","ZIGMM",1
"fixed","irAE.sample",-7.68260029273673e-05,0.000194138082530553,45,-0.395728658313479,0.694175207454977,"s__GGB28964_SGB94886","ZIGMM",1
"fixed","irAE.sample",-7.35268400934874e-05,0.000185807188236126,45,-0.395715799757157,0.694184626784807,"s__Lachnospiraceae_unclassified_SGB41414","ZIGMM",1
"fixed","irAE.sample",-2.77782951820444e-05,7.022927350111e-05,45,-0.395537270958746,0.694315410245653,"s__GGB28981_SGB41693","ZIGMM",1
"fixed","irAE.sample",-0.00520863187057669,0.0131713509430099,45,-0.39545160501102,0.694378169226849,"s__Oscillospiraceae_unclassified_SGB4281","ZIGMM",1
"fixed","irAE.sample",0.00154193561738613,0.00103422594642069,45,1.49090788402916,0.142962717225601,"g__GGB9561","ZIGMM",1
"fixed","irAE.sample",0.000122557609800436,4.7152803787707e-05,45,2.59915847957247,0.0125926869672013,"g__Enorma","ZIGMM",1
"fixed","irAE.sample",0.0428381670119769,0.0124456913041005,45,3.44200783751266,0.00125814177268816,"s__Akkermansia_sp_KLE1798","ZIGMM",1
"fixed","irAE.sample",0.00154193561738613,0.00103422594642069,45,1.49090788402916,0.142962717225601,"s__GGB9561_SGB14972","ZIGMM",1
"fixed","irAE.sample",0.000460480774189486,0.000435918589400748,45,1.0563458071896,0.296448519655009,"s__Flavonifractor_sp_An100","ZIGMM",1
"fixed","irAE.sample",0.000122557609800436,4.7152803787707e-05,45,2.59915847957247,0.0125926869672013,"s__Collinsella_massiliensis","ZIGMM",1
"fixed","irAE.sample",-0.332683544132743,0.25341867211549,45,-1.31278228772791,0.195912194072059,"g__GGB3001","ZIGMM",1
"fixed","irAE.sample",-0.00434201406696384,0.0175527906798343,45,-0.247368874053298,0.805747942552174,"s__Parabacteroides_johnsonii","ZIGMM",1
"fixed","irAE.sample",-0.332683544132743,0.25341867211549,45,-1.31278228772791,0.195912194072059,"s__GGB3001_SGB3992","ZIGMM",1
"fixed","irAE.sample",-0.00463744916138257,0.01103915029335,45,-0.420091133660547,0.676418031995698,"c__CFGB77241","ZIGMM",1
"fixed","irAE.sample",-0.00240426196124702,0.00395818138385958,45,-0.607415812486756,0.546628084290078,"c__CFGB1374","ZIGMM",1
"fixed","irAE.sample",-0.000312814149859352,0.000726326329412577,45,-0.430679898541394,0.668757038463473,"c__CFGB3022","ZIGMM",1
"fixed","irAE.sample",0.00126243710667362,0.00115341053085418,45,1.09452538615085,0.279548685535849,"c__CFGB3009","ZIGMM",1
"fixed","irAE.sample",-0.00463744916138257,0.01103915029335,45,-0.420091133660547,0.676418031995698,"o__OFGB77241","ZIGMM",1
"fixed","irAE.sample",-0.00240426196124702,0.00395818138385958,45,-0.607415812486756,0.546628084290078,"o__OFGB1374","ZIGMM",1
"fixed","irAE.sample",-0.000312814149859352,0.000726326329412577,45,-0.430679898541394,0.668757038463473,"o__OFGB3022","ZIGMM",1
"fixed","irAE.sample",0.00126243710667362,0.00115341053085418,45,1.09452538615085,0.279548685535849,"o__OFGB3009","ZIGMM",1
"fixed","irAE.sample",-0.00463744916138257,0.01103915029335,45,-0.420091133660547,0.676418031995698,"f__FGB77241","ZIGMM",1
"fixed","irAE.sample",-0.00240426196124702,0.00395818138385958,45,-0.607415812486756,0.546628084290078,"f__FGB1374","ZIGMM",1
"fixed","irAE.sample",-0.000312814149859352,0.000726326329412577,45,-0.430679898541394,0.668757038463473,"f__FGB3022","ZIGMM",1
"fixed","irAE.sample",0.00126243710667362,0.00115341053085418,45,1.09452538615085,0.279548685535849,"f__FGB3009","ZIGMM",1
"fixed","irAE.sample",-0.10957561310735,0.361332865342352,45,-0.303253934577833,0.763093953947846,"g__GGB3496","ZIGMM",1
"fixed","irAE.sample",-0.00231246233375863,0.00584770469757481,45,-0.395447864307796,0.694380909720096,"g__Paraeggerthella","ZIGMM",1
"fixed","irAE.sample",-0.00463744916138257,0.01103915029335,45,-0.420091133660547,0.676418031995698,"g__GGB45497","ZIGMM",1
"fixed","irAE.sample",-0.000796582041736396,0.00201447459934271,45,-0.395429181383725,0.694394597162119,"g__GGB9641","ZIGMM",1
"fixed","irAE.sample",-8.14031504898232e-05,0.00021621043278116,45,-0.376499641773606,0.708314931459571,"g__GGB9532","ZIGMM",1
"fixed","irAE.sample",-0.000609869495372321,0.00154229926379506,45,-0.395428766445525,0.694394901154384,"g__Massilicoli","ZIGMM",1
"fixed","irAE.sample",-5.3953069836572e-06,1.36434800694572e-05,45,-0.395449471556406,0.694379732226028,"g__GGB9529","ZIGMM",1
"fixed","irAE.sample",-0.00438338364793741,0.00891755228621866,45,-0.491545606602337,0.62542974194451,"g__Fumia","ZIGMM",1
"fixed","irAE.sample",-0.00157892364128464,0.00373114864584575,45,-0.423173609832622,0.674184234031262,"g__GGB3353","ZIGMM",1
"fixed","irAE.sample",-0.000176447365202804,0.000446218234763472,45,-0.395428405780713,0.694395165384889,"g__GGB9086","ZIGMM",1
"fixed","irAE.sample",-0.000312814149859352,0.000726326329412577,45,-0.430679898541394,0.668757038463473,"g__GGB9499","ZIGMM",1
"fixed","irAE.sample",-0.00190851613898772,0.00498992264857975,45,-0.382474092966338,0.703910299175229,"g__GGB9454","ZIGMM",1
"fixed","irAE.sample",-4.34247572541407e-06,1.098122524706e-05,45,-0.395445465120269,0.694382667401729,"g__Neobittarella","ZIGMM",1
"fixed","irAE.sample",0.000278630728646878,0.000107164460778123,45,2.6000292132647,0.0125650277335966,"g__GGB74700","ZIGMM",1
"fixed","irAE.sample",-0.000556973854784264,0.000938281479875289,45,-0.593610624029682,0.555744828597241,"g__GGB9474","ZIGMM",1
"fixed","irAE.sample",-0.000280526343246385,0.000700377377348155,45,-0.400535985768907,0.690657109448104,"g__GGB3583","ZIGMM",1
"fixed","irAE.sample",-0.10957561310735,0.361332865342352,45,-0.303253934577833,0.763093953947846,"s__GGB3496_SGB4671","ZIGMM",1
"fixed","irAE.sample",-0.00231246233375863,0.00584770469757481,45,-0.395447864307796,0.694380909720096,"s__Paraeggerthella_hongkongensis","ZIGMM",1
"fixed","irAE.sample",-0.0219289553741104,0.0392064743575694,45,-0.559319748419988,0.578716833265609,"s__Eubacteriaceae_bacterium_CHKCI004","ZIGMM",1
"fixed","irAE.sample",-0.000139950175553724,0.00074938534165894,45,-0.186753286692146,0.852693495757546,"s__GGB9469_SGB14863","ZIGMM",1
"fixed","irAE.sample",-0.00463744916138257,0.01103915029335,45,-0.420091133660547,0.676418031995698,"s__GGB45497_SGB63169","ZIGMM",1
"fixed","irAE.sample",-0.000933029141001504,0.00187152428492841,45,-0.498539692225898,0.620531873244469,"s__Gordonibacter_urolithinfaciens","ZIGMM",1
"fixed","irAE.sample",-0.000796582041736396,0.00201447459934271,45,-0.395429181383725,0.694394597162119,"s__GGB9641_SGB15117","ZIGMM",1
"fixed","irAE.sample",-8.14031504898232e-05,0.00021621043278116,45,-0.376499641773606,0.708314931459571,"s__GGB9532_SGB14933","ZIGMM",1
"fixed","irAE.sample",-0.000609869495372321,0.00154229926379506,45,-0.395428766445525,0.694394901154384,"s__Massilicoli_timonensis","ZIGMM",1
"fixed","irAE.sample",-5.3953069836572e-06,1.36434800694572e-05,45,-0.395449471556406,0.694379732226028,"s__GGB9529_SGB53518","ZIGMM",1
"fixed","irAE.sample",-0.00438338364793741,0.00891755228621866,45,-0.491545606602337,0.62542974194451,"s__Fumia_xinanensis","ZIGMM",1
"fixed","irAE.sample",-0.00129423266379617,0.00327296028969454,45,-0.395431826005123,0.69439265965925,"s__GGB9695_SGB15209","ZIGMM",1
"fixed","irAE.sample",-0.00157892364128464,0.00373114864584575,45,-0.423173609832622,0.674184234031262,"s__GGB3353_SGB4437","ZIGMM",1
"fixed","irAE.sample",-0.000176447365202804,0.000446218234763472,45,-0.395428405780713,0.694395165384889,"s__GGB9086_SGB14014","ZIGMM",1
"fixed","irAE.sample",-0.000312814149859352,0.000726326329412577,45,-0.430679898541394,0.668757038463473,"s__GGB9499_SGB72735","ZIGMM",1
"fixed","irAE.sample",-0.00190851613898772,0.00498992264857975,45,-0.382474092966338,0.703910299175229,"s__GGB9454_SGB14846","ZIGMM",1
"fixed","irAE.sample",-4.34247572541407e-06,1.098122524706e-05,45,-0.395445465120269,0.694382667401729,"s__Neobittarella_massiliensis","ZIGMM",1
"fixed","irAE.sample",0.000278630728646878,0.000107164460778123,45,2.6000292132647,0.0125650277335966,"s__GGB74700_SGB54319","ZIGMM",1
"fixed","irAE.sample",-0.000556973854784264,0.000938281479875289,45,-0.593610624029682,0.555744828597241,"s__GGB9474_SGB14868","ZIGMM",1
"fixed","irAE.sample",-0.000280526343246385,0.000700377377348155,45,-0.400535985768907,0.690657109448104,"s__GGB3583_SGB4799","ZIGMM",1
"fixed","irAE.sample",-0.00242842902994173,0.00319791400279991,45,-0.759379091437588,0.451585618833132,"c__CFGB2897","ZIGMM",1
"fixed","irAE.sample",-0.00148605722605716,0.00281793740725938,45,-0.527356364349643,0.600536666262601,"c__CFGB79253","ZIGMM",1
"fixed","irAE.sample",-0.000337970506245835,0.000640877562502348,45,-0.527355810252129,0.600537047830721,"c__CFGB3176","ZIGMM",1
"fixed","irAE.sample",-0.000334121966745317,0.000633579784029415,45,-0.527355788753835,0.600537062635092,"c__CFGB28372","ZIGMM",1
"fixed","irAE.sample",-0.000304383271708969,0.000577187860732566,45,-0.527355636555914,0.600537167443153,"c__CFGB79211","ZIGMM",1
"fixed","irAE.sample",-0.000277793406980251,0.0005267668485845,45,-0.527355523087156,0.600537245581155,"c__CFGB1311","ZIGMM",1
"fixed","irAE.sample",-0.00120877240978623,0.00239361509528842,45,-0.504998657539209,0.616024130990078,"c__CFGB2952","ZIGMM",1
"fixed","irAE.sample",-0.00185020744819835,0.00285695866716983,45,-0.647614356294207,0.520524905286979,"o__Selenomonadales","ZIGMM",1
"fixed","irAE.sample",-0.00242842902994173,0.00319791400279991,45,-0.759379091437588,0.451585618833132,"o__OFGB2897","ZIGMM",1
"fixed","irAE.sample",-0.00148605722605716,0.00281793740725938,45,-0.527356364349643,0.600536666262601,"o__OFGB79253","ZIGMM",1
"fixed","irAE.sample",-0.000337970506245835,0.000640877562502348,45,-0.527355810252129,0.600537047830721,"o__OFGB3176","ZIGMM",1
"fixed","irAE.sample",-0.000334121966745317,0.000633579784029415,45,-0.527355788753835,0.600537062635092,"o__OFGB28372","ZIGMM",1
"fixed","irAE.sample",-0.000304383271708969,0.000577187860732566,45,-0.527355636555914,0.600537167443153,"o__OFGB79211","ZIGMM",1
"fixed","irAE.sample",-0.000277793406980251,0.0005267668485845,45,-0.527355523087156,0.600537245581155,"o__OFGB1311","ZIGMM",1
"fixed","irAE.sample",-0.00120877240978623,0.00239361509528842,45,-0.504998657539209,0.616024130990078,"o__OFGB2952","ZIGMM",1
"fixed","irAE.sample",-0.00185020744819835,0.00285695866716983,45,-0.647614356294207,0.520524905286979,"f__Selenomonadaceae","ZIGMM",1
"fixed","irAE.sample",-0.00242842902994173,0.00319791400279991,45,-0.759379091437588,0.451585618833132,"f__FGB2897","ZIGMM",1
"fixed","irAE.sample",-0.00148605722605716,0.00281793740725938,45,-0.527356364349643,0.600536666262601,"f__FGB79253","ZIGMM",1
"fixed","irAE.sample",-0.000337970506245835,0.000640877562502348,45,-0.527355810252129,0.600537047830721,"f__FGB3176","ZIGMM",1
"fixed","irAE.sample",-0.000334121966745317,0.000633579784029415,45,-0.527355788753835,0.600537062635092,"f__FGB28372","ZIGMM",1
"fixed","irAE.sample",-0.000304383271708969,0.000577187860732566,45,-0.527355636555914,0.600537167443153,"f__FGB79211","ZIGMM",1
"fixed","irAE.sample",-0.000277793406980251,0.0005267668485845,45,-0.527355523087156,0.600537245581155,"f__FGB1311","ZIGMM",1
"fixed","irAE.sample",-0.00120877240978623,0.00239361509528842,45,-0.504998657539209,0.616024130990078,"f__FGB2952","ZIGMM",1
"fixed","irAE.sample",-0.00343660336197772,0.00651626499885989,45,-0.52738852127392,0.600514522236856,"g__Mitsuokella","ZIGMM",1
"fixed","irAE.sample",-0.00317308147986015,0.00601669461108919,45,-0.527379513996264,0.600520724824817,"g__GGB4558","ZIGMM",1
"fixed","irAE.sample",-0.00242842902994173,0.00319791400279991,45,-0.759379091437588,0.451585618833132,"g__GGB9209","ZIGMM",1
"fixed","irAE.sample",-0.00148605722605716,0.00281793740725938,45,-0.527356364349643,0.600536666262601,"g__GGB9058","ZIGMM",1
"fixed","irAE.sample",-0.000754282746907027,0.00127964915929505,45,-0.589444959525122,0.558510767693612,"g__GGB34797","ZIGMM",1
"fixed","irAE.sample",-0.000787209835352745,0.00149272792345536,45,-0.527363240804471,0.600531930939575,"g__GGB24836","ZIGMM",1
"fixed","irAE.sample",-0.00102667974915297,0.00135948820375575,45,-0.755195776113868,0.454066205700599,"g__GGB74220","ZIGMM",1
"fixed","irAE.sample",-0.00103956760993068,0.00192688564743438,45,-0.539506644473093,0.592197001177835,"g__GGB2652","ZIGMM",1
"fixed","irAE.sample",-0.000337970506245835,0.000640877562502348,45,-0.527355810252129,0.600537047830721,"g__GGB10708","ZIGMM",1
"fixed","irAE.sample",-0.000334121966745317,0.000633579784029415,45,-0.527355788753835,0.600537062635092,"g__GGB9083","ZIGMM",1
"fixed","irAE.sample",-0.000304383271708969,0.000577187860732566,45,-0.527355636555914,0.600537167443153,"g__GGB9267","ZIGMM",1
"fixed","irAE.sample",-0.000231436125777701,0.00043886179740578,45,-0.527355370519322,0.600537350643964,"g__GGB3142","ZIGMM",1
"fixed","irAE.sample",-4.65321103449442e-05,8.82367624492355e-05,45,-0.527355141477625,0.600537508368997,"g__GGB3140","ZIGMM",1
"fixed","irAE.sample",-0.000308026356684033,0.000758015750062709,45,-0.406358781672479,0.686405109067518,"g__GGB9293","ZIGMM",1
"fixed","irAE.sample",-0.00687889476623827,0.0130428290938591,45,-0.527408180904326,0.600500984333948,"s__Megasphaera_elsdenii","ZIGMM",1
"fixed","irAE.sample",-0.00343660336197772,0.00651626499885989,45,-0.52738852127392,0.600514522236856,"s__Mitsuokella_jalaludinii","ZIGMM",1
"fixed","irAE.sample",-0.00317308147986015,0.00601669461108919,45,-0.527379513996264,0.600520724824817,"s__GGB4558_SGB6291","ZIGMM",1
"fixed","irAE.sample",-0.00242842902994173,0.00319791400279991,45,-0.759379091437588,0.451585618833132,"s__GGB9209_SGB14148","ZIGMM",1
"fixed","irAE.sample",-0.00148605722605716,0.00281793740725938,45,-0.527356364349643,0.600536666262601,"s__GGB9058_SGB13975","ZIGMM",1
"fixed","irAE.sample",-0.00115403238535449,0.00218833810717001,45,-0.527355613638197,0.600537183224982,"s__GGB34797_SGB14322","ZIGMM",1
"fixed","irAE.sample",-0.000787209835352745,0.00149272792345536,45,-0.527363240804471,0.600531930939575,"s__GGB24836_SGB36733","ZIGMM",1
"fixed","irAE.sample",-0.00102667974915297,0.00135948820375575,45,-0.755195776113868,0.454066205700599,"s__GGB74220_SGB4052","ZIGMM",1
"fixed","irAE.sample",-0.00103956760993068,0.00192688564743438,45,-0.539506644473093,0.592197001177835,"s__GGB2652_SGB3573","ZIGMM",1
"fixed","irAE.sample",-0.000337970506245835,0.000640877562502348,45,-0.527355810252129,0.600537047830721,"s__GGB10708_SGB17364","ZIGMM",1
"fixed","irAE.sample",-0.000334121966745317,0.000633579784029415,45,-0.527355788753835,0.600537062635092,"s__GGB9083_SGB14011","ZIGMM",1
"fixed","irAE.sample",-0.000304383271708969,0.000577187860732566,45,-0.527355636555914,0.600537167443153,"s__GGB9267_SGB14218","ZIGMM",1
"fixed","irAE.sample",-0.000231436125777701,0.00043886179740578,45,-0.527355370519322,0.600537350643964,"s__GGB3142_SGB4155","ZIGMM",1
"fixed","irAE.sample",-0.000173708252113919,0.000329395133548504,45,-0.527355247306168,0.600537435492262,"s__GGB9708_SGB15235","ZIGMM",1
"fixed","irAE.sample",-4.65321103449442e-05,8.82367624492355e-05,45,-0.527355141477625,0.600537508368997,"s__GGB3140_SGB4153","ZIGMM",1
"fixed","irAE.sample",-0.000308026356684033,0.000758015750062709,45,-0.406358781672479,0.686405109067518,"s__GGB9293_SGB14250","ZIGMM",1
"fixed","irAE.sample",-0.00518622240815746,0.0131147320229239,45,-0.39545012426424,0.694379254042847,"c__CFGB2164","ZIGMM",1
"fixed","irAE.sample",-0.00518622240815746,0.0131147320229239,45,-0.39545012426424,0.694379254042847,"o__OFGB2164","ZIGMM",1
"fixed","irAE.sample",-0.00518622240815746,0.0131147320229239,45,-0.39545012426424,0.694379254042847,"f__FGB2164","ZIGMM",1
"fixed","irAE.sample",-9.78184969336488e-05,0.000247135007675995,45,-0.39580995769686,0.694115654021931,"g__GGB48168","ZIGMM",1
"fixed","irAE.sample",-0.000893749921210477,0.00228024351688737,45,-0.391953716605885,0.696942571918888,"g__GGB84235","ZIGMM",1
"fixed","irAE.sample",-0.00518622240815746,0.0131147320229239,45,-0.39545012426424,0.694379254042847,"g__GGB6132","ZIGMM",1
"fixed","irAE.sample",-0.00309719849038419,0.00705536811662156,45,-0.438984676517102,0.66277330771384,"g__GGB51959","ZIGMM",1
"fixed","irAE.sample",-0.000405252855717135,0.00197509524572598,45,-0.205181424335907,0.838355709170091,"g__GGB29535","ZIGMM",1
"fixed","irAE.sample",-0.00174511406027543,0.00264848050386208,45,-0.65891142401489,0.513310327651031,"g__Lacticaseibacillus","ZIGMM",1
"fixed","irAE.sample",-9.78184969336488e-05,0.000247135007675995,45,-0.39580995769686,0.694115654021931,"s__GGB48168_SGB66171","ZIGMM",1
"fixed","irAE.sample",-0.000893749921210477,0.00228024351688737,45,-0.391953716605885,0.696942571918888,"s__GGB84235_SGB119956","ZIGMM",1
"fixed","irAE.sample",-0.00518622240815746,0.0131147320229239,45,-0.39545012426424,0.694379254042847,"s__GGB6132_SGB8779","ZIGMM",1
"fixed","irAE.sample",-0.00309719849038419,0.00705536811662156,45,-0.438984676517102,0.66277330771384,"s__GGB51959_SGB72479","ZIGMM",1
"fixed","irAE.sample",-0.000405252855717135,0.00197509524572598,45,-0.205181424335907,0.838355709170091,"s__GGB29535_SGB36365","ZIGMM",1
"fixed","irAE.sample",-4.09339254329756e-05,0.00104024405350641,45,-0.0393503094730484,0.968785160419197,"s__Lacticaseibacillus_rhamnosus","ZIGMM",1
"fixed","irAE.sample",-0.000516061137229516,0.00238331453199492,45,-0.216530856629131,0.829552616399285,"c__CFGB9718","ZIGMM",1
"fixed","irAE.sample",-7.34786339622482e-06,0.000277164018384642,45,-0.0265108849231203,0.978967071895875,"c__CFGB9491","ZIGMM",1
"fixed","irAE.sample",-0.000516061137229516,0.00238331453199492,45,-0.216530856629131,0.829552616399285,"o__OFGB9718","ZIGMM",1
"fixed","irAE.sample",-7.34786339622482e-06,0.000277164018384642,45,-0.0265108849231203,0.978967071895875,"o__OFGB9491","ZIGMM",1
"fixed","irAE.sample",-0.000516061137229516,0.00238331453199492,45,-0.216530856629131,0.829552616399285,"f__FGB9718","ZIGMM",1
"fixed","irAE.sample",-7.34786339622482e-06,0.000277164018384642,45,-0.0265108849231203,0.978967071895875,"f__FGB9491","ZIGMM",1
"fixed","irAE.sample",-0.00183772166194908,0.00464730445152357,45,-0.395438190271051,0.694387997078387,"g__Mordavella","ZIGMM",1
"fixed","irAE.sample",-0.000516061137229516,0.00238331453199492,45,-0.216530856629131,0.829552616399285,"g__GGB3569","ZIGMM",1
"fixed","irAE.sample",-0.00123037261114666,0.00557149265838299,45,-0.220833569491545,0.826220961351571,"g__GGB3532","ZIGMM",1
"fixed","irAE.sample",-0.00158220348475292,0.00304297680018377,45,-0.519952529594497,0.60564524618482,"g__GGB3451","ZIGMM",1
"fixed","irAE.sample",-0.000653026912359148,0.00126142747591521,45,-0.51768882859108,0.607211185803306,"g__GGB3446","ZIGMM",1
"fixed","irAE.sample",-0.0004388160684815,0.00110972279947467,45,-0.39542854187481,0.694395065679533,"g__GGB3677","ZIGMM",1
"fixed","irAE.sample",-7.94021151772422e-05,0.00062012281105916,45,-0.128042564732661,0.898685806710405,"g__GGB33516","ZIGMM",1
"fixed","irAE.sample",-3.21254766878982e-05,8.12164255760119e-05,45,-0.395553934565015,0.694303202718368,"g__GGB3003","ZIGMM",1
"fixed","irAE.sample",-7.34786339622482e-06,0.000277164018384642,45,-0.0265108849231203,0.978967071895875,"g__GGB9491","ZIGMM",1
"fixed","irAE.sample",-6.31635242843283e-06,1.18416966010886e-05,45,-0.533399278938812,0.596382089568327,"g__Murimonas","ZIGMM",1
"fixed","irAE.sample",-0.00183772166194908,0.00464730445152357,45,-0.395438190271051,0.694387997078387,"s__Mordavella_massiliensis","ZIGMM",1
"fixed","irAE.sample",-0.000516061137229516,0.00238331453199492,45,-0.216530856629131,0.829552616399285,"s__GGB3569_SGB4776","ZIGMM",1
"fixed","irAE.sample",-0.00123037261114666,0.00557149265838299,45,-0.220833569491545,0.826220961351571,"s__GGB3532_SGB4720","ZIGMM",1
"fixed","irAE.sample",-0.00158220348475292,0.00304297680018377,45,-0.519952529594497,0.60564524618482,"s__GGB3451_SGB4605","ZIGMM",1
"fixed","irAE.sample",-0.000653026912359148,0.00126142747591521,45,-0.51768882859108,0.607211185803306,"s__GGB3446_SGB4597","ZIGMM",1
"fixed","irAE.sample",-0.0004388160684815,0.00110972279947467,45,-0.39542854187481,0.694395065679533,"s__GGB3677_SGB4990","ZIGMM",1
"fixed","irAE.sample",-7.94021151772422e-05,0.00062012281105916,45,-0.128042564732661,0.898685806710405,"s__GGB33516_SGB54324","ZIGMM",1
"fixed","irAE.sample",-0.00201053882213209,0.00707248843535223,45,-0.284276014094601,0.77750291506068,"s__GGB9453_SGB14844","ZIGMM",1
"fixed","irAE.sample",-5.70373423626517e-05,0.000144160690396135,45,-0.395651145994933,0.694231988604428,"s__GGB9695_SGB15210","ZIGMM",1
"fixed","irAE.sample",-3.21254766878982e-05,8.12164255760119e-05,45,-0.395553934565015,0.694303202718368,"s__GGB3003_SGB3994","ZIGMM",1
"fixed","irAE.sample",-7.34786339622482e-06,0.000277164018384642,45,-0.0265108849231203,0.978967071895875,"s__GGB9491_SGB14888","ZIGMM",1
"fixed","irAE.sample",-6.31635242843283e-06,1.18416966010886e-05,45,-0.533399278938812,0.596382089568327,"s__Murimonas_intestini","ZIGMM",1
"fixed","irAE.sample",-0.00173830670801751,0.00641067799507081,45,-0.271158013139032,0.787509522794906,"f__Bianqueaceae","ZIGMM",1
"fixed","irAE.sample",-4.97135866635514e-05,0.000884207229429549,45,-0.0562239088404925,0.955412337097179,"g__GGB9537","ZIGMM",1
"fixed","irAE.sample",-0.00759557433579896,0.0261375887674328,45,-0.290599657198027,0.772692622340788,"g__Peptacetobacter","ZIGMM",1
"fixed","irAE.sample",-0.000617628749929496,0.002338137069145,45,-0.264154209810867,0.792867133847552,"g__Massiliimalia","ZIGMM",1
"fixed","irAE.sample",-0.000464726904791175,0.00270392039963909,45,-0.171871518426802,0.864309147161468,"g__GGB74505","ZIGMM",1
"fixed","irAE.sample",-0.00173830670801751,0.00641067799507081,45,-0.271158013139032,0.787509522794906,"g__Bianquea","ZIGMM",1
"fixed","irAE.sample",-0.000175767143156335,0.000707819398998381,45,-0.248322020285201,0.805015014861587,"g__Anaerovorax","ZIGMM",1
"fixed","irAE.sample",-4.97135866635514e-05,0.000884207229429549,45,-0.0562239088404925,0.955412337097179,"s__GGB9537_SGB14940","ZIGMM",1
"fixed","irAE.sample",-0.00759557433579896,0.0261375887674328,45,-0.290599657198027,0.772692622340788,"s__Peptacetobacter_hiranonis","ZIGMM",1
"fixed","irAE.sample",-0.000617628749929496,0.002338137069145,45,-0.264154209810867,0.792867133847552,"s__Massiliimalia_timonensis","ZIGMM",1
"fixed","irAE.sample",-0.000464726904791175,0.00270392039963909,45,-0.171871518426802,0.864309147161468,"s__GGB74505_SGB47518","ZIGMM",1
"fixed","irAE.sample",-0.000247693095793052,0.00127627617965106,45,-0.194074840338063,0.846990738710613,"s__Bianquea_SGB71281","ZIGMM",1
"fixed","irAE.sample",-0.000390235044566071,0.000780896251948849,45,-0.499727132243468,0.619702040243115,"s__Clostridium_methylpentosum","ZIGMM",1
"fixed","irAE.sample",-0.000175767143156335,0.000707819398998381,45,-0.248322020285201,0.805015014861587,"s__Anaerovorax_odorimutans","ZIGMM",1
"fixed","irAE.sample",-0.00159742903153397,0.00303283128410601,45,-0.526712131962476,0.600980380426212,"s__Faecalicatena_contorta","ZIGMM",1
"fixed","irAE.sample",-0.00110210795741637,0.00213619706044083,45,-0.515920547699346,0.608435711549574,"o__Pseudomonadales","ZIGMM",1
"fixed","irAE.sample",-0.00110210795741637,0.00213619706044083,45,-0.515920547699346,0.608435711549574,"f__Pseudomonadaceae","ZIGMM",1
"fixed","irAE.sample",-0.00110210795741637,0.00213619706044083,45,-0.515920547699346,0.608435711549574,"g__Pseudomonas","ZIGMM",1
"fixed","irAE.sample",-0.00074085768570069,0.00224310225660533,45,-0.330282617976538,0.742719220442318,"g__Hydrogeniiclostridium","ZIGMM",1
"fixed","irAE.sample",-0.00569954967568521,0.0508032657013318,45,-0.112188647658841,0.911172788055894,"s__Streptococcus_lutetiensis","ZIGMM",1
"fixed","irAE.sample",-0.00541916680655381,0.0212971724922263,45,-0.254454754899125,0.800303472921939,"s__Dysosmobacter_SGB15077","ZIGMM",1
"fixed","irAE.sample",0.0166314003911091,0.0266673354270538,45,0.623661874153228,0.5359983606098,"s__Collinsella_tanakaei","ZIGMM",1
"fixed","irAE.sample",-0.000708160044994604,0.00149407290969196,45,-0.473979576499122,0.637806231006529,"s__GGB33512_SGB15203","ZIGMM",1
"fixed","irAE.sample",-0.00074085768570069,0.00224310225660533,45,-0.330282617976538,0.742719220442318,"s__Hydrogeniiclostridium_mannosilyticum","ZIGMM",1
"fixed","irAE.sample",-0.000329789895063375,0.00193063614526331,45,-0.170819289731259,0.865131622352552,"g__GGB3818","ZIGMM",1
"fixed","irAE.sample",-0.000426923218967257,0.00161435432623957,45,-0.264454470761521,0.792637237491055,"g__GGB9423","ZIGMM",1
"fixed","irAE.sample",-0.000329789895063375,0.00193063614526331,45,-0.170819289731259,0.865131622352552,"s__GGB3818_SGB5183","ZIGMM",1
"fixed","irAE.sample",-0.000426923218967257,0.00161435432623957,45,-0.264454470761521,0.792637237491055,"s__GGB9423_SGB14792","ZIGMM",1
"fixed","irAE.sample",-0.00101408167922712,0.00180587240899171,45,-0.561546692987751,0.577211056317083,"g__GGB3034","ZIGMM",1
"fixed","irAE.sample",-1.73598933863015e-05,0.00029165004394021,45,-0.0595230268158657,0.952799082493404,"g__Oxalobacter","ZIGMM",1
"fixed","irAE.sample",-0.00101408167922712,0.00180587240899171,45,-0.561546692987751,0.577211056317083,"s__GGB3034_SGB4030","ZIGMM",1
"fixed","irAE.sample",-1.36999939650923e-05,0.000262553260172601,45,-0.0521798661196819,0.958616324839726,"s__Oxalobacter_formigenes","ZIGMM",1
"fixed","irAE.sample",0.000185543605962649,0.00166859027062567,45,0.111197823233786,0.911953975741652,"g__GGB9787","ZIGMM",1
"fixed","irAE.sample",-0.0157982695809243,0.0436930511092964,45,-0.361573961530074,0.719362678618521,"s__Klebsiella_variicola","ZIGMM",1
"fixed","irAE.sample",0.000185543605962649,0.00166859027062567,45,0.111197823233786,0.911953975741652,"s__GGB9787_SGB15410","ZIGMM",1
"fixed","irAE.sample",-8.81731282338945e-06,2.22961845415218e-05,45,-0.39546285630033,0.694369926394573,"s__Collinsella_bouchesdurhonensis","ZIGMM",1
"fixed","irAE.sample",-0.000870461167597535,0.00171252836807885,45,-0.508290072049457,0.613732767510464,"c__CFGB79244","ZIGMM",1
"fixed","irAE.sample",0.00264993716861761,0.00364339043071772,45,0.727327257127256,0.470792779811089,"c__CFGB36753","ZIGMM",1
"fixed","irAE.sample",-0.000773030699437207,0.00087041633012733,45,-0.888116034454596,0.379200968977467,"c__CFGB13532","ZIGMM",1
"fixed","irAE.sample",-0.000284210601553017,0.000718740830154604,45,-0.395428490533761,0.694395103293049,"c__CFGB1677","ZIGMM",1
"fixed","irAE.sample",-0.000870461167597535,0.00171252836807885,45,-0.508290072049457,0.613732767510464,"o__OFGB79244","ZIGMM",1
"fixed","irAE.sample",0.00264993716861761,0.00364339043071772,45,0.727327257127256,0.470792779811089,"o__OFGB36753","ZIGMM",1
"fixed","irAE.sample",-0.000773030699437207,0.00087041633012733,45,-0.888116034454596,0.379200968977467,"o__OFGB13532","ZIGMM",1
"fixed","irAE.sample",-0.000284210601553017,0.000718740830154604,45,-0.395428490533761,0.694395103293049,"o__OFGB1677","ZIGMM",1
"fixed","irAE.sample",-0.000870461167597535,0.00171252836807885,45,-0.508290072049457,0.613732767510464,"f__FGB79244","ZIGMM",1
"fixed","irAE.sample",0.00264993716861761,0.00364339043071772,45,0.727327257127256,0.470792779811089,"f__FGB36753","ZIGMM",1
"fixed","irAE.sample",-0.000773030699437207,0.00087041633012733,45,-0.888116034454596,0.379200968977467,"f__FGB13532","ZIGMM",1
"fixed","irAE.sample",-0.000284210601553017,0.000718740830154604,45,-0.395428490533761,0.694395103293049,"f__FGB1677","ZIGMM",1
"fixed","irAE.sample",-0.000870461167597535,0.00171252836807885,45,-0.508290072049457,0.613732767510464,"g__GGB3325","ZIGMM",1
"fixed","irAE.sample",-0.00047763203015247,0.00120788430225499,45,-0.395428626119889,0.694395003959845,"g__GGB9060","ZIGMM",1
"fixed","irAE.sample",0.00264993716861761,0.00364339043071772,45,0.727327257127256,0.470792779811089,"g__GGB2658","ZIGMM",1
"fixed","irAE.sample",-0.000773030699437207,0.00087041633012733,45,-0.888116034454596,0.379200968977467,"g__GGB13532","ZIGMM",1
"fixed","irAE.sample",-0.000284210601553017,0.000718740830154604,45,-0.395428490533761,0.694395103293049,"g__GGB4716","ZIGMM",1
"fixed","irAE.sample",-1.60576880556262e-05,4.06018785267555e-05,45,-0.395491258983118,0.694349118407687,"g__GGB9696","ZIGMM",1
"fixed","irAE.sample",-0.0103836568789526,0.0126795253342067,45,-0.818931040812674,0.417141745287891,"s__Clostridium_SGB6179","ZIGMM",1
"fixed","irAE.sample",-0.000870461167597535,0.00171252836807885,45,-0.508290072049457,0.613732767510464,"s__GGB3325_SGB4402","ZIGMM",1
"fixed","irAE.sample",-0.00047763203015247,0.00120788430225499,45,-0.395428626119889,0.694395003959845,"s__GGB9060_SGB13977","ZIGMM",1
"fixed","irAE.sample",0.00264993716861761,0.00364339043071772,45,0.727327257127256,0.470792779811089,"s__GGB2658_SGB3579","ZIGMM",1
"fixed","irAE.sample",-0.000773030699437207,0.00087041633012733,45,-0.888116034454596,0.379200968977467,"s__GGB13532_SGB14832","ZIGMM",1
"fixed","irAE.sample",-0.000284210601553017,0.000718740830154604,45,-0.395428490533761,0.694395103293049,"s__GGB4716_SGB6531","ZIGMM",1
"fixed","irAE.sample",0.00618524591987618,0.00311668354109129,45,1.98456013847028,0.0533109438021728,"s__Collinsella_SGB63083","ZIGMM",1
"fixed","irAE.sample",-0.000392175121400028,0.000712994139275951,45,-0.550039754602027,0.585012072998911,"s__GGB3033_SGB4028","ZIGMM",1
"fixed","irAE.sample",-1.60576880556262e-05,4.06018785267555e-05,45,-0.395491258983118,0.694349118407687,"s__GGB9696_SGB15212","ZIGMM",1
"fixed","irAE.sample",-5.22502788510303e-05,0.00109771798892535,45,-0.0475990002698076,0.962246455311313,"g__GGB4605","ZIGMM",1
"fixed","irAE.sample",-5.10906468424714e-05,0.00109726759387882,45,-0.0465617021112114,0.963068582661288,"s__GGB4605_SGB6376","ZIGMM",1
"fixed","irAE.sample",7.21471580403041e-05,0.000668181834610013,45,0.107975335908994,0.91449525959817,"s__Eubacterium_sp_AF34_35BH","ZIGMM",1
"fixed","irAE.sample",-0.00014514799147686,0.00514161306322443,45,-0.0282300495373789,0.977603498140405,"g__Faecalitalea","ZIGMM",1
"fixed","irAE.sample",-1.35771298228006e-05,5.76571154002964e-05,45,-0.235480560006142,0.814904154252094,"g__Luoshenia","ZIGMM",1
"fixed","irAE.sample",-0.00014514799147686,0.00514161306322443,45,-0.0282300495373789,0.977603498140405,"s__Faecalitalea_cylindroides","ZIGMM",1
"fixed","irAE.sample",-6.75893446207432e-05,0.000170812917733864,45,-0.395692231696733,0.69420189131738,"s__Eubacterium_hominis","ZIGMM",1
"fixed","irAE.sample",-1.98839528392836e-05,0.00093142423135586,45,-0.0213479016004757,0.983062512558259,"s__GGB9580_SGB14998","ZIGMM",1
"fixed","irAE.sample",-1.35771298228006e-05,5.76571154002964e-05,45,-0.235480560006142,0.814904154252094,"s__Luoshenia_tenuis","ZIGMM",1
"fixed","irAE.sample",-0.000173684207009428,0.000439230476734745,45,-0.395428405379796,0.694395165678609,"g__GGB3152","ZIGMM",1
"fixed","irAE.sample",-0.000173684207009428,0.000439230476734745,45,-0.395428405379796,0.694395165678609,"s__GGB3152_SGB4165","ZIGMM",1
"fixed","irAE.sample",-6.44232943872922e-05,0.000162816678654479,45,-0.395679944583612,0.694210892176756,"s__Eubacteriales_unclassified_SGB15148","ZIGMM",1
"fixed","irAE.sample",-0.00652837697879673,0.0105143962504049,45,-0.620898891702442,0.53779854975103,"s__Turicibacter_bilis","ZIGMM",1
"fixed","irAE.sample",-0.00566373128075289,0.0159150185485946,45,-0.3558733697645,0.723598363630006,"g__GGB9613","ZIGMM",1
"fixed","irAE.sample",-0.00566373128075289,0.0159150185485946,45,-0.3558733697645,0.723598363630006,"s__GGB9613_SGB15048","ZIGMM",1
"fixed","irAE.sample",-0.000586101076653061,0.0104206204228139,45,-0.0562443552180357,0.955396139821505,"g__GGB3277","ZIGMM",1
"fixed","irAE.sample",-0.000586101076653061,0.0104206204228139,45,-0.0562443552180357,0.955396139821505,"s__GGB3277_SGB4327","ZIGMM",1
"fixed","irAE.sample",-0.000350321734920433,0.00083437529932888,45,-0.419861104711765,0.676584846956318,"s__Lachnospiraceae_bacterium_OF09_6","ZIGMM",1
"fixed","irAE.sample",0.00348568605546571,0.00950429613265681,45,0.366748468988553,0.715525581088635,"c__CFGB79093","ZIGMM",1
"fixed","irAE.sample",-5.1191577254978e-05,0.000495832630094949,45,-0.103243663582962,0.918228331276082,"c__CFGB77220","ZIGMM",1
"fixed","irAE.sample",-5.01808766360379e-05,0.000126839661217753,45,-0.395624492798742,0.694251513641413,"c__CFGB1262","ZIGMM",1
"fixed","irAE.sample",0.00348568605546571,0.00950429613265681,45,0.366748468988553,0.715525581088635,"o__OFGB79093","ZIGMM",1
"fixed","irAE.sample",-5.1191577254978e-05,0.000495832630094949,45,-0.103243663582962,0.918228331276082,"o__OFGB77220","ZIGMM",1
"fixed","irAE.sample",-5.01808766360379e-05,0.000126839661217753,45,-0.395624492798742,0.694251513641413,"o__OFGB1262","ZIGMM",1
"fixed","irAE.sample",0.00348568605546571,0.00950429613265681,45,0.366748468988553,0.715525581088635,"f__FGB79093","ZIGMM",1
"fixed","irAE.sample",-5.1191577254978e-05,0.000495832630094949,45,-0.103243663582962,0.918228331276082,"f__FGB77220","ZIGMM",1
"fixed","irAE.sample",-5.01808766360379e-05,0.000126839661217753,45,-0.395624492798742,0.694251513641413,"f__FGB1262","ZIGMM",1
"fixed","irAE.sample",0.00348568605546571,0.00950429613265681,45,0.366748468988553,0.715525581088635,"g__GGB4751","ZIGMM",1
"fixed","irAE.sample",0.00868728988350635,0.00631865279352553,45,1.37486425783798,0.175980982020806,"g__GGB4769","ZIGMM",1
"fixed","irAE.sample",-0.00546312050924708,0.0177219929333308,45,-0.308267841534474,0.759301042325567,"g__GGB4456","ZIGMM",1
"fixed","irAE.sample",-5.1191577254978e-05,0.000495832630094949,45,-0.103243663582962,0.918228331276082,"g__GGB4773","ZIGMM",1
"fixed","irAE.sample",-5.01808766360379e-05,0.000126839661217753,45,-0.395624492798742,0.694251513641413,"g__GGB3061","ZIGMM",1
"fixed","irAE.sample",0.00348568605546571,0.00950429613265681,45,0.366748468988553,0.715525581088635,"s__GGB4751_SGB6580","ZIGMM",1
"fixed","irAE.sample",0.00868728988350635,0.00631865279352553,45,1.37486425783798,0.175980982020806,"s__GGB4769_SGB6602","ZIGMM",1
"fixed","irAE.sample",-0.00546312050924708,0.0177219929333308,45,-0.308267841534474,0.759301042325567,"s__GGB4456_SGB6141","ZIGMM",1
"fixed","irAE.sample",-5.1191577254978e-05,0.000495832630094949,45,-0.103243663582962,0.918228331276082,"s__GGB4773_SGB6607","ZIGMM",1
"fixed","irAE.sample",-5.01808766360379e-05,0.000126839661217753,45,-0.395624492798742,0.694251513641413,"s__GGB3061_SGB4063","ZIGMM",1
"fixed","irAE.sample",0.00606509844728452,0.0023301859077588,45,2.60283886667138,0.0124761564961128,"g__GGB9445","ZIGMM",1
"fixed","irAE.sample",0.000180503627134606,0.00306856828692809,45,0.0588234024002466,0.953353217083519,"s__Clostridiaceae_unclassified_SGB4771","ZIGMM",1
"fixed","irAE.sample",0.00606509844728452,0.0023301859077588,45,2.60283886667138,0.0124761564961128,"s__GGB9445_SGB14835","ZIGMM",1
"fixed","irAE.sample",-8.88906543355619e-06,0.000143826108871653,45,-0.0618042544798913,0.95099241095428,"s__Oscillospiraceae_bacterium_Marseille_Q3528","ZIGMM",1
"fixed","irAE.sample",-0.00363398842076262,0.0107797766756161,45,-0.337111661040504,0.737600049475917,"c__CFGB11739","ZIGMM",1
"fixed","irAE.sample",-0.00363398842076262,0.0107797766756161,45,-0.337111661040504,0.737600049475917,"o__OFGB11739","ZIGMM",1
"fixed","irAE.sample",-0.00363398842076262,0.0107797766756161,45,-0.337111661040504,0.737600049475917,"f__FGB11739","ZIGMM",1
"fixed","irAE.sample",-0.00363398842076262,0.0107797766756161,45,-0.337111661040504,0.737600049475917,"g__GGB34231","ZIGMM",1
"fixed","irAE.sample",-0.000788555601698486,0.00199417667121164,45,-0.395429157848571,0.694394614404456,"s__Pseudomonas_fragi","ZIGMM",1
"fixed","irAE.sample",-0.00363398842076262,0.0107797766756161,45,-0.337111661040504,0.737600049475917,"s__GGB34231_SGB47113","ZIGMM",1
"fixed","irAE.sample",-2.84832186186325e-05,0.00010415182550283,45,-0.273477862544603,0.785737211857484,"g__Diplocloster","ZIGMM",1
"fixed","irAE.sample",-1.02652221126498e-05,2.59571172335222e-05,45,-0.395468495992799,0.694365794700891,"s__Diplocloster_agilis","ZIGMM",1
"fixed","irAE.sample",-0.000152294249324462,0.000384560349091083,45,-0.396021715926806,0.693960546025709,"g__GGB32387","ZIGMM",1
"fixed","irAE.sample",-0.000587407676759983,0.00310348306042687,45,-0.189273685508433,0.850729442694045,"g__GGB9361","ZIGMM",1
"fixed","irAE.sample",-0.00895425916166356,0.019450563321039,45,-0.460359888496291,0.647474843174324,"s__GGB9545_SGB14951","ZIGMM",1
"fixed","irAE.sample",-0.000152294249324462,0.000384560349091083,45,-0.396021715926806,0.693960546025709,"s__GGB32387_SGB47381","ZIGMM",1
"fixed","irAE.sample",-0.000587407676759983,0.00310348306042687,45,-0.189273685508433,0.850729442694045,"s__GGB9361_SGB14336","ZIGMM",1
"fixed","irAE.sample",-0.00934536939102355,0.0236310451679783,45,-0.395469998241431,0.694364694140482,"g__Caproicibacterium","ZIGMM",1
"fixed","irAE.sample",-0.0035619934837544,0.00632748092159262,45,-0.562940217109,0.576269778584162,"g__Leuconostoc","ZIGMM",1
"fixed","irAE.sample",-0.000939348120390998,0.00237551240884186,45,-0.395429683673579,0.694394229174303,"g__Candidatus_Galacturonibacter","ZIGMM",1
"fixed","irAE.sample",-0.000748160294733509,0.00189202159389283,45,-0.395429046448763,0.694394696018244,"g__Terrisporobacter","ZIGMM",1
"fixed","irAE.sample",-7.16794167186171e-05,0.000181142119407886,45,-0.395708170760734,0.69419021530723,"g__Luxibacter","ZIGMM",1
"fixed","irAE.sample",-0.00142802236491963,0.015869054026188,45,-0.0899878696337558,0.928696199021629,"s__Oscillibacter_ruminantium","ZIGMM",1
"fixed","irAE.sample",-0.00934536939102355,0.0236310451679783,45,-0.395469998241431,0.694364694140482,"s__Caproicibacterium_amylolyticum","ZIGMM",1
"fixed","irAE.sample",-0.00665773282317188,0.0168342801225102,45,-0.395486636477517,0.694352504868603,"s__GGB9480_SGB14876","ZIGMM",1
"fixed","irAE.sample",-0.00103905723404822,0.00531952673605878,45,-0.195328886497534,0.846014783636639,"s__Lachnoclostridium_phytofermentans","ZIGMM",1
"fixed","irAE.sample",-0.00273542768168997,0.00691708512181259,45,-0.395459595121068,0.694372315570575,"s__Clostridium_sporosphaeroides","ZIGMM",1
"fixed","irAE.sample",-0.00213897667864446,0.00540905880511546,45,-0.395443413671447,0.694384170325991,"s__Lachnospiraceae_bacterium_MD329","ZIGMM",1
"fixed","irAE.sample",-0.00175138835009817,0.00442899834492794,45,-0.395436668452101,0.694389111990472,"s__Leuconostoc_lactis","ZIGMM",1
"fixed","irAE.sample",-0.000939348120390998,0.00237551240884186,45,-0.395429683673579,0.694394229174303,"s__Candidatus_Galacturonibacter_soehngenii","ZIGMM",1
"fixed","irAE.sample",-0.00101066381182216,0.00234576269777796,45,-0.430846569765784,0.668636733307909,"s__Lacticaseibacillus_paracasei","ZIGMM",1
"fixed","irAE.sample",-0.000748160294733509,0.00189202159389283,45,-0.395429046448763,0.694394696018244,"s__Terrisporobacter_mayombei","ZIGMM",1
"fixed","irAE.sample",-0.00261364198591001,0.00444998956379318,45,-0.58733665516333,0.559913281290744,"s__Streptococcus_anginosus","ZIGMM",1
"fixed","irAE.sample",-0.000224868406906246,0.000568670378640664,45,-0.395428380573937,0.694395183851896,"s__Clostridium_cuniculi","ZIGMM",1
"fixed","irAE.sample",-7.16794167186171e-05,0.000181142119407886,45,-0.395708170760734,0.69419021530723,"s__Luxibacter_massiliensis","ZIGMM",1
"fixed","irAE.sample",0.00228513764055545,0.000877945047285634,45,2.60282536773853,0.0124765820978701,"c__CFGB9583","ZIGMM",1
"fixed","irAE.sample",0.00228513764055545,0.000877945047285634,45,2.60282536773853,0.0124765820978701,"o__OFGB9583","ZIGMM",1
"fixed","irAE.sample",0.00228513764055545,0.000877945047285634,45,2.60282536773853,0.0124765820978701,"f__FGB9583","ZIGMM",1
"fixed","irAE.sample",0.0190800321298903,0.00894046452446875,45,2.13412089245151,0.0383167940318297,"g__GGB6572","ZIGMM",1
"fixed","irAE.sample",0.00228513764055545,0.000877945047285634,45,2.60282536773853,0.0124765820978701,"g__GGB3490","ZIGMM",1
"fixed","irAE.sample",0.0190800321298903,0.00894046452446875,45,2.13412089245151,0.0383167940318297,"s__GGB6572_SGB9284","ZIGMM",1
"fixed","irAE.sample",0.00228513764055545,0.000877945047285634,45,2.60282536773853,0.0124765820978701,"s__GGB3490_SGB4664","ZIGMM",1
"fixed","irAE.sample",0.000167187155019731,0.0010580250503654,45,0.158018144241472,0.875149471850823,"c__CFGB75783","ZIGMM",1
"fixed","irAE.sample",-9.26678019318061e-05,0.000234133774061562,45,-0.395789980763051,0.694130287346737,"c__CFGB77508","ZIGMM",1
"fixed","irAE.sample",0.000167187155019731,0.0010580250503654,45,0.158018144241472,0.875149471850823,"o__OFGB75783","ZIGMM",1
"fixed","irAE.sample",-9.26678019318061e-05,0.000234133774061562,45,-0.395789980763051,0.694130287346737,"o__OFGB77508","ZIGMM",1
"fixed","irAE.sample",0.000167187155019731,0.0010580250503654,45,0.158018144241472,0.875149471850823,"f__FGB75783","ZIGMM",1
"fixed","irAE.sample",-9.26678019318061e-05,0.000234133774061562,45,-0.395789980763051,0.694130287346737,"f__FGB77508","ZIGMM",1
"fixed","irAE.sample",0.000167187155019731,0.0010580250503654,45,0.158018144241472,0.875149471850823,"g__GGB79420","ZIGMM",1
"fixed","irAE.sample",-9.26678019318061e-05,0.000234133774061562,45,-0.395789980763051,0.694130287346737,"g__GGB3257","ZIGMM",1
"fixed","irAE.sample",0.000167187155019731,0.0010580250503654,45,0.158018144241472,0.875149471850823,"s__GGB79420_SGB105987","ZIGMM",1
"fixed","irAE.sample",-9.26678019318061e-05,0.000234133774061562,45,-0.395789980763051,0.694130287346737,"s__GGB3257_SGB4304","ZIGMM",1
"fixed","irAE.sample",-7.64895585887959e-06,0.00286441549635599,45,-0.00267033741041072,0.997881184578053,"s__GGB9715_SGB15266","ZIGMM",1
"fixed","irAE.sample",-0.000233124551698132,0.000852963533169592,45,-0.273311276077474,0.785864441917752,"g__GGB3534","ZIGMM",1
"fixed","irAE.sample",-3.85817879903059e-05,9.75323907858625e-05,45,-0.395579229417377,0.694284672216322,"g__GGB45656","ZIGMM",1
"fixed","irAE.sample",-0.000233124551698132,0.000852963533169592,45,-0.273311276077474,0.785864441917752,"s__GGB3534_SGB4722","ZIGMM",1
"fixed","irAE.sample",-3.85817879903059e-05,9.75323907858625e-05,45,-0.395579229417377,0.694284672216322,"s__GGB45656_SGB63370","ZIGMM",1
"fixed","irAE.sample",-2.35635149710499e-05,5.95759509892119e-05,45,-0.395520584729177,0.694327634428585,"s__Oscillibacter_sp_PC13","ZIGMM",1
"fixed","irAE.sample",-0.000169078943402533,0.000427584213413993,45,-0.395428404740539,0.694395166146943,"c__CFGB3071","ZIGMM",1
"fixed","irAE.sample",-0.000169078943402533,0.000427584213413993,45,-0.395428404740539,0.694395166146943,"o__OFGB3071","ZIGMM",1
"fixed","irAE.sample",-0.000169078943402533,0.000427584213413993,45,-0.395428404740539,0.694395166146943,"f__FGB3071","ZIGMM",1
"fixed","irAE.sample",-0.010541848230402,0.0190896293613288,45,-0.552229067985853,0.583523953201358,"g__Bariatricus","ZIGMM",1
"fixed","irAE.sample",0.000637939772568536,0.00166050473302721,45,0.3841842542692,0.702651371654627,"g__Lactonifactor","ZIGMM",1
"fixed","irAE.sample",-0.000165493037106509,0.00105900288666706,45,-0.156272508026259,0.876517204345244,"g__GGB9769","ZIGMM",1
"fixed","irAE.sample",-0.000169078943402533,0.000427584213413993,45,-0.395428404740539,0.694395166146943,"g__GGB34197","ZIGMM",1
"fixed","irAE.sample",-4.84670328061615e-05,0.00012250976335951,45,-0.39561771631158,0.694256477851064,"g__GGB3538","ZIGMM",1
"fixed","irAE.sample",-0.286690849087819,0.758341797828682,45,-0.378049647149458,0.70717122178216,"s__GGB4567_SGB6307","ZIGMM",1
"fixed","irAE.sample",-0.0203605150368848,0.0728308454275278,45,-0.279558954964281,0.78109686635321,"s__Eubacterium_coprostanoligenes","ZIGMM",1
"fixed","irAE.sample",-0.014025172588757,0.0410749952728245,45,-0.341452810781848,0.73435207372797,"s__Desulfovibrio_sp_86","ZIGMM",1
"fixed","irAE.sample",-0.010541848230402,0.0190896293613288,45,-0.552229067985853,0.583523953201358,"s__Bariatricus_massiliensis","ZIGMM",1
"fixed","irAE.sample",0.000637939772568536,0.00166050473302721,45,0.3841842542692,0.702651371654627,"s__Lactonifactor_longoviformis","ZIGMM",1
"fixed","irAE.sample",-0.00118957468259673,0.00215291346573122,45,-0.552541800463262,0.583311531625802,"s__Actinomyces_sp_ICM47","ZIGMM",1
"fixed","irAE.sample",-0.00263899665757441,0.0120869315510471,45,-0.218334706904647,0.828155478597569,"s__Clostridium_sp_NSJ_42","ZIGMM",1
"fixed","irAE.sample",-0.000165493037106509,0.00105900288666706,45,-0.156272508026259,0.876517204345244,"s__GGB9769_SGB15388","ZIGMM",1
"fixed","irAE.sample",-0.00034460535339519,0.000871473317759448,45,-0.395428461632271,0.69439512446688,"s__Clostridium_thermobutyricum","ZIGMM",1
"fixed","irAE.sample",-0.000290526354195675,0.000734712852970804,45,-0.395428435777236,0.694395143408814,"s__Ruminococcus_gauvreauii","ZIGMM",1
"fixed","irAE.sample",-0.000169078943402533,0.000427584213413993,45,-0.395428404740539,0.694395166146943,"s__GGB34197_SGB53486","ZIGMM",1
"fixed","irAE.sample",-6.62701151398106e-05,0.000167481092482956,45,-0.395687143887928,0.694205618359257,"s__Christensenella_hongkongensis","ZIGMM",1
"fixed","irAE.sample",-4.84670328061615e-05,0.00012250976335951,45,-0.39561771631158,0.694256477851064,"s__GGB3538_SGB4728","ZIGMM",1
"fixed","irAE.sample",-0.0043027789357768,0.00208944105096796,45,-2.05929664001934,0.0452801299727085,"c__CFGB2964","ZIGMM",1
"fixed","irAE.sample",-0.0043027789357768,0.00208944105096796,45,-2.05929664001934,0.0452801299727085,"o__OFGB2964","ZIGMM",1
"fixed","irAE.sample",-0.0043027789357768,0.00208944105096796,45,-2.05929664001934,0.0452801299727085,"f__FGB2964","ZIGMM",1
"fixed","irAE.sample",-0.111290592591689,0.0643620269655231,45,-1.72913436444916,0.090640682422082,"g__GGB4386","ZIGMM",1
"fixed","irAE.sample",0.0263924543762331,0.0119381127662356,45,2.21077274884508,0.0321768090968253,"g__GGB4249","ZIGMM",1
"fixed","irAE.sample",-0.0043027789357768,0.00208944105096796,45,-2.05929664001934,0.0452801299727085,"g__GGB9309","ZIGMM",1
"fixed","irAE.sample",-0.111290592591689,0.0643620269655231,45,-1.72913436444916,0.090640682422082,"s__GGB4386_SGB6036","ZIGMM",1
"fixed","irAE.sample",0.0727813117327505,0.0278442263124894,45,2.61387444980308,0.0121326326327587,"s__Blautia_faecicola","ZIGMM",1
"fixed","irAE.sample",0.0263924543762331,0.0119381127662356,45,2.21077274884508,0.0321768090968253,"s__GGB4249_SGB5749","ZIGMM",1
"fixed","irAE.sample",-0.0043027789357768,0.00208944105096796,45,-2.05929664001934,0.0452801299727085,"s__GGB9309_SGB14270","ZIGMM",1
"fixed","irAE.sample",-0.00102590641726311,0.00140410558804914,45,-0.73064762792412,0.468781633106197,"c__CFGB2959","ZIGMM",1
"fixed","irAE.sample",-0.00102590641726311,0.00140410558804914,45,-0.73064762792412,0.468781633106197,"o__OFGB2959","ZIGMM",1
"fixed","irAE.sample",-0.00102590641726311,0.00140410558804914,45,-0.73064762792412,0.468781633106197,"f__FGB2959","ZIGMM",1
"fixed","irAE.sample",-0.0113364101867081,0.0286603341363667,45,-0.39554354575104,0.694310813410056,"g__Citrobacter","ZIGMM",1
"fixed","irAE.sample",-0.0103645009122753,0.00609802352434522,45,-1.69964921763535,0.0961004307368342,"g__GGB9359","ZIGMM",1
"fixed","irAE.sample",-0.00102590641726311,0.00140410558804914,45,-0.73064762792412,0.468781633106197,"g__GGB9301","ZIGMM",1
"fixed","irAE.sample",-0.000146894004480332,8.57327528608091e-05,45,-1.71339423474271,0.0935223121451105,"g__Ligaoa","ZIGMM",1
"fixed","irAE.sample",-0.00590072504159202,0.014920929659167,45,-0.395466313184231,0.694367393846614,"s__Citrobacter_braakii","ZIGMM",1
"fixed","irAE.sample",-0.00555701484620953,0.0140520890096698,45,-0.395458272601713,0.694373284463778,"s__Enterobacter_kobei","ZIGMM",1
"fixed","irAE.sample",-0.00543100419933551,0.0137335346477616,45,-0.39545567391281,0.694375188295277,"s__Citrobacter_portucalensis","ZIGMM",1
"fixed","irAE.sample",-0.00376508675314161,0.00891168489214575,45,-0.422488766008765,0.674680268678607,"s__Klebsiella_michiganensis","ZIGMM",1
"fixed","irAE.sample",-0.0103645009122753,0.00609802352434522,45,-1.69964921763535,0.0961004307368342,"s__GGB9359_SGB14334","ZIGMM",1
"fixed","irAE.sample",-0.000605133119822568,0.00153032020532435,45,-0.395429085832603,0.694394667164833,"s__Alistipes_provencensis","ZIGMM",1
"fixed","irAE.sample",-0.00102590641726311,0.00140410558804914,45,-0.73064762792412,0.468781633106197,"s__GGB9301_SGB14262","ZIGMM",1
"fixed","irAE.sample",-0.000146894004480332,8.57327528608091e-05,45,-1.71339423474271,0.0935223121451105,"s__Ligaoa_zhengdingensis","ZIGMM",1
"fixed","irAE.sample",-0.000121612642159878,0.000186310084243119,45,-0.652743208473804,0.517242816273338,"g__GGB45432","ZIGMM",1
"fixed","irAE.sample",-0.000121612642159878,0.000186310084243119,45,-0.652743208473804,0.517242816273338,"s__GGB45432_SGB63101","ZIGMM",1
"fixed","irAE.sample",-0.0015702891055213,0.0310486343879329,45,-0.0505751424008392,0.959887899381915,"g__Amedibacterium","ZIGMM",1
"fixed","irAE.sample",-0.0015702891055213,0.0310486343879329,45,-0.0505751424008392,0.959887899381915,"s__Amedibacterium_intestinale","ZIGMM",1
"fixed","irAE.sample",-0.00323347998808095,0.0152369878260871,45,-0.212212546533964,0.832899536990667,"g__GGB4585","ZIGMM",1
"fixed","irAE.sample",-0.000259108970921618,0.00143298101055494,45,-0.180818146935021,0.857322238374643,"g__Paratractidigestivibacter","ZIGMM",1
"fixed","irAE.sample",-0.00631568136170828,0.0166081432510991,45,-0.380276185376131,0.705529510982272,"g__GGB3340","ZIGMM",1
"fixed","irAE.sample",-0.0041051336322392,0.00931401721213353,45,-0.44074791131923,0.661505708753795,"g__Enteroscipio","ZIGMM",1
"fixed","irAE.sample",-0.002021010455624,0.00553760409796408,45,-0.364961167297429,0.716850100822762,"g__GGB25442","ZIGMM",1
"fixed","irAE.sample",-0.000711375838462826,0.0013894515994974,45,-0.511983172872052,0.611166400039214,"g__GGB3352","ZIGMM",1
"fixed","irAE.sample",-0.0105574687623813,0.0423491673134139,45,-0.2492957815262,0.804266417988367,"s__Alistipes_montrealensis","ZIGMM",1
"fixed","irAE.sample",-0.00323347998808095,0.0152369878260871,45,-0.212212546533964,0.832899536990667,"s__GGB4585_SGB6340","ZIGMM",1
"fixed","irAE.sample",-0.000259108970921618,0.00143298101055494,45,-0.180818146935021,0.857322238374643,"s__Paratractidigestivibacter_faecalis","ZIGMM",1
"fixed","irAE.sample",-0.00631568136170828,0.0166081432510991,45,-0.380276185376131,0.705529510982272,"s__GGB3340_SGB4419","ZIGMM",1
"fixed","irAE.sample",-0.0041051336322392,0.00931401721213353,45,-0.44074791131923,0.661505708753795,"s__Enteroscipio_rubneri","ZIGMM",1
"fixed","irAE.sample",-0.002021010455624,0.00553760409796408,45,-0.364961167297429,0.716850100822762,"s__GGB25442_SGB37397","ZIGMM",1
"fixed","irAE.sample",-0.000711375838462826,0.0013894515994974,45,-0.511983172872052,0.611166400039214,"s__GGB3352_SGB62935","ZIGMM",1
"fixed","irAE.sample",0.0124590744496151,0.0047865242738023,45,2.60294813875829,0.0124727117948605,"c__CFGB58291","ZIGMM",1
"fixed","irAE.sample",0.000409637152589653,0.000157225178222495,45,2.605417002676,0.0123951147639695,"c__CFGB2924","ZIGMM",1
"fixed","irAE.sample",0.000360241197363573,0.000138282791575512,45,2.60510504061422,0.012404895364871,"c__CFGB38791","ZIGMM",1
"fixed","irAE.sample",0.0124590744496151,0.0047865242738023,45,2.60294813875829,0.0124727117948605,"o__OFGB58291","ZIGMM",1
"fixed","irAE.sample",0.000409637152589653,0.000157225178222495,45,2.605417002676,0.0123951147639695,"o__OFGB2924","ZIGMM",1
"fixed","irAE.sample",0.000360241197363573,0.000138282791575512,45,2.60510504061422,0.012404895364871,"o__OFGB38791","ZIGMM",1
"fixed","irAE.sample",0.0124590744496151,0.0047865242738023,45,2.60294813875829,0.0124727117948605,"f__FGB58291","ZIGMM",1
"fixed","irAE.sample",0.000409637152589653,0.000157225178222495,45,2.605417002676,0.0123951147639695,"f__FGB2924","ZIGMM",1
"fixed","irAE.sample",0.000360241197363573,0.000138282791575512,45,2.60510504061422,0.012404895364871,"f__FGB38791","ZIGMM",1
"fixed","irAE.sample",0.0124590744496151,0.0047865242738023,45,2.60294813875829,0.0124727117948605,"g__GGB9263","ZIGMM",1
"fixed","irAE.sample",0.00855237271919918,0.00328575401003081,45,2.60286457631653,0.0124753459450697,"g__GGB3204","ZIGMM",1
"fixed","irAE.sample",0.000435598888936683,0.000167179184444735,45,2.60558089443654,0.012389979275672,"g__GGB4584","ZIGMM",1
"fixed","irAE.sample",0.000409637152589653,0.000157225178222495,45,2.605417002676,0.0123951147639695,"g__GGB9247","ZIGMM",1
"fixed","irAE.sample",0.000360241197363573,0.000138282791575512,45,2.60510504061422,0.012404895364871,"g__GGB9252","ZIGMM",1
"fixed","irAE.sample",0.000346012136734319,0.000132825383977493,45,2.60501514373902,0.0124077151127211,"g__GGB9079","ZIGMM",1
"fixed","irAE.sample",0.0124590744496151,0.0047865242738023,45,2.60294813875829,0.0124727117948605,"s__GGB9263_SGB14211","ZIGMM",1
"fixed","irAE.sample",0.00855237271919918,0.00328575401003081,45,2.60286457631653,0.0124753459450697,"s__GGB3204_SGB4228","ZIGMM",1
"fixed","irAE.sample",0.000435598888936683,0.000167179184444735,45,2.60558089443654,0.012389979275672,"s__GGB4584_SGB6338","ZIGMM",1
"fixed","irAE.sample",0.000409637152589653,0.000157225178222495,45,2.605417002676,0.0123951147639695,"s__GGB9247_SGB14190","ZIGMM",1
"fixed","irAE.sample",0.000360241197363573,0.000138282791575512,45,2.60510504061422,0.012404895364871,"s__GGB9252_SGB14196","ZIGMM",1
"fixed","irAE.sample",0.000346012136734319,0.000132825383977493,45,2.60501514373902,0.0124077151127211,"s__GGB9079_SGB14003","ZIGMM",1
"fixed","irAE.sample",-0.00237823149220498,0.00596883049957677,45,-0.398441787277024,0.692188842288988,"c__CFGB1780","ZIGMM",1
"fixed","irAE.sample",-0.000122529874073789,0.000309492227525823,45,-0.395906142953348,0.694045198908553,"c__CFGB2930","ZIGMM",1
"fixed","irAE.sample",-3.60257793163565e-05,0.000122177925386836,45,-0.294863243112802,0.769454456457039,"c__CFGB79245","ZIGMM",1
"fixed","irAE.sample",-0.00237823149220498,0.00596883049957677,45,-0.398441787277024,0.692188842288988,"o__OFGB1780","ZIGMM",1
"fixed","irAE.sample",-0.000122529874073789,0.000309492227525823,45,-0.395906142953348,0.694045198908553,"o__OFGB2930","ZIGMM",1
"fixed","irAE.sample",-3.60257793163565e-05,0.000122177925386836,45,-0.294863243112802,0.769454456457039,"o__OFGB79245","ZIGMM",1
"fixed","irAE.sample",-0.00237823149220498,0.00596883049957677,45,-0.398441787277024,0.692188842288988,"f__FGB1780","ZIGMM",1
"fixed","irAE.sample",-0.000122529874073789,0.000309492227525823,45,-0.395906142953348,0.694045198908553,"f__FGB2930","ZIGMM",1
"fixed","irAE.sample",-3.60257793163565e-05,0.000122177925386836,45,-0.294863243112802,0.769454456457039,"f__FGB79245","ZIGMM",1
"fixed","irAE.sample",-0.00180955836947733,0.00457608910804144,45,-0.395437747551165,0.694388321422912,"g__GGB4722","ZIGMM",1
"fixed","irAE.sample",-6.07103456264274e-05,0.000702102366425683,45,-0.0864693647672723,0.931476921780244,"g__GGB9303","ZIGMM",1
"fixed","irAE.sample",-0.000122529874073789,0.000309492227525823,45,-0.395906142953348,0.694045198908553,"g__GGB9253","ZIGMM",1
"fixed","irAE.sample",-6.17852099114369e-05,0.000156153519504135,45,-0.395669659624936,0.694218426402815,"g__GGB37488","ZIGMM",1
"fixed","irAE.sample",-3.60257793163565e-05,0.000122177925386836,45,-0.294863243112802,0.769454456457039,"g__GGB3510","ZIGMM",1
"fixed","irAE.sample",-0.00180955836947733,0.00457608910804144,45,-0.395437747551165,0.694388321422912,"s__GGB4722_SGB6538","ZIGMM",1
"fixed","irAE.sample",-6.07103456264274e-05,0.000702102366425683,45,-0.0864693647672723,0.931476921780244,"s__GGB9303_SGB14264","ZIGMM",1
"fixed","irAE.sample",-3.67770274568688e-05,0.000575286606102325,45,-0.0639281830426057,0.949310549948315,"s__Eubacterium_sp_c_25","ZIGMM",1
"fixed","irAE.sample",-0.000122529874073789,0.000309492227525823,45,-0.395906142953348,0.694045198908553,"s__GGB9253_SGB14199","ZIGMM",1
"fixed","irAE.sample",-6.17852099114369e-05,0.000156153519504135,45,-0.395669659624936,0.694218426402815,"s__GGB37488_SGB54315","ZIGMM",1
"fixed","irAE.sample",-3.60257793163565e-05,0.000122177925386836,45,-0.294863243112802,0.769454456457039,"s__GGB3510_SGB4687","ZIGMM",1
"fixed","irAE.sample",1.62703491661929e-05,0.000133900019112808,45,0.12151117881832,0.903827151471704,"s__Cuneatibacter_caecimuris","ZIGMM",1
"fixed","irAE.sample",-3.69001848429517e-06,0.000642163037563517,45,-0.00574623307236083,0.995440593572829,"s__GGB3363_SGB4448","ZIGMM",1
"fixed","irAE.sample",-0.00052052687966008,0.00131636112967208,45,-0.395428631191616,0.694395000244192,"g__GGB9101","ZIGMM",1
"fixed","irAE.sample",-0.0018786509999727,0.00475080019979282,45,-0.395438856817138,0.694387508754884,"s__bacterium_OL_1","ZIGMM",1
"fixed","irAE.sample",-0.00052052687966008,0.00131636112967208,45,-0.395428631191616,0.694395000244192,"s__GGB9101_SGB14033","ZIGMM",1
"fixed","irAE.sample",-0.00484632456419687,0.0122553687741772,45,-0.395445021157452,0.694382992655893,"g__GGB3276","ZIGMM",1
"fixed","irAE.sample",-0.000500000453573795,0.00126445196225534,45,-0.395428587640426,0.694395032150695,"g__Kosakonia","ZIGMM",1
"fixed","irAE.sample",-6.03343709940957e-05,0.000152488926156224,45,-0.395663950917219,0.694222608318798,"g__Lelliottia","ZIGMM",1
"fixed","irAE.sample",-0.000566217646588312,0.00188436865354771,45,-0.30048135513308,0.765193883743526,"g__GGB3444","ZIGMM",1
"fixed","irAE.sample",-0.00484632456419687,0.0122553687741772,45,-0.395445021157452,0.694382992655893,"s__GGB3276_SGB4326","ZIGMM",1
"fixed","irAE.sample",-0.000500000453573795,0.00126445196225534,45,-0.395428587640426,0.694395032150695,"s__Kosakonia_cowanii","ZIGMM",1
"fixed","irAE.sample",-6.03343709940957e-05,0.000152488926156224,45,-0.395663950917219,0.694222608318798,"s__Lelliottia_nimipressuralis","ZIGMM",1
"fixed","irAE.sample",-0.000566217646588312,0.00188436865354771,45,-0.30048135513308,0.765193883743526,"s__GGB3444_SGB4594","ZIGMM",1
"fixed","irAE.sample",-0.000595921998490927,0.00150702759661651,45,-0.395428723288714,0.694394932771955,"g__GGB25063","ZIGMM",1
"fixed","irAE.sample",-0.000595921998490927,0.00150702759661651,45,-0.395428723288714,0.694394932771955,"s__GGB25063_SGB36986","ZIGMM",1
"fixed","irAE.sample",-0.000817895903289679,0.00145799218830943,45,-0.560974132679028,0.577598018035984,"s__Clostridium_SGB6176","ZIGMM",1
"fixed","irAE.sample",-0.000416842311089087,0.00105415341977567,45,-0.395428505252864,0.694395092509529,"s__Romboutsia_hominis","ZIGMM",1
"fixed","irAE.sample",-0.000519210702106557,0.000936577577647022,45,-0.554370203278813,0.582070346774929,"s__Intestinimonas_sp_MSJ_38","ZIGMM",1
"fixed","irAE.sample",-3.15985001269669e-05,7.9884599880236e-05,45,-0.395551835702248,0.694304740311665,"s__Slackia_SGB14778","ZIGMM",1
"fixed","irAE.sample",-0.0013895031054256,0.00351388068108705,45,-0.395432637455334,0.694392065174906,"c__CFGB3297","ZIGMM",1
"fixed","irAE.sample",-0.0013895031054256,0.00351388068108705,45,-0.395432637455334,0.694392065174906,"o__OFGB3297","ZIGMM",1
"fixed","irAE.sample",-0.0013895031054256,0.00351388068108705,45,-0.395432637455334,0.694392065174906,"f__FGB3297","ZIGMM",1
"fixed","irAE.sample",-0.0013895031054256,0.00351388068108705,45,-0.395432637455334,0.694392065174906,"g__GGB29668","ZIGMM",1
"fixed","irAE.sample",-0.0013895031054256,0.00351388068108705,45,-0.395432637455334,0.694392065174906,"s__GGB29668_SGB42476","ZIGMM",1
"fixed","irAE.sample",-4.54351436101908e-05,0.000114849526449918,45,-0.395605841962298,0.694265176603005,"g__Alloscardovia","ZIGMM",1
"fixed","irAE.sample",-4.54351436101908e-05,0.000114849526449918,45,-0.395605841962298,0.694265176603005,"s__Alloscardovia_omnicolens","ZIGMM",1
"fixed","irAE.sample",-2.76465485221992e-05,6.98963439324551e-05,45,-0.395536403862778,0.6943160454704,"c__CFGB77202","ZIGMM",1
"fixed","irAE.sample",-2.76465485221992e-05,6.98963439324551e-05,45,-0.395536403862778,0.6943160454704,"o__OFGB77202","ZIGMM",1
"fixed","irAE.sample",-2.76465485221992e-05,6.98963439324551e-05,45,-0.395536403862778,0.6943160454704,"f__FGB77202","ZIGMM",1
"fixed","irAE.sample",-2.76465485221992e-05,6.98963439324551e-05,45,-0.395536403862778,0.6943160454704,"g__GGB34900","ZIGMM",1
"fixed","irAE.sample",-1.86910542164304e-05,4.72591327067162e-05,45,-0.395501422601733,0.694341672533595,"g__Companilactobacillus","ZIGMM",1
"fixed","irAE.sample",0.000743063683915443,0.00303681627168513,45,0.244685096969372,0.807812595247333,"s__Lentihominibacter_SGB71368","ZIGMM",1
"fixed","irAE.sample",-7.53746643553924e-06,0.000285434883650952,45,-0.0264069560774378,0.979049506246298,"s__Clostridium_hylemonae","ZIGMM",1
"fixed","irAE.sample",-2.76465485221992e-05,6.98963439324551e-05,45,-0.395536403862778,0.6943160454704,"s__GGB34900_SGB14891","ZIGMM",1
"fixed","irAE.sample",-1.86910542164304e-05,4.72591327067162e-05,45,-0.395501422601733,0.694341672533595,"s__Companilactobacillus_paralimentarius","ZIGMM",1
"fixed","irAE.sample",-0.00441397836506703,0.0847324761688775,45,-0.0520931119287683,0.958685065646585,"c__CFGB11479","ZIGMM",1
"fixed","irAE.sample",-0.00441397836506703,0.0847324761688775,45,-0.0520931119287683,0.958685065646585,"o__OFGB11479","ZIGMM",1
"fixed","irAE.sample",-0.00441397836506703,0.0847324761688775,45,-0.0520931119287683,0.958685065646585,"f__FGB11479","ZIGMM",1
"fixed","irAE.sample",-0.00441397836506703,0.0847324761688775,45,-0.0520931119287683,0.958685065646585,"g__GGB1630","ZIGMM",1
"fixed","irAE.sample",-0.00605832179811461,0.0357095096698747,45,-0.169655698275396,0.866041320131438,"g__Duodenibacillus","ZIGMM",1
"fixed","irAE.sample",-0.000188986557584182,0.00161994634884751,45,-0.1166622324984,0.907646831805535,"g__Jingyaoa","ZIGMM",1
"fixed","irAE.sample",-0.00018926649132058,0.000590551101818677,45,-0.320491301663328,0.75007947599084,"g__GGB3593","ZIGMM",1
"fixed","irAE.sample",-7.64797963357645e-05,0.000311029156124758,45,-0.245892691504096,0.806883410241976,"g__Qingrenia","ZIGMM",1
"fixed","irAE.sample",-0.00114158362090303,0.00381062108843067,45,-0.299579410917806,0.765877394798085,"g__GGB4749","ZIGMM",1
"fixed","irAE.sample",-0.00441397836506703,0.0847324761688775,45,-0.0520931119287683,0.958685065646585,"s__GGB1630_SGB2238","ZIGMM",1
"fixed","irAE.sample",-0.00399450633562812,0.0388535177627758,45,-0.102809386784924,0.918571050363307,"s__Bacteroides_fluxus","ZIGMM",1
"fixed","irAE.sample",-0.00605832179811461,0.0357095096698747,45,-0.169655698275396,0.866041320131438,"s__Duodenibacillus_massiliensis","ZIGMM",1
"fixed","irAE.sample",-0.000188986557584182,0.00161994634884751,45,-0.1166622324984,0.907646831805535,"s__Jingyaoa_shaoxingensis","ZIGMM",1
"fixed","irAE.sample",-6.94863597608078e-05,0.000822101083223676,45,-0.0845228904070207,0.933015620998884,"s__GGB34797_SGB14323","ZIGMM",1
"fixed","irAE.sample",-0.00018926649132058,0.000590551101818677,45,-0.320491301663328,0.75007947599084,"s__GGB3593_SGB4817","ZIGMM",1
"fixed","irAE.sample",-0.00264369500386045,0.00743220800394442,45,-0.355707886869876,0.723721453188181,"s__Ruminococcus_sp_AF41_9","ZIGMM",1
"fixed","irAE.sample",-7.64797963357645e-05,0.000311029156124758,45,-0.245892691504096,0.806883410241976,"s__Qingrenia_yutianensis","ZIGMM",1
"fixed","irAE.sample",-0.00114158362090303,0.00381062108843067,45,-0.299579410917806,0.765877394798085,"s__GGB4749_SGB6578","ZIGMM",1
"fixed","irAE.sample",-0.00108329385533377,0.00773881837999422,45,-0.139981816621284,0.889299032531273,"g__GGB4604","ZIGMM",1
"fixed","irAE.sample",-0.000130367451374845,0.00149665194593123,45,-0.087106058111413,0.930973669173874,"g__GGB4723","ZIGMM",1
"fixed","irAE.sample",-0.00108329385533377,0.00773881837999422,45,-0.139981816621284,0.889299032531273,"s__GGB4604_SGB6369","ZIGMM",1
"fixed","irAE.sample",-0.00161978999703894,0.00409622365101619,45,-0.395434950588478,0.69439037052925,"s__GGB6002_SGB8625","ZIGMM",1
"fixed","irAE.sample",-0.000130367451374845,0.00149665194593123,45,-0.087106058111413,0.930973669173874,"s__GGB4723_SGB6540","ZIGMM",1
"fixed","irAE.sample",-3.61037690980396e-05,0.000388019023614189,45,-0.0930463892253332,0.92627973866891,"s__Lachnospiraceae_bacterium_CLA_AA_H215","ZIGMM",1
"fixed","irAE.sample",-9.58373316562448e-05,0.000242134379551191,45,-0.395802247635732,0.694121301712955,"s__Streptococcus_sobrinus","ZIGMM",1
"fixed","irAE.sample",-0.00212100841864342,0.00468010623281517,45,-0.453196639805244,0.652584950675344,"s__Streptococcus_gordonii","ZIGMM",1
"fixed","irAE.sample",-1.09974071351618e-05,0.0011603103409205,45,-0.00947798769632377,0.992479668123208,"g__GGB4257","ZIGMM",1
"fixed","irAE.sample",-0.000526744621129498,0.00769875515408206,45,-0.068419453611303,0.945754855816124,"g__GGB3267","ZIGMM",1
"fixed","irAE.sample",-0.000947280581951477,0.00672038326719684,45,-0.140956333037624,0.88853354566014,"g__GGB3649","ZIGMM",1
"fixed","irAE.sample",-1.09974071351618e-05,0.0011603103409205,45,-0.00947798769632377,0.992479668123208,"s__GGB4257_SGB5789","ZIGMM",1
"fixed","irAE.sample",-0.000526744621129498,0.00769875515408206,45,-0.068419453611303,0.945754855816124,"s__GGB3267_SGB4317","ZIGMM",1
"fixed","irAE.sample",-0.000947280581951477,0.00672038326719684,45,-0.140956333037624,0.88853354566014,"s__GGB3649_SGB4958","ZIGMM",1
"fixed","irAE.sample",-0.0004436844812815,0.0011220345764816,45,-0.395428528301486,0.694395075623631,"s__Streptococcus_sanguinis","ZIGMM",1
"fixed","irAE.sample",-7.68259181586698e-05,0.000194138082324584,45,-0.395728222092061,0.694175527001201,"s__Collinsella_SGB14745","ZIGMM",1
"fixed","irAE.sample",-0.000180394766916791,0.000843901687425034,45,-0.213762775456965,0.83169766320247,"g__GGB79395","ZIGMM",1
"fixed","irAE.sample",-0.000131756336291054,0.00042804652173354,45,-0.307808449785915,0.759648314860287,"g__Bittarella","ZIGMM",1
"fixed","irAE.sample",0.00171435521643151,0.00219455661121342,45,0.781185232439099,0.438784153630993,"s__Lachnoclostridium_edouardi","ZIGMM",1
"fixed","irAE.sample",-0.00142591445734686,0.00629439544828895,45,-0.226537158184822,0.821809577227668,"s__Bianquea_renquensis","ZIGMM",1
"fixed","irAE.sample",-0.000180394766916791,0.000843901687425034,45,-0.213762775456965,0.83169766320247,"s__GGB79395_SGB105947","ZIGMM",1
"fixed","irAE.sample",-0.000131756336291054,0.00042804652173354,45,-0.307808449785915,0.759648314860287,"s__Bittarella_massiliensis","ZIGMM",1
"fixed","irAE.sample",-5.17629594929403e-05,0.000130836616970882,45,-0.395630525240959,0.694247094503611,"s__Clostridium_sp_Marseille_P2538","ZIGMM",1
"fixed","irAE.sample",-0.000189605261682586,0.000479493273398876,45,-0.395428407866024,0.694395163857147,"c__CFGB10341","ZIGMM",1
"fixed","irAE.sample",-0.000189605261682586,0.000479493273398876,45,-0.395428407866024,0.694395163857147,"o__OFGB10341","ZIGMM",1
"fixed","irAE.sample",-0.000189605261682586,0.000479493273398876,45,-0.395428407866024,0.694395163857147,"f__FGB10341","ZIGMM",1
"fixed","irAE.sample",0.000156736610457822,0.00154253388094154,45,0.101609833271314,0.919517785459538,"g__GGB3585","ZIGMM",1
"fixed","irAE.sample",-0.000737449408388335,0.00226457054637403,45,-0.325646471720264,0.746201288267661,"g__GGB4597","ZIGMM",1
"fixed","irAE.sample",-0.000189605261682586,0.000479493273398876,45,-0.395428407866024,0.694395163857147,"g__GGB4555","ZIGMM",1
"fixed","irAE.sample",-5.38699598355065e-05,0.000451252093534485,45,-0.119378858530193,0.905506574983655,"g__GGB9189","ZIGMM",1
"fixed","irAE.sample",-0.000110369446194269,0.000278810095903302,45,-0.395858858111606,0.694079834425065,"g__GGB9102","ZIGMM",1
"fixed","irAE.sample",0.000156736610457822,0.00154253388094154,45,0.101609833271314,0.919517785459538,"s__GGB3585_SGB4803","ZIGMM",1
"fixed","irAE.sample",-0.000737449408388335,0.00226457054637403,45,-0.325646471720264,0.746201288267661,"s__GGB4597_SGB6359","ZIGMM",1
"fixed","irAE.sample",-0.000244605276374736,0.00061858294417994,45,-0.395428420191914,0.694395154826945,"s__Bacteroides_faecalis","ZIGMM",1
"fixed","irAE.sample",-0.00020171052696385,0.000510106309595298,45,-0.395428410058053,0.694395162251221,"s__Limosilactobacillus_vaginalis","ZIGMM",1
"fixed","irAE.sample",-0.000189605261682586,0.000479493273398876,45,-0.395428407866024,0.694395163857147,"s__GGB4555_SGB6286","ZIGMM",1
"fixed","irAE.sample",-5.38699598355065e-05,0.000451252093534485,45,-0.119378858530193,0.905506574983655,"s__GGB9189_SGB14128","ZIGMM",1
"fixed","irAE.sample",-0.000110369446194269,0.000278810095903302,45,-0.395858858111606,0.694079834425065,"s__GGB9102_SGB54310","ZIGMM",1
"fixed","irAE.sample",-2.60659389857069e-05,6.59012560000071e-05,45,-0.395530230648474,0.694320567904132,"o__Corynebacteriales","ZIGMM",1
"fixed","irAE.sample",-2.60659389857069e-05,6.59012560000071e-05,45,-0.395530230648474,0.694320567904132,"f__Corynebacteriaceae","ZIGMM",1
"fixed","irAE.sample",-2.60659389857069e-05,6.59012560000071e-05,45,-0.395530230648474,0.694320567904132,"g__Corynebacterium","ZIGMM",1
"fixed","irAE.sample",-0.00537922911658194,0.0136026844074759,45,-0.395453496930765,0.694376783180672,"s__Mediterraneibacter_SGB4598","ZIGMM",1
"fixed","irAE.sample",-0.000122265429740733,0.000308825145716737,45,-0.39590503375939,0.694046011370783,"s__Actinomyces_sp_ph3","ZIGMM",1
"fixed","irAE.sample",-0.000119357009542072,0.000301487497376383,45,-0.395893728863539,0.694054291999986,"s__Actinomyces_naeslundii","ZIGMM",1
"fixed","irAE.sample",-4.6357852700441e-05,0.000117180855075133,45,-0.395609442094594,0.694262539261853,"s__Diplocloster_modestus","ZIGMM",1
"fixed","irAE.sample",-2.60659389857069e-05,6.59012560000071e-05,45,-0.395530230648474,0.694320567904132,"s__Corynebacterium_propinquum","ZIGMM",1
"fixed","irAE.sample",-0.00268541016002877,0.00679061773898366,45,-0.395458890965447,0.694372831443184,"s__Anaeromassilibacillus_sp_An172","ZIGMM",1
"fixed","irAE.sample",-0.000430789781814704,0.0010894250016151,45,-0.395428580375931,0.694395037472814,"s__Lacticaseibacillus_zeae","ZIGMM",1
"fixed","irAE.sample",-0.000207236873934455,0.000524081826448407,45,-0.395428468372688,0.69439511952871,"s__Schaalia_SGB17157","ZIGMM",1
"fixed","irAE.sample",-0.000128971850670427,0.000256851267521984,45,-0.502126588335363,0.618026727665532,"g__GGB3828","ZIGMM",1
"fixed","irAE.sample",-0.00149674932007323,0.00378508405467531,45,-0.395433575173702,0.694391378184274,"s__Clostridium_disporicum","ZIGMM",1
"fixed","irAE.sample",-0.000395921215758042,0.00100124605793689,45,-0.395428488950912,0.694395104452677,"s__Clostridium_SGB47280","ZIGMM",1
"fixed","irAE.sample",-0.000128971850670427,0.000256851267521984,45,-0.502126588335363,0.618026727665532,"s__GGB3828_SGB5197","ZIGMM",1
"fixed","irAE.sample",-0.00181034594575869,0.00457808333015187,45,-0.395437525969768,0.694388483757436,"s__Leuconostoc_mesenteroides","ZIGMM",1
"fixed","irAE.sample",-0.000165526296430859,0.000418599951530277,45,-0.395428369797331,0.694395191747062,"s__Fusobacterium_nucleatum","ZIGMM",1
"fixed","irAE.sample",-4.38534340110907e-05,0.00011085306007953,45,-0.395599670226772,0.69426969782689,"s__Streptococcus_cristatus","ZIGMM",1
"fixed","irAE.sample",-3.71322591218281e-05,9.38694448227124e-05,45,-0.395573439173507,0.694288914016301,"s__Oxalobacter_SGB9385","ZIGMM",1
"fixed","irAE.sample",-0.00278033958018049,0.00703060720029403,45,-0.39546222694168,0.694370387469437,"s__Fusobacterium_ulcerans","ZIGMM",1
"fixed","irAE.sample",0.00284926621570346,0.00115404882258141,45,2.46893039527576,0.0174141988151082,"s__Schaalia_SGB17168","ZIGMM",1
"fixed","irAE.sample",-0.00075552886770584,0.00191065576434864,45,-0.395429088694795,0.694394665067932,"g__GGB3627","ZIGMM",1
"fixed","irAE.sample",-0.00075552886770584,0.00191065576434864,45,-0.395429088694795,0.694394665067932,"s__GGB3627_SGB4906","ZIGMM",1
"fixed","irAE.sample",-0.000873383338142584,0.00291451459867317,45,-0.299666825666336,0.765811141928571,"g__Allisonella","ZIGMM",1
"fixed","irAE.sample",-0.00471701326020023,0.0161857847218485,45,-0.291429383329987,0.772062128007221,"s__Megasphaera_sp_DJF_B143","ZIGMM",1
"fixed","irAE.sample",-0.000873383338142584,0.00291451459867317,45,-0.299666825666336,0.765811141928571,"s__Allisonella_histaminiformans","ZIGMM",1
"fixed","irAE.sample",-3.34429533617742e-05,8.45460480825359e-05,45,-0.395559037001072,0.694299464760735,"s__Streptococcus_oralis","ZIGMM",1
