"M.Group.Cluster","genomeName","len","breadth_of_coverage","depth_of_coverage_mean","depth_of_coverage_median","M.Group.Type..k.u.","First.Genome.in.Cluster","Other.Genomes","sample"
"M808","VDB|0010-0092-0-0000|M808-c3098-c0-c1",18422,1,63.8888285745305,65,"uVSG","-","-","FF08034077"
"M697","VDB|0001-0113-0-0000|M697-c3861-c6-c6",8363,0.994260432859022,585.238244137102,599,"uVSG","-","-","FF08034077"
"M282","VDB|0042-004B-0-0004|M282-c3840-c1-c4",6990,0.989556509298999,148.120861645222,142,"uVSG","-","-","FF08034077"
"M738","VDB|0030-0086-0-0027|M738-c70-c0-c64",96575,0.985783070152731,123.648631331275,122,"uVSG","-","-","FF08034077"
"M948","VDB|0028-0049-0-0001|M948-c3454-c0-c2",1799,0.937743190661479,114.45643153527,141,"uVSG","-","-","FF08034077"
"M302","VDB|0040-010F-0-0000|M302-c1701-c1-c8",33749,0.923701443005719,13.6022005517418,10,"uVSG","-","-","FF08034077"
"M1107","VDB|0010-00F9-0-0002|M1107-c808-c0-c3",16989,0.867149331920655,6.25957100190062,6,"uVSG","-","-","FF08034077"
"M406","VDB|0008-0068-0-0008|M406-c692-c1-c27",40116,0.838194236713531,293.883539033457,304,"uVSG","-","-","FF08034077"
"M1303","VDB|0046-00D6-0-0000|M1303-c797-c0-c1",16544,0.835469052224371,14.3539285197511,15,"uVSG","-","-","FF08034077"
"M10","VDB|0012-0006-0-0001|M10-c1012-c0-c14",10162,0.826510529423342,3.16740088105727,3,"uVSG","-","-","FF08034077"
"M435","VDB|001F-0035-0-0003|M435-c2042-c0-c6",2330,0.766952789699571,4.97313933967543,5,"uVSG","-","-","FF08034077"
"M441","VDB|0046-0173-0-0000|M441-c2353-c2-c0",8440,0.766587677725118,1354.4629057187,1546.5,"uVSG","-","-","FF08034077"
"M441","VDB|0028-004B-0-0012|M441-c2979-c2-c0",2218,1,2280.92741208296,2528.5,"uVSG","-","-","FF08034089"
"M808","VDB|0010-0092-0-0000|M808-c3098-c0-c1",18422,1,48.2625122136576,48,"uVSG","-","-","FF08034089"
"M697","VDB|0010-00F3-0-0001|M697-c3861-c6-c0",10022,1,1317.04639792457,1155,"uVSG","-","-","FF08034089"
"M1019","VDB|002F-0015-0-0001|M1019-c3638-c0-c1",6076,1,47.0597432521396,48,"uVSG","-","-","FF08034089"
"M703","VDB|0047-0093-0-0009|M703-c1245-c0-c39",6793,0.998675106727514,49.9901238207547,50,"uVSG","-","-","FF08034089"
"M282","VDB|0047-0014-0-0000|M282-c3840-c1-c37",3598,0.995275152862702,9.74951130969003,6,"uVSG","-","-","FF08034089"
"M1143","VDB|0020-0018-0-0000|M1143-c3930-c0-c0",8366,0.986732010518766,7.70648092065415,7,"uVSG","-","-","FF08034089"
"M484","VDB|0021-00AF-0-0009|M484-c2184-c1-c4",3533,0.977356354373054,22.9565595134666,24,"uVSG","-","-","FF08034089"
"M779","VDB|0021-00A0-0-0031|M779-c3013-c0-c4",1685,0.962611275964392,7.84771886559803,8,"uVSG","-","-","FF08034089"
"M223","VDB|004F-00F7-0-0004|M223-c896-c0-c24",3437,0.948210648821647,46.6207425590672,47,"uVSG","-","-","FF08034089"
"M212","VDB|0015-0035-0-0007|M212-c1504-c0-c21",3533,0.942541749221625,3.93153153153153,4,"uVSG","-","-","FF08034089"
"M738","VDB|0030-008D-0-0002|M738-c70-c0-c96",65160,0.937308164518109,37.6314695047073,37,"uVSG","-","-","FF08034089"
"M1117","VDB|0020-001A-0-0006|M1117-c3877-c1-c0",7264,0.905699339207048,5.12159902720778,4,"uVSG","-","-","FF08034089"
"M1128","VDB|001F-0031-0-0001|M1128-c3904-c0-c1",1774,0.901916572717024,4.34,3,"uVSG","-","-","FF08034089"
"M753","VDB|0010-0001-0-0003|M753-c3180-c0-c1",15483,0.886779047988116,4.12774945375091,4,"uVSG","-","-","FF08034089"
"M1130","VDB|0037-00DE-0-0001|M1130-c3907-c0-c2",7365,0.880515953835709,4.48018504240555,4,"uVSG","-","-","FF08034089"
"M1283","VDB|0030-009E-0-000D|M1283-c975-c0-c109",4036,0.874628344895937,4.08470254957507,4,"uVSG","-","-","FF08034089"
"M962","VDB|002F-00C8-0-0002|M962-c3487-c0-c0",21427,0.872403976291595,35.7047022949767,36,"uVSG","-","-","FF08034089"
"M829","VDB|0052-0060-0-0001|M829-c3144-c0-c1",2044,0.851761252446184,3.46467547386559,3,"uVSG","-","-","FF08034089"
"M538","VDB|0021-00B1-0-000F|M538-c2377-c0-c3",3145,0.849920508744038,45.4261129816685,51,"uVSG","-","-","FF08034089"
"M1102","VDB|0028-001B-0-0002|M1102-c72-c0-c134",1760,0.848295454545455,19.775619557937,21,"kVSG","NC_024711_Uncultured_crAssphage","NC_0247111_Uncultured_crAssphage","FF08034089"
"M902","VDB|004C-0052-0-0002|M902-c3340-c0-c2",13405,0.796866840731071,45.1539037633402,47,"uVSG","-","-","FF08034089"
"M727","VDB|0010-01C6-0-0001|M727-c2871-c0-c16",14715,0.780632008154944,3.30495342561156,3,"uVSG","-","-","FF08034089"
"M697","VDB|0015-000A-0-0000|M697-c3861-c6-c15",4399,1,247.232098204137,264,"uVSG","-","-","FF08034097"
"M343","VDB|000D-004F-0-0002|M343-c2403-c0-c12",6184,1,28.346701164295,29,"uVSG","-","-","FF08034097"
"M822","VDB|0048-0005-0-0003|M822-c965-c0-c34",1857,1,37.9725363489499,38,"uVSG","-","-","FF08034097"
"M783","VDB|0021-0062-0-0003|M783-c3841-c0-c3",2045,1,30.8493887530562,32,"uVSG","-","-","FF08034097"
"M1064","VDB|0002-002F-0-0000|M1064-c1042-c2-c105",24967,0.999719629911483,27.5661858974359,23,"uVSG","-","-","FF08034097"
"M527","VDB|0048-0051-0-0000|M527-c2323-c0-c0",21538,0.998142817346086,10.7347660247465,10,"uVSG","-","-","FF08034097"
"M349","VDB|004C-006F-0-0001|M349-c1834-c1-c9",4359,0.992658866712549,13.4538941529928,13,"kVSG","NC_029012_Parabacteroides_phage_YZ2015a","NC_0290121_Parabacteroides_phage_YZ2015a","FF08034097"
"M850","VDB|0048-005E-0-0002|M850-c1541-c0-c1",45001,0.981311526410524,17.1878623188406,17,"uVSG","-","-","FF08034097"
"M1131","VDB|004D-000E-0-0001|M1131-c3637-c0-c0",21670,0.979187817258883,60.597059239361,62,"uVSG","-","-","FF08034097"
"M801","VDB|0031-0015-0-0003|M801-c143-c0-c9",87286,0.941937996929634,69.9663212435233,72,"uVSG","-","-","FF08034097"
"M706","VDB|002C-0005-0-001A|M706-c2807-c0-c0",33806,0.927912204934035,6.08317128375147,5,"uVSG","-","-","FF08034097"
"M727","VDB|004C-0085-0-0003|M727-c2871-c0-c38",6383,0.906313645621181,3.81313742437338,3,"uVSG","-","-","FF08034097"
"M510","VDB|0039-0015-0-0000|M510-c2274-c0-c11",2831,0.898269162839986,13.6618167518679,13,"uVSG","-","-","FF08034097"
"M892","VDB|001E-002B-0-0006|M892-c879-c2-c1",8160,0.893872549019608,18.8386344941047,6,"uVSG","-","-","FF08034097"
"M302","VDB|003A-000D-0-0002|M302-c2488-c0-c0",35500,0.871943661971831,6.18136589778381,6,"uVSG","-","-","FF08034097"
"M1050","VDB|0008-002A-0-0008|M1050-c3704-c0-c1",6283,0.859939519337896,3.39367018323154,3,"uVSG","-","-","FF08034097"
"M459","VDB|004C-009D-0-0006|M459-c3388-c0-c1",10269,0.857532379004772,12.6922552804906,3,"uVSG","-","-","FF08034097"
"M1089","VDB|0040-0149-0-0000|M1089-c3806-c0-c1",17381,0.848627811978597,104.943593220339,60,"uVSG","-","-","FF08034097"
"M282","VDB|0051-0083-0-000C|M282-c3522-c0-c6",7246,0.825006900358819,24.1097356975577,15,"uVSG","-","-","FF08034097"
"M936","VDB|001D-006D-0-0000|M936-c3738-c0-c8",2140,0.801869158878505,3.70687645687646,3,"uVSG","-","-","FF08034097"
"M219","VDB|0003-00CE-0-0000|M219-c3440-c0-c3",5884,0.795037389530931,43.7610089781958,49,"uVSG","-","-","FF08034097"
"M441","VDB|0048-0014-0-0001|M441-c2353-c0-c2",8442,0.765339966832504,5.48351648351648,5,"uVSG","-","-","FF08034097"
"M104","VDB|0006-0045-0-0000|M104-c1264-c1-c7",2742,0.75346462436178,9.85237173281704,10,"uVSG","-","-","FF08034097"
"M1098","VDB|0037-0010-0-0003|M1098-c2579-c0-c5",2849,1,24.1779571779572,24,"uVSG","-","-","FF08034109"
"M621","VDB|0021-0029-0-0001|M621-c2580-c0-c6",2771,1,7.34500180440274,7,"uVSG","-","-","FF08034109"
"M697","VDB|0010-00F3-0-0001|M697-c3861-c6-c0",10022,0.996308122131311,6.82363545317977,6,"uVSG","-","-","FF08034109"
"M779","VDB|0012-004B-0-0001|M779-c3013-c0-c1",29924,0.993917925411041,10.3315849640239,10,"uVSG","-","-","FF08034109"
"M1010","VDB|0028-0051-0-0000|M1010-c3618-c0-c0",1684,0.992874109263658,10.677033492823,10,"uVSG","-","-","FF08034109"
"M658","VDB|0028-0021-0-0000|M658-c2694-c0-c1",13338,0.975483580746739,11.382676197064,11,"uVSG","-","-","FF08034109"
"M1143","VDB|0020-0018-0-0000|M1143-c3930-c0-c0",8366,0.963303848912264,10.352649212061,10,"uVSG","-","-","FF08034109"
"M647","VDB|002C-0003-0-001D|M647-c2667-c1-c0",2631,0.95286963131889,4.56282409254089,5,"uVSG","-","-","FF08034109"
"M579","VDB|003C-0074-0-0000|M579-c2470-c0-c0",6751,0.940008887572212,3.39016703435235,3,"uVSG","-","-","FF08034109"
"M1306","VDB|0030-0028-0-000B|M1306-c875-c1-c1",13064,0.918248622167789,7.75891963987996,8,"uVSG","-","-","FF08034109"
"M1117","VDB|0020-001A-0-0006|M1117-c3877-c1-c0",7264,0.909553964757709,11.5884667776601,9,"uVSG","-","-","FF08034109"
"M1056","VDB|0028-0052-0-0009|M1056-c3720-c2-c0",1625,0.907076923076923,4.49728629579376,4,"uVSG","-","-","FF08034109"
"M953","VDB|0021-003B-0-0011|M953-c3466-c1-c3",1792,0.895089285714286,5.56670822942643,5,"uVSG","-","-","FF08034109"
"M438","VDB|0021-0072-0-0003|M438-c2046-c0-c1",3882,0.894126738794436,4.32180927686546,4,"uVSG","-","-","FF08034109"
"M1075","VDB|0021-00B6-0-003E|M1075-c3777-c1-c0",1592,0.861809045226131,3.66909620991254,4,"uVSG","-","-","FF08034109"
"M386","VDB|0030-0067-0-0000|M386-c1265-c1-c2",12130,0.77881286067601,2.3820260400127,2,"uVSG","-","-","FF08034109"
"M460","VDB|0046-0120-0-0001|M460-c1950-c0-c1",13990,0.774410293066476,162.88249953849,133,"uVSG","-","-","FF08034109"
"M441","VDB|004A-0039-0-0000|M441-c2494-c2-c2",4890,0.769120654396728,7.41345386865195,6,"uVSG","-","-","FF08034109"
"M521","VDB|0021-0069-0-0004|M521-c3225-c1-c0",8321,0.762408364379281,4.27049180327869,4,"uVSG","-","-","FF08034109"
"M697","VDB|0015-000A-0-0000|M697-c3861-c6-c15",4399,1,2014.0195498977,2109,"uVSG","-","-","FF08034119"
"M441","VDB|0021-00B6-0-0076|M441-c2494-c2-c2",2912,1,1966.21325549451,2077,"uVSG","-","-","FF08034119"
"M311","VDB|001D-007B-0-0007|M311-c1716-c0-c15",4185,0.989964157706093,10.4267439053826,10,"kVSG","NC_029014_Parabacteroides_phage_YZ2015b","NC_0290141_Parabacteroides_phage_YZ2015b","FF08034119"
"M759","VDB|0050-005D-0-0000|M759-c2960-c2-c6",1993,0.977922729553437,8.94048229861467,9,"uVSG","-","-","FF08034119"
"M923","VDB|0021-00A0-0-002F|M923-c3558-c0-c1",1726,0.948435689455388,8.23091020158827,8,"uVSG","-","-","FF08034119"
"M738","VDB|0028-001B-0-000E|M738-c70-c0-c73",2975,0.917647058823529,71.9838827838828,81,"uVSG","-","-","FF08034119"
"M1138","VDB|000D-0023-0-0002|M1138-c3917-c0-c0",16396,0.913820444010734,3.76433291063205,3,"uVSG","-","-","FF08034119"
"M962","VDB|002F-00C8-0-0002|M962-c3487-c0-c0",21427,0.903159565034769,12.9797953699876,13,"uVSG","-","-","FF08034119"
"M107","VDB|0048-0007-0-0001|M107-c1271-c0-c12",3478,0.89419206440483,2.25755627009646,2,"uVSG","-","-","FF08034119"
"M788","VDB|0048-004B-0-0000|M788-c3039-c2-c2",3632,0.873898678414097,29.7224322621298,33,"uVSG","-","-","FF08034119"
"M1102","VDB|001D-009E-0-0004|M1102-c79-c0-c87",18050,0.861994459833795,102.944148081496,102,"kVSG","NC_024711_Uncultured_crAssphage","NC_0247111_Uncultured_crAssphage","FF08034119"
"M867","VDB|0040-00D9-0-0001|M867-c2385-c1-c60",3056,0.860602094240838,13.8231939163498,13,"uVSG","-","-","FF08034119"
"M832","VDB|004C-0062-0-0001|M832-c3151-c0-c0",25602,0.842004530896024,3.26107528876931,3,"uVSG","-","-","FF08034119"
"M775","VDB|002D-0008-0-0002|M775-c3006-c0-c4",2241,0.834895136099955,3.00801710315339,3,"uVSG","-","-","FF08034119"
"M954","VDB|000C-0062-0-0001|M954-c3506-c0-c5",2974,0.826160053799596,4.17541717541718,4,"uVSG","-","-","FF08034119"
"M1240","VDB|004C-008F-0-0009|M1240-c720-c0-c9",8907,0.82485685415965,3.05621342044372,3,"kVSG","NC_031071_Lactococcus_phage_D4410","NC_0310711_Lactococcus_phage_D4410|NC_0016291_Lactococcus_phage_bIL67|NC_0310441_Lactococcus_phage_M6165|NC_0310751_Lactococcus_phage_M5938|NC_0017061_Lactococcus_phage_c2|NC_0310021_Lactococcus_phage_M6162|NC_0310091_Lactococcus_phage_D4412","FF08034119"
"M131","VDB|0043-0004-0-0005|M131-c1282-c0-c18",5559,0.77531930203274,2.60788863109049,2,"uVSG","-","-","FF08034119"
"M1064","VDB|0015-0035-0-0005|M1064-c1042-c2-c117",1964,1,12.5840122199593,13,"uVSG","-","-","FF08034128"
"M892","VDB|000E-000C-0-0002|M892-c3062-c0-c0",19587,0.993362944810333,24.6695790717994,23,"uVSG","-","-","FF08034128"
"M282","VDB|0045-002A-0-0003|M282-c3522-c0-c7",7176,0.987458193979933,83.5986452159187,66,"uVSG","-","-","FF08034128"
"M806","VDB|0021-00B6-0-001A|M806-c3084-c0-c1",2112,0.984375,6.01346801346801,6,"uVSG","-","-","FF08034128"
"M996","VDB|0001-00FB-0-0000|M996-c3359-c0-c0",21574,0.972003337350514,4.56938483547926,4,"uVSG","-","-","FF08034128"
"M727","VDB|0010-01C6-0-0001|M727-c2871-c0-c16",14715,0.965749235474006,8.97811554429667,9,"uVSG","-","-","FF08034128"
"M646","VDB|0008-00C1-0-0003|M646-c1301-c1-c1",19091,0.950971662039705,15.2293583034977,15,"uVSG","-","-","FF08034128"
"M900","VDB|0008-00B5-0-0001|M900-c2799-c0-c3",14709,0.921952546060235,3.69242681218199,3,"uVSG","-","-","FF08034128"
"M697","VDB|0012-004C-0-0006|M697-c3861-c6-c3",8968,0.91157448706512,390.747645259939,341,"uVSG","-","-","FF08034128"
"M787","VDB|000C-001E-0-0006|M787-c3035-c0-c0",20601,0.906703558079705,4.11087317308207,3,"uVSG","-","-","FF08034128"
"M1056","VDB|0028-0052-0-0009|M1056-c3720-c2-c0",1625,0.876923076923077,12.480701754386,13,"uVSG","-","-","FF08034128"
"M1069","VDB|0002-0008-0-000A|M1069-c3754-c0-c0",6483,0.874903594015116,3.72990126939351,3,"uVSG","-","-","FF08034128"
"M1098","VDB|0037-0010-0-0003|M1098-c2579-c0-c5",2849,0.874341874341874,3.39181051786431,3,"uVSG","-","-","FF08034128"
"M1117","VDB|0020-001A-0-0006|M1117-c3877-c1-c0",7264,0.867015418502203,3.03302635757383,2,"uVSG","-","-","FF08034128"
"M706","VDB|002C-0005-0-001A|M706-c2807-c0-c0",33806,0.860616458616814,3.52082903691483,3,"uVSG","-","-","FF08034128"
"M1051","VDB|0046-0118-0-0007|M1051-c3711-c0-c0",15645,0.8474912112496,4.13100535485331,4,"uVSG","-","-","FF08034128"
"M867","VDB|0045-0020-0-0000|M867-c1847-c3-c36",2122,0.823751178133836,9.23169336384439,9,"uVSG","-","-","FF08034128"
"M786","VDB|001E-0067-0-000F|M786-c3034-c0-c0",31196,0.809430696243108,3.80879965149895,3,"uVSG","-","-","FF08034128"
"M902","VDB|004A-0075-0-0000|M902-c3340-c0-c1",23966,0.800342151381123,20.8941661018716,21,"uVSG","-","-","FF08034128"
"M812","VDB|0021-00B8-0-0006|M812-c3113-c0-c4",2084,0.768714011516315,1.66791510611735,2,"uVSG","-","-","FF08034128"
"M954","VDB|0012-0002-0-0002|M954-c3506-c0-c7",2143,0.762015865608959,5.14696876913656,5,"uVSG","-","-","FF08034128"
"M10","VDB|0010-0017-0-0008|M10-c1012-c0-c9",17739,0.752184452336659,6.56673911414225,6,"uVSG","-","-","FF08034128"
"M697","VDB|0010-00F3-0-0001|M697-c3861-c6-c0",10022,1,493.628916383955,353,"uVSG","-","-","FF08034130"
"M282","VDB|0021-002C-0-0008|M282-c2487-c1-c2",2871,0.999651689306862,90.5923344947735,96,"uVSG","-","-","FF08034130"
"M738","VDB|0028-001B-0-0001|M738-c70-c0-c2",2058,0.994169096209913,7.89345063538612,8,"uVSG","-","-","FF08034130"
"M808","VDB|0010-0092-0-0000|M808-c3098-c0-c1",18422,0.982683747692976,16.4142959730431,16,"uVSG","-","-","FF08034130"
"M1102","VDB|004A-0090-0-0001|M1102-c3882-c0-c22",2037,0.97152675503191,8.57150075795857,8,"kVSG","NC_024711_Uncultured_crAssphage","NC_0247111_Uncultured_crAssphage","FF08034130"
"M892","VDB|0016-0020-0-0000|M892-c3062-c0-c2",16136,0.963125929598413,54.7816742809343,47,"uVSG","-","-","FF08034130"
"M706","VDB|002C-0005-0-001A|M706-c2807-c0-c0",33806,0.953528959356327,6.63775399410579,6,"uVSG","-","-","FF08034130"
"M700","VDB|0008-003B-0-0007|M700-c2324-c0-c1",14681,0.92405149512976,3.61064425770308,3,"uVSG","-","-","FF08034130"
"M801","VDB|0030-0086-0-0021|M801-c103-c0-c276",1576,0.897842639593909,3.97597173144876,3,"uVSG","-","-","FF08034130"
"M850","VDB|004C-0058-0-0001|M850-c1541-c0-c13",1633,0.865278628291488,6.56334041047417,5,"uVSG","-","-","FF08034130"
"M867","VDB|0040-015B-0-0000|M867-c2833-c0-c13",1698,0.852179034157833,2.79129232895646,2,"uVSG","-","-","FF08034130"
"M832","VDB|0010-01A7-0-0002|M832-c3151-c0-c5",17994,0.792875402912082,5.13913226326488,3,"uVSG","-","-","FF08034130"
"M1138","VDB|000D-0023-0-0002|M1138-c3917-c0-c0",16396,0.792754330324469,2.62871210955532,2,"uVSG","-","-","FF08034130"
"M229","VDB|0048-0060-0-0000|M229-c1542-c3-c6",9399,0.758804128098734,32.478126752664,5,"uVSG","-","-","FF08034130"
"M697","VDB|0010-00F3-0-0001|M697-c3861-c6-c0",10022,1,790.956296148473,693,"uVSG","-","-","FF08034134"
"M441","VDB|0021-00B5-0-0016|M441-c2494-c4-c0",1733,1,2279.90075014426,2443,"uVSG","-","-","FF08034134"
"M808","VDB|0010-0092-0-0000|M808-c3098-c0-c1",18422,0.999891434154815,21.6388165038002,21,"uVSG","-","-","FF08034134"
"M579","VDB|003C-0074-0-0000|M579-c2470-c0-c0",6751,0.999851873796475,10.8841481481481,11,"uVSG","-","-","FF08034134"
"M1075","VDB|0022-0016-0-0003|M1075-c3777-c1-c0",1606,0.977584059775841,4.07515923566879,4,"uVSG","-","-","FF08034134"
"M311","VDB|0028-0059-0-0005|M311-c1716-c0-c3",4984,0.954253611556982,5.57989907485282,5,"kVSG","NC_029014_Parabacteroides_phage_YZ2015b","NC_0290141_Parabacteroides_phage_YZ2015b","FF08034134"
"M987","VDB|0010-001A-0-0001|M987-c3538-c0-c6",6175,0.932307692307692,3.40350877192982,3,"uVSG","-","-","FF08034134"
"M616","VDB|0008-000A-0-0002|M616-c2556-c1-c0",14007,0.887342043264082,15.6091399147156,13,"uVSG","-","-","FF08034134"
"M197","VDB|0038-004B-0-0002|M197-c1484-c0-c1",6164,0.884977287475665,5.05719523373052,5,"uVSG","-","-","FF08034134"
"M871","VDB|0021-00A8-0-0000|M871-c3032-c0-c6",3817,0.860623526329578,4.09558599695586,3,"uVSG","-","-","FF08034134"
"M832","VDB|0010-01A7-0-0002|M832-c3151-c0-c5",17994,0.85728576192064,6.09328406586283,3,"uVSG","-","-","FF08034134"
"M460","VDB|003A-0035-0-0000|M460-c2090-c7-c4",6923,0.84746497183302,8.70615305948526,9,"uVSG","-","-","FF08034134"
"M900","VDB|0048-005E-0-0003|M900-c3337-c0-c0",23411,0.800948272179745,2.61884699482694,2,"uVSG","-","-","FF08034134"
"M1056","VDB|0028-0052-0-0009|M1056-c3720-c2-c0",1625,0.778461538461538,2.39130434782609,2,"uVSG","-","-","FF08034134"
"M1138","VDB|000D-0023-0-0002|M1138-c3917-c0-c0",16396,0.774640156135643,2.62184079993701,2,"uVSG","-","-","FF08034134"
"M1010","VDB|0028-0051-0-0000|M1010-c3618-c0-c0",1684,0.771971496437055,1.64384615384615,2,"uVSG","-","-","FF08034134"
"M441","VDB|0021-00B5-0-0016|M441-c2494-c4-c0",1733,1,2681.28505481823,2913,"uVSG","-","-","FF08034149"
"M302","VDB|0047-009C-0-0002|M302-c2164-c0-c9",3368,1,14.1389548693587,13,"uVSG","-","-","FF08034149"
"M1056","VDB|0028-0052-0-0009|M1056-c3720-c2-c0",1625,0.998153846153846,7.94451294697904,9,"uVSG","-","-","FF08034149"
"M282","VDB|0016-0085-0-0001|M282-c3522-c0-c5",9468,0.997148288973384,82.7221692617308,103,"uVSG","-","-","FF08034149"
"M1075","VDB|0022-0016-0-0003|M1075-c3777-c1-c0",1606,0.978206724782067,17.7396562698918,18,"uVSG","-","-","FF08034149"
"M720","VDB|0026-003B-0-0001|M720-c2846-c0-c3",3196,0.92459324155194,3.91539763113367,3,"uVSG","-","-","FF08034149"
"M697","VDB|0012-004C-0-0006|M697-c3861-c6-c3",8968,0.894067796610169,1201.43502120229,1065.5,"uVSG","-","-","FF08034149"
"M805","VDB|0028-0052-0-0006|M805-c3083-c2-c3",2112,0.864583333333333,5.28039430449069,5,"uVSG","-","-","FF08034149"
"M1064","VDB|001E-00CE-0-0006|M1064-c3816-c1-c0",4379,0.854076273121717,9.38502673796791,9,"uVSG","-","-","FF08034149"
"M892","VDB|0001-0085-0-0004|M892-c3062-c0-c10",11651,0.8514290618831,24.1970766129032,23,"uVSG","-","-","FF08034149"
"M776","VDB|004F-0100-0-0001|M776-c2215-c0-c4",2668,0.839205397301349,46.8485931219294,50,"uVSG","-","-","FF08034149"
"M759","VDB|0050-005D-0-0000|M759-c2960-c2-c6",1993,0.826392373306573,9.78081360048573,9,"uVSG","-","-","FF08034149"
"M808","VDB|0047-0066-0-0006|M808-c3098-c0-c4",11508,0.820820298922489,6.91096760533559,2,"uVSG","-","-","FF08034149"
"M697","VDB|0040-00CF-0-0002|M697-c3861-c6-c9",6630,1,1058.57631975867,924,"uVSG","-","-","FF08034155"
"M1075","VDB|0022-0016-0-0003|M1075-c3777-c1-c0",1606,0.99813200498132,53.7342482844666,58,"uVSG","-","-","FF08034155"
"M829","VDB|0021-00AF-0-000E|M829-c3144-c0-c0",2052,0.993664717348928,7.61059342815105,7,"uVSG","-","-","FF08034155"
"M759","VDB|0006-002F-0-0003|M759-c2960-c2-c2",2549,0.987053746567281,5.98887122416534,6,"uVSG","-","-","FF08034155"
"M808","VDB|0050-0031-0-0003|M808-c3098-c0-c0",18970,0.980969952556668,16.0962437530227,16,"uVSG","-","-","FF08034155"
"M788","VDB|0048-004B-0-0000|M788-c3039-c2-c2",3632,0.91602422907489,7.85482416591524,8,"uVSG","-","-","FF08034155"
"M171","VDB|0047-000D-0-0004|M171-c1426-c0-c2",1604,0.853491271820449,3.72607742878013,3,"uVSG","-","-","FF08034155"
"M441","VDB|002F-00A6-0-0000|M441-c2353-c0-c9",3868,0.843071354705274,661.315547378105,592,"uVSG","-","-","FF08034155"
"M902","VDB|004A-0075-0-0000|M902-c3340-c0-c1",23966,0.83681048151548,13.6129643480429,13,"uVSG","-","-","FF08034155"
"M988","VDB|0002-0016-0-0002|M988-c3548-c3-c2",2073,0.813314037626628,14.917556346382,14,"uVSG","-","-","FF08034155"
"M10","VDB|001E-0037-0-0007|M10-c3368-c0-c1",7496,0.761205976520811,2.09428671573782,2,"uVSG","-","-","FF08034155"
"M441","VDB|001D-0026-0-0002|M441-c2353-c7-c0",5628,1,212.665955934613,115.5,"uVSG","-","-","FF08034158"
"M697","VDB|0015-000A-0-0000|M697-c3861-c6-c15",4399,1,489.831097976813,513,"uVSG","-","-","FF08034158"
"M757","VDB|004F-0228-0-0001|M757-c2104-c0-c5",2982,0.999664654594232,9.14391143911439,8,"uVSG","-","-","FF08034158"
"M302","VDB|0040-00D9-0-0002|M302-c1701-c1-c14",28203,0.995355104066943,14.4344542604731,11,"uVSG","-","-","FF08034158"
"M1005","VDB|004F-002E-0-0001|M1005-c3596-c0-c1",15616,0.960745389344262,8.03859228154369,8,"uVSG","-","-","FF08034158"
"M727","VDB|004F-0056-0-0001|M727-c2871-c0-c2",33819,0.957390815813596,8.11248378528631,8,"uVSG","-","-","FF08034158"
"M914","VDB|0040-010D-0-0001|M914-c1802-c0-c6",5142,0.948463632827694,14.2485134303875,16,"uVSG","-","-","FF08034158"
"M347","VDB|003A-000C-0-0004|M347-c1113-c0-c4",47288,0.936284046692607,5.51356295878035,5,"uVSG","-","-","FF08034158"
"M298","VDB|004C-0033-0-0003|M298-c1691-c0-c5",19742,0.928882585351028,3.99438324790053,4,"uVSG","-","-","FF08034158"
"M343","VDB|0020-0022-0-0001|M343-c2403-c0-c1",24641,0.887261068950124,7.81809449755294,8,"uVSG","-","-","FF08034158"
"M995","VDB|001E-00BF-0-0000|M995-c3569-c0-c1",19465,0.881685075777036,7.60867031814474,4,"uVSG","-","-","FF08034158"
"M311","VDB|001D-007B-0-0007|M311-c1716-c0-c15",4185,0.831063321385902,4.71995399654974,4,"kVSG","NC_029014_Parabacteroides_phage_YZ2015b","NC_0290141_Parabacteroides_phage_YZ2015b","FF08034158"
"M988","VDB|0002-0016-0-0002|M988-c3548-c3-c2",2073,0.825373854317414,11.5698421975453,11,"uVSG","-","-","FF08034158"
"M282","VDB|0051-0083-0-000C|M282-c3522-c0-c6",7246,0.820314656362131,42.5259084791386,37,"uVSG","-","-","FF08034158"
"M987","VDB|0008-00C7-0-0000|M987-c2772-c0-c0",29719,0.814596722635351,2.73749432029411,2,"uVSG","-","-","FF08034158"
"M361","VDB|0015-0004-0-0003|M361-c3755-c0-c3",2784,0.808189655172414,3.64488888888889,3,"uVSG","-","-","FF08034158"
"M1117","VDB|0020-001A-0-0006|M1117-c3877-c1-c0",7264,0.79102422907489,2.88287504350853,3,"uVSG","-","-","FF08034158"
"M900","VDB|003A-000E-0-0007|M900-c2799-c0-c7",3288,0.777068126520681,3.39256360078278,3,"uVSG","-","-","FF08034158"
"M406","VDB|0050-0059-0-0004|M406-c1658-c0-c35",3517,0.76286607904464,4.01639955273947,3,"uVSG","-","-","FF08034158"
"M808","VDB|0010-0092-0-0000|M808-c3098-c0-c1",18422,1,29.2057322766258,29,"uVSG","-","-","FF08034165"
"M441","VDB|0021-00B5-0-0016|M441-c2494-c4-c0",1733,1,1523.34448932487,1592,"uVSG","-","-","FF08034165"
"M697","VDB|0010-00F3-0-0001|M697-c3861-c6-c0",10022,1,725.054879265616,628,"uVSG","-","-","FF08034165"
"M579","VDB|003C-0074-0-0000|M579-c2470-c0-c0",6751,0.999703747592949,39.7150688990962,41,"uVSG","-","-","FF08034165"
"M900","VDB|0048-005E-0-0003|M900-c3337-c0-c0",23411,0.980393831959335,7.24394388288602,7,"uVSG","-","-","FF08034165"
"M197","VDB|0038-004B-0-0002|M197-c1484-c0-c1",6164,0.965444516547696,7.6482944043018,8,"uVSG","-","-","FF08034165"
"M237","VDB|0010-0158-0-0003|M237-c1555-c0-c5",5527,0.963452144020264,9.76244131455399,9,"uVSG","-","-","FF08034165"
"M311","VDB|0028-0059-0-0005|M311-c1716-c0-c3",4984,0.951645264847512,6.70946658233186,6,"kVSG","NC_029014_Parabacteroides_phage_YZ2015b","NC_0290141_Parabacteroides_phage_YZ2015b","FF08034165"
"M1064","VDB|0051-0064-0-0003|M1064-c2629-c0-c2",15332,0.9490607878946,4.01140815064257,4,"uVSG","-","-","FF08034165"
"M1138","VDB|000D-0023-0-0002|M1138-c3917-c0-c0",16396,0.941449133935106,4.27461777662607,4,"uVSG","-","-","FF08034165"
"M832","VDB|0046-0177-0-0000|M832-c3151-c0-c1",21735,0.891419369680239,5.0226064516129,4,"uVSG","-","-","FF08034165"
"M378","VDB|0010-01C1-0-0002|M378-c190-c0-c15",23735,0.888434800926901,3.12557499881444,3,"uVSG","-","-","FF08034165"
"M616","VDB|0008-000A-0-0002|M616-c2556-c1-c0",14007,0.888412936388948,15.7033108325297,15,"uVSG","-","-","FF08034165"
"M987","VDB|0008-00C7-0-0000|M987-c2772-c0-c0",29719,0.870150408829368,3.18325599381284,3,"uVSG","-","-","FF08034165"
"M871","VDB|0021-00A8-0-0000|M871-c3032-c0-c6",3817,0.828137280586848,3.28377095855742,3,"uVSG","-","-","FF08034165"
"M646","VDB|0028-0036-0-0000|M646-c1495-c0-c1",2175,0.821609195402299,21.2495803021824,22,"uVSG","-","-","FF08034165"
"M658","VDB|0042-000E-0-0008|M658-c3868-c0-c7",1663,0.81659651232712,3.57511045655376,4,"uVSG","-","-","FF08034165"
"M1056","VDB|0028-0052-0-0009|M1056-c3720-c2-c0",1625,0.802461538461538,2.16871165644172,2,"uVSG","-","-","FF08034165"
"M855","VDB|002C-0000-0-0000|M855-c3350-c0-c4",2602,0.756725595695619,2.42204164550533,2,"uVSG","-","-","FF08034165"
"M616","VDB|0021-00AB-0-0036|M616-c2556-c1-c0",2819,1,82.0393756651295,83,"uVSG","-","-","FF08034170"
"M642","VDB|002B-0009-0-0006|M642-c3455-c0-c0",3078,0.999350227420403,5.23602080624187,5,"uVSG","-","-","FF08034170"
"M697","VDB|0012-004C-0-0006|M697-c3861-c6-c3",8968,0.986396074933095,995.546122541262,742,"uVSG","-","-","FF08034170"
"M203","VDB|002B-0008-0-0004|M203-c1490-c0-c3",5852,0.979665071770335,5.86446886446886,5,"uVSG","-","-","FF08034170"
"M706","VDB|002C-0005-0-001A|M706-c2807-c0-c0",33806,0.959770454948826,5.28958885532885,5,"uVSG","-","-","FF08034170"
"M208","VDB|003B-0000-0-0047|M208-c45-c0-c3",164018,0.93813483885915,9.64283068284472,9,"kVSG","NC_030953_Shigella_phage_SHFML11","NC_0309531_Shigella_phage_SHFML11|NC_0421291_Escherichia_phage_slur03|NC_0310111_Shigella_phage_SHFML26|NC_0419901_Escherichia_phage_ST0|NC_0254371_Shigella_phage_Shf125875|NC_0418641_Escherichia_coli_O157_typing_phage_6|NC_0289271_Escherichia_phage_slur02|NC_0085151_Bacteriophage_RB32|NC_0254491_Escherichia_phage_ECML134|NC_0288941_Enterobacteria_phage_vB_EcoM_VR20|NC_0279791_Enterobacteria_phage_RB68|NC_0419191_UNVERIFIED_Escherichia_phage_CF2|NC_0420781_Shigella_phage_Sf24|NC_0254191_Enterobacteria_phage_RB3|NC_0145951_Shigella_phage_SP18|NC_0241252_Escherichia_phage_e11/2|NC_0258291_Shigella_phage_pSs1|NC_0419361_Escherichia_phage_ECD7|NC_0289251_Enterobacteria_phage_vB_EcoM_VR25|NC_0310471_Escherichia_phage_HY03|NC_0008664_Enterobacteria_phage_T4|NC_0193991_Enterobacteria_phage_vB_EcoM_ACGC40|NC_0274041_Yersinia_phage_PST|NC_0310301_Escherichia_phage_UFVAREG1","FF08034170"
"M305","VDB|0010-0170-0-0002|M305-c1676-c0-c6",5091,0.910823021017482,3.92883329739055,4,"uVSG","-","-","FF08034170"
"M378","VDB|0017-0006-0-0003|M378-c2832-c0-c5",1983,0.907715582450832,2.41611111111111,2,"uVSG","-","-","FF08034170"
"M1064","VDB|001E-0085-0-0000|M1064-c1042-c1-c1",89809,0.886759678874055,4.75083815718429,4,"uVSG","-","-","FF08034170"
"M914","VDB|0040-010D-0-0001|M914-c1802-c0-c6",5142,0.881174640217814,4.52615316707129,4,"uVSG","-","-","FF08034170"
"M648","VDB|004F-003C-0-0001|M648-c3579-c1-c2",2241,0.856314145470772,5.48150078165711,5,"uVSG","-","-","FF08034170"
"M892","VDB|0001-0085-0-0004|M892-c3062-c0-c10",11651,0.842674448545189,24.1653086168262,25,"uVSG","-","-","FF08034170"
"M428","VDB|0003-00C1-0-0000|M428-c2706-c0-c4",3215,0.837636080870918,3.02116598588934,3,"kVSG","NC_018285_Streptococcus_phage_YMC2011","NC_0182851_Streptococcus_phage_YMC2011","FF08034170"
"M867","VDB|0037-00ED-0-0001|M867-c1847-c3-c35",3442,0.834979662986636,8.78253305497564,9,"uVSG","-","-","FF08034170"
"M282","VDB|0051-0083-0-000C|M282-c3522-c0-c6",7246,0.818796577422026,31.9922467554357,18,"uVSG","-","-","FF08034170"
"M629","VDB|0046-0189-0-0001|M629-c1754-c0-c0",11571,0.81453634085213,139.066312997347,148,"kVSG","NC_021777_Salmonella_phage_Jersey","NC_0217771_Salmonella_phage_Jersey|NC_0420841_Escherichia_phage_VB_EcoSGolestan|NC_0279931_Escherichia_phage_K1G|NC_0419921_Salmonella_phage_wksl3|NC_0418971_Escherichia_phage_K1ind1|NC_0167631_Salmonella_phage_SE2|NC_0418981_Escherichia_phage_K1ind2|NC_0279941_Escherichia_phage_K1H","FF08034170"
"M1098","VDB|0037-0010-0-0003|M1098-c2579-c0-c5",2849,0.791856791856792,2.39494680851064,2,"uVSG","-","-","FF08034170"
"M721","VDB|004C-007B-0-0000|M721-c2849-c0-c2",3511,0.760751922529194,4.0026207412954,4,"uVSG","-","-","FF08034170"
"M694","VDB|002C-0002-0-0000|M694-c507-c0-c5",57195,0.757531252731882,8.58300828582639,7,"uVSG","-","-","FF08034170"
"M646","VDB|0040-0027-0-0000|M646-c2666-c0-c15",1590,0.99937106918239,11.7249842668345,12,"uVSG","-","-","FF08034186"
"M527","VDB|0048-0051-0-0000|M527-c2323-c0-c0",21538,0.998189246912434,13.0604679287409,13,"uVSG","-","-","FF08034186"
"M697","VDB|0001-0113-0-0000|M697-c3861-c6-c6",8363,0.994858304436207,361.596394230769,361,"uVSG","-","-","FF08034186"
"M1147","VDB|0040-00E4-0-0004|M1147-c2963-c0-c2",12850,0.97727626459144,11.7429526994744,12,"uVSG","-","-","FF08034186"
"M1064","VDB|001E-002F-0-0000|M1064-c1042-c2-c1",83939,0.973445001727445,7.9618773711908,7,"uVSG","-","-","FF08034186"
"M706","VDB|002C-0005-0-001A|M706-c2807-c0-c0",33806,0.972519671064308,8.25370319676369,8,"uVSG","-","-","FF08034186"
"M1102","VDB|0021-0089-0-0075|M1102-c76-c0-c268",1963,0.954661232806928,22.7582710779082,24,"kVSG","NC_024711_Uncultured_crAssphage","NC_0247111_Uncultured_crAssphage","FF08034186"
"M738","VDB|0028-005D-0-0008|M738-c70-c0-c12",1658,0.952955367913148,11.6759493670886,13,"uVSG","-","-","FF08034186"
"M146","VDB|001E-000F-0-0005|M146-c2684-c0-c10",5055,0.914342235410485,17.5183903072263,17,"uVSG","-","-","FF08034186"
"M867","VDB|004C-003A-0-0000|M867-c2385-c1-c43",3162,0.913662239089184,12.9719626168224,13,"uVSG","-","-","FF08034186"
"M1087","VDB|0047-0033-0-0001|M1087-c3803-c0-c0",1708,0.851288056206089,2.58596973865199,2,"uVSG","-","-","FF08034186"
"M1319","VDB|002E-0012-0-0002|M1319-c560-c1-c6",3454,0.814418066010423,4.22538215428368,4,"uVSG","-","-","FF08034186"
"M902","VDB|004C-0052-0-0002|M902-c3340-c0-c2",13405,0.768295412159642,7.30614622778911,7,"uVSG","-","-","FF08034186"
"M378","VDB|0010-0104-0-0001|M378-c190-c1-c0",8806,0.999659323188735,7.33806656821538,7,"uVSG","-","-","FF08034188"
"M1075","VDB|0021-00B6-0-003E|M1075-c3777-c1-c0",1592,0.998743718592965,5.25408805031447,5,"uVSG","-","-","FF08034188"
"M996","VDB|0001-00FB-0-0000|M996-c3359-c0-c0",21574,0.998331324742746,15.6929612777417,15,"uVSG","-","-","FF08034188"
"M787","VDB|000C-001E-0-0006|M787-c3035-c0-c0",20601,0.992184845395855,15.4109099804305,14,"uVSG","-","-","FF08034188"
"M282","VDB|0045-002A-0-0003|M282-c3522-c0-c7",7176,0.988433667781494,174.959678556323,160,"uVSG","-","-","FF08034188"
"M1069","VDB|0001-00AC-0-0004|M1069-c3754-c0-c4",1501,0.986009327115256,23.0472972972973,24,"uVSG","-","-","FF08034188"
"M1098","VDB|0037-0010-0-0003|M1098-c2579-c0-c5",2849,0.984204984204984,4.07132667617689,4,"uVSG","-","-","FF08034188"
"M727","VDB|004F-004C-0-0004|M727-c2871-c0-c1",34962,0.974858417710657,31.1631018396268,31,"uVSG","-","-","FF08034188"
"M1063","VDB|001E-0012-0-0002|M1063-c3742-c0-c0",18282,0.945137293512745,5.27125412350252,5,"uVSG","-","-","FF08034188"
"M812","VDB|0021-00B8-0-0006|M812-c3113-c0-c4",2084,0.943378119001919,9.05900305188199,8,"uVSG","-","-","FF08034188"
"M706","VDB|002C-0005-0-001A|M706-c2807-c0-c0",33806,0.940513518310359,5.58279603711275,5,"uVSG","-","-","FF08034188"
"M779","VDB|004A-0027-0-0006|M779-c3013-c0-c0",35369,0.935310582713676,3.73658595568453,3,"uVSG","-","-","FF08034188"
"M1117","VDB|0020-001A-0-0006|M1117-c3877-c1-c0",7264,0.929653083700441,6.25499777876499,5,"uVSG","-","-","FF08034188"
"M1051","VDB|0046-0118-0-0007|M1051-c3711-c0-c0",15645,0.920933205496964,14.8337729039423,15,"uVSG","-","-","FF08034188"
"M892","VDB|001E-002B-0-0006|M892-c879-c2-c1",8160,0.91703431372549,63.504476814112,64,"uVSG","-","-","FF08034188"
"M900","VDB|0048-005E-0-0003|M900-c3337-c0-c0",23411,0.916919396864722,3.93231156247088,3,"uVSG","-","-","FF08034188"
"M862","VDB|003A-0033-0-0000|M862-c902-c0-c17",2493,0.904532691536302,13.6212860310421,13,"uVSG","-","-","FF08034188"
"M697","VDB|0012-004C-0-0006|M697-c3861-c6-c3",8968,0.892060660124888,632.48925,544,"uVSG","-","-","FF08034188"
"M786","VDB|001E-0067-0-000F|M786-c3034-c0-c0",31196,0.888863956917553,13.3459915611814,13,"uVSG","-","-","FF08034188"
"M1056","VDB|0028-0052-0-0009|M1056-c3720-c2-c0",1625,0.877538461538461,20.7755960729313,22,"uVSG","-","-","FF08034188"
"M1143","VDB|0020-0018-0-0000|M1143-c3930-c0-c0",8366,0.870069328233325,4.26116224756148,4,"uVSG","-","-","FF08034188"
"M888","VDB|0021-00B8-0-003C|M888-c881-c0-c0",12853,0.867579553411655,6.54273159357905,6,"uVSG","-","-","FF08034188"
"M867","VDB|0045-0020-0-0000|M867-c1847-c3-c36",2122,0.866163996229972,34.7959738846572,37,"uVSG","-","-","FF08034188"
"M1130","VDB|004F-00F3-0-0000|M1130-c3907-c0-c1",8742,0.822237474262183,3.70715080690039,3,"uVSG","-","-","FF08034188"
"M1064","VDB|004C-00B7-0-0000|M1064-c1042-c1-c14",32496,0.807822501230921,6.92015542265057,6,"uVSG","-","-","FF08034188"
"M753","VDB|0010-0001-0-0003|M753-c3180-c0-c1",15483,0.804882774656074,3.01195634729578,3,"uVSG","-","-","FF08034188"
"M646","VDB|001D-0107-0-0009|M646-c1301-c1-c7",5115,0.798826979472141,2.41458639255996,2,"uVSG","-","-","FF08034188"
"M902","VDB|004C-0052-0-0002|M902-c3340-c0-c2",13405,0.785303991048116,19.6309489883158,20,"uVSG","-","-","FF08034188"
"M954","VDB|0012-0002-0-0002|M954-c3506-c0-c7",2143,0.779281381241251,7.43532934131736,6,"uVSG","-","-","FF08034188"
"M61","VDB|0021-00B8-0-001C|M61-c1162-c0-c1",7764,0.763395157135497,6.45064956976548,6,"uVSG","-","-","FF08034188"
"M697","VDB|0040-00CF-0-0002|M697-c3861-c6-c9",6630,1,91.0205128205128,93,"uVSG","-","-","FF08034206"
"M665","VDB|0047-000E-0-0005|M665-c2297-c6-c7",3654,0.995894909688013,20.59604286892,19,"uVSG","-","-","FF08034206"
"M892","VDB|004C-0013-0-0008|M892-c879-c3-c31",5219,0.985629430925465,28.804432348367,19,"uVSG","-","-","FF08034206"
"M940","VDB|0028-003F-0-001C|M940-c577-c0-c34",1595,0.962382445141066,2.58697068403909,2,"uVSG","-","-","FF08034206"
"M727","VDB|004F-0056-0-0001|M727-c2871-c0-c2",33819,0.957420384990686,6.34130146082337,6,"uVSG","-","-","FF08034206"
"M655","VDB|0046-020C-0-0000|M655-c2686-c0-c0",2630,0.93041825095057,7.38536984062117,5,"uVSG","-","-","FF08034206"
"M441","VDB|0021-0058-0-0000|M441-c2353-c7-c3",3199,0.915598624570178,262.009218163196,277,"uVSG","-","-","FF08034206"
"M1064","VDB|001E-002F-0-0000|M1064-c1042-c2-c1",83939,0.913961329060389,6.86228606436644,6,"uVSG","-","-","FF08034206"
"M1063","VDB|0002-0021-0-0003|M1063-c3742-c0-c1",12593,0.908361788295085,5.65425299414284,6,"uVSG","-","-","FF08034206"
"M498","VDB|0021-0008-0-0007|M498-c2243-c3-c0",3403,0.898618865706729,14.1772400261609,14,"uVSG","-","-","FF08034206"
"M914","VDB|0040-010D-0-0001|M914-c1802-c0-c6",5142,0.895176973940101,8.77797088855094,8,"uVSG","-","-","FF08034206"
"M966","VDB|0020-001B-0-0002|M966-c3494-c0-c0",20904,0.847349789513969,4.01473494043923,4,"uVSG","-","-","FF08034206"
"M1110","VDB|004F-0029-0-0000|M1110-c2124-c0-c15",29993,0.840662821324976,5.4002934877449,4,"uVSG","-","-","FF08034206"
"M911","VDB|001D-0016-0-0000|M911-c3361-c1-c0",6393,0.834819333646176,84.0547123852351,80,"uVSG","-","-","FF08034206"
"M282","VDB|0051-0083-0-000C|M282-c3522-c0-c6",7246,0.829009108473641,41.6672215748294,30,"uVSG","-","-","FF08034206"
"M995","VDB|001E-00BF-0-0000|M995-c3569-c0-c1",19465,0.818340611353712,6.52683784292799,4,"uVSG","-","-","FF08034206"
"M955","VDB|0046-01A7-0-0001|M955-c3469-c0-c1",3322,0.810656231186032,1.78239881173413,2,"uVSG","-","-","FF08034206"
"M706","VDB|0001-00A1-0-0001|M706-c2807-c0-c4",24531,0.769556887203946,4.99364339442738,3,"uVSG","-","-","FF08034206"
"M697","VDB|0015-000A-0-0000|M697-c3861-c6-c15",4399,1,1460.20481927711,1540,"uVSG","-","-","FF08034212"
"M441","VDB|0021-0058-0-0000|M441-c2353-c7-c3",3199,0.999687402313223,602.736710444027,660,"uVSG","-","-","FF08034212"
"M805","VDB|0001-009F-0-0001|M805-c3083-c2-c4",1849,0.996214169821525,5.85939196525516,6,"uVSG","-","-","FF08034212"
"M892","VDB|000E-000C-0-0002|M892-c3062-c0-c0",19587,0.989840200132741,19.5061893955024,19,"uVSG","-","-","FF08034212"
"M1056","VDB|0028-0052-0-0009|M1056-c3720-c2-c0",1625,0.912,5.2361673414305,4,"uVSG","-","-","FF08034212"
"M1110","VDB|002F-0101-0-0009|M1110-c2124-c0-c96",9231,0.892644350557903,4.21019417475728,4,"uVSG","-","-","FF08034212"
"M822","VDB|004F-00C8-0-0005|M822-c2642-c0-c2",6284,0.860120942075111,3.25291396854764,3,"uVSG","-","-","FF08034212"
"M112","VDB|0002-000F-0-0001|M112-c1289-c1-c0",26574,0.852374501392338,3.75034214824953,3,"uVSG","-","-","FF08034212"
"M349","VDB|0046-018D-0-0000|M349-c1834-c1-c16",1615,0.815479876160991,8.52467729688686,8,"kVSG","NC_029012_Parabacteroides_phage_YZ2015a","NC_0290121_Parabacteroides_phage_YZ2015a","FF08034212"
"M179","VDB|001E-0080-0-0003|M179-c2923-c0-c1",31660,0.802716361339229,4.48083733375305,4,"uVSG","-","-","FF08034212"
"M83","VDB|0046-0078-0-0000|M83-c1217-c0-c10",7928,0.799192734611504,324.669349747475,370,"uVSG","-","-","FF08034212"
"M697","VDB|0015-000A-0-0000|M697-c3861-c6-c15",4399,1,2313.38395089793,2436,"uVSG","-","-","FF08034218"
"M808","VDB|0010-0092-0-0000|M808-c3098-c0-c1",18422,1,29.660134621648,29,"uVSG","-","-","FF08034218"
"M282","VDB|0016-000A-0-0000|M282-c3840-c1-c36",3611,1,72.8648573802271,75,"uVSG","-","-","FF08034218"
"M1070","VDB|0021-00B8-0-003E|M1070-c2035-c0-c0",2796,1,42.1655937052933,42,"uVSG","-","-","FF08034218"
"M776","VDB|0028-007C-0-001B|M776-c987-c0-c2",10227,0.999902219614745,21.3843144924702,21,"uVSG","-","-","FF08034218"
"M265","VDB|000D-0048-0-0000|M265-c1614-c0-c0",48537,0.987535282361909,5.4967871150797,5,"uVSG","-","-","FF08034218"
"M892","VDB|0010-0117-0-0003|M892-c879-c3-c3",13053,0.984141576649046,17.7779075198505,17,"uVSG","-","-","FF08034218"
"M459","VDB|004C-009D-0-0006|M459-c3388-c0-c1",10269,0.983445320868634,8.02247747301713,5,"uVSG","-","-","FF08034218"
"M759","VDB|0047-0068-0-0004|M759-c2960-c2-c3",2475,0.94989898989899,19.4466184602297,20,"uVSG","-","-","FF08034218"
"M1102","VDB|0021-0033-0-0004|M1102-c3882-c0-c17",2405,0.932640332640333,126.870263040571,130,"kVSG","NC_024711_Uncultured_crAssphage","NC_0247111_Uncultured_crAssphage","FF08034218"
"M229","VDB|0048-0060-0-0000|M229-c1542-c3-c6",9399,0.919991488456219,12.8733664854863,7,"uVSG","-","-","FF08034218"
"M806","VDB|0047-005E-0-0003|M806-c3084-c0-c0",2814,0.902985074626866,20.2148760330579,21,"uVSG","-","-","FF08034218"
"M927","VDB|0050-00A5-0-0001|M927-c3407-c0-c0",17625,0.884085106382979,22.3080477474008,21,"uVSG","-","-","FF08034218"
"M871","VDB|0021-00A8-0-0000|M871-c3032-c0-c6",3817,0.882368352108986,3.08194774346793,3,"uVSG","-","-","FF08034218"
"M1098","VDB|0021-00B2-0-002B|M1098-c2579-c0-c0",2773,0.874864767399928,4.58862324814509,5,"uVSG","-","-","FF08034218"
"M738","VDB|004F-01E3-0-0007|M738-c70-c0-c129",17622,0.861025990239473,107.0487049364,113,"uVSG","-","-","FF08034218"
"M1138","VDB|000D-0023-0-0002|M1138-c3917-c0-c0",16396,0.838741156379605,2.76803374054683,2,"uVSG","-","-","FF08034218"
"M687","VDB|001F-005E-0-0001|M687-c3207-c0-c2",2572,0.838258164852255,3.82374768089054,4,"uVSG","-","-","FF08034218"
"M1110","VDB|0001-0017-0-0000|M1110-c3864-c0-c9",3235,0.818238021638331,6.77408386853041,7,"uVSG","-","-","FF08034218"
"M135","VDB|0028-0079-0-0007|M135-c1349-c1-c5",6376,0.789523212045169,10.7717520858164,11,"uVSG","-","-","FF08034218"
"M237","VDB|003A-0016-0-0004|M237-c1555-c0-c3",5555,0.783258325832583,2.56929441507699,2,"uVSG","-","-","FF08034218"
"M832","VDB|004C-003F-0-0003|M832-c3151-c0-c2",20501,0.758792254036389,2.56775520699409,2,"uVSG","-","-","FF08034218"
"M441","VDB|0046-0173-0-0000|M441-c2353-c2-c0",8440,0.751184834123223,1751.80110410095,1016,"uVSG","-","-","FF08034218"
"M759","VDB|0046-0159-0-0000|M759-c2960-c2-c1",2624,0.990853658536585,20.0057692307692,18,"uVSG","-","-","FF08034222"
"M808","VDB|0010-017B-0-0000|M808-c3098-c0-c2",12980,0.970030816640986,143.595584147407,146,"uVSG","-","-","FF08034222"
"M923","VDB|0013-0028-0-0002|M923-c3398-c3-c2",2295,0.966448801742919,12.9012623985573,12,"uVSG","-","-","FF08034222"
"M441","VDB|0009-0014-0-0002|M441-c2353-c0-c16",1959,0.956610515569168,1045.79402347919,1141,"uVSG","-","-","FF08034222"
"M835","VDB|004F-0154-0-0005|M835-c3154-c2-c0",2698,0.925871015567087,4.59127301841473,4,"uVSG","-","-","FF08034222"
"M1206","VDB|0013-003F-0-0002|M1206-c567-c0-c2",31993,0.840058762854374,4.50710671230838,4,"kVSG","NC_001895_Enterobacteria_phage_P2","NC_0018951_Enterobacteria_phage_P2|NC_0227501_Enterobacteria_phage_fiAA91ss|NC_0047451_Yersinia_phage_L413C|NC_0050561_Escherichia_phage_Wphi|NC_0217741_Salmonella_phage_FSL_SP004|NC_0288961_Escherichia_phage_pro147","FF08034222"
"M1046","VDB|0001-00AF-0-0001|M1046-c1963-c0-c1",18234,0.774432379072063,2.90822179732314,2,"uVSG","-","-","FF08034222"
"M653","VDB|0021-0057-0-0001|M653-c2675-c1-c0",2627,0.768937952036544,6.02326732673267,4,"uVSG","-","-","FF08034222"
"M697","VDB|0015-000A-0-0000|M697-c3861-c6-c15",4399,1,462.022277790407,481,"uVSG","-","-","FF08034234"
"M282","VDB|0016-0085-0-0001|M282-c3522-c0-c5",9468,0.999894381073088,53.6970529206718,57,"uVSG","-","-","FF08034234"
"M441","VDB|002C-0001-0-0004|M441-c2353-c0-c1",12885,0.999146294140473,76.1767904303247,11,"uVSG","-","-","FF08034234"
"M1005","VDB|004F-002E-0-0001|M1005-c3596-c0-c1",15616,0.993916495901639,7.53862508858965,7,"uVSG","-","-","FF08034234"
"M302","VDB|0040-00D9-0-0002|M302-c1701-c1-c14",28203,0.993724071907244,15.3962035252979,14,"uVSG","-","-","FF08034234"
"M757","VDB|004F-0228-0-0001|M757-c2104-c0-c5",2982,0.989604292421194,6.17316164012199,6,"uVSG","-","-","FF08034234"
"M806","VDB|0021-00B6-0-001A|M806-c3084-c0-c1",2112,0.987689393939394,6.96596356663471,6,"uVSG","-","-","FF08034234"
"M298","VDB|0002-001C-0-0008|M298-c1691-c0-c8",15242,0.967392730612781,6.84767717870465,7,"uVSG","-","-","FF08034234"
"M727","VDB|004F-0056-0-0001|M727-c2871-c0-c2",33819,0.958839705490996,9.37080210935332,9,"uVSG","-","-","FF08034234"
"M900","VDB|003A-000E-0-0007|M900-c2799-c0-c7",3288,0.940693430656934,4.18913676042677,3,"uVSG","-","-","FF08034234"
"M343","VDB|0020-0022-0-0001|M343-c2403-c0-c1",24641,0.889696035063512,8.45901564566893,8,"uVSG","-","-","FF08034234"
"M361","VDB|0015-0048-0-0004|M361-c3790-c0-c15",1616,0.885519801980198,6.24528301886792,6,"uVSG","-","-","FF08034234"
"M914","VDB|0040-010D-0-0001|M914-c1802-c0-c6",5142,0.876896149358226,15.2506098913285,17,"uVSG","-","-","FF08034234"
"M347","VDB|0010-00B4-0-000B|M347-c1113-c0-c9",5823,0.871887343293835,3.3836911561946,3,"uVSG","-","-","FF08034234"
"M1110","VDB|0001-0017-0-0000|M1110-c3864-c0-c9",3235,0.843585780525502,2.5734701355808,2,"uVSG","-","-","FF08034234"
"M988","VDB|0002-0016-0-0002|M988-c3548-c3-c2",2073,0.829715388326097,10.4226744186047,10,"uVSG","-","-","FF08034234"
"M995","VDB|001E-00BF-0-0000|M995-c3569-c0-c1",19465,0.817724120215772,8.54306716089715,5,"uVSG","-","-","FF08034234"
"M1143","VDB|0020-0018-0-0000|M1143-c3930-c0-c0",8366,0.797274683241693,2.38170914542729,2,"uVSG","-","-","FF08034234"
"M978","VDB|002C-0007-0-000B|M978-c3523-c0-c0",16272,0.794555063913471,2.82063578002939,3,"uVSG","-","-","FF08034234"
"M311","VDB|001D-007B-0-0007|M311-c1716-c0-c15",4185,0.7610513739546,4.25839874411303,4,"kVSG","NC_029014_Parabacteroides_phage_YZ2015b","NC_0290141_Parabacteroides_phage_YZ2015b","FF08034234"
"M241","VDB|0045-005F-0-0005|M241-c156-c1-c7",4608,0.754340277777778,2.57336018411968,2,"uVSG","-","-","FF08034234"
"M779","VDB|004A-0027-0-0006|M779-c3013-c0-c0",35369,0.750204981763691,2.54156930730384,2,"uVSG","-","-","FF08034234"
"M697","VDB|0010-00F3-0-0001|M697-c3861-c6-c0",10022,1,577.643085212532,572,"uVSG","-","-","FF08034236"
"M441","VDB|0021-0026-0-000E|M441-c2353-c7-c3",2850,1,991.899298245614,1056,"uVSG","-","-","FF08034236"
"M808","VDB|0010-0092-0-0000|M808-c3098-c0-c1",18422,1,21.1294104874606,21,"uVSG","-","-","FF08034236"
"M1138","VDB|000D-0023-0-0002|M1138-c3917-c0-c0",16396,0.991461332032203,11.7072465551181,12,"uVSG","-","-","FF08034236"
"M1063","VDB|001E-0012-0-0002|M1063-c3742-c0-c0",18282,0.966305655836342,6.75919846031926,7,"uVSG","-","-","FF08034236"
"M832","VDB|0010-01A7-0-0002|M832-c3151-c0-c5",17994,0.950928087140158,11.4849512009818,10,"uVSG","-","-","FF08034236"
"M939","VDB|0037-00E7-0-0000|M939-c3437-c0-c0",24880,0.93814308681672,3.77515959042029,3,"uVSG","-","-","FF08034236"
"M892","VDB|001E-0033-0-0002|M892-c3062-c0-c11",11172,0.935642678123881,21.8837654261934,11,"uVSG","-","-","FF08034236"
"M962","VDB|002F-00C8-0-0002|M962-c3487-c0-c0",21427,0.908619965464134,9.75294057219169,9,"uVSG","-","-","FF08034236"
"M343","VDB|0020-0022-0-0001|M343-c2403-c0-c1",24641,0.884785520068179,5.39450509127603,4,"uVSG","-","-","FF08034236"
"M867","VDB|004F-003D-0-0003|M867-c2128-c1-c18",3206,0.881784154709919,6.78422355854262,6,"uVSG","-","-","FF08034236"
"M1064","VDB|0002-002F-0-0000|M1064-c1042-c2-c105",24967,0.829615091921336,3.56978709023319,3,"uVSG","-","-","FF08034236"
"M1056","VDB|0028-0052-0-0009|M1056-c3720-c2-c0",1625,0.827692307692308,10.3085501858736,10,"uVSG","-","-","FF08034236"
"M282","VDB|0051-0083-0-000C|M282-c3522-c0-c6",7246,0.820590670714877,27.3331651530441,22,"uVSG","-","-","FF08034236"
"M927","VDB|0028-007C-0-000D|M927-c2645-c0-c1",2662,0.81893313298272,2.78302752293578,2,"uVSG","-","-","FF08034236"
"M1028","VDB|002E-0001-0-000D|M1028-c2893-c0-c0",2318,0.801984469370147,4.1382463690156,3,"uVSG","-","-","FF08034236"
"M1110","VDB|0008-0013-0-0002|M1110-c3831-c0-c8",11199,0.800964371818912,10.2007803790412,8,"uVSG","-","-","FF08034236"
"M706","VDB|0001-00A1-0-0001|M706-c2807-c0-c4",24531,0.794504912151971,5.68081067213956,4,"uVSG","-","-","FF08034236"
"M902","VDB|004C-0052-0-0002|M902-c3340-c0-c2",13405,0.794181275643417,24.5096749953034,25,"uVSG","-","-","FF08034236"
"M1049","VDB|0051-00B8-0-0002|M1049-c3702-c0-c4",12649,0.773104593248478,13.942938950813,14,"uVSG","-","-","FF08034236"
"M697","VDB|0015-000A-0-0000|M697-c3861-c6-c15",4399,1,292.007729029325,306,"uVSG","-","-","FF08034243"
"M527","VDB|0048-0051-0-0000|M527-c2323-c0-c0",21538,0.998421394744173,22.0669177827381,21,"uVSG","-","-","FF08034243"
"M892","VDB|0047-006C-0-0000|M892-c3062-c0-c77",6043,0.98858183021678,21.5820220957482,11,"uVSG","-","-","FF08034243"
"M1064","VDB|0008-002B-0-0000|M1064-c1042-c1-c2",82445,0.97506216265389,27.6266404607596,28,"uVSG","-","-","FF08034243"
"M850","VDB|0048-005E-0-0002|M850-c1541-c0-c1",45001,0.974111686406969,9.14782370654257,9,"uVSG","-","-","FF08034243"
"M1131","VDB|004D-0034-0-0001|M1131-c3908-c0-c0",21807,0.970789196129683,59.9520075578649,64,"uVSG","-","-","FF08034243"
"M801","VDB|0031-0015-0-0003|M801-c143-c0-c9",87286,0.946440437183512,169.026122429216,170,"uVSG","-","-","FF08034243"
"M229","VDB|001D-009E-0-0001|M229-c1542-c3-c15",6147,0.94501382788352,16.1063866414185,8,"uVSG","-","-","FF08034243"
"M706","VDB|002C-0005-0-001A|M706-c2807-c0-c0",33806,0.932438028752293,7.04663409682127,6,"uVSG","-","-","FF08034243"
"M343","VDB|001E-0056-0-0001|M343-c2403-c0-c2",21090,0.92574679943101,6.49108789182545,6,"uVSG","-","-","FF08034243"
"M1329","VDB|002F-0126-0-0011|M1329-c936-c0-c6",19705,0.862928190814514,5.24617737003058,4,"uVSG","-","-","FF08034243"
"M302","VDB|0040-010F-0-0000|M302-c1701-c1-c8",33749,0.853684553616403,4.76640866335774,4,"uVSG","-","-","FF08034243"
"M506","VDB|0047-000B-0-0000|M506-c2802-c0-c0",5071,0.852494577006508,118.139949109415,110,"uVSG","-","-","FF08034243"
"M1089","VDB|0040-0149-0-0000|M1089-c3806-c0-c1",17381,0.848915482423336,114.731074212131,65,"uVSG","-","-","FF08034243"
"M646","VDB|0008-00C1-0-0003|M646-c1301-c1-c1",19091,0.817715153737363,17.8971878803408,18,"uVSG","-","-","FF08034243"
"M1110","VDB|0027-002D-0-0002|M1110-c3101-c0-c1",20895,0.814261785116057,6.12530856941342,6,"uVSG","-","-","FF08034243"
"M219","VDB|0003-00CE-0-0000|M219-c3440-c0-c3",5884,0.796736913664174,49.106228668942,53,"uVSG","-","-","FF08034243"
"M510","VDB|0016-0021-0-0002|M510-c2274-c0-c9",3131,0.779303736825295,16.0627049180328,17,"uVSG","-","-","FF08034243"
"M822","VDB|0037-00F4-0-0003|M822-c965-c0-c30",10609,0.752380054670563,2.84815835630168,2,"uVSG","-","-","FF08034243"
"M697","VDB|0015-000A-0-0000|M697-c3861-c6-c15",4399,1,180.125483064333,187,"uVSG","-","-","FF08034270"
"M822","VDB|0048-0005-0-0003|M822-c965-c0-c34",1857,0.997845988152935,15.5310307609282,16,"uVSG","-","-","FF08034270"
"M527","VDB|0048-0051-0-0000|M527-c2323-c0-c0",21538,0.988485467545733,5.92325035227806,6,"uVSG","-","-","FF08034270"
"M1131","VDB|004D-000E-0-0001|M1131-c3637-c0-c0",21670,0.980203045685279,152.293912715974,155,"uVSG","-","-","FF08034270"
"M1064","VDB|0002-002F-0-0000|M1064-c1042-c2-c105",24967,0.953458565306204,12.6667926906112,8,"uVSG","-","-","FF08034270"
"M801","VDB|0031-0015-0-0003|M801-c143-c0-c9",87286,0.944401163989643,29.1806315431927,29,"uVSG","-","-","FF08034270"
"M867","VDB|004C-00CF-0-0000|M867-c2385-c1-c54",3085,0.9354943273906,7.38218988218988,8,"uVSG","-","-","FF08034270"
"M510","VDB|0039-0015-0-0000|M510-c2274-c0-c11",2831,0.902861179795125,8.71635367762128,8,"uVSG","-","-","FF08034270"
"M1110","VDB|0001-0017-0-0000|M1110-c3864-c0-c9",3235,0.880061823802164,13.1640323147172,13,"uVSG","-","-","FF08034270"
"M302","VDB|003A-000D-0-0002|M302-c2488-c0-c0",35500,0.875464788732394,15.0212362045111,15,"uVSG","-","-","FF08034270"
"M506","VDB|0047-000B-0-0000|M506-c2802-c0-c0",5071,0.844014987182015,20.5207943925234,20,"uVSG","-","-","FF08034270"
"M1089","VDB|0040-0149-0-0000|M1089-c3806-c0-c1",17381,0.827800471779529,263.03204058938,145,"uVSG","-","-","FF08034270"
"M1050","VDB|0008-002A-0-0008|M1050-c3704-c0-c1",6283,0.807735158363839,3.43586206896552,3,"uVSG","-","-","FF08034270"
"M343","VDB|001E-0056-0-0001|M343-c2403-c0-c2",21090,0.805595068752963,3.15685697469099,3,"uVSG","-","-","FF08034270"
"M706","VDB|0001-00A1-0-0001|M706-c2807-c0-c4",24531,0.800334270922506,5.93801252992411,4,"uVSG","-","-","FF08034270"
"M219","VDB|0003-00CE-0-0000|M219-c3440-c0-c3",5884,0.786199864038069,98.3923476005188,109,"uVSG","-","-","FF08034270"
"M936","VDB|001D-006D-0-0000|M936-c3738-c0-c8",2140,0.785981308411215,2.8281807372176,2,"uVSG","-","-","FF08034270"
"M892","VDB|001E-002B-0-0006|M892-c879-c2-c1",8160,0.782352941176471,15.0327380952381,4,"uVSG","-","-","FF08034270"
"M104","VDB|0006-0045-0-0000|M104-c1264-c1-c7",2742,0.781546316557257,16.8660755949603,17,"uVSG","-","-","FF08034270"
"M892","VDB|002F-0024-0-0000|M892-c3062-c0-c103",4160,1,61.1036057692308,62,"uVSG","-","-","FF08034294"
"M697","VDB|0015-000A-0-0000|M697-c3861-c6-c15",4399,1,1407.01886792453,1461,"uVSG","-","-","FF08034294"
"M1109","VDB|0021-0003-0-000B|M1109-c3859-c0-c4",1541,0.99805321219987,17.1944083224967,17,"uVSG","-","-","FF08034294"
"M1070","VDB|0047-004D-0-0000|M1070-c3759-c0-c0",1617,0.996289424860853,9.10552451893234,9,"uVSG","-","-","FF08034294"
"M59","VDB|0017-000A-0-0000|M59-c954-c0-c3",111011,0.971354190125303,4.96103161428532,5,"kVSG","NC_018843_Salmonella_phage_SSU5","NC_0188431_Salmonella_phage_SSU5","FF08034294"
"M665","VDB|0017-000A-0-0001|M665-c2297-c6-c2",5136,0.960669781931464,5.12342926631536,4,"uVSG","-","-","FF08034294"
"M441","VDB|0048-0014-0-0001|M441-c2353-c0-c2",8442,0.932717365553186,580.03746507493,482,"uVSG","-","-","FF08034294"
"M497","VDB|0027-0037-0-0000|M497-c3430-c0-c4",1930,0.90880829015544,2.71379703534778,2,"uVSG","-","-","FF08034294"
"M651","VDB|0033-0001-0-0000|M651-c2751-c0-c1",21866,0.907344736120004,10.3162802419355,9,"uVSG","-","-","FF08034294"
"M701","VDB|0021-0067-0-0001|M701-c2785-c0-c0",9956,0.856669345118521,8.10798452339079,7,"uVSG","-","-","FF08034294"
"M900","VDB|0048-005E-0-0003|M900-c3337-c0-c0",23411,0.815727649395583,3.02607739435513,3,"uVSG","-","-","FF08034294"
"M1117","VDB|0051-0015-0-0001|M1117-c1761-c0-c0",63094,0.788315846197737,3.13464554264345,3,"uVSG","-","-","FF08034294"
"M625","VDB|0024-0000-0-0002|M625-c2599-c2-c5",5200,0.760576923076923,3.00429835651075,3,"uVSG","-","-","FF08034294"
"M787","VDB|0048-003B-0-0003|M787-c3035-c0-c5",2381,1,30.0642587148257,30,"uVSG","-","-","FF08034302"
"M441","VDB|0021-0058-0-0000|M441-c2353-c7-c3",3199,0.999374804626446,394.375039099155,427,"uVSG","-","-","FF08034302"
"M892","VDB|0016-0020-0-0000|M892-c3062-c0-c2",16136,0.996467526028756,93.8790969587661,86,"uVSG","-","-","FF08034302"
"M996","VDB|001D-00EB-0-0000|M996-c3570-c0-c0",26726,0.991094814038764,30.8679401993355,31,"uVSG","-","-","FF08034302"
"M808","VDB|0010-0092-0-0000|M808-c3098-c0-c1",18422,0.977744001737054,8.55923828558739,8,"uVSG","-","-","FF08034302"
"M706","VDB|002C-0005-0-001A|M706-c2807-c0-c0",33806,0.936165177779092,5.4617985338726,5,"uVSG","-","-","FF08034302"
"M1051","VDB|001D-0117-0-0005|M1051-c3711-c0-c1",13121,0.929807179330844,30.6611475409836,30,"uVSG","-","-","FF08034302"
"M923","VDB|001E-000A-0-0006|M923-c3291-c0-c1",12062,0.927872657934008,5.83005718370265,5,"uVSG","-","-","FF08034302"
"M1110","VDB|0016-000E-0-0007|M1110-c3101-c0-c8",16062,0.872992155397833,4.31757238625018,3,"uVSG","-","-","FF08034302"
"M229","VDB|0024-0055-0-0005|M229-c1542-c3-c9",7848,0.832059123343527,34.8425727411945,20,"uVSG","-","-","FF08034302"
"M936","VDB|001E-000E-0-0007|M936-c2057-c0-c4",12516,0.825423457973794,6.65743877649792,6,"uVSG","-","-","FF08034302"
"M1064","VDB|001E-002F-0-0000|M1064-c1042-c2-c1",83939,0.810957957564422,18.4636629401654,16,"uVSG","-","-","FF08034302"
"M527","VDB|0048-0051-0-0000|M527-c2323-c0-c0",21538,0.807224440523726,2.42229379960888,2,"uVSG","-","-","FF08034302"
"M697","VDB|0010-00F3-0-0001|M697-c3861-c6-c0",10022,0.802135302334863,180.48550814778,223,"uVSG","-","-","FF08034302"
"M1017","VDB|004F-018A-0-0000|M1017-c3634-c0-c1",12440,0.793408360128617,5.78794326241135,6,"uVSG","-","-","FF08034302"
"M786","VDB|001D-00C7-0-0002|M786-c3034-c0-c1",22115,0.784535383224056,28.7284726224784,29,"uVSG","-","-","FF08034302"
"M343","VDB|004C-006D-0-0003|M343-c1818-c0-c2",53567,0.770325013534452,2.67237785963552,2,"uVSG","-","-","FF08034302"
"M914","VDB|0040-010D-0-0001|M914-c1802-c0-c6",5142,0.766044340723454,43.4092409240924,57,"uVSG","-","-","FF08034302"
"M756","VDB|0050-00D3-0-0003|M756-c2952-c0-c2",36886,0.762321748088706,7.6247377218251,6,"uVSG","-","-","FF08034302"
"M651","VDB|0016-0011-0-0001|M651-c1075-c4-c3",8525,0.755542521994135,8.72457692904828,5,"uVSG","-","-","FF08034302"
"M441","VDB|0021-00B5-0-0016|M441-c2494-c4-c0",1733,1,3734.54183496826,3939,"uVSG","-","-","FF08034315"
"M302","VDB|0047-009C-0-0002|M302-c2164-c0-c9",3368,1,22.8687648456057,23,"uVSG","-","-","FF08034315"
"M282","VDB|0016-0085-0-0001|M282-c3522-c0-c5",9468,0.999155048584706,49.6457716701903,62,"uVSG","-","-","FF08034315"
"M1075","VDB|0022-0016-0-0003|M1075-c3777-c1-c0",1606,0.987546699875467,11.2049180327869,12,"uVSG","-","-","FF08034315"
"M805","VDB|0028-0052-0-0006|M805-c3083-c2-c3",2112,0.979166666666667,3.88974854932302,4,"uVSG","-","-","FF08034315"
"M1056","VDB|0028-0052-0-0009|M1056-c3720-c2-c0",1625,0.978461538461538,8.31132075471698,8,"uVSG","-","-","FF08034315"
"M759","VDB|0050-005D-0-0000|M759-c2960-c2-c6",1993,0.894631209232313,7.39708356702187,6,"uVSG","-","-","FF08034315"
"M697","VDB|0012-004C-0-0006|M697-c3861-c6-c3",8968,0.889830508474576,1564.46604010025,1452,"uVSG","-","-","FF08034315"
"M892","VDB|0001-0085-0-0004|M892-c3062-c0-c10",11651,0.872886447515235,23.2692232055064,21,"uVSG","-","-","FF08034315"
"M1110","VDB|004C-008A-0-0006|M1110-c3101-c0-c21",7314,0.854662291495762,4.27579587266037,4,"uVSG","-","-","FF08034315"
"M776","VDB|004F-0100-0-0001|M776-c2215-c0-c4",2668,0.822338830584708,7.83910665451231,8,"uVSG","-","-","FF08034315"
"M720","VDB|0026-003B-0-0001|M720-c2846-c0-c3",3196,0.821339173967459,3.52190476190476,3,"uVSG","-","-","FF08034315"
"M757","VDB|001E-00A2-0-0000|M757-c3443-c0-c1",20099,0.758992984725608,3.03874139626352,2,"uVSG","-","-","FF08034315"
"M697","VDB|0010-00F3-0-0001|M697-c3861-c6-c0",10022,1,1031.5923967272,923,"uVSG","-","-","FF08034327"
"M441","VDB|0048-0014-0-0001|M441-c2353-c0-c2",8442,1,1352.37064676617,1168,"uVSG","-","-","FF08034327"
"M207","VDB|0046-0175-0-0000|M207-c1499-c0-c1",6521,0.999233246434596,16.0974524248005,16,"uVSG","-","-","FF08034327"
"M757","VDB|0012-000A-0-0009|M757-c2104-c0-c1",33829,0.990599781252771,7.54113574647131,7,"uVSG","-","-","FF08034327"
"M964","VDB|000C-0052-0-0003|M964-c3224-c1-c7",2119,0.988673902784332,7.16467780429594,7,"uVSG","-","-","FF08034327"
"M1005","VDB|0012-001E-0-000B|M1005-c3596-c0-c2",14412,0.979669719678046,5.9740066576953,6,"uVSG","-","-","FF08034327"
"M497","VDB|0030-007B-0-0007|M497-c2239-c0-c1",44151,0.97182396774705,5.65821427739064,5,"uVSG","-","-","FF08034327"
"M356","VDB|0030-0069-0-0001|M356-c1853-c0-c1",2142,0.964985994397759,14.711175616836,15,"uVSG","-","-","FF08034327"
"M366","VDB|0016-007F-0-0004|M366-c2282-c0-c0",9625,0.964363636363636,15.4762982115923,16,"uVSG","-","-","FF08034327"
"M521","VDB|0046-014E-0-0002|M521-c1207-c0-c5",2496,0.945913461538462,34.6204997882253,35,"uVSG","-","-","FF08034327"
"M378","VDB|004F-0036-0-0002|M378-c2832-c0-c1",6489,0.879950685775928,4.46479859894921,4,"uVSG","-","-","FF08034327"
"M1056","VDB|0028-0052-0-0009|M1056-c3720-c2-c0",1625,0.863384615384615,2.89237348538845,2,"uVSG","-","-","FF08034327"
"M808","VDB|0047-0066-0-0006|M808-c3098-c0-c4",11508,0.861661452902329,8.31867688584106,4,"uVSG","-","-","FF08034327"
"M406","VDB|0047-0040-0-0004|M406-c846-c0-c12",9536,0.855075503355705,6.92285994603875,7,"uVSG","-","-","FF08034327"
"M951","VDB|0021-003B-0-0010|M951-c3463-c1-c1",1793,0.844394868934746,10.7153236459709,10.5,"uVSG","-","-","FF08034327"
"M1110","VDB|004F-00F2-0-0002|M1110-c3831-c0-c2",13758,0.83914813199593,4.62078822000866,4,"uVSG","-","-","FF08034327"
"M816","VDB|0012-0033-0-0004|M816-c2175-c0-c2",15236,0.803557364137569,6.12325410438618,5,"uVSG","-","-","FF08034327"
"M282","VDB|0021-002C-0-0008|M282-c2487-c1-c2",2871,1,166.826192964124,175,"uVSG","-","-","FF08034331"
"M697","VDB|0010-00F3-0-0001|M697-c3861-c6-c0",10022,1,700.655258431451,617,"uVSG","-","-","FF08034331"
"M892","VDB|0016-0020-0-0000|M892-c3062-c0-c2",16136,0.981346058502727,80.2193242816546,61,"uVSG","-","-","FF08034331"
"M1117","VDB|0051-0015-0-0001|M1117-c1761-c0-c0",63094,0.977715789140013,5.80641291661263,5,"uVSG","-","-","FF08034331"
"M1102","VDB|004A-0090-0-0001|M1102-c3882-c0-c22",2037,0.970054000981836,6.83856275303644,6,"kVSG","NC_024711_Uncultured_crAssphage","NC_0247111_Uncultured_crAssphage","FF08034331"
"M738","VDB|0028-001B-0-0001|M738-c70-c0-c2",2058,0.967444120505345,5.74183827222501,5,"uVSG","-","-","FF08034331"
"M706","VDB|002C-0005-0-001A|M706-c2807-c0-c0",33806,0.956487014139502,12.5263027678986,12,"uVSG","-","-","FF08034331"
"M855","VDB|002B-0008-0-002C|M855-c3787-c0-c0",1586,0.953341740226986,4.23412698412698,4,"uVSG","-","-","FF08034331"
"M1138","VDB|000D-0023-0-0002|M1138-c3917-c0-c0",16396,0.947975115881922,4.51766068326578,4,"uVSG","-","-","FF08034331"
"M808","VDB|0047-0066-0-0006|M808-c3098-c0-c4",11508,0.94508168230796,16.8767009930121,15,"uVSG","-","-","FF08034331"
"M832","VDB|0010-01A7-0-0002|M832-c3151-c0-c5",17994,0.940869178615094,6.64477259303012,4,"uVSG","-","-","FF08034331"
"M1063","VDB|001E-0012-0-0002|M1063-c3742-c0-c0",18282,0.924844108959632,4.467589306837,4,"uVSG","-","-","FF08034331"
"M311","VDB|0022-0008-0-0000|M311-c1716-c0-c4",4960,0.902217741935484,3.79664804469274,3,"kVSG","NC_029014_Parabacteroides_phage_YZ2015b","NC_0290141_Parabacteroides_phage_YZ2015b","FF08034331"
"M422","VDB|0051-00B4-0-0000|M422-c2012-c0-c4",2911,0.899690827894194,2.81634211531119,3,"uVSG","-","-","FF08034331"
"M1098","VDB|004C-0029-0-0000|M1098-c2579-c0-c3",3063,0.8837740777016,3.48134466198744,3,"uVSG","-","-","FF08034331"
"M756","VDB|0050-00D3-0-0003|M756-c2952-c0-c2",36886,0.840996584069837,8.53686212565681,4,"uVSG","-","-","FF08034331"
"M947","VDB|002B-0009-0-0005|M947-c3449-c0-c2",9707,0.829298444421551,3.17316770186335,3,"uVSG","-","-","FF08034331"
"M229","VDB|0048-0060-0-0000|M229-c1542-c3-c6",9399,0.826364506862432,51.3151796060255,8,"uVSG","-","-","FF08034331"
"M987","VDB|004F-00C3-0-0002|M987-c2948-c0-c0",25716,0.801018820967491,2.86960532064663,3,"uVSG","-","-","FF08034331"
"M276","VDB|0037-0072-0-0008|M276-c1638-c4-c4",3881,0.795928884308168,2.96762706377468,3,"uVSG","-","-","FF08034331"
"M687","VDB|0010-0071-0-0002|M687-c3207-c0-c1",5185,0.77473481195757,2.74060243963157,2,"uVSG","-","-","FF08034331"
"M700","VDB|0008-003B-0-0007|M700-c2324-c0-c1",14681,0.755398133642122,2.6907123534716,2,"uVSG","-","-","FF08034331"
"M642","VDB|002B-0009-0-0006|M642-c3455-c0-c0",3078,0.99317738791423,4.98135426889107,5,"uVSG","-","-","FF08034334"
"M697","VDB|0012-004C-0-0006|M697-c3861-c6-c3",8968,0.986396074933095,929.786118019444,749,"uVSG","-","-","FF08034334"
"M1064","VDB|0002-002F-0-0000|M1064-c1042-c2-c105",24967,0.984219169303481,5.93598665201644,5,"uVSG","-","-","FF08034334"
"M203","VDB|002B-0008-0-0004|M203-c1490-c0-c3",5852,0.978810663021189,5.01030027932961,5,"uVSG","-","-","FF08034334"
"M378","VDB|0017-0006-0-0003|M378-c2832-c0-c5",1983,0.949571356530509,6.09930961232076,6,"uVSG","-","-","FF08034334"
"M208","VDB|003B-0000-0-0047|M208-c45-c0-c3",164018,0.942914802033923,22.5366784132424,22,"kVSG","NC_030953_Shigella_phage_SHFML11","NC_0309531_Shigella_phage_SHFML11|NC_0421291_Escherichia_phage_slur03|NC_0310111_Shigella_phage_SHFML26|NC_0419901_Escherichia_phage_ST0|NC_0254371_Shigella_phage_Shf125875|NC_0418641_Escherichia_coli_O157_typing_phage_6|NC_0289271_Escherichia_phage_slur02|NC_0085151_Bacteriophage_RB32|NC_0254491_Escherichia_phage_ECML134|NC_0288941_Enterobacteria_phage_vB_EcoM_VR20|NC_0279791_Enterobacteria_phage_RB68|NC_0419191_UNVERIFIED_Escherichia_phage_CF2|NC_0420781_Shigella_phage_Sf24|NC_0254191_Enterobacteria_phage_RB3|NC_0145951_Shigella_phage_SP18|NC_0241252_Escherichia_phage_e11/2|NC_0258291_Shigella_phage_pSs1|NC_0419361_Escherichia_phage_ECD7|NC_0289251_Enterobacteria_phage_vB_EcoM_VR25|NC_0310471_Escherichia_phage_HY03|NC_0008664_Enterobacteria_phage_T4|NC_0193991_Enterobacteria_phage_vB_EcoM_ACGC40|NC_0274041_Yersinia_phage_PST|NC_0310301_Escherichia_phage_UFVAREG1","FF08034334"
"M305","VDB|001E-0094-0-0006|M305-c1676-c0-c13",5070,0.933727810650888,6.30185889311365,6,"uVSG","-","-","FF08034334"
"M1132","VDB|002F-00A8-0-0004|M1132-c1068-c0-c1",15777,0.91500285225328,10.5461346633416,10,"uVSG","-","-","FF08034334"
"M1070","VDB|0047-004D-0-0000|M1070-c3759-c0-c0",1617,0.910946196660482,1.76714188730482,2,"uVSG","-","-","FF08034334"
"M616","VDB|0008-000A-0-0002|M616-c2556-c1-c0",14007,0.885771400014279,29.0721366970259,28,"uVSG","-","-","FF08034334"
"M706","VDB|0001-00A1-0-0001|M706-c2807-c0-c4",24531,0.850841792018263,8.29700076657723,6,"uVSG","-","-","FF08034334"
"M892","VDB|0001-0085-0-0004|M892-c3062-c0-c10",11651,0.844562698480817,26.5906504065041,29,"uVSG","-","-","FF08034334"
"M900","VDB|0026-002C-0-0004|M900-c2799-c0-c2",21039,0.843433623271068,2.70526908988447,2,"uVSG","-","-","FF08034334"
"M282","VDB|0051-0083-0-000C|M282-c3522-c0-c6",7246,0.825696936240685,33.1868627778706,10,"uVSG","-","-","FF08034334"
"M70","VDB|001D-00E8-0-0005|M70-c1182-c0-c4",3532,0.807757644394111,2.66876971608833,2,"uVSG","-","-","FF08034334"
"M867","VDB|0021-0000-0-0019|M867-c2568-c0-c13",2794,0.800644237652112,5.06437192668753,4,"uVSG","-","-","FF08034334"
"M1098","VDB|0030-0025-0-0002|M1098-c3832-c0-c4",3825,0.794771241830065,2.39276315789474,2,"uVSG","-","-","FF08034334"
"M914","VDB|0040-010D-0-0001|M914-c1802-c0-c6",5142,0.781408012446519,6.01045296167247,5,"uVSG","-","-","FF08034334"
"M993","VDB|0029-0002-0-0007|M993-c3566-c0-c2",2958,0.779242731575389,2.74446854663774,2,"uVSG","-","-","FF08034334"
"M629","VDB|0046-0189-0-0001|M629-c1754-c0-c0",11571,0.769682827759053,8.83011452953065,9,"kVSG","NC_021777_Salmonella_phage_Jersey","NC_0217771_Salmonella_phage_Jersey|NC_0420841_Escherichia_phage_VB_EcoSGolestan|NC_0279931_Escherichia_phage_K1G|NC_0419921_Salmonella_phage_wksl3|NC_0418971_Escherichia_phage_K1ind1|NC_0167631_Salmonella_phage_SE2|NC_0418981_Escherichia_phage_K1ind2|NC_0279941_Escherichia_phage_K1H","FF08034334"
"M808","VDB|0010-0092-0-0000|M808-c3098-c0-c1",18422,1,51.4191727282597,51,"uVSG","-","-","FF08034335"
"M282","VDB|0016-001D-0-0005|M282-c3840-c1-c57",1824,1,148.839364035088,149,"uVSG","-","-","FF08034335"
"M1107","VDB|0015-000B-0-000C|M1107-c808-c0-c25",1955,1,19.5345268542199,20,"uVSG","-","-","FF08034335"
"M697","VDB|0001-0113-0-0000|M697-c3861-c6-c6",8363,0.995934473275141,1189.27098091007,1198,"uVSG","-","-","FF08034335"
"M435","VDB|0010-0120-0-000B|M435-c2042-c0-c4",3333,0.993099309930993,8.18368580060423,8,"uVSG","-","-","FF08034335"
"M302","VDB|003A-000D-0-0002|M302-c2488-c0-c0",35500,0.987718309859155,13.1835215605749,10,"uVSG","-","-","FF08034335"
"M738","VDB|0030-0086-0-0027|M738-c70-c0-c64",96575,0.927548537406161,84.920527361629,80,"uVSG","-","-","FF08034335"
"M1102","VDB|0028-0085-0-0007|M1102-c72-c0-c142",89891,0.909112146933508,79.1281555536521,79,"kVSG","NC_024711_Uncultured_crAssphage","NC_0247111_Uncultured_crAssphage","FF08034335"
"M1138","VDB|000D-0023-0-0002|M1138-c3917-c0-c0",16396,0.90546474749939,3.33935066684629,3,"uVSG","-","-","FF08034335"
"M948","VDB|0028-0049-0-0001|M948-c3454-c0-c2",1799,0.902167871039466,67.1947011706716,79,"uVSG","-","-","FF08034335"
"M462","VDB|001E-001E-0-0006|M462-c2097-c0-c1",10933,0.899478642641544,5.51271100264389,5,"uVSG","-","-","FF08034335"
"M1075","VDB|0021-00B6-0-003E|M1075-c3777-c1-c0",1592,0.868718592964824,2.25451916124367,2,"uVSG","-","-","FF08034335"
"M832","VDB|0010-01B6-0-0000|M832-c3151-c0-c3",18744,0.850352112676056,3.08664282577326,3,"uVSG","-","-","FF08034335"
"M637","VDB|0021-00B6-0-0006|M637-c2638-c0-c0",2709,0.819859726836471,2.56866276452049,2,"uVSG","-","-","FF08034335"
"M646","VDB|0021-0089-0-0064|M646-c71-c0-c0",2315,0.790496760259179,2.76338797814208,2,"uVSG","-","-","FF08034335"
"M441","VDB|0046-0173-0-0000|M441-c2353-c2-c0",8440,0.76718009478673,1830.72849420849,1829,"uVSG","-","-","FF08034335"
"M808","VDB|0010-0092-0-0000|M808-c3098-c0-c1",18422,1,52.2254369775269,52,"uVSG","-","-","FF08034361"
"M900","VDB|004C-0072-0-0000|M900-c2799-c0-c0",31133,0.996145569010375,7.90977976977397,8,"uVSG","-","-","FF08034361"
"M697","VDB|0001-0113-0-0000|M697-c3861-c6-c6",8363,0.995695324644266,825.909451182899,830,"uVSG","-","-","FF08034361"
"M646","VDB|0021-0089-0-0064|M646-c71-c0-c0",2315,0.992656587473002,4.91383812010444,5,"uVSG","-","-","FF08034361"
"M282","VDB|0042-004B-0-0004|M282-c3840-c1-c4",6990,0.987410586552217,96.1777745580991,98,"uVSG","-","-","FF08034361"
"M302","VDB|003A-000D-0-0002|M302-c2488-c0-c0",35500,0.981492957746479,12.9926527566513,10,"uVSG","-","-","FF08034361"
"M738","VDB|0030-0086-0-0027|M738-c70-c0-c64",96575,0.965643282422987,5.91284300374235,5,"uVSG","-","-","FF08034361"
"M462","VDB|001E-001E-0-0006|M462-c2097-c0-c1",10933,0.926644105003201,11.2154772480505,11,"uVSG","-","-","FF08034361"
"M435","VDB|0028-007A-0-0007|M435-c2042-c0-c3",3488,0.900516055045872,7.03438395415473,7,"uVSG","-","-","FF08034361"
"M948","VDB|0028-0049-0-0001|M948-c3454-c0-c2",1799,0.899944413563091,29.8394070413836,34,"uVSG","-","-","FF08034361"
"M1283","VDB|0028-002E-0-0001|M1283-c2850-c1-c1",7971,0.864759754108644,43.9242709995648,45,"uVSG","-","-","FF08034361"
"M10","VDB|0012-0006-0-0001|M10-c1012-c0-c14",10162,0.862035032473922,4.15490867579909,4,"uVSG","-","-","FF08034361"
"M1303","VDB|0046-00D6-0-0000|M1303-c797-c0-c1",16544,0.824407640232108,15.942297822421,16,"uVSG","-","-","FF08034361"
"M441","VDB|0046-0173-0-0000|M441-c2353-c2-c0",8440,0.769075829383886,1185.69311354183,1363,"uVSG","-","-","FF08034361"
"M441","VDB|001D-0026-0-0002|M441-c2353-c7-c0",5628,1,115.705934612651,63,"uVSG","-","-","FF08034386"
"M990","VDB|0016-0068-0-0004|M990-c2783-c0-c4",4516,1,13.9282550930027,13,"uVSG","-","-","FF08034386"
"M697","VDB|0015-000A-0-0000|M697-c3861-c6-c15",4399,1,295.535576267334,308,"uVSG","-","-","FF08034386"
"M282","VDB|0016-0085-0-0001|M282-c3522-c0-c5",9468,0.99873257287706,28.1073392554992,30,"uVSG","-","-","FF08034386"
"M302","VDB|0040-00D9-0-0002|M302-c1701-c1-c14",28203,0.986242598305145,8.66003954700701,7,"uVSG","-","-","FF08034386"
"M361","VDB|0015-0004-0-0003|M361-c3755-c0-c3",2784,0.974137931034483,3.07927728613569,3,"uVSG","-","-","FF08034386"
"M1005","VDB|004F-002E-0-0001|M1005-c3596-c0-c1",15616,0.97015881147541,4.73881188118812,4,"uVSG","-","-","FF08034386"
"M279","VDB|004C-0031-0-0000|M279-c1641-c0-c2",3506,0.952367370222476,3.17280622941,3,"uVSG","-","-","FF08034386"
"M757","VDB|004F-0228-0-0001|M757-c2104-c0-c5",2982,0.927565392354125,5.80441070137382,6,"uVSG","-","-","FF08034386"
"M298","VDB|0002-001C-0-0008|M298-c1691-c0-c8",15242,0.915168613042908,4.48232848232848,4,"uVSG","-","-","FF08034386"
"M806","VDB|0046-014B-0-0000|M806-c3084-c0-c1",2657,0.907414377117049,5.91621733720448,6,"uVSG","-","-","FF08034386"
"M727","VDB|004F-004C-0-0004|M727-c2871-c0-c1",34962,0.881328299296379,3.67727907052218,3,"uVSG","-","-","FF08034386"
"M914","VDB|0040-010D-0-0001|M914-c1802-c0-c6",5142,0.879229871645274,13.5624861756249,15,"uVSG","-","-","FF08034386"
"M892","VDB|002F-0024-0-0000|M892-c3062-c0-c103",4160,0.860576923076923,18.9930167597765,2,"uVSG","-","-","FF08034386"
"M995","VDB|001E-00BF-0-0000|M995-c3569-c0-c1",19465,0.811353711790393,6.35300449566264,3,"uVSG","-","-","FF08034386"
"M241","VDB|0021-00B4-0-0001|M241-c156-c1-c4",7494,0.77341873498799,2.85886818495514,2,"uVSG","-","-","FF08034386"
"M962","VDB|002F-00C8-0-0002|M962-c3487-c0-c0",21427,0.753068558360946,14.7414476945959,15,"uVSG","-","-","FF08034386"
"M822","VDB|004F-00C8-0-0006|M822-c3135-c0-c2",3929,0.999745482311021,8.7683299389002,8,"uVSG","-","-","FF08034388"
"M832","VDB|0010-01C1-0-0004|M832-c3151-c0-c9",16124,0.999379806499628,8.30166315005585,8,"uVSG","-","-","FF08034388"
"M779","VDB|0021-00A0-0-0031|M779-c3013-c0-c4",1685,0.995845697329377,3.95589988081049,4,"uVSG","-","-","FF08034388"
"M1138","VDB|000D-0023-0-0002|M1138-c3917-c0-c0",16396,0.994449865820932,9.61189819073904,9,"uVSG","-","-","FF08034388"
"M808","VDB|0010-0092-0-0000|M808-c3098-c0-c1",18422,0.986483552274455,52.5860342265999,53,"uVSG","-","-","FF08034388"
"M706","VDB|002C-0005-0-001A|M706-c2807-c0-c0",33806,0.972135123942495,7.29689021421616,7,"uVSG","-","-","FF08034388"
"M441","VDB|0021-0058-0-0000|M441-c2353-c7-c3",3199,0.970303219756174,2283.62725515464,2512,"uVSG","-","-","FF08034388"
"M282","VDB|000C-008B-0-0004|M282-c3522-c0-c16",5890,0.958913412563667,46.5892351274788,50,"uVSG","-","-","FF08034388"
"M788","VDB|0048-004B-0-0000|M788-c3039-c2-c2",3632,0.957323788546256,64.314639056658,76,"uVSG","-","-","FF08034388"
"M497","VDB|0047-0087-0-0002|M497-c2239-c0-c12",5838,0.956320657759507,5.10693175711983,5,"uVSG","-","-","FF08034388"
"M1143","VDB|0020-0018-0-0000|M1143-c3930-c0-c0",8366,0.951231173798709,4.84393063583815,5,"uVSG","-","-","FF08034388"
"M1064","VDB|0008-002B-0-0000|M1064-c1042-c1-c2",82445,0.947710594942083,6.31222003225228,5,"uVSG","-","-","FF08034388"
"M898","VDB|0037-00E0-0-0002|M898-c3330-c2-c2",2055,0.945012165450122,9.34654994850669,9,"uVSG","-","-","FF08034388"
"M112","VDB|0002-000F-0-0001|M112-c1289-c1-c0",26574,0.94336569579288,6.48893055167737,6,"uVSG","-","-","FF08034388"
"M1056","VDB|0028-0052-0-0009|M1056-c3720-c2-c0",1625,0.942153846153846,10.962769431744,10,"uVSG","-","-","FF08034388"
"M697","VDB|0012-004C-0-0006|M697-c3861-c6-c3",8968,0.913804638715433,1170.39402074436,1037,"uVSG","-","-","FF08034388"
"M988","VDB|001D-002B-0-0001|M988-c3548-c3-c3",1866,0.910503751339764,15.4125956444968,14,"uVSG","-","-","FF08034388"
"M914","VDB|0040-010D-0-0001|M914-c1802-c0-c6",5142,0.90781796966161,16.1613110539846,18,"uVSG","-","-","FF08034388"
"M305","VDB|0010-00CF-0-0000|M305-c1688-c0-c7",5104,0.907131661442006,8.78401727861771,8,"uVSG","-","-","FF08034388"
"M1308","VDB|0010-0135-0-0004|M1308-c880-c0-c13",7532,0.898831651619756,4.20915805022157,4,"uVSG","-","-","FF08034388"
"M995","VDB|001E-00BF-0-0000|M995-c3569-c0-c1",19465,0.895556126380683,11.1091670491051,5,"uVSG","-","-","FF08034388"
"M135","VDB|0030-0012-0-0000|M135-c1349-c1-c6",6356,0.889395846444305,11.6761011852114,12,"uVSG","-","-","FF08034388"
"M939","VDB|0037-00E7-0-0000|M939-c3437-c0-c0",24880,0.867644694533762,3.36897206652152,3,"uVSG","-","-","FF08034388"
"M855","VDB|002C-0000-0-0000|M855-c3350-c0-c4",2602,0.867409684857802,4.24988923349579,4,"uVSG","-","-","FF08034388"
"M889","VDB|0028-0006-0-0003|M889-c3297-c0-c0",1916,0.861691022964509,2.48576620230164,3,"uVSG","-","-","FF08034388"
"M523","VDB|0037-0119-0-0000|M523-c2314-c1-c1",2865,0.853752181500873,6.39615699100572,7,"uVSG","-","-","FF08034388"
"M1117","VDB|0020-001A-0-0006|M1117-c3877-c1-c0",7264,0.809471365638767,7.32670068027211,6,"uVSG","-","-","FF08034388"
"M902","VDB|004C-0052-0-0002|M902-c3340-c0-c2",13405,0.791495710555763,25.7686145146089,26,"uVSG","-","-","FF08034388"
"M1110","VDB|0001-0017-0-0000|M1110-c3864-c0-c9",3235,0.782071097372488,4.60395256916996,5,"uVSG","-","-","FF08034388"
"M892","VDB|004C-0072-0-0004|M892-c2676-c0-c3",7912,0.778437815975733,71.2281214482871,75,"uVSG","-","-","FF08034388"
"M179","VDB|004C-0094-0-0001|M179-c1380-c0-c0",29402,0.773212706618597,22.8383038620568,22,"uVSG","-","-","FF08034388"
"M378","VDB|0031-001A-0-0003|M378-c190-c0-c3",48536,0.767986649085215,3.20686787391013,3,"uVSG","-","-","FF08034388"
"M347","VDB|000C-0022-0-0004|M347-c1113-c0-c0",63057,0.763277669410216,3.01618533139414,3,"uVSG","-","-","FF08034388"
"M697","VDB|0015-000A-0-0000|M697-c3861-c6-c15",4399,1,2282.9270288702,2378,"uVSG","-","-","FF08034394"
"M822","VDB|004F-00C8-0-0006|M822-c3135-c0-c2",3929,0.998981929244082,18.008152866242,18,"uVSG","-","-","FF08034394"
"M1308","VDB|0010-0135-0-0004|M1308-c880-c0-c13",7532,0.991635687732342,7.05824072834382,6,"uVSG","-","-","FF08034394"
"M646","VDB|0028-0071-0-000A|M646-c2666-c0-c9",2980,0.986912751677852,4.53655219313159,4,"uVSG","-","-","FF08034394"
"M808","VDB|0010-0092-0-0000|M808-c3098-c0-c1",18422,0.986429269351862,52.2915474356152,53,"uVSG","-","-","FF08034394"
"M1138","VDB|000D-0023-0-0002|M1138-c3917-c0-c0",16396,0.985606245425714,5.25606435643564,5,"uVSG","-","-","FF08034394"
"M347","VDB|0021-0088-0-0000|M347-c1826-c0-c0",4652,0.976784178847807,4.70532570422535,4,"uVSG","-","-","FF08034394"
"M441","VDB|0021-0058-0-0000|M441-c2353-c7-c3",3199,0.976242575804939,2238.86871597823,2480,"uVSG","-","-","FF08034394"
"M832","VDB|0010-01C1-0-0004|M832-c3151-c0-c9",16124,0.972029273133218,4.17284502009826,4,"uVSG","-","-","FF08034394"
"M706","VDB|002C-0005-0-001A|M706-c2807-c0-c0",33806,0.971158965864048,6.73171697481039,6,"uVSG","-","-","FF08034394"
"M497","VDB|0047-0087-0-0002|M497-c2239-c0-c12",5838,0.959746488523467,4.51044083526682,4,"uVSG","-","-","FF08034394"
"M898","VDB|0037-00E0-0-0002|M898-c3330-c2-c2",2055,0.934793187347932,8.35346173867777,7,"uVSG","-","-","FF08034394"
"M1064","VDB|0002-002F-0-0000|M1064-c1042-c2-c105",24967,0.921736692434013,7.77656107417547,7,"uVSG","-","-","FF08034394"
"M788","VDB|0048-004B-0-0000|M788-c3039-c2-c2",3632,0.910242290748899,17.4879007864489,19,"uVSG","-","-","FF08034394"
"M914","VDB|0040-010D-0-0001|M914-c1802-c0-c6",5142,0.905678724231816,13.0996349581276,12,"uVSG","-","-","FF08034394"
"M1056","VDB|0028-0052-0-0009|M1056-c3720-c2-c0",1625,0.899076923076923,4.47296372347707,5,"uVSG","-","-","FF08034394"
"M146","VDB|0012-005E-0-0003|M146-c3617-c0-c1",4057,0.882918412620163,5.22222222222222,5,"uVSG","-","-","FF08034394"
"M135","VDB|0030-0012-0-0000|M135-c1349-c1-c6",6356,0.882315921963499,15.4188659058488,16,"uVSG","-","-","FF08034394"
"M855","VDB|002C-0000-0-0000|M855-c3350-c0-c4",2602,0.871637202152191,3.00396825396825,2,"uVSG","-","-","FF08034394"
"M988","VDB|001D-002B-0-0001|M988-c3548-c3-c3",1866,0.869774919614148,6.3388786198398,6,"uVSG","-","-","FF08034394"
"M459","VDB|004C-009D-0-0006|M459-c3388-c0-c1",10269,0.855292628298763,6.49982921553,2,"uVSG","-","-","FF08034394"
"M305","VDB|0047-0070-0-0001|M305-c1688-c0-c0",5187,0.847696163485637,8.06458949283602,8,"uVSG","-","-","FF08034394"
"M1110","VDB|0001-0017-0-0000|M1110-c3864-c0-c9",3235,0.822874806800618,11.5777610818933,10,"uVSG","-","-","FF08034394"
"M112","VDB|0002-000F-0-0001|M112-c1289-c1-c0",26574,0.820237826446903,3.60641372665963,3,"uVSG","-","-","FF08034394"
"M1063","VDB|001E-0012-0-0002|M1063-c3742-c0-c0",18282,0.819658680669511,2.59512846179513,2,"uVSG","-","-","FF08034394"
"M902","VDB|004C-0052-0-0002|M902-c3340-c0-c2",13405,0.804028347631481,28.1880682872518,29,"uVSG","-","-","FF08034394"
"M779","VDB|0021-00A0-0-0031|M779-c3013-c0-c4",1685,0.792284866468843,1.74531835205993,1,"uVSG","-","-","FF08034394"
"M892","VDB|004C-0072-0-0004|M892-c2676-c0-c3",7912,0.760364004044489,62.4109042553191,64,"uVSG","-","-","FF08034394"
"M179","VDB|004C-0094-0-0001|M179-c1380-c0-c0",29402,0.759812257669546,8.42712623097583,8,"uVSG","-","-","FF08034394"
"M697","VDB|0040-00CF-0-0002|M697-c3861-c6-c9",6630,1,2518.46998491704,2324,"uVSG","-","-","FF08034401"
"M892","VDB|002F-0024-0-0000|M892-c3062-c0-c103",4160,1,33.3788461538462,26,"uVSG","-","-","FF08034401"
"M1075","VDB|0021-00B6-0-003E|M1075-c3777-c1-c0",1592,1,179.134422110553,187,"uVSG","-","-","FF08034401"
"M1115","VDB|0046-01D1-0-0003|M1115-c3874-c0-c1",10663,1,17.006846103348,17,"uVSG","-","-","FF08034401"
"M829","VDB|0021-00AF-0-000E|M829-c3144-c0-c0",2052,0.998050682261209,10.59033203125,10,"uVSG","-","-","FF08034401"
"M759","VDB|0046-0159-0-0000|M759-c2960-c2-c1",2624,0.988948170731707,16.1922928709056,15,"uVSG","-","-","FF08034401"
"M808","VDB|0050-0031-0-0003|M808-c3098-c0-c0",18970,0.981497100685293,19.2489392555991,19,"uVSG","-","-","FF08034401"
"M900","VDB|004C-0072-0-0000|M900-c2799-c0-c0",31133,0.946648251051939,4.51106134636265,4,"uVSG","-","-","FF08034401"
"M788","VDB|0048-004B-0-0000|M788-c3039-c2-c2",3632,0.93557268722467,17.2313125367863,18,"uVSG","-","-","FF08034401"
"M302","VDB|0010-008F-0-0000|M302-c2613-c0-c5",11563,0.925278906858082,8.95831386110851,4,"uVSG","-","-","FF08034401"
"M1064","VDB|0051-0064-0-0003|M1064-c2629-c0-c2",15332,0.924080354813462,4.87189440993789,5,"uVSG","-","-","FF08034401"
"M171","VDB|0047-000D-0-0004|M171-c1426-c0-c2",1604,0.923316708229426,9.10330857528697,9,"uVSG","-","-","FF08034401"
"M936","VDB|001E-0018-0-0004|M936-c1225-c0-c12",7583,0.910721350389028,4.14567043150883,4,"uVSG","-","-","FF08034401"
"M441","VDB|002F-00A6-0-0000|M441-c2353-c0-c9",3868,0.84617373319545,1533.66238924534,1418,"uVSG","-","-","FF08034401"
"M1138","VDB|000D-0023-0-0002|M1138-c3917-c0-c0",16396,0.843864357160283,2.64274356750506,2,"uVSG","-","-","FF08034401"
"M757","VDB|0021-0071-0-0007|M757-c3443-c0-c3",16188,0.83660736347912,5.19094735287602,2,"uVSG","-","-","FF08034401"
"M988","VDB|0002-0016-0-0002|M988-c3548-c3-c2",2073,0.832609744331886,31.994785631518,31,"uVSG","-","-","FF08034401"
"M902","VDB|004A-0075-0-0000|M902-c3340-c0-c1",23966,0.828715680547442,25.2953527012739,29,"uVSG","-","-","FF08034401"
"M645","VDB|0021-000A-0-000A|M645-c2661-c1-c0",2639,0.805987116331944,3.841560883874,3,"uVSG","-","-","FF08034401"
"M976","VDB|000D-003C-0-0003|M976-c3519-c0-c1",13572,0.795019157088123,4.29193697868397,4,"uVSG","-","-","FF08034401"
"M10","VDB|0050-009A-0-0003|M10-c1012-c0-c16",6327,0.774932827564407,3.23536610238629,3,"uVSG","-","-","FF08034401"
"M196","VDB|0030-001F-0-0003|M196-c1395-c0-c5",4610,0.772885032537961,4.13387594723548,3,"uVSG","-","-","FF08034401"
"M282","VDB|0016-006A-0-0000|M282-c3522-c0-c8",6622,0.77061310782241,27.2986478542034,27,"uVSG","-","-","FF08034401"
"M185","VDB|0037-011B-0-0003|M185-c1457-c0-c1",2638,0.759666413949962,22.25249500998,22,"uVSG","-","-","FF08034401"
"M347","VDB|0008-00CB-0-0006|M347-c1113-c0-c11",5136,0.750973520249221,3.88177339901478,3,"uVSG","-","-","FF08034401"
"M697","VDB|0015-000A-0-0000|M697-c3861-c6-c15",4399,1,962.646965219368,1006,"uVSG","-","-","FF08034402"
"M441","VDB|0028-004B-0-0012|M441-c2979-c2-c0",2218,1,1006.03742110009,1074,"uVSG","-","-","FF08034402"
"M616","VDB|0021-00AB-0-0036|M616-c2556-c1-c0",2819,1,65.9240865555161,67,"uVSG","-","-","FF08034402"
"M808","VDB|0010-0092-0-0000|M808-c3098-c0-c1",18422,0.999891434154815,10.5932681867535,10,"uVSG","-","-","FF08034402"
"M851","VDB|004C-00C9-0-0002|M851-c2148-c0-c3",3069,0.993809058325187,6.92983606557377,7,"uVSG","-","-","FF08034402"
"M1031","VDB|0021-0026-0-0019|M1031-c3683-c0-c2",16317,0.970766685052399,19.5768939393939,20,"uVSG","-","-","FF08034402"
"M892","VDB|004C-0072-0-0004|M892-c2676-c0-c3",7912,0.947800808897877,96.4159221229497,99,"uVSG","-","-","FF08034402"
"M940","VDB|004F-00B7-0-0004|M940-c1977-c0-c3",3979,0.934908268409148,3.28548387096774,3,"uVSG","-","-","FF08034402"
"M675","VDB|004F-020D-0-0000|M675-c2727-c0-c1",12423,0.931417531997102,4.70572984184599,4,"uVSG","-","-","FF08034402"
"M347","VDB|003A-0014-0-0001|M347-c1826-c0-c2",43263,0.876753808103923,3.08135825578023,3,"uVSG","-","-","FF08034402"
"M867","VDB|0021-00B0-0-0024|M867-c3209-c0-c10",1997,0.873309964947421,7.85149082568807,8,"uVSG","-","-","FF08034402"
"M229","VDB|000D-003E-0-0004|M229-c1542-c3-c17",6090,0.870771756978653,98.4327739015652,100,"uVSG","-","-","FF08034402"
"M689","VDB|0021-00AC-0-0002|M689-c2763-c0-c1",2512,0.865843949044586,1.93425287356322,2,"uVSG","-","-","FF08034402"
"M753","VDB|0010-006F-0-0003|M753-c3180-c0-c0",33325,0.806271567891973,2.88034537943355,2,"uVSG","-","-","FF08034402"
"M902","VDB|004C-0052-0-0002|M902-c3340-c0-c2",13405,0.784334203655352,26.1393380254898,26,"uVSG","-","-","FF08034402"
"M1130","VDB|0021-001D-0-0009|M1130-c3907-c0-c0",1517,0.763348714568227,2.73143350604491,3,"uVSG","-","-","FF08034402"
"M310","VDB|001D-00F8-0-0007|M310-c1732-c1-c5",5205,0.762343900096061,3.25882056451613,3,"uVSG","-","-","FF08034402"
"M1138","VDB|000D-0023-0-0002|M1138-c3917-c0-c0",16396,0.760429373017809,2.55766762913057,2,"uVSG","-","-","FF08034402"
"M329","VDB|003A-000E-0-0004|M329-c1779-c0-c4",3767,0.756039288558535,2.73665730337079,2,"uVSG","-","-","FF08034402"
"M697","VDB|0015-000A-0-0000|M697-c3861-c6-c15",4399,1,572.002955217095,606,"uVSG","-","-","FF08034407"
"M990","VDB|0016-0068-0-0004|M990-c2783-c0-c4",4516,1,43.4264836138175,44,"uVSG","-","-","FF08034407"
"M302","VDB|0040-00D9-0-0002|M302-c1701-c1-c14",28203,0.994823245753998,10.7874327262359,9,"uVSG","-","-","FF08034407"
"M1005","VDB|004F-002E-0-0001|M1005-c3596-c0-c1",15616,0.992635758196721,6.65363524933875,6,"uVSG","-","-","FF08034407"
"M757","VDB|004F-0228-0-0001|M757-c2104-c0-c5",2982,0.983568075117371,8.61302420729628,9,"uVSG","-","-","FF08034407"
"M727","VDB|004F-0056-0-0001|M727-c2871-c0-c2",33819,0.960347733522576,8.04326005295893,8,"uVSG","-","-","FF08034407"
"M441","VDB|0021-0058-0-0000|M441-c2353-c7-c3",3199,0.953110346983432,329.910134470318,366,"uVSG","-","-","FF08034407"
"M987","VDB|0008-00C7-0-0000|M987-c2772-c0-c0",29719,0.951377906389852,4.66442668175709,4,"uVSG","-","-","FF08034407"
"M808","VDB|0010-0092-0-0000|M808-c3098-c0-c1",18422,0.948702638150038,6.63603593294044,6,"uVSG","-","-","FF08034407"
"M298","VDB|004C-0033-0-0003|M298-c1691-c0-c5",19742,0.9479282747442,5.2968900288554,5,"uVSG","-","-","FF08034407"
"M914","VDB|0040-010D-0-0001|M914-c1802-c0-c6",5142,0.937183975106962,20.7551359203154,23,"uVSG","-","-","FF08034407"
"M806","VDB|0046-014B-0-0000|M806-c3084-c0-c1",2657,0.888596161083929,4.17492587886489,4,"uVSG","-","-","FF08034407"
"M343","VDB|0020-0022-0-0001|M343-c2403-c0-c1",24641,0.887098737875898,8.07763392652912,8,"uVSG","-","-","FF08034407"
"M361","VDB|0015-0048-0-0004|M361-c3790-c0-c15",1616,0.878712871287129,6.48732394366197,6,"uVSG","-","-","FF08034407"
"M347","VDB|003A-000C-0-0004|M347-c1113-c0-c4",47288,0.833530705464388,2.9079307895271,3,"uVSG","-","-","FF08034407"
"M988","VDB|0002-0016-0-0002|M988-c3548-c3-c2",2073,0.82392667631452,11.384074941452,11,"uVSG","-","-","FF08034407"
"M995","VDB|001E-00BF-0-0000|M995-c3569-c0-c1",19465,0.809195992807603,7.90210145387594,4,"uVSG","-","-","FF08034407"
"M892","VDB|0016-0020-0-0000|M892-c3062-c0-c2",16136,0.808316807139316,26.3558997163229,24,"uVSG","-","-","FF08034407"
"M282","VDB|0051-0083-0-000C|M282-c3522-c0-c6",7246,0.801407673199006,42.3483726536938,34,"uVSG","-","-","FF08034407"
"M779","VDB|004A-0027-0-0006|M779-c3013-c0-c0",35369,0.776188187395742,2.44377663643318,2,"uVSG","-","-","FF08034407"
"M1117","VDB|0020-001A-0-0006|M1117-c3877-c1-c0",7264,0.766106828193833,2.67457322551662,2,"uVSG","-","-","FF08034407"
"M282","VDB|0016-000A-0-0000|M282-c3840-c1-c36",3611,1,76.2761008031016,71,"uVSG","-","-","FF08034432"
"M892","VDB|000E-000C-0-0002|M892-c3062-c0-c0",19587,0.99994894572931,34.0107219442459,34,"uVSG","-","-","FF08034432"
"M697","VDB|0040-00CF-0-0002|M697-c3861-c6-c9",6630,0.997586726998492,70.0600241911098,74,"uVSG","-","-","FF08034432"
"M665","VDB|0047-000E-0-0005|M665-c2297-c6-c7",3654,0.997536945812808,28.2982167352538,28,"uVSG","-","-","FF08034432"
"M1064","VDB|001E-002F-0-0000|M1064-c1042-c2-c1",83939,0.943578074554141,14.3638498541722,14,"uVSG","-","-","FF08034432"
"M914","VDB|0040-010D-0-0001|M914-c1802-c0-c6",5142,0.934461299105406,24.4412070759625,28,"uVSG","-","-","FF08034432"
"M459","VDB|004C-009D-0-0006|M459-c3388-c0-c1",10269,0.930275586717304,16.744896891029,5,"uVSG","-","-","FF08034432"
"M441","VDB|0021-0058-0-0000|M441-c2353-c7-c3",3199,0.906533291653642,163.700689655172,168,"uVSG","-","-","FF08034432"
"M498","VDB|0021-0008-0-0007|M498-c2243-c3-c0",3403,0.901557449309433,18.5472620599739,18,"uVSG","-","-","FF08034432"
"M655","VDB|0021-0083-0-0000|M655-c2686-c0-c0",2610,0.868199233716475,6.12180052956752,5,"uVSG","-","-","FF08034432"
"M911","VDB|001D-0016-0-0000|M911-c3361-c1-c0",6393,0.834975754731738,37.6910828025478,35,"uVSG","-","-","FF08034432"
"M1110","VDB|0002-0008-0-0004|M1110-c3101-c0-c11",14775,0.83492385786802,5.07547016861219,3,"uVSG","-","-","FF08034432"
"M262","VDB|0021-0077-0-0008|M262-c1606-c0-c0",5413,0.795122852392389,2.50209107806691,2,"uVSG","-","-","FF08034432"
"M706","VDB|0001-00A1-0-0001|M706-c2807-c0-c4",24531,0.794260323672088,4.59284541161979,3,"uVSG","-","-","FF08034432"
"M1077","VDB|0040-016F-0-0003|M1077-c3780-c0-c3",2295,0.781699346405229,1.83277591973244,2,"uVSG","-","-","FF08034432"
"M995","VDB|001E-00BF-0-0000|M995-c3569-c0-c1",19465,0.781402517338813,9.92353714661407,7,"uVSG","-","-","FF08034432"
"M1019","VDB|0012-0013-0-0001|M1019-c3638-c0-c10",1516,0.767810026385224,1.51975945017182,1,"uVSG","-","-","FF08034432"
"M727","VDB|0051-0046-0-0001|M727-c2871-c0-c40",5203,0.76186815298866,2.88496468213925,3,"uVSG","-","-","FF08034432"
"M646","VDB|0047-002A-0-0004|M646-c3298-c0-c21",4917,0.754931869025829,2.86799568965517,3,"uVSG","-","-","FF08034432"
"M697","VDB|004A-0080-0-0000|M697-c3861-c6-c8",7879,1,1094.9664932098,1058,"uVSG","-","-","FF08034448"
"M484","VDB|001D-00F6-0-0006|M484-c2184-c1-c3",7280,1,49.6006868131868,41,"uVSG","-","-","FF08034448"
"M441","VDB|0021-0026-0-000E|M441-c2353-c7-c3",2850,1,2187.78035087719,2203,"uVSG","-","-","FF08034448"
"M808","VDB|0010-0092-0-0000|M808-c3098-c0-c1",18422,1,22.230213874715,22,"uVSG","-","-","FF08034448"
"M865","VDB|0021-00B6-0-001D|M865-c3105-c0-c1",2088,0.996168582375479,5.82163461538462,5,"uVSG","-","-","FF08034448"
"M757","VDB|0001-0027-0-0003|M757-c2958-c0-c13",4318,0.995136637332098,11.6602280660926,12,"uVSG","-","-","FF08034448"
"M173","VDB|0028-000C-0-0019|M173-c3924-c0-c15",1509,0.992047713717694,7.2124248496994,7,"uVSG","-","-","FF08034448"
"M282","VDB|0045-002A-0-0003|M282-c3522-c0-c7",7176,0.988294314381271,73.8716864072194,74.5,"uVSG","-","-","FF08034448"
"M921","VDB|0009-0082-0-0004|M921-c3088-c1-c0",5790,0.982210708117444,6.64251802356251,6,"uVSG","-","-","FF08034448"
"M564","VDB|0021-00B0-0-000E|M564-c2431-c0-c3",3023,0.973536222295733,5.91675161399932,6,"uVSG","-","-","FF08034448"
"M1005","VDB|0012-001E-0-000B|M1005-c3596-c0-c2",14412,0.970233139050791,11.5495244225131,11,"uVSG","-","-","FF08034448"
"M1128","VDB|002F-004A-0-0000|M1128-c3904-c0-c2",1556,0.953084832904884,5.70667565745111,6,"uVSG","-","-","FF08034448"
"M646","VDB|004F-019F-0-0000|M646-c2666-c0-c8",4848,0.936056105610561,16.8400176289114,17,"uVSG","-","-","FF08034448"
"M801","VDB|004E-0060-0-0003|M801-c143-c0-c5",90431,0.923820371332839,10.6783294630246,9,"uVSG","-","-","FF08034448"
"M1087","VDB|002C-0003-0-0027|M1087-c3803-c0-c0",1575,0.923809523809524,3.37938144329897,3,"uVSG","-","-","FF08034448"
"M488","VDB|0030-000B-0-000A|M488-c2192-c0-c3",2503,0.896923691570116,3.44365256124722,3,"uVSG","-","-","FF08034448"
"M146","VDB|001E-00A7-0-0003|M146-c2684-c0-c11",4965,0.872104733131923,13.2676674364896,12,"uVSG","-","-","FF08034448"
"M1098","VDB|0001-00B8-0-0003|M1098-c2579-c0-c6",2436,0.87192118226601,3.1454802259887,3,"uVSG","-","-","FF08034448"
"M855","VDB|004A-0036-0-0000|M855-c3787-c0-c2",5551,0.851738425508917,3.2654399323181,3,"uVSG","-","-","FF08034448"
"M947","VDB|002B-0009-0-0005|M947-c3449-c0-c2",9707,0.8354795508396,3.62663378545006,3,"uVSG","-","-","FF08034448"
"M892","VDB|001E-0033-0-0002|M892-c3062-c0-c11",11172,0.833959899749373,24.1092626381883,13,"uVSG","-","-","FF08034448"
"M302","VDB|003A-0040-0-0001|M302-c2488-c0-c3",25053,0.823973176865046,7.84881073487381,7,"uVSG","-","-","FF08034448"
"M944","VDB|002F-00F1-0-0000|M944-c3444-c0-c0",29600,0.818952702702703,15.9276845014645,16,"uVSG","-","-","FF08034448"
"M1143","VDB|0020-0018-0-0000|M1143-c3930-c0-c0",8366,0.804685632321301,2.30718954248366,2,"uVSG","-","-","FF08034448"
"M1064","VDB|0010-00B4-0-000F|M1064-c1042-c2-c20",35878,0.776966386086181,2.66182379107476,2,"uVSG","-","-","FF08034448"
"M1140","VDB|004A-0013-0-0002|M1140-c1242-c0-c50",1630,0.767484662576687,3.47162270183853,3,"uVSG","-","-","FF08034448"
"M776","VDB|0012-006E-0-0001|M776-c2271-c0-c11",5604,0.755888650963597,6.40226628895184,6,"uVSG","-","-","FF08034448"
"M1064","VDB|0002-002F-0-0000|M1064-c1042-c2-c105",24967,0.998277726599111,16.9929786551115,17,"uVSG","-","-","FF08034449"
"M706","VDB|002C-0005-0-001A|M706-c2807-c0-c0",33806,0.970774418742235,15.734962520568,16,"uVSG","-","-","FF08034449"
"M696","VDB|004A-0049-0-0003|M696-c2565-c0-c6",3082,0.970149253731343,6.28996655518395,5,"uVSG","-","-","FF08034449"
"M892","VDB|0008-0053-0-0002|M892-c3062-c0-c4",14664,0.948104200763775,96.34827015752,78,"uVSG","-","-","FF08034449"
"M282","VDB|0042-004B-0-0004|M282-c3840-c1-c4",6990,0.932045779685265,63.0990023023791,61,"uVSG","-","-","FF08034449"
"M697","VDB|0012-004C-0-0006|M697-c3861-c6-c3",8968,0.877676181980375,457.425994155762,408,"uVSG","-","-","FF08034449"
"M727","VDB|0051-0046-0-0001|M727-c2871-c0-c40",5203,0.800884105323852,4.79481641468683,4,"uVSG","-","-","FF08034449"
"M808","VDB|0047-0066-0-0006|M808-c3098-c0-c4",11508,0.797097671185262,5.4407500272539,3,"uVSG","-","-","FF08034449"
"M1283","VDB|0012-003B-0-0009|M1283-c822-c0-c0",86367,0.781768499542649,14.2877116071032,13,"uVSG","-","-","FF08034449"
"M902","VDB|004C-0052-0-0002|M902-c3340-c0-c2",13405,0.780231256993659,21.7938617458648,22,"uVSG","-","-","FF08034449"
"M441","VDB|0040-0129-0-0002|M441-c2353-c0-c13",2208,0.753170289855073,550.73120865905,441,"uVSG","-","-","FF08034449"
"M448","VDB|000E-0016-0-0000|M448-c2070-c2-c5",3401,0.751543663628345,3.43544600938967,2,"uVSG","-","-","FF08034449"
"M441","VDB|0021-0058-0-0000|M441-c2353-c7-c3",3199,1,200.826195686152,217,"uVSG","-","-","FF08034459"
"M787","VDB|0048-003B-0-0003|M787-c3035-c0-c5",2381,0.999580008399832,14.7403361344538,15,"uVSG","-","-","FF08034459"
"M892","VDB|0016-0020-0-0000|M892-c3062-c0-c2",16136,0.998636588993555,104.510984237309,85,"uVSG","-","-","FF08034459"
"M996","VDB|001D-00EB-0-0000|M996-c3570-c0-c0",26726,0.99012197859762,15.8507293477439,15,"uVSG","-","-","FF08034459"
"M867","VDB|0021-00AC-0-001A|M867-c3857-c0-c0",1542,0.952658884565499,4.70115724982982,5,"uVSG","-","-","FF08034459"
"M706","VDB|002C-0005-0-001A|M706-c2807-c0-c0",33806,0.941164290362657,4.82716786623503,4,"uVSG","-","-","FF08034459"
"M808","VDB|0010-0092-0-0000|M808-c3098-c0-c1",18422,0.940560199761155,4.68950193339874,5,"uVSG","-","-","FF08034459"
"M806","VDB|0046-014B-0-0000|M806-c3084-c0-c1",2657,0.929243507715469,4.07695423248279,4,"uVSG","-","-","FF08034459"
"M1051","VDB|001D-0117-0-0005|M1051-c3711-c0-c1",13121,0.92874018748571,15.0248645987198,14,"uVSG","-","-","FF08034459"
"M936","VDB|001E-000E-0-0007|M936-c2057-c0-c4",12516,0.910993927772451,12.9094018593229,13,"uVSG","-","-","FF08034459"
"M10","VDB|0030-0086-0-0011|M10-c3368-c0-c1",1860,0.894086021505376,2.59951894167168,2,"uVSG","-","-","FF08034459"
"M492","VDB|0008-004B-0-0000|M492-c2348-c2-c3",3018,0.87375745526839,4.5422828972317,4,"uVSG","-","-","FF08034459"
"M914","VDB|0040-010D-0-0001|M914-c1802-c0-c6",5142,0.828665888759238,47.0725181882187,67,"uVSG","-","-","FF08034459"
"M1017","VDB|004F-018A-0-0000|M1017-c3634-c0-c1",12440,0.818167202572347,8.64767144822165,8,"uVSG","-","-","FF08034459"
"M229","VDB|0024-0055-0-0005|M229-c1542-c3-c9",7848,0.81039755351682,45.7858490566038,29,"uVSG","-","-","FF08034459"
"M1064","VDB|001E-002F-0-0000|M1064-c1042-c2-c1",83939,0.808289352982523,18.0032573289902,17,"uVSG","-","-","FF08034459"
"M786","VDB|001D-00C7-0-0002|M786-c3034-c0-c1",22115,0.778430929233552,13.8712750508278,14,"uVSG","-","-","FF08034459"
"M756","VDB|004C-0076-0-0001|M756-c2952-c0-c7",28685,0.768345825344257,5.68198729582577,4,"uVSG","-","-","FF08034459"
"M527","VDB|0048-0051-0-0000|M527-c2323-c0-c0",21538,0.767109295199183,2.47899770003632,2,"uVSG","-","-","FF08034459"
"M700","VDB|004C-007B-0-0006|M700-c2782-c0-c0",7538,0.763465110108782,4.41407471763684,4,"uVSG","-","-","FF08034459"
"M697","VDB|0010-00F3-0-0001|M697-c3861-c6-c0",10022,1,181.227699062063,157,"uVSG","-","-","FF08034464"
"M441","VDB|0021-0026-0-000E|M441-c2353-c7-c3",2850,1,396.881052631579,403,"uVSG","-","-","FF08034464"
"M1064","VDB|0051-001D-0-0004|M1064-c1042-c1-c26",8600,1,81.8946511627907,82,"uVSG","-","-","FF08034464"
"M892","VDB|000E-000C-0-0002|M892-c3062-c0-c0",19587,0.999897891458621,44.1149859586418,45,"uVSG","-","-","FF08034464"
"M996","VDB|001D-00EB-0-0000|M996-c3570-c0-c0",26726,0.999027164558857,9.95876404494382,10,"uVSG","-","-","FF08034464"
"M1138","VDB|000D-0023-0-0002|M1138-c3917-c0-c0",16396,0.994449865820932,22.5267709291628,23,"uVSG","-","-","FF08034464"
"M1051","VDB|0046-0118-0-0007|M1051-c3711-c0-c0",15645,0.992457654202621,9.81200489469956,10,"uVSG","-","-","FF08034464"
"M1083","VDB|0002-000B-0-0008|M1083-c3797-c0-c1",14709,0.991365830443946,6.801261829653,7,"uVSG","-","-","FF08034464"
"M808","VDB|0010-0092-0-0000|M808-c3098-c0-c1",18422,0.981326674628162,4.92720433676292,5,"uVSG","-","-","FF08034464"
"M646","VDB|0008-003F-0-0001|M646-c3660-c0-c4",4705,0.9798087141339,7.87765726681128,8,"uVSG","-","-","FF08034464"
"M347","VDB|003A-0014-0-0001|M347-c1826-c0-c2",43263,0.975452465154982,18.1954693016753,18,"uVSG","-","-","FF08034464"
"M706","VDB|002C-0005-0-001A|M706-c2807-c0-c0",33806,0.968171330533041,6.05352887259395,6,"uVSG","-","-","FF08034464"
"M798","VDB|001E-0069-0-0006|M798-c3071-c0-c0",31306,0.948188845588705,6.91412882360868,6,"uVSG","-","-","FF08034464"
"M715","VDB|001E-001A-0-0002|M715-c2986-c0-c16",1939,0.946879834966478,4.91721132897603,5,"uVSG","-","-","FF08034464"
"M212","VDB|0015-000B-0-000D|M212-c1504-c0-c25",1759,0.943149516770893,5.65943339361061,5,"uVSG","-","-","FF08034464"
"M1063","VDB|001E-0012-0-0002|M1063-c3742-c0-c0",18282,0.941308390766875,4.44825382067523,4,"uVSG","-","-","FF08034464"
"M786","VDB|001D-00C7-0-0002|M786-c3034-c0-c1",22115,0.934885824101289,10.74084643289,10,"uVSG","-","-","FF08034464"
"M343","VDB|002C-0017-0-0012|M343-c2403-c0-c0",34236,0.911730342329711,13.7527391555071,14,"uVSG","-","-","FF08034464"
"M1335","VDB|0021-00B0-0-003A|M1335-c3876-c0-c5",1534,0.910691003911343,3.78167501789549,4,"uVSG","-","-","FF08034464"
"M1283","VDB|0015-0005-0-0009|M1283-c975-c0-c123",2062,0.909796314258002,5.0410447761194,4,"uVSG","-","-","FF08034464"
"M832","VDB|004C-0062-0-0001|M832-c3151-c0-c0",25602,0.903054448871182,18.6665657439446,19,"uVSG","-","-","FF08034464"
"M1143","VDB|0020-0018-0-0000|M1143-c3930-c0-c0",8366,0.883098254841023,3.38400108283703,3,"uVSG","-","-","FF08034464"
"M867","VDB|004F-003D-0-0003|M867-c2128-c1-c18",3206,0.878976918278228,16.2672107877928,16,"uVSG","-","-","FF08034464"
"M1147","VDB|0015-0036-0-0001|M1147-c3381-c1-c16",10629,0.854925204628846,10.5614614284142,8,"uVSG","-","-","FF08034464"
"M787","VDB|000C-001E-0-0006|M787-c3035-c0-c0",20601,0.849036454541042,11.1771196615402,11,"uVSG","-","-","FF08034464"
"M936","VDB|003A-003B-0-0004|M936-c1225-c5-c0",10629,0.829805249788315,6.83730158730159,6,"uVSG","-","-","FF08034464"
"M282","VDB|0051-0083-0-000C|M282-c3522-c0-c6",7246,0.827353022357163,47.56647206005,35,"uVSG","-","-","FF08034464"
"M1110","VDB|0008-0013-0-0002|M1110-c3831-c0-c8",11199,0.800250022323422,10.1179424235662,10,"uVSG","-","-","FF08034464"
"M902","VDB|004A-0075-0-0000|M902-c3340-c0-c1",23966,0.789284820161896,9.46373440473673,9,"uVSG","-","-","FF08034464"
"M406","VDB|004E-0009-0-0004|M406-c1130-c0-c54",3227,0.78896808180973,4.78161822466614,3,"uVSG","-","-","FF08034464"
"M1028","VDB|002E-0001-0-000D|M1028-c2893-c0-c0",2318,0.77739430543572,2.61209766925638,2,"uVSG","-","-","FF08034464"
"M179","VDB|004C-0094-0-0001|M179-c1380-c0-c0",29402,0.758859941500578,7.15224991036214,4,"uVSG","-","-","FF08034464"
"M1049","VDB|0051-00B8-0-0002|M1049-c3702-c0-c4",12649,0.755474741086252,6.01894097948933,5,"uVSG","-","-","FF08034464"
"M441","VDB|0021-0058-0-0000|M441-c2353-c7-c3",3199,1,638.051891216005,663,"uVSG","-","-","FF08034475"
"M697","VDB|0015-000A-0-0000|M697-c3861-c6-c15",4399,1,1189.77017503978,1250,"uVSG","-","-","FF08034475"
"M892","VDB|000E-000C-0-0002|M892-c3062-c0-c0",19587,0.999897891458621,33.73515445494,32,"uVSG","-","-","FF08034475"
"M801","VDB|0047-0051-0-0000|M801-c2262-c0-c57",3991,0.99198195940867,9.55796918413741,10,"uVSG","-","-","FF08034475"
"M805","VDB|0001-009F-0-0001|M805-c3083-c2-c4",1849,0.936181719848567,5.30098209127672,4,"uVSG","-","-","FF08034475"
"M822","VDB|004F-00C8-0-0006|M822-c3135-c0-c2",3929,0.93382540086536,6.48678113927501,6,"uVSG","-","-","FF08034475"
"M898","VDB|000E-0029-0-0003|M898-c3330-c2-c1",2058,0.920310981535471,8.02059134107709,8,"uVSG","-","-","FF08034475"
"M1110","VDB|002F-0101-0-0009|M1110-c2124-c0-c96",9231,0.878994691799372,4.53093418782352,4,"uVSG","-","-","FF08034475"
"M696","VDB|0008-00CA-0-0000|M696-c2847-c1-c1",2385,0.868343815513627,3.5620473201352,4,"uVSG","-","-","FF08034475"
"M112","VDB|0002-000F-0-0001|M112-c1289-c1-c0",26574,0.861368254685031,4.12892092616863,3,"uVSG","-","-","FF08034475"
"M349","VDB|0052-0061-0-0000|M349-c1834-c1-c13",1683,0.857991681521093,8.29016620498615,8,"kVSG","NC_029012_Parabacteroides_phage_YZ2015a","NC_0290121_Parabacteroides_phage_YZ2015a","FF08034475"
"M1117","VDB|004F-00F5-0-0001|M1117-c3877-c1-c1",2816,0.802556818181818,4.04557522123894,3,"uVSG","-","-","FF08034475"
"M83","VDB|0046-0078-0-0000|M83-c1217-c0-c10",7928,0.799697275479314,235.93738170347,260,"uVSG","-","-","FF08034475"
"M954","VDB|0001-0023-0-0000|M954-c2918-c0-c0",25752,0.755436470953712,8.07407217024776,8,"uVSG","-","-","FF08034475"
"M720","VDB|0026-003B-0-0001|M720-c2846-c0-c3",3196,1,23.1680225281602,26,"uVSG","-","-","FF08034476"
"M892","VDB|0016-0020-0-0000|M892-c3062-c0-c2",16136,0.995166088249876,34.0671316477768,26,"uVSG","-","-","FF08034476"
"M939","VDB|0037-00E7-0-0000|M939-c3437-c0-c0",24880,0.994332797427653,10.1216702372772,10,"uVSG","-","-","FF08034476"
"M898","VDB|0037-00E0-0-0002|M898-c3330-c2-c2",2055,0.991727493917275,18.2605495583906,19,"uVSG","-","-","FF08034476"
"M867","VDB|004F-00B6-0-0001|M867-c2376-c0-c12",3180,0.985220125786163,11.7050750079796,12,"uVSG","-","-","FF08034476"
"M448","VDB|004C-00DB-0-0000|M448-c2070-c2-c9",1725,0.982608695652174,9.97994100294985,10,"uVSG","-","-","FF08034476"
"M282","VDB|0050-004B-0-0001|M282-c2502-c0-c0",6024,0.965471447543161,21.8619325997249,9,"uVSG","-","-","FF08034476"
"M1064","VDB|0002-002F-0-0000|M1064-c1042-c2-c105",24967,0.904914487123002,11.5300314256628,11,"uVSG","-","-","FF08034476"
"M1056","VDB|0028-0052-0-0009|M1056-c3720-c2-c0",1625,0.875076923076923,14.9542897327707,17,"uVSG","-","-","FF08034476"
"M805","VDB|0040-00F2-0-0001|M805-c3083-c2-c0",6147,0.868879128029933,12.2211196405168,12,"uVSG","-","-","FF08034476"
"M1098","VDB|004C-00B6-0-0001|M1098-c3832-c0-c3",4272,0.868679775280899,5.45594179466451,5,"uVSG","-","-","FF08034476"
"M1320","VDB|001D-000D-0-0000|M1320-c914-c0-c11",11841,0.863947301748163,12.2797653958944,12,"uVSG","-","-","FF08034476"
"M241","VDB|004F-01F7-0-0002|M241-c1744-c0-c0",23068,0.853433327553321,6.28150556204602,5,"uVSG","-","-","FF08034476"
"M601","VDB|0047-0007-0-0000|M601-c2526-c1-c0",9579,0.842989873682013,5.81473684210526,4,"uVSG","-","-","FF08034476"
"M687","VDB|001F-005E-0-0001|M687-c3207-c0-c2",2572,0.807153965785381,5.47157996146435,5,"uVSG","-","-","FF08034476"
"M1073","VDB|004C-008D-0-0008|M1073-c2755-c0-c2",28391,0.801415941671657,4.64431064035512,3,"uVSG","-","-","FF08034476"
"M101","VDB|0012-0048-0-0006|M101-c1259-c2-c4",2013,0.76949826130154,2.93092317624274,3,"uVSG","-","-","FF08034476"
"M733","VDB|000E-000C-0-0006|M733-c2894-c0-c0",28470,0.755567263786442,4.24308493328994,2,"uVSG","-","-","FF08034476"
"M697","VDB|0015-000A-0-0000|M697-c3861-c6-c15",4399,1,455.89747669925,481,"uVSG","-","-","FF08034479"
"M808","VDB|0010-0092-0-0000|M808-c3098-c0-c1",18422,0.998371512322223,10.0543170943889,10,"uVSG","-","-","FF08034479"
"M399","VDB|0015-0011-0-0001|M399-c1964-c0-c0",4324,0.997918593894542,26.7965237543453,27,"uVSG","-","-","FF08034479"
"M460","VDB|0012-0072-0-0000|M460-c2090-c0-c3",8609,0.968172842374259,13.2819436112777,12,"uVSG","-","-","FF08034479"
"M1138","VDB|000D-0023-0-0002|M1138-c3917-c0-c0",16396,0.941632105391559,3.82796813265108,3,"uVSG","-","-","FF08034479"
"M527","VDB|0048-0051-0-0000|M527-c2323-c0-c0",21538,0.918237533661436,3.33670425241442,3,"uVSG","-","-","FF08034479"
"M112","VDB|0002-000F-0-0001|M112-c1289-c1-c0",26574,0.907503574922857,4.26368386133687,4,"uVSG","-","-","FF08034479"
"M1075","VDB|0021-00B6-0-003E|M1075-c3777-c1-c0",1592,0.903894472361809,5.91521890201529,6,"uVSG","-","-","FF08034479"
"M282","VDB|0051-0083-0-000C|M282-c3522-c0-c6",7246,0.896356610543748,15.6685142417244,7,"uVSG","-","-","FF08034479"
"M696","VDB|0047-0002-0-0004|M696-c2774-c1-c10",2219,0.871563767462821,3.43329886246122,3,"uVSG","-","-","FF08034479"
"M832","VDB|004C-0062-0-0001|M832-c3151-c0-c0",25602,0.865830794469182,3.58054766093743,3,"uVSG","-","-","FF08034479"
"M801","VDB|0021-005C-0-000E|M801-c97-c0-c0",3086,0.850291639662994,25.485137195122,25,"uVSG","-","-","FF08034479"
"M665","VDB|001F-0011-0-0003|M665-c2297-c0-c12",2262,0.846153846153846,3.2466039707419,3,"uVSG","-","-","FF08034479"
"M684","VDB|001D-011B-0-000A|M684-c1985-c0-c17",28107,0.814387874906607,29.2851900393185,22,"uVSG","-","-","FF08034479"
"M939","VDB|0037-00E7-0-0000|M939-c3437-c0-c0",24880,0.813424437299035,2.63034884870046,2,"uVSG","-","-","FF08034479"
"M1056","VDB|0028-0052-0-0009|M1056-c3720-c2-c0",1625,0.785230769230769,6.43887147335423,6,"uVSG","-","-","FF08034479"
"M531","VDB|002F-00E7-0-0000|M531-c2357-c1-c2",7051,0.771238122252163,3.64049282824568,3,"uVSG","-","-","FF08034479"
"M367","VDB|0013-0039-0-0003|M367-c553-c0-c0",92643,0.764914780393554,4.88228155339806,5,"kVSG","NC_009514_Phage_cdtI_DNA","NC_0095141_Phage_cdtI_DNA|NC_0197161_Enterobacteria_phage_mEp460|NC_0197231_Enterobacteria_phage_HK630|NC_0420571_Enterobacteria_phage_DE3|NC_0218571_Shigella_phage_SfII|NC_0113561_Enterobacteria_phage_YYZ2008_complete_prophage_genome|NC_0048131_Enterobacteria_phage_BP4795|NC_0197111_Enterobacteria_phage_HK629|NC_0014161_Enterobacteria_phage_lambda|NC_0113571_Stx2converting_phage_1717_complete_prophage_genome|NC_0227491_Shigella_phage_SfIV|NC_0034441_Enterobacteria_phage_SfV|NC_0027301_Enterobacteria_phage_HK620|NC_0319401_Salmonella_phage_118970_sal3|NC_0273981_Enterobacteria_phage_Sf101|NC_0273391_Enterobacteria_phage_SfI|NC_0084641_Stx2converting_phage_86|NC_0197141_Enterobacteria_phage_HK446|NC_0197681_Enterobacteria_phage_HK106|NC_0289431_Escherichia_phage_pro483|NC_0195011_Enterobacteria_phage_IME10|NC_0290152_Salmonella_phage_SEN4|NC_0197671_Enterobacteria_phage_HK544|NC_0418481_Enterobacteria_phage_P2|NC_0103921_Phage_Gifsy1|NC_0053441_Enterobacteria_phage_Sf6|NC_0197151_Enterobacterial_phage_mEp234|NC_0102371_Enterobacteria_phage_Min27|NC_0016091_Enterobacteria_phage_P4|NC_0290032_Salmonella_phage_SEN1|NC_0197691_Enterobacteria_phage_HK542|NC_0009021_Enterobacteria_phage_VT2Sakai|NC_0197061_Enterobacteria_phage_mEp043_c1|NC_0021671_Enterobacteria_phage_HK97|NC_0254341_Shigella_phage_POCJ13|NC_0419351_Escherichia_phage_PA28|NC_0197101_Enterobacteria_phage_HK140|NC_0197201_Enterobacterial_phage_mEp213|NC_0197081_Enterobacteria_phage_mEp235|NC_0194881_Salmonella_phage_RE2010|NC_0104631_Enterobacteria_phage_Fels2","FF08034479"
"M1061","VDB|003C-0075-0-000B|M1061-c3734-c0-c7",1619,0.751080914144534,3.96381578947368,3,"uVSG","-","-","FF08034479"
"M441","VDB|0048-0014-0-0001|M441-c2353-c0-c2",8442,1,1060.53980099502,850,"uVSG","-","-","FF08034483"
"M892","VDB|000E-000C-0-0002|M892-c3062-c0-c0",19587,0.999336294481033,34.2596812097681,27,"uVSG","-","-","FF08034483"
"M776","VDB|0026-0000-0-0002|M776-c3036-c1-c2",1555,0.992926045016077,6.92422279792746,6,"uVSG","-","-","FF08034483"
"M453","VDB|0031-001B-0-0005|M453-c1678-c1-c3",2711,0.988933972703799,18.2458038045505,19,"uVSG","-","-","FF08034483"
"M459","VDB|004C-009D-0-0006|M459-c3388-c0-c1",10269,0.976044405492258,7.85383617679337,5,"uVSG","-","-","FF08034483"
"M282","VDB|0045-002A-0-0003|M282-c3522-c0-c7",7176,0.971571906354515,41.5166379804934,45,"uVSG","-","-","FF08034483"
"M343","VDB|000C-0091-0-0003|M343-c2403-c0-c3",19486,0.956122344247152,8.95346465568139,9,"uVSG","-","-","FF08034483"
"M1138","VDB|000D-0023-0-0002|M1138-c3917-c0-c0",16396,0.945047572578678,4.37405614714424,4,"uVSG","-","-","FF08034483"
"M832","VDB|0010-01B6-0-0000|M832-c3151-c0-c3",18744,0.936086214255228,4.13547247235837,4,"uVSG","-","-","FF08034483"
"M697","VDB|0012-004C-0-0006|M697-c3861-c6-c3",8968,0.931534344335415,1315.13035671535,1127,"uVSG","-","-","FF08034483"
"M378","VDB|0030-009E-0-0003|M378-c190-c0-c17",18213,0.919947290396969,4.65795284989555,4,"uVSG","-","-","FF08034483"
"M987","VDB|0040-015A-0-0000|M987-c2772-c0-c2",1874,0.907684098185699,3.26455026455026,3,"uVSG","-","-","FF08034483"
"M943","VDB|001D-00EB-0-0001|M943-c3442-c0-c1",18883,0.906158978975798,11.6415755946467,11,"uVSG","-","-","FF08034483"
"M646","VDB|004D-0037-0-000E|M646-c71-c0-c22",10105,0.90272142503711,3.29116421837316,3,"uVSG","-","-","FF08034483"
"M240","VDB|003A-0021-0-0000|M240-c843-c0-c8",2511,0.896455595380327,3.24300310972901,3,"uVSG","-","-","FF08034483"
"M988","VDB|0002-0016-0-0002|M988-c3548-c3-c2",2073,0.869271587071876,7.21254162042175,8,"uVSG","-","-","FF08034483"
"M921","VDB|0012-0054-0-0002|M921-c3390-c0-c8",3696,0.860930735930736,4.0656819610308,4,"uVSG","-","-","FF08034483"
"M1333","VDB|001E-009B-0-0003|M1333-c3600-c1-c53",1553,0.851255634256278,19.1588502269289,20,"uVSG","-","-","FF08034483"
"M365","VDB|0046-0066-0-0000|M365-c1875-c1-c3",16534,0.846861013668804,19.7420368518783,20,"uVSG","-","-","FF08034483"
"M1064","VDB|0008-002B-0-0000|M1064-c1042-c1-c2",82445,0.846649281339075,3.31203976963411,3,"uVSG","-","-","FF08034483"
"M672","VDB|003C-004C-0-001A|M672-c2720-c1-c0",2563,0.846273897776044,19.4670355002305,20,"uVSG","-","-","FF08034483"
"M229","VDB|0048-0060-0-0000|M229-c1542-c3-c6",9399,0.843813171614001,13.719707476989,6,"uVSG","-","-","FF08034483"
"M897","VDB|001D-0054-0-0001|M897-c3327-c0-c0",19422,0.821285140562249,17.545859193781,18,"uVSG","-","-","FF08034483"
"M1098","VDB|0037-0010-0-0003|M1098-c2579-c0-c5",2849,0.807300807300807,3.08478260869565,3,"uVSG","-","-","FF08034483"
"M1110","VDB|0001-0017-0-0000|M1110-c3864-c0-c9",3235,0.806182380216383,6.02569018404908,6,"uVSG","-","-","FF08034483"
"M1117","VDB|004F-00F5-0-0001|M1117-c3877-c1-c1",2816,0.802911931818182,2.63069438301636,2,"uVSG","-","-","FF08034483"
"M279","VDB|0010-019E-0-0000|M279-c1641-c0-c0",15406,0.796118395430352,2.55377089278435,2,"uVSG","-","-","FF08034483"
"M759","VDB|0050-005D-0-0000|M759-c2960-c2-c6",1993,0.790265930757652,3.32380952380952,2,"uVSG","-","-","FF08034483"
"M958","VDB|0021-0037-0-0001|M958-c2980-c0-c0",23751,0.7893562376321,2.78493705995306,2,"uVSG","-","-","FF08034483"
"M179","VDB|004C-0094-0-0001|M179-c1380-c0-c0",29402,0.782871913475274,10.397341211226,10,"uVSG","-","-","FF08034483"
"M1056","VDB|0028-0052-0-0009|M1056-c3720-c2-c0",1625,0.772923076923077,3.03264331210191,2,"uVSG","-","-","FF08034483"
"M696","VDB|0001-001F-0-0002|M696-c2774-c1-c8",2501,0.765293882447021,2.6478578892372,2,"uVSG","-","-","FF08034483"
"M347","VDB|0008-00CB-0-0006|M347-c1113-c0-c11",5136,0.759929906542056,3.26466820394568,2,"uVSG","-","-","FF08034483"
"M1063","VDB|001E-0012-0-0002|M1063-c3742-c0-c0",18282,0.750246143747949,2.64967920676582,2,"uVSG","-","-","FF08034483"
"M441","VDB|0021-0058-0-0000|M441-c2353-c7-c3",3199,1,796.841825570491,876,"uVSG","-","-","FF08034484"
"M1283","VDB|0015-000B-0-0008|M1283-c975-c0-c121",2157,1,129.700509967548,139,"uVSG","-","-","FF08034484"
"M808","VDB|0010-0092-0-0000|M808-c3098-c0-c1",18422,1,37.5142221257193,38,"uVSG","-","-","FF08034484"
"M1049","VDB|0030-0050-0-0002|M1049-c3702-c0-c1",14113,1,14.6041238574364,14,"uVSG","-","-","FF08034484"
"M212","VDB|0015-0035-0-0007|M212-c1504-c0-c21",3533,1,132.480328332862,137,"uVSG","-","-","FF08034484"
"M697","VDB|0012-004C-0-0006|M697-c3861-c6-c3",8968,0.985504014272971,555.064267933922,497,"uVSG","-","-","FF08034484"
"M706","VDB|002C-0005-0-001A|M706-c2807-c0-c0",33806,0.969532035733302,6.34162191847693,6,"uVSG","-","-","FF08034484"
"M892","VDB|0016-0020-0-0000|M892-c3062-c0-c2",16136,0.958168071393158,40.8597762111118,26,"uVSG","-","-","FF08034484"
"M1064","VDB|0008-002B-0-0000|M1064-c1042-c1-c2",82445,0.955703802535023,11.4054040333532,8,"uVSG","-","-","FF08034484"
"M378","VDB|004F-00A2-0-0000|M378-c190-c0-c0",63030,0.953419006822148,5.31232735381236,5,"uVSG","-","-","FF08034484"
"M453","VDB|0051-00A1-0-0005|M453-c3020-c1-c1",2529,0.933570581257414,2.77975434138077,2,"uVSG","-","-","FF08034484"
"M939","VDB|0037-00E7-0-0000|M939-c3437-c0-c0",24880,0.930345659163987,3.82179116084158,3,"uVSG","-","-","FF08034484"
"M1110","VDB|0002-0008-0-0004|M1110-c3101-c0-c11",14775,0.925888324873096,5.90555555555556,5,"uVSG","-","-","FF08034484"
"M720","VDB|0021-0069-0-0001|M720-c2846-c0-c5",2245,0.906458797327394,5.78771498771499,6,"uVSG","-","-","FF08034484"
"M625","VDB|0021-002E-0-0000|M625-c2599-c2-c0",2739,0.873676524278934,2.92687003760969,2,"uVSG","-","-","FF08034484"
"M806","VDB|0021-00B6-0-001A|M806-c3084-c0-c1",2112,0.866950757575758,3.5800109229929,3,"uVSG","-","-","FF08034484"
"M788","VDB|0048-004B-0-0000|M788-c3039-c2-c2",3632,0.8659140969163,12.3147853736089,13,"uVSG","-","-","FF08034484"
"M1056","VDB|0028-0052-0-0009|M1056-c3720-c2-c0",1625,0.820923076923077,5.0352323838081,4,"uVSG","-","-","FF08034484"
"M368","VDB|0013-0004-0-0001|M368-c1880-c1-c0",4870,0.802669404517454,5.36352008186237,5,"uVSG","-","-","FF08034484"
"M347","VDB|0026-0001-0-0001|M347-c1826-c0-c5",2756,0.778301886792453,2.11888111888112,2,"uVSG","-","-","FF08034484"
"M282","VDB|0051-0083-0-000C|M282-c3522-c0-c6",7246,0.768975986751311,18.1360373295047,8,"uVSG","-","-","FF08034484"
"M1333","VDB|0015-002E-0-0003|M1333-c3795-c0-c44",2051,0.762554851292053,5.08184143222506,5,"uVSG","-","-","FF08034484"
"M441","VDB|0001-009E-0-0000|M441-c3561-c0-c6",1724,1,37.4106728538283,41,"uVSG","-","-","FF08034487"
"M697","VDB|0040-00CF-0-0002|M697-c3861-c6-c9",6630,0.999849170437406,174.406697842812,164,"uVSG","-","-","FF08034487"
"M892","VDB|000E-000C-0-0002|M892-c3062-c0-c0",19587,0.999489457293103,41.6485161158502,41,"uVSG","-","-","FF08034487"
"M651","VDB|0021-006D-0-0001|M651-c1956-c0-c3",5423,0.963304444034667,7.770865237366,5,"uVSG","-","-","FF08034487"
"M835","VDB|0021-00A0-0-0028|M835-c3154-c2-c1",2043,0.936857562408223,6.07889237199582,5,"uVSG","-","-","FF08034487"
"M727","VDB|004F-0056-0-0001|M727-c2871-c0-c2",33819,0.925574381264969,4.75458437160565,4,"uVSG","-","-","FF08034487"
"M1064","VDB|001E-002F-0-0000|M1064-c1042-c2-c1",83939,0.922527073231752,11.6853272379772,11,"uVSG","-","-","FF08034487"
"M1063","VDB|0002-0021-0-0003|M1063-c3742-c0-c1",12593,0.862780910029381,3.64776806258629,3,"uVSG","-","-","FF08034487"
"M1110","VDB|0027-002D-0-0002|M1110-c3101-c0-c1",20895,0.83479301268246,4.86848592558619,4,"uVSG","-","-","FF08034487"
"M914","VDB|0040-010D-0-0001|M914-c1802-c0-c6",5142,0.833916763905095,30.103078358209,35,"uVSG","-","-","FF08034487"
"M282","VDB|0051-0083-0-000C|M282-c3522-c0-c6",7246,0.817968534363787,69.7204319217142,48,"uVSG","-","-","FF08034487"
"M459","VDB|004C-009D-0-0006|M459-c3388-c0-c1",10269,0.809329048592852,22.9670316448081,3,"uVSG","-","-","FF08034487"
"M1147","VDB|0039-0017-0-0000|M1147-c1297-c0-c14",3016,0.809018567639257,4.21680327868852,3,"uVSG","-","-","FF08034487"
"M987","VDB|002E-0001-0-0008|M987-c2772-c0-c0",2503,0.769476628046344,2.43769470404984,2,"uVSG","-","-","FF08034487"
"M911","VDB|001D-0016-0-0000|M911-c3361-c1-c0",6393,0.76943531988112,6.39886155722708,5,"uVSG","-","-","FF08034487"
"M179","VDB|004C-0094-0-0001|M179-c1380-c0-c0",29402,0.751105366981838,7.96277848215903,7,"uVSG","-","-","FF08034487"
"M697","VDB|0015-000A-0-0000|M697-c3861-c6-c15",4399,1,365.405319390771,385,"uVSG","-","-","FF08034493"
"M822","VDB|0009-0047-0-0006|M822-c2642-c0-c9",1570,0.999363057324841,16.8094327597196,17,"uVSG","-","-","FF08034493"
"M1064","VDB|0002-002F-0-0000|M1064-c1042-c2-c105",24967,0.998277726599111,20.9874819451131,20,"uVSG","-","-","FF08034493"
"M343","VDB|000D-004F-0-0002|M343-c2403-c0-c12",6184,0.996280724450194,9.37282908618731,9,"uVSG","-","-","FF08034493"
"M527","VDB|0048-0051-0-0000|M527-c2323-c0-c0",21538,0.989367629306342,6.29757379511005,6,"uVSG","-","-","FF08034493"
"M1131","VDB|004D-000E-0-0001|M1131-c3637-c0-c0",21670,0.97978772496539,117.29253014318,120,"uVSG","-","-","FF08034493"
"M850","VDB|0048-005E-0-0002|M850-c1541-c0-c1",45001,0.970667318504033,7.01698679059545,7,"uVSG","-","-","FF08034493"
"M1050","VDB|0008-002A-0-0008|M1050-c3704-c0-c1",6283,0.959255132898297,5.3086112493778,5,"uVSG","-","-","FF08034493"
"M104","VDB|0006-0045-0-0000|M104-c1264-c1-c7",2742,0.957330415754923,7.968,8,"uVSG","-","-","FF08034493"
"M801","VDB|0031-0015-0-0003|M801-c143-c0-c9",87286,0.93781362417799,25.915964230741,26,"uVSG","-","-","FF08034493"
"M349","VDB|004C-006F-0-0001|M349-c1834-c1-c9",4359,0.916035788024776,4.05785123966942,4,"kVSG","NC_029012_Parabacteroides_phage_YZ2015a","NC_0290121_Parabacteroides_phage_YZ2015a","FF08034493"
"M727","VDB|0010-01C6-0-0001|M727-c2871-c0-c16",14715,0.902616377845736,5.33970787531998,5,"uVSG","-","-","FF08034493"
"M441","VDB|0048-0014-0-0001|M441-c2353-c0-c2",8442,0.901445155176498,11.8034165571616,12,"uVSG","-","-","FF08034493"
"M459","VDB|004C-009D-0-0006|M459-c3388-c0-c1",10269,0.898237413574837,10.3669774501301,5,"uVSG","-","-","FF08034493"
"M510","VDB|0039-0015-0-0000|M510-c2274-c0-c11",2831,0.890851289297068,11.6867565424266,12,"uVSG","-","-","FF08034493"
"M302","VDB|003A-000D-0-0002|M302-c2488-c0-c0",35500,0.869295774647887,7.60703175631886,7,"uVSG","-","-","FF08034493"
"M1089","VDB|0040-0149-0-0000|M1089-c3806-c0-c1",17381,0.850238766469133,204.428948436866,108,"uVSG","-","-","FF08034493"
"M219","VDB|0003-00CE-0-0000|M219-c3440-c0-c3",5884,0.794017675050986,91.234375,106,"uVSG","-","-","FF08034493"
"M282","VDB|0051-0083-0-000C|M282-c3522-c0-c6",7246,0.787882969914436,16.4613767735155,9,"uVSG","-","-","FF08034493"
"M646","VDB|0008-00C1-0-0003|M646-c1301-c1-c1",19091,0.78482007228537,8.2658346125609,8,"uVSG","-","-","FF08034493"
"M441","VDB|0021-00AF-0-000B|M441-c2344-c0-c0",3209,0.999688376441259,19.7811720698254,20,"uVSG","-","-","FF08034499"
"M646","VDB|0040-0027-0-0000|M646-c2666-c0-c15",1590,0.99874213836478,6.71977329974811,6,"uVSG","-","-","FF08034499"
"M527","VDB|0048-0051-0-0000|M527-c2323-c0-c0",21538,0.998096387779738,42.581709075685,43,"uVSG","-","-","FF08034499"
"M697","VDB|0001-0113-0-0000|M697-c3861-c6-c6",8363,0.995336601697955,294.86893320519,298,"uVSG","-","-","FF08034499"
"M459","VDB|004C-009D-0-0006|M459-c3388-c0-c1",10269,0.990359333917616,23.479744346116,7,"uVSG","-","-","FF08034499"
"M1064","VDB|001D-00BB-0-0006|M1064-c1042-c2-c0",90140,0.956157088972709,21.2185106975449,17,"uVSG","-","-","FF08034499"
"M706","VDB|002C-0005-0-001A|M706-c2807-c0-c0",33806,0.953972667573804,5.32697674418605,5,"uVSG","-","-","FF08034499"
"M858","VDB|0021-00B6-0-0025|M858-c3210-c3-c0",1997,0.920881321982974,4.84774333877107,4,"uVSG","-","-","FF08034499"
"M797","VDB|002C-0014-0-0030|M797-c3070-c4-c6",2125,0.895529411764706,5.64004203888597,5,"uVSG","-","-","FF08034499"
"M146","VDB|001E-000F-0-0005|M146-c2684-c0-c10",5055,0.8811078140455,8.26380781320162,7,"uVSG","-","-","FF08034499"
"M1147","VDB|0008-00B3-0-0000|M1147-c3623-c0-c5",17118,0.869143591541068,8.73410404624278,5,"uVSG","-","-","FF08034499"
"M282","VDB|003A-0017-0-0000|M282-c2102-c0-c26",3888,0.860082304526749,64.2739234449761,68,"uVSG","-","-","FF08034499"
"M776","VDB|0010-00F0-0-0003|M776-c987-c0-c2",91946,0.856056815957192,6.7526648117798,6,"uVSG","-","-","FF08034499"
"M738","VDB|0026-003C-0-0000|M738-c70-c0-c95",67724,0.852253263244935,3.87820090786237,3,"uVSG","-","-","FF08034499"
"M914","VDB|0040-010D-0-0001|M914-c1802-c0-c6",5142,0.848113574484636,54.2614079339601,70,"uVSG","-","-","FF08034499"
"M1102","VDB|0021-0089-0-0075|M1102-c76-c0-c268",1963,0.84666327050433,9.19013237063779,9,"kVSG","NC_024711_Uncultured_crAssphage","NC_0247111_Uncultured_crAssphage","FF08034499"
"M343","VDB|0050-006C-0-0003|M343-c1818-c0-c18",25970,0.826800154023874,4.78641952309985,3,"uVSG","-","-","FF08034499"
"M330","VDB|0012-0076-0-0000|M330-c3181-c0-c21",2161,0.757519666820916,2.62981062919976,2,"uVSG","-","-","FF08034499"
"M697","VDB|0015-000A-0-0000|M697-c3861-c6-c15",4399,1,1103.77290293248,1158,"uVSG","-","-","FF08034506"
"M441","VDB|0021-0058-0-0000|M441-c2353-c7-c3",3199,0.999687402313223,1229.99468417761,1388,"uVSG","-","-","FF08034506"
"M801","VDB|001E-000F-0-0003|M801-c2458-c0-c0",7599,0.989998684037373,4.52399308786388,4,"uVSG","-","-","FF08034506"
"M1102","VDB|0040-0052-0-0005|M1102-c3936-c0-c65",1924,0.987006237006237,7.89046866771985,8,"kVSG","NC_024711_Uncultured_crAssphage","NC_0247111_Uncultured_crAssphage","FF08034506"
"M738","VDB|0028-005D-0-0006|M738-c70-c0-c12",1681,0.960142772159429,6.77819083023544,6,"uVSG","-","-","FF08034506"
"M900","VDB|0026-002C-0-0004|M900-c2799-c0-c2",21039,0.945339607395789,6.38000905022877,6,"uVSG","-","-","FF08034506"
"M1138","VDB|000D-0023-0-0002|M1138-c3917-c0-c0",16396,0.929007074896316,3.61528361344538,3,"uVSG","-","-","FF08034506"
"M1064","VDB|0051-0064-0-0003|M1064-c2629-c0-c2",15332,0.921275763109836,5.11171681415929,5,"uVSG","-","-","FF08034506"
"M460","VDB|0015-0006-0-0000|M460-c2098-c2-c11",2511,0.909996017522899,2.8507658643326,2,"uVSG","-","-","FF08034506"
"M488","VDB|0009-003A-0-0004|M488-c2192-c0-c0",6194,0.902809170164676,4.8744635193133,5,"uVSG","-","-","FF08034506"
"M1140","VDB|001E-000F-0-0002|M1140-c1242-c0-c6",9193,0.898183400413358,3.67784909773526,3,"uVSG","-","-","FF08034506"
"M506","VDB|0015-0034-0-0004|M506-c1758-c0-c56",1608,0.85634328358209,8.24400871459695,9,"uVSG","-","-","FF08034506"
"M892","VDB|001E-0033-0-0002|M892-c3062-c0-c11",11172,0.840673111349803,36.4642248722317,20,"uVSG","-","-","FF08034506"
"M406","VDB|001D-0098-0-0003|M406-c1058-c0-c31",3097,0.819825637713917,3.34816857030327,3,"uVSG","-","-","FF08034506"
"M273","VDB|0010-0033-0-0000|M273-c1574-c0-c3",2546,0.804006284367636,2.27308255984367,2,"uVSG","-","-","FF08034506"
"M902","VDB|004C-0052-0-0002|M902-c3340-c0-c2",13405,0.802387168966803,11.2274079583488,11,"uVSG","-","-","FF08034506"
"M349","VDB|0046-018D-0-0000|M349-c1834-c1-c16",1615,0.79938080495356,3.67854376452363,3,"kVSG","NC_029012_Parabacteroides_phage_YZ2015a","NC_0290121_Parabacteroides_phage_YZ2015a","FF08034506"
"M497","VDB|0016-000E-0-0005|M497-c2239-c0-c13",3867,0.793379881044738,3.75912646675359,3,"uVSG","-","-","FF08034506"
"M995","VDB|001E-00BF-0-0000|M995-c3569-c0-c1",19465,0.790444387361932,7.35103340699337,4,"uVSG","-","-","FF08034506"
"M1123","VDB|0026-0018-0-0001|M1123-c2594-c0-c2",4432,0.78971119133574,9.03714285714286,8,"uVSG","-","-","FF08034506"
"M832","VDB|0046-0177-0-0000|M832-c3151-c0-c1",21735,0.766137566137566,6.73042277203939,2,"uVSG","-","-","FF08034506"
"M185","VDB|0037-011B-0-0003|M185-c1457-c0-c1",2638,0.759666413949962,68.2420159680639,77,"uVSG","-","-","FF08034506"
"M441","VDB|004F-001F-0-0000|M441-c2353-c7-c8",3211,1,5099.14730613516,4459,"uVSG","-","-","FF08034511"
"M282","VDB|001E-00A4-0-0001|M282-c3840-c1-c33",3925,1,542.722802547771,590,"uVSG","-","-","FF08034511"
"M808","VDB|0010-0092-0-0000|M808-c3098-c0-c1",18422,0.984800781674085,19.9228861206041,19,"uVSG","-","-","FF08034511"
"M1102","VDB|004A-0090-0-0001|M1102-c3882-c0-c22",2037,0.977417771232204,23.1702661978905,24,"kVSG","NC_024711_Uncultured_crAssphage","NC_0247111_Uncultured_crAssphage","FF08034511"
"M1286","VDB|004F-011B-0-0009|M1286-c832-c0-c5",1561,0.970531710442024,24.0125412541254,29,"kVSG","NC_002670_Lactococcus_prophage_bIL311","NC_0026701_Lactococcus_prophage_bIL311","FF08034511"
"M753","VDB|0010-0001-0-0003|M753-c3180-c0-c1",15483,0.921526835884519,3.19533221194281,3,"uVSG","-","-","FF08034511"
"M697","VDB|0012-004C-0-0006|M697-c3861-c6-c3",8968,0.914139161462979,2008.67553061722,1988,"uVSG","-","-","FF08034511"
"M760","VDB|0010-0006-0-0003|M760-c3374-c0-c6",18893,0.89599322500397,4.85721880907372,4,"uVSG","-","-","FF08034511"
"M1282","VDB|003B-0000-0-0022|M1282-c821-c0-c0",14957,0.873169753292773,3.62656967840735,3,"kVSG","NC_002669_Lactococcus_prophage_bIL310","NC_0026691_Lactococcus_prophage_bIL310","FF08034511"
"M1130","VDB|004C-0079-0-0001|M1130-c3907-c0-c3",6520,0.85521472392638,3.34253945480631,3,"uVSG","-","-","FF08034511"
"M914","VDB|0040-010D-0-0001|M914-c1802-c0-c6",5142,0.840917930766239,7.65009250693802,8,"uVSG","-","-","FF08034511"
"M757","VDB|004F-0228-0-0001|M757-c2104-c0-c5",2982,0.827632461435278,2.22649918962723,2,"uVSG","-","-","FF08034511"
"M646","VDB|0048-000B-0-0009|M646-c3660-c0-c7",4266,0.791608063759963,2.46994373704471,2,"uVSG","-","-","FF08034511"
"M867","VDB|0048-0013-0-0003|M867-c2385-c1-c31",3539,0.77988132240746,6.03224637681159,6,"uVSG","-","-","FF08034511"
"M697","VDB|0010-00F3-0-0001|M697-c3861-c6-c0",10022,1,735.97824785472,715,"uVSG","-","-","FF08034513"
"M441","VDB|0048-0014-0-0001|M441-c2353-c0-c2",8442,1,500.303601042407,261,"uVSG","-","-","FF08034513"
"M867","VDB|0015-001F-0-0001|M867-c2429-c0-c6",3162,1,58.9870335230867,63,"uVSG","-","-","FF08034513"
"M229","VDB|0014-0024-0-0001|M229-c1542-c3-c21",5745,1,821.889643167972,945,"uVSG","-","-","FF08034513"
"M921","VDB|0021-00B6-0-001B|M921-c3088-c1-c5",2109,1,30.4774774774775,32,"uVSG","-","-","FF08034513"
"M865","VDB|0021-00B6-0-0026|M865-c3223-c0-c0",1982,1,21.5499495459132,22,"uVSG","-","-","FF08034513"
"M149","VDB|0040-00C3-0-0003|M149-c1379-c0-c3",3126,0.991042866282789,23.7817947062621,22,"uVSG","-","-","FF08034513"
"M10","VDB|0030-0086-0-002C|M10-c1012-c0-c11",9904,0.988287560581583,29.7480588475685,30,"uVSG","-","-","FF08034513"
"M453","VDB|0030-0087-0-000B|M453-c3011-c0-c8",1723,0.987231572838073,8.61258083480306,8,"uVSG","-","-","FF08034513"
"M1184","VDB|0010-00FD-0-0003|M1184-c508-c0-c26",4246,0.983749411210551,5.13885563801772,5,"uVSG","-","-","FF08034513"
"M1102","VDB|004A-0090-0-0001|M1102-c3882-c0-c22",2037,0.978890525282278,21.7708124373119,24,"kVSG","NC_024711_Uncultured_crAssphage","NC_0247111_Uncultured_crAssphage","FF08034513"
"M808","VDB|0010-0092-0-0000|M808-c3098-c0-c1",18422,0.977364021278906,6.23032490974729,6,"uVSG","-","-","FF08034513"
"M1098","VDB|004C-0029-0-0000|M1098-c2579-c0-c3",3063,0.974861247143324,3.42498325519089,3,"uVSG","-","-","FF08034513"
"M900","VDB|0026-002C-0-0004|M900-c2799-c0-c2",21039,0.971338941964922,4.3501174398121,4,"uVSG","-","-","FF08034513"
"M646","VDB|004A-0027-0-0005|M646-c3660-c0-c8",3253,0.97079618813403,5.60196326789107,5,"uVSG","-","-","FF08034513"
"M1147","VDB|0015-0036-0-0001|M1147-c3381-c1-c16",10629,0.962743437764606,17.8141307534447,6,"uVSG","-","-","FF08034513"
"M696","VDB|0047-0002-0-0004|M696-c2774-c1-c10",2219,0.94817485353763,4.91302281368821,5,"uVSG","-","-","FF08034513"
"M805","VDB|0001-009F-0-0001|M805-c3083-c2-c4",1849,0.938885884261763,4.10599078341014,4,"uVSG","-","-","FF08034513"
"M738","VDB|0028-001B-0-0006|M738-c70-c0-c17",1522,0.927069645203679,15.2041105598866,15,"uVSG","-","-","FF08034513"
"M1056","VDB|0028-0052-0-0009|M1056-c3720-c2-c0",1625,0.876307692307692,6.24438202247191,6,"uVSG","-","-","FF08034513"
"M914","VDB|0040-010D-0-0001|M914-c1802-c0-c6",5142,0.864060676779463,59.4629754670268,80,"uVSG","-","-","FF08034513"
"M936","VDB|001E-0018-0-0004|M936-c1225-c0-c12",7583,0.861268627192404,3.30056652886235,3,"uVSG","-","-","FF08034513"
"M1064","VDB|001E-002F-0-0000|M1064-c1042-c2-c1",83939,0.858111247453508,21.4669369281817,26,"uVSG","-","-","FF08034513"
"M282","VDB|0051-0083-0-000C|M282-c3522-c0-c6",7246,0.83549544576318,62.5579781962339,54,"uVSG","-","-","FF08034513"
"M1110","VDB|0016-000E-0-0007|M1110-c3101-c0-c8",16062,0.824119038724941,5.58540454785828,4,"uVSG","-","-","FF08034513"
"M460","VDB|0012-0072-0-0000|M460-c2090-c0-c3",8609,0.819491230108026,2.62792345854004,2,"uVSG","-","-","FF08034513"
"M448","VDB|004C-00DB-0-0000|M448-c2070-c2-c9",1725,0.808115942028986,3.09182209469154,2,"uVSG","-","-","FF08034513"
"M766","VDB|0021-0091-0-0012|M766-c2984-c2-c1",2214,0.803974706413731,3.44044943820225,3,"uVSG","-","-","FF08034513"
"M546","VDB|0037-00DC-0-000A|M546-c3282-c0-c1",3785,0.799471598414795,15.7617316589557,3,"uVSG","-","-","FF08034513"
"M902","VDB|004C-0052-0-0002|M902-c3340-c0-c2",13405,0.79283849309959,16.397158449379,17,"uVSG","-","-","FF08034513"
"M520","VDB|0008-0010-0-0002|M520-c2249-c0-c10",1541,0.781959766385464,2.6448132780083,2,"uVSG","-","-","FF08034513"
"M697","VDB|0015-000A-0-0000|M697-c3861-c6-c15",4399,1,1366.79017958627,1432,"uVSG","-","-","FF08034516"
"M441","VDB|0021-0058-0-0000|M441-c2353-c7-c3",3199,1,603.240387621132,647,"uVSG","-","-","FF08034516"
"M349","VDB|0052-0061-0-0000|M349-c1834-c1-c13",1683,0.978609625668449,10.1997571341834,10,"kVSG","NC_029012_Parabacteroides_phage_YZ2015a","NC_0290121_Parabacteroides_phage_YZ2015a","FF08034516"
"M892","VDB|0016-0020-0-0000|M892-c3062-c0-c2",16136,0.968827466534457,25.0344783470863,18,"uVSG","-","-","FF08034516"
"M898","VDB|000E-0029-0-0003|M898-c3330-c2-c1",2058,0.954324586977648,7.84419551934827,8,"uVSG","-","-","FF08034516"
"M805","VDB|0001-009F-0-0001|M805-c3083-c2-c4",1849,0.94862087614927,4.77023945267959,4,"uVSG","-","-","FF08034516"
"M822","VDB|004F-00C8-0-0006|M822-c3135-c0-c2",3929,0.860524306439298,2.60218870156758,2,"uVSG","-","-","FF08034516"
"M83","VDB|0046-0078-0-0000|M83-c1217-c0-c10",7928,0.799318869828456,302.69465046552,340,"uVSG","-","-","FF08034516"
"M112","VDB|0002-000F-0-0001|M112-c1289-c1-c0",26574,0.780273951983141,2.83916083916084,2,"uVSG","-","-","FF08034516"
"M441","VDB|0048-0014-0-0001|M441-c2353-c0-c2",8442,1,355.069296375267,119,"uVSG","-","-","FF08034529"
"M453","VDB|0030-0087-0-000B|M453-c3011-c0-c8",1723,1,11.959373186303,11,"uVSG","-","-","FF08034529"
"M697","VDB|0010-00F3-0-0001|M697-c3861-c6-c0",10022,1,471.705048892437,453,"uVSG","-","-","FF08034529"
"M867","VDB|0015-001F-0-0001|M867-c2429-c0-c6",3162,1,35.6761543327008,37,"uVSG","-","-","FF08034529"
"M229","VDB|0014-0024-0-0001|M229-c1542-c3-c21",5745,0.993211488250653,657.54241149667,748,"uVSG","-","-","FF08034529"
"M149","VDB|0040-00C3-0-0003|M149-c1379-c0-c3",3126,0.988483685220729,18.9491909385113,18,"uVSG","-","-","FF08034529"
"M10","VDB|0030-0086-0-002C|M10-c1012-c0-c11",9904,0.985258481421648,7.82229965156794,8,"uVSG","-","-","FF08034529"
"M808","VDB|0010-0092-0-0000|M808-c3098-c0-c1",18422,0.979101074801867,6.70405278039585,7,"uVSG","-","-","FF08034529"
"M1102","VDB|004A-0090-0-0001|M1102-c3882-c0-c22",2037,0.974963181148748,13.186807653575,13,"kVSG","NC_024711_Uncultured_crAssphage","NC_0247111_Uncultured_crAssphage","FF08034529"
"M900","VDB|003A-000E-0-0007|M900-c2799-c0-c7",3288,0.949513381995134,4.74247277386291,5,"uVSG","-","-","FF08034529"
"M1075","VDB|0022-0016-0-0003|M1075-c3777-c1-c0",1606,0.948318804483188,2.26263952724885,2,"uVSG","-","-","FF08034529"
"M865","VDB|0021-00B6-0-0026|M865-c3223-c0-c0",1982,0.942986881937437,3.97110754414125,4,"uVSG","-","-","FF08034529"
"M921","VDB|0009-0082-0-0004|M921-c3088-c1-c0",5790,0.907081174438687,3.86595582635187,4,"uVSG","-","-","FF08034529"
"M1064","VDB|001E-002F-0-0000|M1064-c1042-c2-c1",83939,0.899748626979116,15.8488030295006,18,"uVSG","-","-","FF08034529"
"M738","VDB|0028-001B-0-0006|M738-c70-c0-c17",1522,0.894875164257556,8.03303964757709,8,"uVSG","-","-","FF08034529"
"M460","VDB|000C-004B-0-0000|M460-c2090-c0-c8",2841,0.892995424146427,3.83918013401656,4,"uVSG","-","-","FF08034529"
"M914","VDB|0040-010D-0-0001|M914-c1802-c0-c6",5142,0.88681446907818,47.2651315789474,61,"uVSG","-","-","FF08034529"
"M1110","VDB|0016-000E-0-0007|M1110-c3101-c0-c8",16062,0.832586228365085,4.20399312046661,4,"uVSG","-","-","FF08034529"
"M696","VDB|0047-0002-0-0004|M696-c2774-c1-c10",2219,0.830554303740424,2.5371676614216,2,"uVSG","-","-","FF08034529"
"M282","VDB|0051-0083-0-000C|M282-c3522-c0-c6",7246,0.817140491305548,51.5137645667961,48,"uVSG","-","-","FF08034529"
"M1147","VDB|0015-0036-0-0001|M1147-c3381-c1-c16",10629,0.799040361275755,23.5906040268456,3,"uVSG","-","-","FF08034529"
"M936","VDB|001E-0018-0-0004|M936-c1225-c0-c12",7583,0.793353554002374,3.04222074468085,2,"uVSG","-","-","FF08034529"
"M902","VDB|004A-0075-0-0000|M902-c3340-c0-c1",23966,0.790244513060169,6.60842705528275,6,"uVSG","-","-","FF08034529"
"M441","VDB|0047-00A7-0-0003|M441-c2048-c2-c3",3914,1,788.57128257537,835.5,"uVSG","-","-","FF08034535"
"M829","VDB|0021-00AF-0-000E|M829-c3144-c0-c0",2052,0.999512670565302,12.5533885909313,13,"uVSG","-","-","FF08034535"
"M892","VDB|000E-000C-0-0002|M892-c3062-c0-c0",19587,0.998927860315515,19.6910456915057,20,"uVSG","-","-","FF08034535"
"M738","VDB|0028-005D-0-0008|M738-c70-c0-c12",1658,0.998793727382388,15.9673913043478,16,"uVSG","-","-","FF08034535"
"M1184","VDB|002C-0015-0-003B|M1184-c508-c0-c1",1739,0.996549741230592,7.21234852856319,7,"uVSG","-","-","FF08034535"
"M1147","VDB|0021-0018-0-0006|M1147-c2191-c0-c9",2153,0.994890849976777,43.6447245564893,47,"uVSG","-","-","FF08034535"
"M330","VDB|004A-008F-0-0003|M330-c2326-c0-c24",5496,0.990720524017467,17.4194674012856,19,"uVSG","-","-","FF08034535"
"M697","VDB|0048-005B-0-0003|M697-c3861-c6-c1",9328,0.988529159519726,907.549615009218,877,"uVSG","-","-","FF08034535"
"M579","VDB|003C-0074-0-0000|M579-c2470-c0-c0",6751,0.970819137905495,4.55828501678364,4,"uVSG","-","-","FF08034535"
"M282","VDB|0013-0036-0-0001|M282-c3840-c1-c6",6488,0.934648581997534,21.4086411609499,19,"uVSG","-","-","FF08034535"
"M948","VDB|004F-00B4-0-0002|M948-c2859-c0-c9",4672,0.925299657534247,48.1140411751099,49,"uVSG","-","-","FF08034535"
"M1102","VDB|0021-0089-0-0075|M1102-c76-c0-c268",1963,0.862455425369333,36.563496751329,40,"kVSG","NC_024711_Uncultured_crAssphage","NC_0247111_Uncultured_crAssphage","FF08034535"
"M497","VDB|0010-00B4-0-0001|M497-c2239-c0-c5",21392,0.859667165295438,3.51941272430669,3,"uVSG","-","-","FF08034535"
"M349","VDB|0046-018D-0-0000|M349-c1834-c1-c16",1615,0.824148606811146,5.26145755071375,4,"kVSG","NC_029012_Parabacteroides_phage_YZ2015a","NC_0290121_Parabacteroides_phage_YZ2015a","FF08034535"
"M756","VDB|0050-00D3-0-0003|M756-c2952-c0-c2",36886,0.81811527408773,6.18620141167114,4,"uVSG","-","-","FF08034535"
"M1308","VDB|001E-00C2-0-000D|M1308-c880-c0-c16",4597,0.806830541657603,2.76867080075492,2,"uVSG","-","-","FF08034535"
"M757","VDB|004F-0228-0-0001|M757-c2104-c0-c5",2982,0.794097920858484,2.08868243243243,2,"uVSG","-","-","FF08034535"
"M1005","VDB|004F-002E-0-0001|M1005-c3596-c0-c1",15616,0.775038422131147,2.08518549120053,2,"uVSG","-","-","FF08034535"
"M1056","VDB|0028-0052-0-0009|M1056-c3720-c2-c0",1625,0.760615384615385,2.19902912621359,2,"uVSG","-","-","FF08034535"
"M441","VDB|0028-004B-0-0012|M441-c2979-c2-c0",2218,1,255.727231740307,284,"uVSG","-","-","FF08034567"
"M697","VDB|0015-000A-0-0000|M697-c3861-c6-c15",4399,1,397.035462605138,416,"uVSG","-","-","FF08034567"
"M616","VDB|001D-0045-0-0000|M616-c2556-c1-c2",5572,1,24.9174443646805,25,"uVSG","-","-","FF08034567"
"M892","VDB|0016-0020-0-0000|M892-c3062-c0-c2",16136,0.989030738720873,54.002757064979,59,"uVSG","-","-","FF08034567"
"M808","VDB|0010-0092-0-0000|M808-c3098-c0-c1",18422,0.97660406036261,6.18614862987049,6,"uVSG","-","-","FF08034567"
"M851","VDB|004C-00C9-0-0002|M851-c2148-c0-c3",3069,0.974910394265233,5.9802807486631,5,"uVSG","-","-","FF08034567"
"M675","VDB|004F-020D-0-0000|M675-c2727-c0-c1",12423,0.971262979956532,10.3459307144041,10,"uVSG","-","-","FF08034567"
"M1031","VDB|0021-0026-0-0019|M1031-c3683-c0-c2",16317,0.968437825580683,66.6595367674978,67,"uVSG","-","-","FF08034567"
"M310","VDB|002F-005F-0-0000|M310-c1732-c1-c1",8463,0.923549568710859,13.6434237461617,9,"uVSG","-","-","FF08034567"
"M203","VDB|001E-003E-0-0003|M203-c1101-c0-c2",19559,0.905670024029858,4.32731173083437,4,"uVSG","-","-","FF08034567"
"M1064","VDB|0051-0042-0-0005|M1064-c1042-c2-c6",62936,0.892033176560315,6.07700254715805,5,"uVSG","-","-","FF08034567"
"M753","VDB|0010-006F-0-0003|M753-c3180-c0-c0",33325,0.873488372093023,3.43405819505995,3,"uVSG","-","-","FF08034567"
"M902","VDB|004C-0052-0-0002|M902-c3340-c0-c2",13405,0.781574039537486,9.54433521046101,9,"uVSG","-","-","FF08034567"
"M347","VDB|003A-0014-0-0001|M347-c1826-c0-c2",43263,0.767676767676768,2.31049018427075,2,"uVSG","-","-","FF08034567"
"M1130","VDB|004F-00F3-0-0000|M1130-c3907-c0-c1",8742,0.760809883321894,3.21169748909938,3,"uVSG","-","-","FF08034567"
"M808","VDB|0010-0092-0-0000|M808-c3098-c0-c1",18422,1,63.0945608511562,65,"uVSG","-","-","FF08034592"
"M25","VDB|0021-005B-0-0000|M25-c1041-c0-c7",14818,0.998110406262654,52.6454361054767,54,"uVSG","-","-","FF08034592"
"M711","VDB|000D-0047-0-0003|M711-c2822-c0-c2",2484,0.977053140096618,13,13,"uVSG","-","-","FF08034592"
"M1063","VDB|001E-0012-0-0002|M1063-c3742-c0-c0",18282,0.96225795864785,18.8007048658481,14,"uVSG","-","-","FF08034592"
"M637","VDB|0021-00B6-0-0006|M637-c2638-c0-c0",2709,0.939091915836102,5.0499213836478,5,"uVSG","-","-","FF08034592"
"M1306","VDB|0030-0028-0-000B|M1306-c875-c1-c1",13064,0.93822718922229,4.03524516602758,4,"uVSG","-","-","FF08034592"
"M978","VDB|002C-0007-0-000B|M978-c3523-c0-c0",16272,0.937868731563422,7.42775702771771,7,"uVSG","-","-","FF08034592"
"M212","VDB|0048-0028-0-0002|M212-c1504-c0-c4",55536,0.93715787957361,7.55266495023633,7,"uVSG","-","-","FF08034592"
"M697","VDB|0012-004C-0-0006|M697-c3861-c6-c3",8968,0.912689562890277,1001.90995723885,955,"uVSG","-","-","FF08034592"
"M892","VDB|0001-0085-0-0004|M892-c3062-c0-c10",11651,0.860183675221011,19.3837557373778,19,"uVSG","-","-","FF08034592"
"M709","VDB|0010-0158-0-0006|M709-c2419-c0-c2",2631,0.855948308627898,2.53463587921847,2,"uVSG","-","-","FF08034592"
"M617","VDB|0037-0089-0-0004|M617-c3149-c0-c2",3190,0.855799373040752,3.97692307692308,3,"uVSG","-","-","FF08034592"
"M441","VDB|0021-004C-0-0004|M441-c2353-c0-c4",2852,1,1509.25911640954,1563.5,"uVSG","-","-","FF08034595"
"M697","VDB|0015-000A-0-0000|M697-c3861-c6-c15",4399,1,1341.45169356672,1404,"uVSG","-","-","FF08034595"
"M831","VDB|0010-01DB-0-0002|M831-c2153-c0-c15",2771,1,22.6268495128113,22,"uVSG","-","-","FF08034595"
"M527","VDB|0048-0051-0-0000|M527-c2323-c0-c0",21538,0.996053486860433,21.5013750990537,21,"uVSG","-","-","FF08034595"
"M282","VDB|0042-004B-0-0004|M282-c3840-c1-c4",6990,0.992274678111588,139.116205305652,106,"uVSG","-","-","FF08034595"
"M343","VDB|0051-005B-0-0005|M343-c2403-c0-c19",2249,0.968875055580258,6.6810463515374,5,"uVSG","-","-","FF08034595"
"M706","VDB|002C-0005-0-001A|M706-c2807-c0-c0",33806,0.952109093060403,7.03088203311896,7,"uVSG","-","-","FF08034595"
"M229","VDB|0048-0060-0-0000|M229-c1542-c3-c6",9399,0.93541866155974,35.3003867151956,19,"uVSG","-","-","FF08034595"
"M302","VDB|002F-0144-0-0000|M302-c1701-c1-c1",51615,0.934805773515451,7.40474611398964,6,"uVSG","-","-","FF08034595"
"M892","VDB|0001-0085-0-0004|M892-c3062-c0-c10",11651,0.877521242811776,52.3877151799687,64,"uVSG","-","-","FF08034595"
"M1064","VDB|0038-001A-0-0001|M1064-c1042-c2-c7",62558,0.875923143322996,4.01244616395357,4,"uVSG","-","-","FF08034595"
"M757","VDB|0021-0071-0-0007|M757-c3443-c0-c3",16188,0.857672349888806,3.20455200230481,3,"uVSG","-","-","FF08034595"
"M441","VDB|0021-00AF-0-000B|M441-c2344-c0-c0",3209,0.999376752882518,29.7536638603056,30,"uVSG","-","-","FF08034600"
"M527","VDB|0048-0051-0-0000|M527-c2323-c0-c0",21538,0.998374965177825,24.1430033018649,23,"uVSG","-","-","FF08034600"
"M697","VDB|0001-0113-0-0000|M697-c3861-c6-c6",8363,0.995934473275141,362.823268099412,363,"uVSG","-","-","FF08034600"
"M892","VDB|0047-006C-0-0000|M892-c3062-c0-c77",6043,0.991229521760715,62.9582637729549,62,"uVSG","-","-","FF08034600"
"M706","VDB|002C-0005-0-001A|M706-c2807-c0-c0",33806,0.963260959592972,6.73154403635917,6,"uVSG","-","-","FF08034600"
"M914","VDB|0040-010D-0-0001|M914-c1802-c0-c6",5142,0.957215091404123,47.0351483136936,53,"uVSG","-","-","FF08034600"
"M1102","VDB|0021-0089-0-0075|M1102-c76-c0-c268",1963,0.947529291900153,38.9548387096774,45,"kVSG","NC_024711_Uncultured_crAssphage","NC_0247111_Uncultured_crAssphage","FF08034600"
"M776","VDB|0010-00F0-0-0003|M776-c987-c0-c2",91946,0.855904552672221,5.03028069684994,5,"uVSG","-","-","FF08034600"
"M1064","VDB|000C-006E-0-0000|M1064-c1042-c1-c0",97523,0.845646667965506,11.6484176064023,9,"uVSG","-","-","FF08034600"
"M510","VDB|0039-0015-0-0000|M510-c2274-c0-c11",2831,0.823030731190392,2.42703862660944,2,"uVSG","-","-","FF08034600"
"M646","VDB|0040-0027-0-0000|M646-c2666-c0-c15",1590,0.789308176100629,2.34741035856574,2,"uVSG","-","-","FF08034600"
"M902","VDB|004C-0052-0-0002|M902-c3340-c0-c2",13405,0.772398358821335,5.69779795248213,5,"uVSG","-","-","FF08034600"
"M229","VDB|0024-0055-0-0005|M229-c1542-c3-c9",7848,0.770387359836901,53.2021171022163,6,"uVSG","-","-","FF08034600"
"M441","VDB|0048-0014-0-0001|M441-c2353-c0-c2",8442,1,688.433665008292,715,"uVSG","-","-","FF08034602"
"M697","VDB|0010-00F3-0-0001|M697-c3861-c6-c0",10022,1,979.309419277589,1017,"uVSG","-","-","FF08034602"
"M83","VDB|0021-00B2-0-000D|M83-c1217-c0-c2",7186,1,395.246868911773,403,"uVSG","-","-","FF08034602"
"M1032","VDB|0038-0017-0-0002|M1032-c1246-c0-c10",3192,0.993734335839599,6.12295081967213,6,"uVSG","-","-","FF08034602"
"M892","VDB|0016-0020-0-0000|M892-c3062-c0-c2",16136,0.993678730788299,32.6508669078209,27,"uVSG","-","-","FF08034602"
"M282","VDB|0042-004B-0-0004|M282-c3840-c1-c4",6990,0.987124463519313,47.3913043478261,33,"uVSG","-","-","FF08034602"
"M302","VDB|003A-0040-0-0001|M302-c2488-c0-c3",25053,0.96866642717439,8.81444700840613,6,"uVSG","-","-","FF08034602"
"M801","VDB|0031-0015-0-0003|M801-c143-c0-c9",87286,0.942934720344614,5.67382297551789,5,"uVSG","-","-","FF08034602"
"M863","VDB|0021-00AC-0-000D|M863-c3219-c0-c0",1985,0.880604534005038,3.77173913043478,4,"uVSG","-","-","FF08034602"
"M850","VDB|004F-01DC-0-0002|M850-c3191-c0-c4",6319,0.860737458458617,3.78985107556536,4,"uVSG","-","-","FF08034602"
"M1138","VDB|000D-0023-0-0002|M1138-c3917-c0-c0",16396,0.843193461819956,2.81569620253165,2,"uVSG","-","-","FF08034602"
"M488","VDB|0009-003A-0-0004|M488-c2192-c0-c0",6194,0.833387148853729,4.13986826811313,3,"uVSG","-","-","FF08034602"
"M832","VDB|0046-0177-0-0000|M832-c3151-c0-c1",21735,0.808695652173913,6.26762246117085,3,"uVSG","-","-","FF08034602"
"M727","VDB|001D-00B9-0-0001|M727-c2871-c0-c6",18663,0.758452553180089,2.81773225008831,2,"uVSG","-","-","FF08034602"
"M697","VDB|0010-00F3-0-0001|M697-c3861-c6-c0",10022,1,940.632308920375,925,"uVSG","-","-","FF08034603"
"M441","VDB|003A-0004-0-0000|M441-c2353-c0-c11",2850,1,881.204912280702,1178.5,"uVSG","-","-","FF08034603"
"M727","VDB|0047-0003-0-0007|M727-c2871-c0-c42",3421,1,12.3458053200818,12,"uVSG","-","-","FF08034603"
"M808","VDB|0010-0092-0-0000|M808-c3098-c0-c1",18422,0.998208663554446,13.3828375659362,13,"uVSG","-","-","FF08034603"
"M1056","VDB|0028-0052-0-0009|M1056-c3720-c2-c0",1625,0.986461538461539,11.8939488459139,13,"uVSG","-","-","FF08034603"
"M863","VDB|0021-00AC-0-000D|M863-c3219-c0-c0",1985,0.983879093198992,3.62570404505888,3,"uVSG","-","-","FF08034603"
"M757","VDB|0012-000A-0-0009|M757-c2104-c0-c1",33829,0.973513849064412,5.38107673154587,5,"uVSG","-","-","FF08034603"
"M689","VDB|0028-006A-0-0005|M689-c2763-c0-c0",4843,0.96634317571753,9.73418803418803,9,"uVSG","-","-","FF08034603"
"M900","VDB|0010-01C8-0-0001|M900-c3337-c0-c1",9840,0.957926829268293,5.28156163802249,5,"uVSG","-","-","FF08034603"
"M1005","VDB|004F-002E-0-0001|M1005-c3596-c0-c1",15616,0.939677254098361,5.39580209895052,5,"uVSG","-","-","FF08034603"
"M658","VDB|0028-0021-0-0000|M658-c2694-c0-c1",13338,0.926975558554506,3.55249110320285,3,"uVSG","-","-","FF08034603"
"M851","VDB|004C-00C9-0-0002|M851-c2148-c0-c3",3069,0.92375366568915,2.77248677248677,3,"uVSG","-","-","FF08034603"
"M892","VDB|0008-0053-0-0002|M892-c3062-c0-c4",14664,0.923008728859793,20.5689693387514,20,"uVSG","-","-","FF08034603"
"M1219","VDB|0034-0007-0-0000|M1219-c600-c0-c8",2294,0.902789886660854,4.5702559150169,5,"kVSG","NC_017732_Enterococcus_phage_EF62phi","NC_0177321_Enterococcus_phage_EF62phi","FF08034603"
"M940","VDB|0028-003F-0-001C|M940-c577-c0-c34",1595,0.895297805642633,3.53221288515406,4,"uVSG","-","-","FF08034603"
"M1333","VDB|0009-0032-0-0000|M1333-c957-c0-c40",1798,0.863181312569522,3.14884020618557,3,"uVSG","-","-","FF08034603"
"M1010","VDB|0028-0051-0-0000|M1010-c3618-c0-c0",1684,0.86104513064133,4.27310344827586,4,"uVSG","-","-","FF08034603"
"M179","VDB|0008-009A-0-0004|M179-c2923-c0-c0",34564,0.850277745631293,7.36632753751404,7,"uVSG","-","-","FF08034603"
"M538","VDB|0047-005E-0-0009|M538-c2377-c0-c15",1940,0.846907216494845,4.23980523432745,4,"uVSG","-","-","FF08034603"
"M223","VDB|004F-00B5-0-0000|M223-c896-c0-c7",8435,0.835447540011855,4.57230026961828,3,"uVSG","-","-","FF08034603"
"M1302","VDB|0048-0007-0-0003|M1302-c867-c0-c2",14237,0.825946477488235,58.1530742410069,62,"uVSG","-","-","FF08034603"
"M805","VDB|0028-0052-0-0006|M805-c3083-c2-c3",2112,0.823390151515151,3.59976998274871,4,"uVSG","-","-","FF08034603"
"M1019","VDB|0028-004D-0-0003|M1019-c3638-c0-c8",1670,0.792814371257485,3.98942598187311,3,"uVSG","-","-","FF08034603"
"M495","VDB|0021-009C-0-0004|M495-c2231-c1-c5",7019,0.791708220544237,3.03113190570452,3,"uVSG","-","-","FF08034603"
"M311","VDB|001D-007B-0-0007|M311-c1716-c0-c15",4185,0.774193548387097,5.50679012345679,5,"kVSG","NC_029014_Parabacteroides_phage_YZ2015b","NC_0290141_Parabacteroides_phage_YZ2015b","FF08034603"
"M1188","VDB|000D-0048-0-0002|M1188-c458-c0-c1",5053,0.757371858301999,2.32244577998432,2,"kVSG","NC_013643_Enterococcus_phage_phiFL2A","NC_0136431_Enterococcus_phage_phiFL2A|NC_0136461_Enterococcus_phage_phiFL1A|NC_0286712_Enterococcus_phage_vB_EfaS_IME197|NC_0136481_Enterococcus_phage_phiFL3A|NC_0136961_Enterococcus_phage_phiEf11|NC_0254531_Enterococcus_phage_EFC1","FF08034603"
"M1064","VDB|0002-002F-0-0000|M1064-c1042-c2-c105",24967,0.999679577041695,40.6997475860411,41,"uVSG","-","-","FF08034611"
"M282","VDB|0042-004B-0-0004|M282-c3840-c1-c4",6990,0.979113018597997,197.619082407949,199,"uVSG","-","-","FF08034611"
"M706","VDB|002C-0005-0-001A|M706-c2807-c0-c0",33806,0.971750576820683,27.9492252899455,28,"uVSG","-","-","FF08034611"
"M696","VDB|004E-0078-0-0000|M696-c2565-c0-c26",2346,0.96078431372549,14.7213842058563,14,"uVSG","-","-","FF08034611"
"M892","VDB|0008-0053-0-0002|M892-c3062-c0-c4",14664,0.950013638843426,235.400330198837,191,"uVSG","-","-","FF08034611"
"M448","VDB|004C-00DB-0-0000|M448-c2070-c2-c9",1725,0.943188405797102,3.90288875230486,4,"uVSG","-","-","FF08034611"
"M1005","VDB|0012-001E-0-000B|M1005-c3596-c0-c2",14412,0.917915625867333,3.06969536624083,3,"uVSG","-","-","FF08034611"
"M855","VDB|0037-0090-0-0001|M855-c3787-c0-c4",5130,0.917153996101364,5.55727948990436,5,"uVSG","-","-","FF08034611"
"M757","VDB|0012-000A-0-0009|M757-c2104-c0-c1",33829,0.884418694019924,3.5380193188275,3,"uVSG","-","-","FF08034611"
"M697","VDB|0012-004C-0-0006|M697-c3861-c6-c3",8968,0.878010704727922,601.738252476505,516.5,"uVSG","-","-","FF08034611"
"M600","VDB|004C-00BE-0-0003|M600-c3273-c0-c1",19973,0.871626696039653,3.96955597679361,4,"uVSG","-","-","FF08034611"
"M1117","VDB|004F-00F5-0-0001|M1117-c3877-c1-c1",2816,0.838778409090909,3.94792548687553,4,"uVSG","-","-","FF08034611"
"M459","VDB|004C-009D-0-0006|M459-c3388-c0-c1",10269,0.833479404031551,16.4050706858278,4,"uVSG","-","-","FF08034611"
"M1068","VDB|004C-0088-0-0006|M1068-c3753-c0-c0",6731,0.804041004308424,3.08314855875831,2,"uVSG","-","-","FF08034611"
"M624","VDB|004E-0039-0-0003|M624-c2595-c0-c2",1825,0.801643835616438,3.62611073137389,3,"uVSG","-","-","FF08034611"
"M1116","VDB|004A-002B-0-0000|M1116-c3875-c0-c8",2026,0.784304047384008,4.42983008181246,2,"uVSG","-","-","FF08034611"
"M902","VDB|004C-0052-0-0002|M902-c3340-c0-c2",13405,0.783439015292801,23.6427347171967,23,"uVSG","-","-","FF08034611"
"M520","VDB|0010-004B-0-0005|M520-c2310-c6-c3",5391,0.76776108328696,3.80405895143755,4,"uVSG","-","-","FF08034611"
"M441","VDB|0040-0129-0-0002|M441-c2353-c0-c13",2208,0.751358695652174,652.920433996383,481,"uVSG","-","-","FF08034611"
"M697","VDB|0010-00F3-0-0001|M697-c3861-c6-c0",10022,1,442.259928158052,396,"uVSG","-","-","FF08034620"
"M441","VDB|0048-0014-0-0001|M441-c2353-c0-c2",8442,1,576.051291163231,607,"uVSG","-","-","FF08034620"
"M1302","VDB|0009-0073-0-0005|M1302-c867-c0-c16",2064,0.990794573643411,32.4347188264059,35,"uVSG","-","-","FF08034620"
"M1064","VDB|0002-0039-0-0002|M1064-c1042-c2-c23",35535,0.989615871675813,8.07470283796849,7,"uVSG","-","-","FF08034620"
"M10","VDB|0010-0017-0-0008|M10-c1012-c0-c9",17739,0.98517391059248,297.639505607691,303,"uVSG","-","-","FF08034620"
"M207","VDB|0046-0175-0-0000|M207-c1499-c0-c1",6521,0.980217758012575,13.9835732165207,14,"uVSG","-","-","FF08034620"
"M1138","VDB|000D-0023-0-0002|M1138-c3917-c0-c0",16396,0.969809709685289,5.2994780202503,5,"uVSG","-","-","FF08034620"
"M892","VDB|0016-0020-0-0000|M892-c3062-c0-c2",16136,0.958539910758552,28.0654296243615,20,"uVSG","-","-","FF08034620"
"M406","VDB|0050-0059-0-0004|M406-c1658-c0-c35",3517,0.957350014216662,6.3964953964954,5,"uVSG","-","-","FF08034620"
"M497","VDB|0030-007B-0-0007|M497-c2239-c0-c1",44151,0.954678263232996,4.99888493475682,5,"uVSG","-","-","FF08034620"
"M1005","VDB|0012-001E-0-000B|M1005-c3596-c0-c2",14412,0.954482375797946,4.55299505670253,4,"uVSG","-","-","FF08034620"
"M378","VDB|004F-0036-0-0002|M378-c2832-c0-c1",6489,0.943288642317769,3.77618036268584,3,"uVSG","-","-","FF08034620"
"M757","VDB|004F-0228-0-0001|M757-c2104-c0-c5",2982,0.913480885311871,4.47723935389134,4,"uVSG","-","-","FF08034620"
"M1056","VDB|0028-0052-0-0009|M1056-c3720-c2-c0",1625,0.893538461538462,8.50206611570248,9,"uVSG","-","-","FF08034620"
"M832","VDB|0016-002E-0-0000|M832-c3151-c0-c6",16874,0.890719450041484,6.77292082501663,5,"uVSG","-","-","FF08034620"
"M1206","VDB|0013-003F-0-0002|M1206-c567-c0-c2",31993,0.888100521989185,6.69235913138352,6,"kVSG","NC_001895_Enterobacteria_phage_P2","NC_0018951_Enterobacteria_phage_P2|NC_0227501_Enterobacteria_phage_fiAA91ss|NC_0047451_Yersinia_phage_L413C|NC_0050561_Escherichia_phage_Wphi|NC_0217741_Salmonella_phage_FSL_SP004|NC_0288961_Escherichia_phage_pro147","FF08034620"
"M229","VDB|0024-0055-0-0005|M229-c1542-c3-c9",7848,0.867099898063201,7.30462894930198,4,"uVSG","-","-","FF08034620"
"M939","VDB|0037-00E7-0-0000|M939-c3437-c0-c0",24880,0.810771704180064,3.05978584176086,3,"uVSG","-","-","FF08034620"
"M1110","VDB|004C-003C-0-0000|M1110-c3101-c0-c25",3977,0.800352024138798,4.30065975494816,4,"uVSG","-","-","FF08034620"
"M766","VDB|0021-0091-0-0012|M766-c2984-c2-c1",2214,0.796296296296296,3.24617129892229,3,"uVSG","-","-","FF08034620"
"M1107","VDB|002F-00D8-0-0002|M1107-c3850-c0-c9",1781,0.78270634475014,3.36513629842181,3,"uVSG","-","-","FF08034620"
"M179","VDB|004C-0094-0-0001|M179-c1380-c0-c0",29402,0.779436773008639,12.6320198978924,12,"uVSG","-","-","FF08034620"
"M459","VDB|004C-009D-0-0006|M459-c3388-c0-c1",10269,0.773006134969325,9.83812043335853,3,"uVSG","-","-","FF08034620"
"M535","VDB|0021-007D-0-000E|M535-c2370-c1-c2",3158,0.769157694743509,2.99135446685879,3,"uVSG","-","-","FF08034620"
"M521","VDB|0017-0006-0-0001|M521-c1207-c0-c1",32036,0.76729304532401,19.1185468451243,19,"uVSG","-","-","FF08034620"
"M1117","VDB|004F-00F5-0-0001|M1117-c3877-c1-c1",2816,0.760298295454545,2.42970574497898,2,"uVSG","-","-","FF08034620"
"M697","VDB|0015-000A-0-0000|M697-c3861-c6-c15",4399,1,1978.70379631734,2069,"uVSG","-","-","FF08034653"
"M808","VDB|0010-0092-0-0000|M808-c3098-c0-c1",18422,1,70.795624796439,71,"uVSG","-","-","FF08034653"
"M1070","VDB|0021-00B8-0-003E|M1070-c2035-c0-c0",2796,1,42.2163805436338,41,"uVSG","-","-","FF08034653"
"M282","VDB|0016-000A-0-0000|M282-c3840-c1-c36",3611,1,73.5120465245084,74,"uVSG","-","-","FF08034653"
"M776","VDB|0028-007C-0-001B|M776-c987-c0-c2",10227,0.999902219614745,46.9131625268922,47,"uVSG","-","-","FF08034653"
"M759","VDB|0006-002F-0-0003|M759-c2960-c2-c2",2549,0.992153785798352,11.9671807038355,12,"uVSG","-","-","FF08034653"
"M459","VDB|004C-009D-0-0006|M459-c3388-c0-c1",10269,0.990164572986659,12.308025177026,7,"uVSG","-","-","FF08034653"
"M871","VDB|0021-00A8-0-0000|M871-c3032-c0-c6",3817,0.985590778097983,8.98511430090377,7,"uVSG","-","-","FF08034653"
"M1138","VDB|000D-0023-0-0002|M1138-c3917-c0-c0",16396,0.977860453769212,4.8094554980353,4,"uVSG","-","-","FF08034653"
"M892","VDB|0016-0020-0-0000|M892-c3062-c0-c2",16136,0.9766980664353,35.1857233502538,37,"uVSG","-","-","FF08034653"
"M687","VDB|001F-005E-0-0001|M687-c3207-c0-c2",2572,0.968895800933126,4.0569823434992,4,"uVSG","-","-","FF08034653"
"M995","VDB|001E-00BF-0-0000|M995-c3569-c0-c1",19465,0.966709478551246,6.59488760163682,5,"uVSG","-","-","FF08034653"
"M1098","VDB|0021-00B2-0-002B|M1098-c2579-c0-c0",2773,0.943021997836278,4.95793499043977,4,"uVSG","-","-","FF08034653"
"M900","VDB|004F-01BB-0-0000|M900-c3337-c0-c9",1824,0.93530701754386,7.30539273153576,7,"uVSG","-","-","FF08034653"
"M237","VDB|003A-0016-0-0004|M237-c1555-c0-c3",5555,0.934653465346535,5.32781201848998,5,"uVSG","-","-","FF08034653"
"M229","VDB|0048-0060-0-0000|M229-c1542-c3-c6",9399,0.93052452388552,25.0902126686485,11,"uVSG","-","-","FF08034653"
"M1102","VDB|0021-0033-0-0004|M1102-c3882-c0-c17",2405,0.917255717255717,19.0634632819583,20,"kVSG","NC_024711_Uncultured_crAssphage","NC_0247111_Uncultured_crAssphage","FF08034653"
"M265","VDB|000D-0048-0-0000|M265-c1614-c0-c0",48537,0.916187650658261,3.76017000607165,3,"uVSG","-","-","FF08034653"
"M832","VDB|004C-0062-0-0001|M832-c3151-c0-c0",25602,0.913288024373096,4.94487212385596,4,"uVSG","-","-","FF08034653"
"M510","VDB|0016-0028-0-0002|M510-c2274-c0-c13",1529,0.911706998037933,5.56384505021521,5,"uVSG","-","-","FF08034653"
"M806","VDB|0047-005E-0-0003|M806-c3084-c0-c0",2814,0.904761904761905,29.6771406127258,29,"uVSG","-","-","FF08034653"
"M927","VDB|0050-00A5-0-0001|M927-c3407-c0-c0",17625,0.88822695035461,44.9904822740339,41,"uVSG","-","-","FF08034653"
"M738","VDB|004F-01E3-0-0007|M738-c70-c0-c129",17622,0.852400408580184,15.6666666666667,16,"uVSG","-","-","FF08034653"
"M1056","VDB|0028-0052-0-0009|M1056-c3720-c2-c0",1625,0.820923076923077,5.11394302848576,5,"uVSG","-","-","FF08034653"
"M1110","VDB|0001-0017-0-0000|M1110-c3864-c0-c9",3235,0.812055641421947,8.55272173582033,8,"uVSG","-","-","FF08034653"
"M135","VDB|0028-0079-0-0007|M135-c1349-c1-c5",6376,0.797208281053952,25.3425142632304,28,"uVSG","-","-","FF08034653"
"M441","VDB|0046-0173-0-0000|M441-c2353-c2-c0",8440,0.752488151658768,1656.30011021886,1149,"uVSG","-","-","FF08034653"
"M697","VDB|0015-000A-0-0000|M697-c3861-c6-c15",4399,1,621.211184360082,654,"uVSG","-","-","FF08034660"
"M127","VDB|0021-0032-0-000D|M127-c1332-c2-c1",6449,0.994107613583501,6.44626423334893,6,"uVSG","-","-","FF08034660"
"M1115","VDB|0046-01D1-0-0003|M1115-c3874-c0-c1",10663,0.990059082809716,6.43743487733258,6,"uVSG","-","-","FF08034660"
"M759","VDB|0046-0159-0-0000|M759-c2960-c2-c1",2624,0.983993902439024,10.2513555383424,10,"uVSG","-","-","FF08034660"
"M954","VDB|0001-00A6-0-0002|M954-c827-c1-c21",6980,0.954727793696275,5.52085834333734,5,"uVSG","-","-","FF08034660"
"M898","VDB|000E-0029-0-0003|M898-c3330-c2-c1",2058,0.91885325558795,8.67160232681121,9,"uVSG","-","-","FF08034660"
"M448","VDB|000E-0016-0-0000|M448-c2070-c2-c5",3401,0.883269626580418,4.21338215712384,4,"uVSG","-","-","FF08034660"
"M1013","VDB|0037-0005-0-0002|M1013-c1389-c0-c9",2729,0.883107365335288,6.39875518672199,6,"uVSG","-","-","FF08034660"
"M171","VDB|0047-000D-0-0004|M171-c1426-c0-c2",1604,0.865960099750623,3.19222462203024,3,"uVSG","-","-","FF08034660"
"M282","VDB|0045-002A-0-0003|M282-c3522-c0-c7",7176,0.769370122630992,4.74352472378192,3,"uVSG","-","-","FF08034660"
"M697","VDB|0015-000A-0-0000|M697-c3861-c6-c15",4399,1,694.436462832462,723,"uVSG","-","-","FF08034664"
"M441","VDB|0021-0058-0-0000|M441-c2353-c7-c3",3199,1,672.435761175367,731,"uVSG","-","-","FF08034664"
"M808","VDB|0010-0092-0-0000|M808-c3098-c0-c1",18422,1,30.698241233308,31,"uVSG","-","-","FF08034664"
"M1225","VDB|0030-0089-0-0000|M1225-c665-c1-c0",38764,0.999587245898256,10.8861360586353,10,"uVSG","-","-","FF08034664"
"M776","VDB|0021-00B6-0-0022|M776-c681-c1-c7",2037,0.996563573883162,6.82216748768473,7,"uVSG","-","-","FF08034664"
"M1098","VDB|0037-0010-0-0003|M1098-c2579-c0-c5",2849,0.987363987363987,7.21756132243157,7,"uVSG","-","-","FF08034664"
"M677","VDB|002F-011C-0-0002|M677-c2884-c0-c0",29848,0.950817475207719,10.6480267794221,10,"uVSG","-","-","FF08034664"
"M757","VDB|0012-000A-0-0009|M757-c2104-c0-c1",33829,0.931005941647699,3.56443879980949,3,"uVSG","-","-","FF08034664"
"M966","VDB|0020-001B-0-0002|M966-c3494-c0-c0",20904,0.924464217374665,5.63663648124191,5,"uVSG","-","-","FF08034664"
"M282","VDB|0013-0036-0-0001|M282-c3840-c1-c6",6488,0.920006165228113,45.7823756073044,33,"uVSG","-","-","FF08034664"
"M412","VDB|004F-0194-0-0003|M412-c2480-c2-c9",4124,0.909068865179437,5.50893571619098,3,"uVSG","-","-","FF08034664"
"M135","VDB|002F-00BC-0-0000|M135-c1349-c1-c8",6026,0.901924991702622,7.76835326586937,7,"uVSG","-","-","FF08034664"
"M1005","VDB|0012-001E-0-000B|M1005-c3596-c0-c2",14412,0.88669164585068,3.62195789967916,3,"uVSG","-","-","FF08034664"
"M658","VDB|0028-0021-0-0000|M658-c2694-c0-c1",13338,0.856425251162093,3.5030202223584,3,"uVSG","-","-","FF08034664"
"M1010","VDB|004F-01EE-0-0004|M1010-c2155-c0-c6",2630,0.838783269961977,2.82094288304624,2,"uVSG","-","-","FF08034664"
"M687","VDB|0010-0071-0-0002|M687-c3207-c0-c1",5185,0.837801350048216,2.95188766114181,2,"uVSG","-","-","FF08034664"
"M459","VDB|004C-009D-0-0006|M459-c3388-c0-c1",10269,0.829194663550492,5.542689371697,3,"uVSG","-","-","FF08034664"
"M1012","VDB|004F-002E-0-0000|M1012-c3624-c0-c1",15664,0.825331971399387,4.47880569306931,4,"uVSG","-","-","FF08034664"
"M1220","VDB|0021-0089-0-0062|M1220-c603-c1-c0",2386,0.822296730930428,27.8516819571865,27,"uVSG","-","-","FF08034664"
"M727","VDB|004C-0085-0-0003|M727-c2871-c0-c38",6383,0.822027259909134,3.44654088050314,3,"uVSG","-","-","FF08034664"
"M902","VDB|004A-0075-0-0000|M902-c3340-c0-c1",23966,0.821664024034048,22.4212878326224,22,"uVSG","-","-","FF08034664"
"M302","VDB|003A-0040-0-0001|M302-c2488-c0-c3",25053,0.8207001157546,22.1588444141822,22,"uVSG","-","-","FF08034664"
"M892","VDB|0001-0085-0-0004|M892-c3062-c0-c10",11651,0.817268903956742,22.5549254358328,23,"uVSG","-","-","FF08034664"
"M1123","VDB|0046-0186-0-0001|M1123-c3890-c0-c1",5234,0.813144822315629,13.7199248120301,14,"uVSG","-","-","FF08034664"
"M1007","VDB|0018-0003-0-000C|M1007-c1183-c0-c31",5343,0.791690061763054,2.47494089834515,2,"uVSG","-","-","FF08034664"
"M616","VDB|0021-00AB-0-0036|M616-c2556-c1-c0",2819,1,107.006739978716,111,"uVSG","-","-","FF08034693"
"M203","VDB|002B-0008-0-0004|M203-c1490-c0-c3",5852,0.999145591250854,9.69454421070635,10,"uVSG","-","-","FF08034693"
"M642","VDB|002B-0009-0-0006|M642-c3455-c0-c0",3078,0.998050682261209,9.02506510416667,9,"uVSG","-","-","FF08034693"
"M694","VDB|0012-0024-0-0007|M694-c921-c0-c2",16110,0.988578522656735,10.1907572522918,10,"uVSG","-","-","FF08034693"
"M697","VDB|0012-004C-0-0006|M697-c3861-c6-c3",8968,0.983273862622658,884.523474710819,729,"uVSG","-","-","FF08034693"
"M706","VDB|002C-0005-0-001A|M706-c2807-c0-c0",33806,0.970656096550908,8.24416407630889,6,"uVSG","-","-","FF08034693"
"M1070","VDB|0047-004D-0-0000|M1070-c3759-c0-c0",1617,0.968460111317254,5.61047254150702,5,"uVSG","-","-","FF08034693"
"M208","VDB|003B-0000-0-0047|M208-c45-c0-c3",164018,0.955931666036654,10.8503348427833,11,"kVSG","NC_030953_Shigella_phage_SHFML11","NC_0309531_Shigella_phage_SHFML11|NC_0421291_Escherichia_phage_slur03|NC_0310111_Shigella_phage_SHFML26|NC_0419901_Escherichia_phage_ST0|NC_0254371_Shigella_phage_Shf125875|NC_0418641_Escherichia_coli_O157_typing_phage_6|NC_0289271_Escherichia_phage_slur02|NC_0085151_Bacteriophage_RB32|NC_0254491_Escherichia_phage_ECML134|NC_0288941_Enterobacteria_phage_vB_EcoM_VR20|NC_0279791_Enterobacteria_phage_RB68|NC_0419191_UNVERIFIED_Escherichia_phage_CF2|NC_0420781_Shigella_phage_Sf24|NC_0254191_Enterobacteria_phage_RB3|NC_0145951_Shigella_phage_SP18|NC_0241252_Escherichia_phage_e11/2|NC_0258291_Shigella_phage_pSs1|NC_0419361_Escherichia_phage_ECD7|NC_0289251_Enterobacteria_phage_vB_EcoM_VR25|NC_0310471_Escherichia_phage_HY03|NC_0008664_Enterobacteria_phage_T4|NC_0193991_Enterobacteria_phage_vB_EcoM_ACGC40|NC_0274041_Yersinia_phage_PST|NC_0310301_Escherichia_phage_UFVAREG1","FF08034693"
"M914","VDB|0035-0064-0-0002|M914-c2985-c0-c3",13387,0.912153581833122,18.5823437883875,18,"uVSG","-","-","FF08034693"
"M378","VDB|0017-0006-0-0003|M378-c2832-c0-c5",1983,0.873424104891578,2.52771362586605,2,"uVSG","-","-","FF08034693"
"M721","VDB|004C-0040-0-0006|M721-c1938-c0-c2",7894,0.86116037496833,9.44630773756987,9,"uVSG","-","-","FF08034693"
"M892","VDB|0001-0085-0-0004|M892-c3062-c0-c10",11651,0.843103596257832,20.1878244935356,20,"uVSG","-","-","FF08034693"
"M1064","VDB|001E-0085-0-0000|M1064-c1042-c1-c1",89809,0.834315046376198,3.85678442258672,3,"uVSG","-","-","FF08034693"
"M867","VDB|0037-00ED-0-0001|M867-c1847-c3-c35",3442,0.822486926205694,9.34298834334158,10,"uVSG","-","-","FF08034693"
"M648","VDB|004F-003C-0-0001|M648-c3579-c1-c2",2241,0.821954484605087,4.61183496199783,3,"uVSG","-","-","FF08034693"
"M282","VDB|0051-0083-0-000C|M282-c3522-c0-c6",7246,0.813000276014353,27.601595654388,11,"uVSG","-","-","FF08034693"
"M629","VDB|0046-0189-0-0001|M629-c1754-c0-c0",11571,0.798893786189612,16.8348117697966,17,"kVSG","NC_021777_Salmonella_phage_Jersey","NC_0217771_Salmonella_phage_Jersey|NC_0420841_Escherichia_phage_VB_EcoSGolestan|NC_0279931_Escherichia_phage_K1G|NC_0419921_Salmonella_phage_wksl3|NC_0418971_Escherichia_phage_K1ind1|NC_0167631_Salmonella_phage_SE2|NC_0418981_Escherichia_phage_K1ind2|NC_0279941_Escherichia_phage_K1H","FF08034693"
"M900","VDB|0030-0086-0-0002|M900-c2799-c0-c0",2459,0.786498576657178,3.11323681489142,3,"uVSG","-","-","FF08034693"
"M646","VDB|0021-0089-0-0064|M646-c71-c0-c0",2315,1,27.3550755939525,27,"uVSG","-","-","FF08034698"
"M808","VDB|0010-0092-0-0000|M808-c3098-c0-c1",18422,1,26.0824557594181,26,"uVSG","-","-","FF08034698"
"M697","VDB|0001-0113-0-0000|M697-c3861-c6-c6",8363,0.996173621906015,1199.85451926539,1211,"uVSG","-","-","FF08034698"
"M900","VDB|004C-0072-0-0000|M900-c2799-c0-c0",31133,0.99229113802075,8.95707765513223,9,"uVSG","-","-","FF08034698"
"M1138","VDB|000D-0023-0-0002|M1138-c3917-c0-c0",16396,0.989143693583801,6.26754223702059,6,"uVSG","-","-","FF08034698"
"M10","VDB|0001-00D4-0-0008|M10-c1012-c0-c4",18208,0.987752636203866,43.5261606894634,44,"uVSG","-","-","FF08034698"
"M637","VDB|0021-0087-0-0028|M637-c2638-c0-c0",2680,0.987313432835821,11.0238095238095,11,"uVSG","-","-","FF08034698"
"M282","VDB|0042-004B-0-0004|M282-c3840-c1-c4",6990,0.986981402002861,112.069140455138,126,"uVSG","-","-","FF08034698"
"M302","VDB|003A-000D-0-0002|M302-c2488-c0-c0",35500,0.984845070422535,13.5840340941594,11,"uVSG","-","-","FF08034698"
"M738","VDB|0030-0086-0-0027|M738-c70-c0-c64",96575,0.984395547501941,23.1859511086801,22,"uVSG","-","-","FF08034698"
"M1075","VDB|0022-0016-0-0003|M1075-c3777-c1-c0",1606,0.971980074719801,20.7597693786035,21,"uVSG","-","-","FF08034698"
"M393","VDB|0030-0016-0-000F|M393-c1941-c0-c2",5809,0.961783439490446,32.2278503669232,34,"uVSG","-","-","FF08034698"
"M832","VDB|0010-01B6-0-0000|M832-c3151-c0-c3",18744,0.961587708066581,4.76725477141589,4,"uVSG","-","-","FF08034698"
"M651","VDB|0001-00BF-0-0000|M651-c3112-c0-c0",7364,0.938348723519826,6.23299565846599,5,"uVSG","-","-","FF08034698"
"M203","VDB|0037-0024-0-0000|M203-c1728-c0-c2",6100,0.906229508196721,9.8082489146165,10,"uVSG","-","-","FF08034698"
"M948","VDB|0028-0049-0-0001|M948-c3454-c0-c2",1799,0.904391328515842,321.912108174554,390,"uVSG","-","-","FF08034698"
"M940","VDB|001D-0096-0-0006|M940-c2625-c0-c10",2588,0.888330757341577,5.06350587211831,5,"uVSG","-","-","FF08034698"
"M759","VDB|0046-0159-0-0000|M759-c2960-c2-c1",2624,0.883384146341463,4.89689387402934,5,"uVSG","-","-","FF08034698"
"M257","VDB|0021-0003-0-0011|M257-c1596-c1-c1",5463,0.879370309353835,27.5027060782681,28,"uVSG","-","-","FF08034698"
"M694","VDB|0006-0025-0-0001|M694-c507-c0-c3",62504,0.854793293229233,13.7783559182451,14,"uVSG","-","-","FF08034698"
"M721","VDB|001A-0057-0-0001|M721-c1938-c0-c16",3549,0.82502113271344,9.21482240437158,8,"uVSG","-","-","FF08034698"
"M892","VDB|0016-0020-0-0000|M892-c3062-c0-c2",16136,0.815505701536936,17.1538110798693,14,"uVSG","-","-","FF08034698"
"M441","VDB|0046-0173-0-0000|M441-c2353-c2-c0",8440,0.786018957345972,1496.58426288815,1749,"uVSG","-","-","FF08034698"
"M497","VDB|000E-000C-0-0005|M497-c3430-c0-c2",6520,1,11.8147239263804,12,"uVSG","-","-","FF08034702"
"M697","VDB|0015-000A-0-0000|M697-c3861-c6-c15",4399,1,863.518754262332,895,"uVSG","-","-","FF08034702"
"M441","VDB|0048-0014-0-0001|M441-c2353-c0-c2",8442,0.999644633972992,188.603626022041,35,"uVSG","-","-","FF08034702"
"M694","VDB|001E-0034-0-0001|M694-c921-c0-c18",2929,0.99931717309662,52.4933378886232,48,"uVSG","-","-","FF08034702"
"M642","VDB|0040-014F-0-0000|M642-c2655-c0-c3",1688,0.991113744075829,82.9611476389719,87,"uVSG","-","-","FF08034702"
"M203","VDB|0016-006C-0-0000|M203-c1101-c0-c9",2339,0.98589140658401,75.3412836079792,81,"uVSG","-","-","FF08034702"
"M721","VDB|0021-00B6-0-0060|M721-c1938-c0-c6",4238,0.984662576687117,66.2396357536544,68,"uVSG","-","-","FF08034702"
"M229","VDB|000D-003E-0-0004|M229-c1542-c3-c17",6090,0.981609195402299,38.7097691535631,45,"uVSG","-","-","FF08034702"
"M1070","VDB|0021-00BB-0-0009|M1070-c2035-c0-c2",1605,0.955763239875389,3.53976531942634,3,"uVSG","-","-","FF08034702"
"M646","VDB|0015-000B-0-0010|M646-c3660-c0-c12",1526,0.942988204456094,7.00694927032662,7,"uVSG","-","-","FF08034702"
"M1132","VDB|002F-00A8-0-0004|M1132-c1068-c0-c1",15777,0.888952272295113,5.02509803921569,5,"uVSG","-","-","FF08034702"
"M687","VDB|001F-005E-0-0001|M687-c3207-c0-c2",2572,0.856920684292379,4.91515426497278,5,"uVSG","-","-","FF08034702"
"M1056","VDB|0028-0052-0-0009|M1056-c3720-c2-c0",1625,0.838769230769231,7.27879677182685,8,"uVSG","-","-","FF08034702"
"M759","VDB|0046-0159-0-0000|M759-c2960-c2-c1",2624,0.833460365853659,2.89940557841792,2,"uVSG","-","-","FF08034702"
"M282","VDB|0051-0083-0-000C|M282-c3522-c0-c6",7246,0.814932376483577,31.5004233700254,29,"uVSG","-","-","FF08034702"
"M1063","VDB|001E-0012-0-0002|M1063-c3742-c0-c0",18282,0.809648834919593,5.20064856100527,4,"uVSG","-","-","FF08034702"
"M900","VDB|0010-01EE-0-0000|M900-c3886-c0-c8",4434,0.783942264321155,2.4807249712313,2,"uVSG","-","-","FF08034702"
"M179","VDB|004C-0094-0-0001|M179-c1380-c0-c0",29402,0.762567172301204,14.6181704651889,10,"uVSG","-","-","FF08034702"
"M697","VDB|0015-000A-0-0000|M697-c3861-c6-c15",4399,1,1942.52466469652,2029,"uVSG","-","-","FF08034705"
"M441","VDB|0021-00B6-0-0076|M441-c2494-c2-c2",2912,1,2148.03914835165,2225,"uVSG","-","-","FF08034705"
"M738","VDB|0028-005D-0-0008|M738-c70-c0-c12",1658,1,56.0627261761158,59,"uVSG","-","-","FF08034705"
"M1138","VDB|000D-0023-0-0002|M1138-c3917-c0-c0",16396,0.995059770675775,80.9597916028195,81,"uVSG","-","-","FF08034705"
"M900","VDB|0048-005E-0-0003|M900-c3337-c0-c0",23411,0.993592755542266,7.16387945488156,7,"uVSG","-","-","FF08034705"
"M347","VDB|003A-0014-0-0001|M347-c1826-c0-c2",43263,0.990338164251208,7.69525032092426,7,"uVSG","-","-","FF08034705"
"M1120","VDB|0040-0169-0-0000|M1120-c3723-c0-c2",2950,0.990169491525424,7.10955152345087,7,"uVSG","-","-","FF08034705"
"M406","VDB|0050-0059-0-0004|M406-c1658-c0-c35",3517,0.981518339493887,3.41193511008111,3,"uVSG","-","-","FF08034705"
"M378","VDB|0010-0104-0-0001|M378-c190-c1-c0",8806,0.970020440608676,4.67876375556076,4,"uVSG","-","-","FF08034705"
"M311","VDB|001D-007B-0-0007|M311-c1716-c0-c15",4185,0.956033452807646,5.28367908022994,5,"kVSG","NC_029014_Parabacteroides_phage_YZ2015b","NC_0290141_Parabacteroides_phage_YZ2015b","FF08034705"
"M892","VDB|001A-000B-0-0000|M892-c3062-c0-c40",7246,0.951145459563897,38.6683110853163,8,"uVSG","-","-","FF08034705"
"M832","VDB|004C-0062-0-0001|M832-c3151-c0-c0",25602,0.950980392156863,65.993839076683,66,"uVSG","-","-","FF08034705"
"M954","VDB|0012-0002-0-0002|M954-c3506-c0-c7",2143,0.945870275314979,4.22052294030587,4,"uVSG","-","-","FF08034705"
"M457","VDB|0001-0025-0-0000|M457-c2084-c0-c7",4446,0.92285200179937,2.91372166707287,3,"uVSG","-","-","FF08034705"
"M962","VDB|002F-00C8-0-0002|M962-c3487-c0-c0",21427,0.908946656088113,11.043078660916,11,"uVSG","-","-","FF08034705"
"M1102","VDB|0050-00CA-0-0000|M1102-c73-c0-c23",14646,0.9027720879421,56.5788836787173,56,"kVSG","NC_024711_Uncultured_crAssphage","NC_0247111_Uncultured_crAssphage","FF08034705"
"M990","VDB|0026-0038-0-0001|M990-c2783-c0-c3",6118,0.887544949329846,8.92117863720074,9,"uVSG","-","-","FF08034705"
"M282","VDB|0013-0036-0-0001|M282-c3840-c1-c6",6488,0.886868064118372,17.8338547097671,7,"uVSG","-","-","FF08034705"
"M1117","VDB|0051-0015-0-0001|M1117-c1761-c0-c0",63094,0.871239737534472,4.02130252865199,4,"uVSG","-","-","FF08034705"
"M788","VDB|0048-004B-0-0000|M788-c3039-c2-c2",3632,0.869218061674009,22.4387076338296,23,"uVSG","-","-","FF08034705"
"M1143","VDB|002C-0014-0-0042|M1143-c3930-c0-c0",1507,0.863304578633046,2.86164488854727,3,"uVSG","-","-","FF08034705"
"M740","VDB|004F-010B-0-0000|M740-c3672-c0-c0",18660,0.856913183279743,17.3584740462789,18,"uVSG","-","-","FF08034705"
"M460","VDB|0016-002B-0-0005|M460-c1950-c0-c0",14259,0.844238726418402,3.69911945505898,3,"uVSG","-","-","FF08034705"
"M759","VDB|0050-005D-0-0000|M759-c2960-c2-c6",1993,0.811339688911189,4.34137291280148,4,"uVSG","-","-","FF08034705"
"M1005","VDB|004F-002E-0-0001|M1005-c3596-c0-c1",15616,0.794185450819672,2.52878567972908,2,"uVSG","-","-","FF08034705"
"M758","VDB|0042-0014-0-0009|M758-c2959-c0-c6",5662,0.771812080536913,5.26521739130435,5,"uVSG","-","-","FF08034705"
"M107","VDB|0048-0066-0-0000|M107-c1271-c0-c14",1772,0.770880361173815,2.15080527086384,2,"uVSG","-","-","FF08034705"
"M441","VDB|0048-0014-0-0001|M441-c2353-c0-c2",8442,1,545.872897417674,569,"uVSG","-","-","FF08034717"
"M697","VDB|0010-00F3-0-0001|M697-c3861-c6-c0",10022,1,1013.66473757733,1108,"uVSG","-","-","FF08034717"
"M83","VDB|0021-00B2-0-000D|M83-c1217-c0-c2",7186,1,308.389507375452,316,"uVSG","-","-","FF08034717"
"M801","VDB|0015-0034-0-0002|M801-c780-c0-c96",1886,1,43.8923647932131,45,"uVSG","-","-","FF08034717"
"M488","VDB|0009-003A-0-0004|M488-c2192-c0-c0",6194,0.999677106877623,44.8401162790698,46,"uVSG","-","-","FF08034717"
"M738","VDB|0030-0086-0-0027|M738-c70-c0-c64",96575,0.989231167486409,21.9501753284137,21,"uVSG","-","-","FF08034717"
"M892","VDB|0016-0020-0-0000|M892-c3062-c0-c2",16136,0.980106593951413,46.5188112551375,43,"uVSG","-","-","FF08034717"
"M506","VDB|0003-0091-0-0000|M506-c2265-c0-c25",2299,0.970421922575033,80.1564320932317,81,"uVSG","-","-","FF08034717"
"M1138","VDB|000D-0023-0-0002|M1138-c3917-c0-c0",16396,0.954257135886802,4.09261153010354,4,"uVSG","-","-","FF08034717"
"M1032","VDB|0038-0017-0-0002|M1032-c1246-c0-c10",3192,0.953320802005013,3.79756818928689,3,"uVSG","-","-","FF08034717"
"M850","VDB|004F-01DC-0-0002|M850-c3191-c0-c4",6319,0.945086247824023,6.2438044206296,6,"uVSG","-","-","FF08034717"
"M282","VDB|0008-00D3-0-0003|M282-c2502-c3-c5",2386,0.93419949706622,112.660385823239,122,"uVSG","-","-","FF08034717"
"M832","VDB|0046-0177-0-0000|M832-c3151-c0-c1",21735,0.929514607775477,6.84749789635203,4,"uVSG","-","-","FF08034717"
"M302","VDB|003A-0040-0-0001|M302-c2488-c0-c3",25053,0.926835109567716,6.64978466838932,5,"uVSG","-","-","FF08034717"
"M863","VDB|0021-00AC-0-000D|M863-c3219-c0-c0",1985,0.923425692695214,6.31096563011457,5,"uVSG","-","-","FF08034717"
"M343","VDB|0024-005D-0-0001|M343-c3276-c0-c1",5666,0.84962936816096,2.80868300789364,2,"uVSG","-","-","FF08034717"
"M229","VDB|0024-0055-0-0005|M229-c1542-c3-c9",7848,0.808103975535168,22.0208136234626,3,"uVSG","-","-","FF08034717"
"M1064","VDB|001E-002F-0-0000|M1064-c1042-c2-c1",83939,0.805025077735022,6.80535124975952,6,"uVSG","-","-","FF08034717"
"M1140","VDB|0028-0079-0-000A|M1140-c2092-c0-c5",4207,0.804135963869741,45.1950931126219,47,"uVSG","-","-","FF08034717"
"M867","VDB|0021-0061-0-0014|M867-c2833-c0-c4",2414,0.767191383595692,1.72462203023758,1,"uVSG","-","-","FF08034717"
"M610","VDB|002C-0012-0-0001|M610-c2545-c0-c0",2831,0.759802190038856,1.55927475592748,1,"uVSG","-","-","FF08034717"
"M697","VDB|0010-00F3-0-0001|M697-c3861-c6-c0",10022,1,763.268209938136,670,"uVSG","-","-","FF08034725"
"M808","VDB|0010-0092-0-0000|M808-c3098-c0-c1",18422,1,57.9253066985126,59,"uVSG","-","-","FF08034725"
"M441","VDB|0021-00B5-0-0016|M441-c2494-c4-c0",1733,1,1391.74321984997,1462,"uVSG","-","-","FF08034725"
"M616","VDB|001D-0045-0-0000|M616-c2556-c1-c2",5572,1,84.6920315865039,84,"uVSG","-","-","FF08034725"
"M579","VDB|003C-0074-0-0000|M579-c2470-c0-c0",6751,0.999555621389424,10.8026081802015,11,"uVSG","-","-","FF08034725"
"M311","VDB|0028-0059-0-0005|M311-c1716-c0-c3",4984,0.986556982343499,6.9265812487289,6,"kVSG","NC_029014_Parabacteroides_phage_YZ2015b","NC_0290141_Parabacteroides_phage_YZ2015b","FF08034725"
"M987","VDB|004C-0014-0-0002|M987-c2948-c0-c1",15798,0.944106848968224,3.86302380154207,3,"uVSG","-","-","FF08034725"
"M197","VDB|0029-0002-0-0002|M197-c1484-c0-c22",5810,0.865404475043029,3.48408910103421,3,"uVSG","-","-","FF08034725"
"M832","VDB|0046-0177-0-0000|M832-c3151-c0-c1",21735,0.864458247066943,5.679919101602,3,"uVSG","-","-","FF08034725"
"M658","VDB|0028-0021-0-0000|M658-c2694-c0-c1",13338,0.858524516419253,2.8299711815562,2,"uVSG","-","-","FF08034725"
"M900","VDB|0048-005E-0-0003|M900-c3337-c0-c0",23411,0.828029558754432,3.13376321898375,3,"uVSG","-","-","FF08034725"
"M460","VDB|0046-0120-0-0001|M460-c1950-c0-c1",13990,0.772480343102216,34.2941611918201,28,"uVSG","-","-","FF08034725"
"M1138","VDB|000D-0023-0-0002|M1138-c3917-c0-c0",16396,0.755306172237131,2.67425710594315,2,"uVSG","-","-","FF08034725"
"M1064","VDB|0051-001D-0-0004|M1064-c1042-c1-c26",8600,1,122.257441860465,123,"uVSG","-","-","FF08034735"
"M697","VDB|0010-00F3-0-0001|M697-c3861-c6-c0",10022,1,258.992616244263,225,"uVSG","-","-","FF08034735"
"M892","VDB|000E-000C-0-0002|M892-c3062-c0-c0",19587,0.999693674375862,44.8692610183341,44,"uVSG","-","-","FF08034735"
"M996","VDB|001D-00EB-0-0000|M996-c3570-c0-c0",26726,0.999550999027165,7.4404432132964,7,"uVSG","-","-","FF08034735"
"M1063","VDB|001E-0012-0-0002|M1063-c3742-c0-c0",18282,0.994420741713161,11.8771727172717,12,"uVSG","-","-","FF08034735"
"M1138","VDB|000D-0023-0-0002|M1138-c3917-c0-c0",16396,0.993169065625762,16.0346966347335,16,"uVSG","-","-","FF08034735"
"M347","VDB|003A-0014-0-0001|M347-c1826-c0-c2",43263,0.976400157178189,15.0687467449458,15,"uVSG","-","-","FF08034735"
"M808","VDB|0010-0092-0-0000|M808-c3098-c0-c1",18422,0.974704158071871,5.06928046335487,5,"uVSG","-","-","FF08034735"
"M1051","VDB|0046-0118-0-0007|M1051-c3711-c0-c0",15645,0.970789389581336,7.7328153805636,7,"uVSG","-","-","FF08034735"
"M706","VDB|002C-0005-0-001A|M706-c2807-c0-c0",33806,0.957670236052772,4.81711196911197,4,"uVSG","-","-","FF08034735"
"M798","VDB|001E-0069-0-0006|M798-c3071-c0-c0",31306,0.953778828339615,11.0609196557152,11,"uVSG","-","-","FF08034735"
"M441","VDB|0021-001E-0-0006|M441-c2353-c7-c9",1676,0.95346062052506,425.528785982478,463.5,"uVSG","-","-","FF08034735"
"M646","VDB|0008-003F-0-0001|M646-c3660-c0-c4",4705,0.952603613177471,4.07987505577867,3,"uVSG","-","-","FF08034735"
"M1083","VDB|0002-000B-0-0008|M1083-c3797-c0-c1",14709,0.935277721123122,4.70058879116086,4,"uVSG","-","-","FF08034735"
"M786","VDB|001D-00C7-0-0002|M786-c3034-c0-c1",22115,0.933710151480895,8.05888905031721,8,"uVSG","-","-","FF08034735"
"M1049","VDB|0030-0050-0-0002|M1049-c3702-c0-c1",14113,0.929781052929923,6.04869684499314,5,"uVSG","-","-","FF08034735"
"M832","VDB|004C-0062-0-0001|M832-c3151-c0-c0",25602,0.907819701585814,13.7362533344807,14,"uVSG","-","-","FF08034735"
"M343","VDB|0020-0022-0-0001|M343-c2403-c0-c1",24641,0.906456718477335,9.02990687679083,9,"uVSG","-","-","FF08034735"
"M867","VDB|004F-003D-0-0003|M867-c2128-c1-c18",3206,0.90455396132252,11.1696551724138,11,"uVSG","-","-","FF08034735"
"M1111","VDB|0009-0054-0-0004|M1111-c3891-c1-c4",1525,0.888524590163934,2.40221402214022,2,"uVSG","-","-","FF08034735"
"M715","VDB|001E-001A-0-0002|M715-c2986-c0-c16",1939,0.866425992779783,3.57202380952381,3,"uVSG","-","-","FF08034735"
"M806","VDB|0047-005E-0-0003|M806-c3084-c0-c0",2814,0.846481876332623,3.01301427371956,3,"uVSG","-","-","FF08034735"
"M1333","VDB|001D-00D1-0-0006|M1333-c3600-c1-c54",1527,0.8316961362148,6.25354330708661,6,"uVSG","-","-","FF08034735"
"M787","VDB|000C-001E-0-0006|M787-c3035-c0-c0",20601,0.826270569389835,7.57695922923276,7,"uVSG","-","-","FF08034735"
"M1024","VDB|002E-001C-0-000E|M1024-c3648-c0-c1",1664,0.824519230769231,2.64504373177843,2,"uVSG","-","-","FF08034735"
"M282","VDB|0051-0083-0-000C|M282-c3522-c0-c6",7246,0.822522771184102,47.3328859060403,40,"uVSG","-","-","FF08034735"
"M1147","VDB|0015-0036-0-0001|M1147-c3381-c1-c16",10629,0.818891711355725,8.14177389705882,5,"uVSG","-","-","FF08034735"
"M990","VDB|001D-0116-0-000A|M990-c2783-c0-c2",6718,0.817207502232807,2.51967213114754,2,"uVSG","-","-","FF08034735"
"M1110","VDB|0008-0013-0-0002|M1110-c3831-c0-c8",11199,0.809804446825609,9.12757746168266,9,"uVSG","-","-","FF08034735"
"M936","VDB|003A-003B-0-0004|M936-c1225-c5-c0",10629,0.805626117226456,3.66763984584842,3,"uVSG","-","-","FF08034735"
"M902","VDB|004C-0052-0-0002|M902-c3340-c0-c2",13405,0.772771353972398,11.9725842262767,12,"uVSG","-","-","FF08034735"
"M962","VDB|002F-00C8-0-0002|M962-c3487-c0-c0",21427,0.760255752088487,2.97096378146102,2,"uVSG","-","-","FF08034735"
"M940","VDB|0001-0094-0-0008|M940-c483-c2-c0",4712,1,396.140280135823,405,"uVSG","-","-","FF08034737"
"M223","VDB|004F-0263-0-0005|M223-c655-c1-c20",5844,1,1014.21184120465,1057,"uVSG","-","-","FF08034737"
"M441","VDB|0021-00B5-0-0016|M441-c2494-c4-c0",1733,1,116.834391229083,122,"uVSG","-","-","FF08034737"
"M918","VDB|0021-0060-0-0029|M918-c3386-c2-c0",1843,1,283.00217037439,302,"uVSG","-","-","FF08034737"
"M1188","VDB|000D-0048-0-0002|M1188-c458-c0-c1",5053,0.999802097763705,18.6084718923199,18,"kVSG","NC_013643_Enterococcus_phage_phiFL2A","NC_0136431_Enterococcus_phage_phiFL2A|NC_0136461_Enterococcus_phage_phiFL1A|NC_0286712_Enterococcus_phage_vB_EfaS_IME197|NC_0136481_Enterococcus_phage_phiFL3A|NC_0136961_Enterococcus_phage_phiEf11|NC_0254531_Enterococcus_phage_EFC1","FF08034737"
"M1219","VDB|0047-0001-0-0000|M1219-c600-c0-c3",30162,0.999469531198196,26.1161348105885,26,"kVSG","NC_017732_Enterococcus_phage_EF62phi","NC_0177321_Enterococcus_phage_EF62phi","FF08034737"
"M697","VDB|0010-00F3-0-0001|M697-c3861-c6-c0",10022,0.999002195170625,56.5388533759489,56,"uVSG","-","-","FF08034737"
"M1098","VDB|0001-011B-0-0000|M1098-c3832-c0-c0",16316,0.998529051238049,13.9945985759882,14,"uVSG","-","-","FF08034737"
"M1019","VDB|0038-0051-0-0000|M1019-c3638-c0-c5",2939,0.992854712487241,212.817683344757,221,"uVSG","-","-","FF08034737"
"M1020","VDB|0037-001F-0-0000|M1020-c3639-c0-c3",2955,0.96243654822335,14.4089310829817,15,"uVSG","-","-","FF08034737"
"M282","VDB|0045-002A-0-0003|M282-c3522-c0-c7",7176,0.951226309921962,71.7188690301787,90,"uVSG","-","-","FF08034737"
"M1332","VDB|0048-0052-0-0002|M1332-c3794-c0-c5",3867,0.942073959141453,4.50260774087291,4,"uVSG","-","-","FF08034737"
"M900","VDB|0010-01C8-0-0001|M900-c3337-c0-c1",9840,0.921646341463415,4.91366192523983,5,"uVSG","-","-","FF08034737"
"M311","VDB|001D-007B-0-0007|M311-c1716-c0-c15",4185,0.915890083632019,3.23897730237412,3,"kVSG","NC_029014_Parabacteroides_phage_YZ2015b","NC_0290141_Parabacteroides_phage_YZ2015b","FF08034737"
"M459","VDB|0012-006C-0-0000|M459-c2089-c0-c15",2488,0.912379421221865,6.92511013215859,6,"uVSG","-","-","FF08034737"
"M538","VDB|003A-0034-0-0002|M538-c2377-c0-c1",5679,0.855432294418031,588.164265129683,643,"uVSG","-","-","FF08034737"
"M898","VDB|0021-0033-0-0000|M898-c3330-c2-c0",4696,0.847103918228279,4.20060331825038,3,"uVSG","-","-","FF08034737"
"M725","VDB|0040-007C-0-0005|M725-c2868-c0-c9",4094,0.84342940889106,2.27743990732696,2,"uVSG","-","-","FF08034737"
"M892","VDB|0001-0085-0-0004|M892-c3062-c0-c10",11651,0.841387005407261,89.6551055799245,90,"uVSG","-","-","FF08034737"
"M1206","VDB|0024-0000-0-0001|M1206-c595-c0-c0",83910,0.835037540221666,3.42612890335103,3,"kVSG","NC_001895_Enterobacteria_phage_P2","NC_0018951_Enterobacteria_phage_P2|NC_0227501_Enterobacteria_phage_fiAA91ss|NC_0047451_Yersinia_phage_L413C|NC_0050561_Escherichia_phage_Wphi|NC_0217741_Salmonella_phage_FSL_SP004|NC_0288961_Escherichia_phage_pro147","FF08034737"
"M1302","VDB|0009-0073-0-0005|M1302-c867-c0-c16",2064,0.833817829457364,2.44102266124346,2,"uVSG","-","-","FF08034737"
"M703","VDB|001E-0060-0-0001|M703-c1245-c0-c9",20522,0.782282428613196,757.721315559985,212,"uVSG","-","-","FF08034737"
"M651","VDB|001F-002E-0-0000|M651-c2751-c0-c6",2782,0.765636232925953,87.6769953051643,33,"uVSG","-","-","FF08034737"
"M908","VDB|0017-000D-0-0009|M908-c3097-c0-c11",3137,0.761555626394645,11.945583926329,12,"uVSG","-","-","FF08034737"
"M426","VDB|0010-0083-0-0004|M426-c1753-c0-c56",4759,0.756461441479302,12.7858333333333,13,"uVSG","-","-","FF08034737"
"M697","VDB|0015-000A-0-0000|M697-c3861-c6-c15",4399,1,3858.99522618777,4078,"uVSG","-","-","FF08034739"
"M1005","VDB|0012-001E-0-000B|M1005-c3596-c0-c2",14412,0.998959200666112,8.04903799402653,8,"uVSG","-","-","FF08034739"
"M757","VDB|0012-000A-0-0009|M757-c2104-c0-c1",33829,0.989476484672914,11.1091924834942,11,"uVSG","-","-","FF08034739"
"M808","VDB|0010-0092-0-0000|M808-c3098-c0-c1",18422,0.986103571816307,41.2095673235715,41,"uVSG","-","-","FF08034739"
"M347","VDB|003A-000C-0-0004|M347-c1113-c0-c4",47288,0.978218575537134,13.8797613385793,14,"uVSG","-","-","FF08034739"
"M995","VDB|001E-00BF-0-0000|M995-c3569-c0-c1",19465,0.97395324942204,14.5399831205823,9,"uVSG","-","-","FF08034739"
"M646","VDB|0030-003F-0-0000|M646-c3705-c0-c2",1763,0.969370391378332,3.49853715623171,3,"uVSG","-","-","FF08034739"
"M311","VDB|0013-0040-0-0000|M311-c1716-c0-c18",3396,0.966136631330978,4.05638524839988,3,"kVSG","NC_029014_Parabacteroides_phage_YZ2015b","NC_0290141_Parabacteroides_phage_YZ2015b","FF08034739"
"M282","VDB|0013-0036-0-0001|M282-c3840-c1-c6",6488,0.958076448828607,24.7046332046332,25,"uVSG","-","-","FF08034739"
"M212","VDB|001D-00E7-0-0004|M212-c1504-c0-c6",49486,0.945034959382452,39.0279690373348,40,"uVSG","-","-","FF08034739"
"M1333","VDB|001F-0071-0-0002|M1333-c3600-c1-c20",1858,0.88805166846071,10.5454545454545,10,"uVSG","-","-","FF08034739"
"M801","VDB|0010-00FF-0-0001|M801-c103-c1-c215",66293,0.885251836543828,26.5004259959786,27,"uVSG","-","-","FF08034739"
"M892","VDB|001E-0033-0-0002|M892-c3062-c0-c11",11172,0.832169709989259,27.837259330967,16,"uVSG","-","-","FF08034739"
"M179","VDB|001E-0080-0-0003|M179-c2923-c0-c1",31660,0.813802905874921,12.5816417620803,13,"uVSG","-","-","FF08034739"
"M1098","VDB|000C-000F-0-0002|M1098-c2579-c0-c1",6361,0.811507624587329,3.06450987989151,3,"uVSG","-","-","FF08034739"
"M441","VDB|002C-0001-0-0004|M441-c2353-c0-c1",12885,0.787582460225068,15.1627906976744,15,"uVSG","-","-","FF08034739"
"M1064","VDB|0002-002F-0-0000|M1064-c1042-c2-c105",24967,0.783113710097328,4.24115180032733,4,"uVSG","-","-","FF08034739"
"M1283","VDB|0015-0005-0-0009|M1283-c975-c0-c123",2062,0.769641125121241,23.0346565847511,16,"uVSG","-","-","FF08034739"
"M812","VDB|0028-004F-0-000A|M812-c3247-c0-c0",1956,0.76278118609407,3.0529490616622,3,"uVSG","-","-","FF08034739"
"M900","VDB|0048-005E-0-0003|M900-c3337-c0-c0",23411,0.761095211652642,2.53232686047817,2,"uVSG","-","-","FF08034739"
"M1320","VDB|0010-010E-0-000D|M1320-c914-c0-c2",32747,0.750389348642624,3.45322101493509,3,"uVSG","-","-","FF08034739"
"M697","VDB|0040-00CF-0-0002|M697-c3861-c6-c9",6630,1,174.82036199095,158,"uVSG","-","-","FF08034741"
"M892","VDB|000E-000C-0-0002|M892-c3062-c0-c0",19587,0.999540511563792,65.8285831034835,67,"uVSG","-","-","FF08034741"
"M665","VDB|0050-0024-0-0002|M665-c2297-c0-c5",4902,0.999388004895961,27.1704429475403,20,"uVSG","-","-","FF08034741"
"M1064","VDB|001E-002F-0-0000|M1064-c1042-c2-c1",83939,0.955932284158734,26.3492273180459,29,"uVSG","-","-","FF08034741"
"M655","VDB|0021-0083-0-0000|M655-c2686-c0-c0",2610,0.953639846743295,45.2020891924468,46,"uVSG","-","-","FF08034741"
"M914","VDB|0040-010D-0-0001|M914-c1802-c0-c6",5142,0.929988331388565,32.7749895441238,37,"uVSG","-","-","FF08034741"
"M1024","VDB|004C-009E-0-000C|M1024-c3741-c0-c0",10248,0.926619828259173,16.4362889637742,16,"uVSG","-","-","FF08034741"
"M441","VDB|0021-0058-0-0000|M441-c2353-c7-c3",3199,0.911847452328853,577.848474460062,601,"uVSG","-","-","FF08034741"
"M707","VDB|004C-00A2-0-0008|M707-c3688-c0-c0",5113,0.84627420301193,3.5523457360758,3,"uVSG","-","-","FF08034741"
"M282","VDB|0051-0083-0-000C|M282-c3522-c0-c6",7246,0.823626828595087,56.6618632707775,44,"uVSG","-","-","FF08034741"
"M867","VDB|0030-009D-0-0000|M867-c2305-c0-c8",3144,0.784669211195929,10.4957438184029,4,"uVSG","-","-","FF08034741"
"M347","VDB|0010-01B7-0-000E|M347-c2226-c1-c7",2005,0.781047381546135,1.56002554278416,1,"uVSG","-","-","FF08034741"
"M448","VDB|004C-00DB-0-0000|M448-c2070-c2-c9",1725,0.777971014492754,3.60283159463487,3,"uVSG","-","-","FF08034741"
"M706","VDB|0001-00A1-0-0001|M706-c2807-c0-c4",24531,0.770820594350006,3.59749325717912,3,"uVSG","-","-","FF08034741"
"M1077","VDB|004F-014E-0-0000|M1077-c3780-c0-c7",1672,0.769138755980861,2.35458786936236,2,"uVSG","-","-","FF08034741"
"M179","VDB|004C-0094-0-0001|M179-c1380-c0-c0",29402,0.755934970410176,8.63034284171691,7,"uVSG","-","-","FF08034741"
"M955","VDB|0046-01A7-0-0001|M955-c3469-c0-c1",3322,0.750451535219747,2.94624949859607,3,"uVSG","-","-","FF08034741"
"M801","VDB|0022-0010-0-0003|M801-c143-c0-c1",2354,1,116.915038232795,121,"uVSG","-","-","FF08034742"
"M441","VDB|0021-0026-0-000E|M441-c2353-c7-c3",2850,1,1448.39298245614,1507.5,"uVSG","-","-","FF08034742"
"M697","VDB|004A-0080-0-0000|M697-c3861-c6-c8",7879,1,984.36844777256,877,"uVSG","-","-","FF08034742"
"M865","VDB|0021-00B6-0-001D|M865-c3105-c0-c1",2088,1,26.7471264367816,26,"uVSG","-","-","FF08034742"
"M808","VDB|0010-0092-0-0000|M808-c3098-c0-c1",18422,1,18.5746390185648,18,"uVSG","-","-","FF08034742"
"M921","VDB|0009-0082-0-0004|M921-c3088-c1-c0",5790,1,26.2640759930915,26,"uVSG","-","-","FF08034742"
"M564","VDB|0021-00B0-0-000E|M564-c2431-c0-c3",3023,1,26.4177968905061,28,"uVSG","-","-","FF08034742"
"M373","VDB|0028-000A-0-0000|M373-c1890-c0-c1",13356,0.999026654687032,7.88908041669789,8,"uVSG","-","-","FF08034742"
"M488","VDB|0030-000B-0-000A|M488-c2192-c0-c3",2503,0.998801438274071,112.0388,123,"uVSG","-","-","FF08034742"
"M757","VDB|0021-0003-0-0006|M757-c3443-c0-c2",1807,0.998339789706696,4.31762749445676,4,"uVSG","-","-","FF08034742"
"M1064","VDB|0010-00B4-0-000F|M1064-c1042-c2-c20",35878,0.996683204191984,8.78634749293884,8,"uVSG","-","-","FF08034742"
"M484","VDB|001D-00F6-0-0006|M484-c2184-c1-c3",7280,0.992032967032967,9.01467737468845,6,"uVSG","-","-","FF08034742"
"M282","VDB|0045-002A-0-0003|M282-c3522-c0-c7",7176,0.987736900780379,136.179881489842,125,"uVSG","-","-","FF08034742"
"M459","VDB|0016-0013-0-0001|M459-c3884-c0-c12",4112,0.987110894941634,29.120226656812,31,"uVSG","-","-","FF08034742"
"M825","VDB|0020-0008-0-0000|M825-c2892-c0-c4",3043,0.977653631284916,4.90890756302521,4,"uVSG","-","-","FF08034742"
"M1098","VDB|0001-00B8-0-0003|M1098-c2579-c0-c6",2436,0.975779967159278,12.2175010517459,12,"uVSG","-","-","FF08034742"
"M1128","VDB|002F-004A-0-0000|M1128-c3904-c0-c2",1556,0.972365038560411,5.13218770654329,5,"uVSG","-","-","FF08034742"
"M453","VDB|0030-0007-0-0006|M453-c919-c0-c6",95583,0.96646893276001,12.0168871376302,11,"uVSG","-","-","FF08034742"
"M947","VDB|002B-0009-0-0005|M947-c3449-c0-c2",9707,0.96332543525291,18.567212062881,18,"uVSG","-","-","FF08034742"
"M317","VDB|0046-0092-0-0000|M317-c1730-c0-c4",1999,0.946473236618309,14.8255813953488,13,"uVSG","-","-","FF08034742"
"M855","VDB|004A-0036-0-0000|M855-c3787-c0-c2",5551,0.934786524950459,22.0743881287339,22,"uVSG","-","-","FF08034742"
"M646","VDB|004F-019F-0-0000|M646-c2666-c0-c8",4848,0.922854785478548,7.67568171658471,8,"uVSG","-","-","FF08034742"
"M914","VDB|0040-010D-0-0001|M914-c1802-c0-c6",5142,0.916180474523532,9.18446189768627,8,"uVSG","-","-","FF08034742"
"M1117","VDB|0052-0012-0-0000|M1117-c3616-c0-c1",20067,0.911994817361838,4.77952024479537,4,"uVSG","-","-","FF08034742"
"M146","VDB|001E-00A7-0-0003|M146-c2684-c0-c11",4965,0.893856998992951,18.9357818837314,15,"uVSG","-","-","FF08034742"
"M995","VDB|001E-00BF-0-0000|M995-c3569-c0-c1",19465,0.893141536090419,11.8626402070751,5,"uVSG","-","-","FF08034742"
"M506","VDB|0014-0000-0-0006|M506-c958-c0-c52",3499,0.879108316661903,613.150520156047,790,"uVSG","-","-","FF08034742"
"M944","VDB|002F-00F1-0-0000|M944-c3444-c0-c0",29600,0.82722972972973,38.7398105039615,41,"uVSG","-","-","FF08034742"
"M1206","VDB|0013-003F-0-0002|M1206-c567-c0-c2",31993,0.815459631794455,9.66863429031392,8,"kVSG","NC_001895_Enterobacteria_phage_P2","NC_0018951_Enterobacteria_phage_P2|NC_0227501_Enterobacteria_phage_fiAA91ss|NC_0047451_Yersinia_phage_L413C|NC_0050561_Escherichia_phage_Wphi|NC_0217741_Salmonella_phage_FSL_SP004|NC_0288961_Escherichia_phage_pro147","FF08034742"
"M1140","VDB|0037-0120-0-0001|M1140-c1242-c0-c14",7355,0.797280761386812,353.43894952251,378,"uVSG","-","-","FF08034742"
"M776","VDB|0012-006E-0-0001|M776-c2271-c0-c11",5604,0.793718772305496,25.0633992805755,27,"uVSG","-","-","FF08034742"
"M1147","VDB|000D-003E-0-0002|M1147-c105-c0-c184",76056,0.78806405806248,44.751288853296,12,"uVSG","-","-","FF08034742"
"M1143","VDB|0020-0018-0-0000|M1143-c3930-c0-c0",8366,0.787234042553192,3.82766474339508,2,"uVSG","-","-","FF08034742"
"M367","VDB|0037-00A1-0-0000|M367-c934-c0-c1",57564,0.783944826627753,6.84164690761628,6,"kVSG","NC_009514_Phage_cdtI_DNA","NC_0095141_Phage_cdtI_DNA|NC_0197161_Enterobacteria_phage_mEp460|NC_0197231_Enterobacteria_phage_HK630|NC_0420571_Enterobacteria_phage_DE3|NC_0218571_Shigella_phage_SfII|NC_0113561_Enterobacteria_phage_YYZ2008_complete_prophage_genome|NC_0048131_Enterobacteria_phage_BP4795|NC_0197111_Enterobacteria_phage_HK629|NC_0014161_Enterobacteria_phage_lambda|NC_0113571_Stx2converting_phage_1717_complete_prophage_genome|NC_0227491_Shigella_phage_SfIV|NC_0034441_Enterobacteria_phage_SfV|NC_0027301_Enterobacteria_phage_HK620|NC_0319401_Salmonella_phage_118970_sal3|NC_0273981_Enterobacteria_phage_Sf101|NC_0273391_Enterobacteria_phage_SfI|NC_0084641_Stx2converting_phage_86|NC_0197141_Enterobacteria_phage_HK446|NC_0197681_Enterobacteria_phage_HK106|NC_0289431_Escherichia_phage_pro483|NC_0195011_Enterobacteria_phage_IME10|NC_0290152_Salmonella_phage_SEN4|NC_0197671_Enterobacteria_phage_HK544|NC_0418481_Enterobacteria_phage_P2|NC_0103921_Phage_Gifsy1|NC_0053441_Enterobacteria_phage_Sf6|NC_0197151_Enterobacterial_phage_mEp234|NC_0102371_Enterobacteria_phage_Min27|NC_0016091_Enterobacteria_phage_P4|NC_0290032_Salmonella_phage_SEN1|NC_0197691_Enterobacteria_phage_HK542|NC_0009021_Enterobacteria_phage_VT2Sakai|NC_0197061_Enterobacteria_phage_mEp043_c1|NC_0021671_Enterobacteria_phage_HK97|NC_0254341_Shigella_phage_POCJ13|NC_0419351_Escherichia_phage_PA28|NC_0197101_Enterobacteria_phage_HK140|NC_0197201_Enterobacterial_phage_mEp213|NC_0197081_Enterobacteria_phage_mEp235|NC_0194881_Salmonella_phage_RE2010|NC_0104631_Enterobacteria_phage_Fels2","FF08034742"
"M1239","VDB|0028-0048-0-0033|M1239-c707-c0-c1",23074,0.770737626766057,5.58164642375169,5,"uVSG","-","-","FF08034742"
"M448","VDB|004C-00DB-0-0000|M448-c2070-c2-c9",1725,0.992463768115942,7.52628504672897,8,"uVSG","-","-","FF08034749"
"M720","VDB|0026-003B-0-0001|M720-c2846-c0-c3",3196,0.990300375469337,11.9532385466035,12,"uVSG","-","-","FF08034749"
"M939","VDB|0037-00E7-0-0000|M939-c3437-c0-c0",24880,0.97403536977492,6.13745151440125,6,"uVSG","-","-","FF08034749"
"M241","VDB|0021-00B4-0-0006|M241-c1744-c0-c1",6842,0.951622332651272,4.49147596375365,3,"uVSG","-","-","FF08034749"
"M651","VDB|0021-0089-0-003C|M651-c2284-c0-c2",3311,0.94412564180006,3.65355086372361,3,"uVSG","-","-","FF08034749"
"M898","VDB|0037-00E0-0-0002|M898-c3330-c2-c2",2055,0.943552311435523,11.0783909231563,10,"uVSG","-","-","FF08034749"
"M282","VDB|001D-0059-0-0003|M282-c2498-c0-c15",1711,0.879018118059614,61.031914893617,61,"uVSG","-","-","FF08034749"
"M1056","VDB|0028-0052-0-0009|M1056-c3720-c2-c0",1625,0.872615384615385,7.84837799717913,8,"uVSG","-","-","FF08034749"
"M759","VDB|0050-005D-0-0000|M759-c2960-c2-c6",1993,0.858003010536879,9.84385964912281,10,"uVSG","-","-","FF08034749"
"M805","VDB|0040-00F2-0-0001|M805-c3083-c2-c0",6147,0.857328778265821,6.5673624288425,6,"uVSG","-","-","FF08034749"
"M1098","VDB|004C-0029-0-0000|M1098-c2579-c0-c3",3063,0.852432255958211,4.4994255074684,4,"uVSG","-","-","FF08034749"
"M867","VDB|0051-0099-0-0000|M867-c2443-c1-c17",3086,0.825664290343487,6.2798273155416,6,"uVSG","-","-","FF08034749"
"M687","VDB|001F-005E-0-0001|M687-c3207-c0-c2",2572,0.813763608087092,5.96798853320592,6,"uVSG","-","-","FF08034749"
"M757","VDB|0021-0071-0-0007|M757-c3443-c0-c3",16188,0.813503829997529,4.17723441415445,2,"uVSG","-","-","FF08034749"
"M677","VDB|002F-011C-0-0002|M677-c2884-c0-c0",29848,0.768091664433128,2.80781645293553,2,"uVSG","-","-","FF08034749"
"M974","VDB|0001-0117-0-0000|M974-c3512-c0-c4",1769,0.76031656302996,1.78364312267658,2,"uVSG","-","-","FF08034749"
"M697","VDB|0010-00F3-0-0001|M697-c3861-c6-c0",10022,1,845.561963679904,778,"uVSG","-","-","FF08034754"
"M441","VDB|0048-0014-0-0001|M441-c2353-c0-c2",8442,1,687.511371712864,709.5,"uVSG","-","-","FF08034754"
"M940","VDB|004F-0059-0-0002|M940-c876-c0-c8",13954,0.99849505518131,10.3905835067825,10,"uVSG","-","-","FF08034754"
"M808","VDB|0010-0092-0-0000|M808-c3098-c0-c1",18422,0.993974595592227,39.3905848943258,40,"uVSG","-","-","FF08034754"
"M784","VDB|002F-0068-0-0001|M784-c3026-c1-c1",5100,0.984509803921569,9.44771957777335,9,"uVSG","-","-","FF08034754"
"M282","VDB|0045-002A-0-0003|M282-c3522-c0-c7",7176,0.978957636566332,63.3716725978648,68,"uVSG","-","-","FF08034754"
"M460","VDB|004F-0121-0-0001|M460-c2090-c7-c21",4087,0.885979936383655,8.3938138635736,9,"uVSG","-","-","FF08034754"
"M1117","VDB|004F-00F5-0-0001|M1117-c3877-c1-c1",2816,0.884588068181818,4.771176234444,4,"uVSG","-","-","FF08034754"
"M892","VDB|001E-0033-0-0002|M892-c3062-c0-c11",11172,0.867167919799499,29.2623864574732,30,"uVSG","-","-","FF08034754"
"M822","VDB|0048-0005-0-0003|M822-c965-c0-c34",1857,0.852988691437803,2.71590909090909,2,"uVSG","-","-","FF08034754"
"M727","VDB|004C-0085-0-0003|M727-c2871-c0-c38",6383,0.827667241109196,4.9577891349612,4,"uVSG","-","-","FF08034754"
"M902","VDB|004C-0052-0-0002|M902-c3340-c0-c2",13405,0.798358821335323,27.4873855354139,28,"uVSG","-","-","FF08034754"
"M343","VDB|0024-004A-0-0000|M343-c1818-c0-c5",44011,0.787280452614119,5.35928886836561,5,"uVSG","-","-","FF08034754"
"M1064","VDB|0002-002F-0-0000|M1064-c1042-c2-c105",24967,0.757680137781872,3.11888777290268,3,"uVSG","-","-","FF08034754"
"M697","VDB|0010-00F3-0-0001|M697-c3861-c6-c0",10022,1,1133.03312712034,961,"uVSG","-","-","FF08034773"
"M441","VDB|0048-0014-0-0001|M441-c2353-c0-c2",8442,1,909.05934612651,978,"uVSG","-","-","FF08034773"
"M488","VDB|0030-000B-0-000A|M488-c2192-c0-c3",2503,0.999200958849381,52.9992003198721,56,"uVSG","-","-","FF08034773"
"M892","VDB|0012-0069-0-0002|M892-c3062-c0-c51",6891,0.994920911333624,44.7650233372229,35,"uVSG","-","-","FF08034773"
"M1064","VDB|0008-002B-0-0000|M1064-c1042-c1-c2",82445,0.976432773364061,11.0439119524981,10,"uVSG","-","-","FF08034773"
"M521","VDB|0046-0148-0-0000|M521-c2311-c1-c5",3595,0.9663421418637,5.14018422567645,5,"uVSG","-","-","FF08034773"
"M302","VDB|002F-0144-0-0000|M302-c1701-c1-c1",51615,0.957086118376441,9.73303643724696,9,"uVSG","-","-","FF08034773"
"M1140","VDB|0021-00AC-0-0022|M1140-c1548-c1-c0",5609,0.949901943305402,42.2916666666667,48,"uVSG","-","-","FF08034773"
"M783","VDB|0030-0069-0-0000|M783-c3022-c2-c1",3028,0.926023778071334,5.73074179743224,5,"uVSG","-","-","FF08034773"
"M801","VDB|0021-00B6-0-0057|M801-c143-c0-c1",4793,0.903609430419362,36.5901639344262,41,"uVSG","-","-","FF08034773"
"M867","VDB|0051-008D-0-0001|M867-c2552-c1-c10",2714,0.899042004421518,13.3331967213115,14,"uVSG","-","-","FF08034773"
"M616","VDB|0008-000A-0-0002|M616-c2556-c1-c0",14007,0.888627115013922,20.4466939824857,19,"uVSG","-","-","FF08034773"
"M743","VDB|004F-022A-0-0000|M743-c2916-c0-c1",13514,0.877164422080805,17.5291040998819,17,"uVSG","-","-","FF08034773"
"M1110","VDB|0002-0008-0-0004|M1110-c3101-c0-c11",14775,0.838849407783418,7.98660642246248,8,"uVSG","-","-","FF08034773"
"M851","VDB|0021-00B0-0-0023|M851-c3196-c1-c0",2010,0.837313432835821,2.90374331550802,2,"uVSG","-","-","FF08034773"
"M497","VDB|001E-0011-0-0007|M497-c3430-c0-c5",1659,0.822784810126582,2.12380952380952,2,"uVSG","-","-","FF08034773"
"M564","VDB|0021-00B0-0-000E|M564-c2431-c0-c3",3023,0.807806814422759,2.36895986895987,2,"uVSG","-","-","FF08034773"
"M282","VDB|0051-0083-0-000C|M282-c3522-c0-c6",7246,0.777256417333701,31.0539772727273,30,"uVSG","-","-","FF08034773"
"M267","VDB|0010-0147-0-0007|M267-c1939-c0-c3",1644,0.772506082725061,1.9511811023622,1,"uVSG","-","-","FF08034773"
"M179","VDB|004C-0094-0-0001|M179-c1380-c0-c0",29402,0.766444459560574,8.22223208342578,8,"uVSG","-","-","FF08034773"
"M987","VDB|004C-0014-0-0002|M987-c2948-c0-c1",15798,0.760286112166097,2.84480892515194,2,"uVSG","-","-","FF08034773"
"M527","VDB|0048-0051-0-0000|M527-c2323-c0-c0",21538,0.99828210604513,22.1057625226734,22,"uVSG","-","-","FF08034774"
"M697","VDB|0001-0113-0-0000|M697-c3861-c6-c6",8363,0.996293196221452,450.440710513682,454,"uVSG","-","-","FF08034774"
"M1064","VDB|001E-002F-0-0000|M1064-c1042-c2-c1",83939,0.978674990171434,9.71968009348866,9,"uVSG","-","-","FF08034774"
"M706","VDB|002C-0005-0-001A|M706-c2807-c0-c0",33806,0.938354138318642,4.59573797364605,4,"uVSG","-","-","FF08034774"
"M1319","VDB|0021-00BB-0-0001|M1319-c2921-c0-c2",3188,0.927854454203262,4.36916835699797,4,"uVSG","-","-","FF08034774"
"M914","VDB|0040-010D-0-0001|M914-c1802-c0-c6",5142,0.926682224815247,42.1511017838405,49,"uVSG","-","-","FF08034774"
"M797","VDB|0040-003A-0-0000|M797-c3070-c4-c6",2303,0.86495874945723,3.61144578313253,3,"uVSG","-","-","FF08034774"
"M459","VDB|004C-009D-0-0006|M459-c3388-c0-c1",10269,0.859869510176259,18.6754246885617,3,"uVSG","-","-","FF08034774"
"M776","VDB|0028-007C-0-001B|M776-c987-c0-c2",10227,0.846582575535348,2.40933240933241,2,"uVSG","-","-","FF08034774"
"M902","VDB|004C-0052-0-0002|M902-c3340-c0-c2",13405,0.771652368519209,7.65129543696829,8,"uVSG","-","-","FF08034774"
"M343","VDB|0050-006C-0-0003|M343-c1818-c0-c18",25970,0.756988833269157,3.4220458822931,3,"uVSG","-","-","FF08034774"
"M697","VDB|0010-00F3-0-0001|M697-c3861-c6-c0",10022,1,1321.07643184993,1182,"uVSG","-","-","FF08034784"
"M223","VDB|004F-0263-0-0005|M223-c655-c1-c20",5844,1,145.352669404517,150,"uVSG","-","-","FF08034784"
"M441","VDB|0021-00B5-0-0016|M441-c2494-c4-c0",1733,1,2820.9538372764,2979,"uVSG","-","-","FF08034784"
"M940","VDB|0001-0094-0-0008|M940-c483-c2-c0",4712,1,99.9796264855688,101,"uVSG","-","-","FF08034784"
"M1019","VDB|0016-0055-0-0002|M1019-c3638-c0-c6",2330,0.999141630901288,86.7968213058419,92,"uVSG","-","-","FF08034784"
"M892","VDB|0016-0020-0-0000|M892-c3062-c0-c2",16136,0.998450669310858,87.122214635963,90,"uVSG","-","-","FF08034784"
"M347","VDB|0021-0088-0-0000|M347-c1826-c0-c0",4652,0.998065348237317,7.81326728408357,8,"uVSG","-","-","FF08034784"
"M311","VDB|001D-007B-0-0007|M311-c1716-c0-c15",4185,0.996654719235364,26.4991608726924,24,"kVSG","NC_029014_Parabacteroides_phage_YZ2015b","NC_0290141_Parabacteroides_phage_YZ2015b","FF08034784"
"M918","VDB|0021-0060-0-0029|M918-c3386-c2-c0",1843,0.993488876831253,16.5843801201529,16,"uVSG","-","-","FF08034784"
"M307","VDB|0021-0072-0-0000|M307-c1707-c0-c0",5025,0.988855721393035,24.4624672972429,24,"uVSG","-","-","FF08034784"
"M538","VDB|004A-0053-0-0005|M538-c2377-c0-c16",1572,0.968193384223919,127.96517739816,131,"uVSG","-","-","FF08034784"
"M822","VDB|001E-0042-0-0004|M822-c965-c0-c15",12064,0.959963527851459,5.29228909420603,5,"uVSG","-","-","FF08034784"
"M282","VDB|0045-002A-0-0003|M282-c3522-c0-c7",7176,0.959866220735786,29.7934088269454,32,"uVSG","-","-","FF08034784"
"M900","VDB|0048-005E-0-0003|M900-c3337-c0-c0",23411,0.949809918414421,8.42948372009354,8,"uVSG","-","-","FF08034784"
"M703","VDB|001D-010C-0-0002|M703-c3601-c1-c6",3304,0.939164648910412,85.1369642281663,93,"uVSG","-","-","FF08034784"
"M459","VDB|004C-009D-0-0006|M459-c3388-c0-c1",10269,0.930665108579219,12.7730459349168,4,"uVSG","-","-","FF08034784"
"M497","VDB|0027-0037-0-0000|M497-c3430-c0-c4",1930,0.924870466321243,4.62352941176471,4,"uVSG","-","-","FF08034784"
"M939","VDB|0037-00E7-0-0000|M939-c3437-c0-c0",24880,0.91354501607717,7.19926085617493,7,"uVSG","-","-","FF08034784"
"M1056","VDB|0028-0052-0-0009|M1056-c3720-c2-c0",1625,0.913230769230769,31.0350404312668,35,"uVSG","-","-","FF08034784"
"M520","VDB|0051-0021-0-0001|M520-c2249-c0-c8",1985,0.908816120906801,2.94068736141907,2,"uVSG","-","-","FF08034784"
"M1117","VDB|004F-00F5-0-0001|M1117-c3877-c1-c1",2816,0.873579545454545,5.9849593495935,6,"uVSG","-","-","FF08034784"
"M687","VDB|0010-0071-0-0002|M687-c3207-c0-c1",5185,0.873095467695275,3.3167660702452,3,"uVSG","-","-","FF08034784"
"M637","VDB|0021-0087-0-0028|M637-c2638-c0-c0",2680,0.872014925373134,3.93110825845101,3,"uVSG","-","-","FF08034784"
"M867","VDB|0001-00F5-0-0001|M867-c2833-c0-c10",1972,0.866632860040568,10.6699824458748,11,"uVSG","-","-","FF08034784"
"M626","VDB|004F-00EE-0-0000|M626-c3684-c0-c0",9323,0.864957631663628,9.22098214285714,9,"uVSG","-","-","FF08034784"
"M1101","VDB|0021-00AB-0-000F|M1101-c3838-c0-c0",1554,0.848133848133848,1.78300455235205,2,"uVSG","-","-","FF08034784"
"M302","VDB|003A-0040-0-0001|M302-c2488-c0-c3",25053,0.821418592583723,15.6982846591185,8,"uVSG","-","-","FF08034784"
"M134","VDB|0021-00AD-0-0019|M134-c1348-c0-c6",6383,0.818110606297979,3.87112217541172,3,"uVSG","-","-","FF08034784"
"M523","VDB|0037-0119-0-0000|M523-c2314-c1-c1",2865,0.795811518324607,17.9793859649123,18,"uVSG","-","-","FF08034784"
"M550","VDB|0048-0068-0-0001|M550-c2394-c0-c0",16581,0.79078463301369,7.04583587553386,6,"uVSG","-","-","FF08034784"
"M757","VDB|0030-0026-0-0000|M757-c3443-c0-c2",19687,0.788032711941891,2.80598169395385,2,"uVSG","-","-","FF08034784"
"M914","VDB|0040-010D-0-0001|M914-c1802-c0-c6",5142,0.772656553870089,17.3098414296501,17,"uVSG","-","-","FF08034784"
"M805","VDB|0028-0052-0-0006|M805-c3083-c2-c3",2112,0.772253787878788,28.3617412630288,25,"uVSG","-","-","FF08034784"
"M759","VDB|0050-005D-0-0000|M759-c2960-c2-c6",1993,0.758655293527346,11.3141534391534,14,"uVSG","-","-","FF08034784"
"M727","VDB|001D-00B9-0-0001|M727-c2871-c0-c6",18663,0.753683759309864,2.56114033840466,2,"uVSG","-","-","FF08034784"
"M282","VDB|0021-0040-0-0005|M282-c2518-c0-c3",2871,1,125.199233716475,128,"uVSG","-","-","FF08034797"
"M441","VDB|0021-0026-0-000E|M441-c2353-c7-c3",2850,1,1415.88771929825,1452,"uVSG","-","-","FF08034797"
"M64","VDB|0028-005D-0-0007|M64-c1169-c0-c6",1663,1,32.3331328923632,33,"uVSG","-","-","FF08034797"
"M1102","VDB|0028-001B-0-000A|M1102-c73-c0-c3",5045,0.985728444003964,10.2909712447215,10,"kVSG","NC_024711_Uncultured_crAssphage","NC_0247111_Uncultured_crAssphage","FF08034797"
"M1333","VDB|0028-007D-0-0000|M1333-c957-c0-c45",1587,0.984247006931317,5.92445582586428,6,"uVSG","-","-","FF08034797"
"M646","VDB|0010-00F0-0-0001|M646-c71-c3-c10",26779,0.973299973860114,14.619321669736,14,"uVSG","-","-","FF08034797"
"M697","VDB|0012-004C-0-0006|M697-c3861-c6-c3",8968,0.967551293487957,499.418232107871,445,"uVSG","-","-","FF08034797"
"M1063","VDB|001E-0012-0-0002|M1063-c3742-c0-c0",18282,0.940761404660322,6.78225478225478,6,"uVSG","-","-","FF08034797"
"M1056","VDB|0028-0052-0-0009|M1056-c3720-c2-c0",1625,0.915692307692308,7.15860215053763,7,"uVSG","-","-","FF08034797"
"M939","VDB|0037-00E7-0-0000|M939-c3437-c0-c0",24880,0.910289389067524,3.56812963617096,3,"uVSG","-","-","FF08034797"
"M738","VDB|0010-0183-0-0003|M738-c70-c0-c93",70858,0.910045442998673,8.01437565907822,8,"uVSG","-","-","FF08034797"
"M805","VDB|0027-0017-0-0002|M805-c3083-c2-c1",3639,0.900796922231382,5.43990237949969,4,"uVSG","-","-","FF08034797"
"M936","VDB|001E-0018-0-0004|M936-c1225-c0-c12",7583,0.890940261110378,2.64712847838958,2,"uVSG","-","-","FF08034797"
"M958","VDB|0048-0036-0-0004|M958-c2980-c0-c7",7750,0.887870967741936,11.2037494550211,11,"uVSG","-","-","FF08034797"
"M1064","VDB|0026-002C-0-0000|M1064-c1042-c1-c38",1990,0.886934673366834,4.05665722379603,3,"uVSG","-","-","FF08034797"
"M1138","VDB|000D-0023-0-0002|M1138-c3917-c0-c0",16396,0.857648206879727,2.68048641729484,2,"uVSG","-","-","FF08034797"
"M808","VDB|0047-0066-0-0006|M808-c3098-c0-c4",11508,0.851233924226625,7.09585545120457,4,"uVSG","-","-","FF08034797"
"M1031","VDB|0021-0026-0-0019|M1031-c3683-c0-c2",16317,0.839615125329411,3.53029197080292,3,"uVSG","-","-","FF08034797"
"M760","VDB|0010-0006-0-0003|M760-c3374-c0-c6",18893,0.832530566876621,8.35901837370462,8,"uVSG","-","-","FF08034797"
"M523","VDB|0037-0119-0-0000|M523-c2314-c1-c1",2865,0.819895287958115,9.01064282673478,7,"uVSG","-","-","FF08034797"
"M684","VDB|004A-0047-0-0001|M684-c3257-c0-c3",12281,0.802784789512255,9.12242620955472,5,"uVSG","-","-","FF08034797"
"M832","VDB|0010-01A7-0-0002|M832-c3151-c0-c5",17994,0.784706013115483,8.17535410764873,2,"uVSG","-","-","FF08034797"
"M892","VDB|004C-0072-0-0004|M892-c2676-c0-c3",7912,0.766304347826087,62.6671614712189,69,"uVSG","-","-","FF08034797"
"M697","VDB|0015-000A-0-0000|M697-c3861-c6-c15",4399,1,578.204364628325,610,"uVSG","-","-","FF08034815"
"M282","VDB|0047-0032-0-0001|M282-c2206-c1-c14",3524,1,35.5468217934166,36,"uVSG","-","-","FF08034815"
"M855","VDB|002B-0008-0-0022|M855-c3350-c0-c0",1871,0.991982896846606,7.91702586206897,7,"uVSG","-","-","FF08034815"
"M801","VDB|0040-000F-0-0003|M801-c1250-c0-c19",7142,0.973116774012882,6.75208633093525,6,"uVSG","-","-","FF08034815"
"M808","VDB|0010-0092-0-0000|M808-c3098-c0-c1",18422,0.969330148735208,32.5297642381139,33,"uVSG","-","-","FF08034815"
"M441","VDB|0021-0058-0-0000|M441-c2353-c7-c3",3199,0.954673335417318,655.958087753766,688,"uVSG","-","-","FF08034815"
"M822","VDB|0048-0005-0-0003|M822-c965-c0-c34",1857,0.950457727517501,4.87365439093484,5,"uVSG","-","-","FF08034815"
"M892","VDB|001D-008F-0-0001|M892-c3062-c0-c21",8495,0.948557975279576,29.7700421940928,6,"uVSG","-","-","FF08034815"
"M706","VDB|002C-0005-0-001A|M706-c2807-c0-c0",33806,0.935070697509318,4.65103919521686,4,"uVSG","-","-","FF08034815"
"M947","VDB|002B-0009-0-0005|M947-c3449-c0-c2",9707,0.931904810961162,7.89509175326111,8,"uVSG","-","-","FF08034815"
"M1064","VDB|0051-0064-0-0003|M1064-c2629-c0-c2",15332,0.93079833028959,4.12185551117651,4,"uVSG","-","-","FF08034815"
"M1138","VDB|000D-0023-0-0002|M1138-c3917-c0-c0",16396,0.921871188094657,3.68289778365862,3,"uVSG","-","-","FF08034815"
"M900","VDB|0031-001B-0-0000|M900-c3886-c0-c2",14283,0.891689420989988,3.21882851758794,3,"uVSG","-","-","FF08034815"
"M832","VDB|0010-01A7-0-0002|M832-c3151-c0-c5",17994,0.889574302545293,6.04591741113263,4,"uVSG","-","-","FF08034815"
"M684","VDB|004C-003A-0-0006|M684-c1985-c0-c3",51590,0.877107966660206,8.64497237569061,8,"uVSG","-","-","FF08034815"
"M624","VDB|001D-0084-0-0000|M624-c2595-c0-c0",5490,0.872131147540984,7.234335839599,7,"uVSG","-","-","FF08034815"
"M646","VDB|0040-0048-0-0001|M646-c2666-c0-c4",8423,0.839012228422177,3.83953587094948,3,"uVSG","-","-","FF08034815"
"M902","VDB|004C-0052-0-0002|M902-c3340-c0-c2",13405,0.782320029839612,14.7973681701154,14,"uVSG","-","-","FF08034815"
"M727","VDB|0010-01C6-0-0001|M727-c2871-c0-c16",14715,0.778117567108393,3.13676855895197,3,"uVSG","-","-","FF08034815"
"M1147","VDB|000D-003E-0-0002|M1147-c105-c0-c184",76056,0.769590827811087,31.7743114877332,14,"uVSG","-","-","FF08034815"
"M441","VDB|0021-0021-0-000B|M441-c2353-c0-c1",2849,1,612.098982098982,646,"uVSG","-","-","FF08034817"
"M697","VDB|0040-00CF-0-0002|M697-c3861-c6-c9",6630,1,505.978280542986,535,"uVSG","-","-","FF08034817"
"M863","VDB|0021-00AC-0-000D|M863-c3219-c0-c0",1985,1,257.671536523929,277,"uVSG","-","-","FF08034817"
"M808","VDB|0010-0092-0-0000|M808-c3098-c0-c1",18422,0.999945717077407,28.1307746593562,28,"uVSG","-","-","FF08034817"
"M892","VDB|000E-000C-0-0002|M892-c3062-c0-c0",19587,0.999897891458621,51.0387030890988,49,"uVSG","-","-","FF08034817"
"M646","VDB|0028-0071-0-000A|M646-c2666-c0-c9",2980,0.999328859060403,9.73371390194762,10,"uVSG","-","-","FF08034817"
"M302","VDB|004C-0054-0-0000|M302-c2164-c0-c0",39450,0.995234474017744,6.87071468595589,6,"uVSG","-","-","FF08034817"
"M776","VDB|0026-0000-0-0002|M776-c3036-c1-c2",1555,0.992282958199357,6.32793259883344,6,"uVSG","-","-","FF08034817"
"M564","VDB|0030-0025-0-0006|M564-c2431-c0-c8",2194,0.987237921604376,23.1232686980609,23,"uVSG","-","-","FF08034817"
"M914","VDB|0040-010D-0-0001|M914-c1802-c0-c6",5142,0.963438350836251,31.0738796931772,28,"uVSG","-","-","FF08034817"
"M197","VDB|0001-0029-0-0001|M197-c1478-c0-c39",5819,0.963052070802543,5.67808708065667,5,"uVSG","-","-","FF08034817"
"M459","VDB|004C-009D-0-0006|M459-c3388-c0-c1",10269,0.954036420294089,12.0361335102582,5,"uVSG","-","-","FF08034817"
"M497","VDB|0030-001C-0-0006|M497-c3430-c0-c1",8002,0.944888777805549,5.63404311598995,6,"uVSG","-","-","FF08034817"
"M850","VDB|0010-00CB-0-0002|M850-c3191-c0-c7",5235,0.926265520534862,5.37079810270159,5,"uVSG","-","-","FF08034817"
"M146","VDB|0021-006C-0-0001|M146-c1373-c8-c1",6289,0.8944188265225,12.4336,12,"uVSG","-","-","FF08034817"
"M936","VDB|0040-00DB-0-0001|M936-c3729-c0-c0",17858,0.874790010079516,3.35942901036999,3,"uVSG","-","-","FF08034817"
"M706","VDB|002C-0005-0-001A|M706-c2807-c0-c0",33806,0.865911376678696,3.08325077716667,3,"uVSG","-","-","FF08034817"
"M1147","VDB|0015-0036-0-0001|M1147-c3381-c1-c16",10629,0.861699125035281,21.4344360738072,10,"uVSG","-","-","FF08034817"
"M865","VDB|0021-00B6-0-001C|M865-c3094-c0-c0",2102,0.844433872502379,3.36845070422535,3,"uVSG","-","-","FF08034817"
"M282","VDB|0051-0083-0-000C|M282-c3522-c0-c6",7246,0.826524979298924,65.4241108699282,67,"uVSG","-","-","FF08034817"
"M902","VDB|004C-0052-0-0002|M902-c3340-c0-c2",13405,0.809175680716151,8.49119572231954,8,"uVSG","-","-","FF08034817"
"M1064","VDB|000C-006E-0-0000|M1064-c1042-c1-c0",97523,0.798314243819407,11.2065404475043,8,"uVSG","-","-","FF08034817"
"M694","VDB|002C-0002-0-0000|M694-c507-c0-c5",57195,0.7978669464114,5.67859490730596,5,"uVSG","-","-","FF08034817"
"M987","VDB|004C-0014-0-0002|M987-c2948-c0-c1",15798,0.785542473730852,2.81257050765512,2,"uVSG","-","-","FF08034817"
"M1076","VDB|0010-019D-0-0002|M1076-c3779-c0-c0",24020,0.758284762697752,2.92126935324476,2,"uVSG","-","-","FF08034817"
"M203","VDB|0047-007E-0-0000|M203-c1101-c0-c8",2427,0.755665430572724,3.59814612868048,3,"uVSG","-","-","FF08034817"
"M697","VDB|0010-00F3-0-0001|M697-c3861-c6-c0",10022,1,568.28736779086,509,"uVSG","-","-","FF08034820"
"M441","VDB|0048-0014-0-0001|M441-c2353-c0-c2",8442,1,480.431295901445,518,"uVSG","-","-","FF08034820"
"M616","VDB|0021-00AB-0-0036|M616-c2556-c1-c0",2819,1,34.1575026605179,35,"uVSG","-","-","FF08034820"
"M1140","VDB|0046-01C4-0-0004|M1140-c1160-c0-c13",8092,0.999752842313396,8.42892459826947,8,"uVSG","-","-","FF08034820"
"M696","VDB|0047-0002-0-0004|M696-c2774-c1-c10",2219,0.998648039657503,7.93095667870036,8,"uVSG","-","-","FF08034820"
"M1064","VDB|0008-002B-0-0000|M1064-c1042-c1-c2",82445,0.970816908241858,9.85207211484401,9,"uVSG","-","-","FF08034820"
"M1295","VDB|001D-00BA-0-0001|M1295-c845-c0-c11",2655,0.96271186440678,9.84585289514867,9,"uVSG","-","-","FF08034820"
"M302","VDB|002F-0144-0-0000|M302-c1701-c1-c1",51615,0.957957957957958,13.9984831631105,14,"uVSG","-","-","FF08034820"
"M867","VDB|0051-008D-0-0001|M867-c2552-c1-c10",2714,0.932571849668386,8.50335835638088,8,"uVSG","-","-","FF08034820"
"M488","VDB|0030-000B-0-000A|M488-c2192-c0-c3",2503,0.901318417898522,4.06604609929078,4,"uVSG","-","-","FF08034820"
"M775","VDB|002D-0008-0-0002|M775-c3006-c0-c4",2241,0.900490852298081,4.21060455896928,4,"uVSG","-","-","FF08034820"
"M743","VDB|004F-022A-0-0000|M743-c2916-c0-c1",13514,0.875980464703271,11.9285352255449,11,"uVSG","-","-","FF08034820"
"M851","VDB|001D-00E1-0-0000|M851-c2148-c0-c4",1841,0.826724606192287,3.42247043363995,3,"uVSG","-","-","FF08034820"
"M12","VDB|0010-0119-0-0003|M12-c1018-c0-c12",15853,0.807291995205955,2.33802156586967,2,"uVSG","-","-","FF08034820"
"M179","VDB|004C-0094-0-0001|M179-c1380-c0-c0",29402,0.77552547445752,14.4049206209982,14,"uVSG","-","-","FF08034820"
"M699","VDB|004C-0066-0-0002|M699-c2778-c0-c2",2517,0.77393722685737,2.85112936344969,3,"uVSG","-","-","FF08034820"
"M279","VDB|0010-019E-0-0000|M279-c1641-c0-c0",15406,0.770543943917954,1.87372588661444,2,"uVSG","-","-","FF08034820"
"M460","VDB|0016-002B-0-0005|M460-c1950-c0-c0",14259,0.768286696121748,13.1296211775445,13,"uVSG","-","-","FF08034820"
"M759","VDB|0046-0159-0-0000|M759-c2960-c2-c1",2624,0.993521341463415,33.7437667817415,34,"uVSG","-","-","FF08034839"
"M750","VDB|0003-0093-0-0004|M750-c2937-c2-c11",1585,0.972239747634069,8.67553536664504,8,"uVSG","-","-","FF08034839"
"M923","VDB|0013-0028-0-0002|M923-c3398-c3-c2",2295,0.971241830065359,77.9632122027815,73,"uVSG","-","-","FF08034839"
"M808","VDB|0010-017B-0-0000|M808-c3098-c0-c2",12980,0.970493066255778,80.047471620227,82,"uVSG","-","-","FF08034839"
"M441","VDB|0009-0014-0-0002|M441-c2353-c0-c16",1959,0.955079122001021,930.521111704971,989,"uVSG","-","-","FF08034839"
"M1206","VDB|0013-003F-0-0002|M1206-c567-c0-c2",31993,0.952833432313319,20.3309276997769,18,"kVSG","NC_001895_Enterobacteria_phage_P2","NC_0018951_Enterobacteria_phage_P2|NC_0227501_Enterobacteria_phage_fiAA91ss|NC_0047451_Yersinia_phage_L413C|NC_0050561_Escherichia_phage_Wphi|NC_0217741_Salmonella_phage_FSL_SP004|NC_0288961_Escherichia_phage_pro147","FF08034839"
"M835","VDB|004F-0154-0-0005|M835-c3154-c2-c0",2698,0.940696812453669,3.23128447596533,3,"uVSG","-","-","FF08034839"
"M285","VDB|0046-00FD-0-0000|M285-c1661-c0-c0",22831,0.91318820901406,29.4857307304907,30,"uVSG","-","-","FF08034839"
"M367","VDB|0046-01F9-0-0000|M367-c418-c0-c0",152381,0.908623778555069,13.2326281805904,13,"kVSG","NC_009514_Phage_cdtI_DNA","NC_0095141_Phage_cdtI_DNA|NC_0197161_Enterobacteria_phage_mEp460|NC_0197231_Enterobacteria_phage_HK630|NC_0420571_Enterobacteria_phage_DE3|NC_0218571_Shigella_phage_SfII|NC_0113561_Enterobacteria_phage_YYZ2008_complete_prophage_genome|NC_0048131_Enterobacteria_phage_BP4795|NC_0197111_Enterobacteria_phage_HK629|NC_0014161_Enterobacteria_phage_lambda|NC_0113571_Stx2converting_phage_1717_complete_prophage_genome|NC_0227491_Shigella_phage_SfIV|NC_0034441_Enterobacteria_phage_SfV|NC_0027301_Enterobacteria_phage_HK620|NC_0319401_Salmonella_phage_118970_sal3|NC_0273981_Enterobacteria_phage_Sf101|NC_0273391_Enterobacteria_phage_SfI|NC_0084641_Stx2converting_phage_86|NC_0197141_Enterobacteria_phage_HK446|NC_0197681_Enterobacteria_phage_HK106|NC_0289431_Escherichia_phage_pro483|NC_0195011_Enterobacteria_phage_IME10|NC_0290152_Salmonella_phage_SEN4|NC_0197671_Enterobacteria_phage_HK544|NC_0418481_Enterobacteria_phage_P2|NC_0103921_Phage_Gifsy1|NC_0053441_Enterobacteria_phage_Sf6|NC_0197151_Enterobacterial_phage_mEp234|NC_0102371_Enterobacteria_phage_Min27|NC_0016091_Enterobacteria_phage_P4|NC_0290032_Salmonella_phage_SEN1|NC_0197691_Enterobacteria_phage_HK542|NC_0009021_Enterobacteria_phage_VT2Sakai|NC_0197061_Enterobacteria_phage_mEp043_c1|NC_0021671_Enterobacteria_phage_HK97|NC_0254341_Shigella_phage_POCJ13|NC_0419351_Escherichia_phage_PA28|NC_0197101_Enterobacteria_phage_HK140|NC_0197201_Enterobacterial_phage_mEp213|NC_0197081_Enterobacteria_phage_mEp235|NC_0194881_Salmonella_phage_RE2010|NC_0104631_Enterobacteria_phage_Fels2","FF08034839"
"M648","VDB|0047-0055-0-0001|M648-c2668-c1-c2",2898,0.899930986887509,15.986963190184,16,"uVSG","-","-","FF08034839"
"M1134","VDB|0010-0077-0-000F|M1134-c3912-c0-c2",4027,0.893220759870872,4.46538782318599,4,"uVSG","-","-","FF08034839"
"M1331","VDB|0010-013E-0-0005|M1331-c1774-c0-c9",1738,0.883199079401611,4.80390879478827,4,"uVSG","-","-","FF08034839"
"M653","VDB|0021-0057-0-0001|M653-c2675-c1-c0",2627,0.859535591929958,12.9840566873339,6,"uVSG","-","-","FF08034839"
"M528","VDB|0021-002E-0-000F|M528-c2330-c0-c1",3226,0.852448853068816,4.68072727272727,5,"uVSG","-","-","FF08034839"
"M482","VDB|0030-0090-0-0001|M482-c1657-c0-c5",11032,0.789793328498912,4.8147595546884,4,"uVSG","-","-","FF08034839"
"M547","VDB|003B-0000-0-0261|M547-c219-c0-c0",44513,0.763484824657965,5.4750625275857,5,"kVSG","NC_028901_Escherichia_phage_slur05","NC_0289011_Escherichia_phage_slur05|NC_0122232_Enterobacteria_phage_SSL2009a|NC_0311131_Escherichia_phage_Gluttony|NC_0273831_Escherichia_phage_YD2008s|NC_0136001_Sodalis_phage_SO1|NC_0165661_Shigella_phage_EP23","FF08034839"
"M697","VDB|0015-000A-0-0000|M697-c3861-c6-c15",4399,1,2852.32416458286,3012,"uVSG","-","-","FF08034850"
"M808","VDB|0010-0092-0-0000|M808-c3098-c0-c1",18422,0.985995005971121,49.6886698964986,51,"uVSG","-","-","FF08034850"
"M757","VDB|0012-000A-0-0009|M757-c2104-c0-c1",33829,0.9791303319637,6.28022824019563,6,"uVSG","-","-","FF08034850"
"M1005","VDB|0012-001E-0-000B|M1005-c3596-c0-c2",14412,0.965931168470719,4.58393793549314,4,"uVSG","-","-","FF08034850"
"M347","VDB|003A-0014-0-0001|M347-c1826-c0-c2",43263,0.953262603148187,5.43871390121481,5,"uVSG","-","-","FF08034850"
"M646","VDB|0030-003F-0-0000|M646-c3705-c0-c2",1763,0.946681792399319,5.22049131216297,5,"uVSG","-","-","FF08034850"
"M212","VDB|001D-00E7-0-0004|M212-c1504-c0-c6",49486,0.945681606919129,35.4506602846275,36,"uVSG","-","-","FF08034850"
"M995","VDB|001E-00BF-0-0000|M995-c3569-c0-c1",19465,0.891446185461084,5.83696403872752,4,"uVSG","-","-","FF08034850"
"M801","VDB|0010-00FF-0-0001|M801-c103-c1-c215",66293,0.88194832033548,29.4200147091522,28,"uVSG","-","-","FF08034850"
"M892","VDB|001E-0033-0-0002|M892-c3062-c0-c11",11172,0.826083064804869,37.5811030447502,16,"uVSG","-","-","FF08034850"
"M1064","VDB|0002-002F-0-0000|M1064-c1042-c2-c105",24967,0.807986542235751,3.46408565904922,3,"uVSG","-","-","FF08034850"
"M282","VDB|0051-0083-0-000C|M282-c3522-c0-c6",7246,0.798923544024289,21.9972361375022,21,"uVSG","-","-","FF08034850"
"M441","VDB|002C-0001-0-0004|M441-c2353-c0-c1",12885,0.785875048506015,12.9465731779577,12,"uVSG","-","-","FF08034850"
"M520","VDB|0012-0046-0-0008|M520-c2249-c0-c1",7271,0.784486315499931,3.55750350631136,3,"uVSG","-","-","FF08034850"
"M1283","VDB|0015-0005-0-0009|M1283-c975-c0-c123",2062,0.757516973811833,21.5409731113956,19,"uVSG","-","-","FF08034850"
"M1147","VDB|0021-0018-0-0006|M1147-c2191-c0-c9",2153,1,64.7180678123549,72,"uVSG","-","-","FF08034859"
"M441","VDB|0047-00A7-0-0003|M441-c2048-c2-c3",3914,1,863.598364844149,894,"uVSG","-","-","FF08034859"
"M892","VDB|000E-000C-0-0002|M892-c3062-c0-c0",19587,0.999693674375862,32.4161687349982,32,"uVSG","-","-","FF08034859"
"M330","VDB|0030-005B-0-0002|M330-c3108-c0-c8",4636,0.999568593615185,29.1404833836858,30,"uVSG","-","-","FF08034859"
"M829","VDB|0021-00AF-0-000E|M829-c3144-c0-c0",2052,0.999512670565302,14.2842515845929,15,"uVSG","-","-","FF08034859"
"M282","VDB|000C-000D-0-0003|M282-c3522-c0-c21",5102,0.999411995295962,55.5397136693469,44,"uVSG","-","-","FF08034859"
"M939","VDB|0037-00E7-0-0000|M939-c3437-c0-c0",24880,0.997909967845659,7.37550346383116,7,"uVSG","-","-","FF08034859"
"M936","VDB|001E-0018-0-0004|M936-c1225-c0-c12",7583,0.993406303573783,10.0192486393203,9,"uVSG","-","-","FF08034859"
"M697","VDB|0048-005B-0-0003|M697-c3861-c6-c1",9328,0.988743567753002,423.305865770357,366,"uVSG","-","-","FF08034859"
"M757","VDB|0012-0012-0-0003|M757-c3902-c0-c1",23848,0.986330090573633,5.3016750276337,5,"uVSG","-","-","FF08034859"
"M938","VDB|002F-0159-0-0001|M938-c3435-c0-c4",1737,0.977547495682211,3.8886925795053,4,"uVSG","-","-","FF08034859"
"M460","VDB|0040-0064-0-0000|M460-c2090-c0-c4",7371,0.977479310812644,6.84038861901457,7,"uVSG","-","-","FF08034859"
"M801","VDB|0021-005C-0-0006|M801-c2036-c1-c1",3900,0.973846153846154,7.61348077935756,8,"uVSG","-","-","FF08034859"
"M1184","VDB|002C-0019-0-0033|M1184-c508-c0-c0",1687,0.962062833432128,2.76524953789279,2,"uVSG","-","-","FF08034859"
"M497","VDB|0010-00B4-0-0001|M497-c2239-c0-c5",21392,0.958395661929693,6.3750853575261,6,"uVSG","-","-","FF08034859"
"M106","VDB|0012-0024-0-000D|M106-c1270-c3-c3",6452,0.948078115313081,4.66830145496158,4,"uVSG","-","-","FF08034859"
"M1005","VDB|0012-001E-0-000B|M1005-c3596-c0-c2",14412,0.94698862059395,3.70567116060961,3,"uVSG","-","-","FF08034859"
"M900","VDB|0048-005E-0-0003|M900-c3337-c0-c0",23411,0.946136431591987,4.60785553047404,4,"uVSG","-","-","FF08034859"
"M163","VDB|0037-00DC-0-0003|M163-c1404-c0-c0",16287,0.939706514397986,7.52878144397256,7,"uVSG","-","-","FF08034859"
"M948","VDB|004F-00B4-0-0002|M948-c2859-c0-c9",4672,0.920376712328767,175.32023255814,197,"uVSG","-","-","FF08034859"
"M579","VDB|003C-0074-0-0000|M579-c2470-c0-c0",6751,0.892312250037032,3.18758300132802,3,"uVSG","-","-","FF08034859"
"M548","VDB|0012-003B-0-0002|M548-c1151-c0-c3",42188,0.867948231724661,37.7484228636972,38,"uVSG","-","-","FF08034859"
"M406","VDB|001D-0098-0-0003|M406-c1058-c0-c31",3097,0.859864384888602,4.31918888471649,4,"uVSG","-","-","FF08034859"
"M738","VDB|0028-0057-0-0004|M738-c70-c0-c151",2007,0.85949177877429,41.9008695652174,43,"uVSG","-","-","FF08034859"
"M1110","VDB|004F-00F2-0-0002|M1110-c3831-c0-c2",13758,0.848088384939671,3.94154953719575,3,"uVSG","-","-","FF08034859"
"M606","VDB|0002-001C-0-0000|M606-c2537-c0-c0",40403,0.847362819592605,3.25645519336371,3,"uVSG","-","-","FF08034859"
"M1308","VDB|002F-0134-0-0000|M1308-c880-c0-c17",2843,0.846992613436511,12.2138704318937,12,"uVSG","-","-","FF08034859"
"M1138","VDB|000D-0023-0-0002|M1138-c3917-c0-c0",16396,0.833678946084411,2.42029409612993,2,"uVSG","-","-","FF08034859"
"M805","VDB|0027-0017-0-0002|M805-c3083-c2-c1",3639,0.832096729870844,12.4336195508587,12,"uVSG","-","-","FF08034859"
"M1084","VDB|004C-0094-0-0003|M1084-c3798-c0-c0",22893,0.827065041715808,4.11254885391359,4,"uVSG","-","-","FF08034859"
"M832","VDB|0010-01A7-0-0002|M832-c3151-c0-c5",17994,0.826164276981216,4.44874209605812,3,"uVSG","-","-","FF08034859"
"M1324","VDB|0012-002C-0-0000|M1324-c918-c2-c7",1945,0.820565552699229,2.37907268170426,2,"uVSG","-","-","FF08034859"
"M1056","VDB|0028-0052-0-0009|M1056-c3720-c2-c0",1625,0.806769230769231,6.96109839816934,7,"uVSG","-","-","FF08034859"
"M806","VDB|0047-005E-0-0003|M806-c3084-c0-c0",2814,0.780383795309168,2.49544626593807,2,"uVSG","-","-","FF08034859"
"M687","VDB|0024-003C-0-000D|M687-c2760-c0-c0",35052,0.770455323519343,5.48929867436866,5,"uVSG","-","-","FF08034859"
"M229","VDB|0024-0055-0-0005|M229-c1542-c3-c9",7848,0.767329255861366,9.42344735968117,4,"uVSG","-","-","FF08034859"
"M1102","VDB|0021-0089-0-0075|M1102-c76-c0-c268",1963,0.766174223127866,36.4175531914894,34,"kVSG","NC_024711_Uncultured_crAssphage","NC_0247111_Uncultured_crAssphage","FF08034859"
"M441","VDB|003A-0004-0-0000|M441-c2353-c0-c11",2850,1,437.285964912281,558,"uVSG","-","-","FF08034876"
"M697","VDB|0010-00F3-0-0001|M697-c3861-c6-c0",10022,1,928.196168429455,952.5,"uVSG","-","-","FF08034876"
"M1019","VDB|0012-0013-0-0001|M1019-c3638-c0-c10",1516,0.994063324538259,4.74187126741871,4,"uVSG","-","-","FF08034876"
"M757","VDB|0012-000A-0-0009|M757-c2104-c0-c1",33829,0.993260220520855,13.7323889169965,14,"uVSG","-","-","FF08034876"
"M808","VDB|0010-0092-0-0000|M808-c3098-c0-c1",18422,0.992888937140376,9.15302607839921,9,"uVSG","-","-","FF08034876"
"M940","VDB|0028-004B-0-000A|M940-c577-c0-c38",2391,0.989962358845671,3.46768060836502,3,"uVSG","-","-","FF08034876"
"M892","VDB|0016-0020-0-0000|M892-c3062-c0-c2",16136,0.980230540406544,22.502560536132,21,"uVSG","-","-","FF08034876"
"M689","VDB|0028-006A-0-0005|M689-c2763-c0-c0",4843,0.96593020854842,8.72210346301838,8,"uVSG","-","-","FF08034876"
"M863","VDB|0021-00AC-0-000D|M863-c3219-c0-c0",1985,0.963727959697733,4.94406691061161,5,"uVSG","-","-","FF08034876"
"M1005","VDB|004F-002E-0-0001|M1005-c3596-c0-c1",15616,0.962090163934426,12.0573083067093,12,"uVSG","-","-","FF08034876"
"M538","VDB|0047-005E-0-0008|M538-c2377-c0-c14",1967,0.955261820030503,5.21607237892496,5,"uVSG","-","-","FF08034876"
"M1056","VDB|0028-0052-0-0009|M1056-c3720-c2-c0",1625,0.952,6.0743374272786,5,"uVSG","-","-","FF08034876"
"M311","VDB|0051-0004-0-0005|M311-c1716-c0-c27",1723,0.934997098084736,7.78957169459963,8,"kVSG","NC_029014_Parabacteroides_phage_YZ2015b","NC_0290141_Parabacteroides_phage_YZ2015b","FF08034876"
"M900","VDB|003A-000E-0-0007|M900-c2799-c0-c7",3288,0.92639902676399,3.95469468154957,4,"uVSG","-","-","FF08034876"
"M10","VDB|0026-0032-0-0003|M10-c1012-c0-c1",18422,0.920801215937466,6.76678653540058,6,"uVSG","-","-","FF08034876"
"M851","VDB|004C-0027-0-0004|M851-c2148-c0-c0",17886,0.918092362741809,13.8343584434565,15,"uVSG","-","-","FF08034876"
"M727","VDB|0047-0003-0-0007|M727-c2871-c0-c42",3421,0.896813797135341,2.95404172099087,2,"uVSG","-","-","FF08034876"
"M223","VDB|004F-00B5-0-0000|M223-c896-c0-c7",8435,0.882631890930646,5.88757555406313,5,"uVSG","-","-","FF08034876"
"M1333","VDB|0040-0080-0-0001|M1333-c957-c0-c38",1850,0.85027027027027,3.47107438016529,2,"uVSG","-","-","FF08034876"
"M658","VDB|0028-0021-0-0000|M658-c2694-c0-c1",13338,0.829734592892488,2.58877744646246,2,"uVSG","-","-","FF08034876"
"M1302","VDB|0048-0007-0-0003|M1302-c867-c0-c2",14237,0.819695160497296,29.7823479005998,31,"uVSG","-","-","FF08034876"
"M1138","VDB|000D-0023-0-0002|M1138-c3917-c0-c0",16396,0.787997072456697,2.55843653250774,2,"uVSG","-","-","FF08034876"
"M696","VDB|0048-004D-0-0003|M696-c2845-c0-c0",4330,0.781293302540416,4.28406739580254,4,"uVSG","-","-","FF08034876"
"M203","VDB|001E-003E-0-0003|M203-c1101-c0-c2",19559,0.999897745283501,160.027151403589,172,"uVSG","-","-","FF08034889"
"M892","VDB|000E-000C-0-0002|M892-c3062-c0-c0",19587,0.998876806044826,48.6011755686174,43,"uVSG","-","-","FF08034889"
"M700","VDB|004C-007B-0-0006|M700-c2782-c0-c0",7538,0.99880604934996,6.91486253154469,6,"uVSG","-","-","FF08034889"
"M83","VDB|0021-00B2-0-000D|M83-c1217-c0-c2",7186,0.998747564709157,10.021457433468,10,"uVSG","-","-","FF08034889"
"M302","VDB|0010-008F-0-0000|M302-c2613-c0-c5",11563,0.998616276052927,13.8915735688924,10,"uVSG","-","-","FF08034889"
"M766","VDB|0046-004C-0-0001|M766-c2984-c2-c0",4354,0.997014239779513,25.0267219534669,30,"uVSG","-","-","FF08034889"
"M808","VDB|0010-0092-0-0000|M808-c3098-c0-c1",18422,0.996145912495929,19.9758051332352,20,"uVSG","-","-","FF08034889"
"M738","VDB|0030-0086-0-0027|M738-c70-c0-c64",96575,0.995257571835361,18.9000905146852,18,"uVSG","-","-","FF08034889"
"M1140","VDB|0046-020B-0-0000|M1140-c1160-c0-c27",3751,0.994934684084244,17.0275991425509,18,"uVSG","-","-","FF08034889"
"M801","VDB|0022-0010-0-0002|M801-c1143-c0-c3",3320,0.993674698795181,18.1867232494695,18,"uVSG","-","-","FF08034889"
"M697","VDB|0001-0113-0-0000|M697-c3861-c6-c6",8363,0.993662561281837,570.208784596871,592,"uVSG","-","-","FF08034889"
"M485","VDB|002C-0008-0-0019|M485-c2185-c0-c2",3530,0.987818696883853,5.31517063378262,5,"uVSG","-","-","FF08034889"
"M282","VDB|0045-002A-0-0003|M282-c3522-c0-c7",7176,0.972547380156076,24.536036681473,23,"uVSG","-","-","FF08034889"
"M1319","VDB|0021-00B1-0-000C|M1319-c2286-c0-c0",3307,0.961596613244633,7.56163522012579,8,"uVSG","-","-","FF08034889"
"M665","VDB|0021-0087-0-0022|M665-c2297-c6-c8",3293,0.954145156392347,3.19223424570337,2,"uVSG","-","-","FF08034889"
"M756","VDB|000C-0004-0-0004|M756-c2952-c0-c0",37901,0.932930529537479,5.33943267626347,5,"uVSG","-","-","FF08034889"
"M1058","VDB|0027-0040-0-0002|M1058-c3724-c0-c0",7848,0.897808358817533,3.27902355946636,3,"uVSG","-","-","FF08034889"
"M1064","VDB|0002-002F-0-0000|M1064-c1042-c2-c105",24967,0.897264388993471,5.92005178109097,4,"uVSG","-","-","FF08034889"
"M694","VDB|0010-0131-0-0000|M694-c1098-c1-c6",13377,0.894370935187262,136.80173854898,138,"uVSG","-","-","FF08034889"
"M727","VDB|004F-004C-0-0004|M727-c2871-c0-c1",34962,0.887906870316343,3.21283381116516,3,"uVSG","-","-","FF08034889"
"M347","VDB|004C-00AA-0-0004|M347-c1113-c0-c5",10164,0.886462022825659,4.44905660377358,4,"uVSG","-","-","FF08034889"
"M1101","VDB|0046-0005-0-0000|M1101-c3585-c0-c2",6653,0.885916128062528,3.87343060739735,4,"uVSG","-","-","FF08034889"
"M642","VDB|0040-014F-0-0000|M642-c2655-c0-c3",1688,0.885663507109005,95.6996655518395,102,"uVSG","-","-","FF08034889"
"M78","VDB|000E-000F-0-0001|M78-c121-c0-c5",48351,0.861719509420695,4.81365654626185,4,"uVSG","-","-","FF08034889"
"M510","VDB|0016-0021-0-0002|M510-c2274-c0-c9",3131,0.859789204726924,37.6058692421991,39,"uVSG","-","-","FF08034889"
"M898","VDB|0037-00E0-0-0002|M898-c3330-c2-c2",2055,0.858394160583942,3.00226757369615,3,"uVSG","-","-","FF08034889"
"M311","VDB|0026-0044-0-0000|M311-c1716-c0-c21",2349,0.842060451255854,4.56016177957533,3,"kVSG","NC_029014_Parabacteroides_phage_YZ2015b","NC_0290141_Parabacteroides_phage_YZ2015b","FF08034889"
"M950","VDB|004F-015F-0-0006|M950-c3163-c0-c16",3241,0.825671089170009,3.94768310911809,3,"uVSG","-","-","FF08034889"
"M696","VDB|0051-0034-0-0000|M696-c2847-c1-c5",1574,0.814485387547649,3.2386895475819,3,"uVSG","-","-","FF08034889"
"M806","VDB|0046-014B-0-0000|M806-c3084-c0-c1",2657,0.801656003010915,2.2887323943662,2,"uVSG","-","-","FF08034889"
"M488","VDB|0009-0060-0-0003|M488-c2192-c0-c2",2698,0.800963676797628,14.2128644146229,14,"uVSG","-","-","FF08034889"
"M820","VDB|0040-0102-0-0000|M820-c3132-c0-c4",9692,0.795501444490301,2.93307392996109,3,"uVSG","-","-","FF08034889"
"M902","VDB|004C-0052-0-0002|M902-c3340-c0-c2",13405,0.786422976501305,8.41842155188769,8,"uVSG","-","-","FF08034889"
"M229","VDB|000D-003E-0-0004|M229-c1542-c3-c17",6090,0.786371100164204,30.1795782000418,28,"uVSG","-","-","FF08034889"
"M855","VDB|004A-0012-0-0000|M855-c3787-c0-c1",12380,0.76470113085622,3.17946551177775,3,"uVSG","-","-","FF08034889"
"M610","VDB|002C-0012-0-0001|M610-c2545-c0-c0",2831,0.754150476863299,2.3672131147541,2,"uVSG","-","-","FF08034889"
"M697","VDB|0015-000A-0-0000|M697-c3861-c6-c15",4399,1,663.516935667197,708,"uVSG","-","-","FF08034901"
"M954","VDB|0001-00A6-0-0002|M954-c827-c1-c21",6980,0.994126074498567,29.183888168324,29,"uVSG","-","-","FF08034901"
"M1098","VDB|004C-0029-0-0000|M1098-c2579-c0-c3",3063,0.994123408423115,13.3428571428571,13,"uVSG","-","-","FF08034901"
"M759","VDB|0050-005D-0-0000|M759-c2960-c2-c6",1993,0.992473657802308,15.5970677451972,16,"uVSG","-","-","FF08034901"
"M127","VDB|0021-0032-0-000D|M127-c1332-c2-c1",6449,0.94355714064196,4.26376335250616,3,"uVSG","-","-","FF08034901"
"M1056","VDB|0028-0054-0-0003|M1056-c3720-c2-c0",7510,0.919440745672437,9.79000724112962,9,"uVSG","-","-","FF08034901"
"M939","VDB|0037-00E7-0-0000|M939-c3437-c0-c0",24880,0.914549839228296,6.98154170695262,7,"uVSG","-","-","FF08034901"
"M805","VDB|0027-0017-0-0002|M805-c3083-c2-c1",3639,0.886782082989832,16.2348930895569,15,"uVSG","-","-","FF08034901"
"M282","VDB|0045-002A-0-0003|M282-c3522-c0-c7",7176,0.825111482720178,16.6833305184935,5,"uVSG","-","-","FF08034901"
"M1115","VDB|0046-01D1-0-0003|M1115-c3874-c0-c1",10663,0.802775954234268,2.83177570093458,2,"uVSG","-","-","FF08034901"
"M1214","VDB|002F-00A2-0-0003|M1214-c581-c1-c2",4212,0.75,2.50902184235518,2,"uVSG","-","-","FF08034901"
"M808","VDB|0010-0092-0-0000|M808-c3098-c0-c1",18422,1,116.732059494083,119,"uVSG","-","-","FF08034931"
"M282","VDB|0021-002C-0-0008|M282-c2487-c1-c2",2871,1,65.9536746778126,66,"uVSG","-","-","FF08034931"
"M825","VDB|0048-002C-0-0007|M825-c2892-c0-c1",5912,0.999154262516915,6.13594040968343,6,"uVSG","-","-","FF08034931"
"M776","VDB|0030-0055-0-0003|M776-c1392-c0-c100",2570,0.998443579766537,34.244738893219,37,"uVSG","-","-","FF08034931"
"M1070","VDB|0021-00BB-0-0009|M1070-c2035-c0-c2",1605,0.998130841121495,6.10362047440699,6,"uVSG","-","-","FF08034931"
"M637","VDB|0021-00B6-0-0006|M637-c2638-c0-c0",2709,0.997785160575858,34.7817240103589,35,"uVSG","-","-","FF08034931"
"M212","VDB|0053-001C-0-0002|M212-c1504-c0-c18",8219,0.993064849738411,26.4862778730703,28,"uVSG","-","-","FF08034931"
"M246","VDB|0052-005F-0-0000|M246-c1567-c0-c4",5339,0.975650870949616,22.8671530044154,24,"uVSG","-","-","FF08034931"
"M697","VDB|0012-004C-0-0006|M697-c3861-c6-c3",8968,0.912578055307761,2369.04728739003,2266,"uVSG","-","-","FF08034931"
"M1117","VDB|0030-0080-0-0000|M1117-c1761-c0-c5",13112,0.900854179377669,3.04588554012868,3,"uVSG","-","-","FF08034931"
"M265","VDB|000D-0048-0-0000|M265-c1614-c0-c0",48537,0.894410449759977,3.22770201787524,3,"uVSG","-","-","FF08034931"
"M987","VDB|004C-0014-0-0002|M987-c2948-c0-c1",15798,0.89017597164198,3.44762852876342,3,"uVSG","-","-","FF08034931"
"M978","VDB|002C-0007-0-000B|M978-c3523-c0-c0",16272,0.889380530973451,3.72229132117192,3,"uVSG","-","-","FF08034931"
"M954","VDB|0012-0002-0-0002|M954-c3506-c0-c7",2143,0.867008866075595,2.83692142088267,3,"uVSG","-","-","FF08034931"
"M1063","VDB|001E-0012-0-0002|M1063-c3742-c0-c0",18282,0.846460999890603,3.11657512116317,3,"uVSG","-","-","FF08034931"
"M1054","VDB|0033-0003-0-0000|M1054-c3715-c0-c1",3835,0.81903520208605,1.7440305635148,1,"uVSG","-","-","FF08034931"
"M697","VDB|0010-00F3-0-0001|M697-c3861-c6-c0",10022,1,2091.08730792257,1813,"uVSG","-","-","FF08034932"
"M441","VDB|0048-0008-0-0007|M441-c2353-c7-c1",5625,1,3078.38471111111,2962,"uVSG","-","-","FF08034932"
"M824","VDB|0021-006C-0-0020|M824-c3137-c0-c1",2061,1,124.295002426007,129,"uVSG","-","-","FF08034932"
"M776","VDB|0040-0113-0-0002|M776-c1211-c0-c2",1908,0.99685534591195,44.9616193480547,48,"uVSG","-","-","FF08034932"
"M808","VDB|0010-0092-0-0000|M808-c3098-c0-c1",18422,0.986157854738899,22.7144272582154,22,"uVSG","-","-","FF08034932"
"M282","VDB|0045-002A-0-0003|M282-c3522-c0-c7",7176,0.984253065774805,25.2623531077446,24,"uVSG","-","-","FF08034932"
"M665","VDB|0047-000E-0-0005|M665-c2297-c6-c7",3654,0.977285166940339,10.2206664799776,9,"uVSG","-","-","FF08034932"
"M706","VDB|002C-0005-0-001A|M706-c2807-c0-c0",33806,0.971987221203337,7.99930003956298,8,"uVSG","-","-","FF08034932"
"M435","VDB|002B-0003-0-0002|M435-c1204-c0-c0",7325,0.945119453924915,37.8247869420771,41,"uVSG","-","-","FF08034932"
"M1197","VDB|003B-0000-0-01DC|M1197-c53-c0-c4",136896,0.935505785413745,9.27685508366714,9,"kVSG","NC_024134_Escherichia_phage_vB_EcoM_FFH2","NC_0241341_Escherichia_phage_vB_EcoM_FFH2|NC_0195171_Enterobacteria_phage_vB_EcoMFV3|NC_0419371_Escherichia_phage_V18","FF08034932"
"M302","VDB|0010-008F-0-0000|M302-c2613-c0-c5",11563,0.9120470466142,6.04987673051394,3,"uVSG","-","-","FF08034932"
"M653","VDB|0021-0057-0-0001|M653-c2675-c1-c0",2627,0.909783022459079,4.53849372384937,4,"uVSG","-","-","FF08034932"
"M687","VDB|0010-0071-0-0002|M687-c3207-c0-c1",5185,0.900675024108004,3.2830835117773,3,"uVSG","-","-","FF08034932"
"M892","VDB|001E-0033-0-0002|M892-c3062-c0-c11",11172,0.868421052631579,25.1457431457431,21,"uVSG","-","-","FF08034932"
"M750","VDB|0003-0093-0-0004|M750-c2937-c2-c11",1585,0.856782334384858,5.30706921944035,5,"uVSG","-","-","FF08034932"
"M1206","VDB|0013-003F-0-0002|M1206-c567-c0-c2",31993,0.848529365798768,32.2452573028327,19,"kVSG","NC_001895_Enterobacteria_phage_P2","NC_0018951_Enterobacteria_phage_P2|NC_0227501_Enterobacteria_phage_fiAA91ss|NC_0047451_Yersinia_phage_L413C|NC_0050561_Escherichia_phage_Wphi|NC_0217741_Salmonella_phage_FSL_SP004|NC_0288961_Escherichia_phage_pro147","FF08034932"
"M613","VDB|004F-0140-0-0003|M613-c2551-c1-c3",2119,0.824917413874469,2.22311212814645,2,"uVSG","-","-","FF08034932"
"M902","VDB|004A-0075-0-0000|M902-c3340-c0-c1",23966,0.820704331135776,26.4838070059484,27,"uVSG","-","-","FF08034932"
"M892","VDB|002F-0024-0-0000|M892-c3062-c0-c103",4160,1,39.1394230769231,27,"uVSG","-","-","FF08034934"
"M808","VDB|0010-0092-0-0000|M808-c3098-c0-c1",18422,1,50.4282922592552,51,"uVSG","-","-","FF08034934"
"M954","VDB|0012-0002-0-0002|M954-c3506-c0-c7",2143,0.999533364442371,5.88328664799253,5,"uVSG","-","-","FF08034934"
"M637","VDB|0021-0087-0-0028|M637-c2638-c0-c0",2680,0.994402985074627,3.88067542213884,4,"uVSG","-","-","FF08034934"
"M441","VDB|0010-010C-0-0000|M441-c2048-c2-c0",4377,0.98469271190313,828.103480278422,811,"uVSG","-","-","FF08034934"
"M711","VDB|0021-00B4-0-0004|M711-c2822-c0-c0",2648,0.941087613293051,5.97191011235955,6,"uVSG","-","-","FF08034934"
"M978","VDB|002C-0007-0-000B|M978-c3523-c0-c0",16272,0.9375,7.60439200262209,7,"uVSG","-","-","FF08034934"
"M212","VDB|0048-0028-0-0002|M212-c1504-c0-c4",55536,0.918251224431,4.95299631343635,5,"uVSG","-","-","FF08034934"
"M697","VDB|0012-004C-0-0006|M697-c3861-c6-c3",8968,0.912466547725245,1244.61737748992,1199,"uVSG","-","-","FF08034934"
"M1063","VDB|0002-0021-0-0003|M1063-c3742-c0-c1",12593,0.909791153815612,7.16557563061884,7,"uVSG","-","-","FF08034934"
"M900","VDB|0048-005E-0-0003|M900-c3337-c0-c0",23411,0.865362436461492,3.50214719383977,3,"uVSG","-","-","FF08034934"
"M617","VDB|0030-008A-0-0006|M617-c1503-c0-c1",14222,0.829630150471101,6.41444190185609,5,"uVSG","-","-","FF08034934"
"M733","VDB|000E-000C-0-0006|M733-c2894-c0-c0",28470,0.809448542325255,2.59809069212411,2,"uVSG","-","-","FF08034934"
"M101","VDB|001E-005A-0-0004|M101-c2926-c0-c0",13003,0.796662308697993,2.75953277343373,2,"uVSG","-","-","FF08034934"
"M1110","VDB|0001-0017-0-0000|M1110-c3864-c0-c9",3235,0.779907264296754,4.24930638129211,4,"uVSG","-","-","FF08034934"
"M70","VDB|001D-00E8-0-0005|M70-c1182-c0-c4",3532,0.756511891279728,2.27208083832335,2,"uVSG","-","-","FF08034934"
"M995","VDB|001E-00BF-0-0000|M995-c3569-c0-c1",19465,0.752684305163113,14.9905125929971,6,"uVSG","-","-","FF08034934"
"M623","VDB|0048-0021-0-0000|M623-c2588-c0-c3",3348,0.752090800477897,2.49285146942017,2,"uVSG","-","-","FF08034934"
"M697","VDB|0010-00F3-0-0001|M697-c3861-c6-c0",10022,1,593.357114348433,493,"uVSG","-","-","FF08034935"
"M441","VDB|0048-0014-0-0001|M441-c2353-c0-c2",8442,1,551.101634683724,591,"uVSG","-","-","FF08034935"
"M488","VDB|004A-0069-0-0000|M488-c3005-c0-c4",2440,1,55.0893442622951,59,"uVSG","-","-","FF08034935"
"M564","VDB|0021-00B0-0-000E|M564-c2431-c0-c3",3023,0.999669202778697,13.1598279285242,13,"uVSG","-","-","FF08034935"
"M801","VDB|0021-00B6-0-0057|M801-c143-c0-c1",4793,0.99958272480701,67.7541223126696,69,"uVSG","-","-","FF08034935"
"M1140","VDB|0046-0172-0-0002|M1140-c2092-c0-c1",7839,0.994004337287919,68.7447381930185,70,"uVSG","-","-","FF08034935"
"M302","VDB|002F-0144-0-0000|M302-c1701-c1-c1",51615,0.950653879686138,9.5954797423983,9,"uVSG","-","-","FF08034935"
"M1064","VDB|0008-002B-0-0000|M1064-c1042-c1-c2",82445,0.933507186609255,7.27240362251991,5,"uVSG","-","-","FF08034935"
"M892","VDB|001E-002B-0-0006|M892-c879-c2-c1",8160,0.898651960784314,34.7873994272467,11,"uVSG","-","-","FF08034935"
"M616","VDB|0008-000A-0-0002|M616-c2556-c1-c0",14007,0.888270150638966,18.5962063976853,16,"uVSG","-","-","FF08034935"
"M936","VDB|003A-003B-0-0004|M936-c1225-c5-c0",10629,0.88653683319221,5.24365913191128,5,"uVSG","-","-","FF08034935"
"M783","VDB|0042-0004-0-0004|M783-c3841-c0-c4",1770,0.85819209039548,4.00658327847268,3,"uVSG","-","-","FF08034935"
"M12","VDB|0010-0119-0-0003|M12-c1018-c0-c12",15853,0.85807102756576,2.74358597368228,2,"uVSG","-","-","FF08034935"
"M987","VDB|004C-0014-0-0002|M987-c2948-c0-c1",15798,0.852702873781491,2.50456536263084,2,"uVSG","-","-","FF08034935"
"M743","VDB|004F-022A-0-0000|M743-c2916-c0-c1",13514,0.840461743377238,3.92894875858426,4,"uVSG","-","-","FF08034935"
"M282","VDB|0051-0083-0-000C|M282-c3522-c0-c6",7246,0.816864476952802,29.6342287548572,21,"uVSG","-","-","FF08034935"
"M867","VDB|0010-01FB-0-0002|M867-c2128-c1-c17",3246,0.791743684534812,15.3466926070039,16,"uVSG","-","-","FF08034935"
"M1110","VDB|0002-0008-0-0004|M1110-c3101-c0-c11",14775,0.786937394247039,4.2303259654253,3,"uVSG","-","-","FF08034935"
"M1098","VDB|004C-00B6-0-0001|M1098-c3832-c0-c3",4272,0.774812734082397,3.32598187311178,3,"uVSG","-","-","FF08034935"
"M179","VDB|004C-0094-0-0001|M179-c1380-c0-c0",29402,0.773042650159853,7.8629504157684,7,"uVSG","-","-","FF08034935"
"M756","VDB|0050-00D3-0-0003|M756-c2952-c0-c2",36886,0.767282979992409,6.16557133771465,4,"uVSG","-","-","FF08034935"
"M1319","VDB|0046-004A-0-0003|M1319-c1800-c0-c6",2136,0.765917602996255,1.93337408312958,2,"uVSG","-","-","FF08034935"
"M610","VDB|000C-0027-0-0007|M610-c1838-c0-c1",8610,0.763066202090592,2.43165905631659,2,"uVSG","-","-","FF08034935"
"M460","VDB|0016-002B-0-0005|M460-c1950-c0-c0",14259,0.753559155621011,6.40781758957655,6,"uVSG","-","-","FF08034935"
"M759","VDB|0046-0159-0-0000|M759-c2960-c2-c1",2624,0.989710365853659,13.9899884482095,12,"uVSG","-","-","FF08034936"
"M808","VDB|0010-017B-0-0000|M808-c3098-c0-c2",12980,0.969876733436056,112.268806100564,116,"uVSG","-","-","FF08034936"
"M923","VDB|0013-0028-0-0002|M923-c3398-c3-c2",2295,0.961220043572985,14.2529465095195,14,"uVSG","-","-","FF08034936"
"M441","VDB|0009-0014-0-0002|M441-c2353-c0-c16",1959,0.956100051046452,1030.88681260011,1080,"uVSG","-","-","FF08034936"
"M285","VDB|0046-00FD-0-0000|M285-c1661-c0-c0",22831,0.910122202268845,13.349872467395,13,"uVSG","-","-","FF08034936"
"M1105","VDB|0030-0030-0-0003|M1105-c2639-c1-c7",1651,0.882495457298607,12.5312285518188,13,"uVSG","-","-","FF08034936"
"M750","VDB|0003-0093-0-0004|M750-c2937-c2-c11",1585,0.856782334384858,2.8379970544919,2,"uVSG","-","-","FF08034936"
"M653","VDB|0021-0057-0-0001|M653-c2675-c1-c0",2627,0.851922344880091,17.2529043789097,9,"uVSG","-","-","FF08034936"
"M1013","VDB|0008-00C4-0-0001|M1013-c3626-c0-c0",10254,0.83976984591379,3.85762396934154,3,"uVSG","-","-","FF08034936"
"M1206","VDB|0013-003F-0-0002|M1206-c567-c0-c2",31993,0.835714062451161,4.19063470097618,4,"kVSG","NC_001895_Enterobacteria_phage_P2","NC_0018951_Enterobacteria_phage_P2|NC_0227501_Enterobacteria_phage_fiAA91ss|NC_0047451_Yersinia_phage_L413C|NC_0050561_Escherichia_phage_Wphi|NC_0217741_Salmonella_phage_FSL_SP004|NC_0288961_Escherichia_phage_pro147","FF08034936"
"M547","VDB|003B-0000-0-0261|M547-c219-c0-c0",44513,0.801586053512457,21.3858636248984,22,"kVSG","NC_028901_Escherichia_phage_slur05","NC_0289011_Escherichia_phage_slur05|NC_0122232_Enterobacteria_phage_SSL2009a|NC_0311131_Escherichia_phage_Gluttony|NC_0273831_Escherichia_phage_YD2008s|NC_0136001_Sodalis_phage_SO1|NC_0165661_Shigella_phage_EP23","FF08034936"
"M528","VDB|0021-002E-0-000F|M528-c2330-c0-c1",3226,0.752944823310601,2.92054343351173,3,"uVSG","-","-","FF08034936"
"M697","VDB|0015-000A-0-0000|M697-c3861-c6-c15",4399,1,573.748806546942,598,"uVSG","-","-","FF08034939"
"M282","VDB|0042-004B-0-0004|M282-c3840-c1-c4",6990,0.999713876967096,129.42014882656,90,"uVSG","-","-","FF08034939"
"M665","VDB|0021-00A0-0-0035|M665-c3736-c0-c1",1566,0.996807151979566,25.4407431133889,25,"uVSG","-","-","FF08034939"
"M302","VDB|002F-0144-0-0000|M302-c1701-c1-c1",51615,0.990816623074688,10.077120118887,10,"uVSG","-","-","FF08034939"
"M527","VDB|0048-0051-0-0000|M527-c2323-c0-c0",21538,0.990574798031386,7.36714319193813,7,"uVSG","-","-","FF08034939"
"M343","VDB|0051-005B-0-0005|M343-c2403-c0-c19",2249,0.956425077812361,5.09065550906555,5,"uVSG","-","-","FF08034939"
"M229","VDB|0048-0060-0-0000|M229-c1542-c3-c6",9399,0.937014576018725,29.0809583286022,13,"uVSG","-","-","FF08034939"
"M706","VDB|002C-0005-0-001A|M706-c2807-c0-c0",33806,0.932142223273975,4.29934628078192,4,"uVSG","-","-","FF08034939"
"M987","VDB|004A-0054-0-000D|M987-c2772-c0-c4",1662,0.903730445246691,2.79494007989348,3,"uVSG","-","-","FF08034939"
"M757","VDB|0021-0071-0-0007|M757-c3443-c0-c3",16188,0.872498146775389,3.88197394505806,3,"uVSG","-","-","FF08034939"
"M892","VDB|0001-0085-0-0004|M892-c3062-c0-c10",11651,0.867135868165823,52.4732257745224,64,"uVSG","-","-","FF08034939"
"M651","VDB|0026-004C-0-0000|M651-c3112-c0-c1",7184,0.856765033407572,7.29536961819659,7,"uVSG","-","-","FF08034939"
"M581","VDB|0001-00F8-0-0001|M581-c3621-c0-c1",2820,0.818439716312057,8.23050259965338,7,"uVSG","-","-","FF08034939"
"M1005","VDB|0012-001E-0-000B|M1005-c3596-c0-c2",14412,0.811407160699417,2.72772361894989,2,"uVSG","-","-","FF08034939"
"M1064","VDB|0038-001A-0-0001|M1064-c1042-c2-c7",62558,0.777550433197992,2.88715513342379,2,"uVSG","-","-","FF08034939"
"M697","VDB|0015-000A-0-0000|M697-c3861-c6-c15",4399,1,572.112525573994,597,"uVSG","-","-","FF08034964"
"M282","VDB|0047-0032-0-0001|M282-c2206-c1-c14",3524,1,126.768444948922,124,"uVSG","-","-","FF08034964"
"M441","VDB|0021-0026-0-000E|M441-c2353-c7-c3",2850,1,672.078596491228,685,"uVSG","-","-","FF08034964"
"M535","VDB|0021-007D-0-000E|M535-c2370-c1-c2",3158,0.996200126662445,9.58963763509218,9,"uVSG","-","-","FF08034964"
"M808","VDB|0010-0092-0-0000|M808-c3098-c0-c1",18422,0.970090109651504,28.694365172626,29,"uVSG","-","-","FF08034964"
"M855","VDB|004A-0036-0-0000|M855-c3787-c0-c2",5551,0.963069717168078,9.00598578376356,9,"uVSG","-","-","FF08034964"
"M801","VDB|0021-00B0-0-0029|M801-c97-c0-c25",1914,0.948798328108673,4.625,4,"uVSG","-","-","FF08034964"
"M706","VDB|002C-0005-0-001A|M706-c2807-c0-c0",33806,0.940631840501686,5.31585898927639,5,"uVSG","-","-","FF08034964"
"M832","VDB|0010-01A7-0-0002|M832-c3151-c0-c5",17994,0.934422585306213,6.4455215891519,4,"uVSG","-","-","FF08034964"
"M646","VDB|0040-0048-0-0001|M646-c2666-c0-c4",8423,0.926035854208714,9.03987179487179,9,"uVSG","-","-","FF08034964"
"M947","VDB|002B-0009-0-0005|M947-c3449-c0-c2",9707,0.925414649222211,8.83368585105199,8,"uVSG","-","-","FF08034964"
"M1064","VDB|0008-002B-0-0000|M1064-c1042-c1-c2",82445,0.915349627024077,4.05154639175258,4,"uVSG","-","-","FF08034964"
"M1333","VDB|002F-000B-0-0001|M1333-c957-c0-c41",1785,0.91484593837535,3.82608695652174,3,"uVSG","-","-","FF08034964"
"M900","VDB|003A-000E-0-0007|M900-c2799-c0-c7",3288,0.910583941605839,3.91082164328657,4,"uVSG","-","-","FF08034964"
"M1012","VDB|000C-0068-0-0000|M1012-c3624-c0-c3",4658,0.905538857878918,4.13798008534851,4,"uVSG","-","-","FF08034964"
"M684","VDB|004C-003A-0-0006|M684-c1985-c0-c3",51590,0.885908121729017,8.15887012077718,7,"uVSG","-","-","FF08034964"
"M624","VDB|001D-0084-0-0000|M624-c2595-c0-c0",5490,0.885428051001822,9.86854556675581,10,"uVSG","-","-","FF08034964"
"M892","VDB|001D-008F-0-0001|M892-c3062-c0-c21",8495,0.872395526780459,32.1947105653758,5,"uVSG","-","-","FF08034964"
"M1138","VDB|000D-0023-0-0002|M1138-c3917-c0-c0",16396,0.859111978531349,3.21297742439301,3,"uVSG","-","-","FF08034964"
"M727","VDB|004C-0085-0-0003|M727-c2871-c0-c38",6383,0.851010496631678,3.6800441826215,3,"uVSG","-","-","FF08034964"
"M822","VDB|002F-0145-0-0002|M822-c965-c0-c28",10859,0.803480983515978,2.77214899713467,2,"uVSG","-","-","FF08034964"
"M902","VDB|004C-0052-0-0002|M902-c3340-c0-c2",13405,0.777247295785155,9.12352433054996,9,"uVSG","-","-","FF08034964"
"M122","VDB|000C-0028-0-0004|M122-c1540-c0-c13",1680,0.758333333333333,2.81004709576138,2,"uVSG","-","-","FF08034964"
"M347","VDB|004C-00AA-0-0004|M347-c1113-c0-c5",10164,0.750295159386068,2.9857067925518,2,"uVSG","-","-","FF08034964"
"M697","VDB|0010-00F3-0-0001|M697-c3861-c6-c0",10022,1,812.549990021952,803.5,"uVSG","-","-","FF08034968"
"M441","VDB|0021-00B5-0-0016|M441-c2494-c4-c0",1733,1,1772.39238315061,1883,"uVSG","-","-","FF08034968"
"M940","VDB|0001-0094-0-0008|M940-c483-c2-c0",4712,1,56.1107809847199,57,"uVSG","-","-","FF08034968"
"M311","VDB|001D-007B-0-0007|M311-c1716-c0-c15",4185,0.998088410991637,20.8829303327747,20,"kVSG","NC_029014_Parabacteroides_phage_YZ2015b","NC_0290141_Parabacteroides_phage_YZ2015b","FF08034968"
"M1019","VDB|0016-0055-0-0002|M1019-c3638-c0-c6",2330,0.99656652360515,52.9177433247201,59,"uVSG","-","-","FF08034968"
"M892","VDB|0016-0020-0-0000|M892-c3062-c0-c2",16136,0.994732275656916,38.9505326770918,38,"uVSG","-","-","FF08034968"
"M223","VDB|004A-0086-0-0000|M223-c809-c0-c20",1988,0.992957746478873,59.8693009118541,64,"uVSG","-","-","FF08034968"
"M637","VDB|0021-0087-0-0028|M637-c2638-c0-c0",2680,0.983208955223881,6.29563567362429,6,"uVSG","-","-","FF08034968"
"M538","VDB|004A-0053-0-0005|M538-c2377-c0-c16",1572,0.965648854961832,67.2114624505929,68,"uVSG","-","-","FF08034968"
"M282","VDB|0045-002A-0-0003|M282-c3522-c0-c7",7176,0.962653288740245,25.6023451071222,26,"uVSG","-","-","FF08034968"
"M822","VDB|001E-0042-0-0004|M822-c965-c0-c15",12064,0.956067639257294,4.36483440263569,4,"uVSG","-","-","FF08034968"
"M900","VDB|0048-005E-0-0003|M900-c3337-c0-c0",23411,0.948656614412029,6.20482687198883,6,"uVSG","-","-","FF08034968"
"M703","VDB|001D-010C-0-0002|M703-c3601-c1-c6",3304,0.940072639225182,56.9027688345138,60,"uVSG","-","-","FF08034968"
"M459","VDB|004C-009D-0-0006|M459-c3388-c0-c1",10269,0.932904859285227,6.16555323590814,4,"uVSG","-","-","FF08034968"
"M687","VDB|0010-0071-0-0002|M687-c3207-c0-c1",5185,0.924011571841851,3.10227509914423,3,"uVSG","-","-","FF08034968"
"M727","VDB|0016-0067-0-0001|M727-c2871-c0-c4",21026,0.888376296014458,6.45029177150811,5,"uVSG","-","-","FF08034968"
"M626","VDB|004F-00EE-0-0000|M626-c3684-c0-c0",9323,0.810790518073581,3.2411694668607,3,"uVSG","-","-","FF08034968"
"M33","VDB|0037-0118-0-0007|M33-c1067-c0-c1",4593,0.796647071630742,2.62804044820989,2,"uVSG","-","-","FF08034968"
"M367","VDB|004C-00E3-0-0004|M367-c290-c3-c19",5733,0.77045177045177,4.89381933438986,3,"kVSG","NC_009514_Phage_cdtI_DNA","NC_0095141_Phage_cdtI_DNA|NC_0197161_Enterobacteria_phage_mEp460|NC_0197231_Enterobacteria_phage_HK630|NC_0420571_Enterobacteria_phage_DE3|NC_0218571_Shigella_phage_SfII|NC_0113561_Enterobacteria_phage_YYZ2008_complete_prophage_genome|NC_0048131_Enterobacteria_phage_BP4795|NC_0197111_Enterobacteria_phage_HK629|NC_0014161_Enterobacteria_phage_lambda|NC_0113571_Stx2converting_phage_1717_complete_prophage_genome|NC_0227491_Shigella_phage_SfIV|NC_0034441_Enterobacteria_phage_SfV|NC_0027301_Enterobacteria_phage_HK620|NC_0319401_Salmonella_phage_118970_sal3|NC_0273981_Enterobacteria_phage_Sf101|NC_0273391_Enterobacteria_phage_SfI|NC_0084641_Stx2converting_phage_86|NC_0197141_Enterobacteria_phage_HK446|NC_0197681_Enterobacteria_phage_HK106|NC_0289431_Escherichia_phage_pro483|NC_0195011_Enterobacteria_phage_IME10|NC_0290152_Salmonella_phage_SEN4|NC_0197671_Enterobacteria_phage_HK544|NC_0418481_Enterobacteria_phage_P2|NC_0103921_Phage_Gifsy1|NC_0053441_Enterobacteria_phage_Sf6|NC_0197151_Enterobacterial_phage_mEp234|NC_0102371_Enterobacteria_phage_Min27|NC_0016091_Enterobacteria_phage_P4|NC_0290032_Salmonella_phage_SEN1|NC_0197691_Enterobacteria_phage_HK542|NC_0009021_Enterobacteria_phage_VT2Sakai|NC_0197061_Enterobacteria_phage_mEp043_c1|NC_0021671_Enterobacteria_phage_HK97|NC_0254341_Shigella_phage_POCJ13|NC_0419351_Escherichia_phage_PA28|NC_0197101_Enterobacteria_phage_HK140|NC_0197201_Enterobacterial_phage_mEp213|NC_0197081_Enterobacteria_phage_mEp235|NC_0194881_Salmonella_phage_RE2010|NC_0104631_Enterobacteria_phage_Fels2","FF08034968"
"M1117","VDB|004F-00F5-0-0001|M1117-c3877-c1-c1",2816,0.757457386363636,5.46319737458978,5,"uVSG","-","-","FF08034968"
"M1110","VDB|0001-0017-0-0000|M1110-c3864-c0-c9",3235,0.757341576506955,3.21755102040816,3,"uVSG","-","-","FF08034968"
"M302","VDB|003A-0040-0-0001|M302-c2488-c0-c3",25053,0.753482616852273,11.649997351274,4,"uVSG","-","-","FF08034968"
"M697","VDB|0010-00F3-0-0001|M697-c3861-c6-c0",10022,1,406.47655158651,351,"uVSG","-","-","FF08034969"
"M441","VDB|0048-0014-0-0001|M441-c2353-c0-c2",8442,1,274.961857379768,47,"uVSG","-","-","FF08034969"
"M892","VDB|000E-000C-0-0002|M892-c3062-c0-c0",19587,0.999846837187931,25.1186172385621,24,"uVSG","-","-","FF08034969"
"M808","VDB|0010-0092-0-0000|M808-c3098-c0-c1",18422,0.997774400173705,9.03781078287362,8,"uVSG","-","-","FF08034969"
"M1064","VDB|0051-001D-0-0004|M1064-c1042-c1-c26",8600,0.996511627906977,6.72380396732789,7,"uVSG","-","-","FF08034969"
"M1063","VDB|001E-0012-0-0002|M1063-c3742-c0-c0",18282,0.995897604200853,15.6030647553139,15,"uVSG","-","-","FF08034969"
"M1138","VDB|000D-0023-0-0002|M1138-c3917-c0-c0",16396,0.989326665040254,7.08939029652919,7,"uVSG","-","-","FF08034969"
"M212","VDB|0015-000B-0-000D|M212-c1504-c0-c25",1759,0.969300739056282,5.82228739002933,6,"uVSG","-","-","FF08034969"
"M706","VDB|002C-0005-0-001A|M706-c2807-c0-c0",33806,0.961012837957759,5.68736148731839,5,"uVSG","-","-","FF08034969"
"M990","VDB|001D-0116-0-000A|M990-c2783-c0-c2",6718,0.949240845489729,4.67853222518426,4,"uVSG","-","-","FF08034969"
"M1135","VDB|0021-0082-0-0025|M1135-c3913-c0-c13",1515,0.930693069306931,4.38014184397163,4,"uVSG","-","-","FF08034969"
"M832","VDB|0010-01A7-0-0002|M832-c3151-c0-c5",17994,0.9270312326331,7.89155326419279,7,"uVSG","-","-","FF08034969"
"M798","VDB|001E-0069-0-0006|M798-c3071-c0-c0",31306,0.912317127707149,4.24726024999125,4,"uVSG","-","-","FF08034969"
"M1111","VDB|0009-0054-0-0004|M1111-c3891-c1-c4",1525,0.902950819672131,4.72694262890341,5,"uVSG","-","-","FF08034969"
"M962","VDB|002F-00C8-0-0002|M962-c3487-c0-c0",21427,0.897045783357446,5.3840070755944,5,"uVSG","-","-","FF08034969"
"M347","VDB|003A-000C-0-0004|M347-c1113-c0-c4",47288,0.897035188631365,3.77408708361819,3,"uVSG","-","-","FF08034969"
"M867","VDB|004F-003D-0-0003|M867-c2128-c1-c18",3206,0.895820336868372,14.8269498607242,16,"uVSG","-","-","FF08034969"
"M282","VDB|0051-0083-0-000C|M282-c3522-c0-c6",7246,0.848330113165885,43.8021799251667,34,"uVSG","-","-","FF08034969"
"M343","VDB|0020-0022-0-0001|M343-c2403-c0-c1",24641,0.790714662554279,5.06990351057278,3,"uVSG","-","-","FF08034969"
"M902","VDB|004C-0052-0-0002|M902-c3340-c0-c2",13405,0.786049981350242,28.9150612128689,29,"uVSG","-","-","FF08034969"
"M646","VDB|004F-007D-0-0003|M646-c3815-c0-c3",12773,0.783606043999061,3.57038665201319,3,"uVSG","-","-","FF08034969"
"M1147","VDB|0015-0036-0-0001|M1147-c3381-c1-c16",10629,0.769592623953335,10.5189486552567,3,"uVSG","-","-","FF08034969"
"M1110","VDB|0008-0013-0-0002|M1110-c3831-c0-c8",11199,0.7569425841593,6.63595611655067,6,"uVSG","-","-","FF08034969"
"M697","VDB|0010-00F3-0-0001|M697-c3861-c6-c0",10022,1,1599.61265216524,1624,"uVSG","-","-","FF08034971"
"M441","VDB|001D-0026-0-0002|M441-c2353-c7-c0",5628,1,2176.49129353234,1985.5,"uVSG","-","-","FF08034971"
"M808","VDB|0010-0092-0-0000|M808-c3098-c0-c1",18422,1,56.7461730539572,57,"uVSG","-","-","FF08034971"
"M967","VDB|0021-006B-0-0002|M967-c3496-c0-c0",5571,0.996409980254891,748.344622590524,768,"uVSG","-","-","FF08034971"
"M1068","VDB|004C-0088-0-0006|M1068-c3753-c0-c0",6731,0.982617738820383,7.3459328696704,7,"uVSG","-","-","FF08034971"
"M892","VDB|003A-0018-0-0002|M892-c879-c3-c1",20017,0.973772293550482,54.7763697927355,26,"uVSG","-","-","FF08034971"
"M848","VDB|0028-004D-0-0032|M848-c3188-c0-c1",2016,0.963293650793651,3.62718846549949,3,"uVSG","-","-","FF08034971"
"M687","VDB|0021-008C-0-0016|M687-c3241-c0-c0",1969,0.940071102082275,4.70772555375473,4,"uVSG","-","-","FF08034971"
"M282","VDB|000C-0079-0-0004|M282-c1770-c3-c59",1943,0.864642305712815,200.582142857143,215,"uVSG","-","-","FF08034971"
"M1098","VDB|0037-0010-0-0003|M1098-c2579-c0-c5",2849,0.843453843453843,3.80815647107782,4,"uVSG","-","-","FF08034971"
"M863","VDB|0021-00AC-0-000D|M863-c3219-c0-c0",1985,1,353.257430730479,382,"uVSG","-","-","FF08034996"
"M808","VDB|0010-0092-0-0000|M808-c3098-c0-c1",18422,1,21.6952556725654,22,"uVSG","-","-","FF08034996"
"M697","VDB|0040-00CF-0-0002|M697-c3861-c6-c9",6630,1,552.24826546003,485,"uVSG","-","-","FF08034996"
"M441","VDB|0021-0026-0-000E|M441-c2353-c7-c3",2850,1,743.284210526316,768,"uVSG","-","-","FF08034996"
"M892","VDB|000E-000C-0-0002|M892-c3062-c0-c0",19587,0.999897891458621,44.5777380648455,43,"uVSG","-","-","FF08034996"
"M1064","VDB|001F-001C-0-0004|M1064-c1042-c2-c109",7100,0.995211267605634,6.66204358901783,6,"uVSG","-","-","FF08034996"
"M564","VDB|0030-0025-0-0006|M564-c2431-c0-c8",2194,0.985414767547858,10.0268270120259,10,"uVSG","-","-","FF08034996"
"M197","VDB|0001-0029-0-0001|M197-c1478-c0-c39",5819,0.983330469152775,16.6546662006292,17,"uVSG","-","-","FF08034996"
"M936","VDB|0040-00DB-0-0001|M936-c3729-c0-c0",17858,0.976537126217942,4.66844429153048,4,"uVSG","-","-","FF08034996"
"M497","VDB|0030-001C-0-0006|M497-c3430-c0-c1",8002,0.956385903524119,4.61322357245525,4,"uVSG","-","-","FF08034996"
"M302","VDB|004C-0054-0-0000|M302-c2164-c0-c0",39450,0.940354879594423,4.13114268000108,4,"uVSG","-","-","FF08034996"
"M798","VDB|001E-0069-0-0006|M798-c3071-c0-c0",31306,0.924423433207692,4.42508638562543,4,"uVSG","-","-","FF08034996"
"M914","VDB|0040-010D-0-0001|M914-c1802-c0-c6",5142,0.891287436795021,26.3015492035784,27,"uVSG","-","-","FF08034996"
"M850","VDB|0010-0083-0-0001|M850-c1541-c0-c7",17104,0.850268942937325,3.12727772811662,3,"uVSG","-","-","FF08034996"
"M902","VDB|004C-0052-0-0002|M902-c3340-c0-c2",13405,0.828198433420366,6.93739866690686,6,"uVSG","-","-","FF08034996"
"M282","VDB|0051-0083-0-000C|M282-c3522-c0-c6",7246,0.820314656362131,37.4769515477793,35,"uVSG","-","-","FF08034996"
"M987","VDB|004C-0014-0-0002|M987-c2948-c0-c1",15798,0.802000253196607,2.83780584056827,3,"uVSG","-","-","FF08034996"
"M646","VDB|0028-0071-0-000A|M646-c2666-c0-c9",2980,0.76241610738255,2.5,2,"uVSG","-","-","FF08034996"
"M459","VDB|004C-009D-0-0006|M459-c3388-c0-c1",10269,0.758593826078489,10.1741976893453,2,"uVSG","-","-","FF08034996"
"M706","VDB|0001-00A1-0-0001|M706-c2807-c0-c4",24531,0.755126166890873,4.14824012092421,3,"uVSG","-","-","FF08034996"
"M302","VDB|0010-008F-0-0000|M302-c2613-c0-c5",11563,1,21.5399117875984,15,"uVSG","-","-","FF08035006"
"M441","VDB|0021-00B5-0-0016|M441-c2494-c4-c0",1733,1,2172.78822850548,2328,"uVSG","-","-","FF08035006"
"M808","VDB|0010-0092-0-0000|M808-c3098-c0-c1",18422,0.99978286830963,11.4394071017483,11,"uVSG","-","-","FF08035006"
"M212","VDB|0015-000B-0-000D|M212-c1504-c0-c25",1759,0.999431495167709,5.93458475540387,5,"uVSG","-","-","FF08035006"
"M915","VDB|000E-0001-0-0000|M915-c3377-c1-c1",2816,0.997869318181818,5.57829181494662,5,"uVSG","-","-","FF08035006"
"M914","VDB|0040-010D-0-0001|M914-c1802-c0-c6",5142,0.985219758848697,13.8628108961705,14,"uVSG","-","-","FF08035006"
"M900","VDB|003A-000E-0-0007|M900-c2799-c0-c7",3288,0.984793187347932,5.30450895614577,5,"uVSG","-","-","FF08035006"
"M962","VDB|004F-0203-0-0000|M962-c3212-c0-c0",6155,0.971730300568643,4.9113860558435,5,"uVSG","-","-","FF08035006"
"M353","VDB|0028-0048-0-0040|M353-c2341-c0-c3",3213,0.971677559912854,3.98302370275464,4,"uVSG","-","-","FF08035006"
"M343","VDB|0024-005D-0-0001|M343-c3276-c0-c1",5666,0.971231909636428,5.58459022351445,5,"uVSG","-","-","FF08035006"
"M706","VDB|002C-0005-0-001A|M706-c2807-c0-c0",33806,0.955067147843578,7.38046272493573,7,"uVSG","-","-","FF08035006"
"M1143","VDB|0020-0018-0-0000|M1143-c3930-c0-c0",8366,0.948721013626584,4.63197681743732,4,"uVSG","-","-","FF08035006"
"M1117","VDB|0020-001A-0-0006|M1117-c3877-c1-c0",7264,0.945071585903084,5.21136198106336,4,"uVSG","-","-","FF08035006"
"M779","VDB|004A-0027-0-0006|M779-c3013-c0-c0",35369,0.937063530210071,4.21485683251365,4,"uVSG","-","-","FF08035006"
"M1138","VDB|000D-0023-0-0002|M1138-c3917-c0-c0",16396,0.934252256647963,3.78678678678679,3,"uVSG","-","-","FF08035006"
"M892","VDB|004C-0072-0-0004|M892-c2676-c0-c3",7912,0.932254802831143,45.2292570498915,22,"uVSG","-","-","FF08035006"
"M229","VDB|000D-003E-0-0004|M229-c1542-c3-c17",6090,0.925779967159277,47.0668676835757,28,"uVSG","-","-","FF08035006"
"M997","VDB|002D-0020-0-0002|M997-c3571-c0-c0",7672,0.92218456725756,3.21385159010601,3,"uVSG","-","-","FF08035006"
"M347","VDB|0010-00B4-0-000B|M347-c1113-c0-c9",5823,0.92151811780869,2.45993291092061,2,"uVSG","-","-","FF08035006"
"M617","VDB|003A-0016-0-0003|M617-c1503-c0-c41",5955,0.916204869857263,6.67613636363636,6,"uVSG","-","-","FF08035006"
"M106","VDB|0038-0037-0-0006|M106-c1270-c3-c5",1992,0.90863453815261,3.04475138121547,3,"uVSG","-","-","FF08035006"
"M990","VDB|0028-0048-0-0002|M990-c2783-c0-c0",2486,0.893000804505229,3.21576576576577,2,"uVSG","-","-","FF08035006"
"M1283","VDB|004A-0013-0-0006|M1283-c975-c0-c113",3481,0.890261419132433,8.75734107776702,9,"uVSG","-","-","FF08035006"
"M832","VDB|0046-0177-0-0000|M832-c3151-c0-c1",21735,0.867264780308259,3.85474801061008,3,"uVSG","-","-","FF08035006"
"M1045","VDB|004F-0203-0-0001|M1045-c3695-c0-c0",5053,0.852958638432614,3.8614849187935,4,"uVSG","-","-","FF08035006"
"M922","VDB|0028-0042-0-0010|M922-c3394-c0-c1",9434,0.819482722069112,12.3112145906092,5,"uVSG","-","-","FF08035006"
"M1064","VDB|0051-0019-0-0000|M1064-c1042-c2-c4",68051,0.803353367327446,3.7194205125391,3,"uVSG","-","-","FF08035006"
"M898","VDB|0021-0029-0-0005|M898-c3330-c2-c0",1889,0.776601376389624,2.58895705521472,2,"uVSG","-","-","FF08035006"
"M766","VDB|0021-0091-0-0012|M766-c2984-c2-c1",2214,0.757000903342367,1.9964200477327,2,"uVSG","-","-","FF08035006"
"M697","VDB|0030-0055-0-0000|M697-c3861-c6-c10",5920,0.752364864864865,1010.23147732375,1034,"uVSG","-","-","FF08035006"
"M520","VDB|0012-0046-0-0008|M520-c2249-c0-c1",7271,1,26.5380277815981,26,"uVSG","-","-","FF08035019"
"M776","VDB|0026-0000-0-0002|M776-c3036-c1-c2",1555,1,88.5929260450161,94,"uVSG","-","-","FF08035019"
"M1098","VDB|0037-0010-0-0003|M1098-c2579-c0-c5",2849,1,40.3657423657424,41,"uVSG","-","-","FF08035019"
"M646","VDB|004D-0037-0-000E|M646-c71-c0-c22",10105,1,22.4275111331024,22,"uVSG","-","-","FF08035019"
"M779","VDB|0047-008C-0-0004|M779-c3013-c0-c2",10863,0.999539721992083,8.36010314975134,8,"uVSG","-","-","FF08035019"
"M939","VDB|0037-00E7-0-0000|M939-c3437-c0-c0",24880,0.996744372990354,6.60200008064841,6,"uVSG","-","-","FF08035019"
"M453","VDB|0031-001B-0-0005|M453-c1678-c1-c3",2711,0.991147178163039,8.31819873464831,8,"uVSG","-","-","FF08035019"
"M459","VDB|004C-009D-0-0006|M459-c3388-c0-c1",10269,0.989969812055702,6.93724178634665,5,"uVSG","-","-","FF08035019"
"M282","VDB|0045-002A-0-0003|M282-c3522-c0-c7",7176,0.98494983277592,160.837294850028,170,"uVSG","-","-","FF08035019"
"M1117","VDB|004F-00F5-0-0001|M1117-c3877-c1-c1",2816,0.984730113636364,12.1965380454382,10,"uVSG","-","-","FF08035019"
"M921","VDB|002F-014D-0-0001|M921-c3390-c0-c0",15007,0.979809422269608,44.2497959738847,45,"uVSG","-","-","FF08035019"
"M586","VDB|0021-008C-0-0010|M586-c2485-c0-c0",2922,0.971937029431896,4.53943661971831,5,"uVSG","-","-","FF08035019"
"M958","VDB|0021-0037-0-0001|M958-c2980-c0-c0",23751,0.97073807418635,25.9140353920888,25,"uVSG","-","-","FF08035019"
"M476","VDB|0001-009A-0-0002|M476-c2159-c0-c0",8671,0.967131818706032,4.59360839494395,4,"uVSG","-","-","FF08035019"
"M343","VDB|000C-0091-0-0003|M343-c2403-c0-c3",19486,0.967104587909268,38.6973733085699,39,"uVSG","-","-","FF08035019"
"M1143","VDB|0020-0018-0-0000|M1143-c3930-c0-c0",8366,0.963064786038728,10.9496090356212,10,"uVSG","-","-","FF08035019"
"M1063","VDB|001E-0012-0-0002|M1063-c3742-c0-c0",18282,0.950716551799584,8.26753351360681,8,"uVSG","-","-","FF08035019"
"M212","VDB|0037-00BA-0-0001|M212-c1504-c0-c7",46601,0.943327396407802,29.3055959963603,29,"uVSG","-","-","FF08035019"
"M330","VDB|004F-0041-0-0005|M330-c3108-c0-c11",3784,0.918340380549683,48.151654676259,52,"uVSG","-","-","FF08035019"
"M563","VDB|0021-008C-0-000F|M563-c2427-c0-c0",3035,0.917627677100494,3.63339317773788,4,"uVSG","-","-","FF08035019"
"M806","VDB|0046-014B-0-0000|M806-c3084-c0-c1",2657,0.902145276627776,5.1351689612015,5,"uVSG","-","-","FF08035019"
"M1283","VDB|0030-009E-0-000D|M1283-c975-c0-c109",4036,0.899653121902874,25.8799228862572,27,"uVSG","-","-","FF08035019"
"M1333","VDB|001E-009B-0-0003|M1333-c3600-c1-c53",1553,0.890534449452672,267.067968185105,293,"uVSG","-","-","FF08035019"
"M892","VDB|0001-0085-0-0004|M892-c3062-c0-c10",11651,0.877349583726719,142.191156329485,102,"uVSG","-","-","FF08035019"
"M672","VDB|003C-004C-0-001A|M672-c2720-c1-c0",2563,0.84549356223176,11.3414859252423,11,"uVSG","-","-","FF08035019"
"M365","VDB|0046-0066-0-0000|M365-c1875-c1-c3",16534,0.844502237812991,14.989328940772,13,"uVSG","-","-","FF08035019"
"M1286","VDB|004F-011B-0-0009|M1286-c832-c0-c5",1561,0.836002562459962,5.93103448275862,4,"kVSG","NC_002670_Lactococcus_prophage_bIL311","NC_0026701_Lactococcus_prophage_bIL311","FF08035019"
"M687","VDB|0010-0071-0-0002|M687-c3207-c0-c1",5185,0.815043394406943,2.03123521060104,2,"uVSG","-","-","FF08035019"
"M229","VDB|0024-0039-0-0008|M229-c3543-c3-c0",8292,0.808851905451037,219.812285671686,229,"uVSG","-","-","FF08035019"
"M1056","VDB|0028-0052-0-0009|M1056-c3720-c2-c0",1625,0.804923076923077,9.06269113149847,9,"uVSG","-","-","FF08035019"
"M720","VDB|0021-0069-0-0001|M720-c2846-c0-c5",2245,0.804899777282851,2.3895960154953,2,"uVSG","-","-","FF08035019"
"M987","VDB|0040-015A-0-0000|M987-c2772-c0-c2",1874,0.804695837780149,3.58090185676393,3,"uVSG","-","-","FF08035019"
"M897","VDB|001D-0054-0-0001|M897-c3327-c0-c0",19422,0.798424467099166,9.84381247178693,10,"uVSG","-","-","FF08035019"
"M974","VDB|0001-0117-0-0000|M974-c3512-c0-c4",1769,0.791972866026003,6.06852248394004,6,"uVSG","-","-","FF08035019"
"M1307","VDB|0010-004A-0-0002|M1307-c3663-c0-c0",18041,0.787650351976055,2.68951442646024,2,"uVSG","-","-","FF08035019"
"M347","VDB|0031-000F-0-0000|M347-c1113-c0-c23",2000,0.7795,2.52148813341886,2,"uVSG","-","-","FF08035019"
"M383","VDB|0012-004B-0-0008|M383-c1466-c0-c0",17027,0.766958360251365,5.88758710467877,6,"uVSG","-","-","FF08035019"
"M697","VDB|0010-00F3-0-0001|M697-c3861-c6-c0",10022,1,963.306425863101,866,"uVSG","-","-","FF08037435"
"M808","VDB|0010-0092-0-0000|M808-c3098-c0-c1",18422,1,16.6977526870047,16,"uVSG","-","-","FF08037435"
"M282","VDB|0016-000A-0-0000|M282-c3840-c1-c36",3611,1,70.3879811686513,73,"uVSG","-","-","FF08037435"
"M867","VDB|001D-00AB-0-0003|M867-c2429-c1-c14",2628,0.999619482496195,86.7795964979064,91,"uVSG","-","-","FF08037435"
"M412","VDB|004F-0194-0-0003|M412-c2480-c2-c9",4124,0.99733268671193,30.7573547289083,24,"uVSG","-","-","FF08037435"
"M797","VDB|002C-0014-0-0030|M797-c3070-c4-c6",2125,0.988705882352941,16.2698714897668,15,"uVSG","-","-","FF08037435"
"M892","VDB|004F-010D-0-0000|M892-c3062-c0-c19",8812,0.974920562868815,38.5659411011524,23,"uVSG","-","-","FF08037435"
"M441","VDB|0040-0129-0-0002|M441-c2353-c0-c13",2208,0.970561594202899,389.666822211853,339,"uVSG","-","-","FF08037435"
"M987","VDB|004F-00C3-0-0002|M987-c2948-c0-c0",25716,0.954736350909939,5.57025904203324,5,"uVSG","-","-","FF08037435"
"M459","VDB|004C-009D-0-0006|M459-c3388-c0-c1",10269,0.951699289122602,16.2259285787373,6,"uVSG","-","-","FF08037435"
"M527","VDB|0048-0051-0-0000|M527-c2323-c0-c0",21538,0.941173739437274,5.25608011444921,4,"uVSG","-","-","FF08037435"
"M706","VDB|002C-0005-0-001A|M706-c2807-c0-c0",33806,0.907679110217121,11.2978328173375,11,"uVSG","-","-","FF08037435"
"M1064","VDB|0051-0042-0-0005|M1064-c1042-c2-c6",62936,0.907286767509851,9.84497644524614,9,"uVSG","-","-","FF08037435"
"M850","VDB|003A-0021-0-0003|M850-c1541-c0-c0",49942,0.90290737255216,23.5939059277493,23,"uVSG","-","-","FF08037435"
"M858","VDB|0021-00B6-0-0025|M858-c3210-c3-c0",1997,0.85778668002003,13.6258026853473,14,"uVSG","-","-","FF08037435"
"M1046","VDB|000D-0031-0-0000|M1046-c3148-c0-c7",2000,0.8575,5.16034985422741,5,"uVSG","-","-","FF08037435"
"M775","VDB|0001-00DB-0-0000|M775-c3006-c0-c3",2376,0.847643097643098,4.76315789473684,4,"uVSG","-","-","FF08037435"
"M822","VDB|0009-0047-0-0006|M822-c2642-c0-c9",1570,0.798089171974522,4.4780526735834,4,"uVSG","-","-","FF08037435"
"M902","VDB|004C-0052-0-0002|M902-c3340-c0-c2",13405,0.789556135770235,53.0815381708239,54,"uVSG","-","-","FF08037435"
"M378","VDB|0048-004C-0-0001|M378-c190-c0-c12",28950,0.784421416234888,4.36210313091726,4,"uVSG","-","-","FF08037435"
"M727","VDB|0051-0046-0-0001|M727-c2871-c0-c40",5203,0.772438977512973,6.71062453346604,5,"uVSG","-","-","FF08037435"
"M914","VDB|0040-010D-0-0001|M914-c1802-c0-c6",5142,0.770128354725788,50.1525252525253,56,"uVSG","-","-","FF08037435"
"M756","VDB|0050-00D3-0-0003|M756-c2952-c0-c2",36886,0.753836143794394,5.89527440120837,4,"uVSG","-","-","FF08037435"
"M697","VDB|0010-00F3-0-0001|M697-c3861-c6-c0",10022,1,856.866393933347,909,"uVSG","-","-","FF08037452"
"M441","VDB|0016-0029-0-0002|M441-c2353-c2-c2",3291,1,445.319963536919,554,"uVSG","-","-","FF08037452"
"M756","VDB|0050-00D3-0-0003|M756-c2952-c0-c2",36886,0.99902401995337,14.6919131614654,12,"uVSG","-","-","FF08037452"
"M64","VDB|0028-005D-0-0007|M64-c1169-c0-c6",1663,0.997594708358388,15.6534056660639,14,"uVSG","-","-","FF08037452"
"M282","VDB|0042-004B-0-0004|M282-c3840-c1-c4",6990,0.989985693848355,74.978901734104,57,"uVSG","-","-","FF08037452"
"M881","VDB|004F-002F-0-0002|M881-c3274-c1-c0",1948,0.988193018480493,25.6098701298701,25,"uVSG","-","-","FF08037452"
"M1319","VDB|002A-0023-0-0000|M1319-c1712-c0-c18",2262,0.988063660477454,37.1494407158837,36,"uVSG","-","-","FF08037452"
"M642","VDB|0040-014F-0-0000|M642-c2655-c0-c3",1688,0.984004739336493,6.96929560505719,7,"uVSG","-","-","FF08037452"
"M808","VDB|0010-0092-0-0000|M808-c3098-c0-c1",18422,0.980620996634459,28.1092720730695,28,"uVSG","-","-","FF08037452"
"M783","VDB|0030-0069-0-0000|M783-c3022-c2-c1",3028,0.976882430647292,20.8820148749155,22,"uVSG","-","-","FF08037452"
"M760","VDB|002F-014D-0-0000|M760-c3374-c0-c8",18810,0.976501860712387,16.3341681184669,16,"uVSG","-","-","FF08037452"
"M801","VDB|0040-0016-0-0002|M801-c2541-c0-c0",13410,0.975689783743475,12.2388413329257,11,"uVSG","-","-","FF08037452"
"M610","VDB|000C-0027-0-0007|M610-c1838-c0-c1",8610,0.960511033681765,7.24401451027811,7,"uVSG","-","-","FF08037452"
"M832","VDB|004C-0062-0-0001|M832-c3151-c0-c0",25602,0.955237872041247,15.3863264638535,15,"uVSG","-","-","FF08037452"
"M302","VDB|002F-0144-0-0000|M302-c1701-c1-c1",51615,0.949142691078175,11.836660542968,10,"uVSG","-","-","FF08037452"
"M305","VDB|004C-0064-0-0002|M305-c2303-c0-c2",1762,0.945516458569807,4.07923169267707,3,"uVSG","-","-","FF08037452"
"M1140","VDB|0051-0097-0-0005|M1140-c1160-c0-c26",4042,0.942850074220683,6.13749672002099,6,"uVSG","-","-","FF08037452"
"M687","VDB|0010-0071-0-0002|M687-c3207-c0-c1",5185,0.937512054001929,3.71590207776178,3,"uVSG","-","-","FF08037452"
"M1076","VDB|004C-0033-0-0004|M1076-c3779-c0-c1",17920,0.925055803571429,4.68094347590034,4,"uVSG","-","-","FF08037452"
"M914","VDB|0040-010D-0-0001|M914-c1802-c0-c6",5142,0.905289770517308,26.3795918367347,31,"uVSG","-","-","FF08037452"
"M311","VDB|0026-0044-0-0000|M311-c1716-c0-c21",2349,0.883780332056194,3.58381502890173,3,"kVSG","NC_029014_Parabacteroides_phage_YZ2015b","NC_0290141_Parabacteroides_phage_YZ2015b","FF08037452"
"M310","VDB|004C-007C-0-0008|M310-c1732-c1-c0",11177,0.874205958665116,4.55388394227817,4,"uVSG","-","-","FF08037452"
"M1064","VDB|0038-001A-0-0001|M1064-c1042-c2-c7",62558,0.864461779468653,5.56282475637493,5,"uVSG","-","-","FF08037452"
"M1031","VDB|0010-005E-0-0001|M1031-c3683-c0-c1",16635,0.857469191463781,2.98590858104319,3,"uVSG","-","-","FF08037452"
"M700","VDB|001E-00C9-0-0003|M700-c2324-c0-c0",15040,0.850864361702128,4.47979995311401,3,"uVSG","-","-","FF08037452"
"M1147","VDB|004E-006A-0-0001|M1147-c2127-c0-c44",1851,0.842787682333874,4.11346153846154,3,"uVSG","-","-","FF08037452"
"M829","VDB|0021-00AF-0-000E|M829-c3144-c0-c0",2052,0.823586744639376,3.74970414201183,3,"uVSG","-","-","FF08037452"
"M619","VDB|0042-0013-0-0005|M619-c2711-c0-c0",31415,0.822727996180169,3.03424127524569,3,"uVSG","-","-","FF08037452"
"M488","VDB|0021-00B9-0-0047|M488-c2192-c0-c1",3523,0.818052795912575,7.43927827897294,7,"uVSG","-","-","FF08037452"
"M521","VDB|004F-012A-0-0002|M521-c2311-c1-c1",13140,0.816133942161339,14.2071055576278,15,"uVSG","-","-","FF08037452"
"M694","VDB|002C-0002-0-0000|M694-c507-c0-c5",57195,0.807692980155608,10.5831457269028,7,"uVSG","-","-","FF08037452"
"M867","VDB|0021-00AB-0-0032|M867-c2305-c0-c6",3275,0.805190839694656,47.8016685627607,54,"uVSG","-","-","FF08037452"
"M203","VDB|0047-007E-0-0000|M203-c1101-c0-c8",2427,0.7684384013185,4.74316353887399,4,"uVSG","-","-","FF08037452"
"M626","VDB|0030-0020-0-0002|M626-c3473-c0-c1",10052,0.765519299641862,3.6595191682911,3,"uVSG","-","-","FF08037452"
"M721","VDB|0048-0018-0-0004|M721-c1938-c0-c0",13242,0.75743845340583,4.69441674975075,4,"uVSG","-","-","FF08037452"
"M808","VDB|0010-0092-0-0000|M808-c3098-c0-c1",18422,1,37.6407013353599,37,"uVSG","-","-","FF08037511"
"M697","VDB|0048-005B-0-0003|M697-c3861-c6-c1",9328,1,1170.15083619211,1195,"uVSG","-","-","FF08037511"
"M616","VDB|001D-0045-0-0000|M616-c2556-c1-c2",5572,1,1179.75825556353,1205,"uVSG","-","-","FF08037511"
"M441","VDB|0021-00B6-0-006B|M441-c2177-c0-c0",3548,1,1591.05890642616,1672,"uVSG","-","-","FF08037511"
"M83","VDB|0021-00B2-0-000D|M83-c1217-c0-c2",7186,1,418.771082660729,430,"uVSG","-","-","FF08037511"
"M399","VDB|0015-0011-0-0001|M399-c1964-c0-c0",4324,0.99745605920444,13.5550660792952,14,"uVSG","-","-","FF08037511"
"M651","VDB|0015-0045-0-0000|M651-c3112-c0-c4",2722,0.994856722997796,24.4331610044313,20,"uVSG","-","-","FF08037511"
"M968","VDB|0010-01A1-0-0008|M968-c3498-c0-c0",7420,0.932210242587601,93.1251987856007,96,"uVSG","-","-","FF08037511"
"M309","VDB|0010-00D7-0-0002|M309-c853-c0-c1",3228,0.881350681536555,6.43866432337434,6,"uVSG","-","-","FF08037511"
"M892","VDB|001E-0033-0-0002|M892-c3062-c0-c11",11172,0.851235230934479,20.2542586750789,19,"uVSG","-","-","FF08037511"
"M1135","VDB|001F-0094-0-0000|M1135-c3913-c0-c19",1503,0.844976713240186,6.3992125984252,6,"uVSG","-","-","FF08037511"
"M750","VDB|004C-00CE-0-0001|M750-c2937-c2-c8",1702,0.807285546415981,3.68922852983988,3,"uVSG","-","-","FF08037511"
"M614","VDB|0013-0030-0-0000|M614-c2553-c1-c1",3528,0.79875283446712,21.7484031227821,21,"uVSG","-","-","FF08037511"
"M349","VDB|0046-018D-0-0000|M349-c1834-c1-c16",1615,0.780804953560371,5.21570182394925,6,"kVSG","NC_029012_Parabacteroides_phage_YZ2015a","NC_0290121_Parabacteroides_phage_YZ2015a","FF08037511"
"M901","VDB|0021-00A0-0-002D|M901-c3339-c0-c4",1882,0.774176408076514,3.54632807137955,3,"uVSG","-","-","FF08037511"
"M837","VDB|0010-01BF-0-0005|M837-c2295-c0-c3",4794,0.773675427617856,22.0221083850094,22,"uVSG","-","-","FF08037511"
"M179","VDB|004C-0094-0-0001|M179-c1380-c0-c0",29402,0.771240051697163,6.41307990827306,6,"uVSG","-","-","FF08037511"
"M1004","VDB|0030-0099-0-0003|M1004-c1294-c0-c5",4786,0.767655662348516,5.03592814371257,5,"uVSG","-","-","FF08037511"
"M302","VDB|004F-01AD-0-0003|M302-c2164-c0-c11",2899,1,18.0610555363919,17,"uVSG","-","-","FF08037524"
"M697","VDB|0010-00F3-0-0001|M697-c3861-c6-c0",10022,1,167.634603871483,170,"uVSG","-","-","FF08037524"
"M655","VDB|0021-0083-0-0000|M655-c2686-c0-c0",2610,1,148.929501915709,145,"uVSG","-","-","FF08037524"
"M441","VDB|0035-0056-0-0001|M441-c2353-c0-c12",2292,1,223.589877835951,239,"uVSG","-","-","FF08037524"
"M650","VDB|003C-0017-0-000A|M650-c2672-c0-c0",2629,0.99961962723469,49.7347792998478,50,"uVSG","-","-","FF08037524"
"M715","VDB|0009-0067-0-0005|M715-c1214-c1-c1",4527,0.997791031588248,12.0555678547709,11,"uVSG","-","-","FF08037524"
"M1020","VDB|0037-001F-0-0000|M1020-c3639-c0-c3",2955,0.98409475465313,31.3528198074278,32,"uVSG","-","-","FF08037524"
"M706","VDB|002C-0005-0-001A|M706-c2807-c0-c0",33806,0.974649470508194,17.7024188897994,17,"uVSG","-","-","FF08037524"
"M1064","VDB|001E-002F-0-0000|M1064-c1042-c2-c1",83939,0.96073338972349,8.4198008506628,8,"uVSG","-","-","FF08037524"
"M45","VDB|002F-0072-0-0000|M45-c1107-c1-c0",23831,0.955729931601695,20.4117492096944,19,"uVSG","-","-","FF08037524"
"M751","VDB|0030-0086-0-0005|M751-c2944-c2-c0",2259,0.944665781319168,4.89315838800375,4,"uVSG","-","-","FF08037524"
"M105","VDB|004F-0237-0-0003|M105-c1269-c0-c2",11185,0.942065265981225,13.3475372496916,13,"uVSG","-","-","FF08037524"
"M914","VDB|0040-010D-0-0001|M914-c1802-c0-c6",5142,0.940101127965772,15.6774927596194,11,"uVSG","-","-","FF08037524"
"M995","VDB|001E-00BF-0-0000|M995-c3569-c0-c1",19465,0.937374775237606,19.688698892908,5,"uVSG","-","-","FF08037524"
"M908","VDB|0017-000D-0-0009|M908-c3097-c0-c11",3137,0.921581128466688,23.3009339328952,23,"uVSG","-","-","FF08037524"
"M59","VDB|0003-0061-0-0000|M59-c1179-c0-c11",2580,0.917441860465116,49.972539079003,52,"kVSG","NC_018843_Salmonella_phage_SSU5","NC_0188431_Salmonella_phage_SSU5","FF08037524"
"M625","VDB|0030-002E-0-0002|M625-c2599-c2-c3",6647,0.903866405897397,15.758655126498,16,"uVSG","-","-","FF08037524"
"M808","VDB|0010-0092-0-0000|M808-c3098-c0-c1",18422,0.89409401802193,4.2929391050938,4,"uVSG","-","-","FF08037524"
"M459","VDB|004C-009D-0-0006|M459-c3388-c0-c1",10269,0.868536371603856,23.104608139926,4,"uVSG","-","-","FF08037524"
"M892","VDB|0001-0085-0-0004|M892-c3062-c0-c10",11651,0.843103596257832,58.5286572330245,72,"uVSG","-","-","FF08037524"
"M867","VDB|0045-0020-0-0000|M867-c1847-c3-c36",2122,0.830819981149859,19.1361315938741,20,"uVSG","-","-","FF08037524"
"M911","VDB|001D-0016-0-0000|M911-c3361-c1-c0",6393,0.829344595651494,21.9635986420219,21,"uVSG","-","-","FF08037524"
"M1283","VDB|0028-0079-0-0005|M1283-c2850-c1-c0",8513,0.826970515681898,3.56434659090909,3,"uVSG","-","-","FF08037524"
"M282","VDB|0051-0083-0-000C|M282-c3522-c0-c6",7246,0.823488821418714,89.1464722641193,65,"uVSG","-","-","FF08037524"
"M902","VDB|004A-0075-0-0000|M902-c3340-c0-c1",23966,0.822707168488692,6.94806512146878,7,"uVSG","-","-","FF08037524"
"M343","VDB|004C-006D-0-0003|M343-c1818-c0-c2",53567,0.819515746635055,5.63700767671245,5,"uVSG","-","-","FF08037524"
"M367","VDB|0037-0022-0-0004|M367-c590-c0-c5",14014,0.805908377336949,31.216752257836,40,"kVSG","NC_009514_Phage_cdtI_DNA","NC_0095141_Phage_cdtI_DNA|NC_0197161_Enterobacteria_phage_mEp460|NC_0197231_Enterobacteria_phage_HK630|NC_0420571_Enterobacteria_phage_DE3|NC_0218571_Shigella_phage_SfII|NC_0113561_Enterobacteria_phage_YYZ2008_complete_prophage_genome|NC_0048131_Enterobacteria_phage_BP4795|NC_0197111_Enterobacteria_phage_HK629|NC_0014161_Enterobacteria_phage_lambda|NC_0113571_Stx2converting_phage_1717_complete_prophage_genome|NC_0227491_Shigella_phage_SfIV|NC_0034441_Enterobacteria_phage_SfV|NC_0027301_Enterobacteria_phage_HK620|NC_0319401_Salmonella_phage_118970_sal3|NC_0273981_Enterobacteria_phage_Sf101|NC_0273391_Enterobacteria_phage_SfI|NC_0084641_Stx2converting_phage_86|NC_0197141_Enterobacteria_phage_HK446|NC_0197681_Enterobacteria_phage_HK106|NC_0289431_Escherichia_phage_pro483|NC_0195011_Enterobacteria_phage_IME10|NC_0290152_Salmonella_phage_SEN4|NC_0197671_Enterobacteria_phage_HK544|NC_0418481_Enterobacteria_phage_P2|NC_0103921_Phage_Gifsy1|NC_0053441_Enterobacteria_phage_Sf6|NC_0197151_Enterobacterial_phage_mEp234|NC_0102371_Enterobacteria_phage_Min27|NC_0016091_Enterobacteria_phage_P4|NC_0290032_Salmonella_phage_SEN1|NC_0197691_Enterobacteria_phage_HK542|NC_0009021_Enterobacteria_phage_VT2Sakai|NC_0197061_Enterobacteria_phage_mEp043_c1|NC_0021671_Enterobacteria_phage_HK97|NC_0254341_Shigella_phage_POCJ13|NC_0419351_Escherichia_phage_PA28|NC_0197101_Enterobacteria_phage_HK140|NC_0197201_Enterobacterial_phage_mEp213|NC_0197081_Enterobacteria_phage_mEp235|NC_0194881_Salmonella_phage_RE2010|NC_0104631_Enterobacteria_phage_Fels2","FF08037524"
"M705","VDB|0021-002E-0-0001|M705-c2806-c3-c1",2450,0.803673469387755,13.6663280853225,14,"uVSG","-","-","FF08037524"
"M403","VDB|0046-01F3-0-0000|M403-c1976-c0-c0",10330,0.793126815101646,10.2424020505309,7,"uVSG","-","-","FF08037524"
"M1049","VDB|0027-0018-0-0008|M1049-c3702-c0-c0",15813,0.786504774552583,3.50534694862105,3,"uVSG","-","-","FF08037524"
"M1110","VDB|0027-002D-0-0002|M1110-c3101-c0-c1",20895,0.770710696338837,6.13785394932936,4,"uVSG","-","-","FF08037524"
"M535","VDB|0021-007D-0-000E|M535-c2370-c1-c2",3158,0.75965801139962,2.06419341392247,2,"uVSG","-","-","FF08037524"
"M697","VDB|0010-00F3-0-0001|M697-c3861-c6-c0",10022,1,2103.16144482139,1957.5,"uVSG","-","-","FF08037529"
"M441","VDB|0021-00B6-0-0076|M441-c2494-c2-c2",2912,1,2572.80631868132,2659,"uVSG","-","-","FF08037529"
"M808","VDB|0010-0092-0-0000|M808-c3098-c0-c1",18422,1,42.0813158180436,42,"uVSG","-","-","FF08037529"
"M1098","VDB|0037-0010-0-0003|M1098-c2579-c0-c5",2849,1,69.7844857844858,71,"uVSG","-","-","FF08037529"
"M1075","VDB|0022-0016-0-0003|M1075-c3777-c1-c0",1606,1,30.2789539227895,32,"uVSG","-","-","FF08037529"
"M892","VDB|000E-000C-0-0002|M892-c3062-c0-c0",19587,0.99994894572931,72.915654038599,71,"uVSG","-","-","FF08037529"
"M939","VDB|0037-00E7-0-0000|M939-c3437-c0-c0",24880,0.999799035369775,12.4841407035176,12,"uVSG","-","-","FF08037529"
"M33","VDB|0037-0123-0-0001|M33-c1067-c0-c0",18609,0.997044440861949,6.99331680500162,7,"uVSG","-","-","FF08037529"
"M1010","VDB|0028-0051-0-0000|M1010-c3618-c0-c0",1684,0.997030878859858,6.7159023228112,6,"uVSG","-","-","FF08037529"
"M900","VDB|0008-00B5-0-0001|M900-c2799-c0-c3",14709,0.975797131008226,6.98683202118024,7,"uVSG","-","-","FF08037529"
"M378","VDB|0010-01C1-0-0002|M378-c190-c0-c15",23735,0.969749315357068,5.03327974975018,5,"uVSG","-","-","FF08037529"
"M658","VDB|0028-0021-0-0000|M658-c2694-c0-c1",13338,0.968286099865047,7.05350367789392,7,"uVSG","-","-","FF08037529"
"M765","VDB|003A-0031-0-0000|M765-c2978-c0-c2",3821,0.964145511646166,9.05836047774159,6,"uVSG","-","-","FF08037529"
"M766","VDB|0021-0091-0-0012|M766-c2984-c2-c1",2214,0.962059620596206,7.18544600938967,5,"uVSG","-","-","FF08037529"
"M757","VDB|0021-0071-0-0007|M757-c3443-c0-c3",16188,0.956387447491969,10.0279033716574,4,"uVSG","-","-","FF08037529"
"M832","VDB|0010-01A7-0-0002|M832-c3151-c0-c5",17994,0.950705790819162,10.6127316303268,8,"uVSG","-","-","FF08037529"
"M1064","VDB|0002-002F-0-0000|M1064-c1042-c2-c105",24967,0.935154403813033,6.86362857632345,6,"uVSG","-","-","FF08037529"
"M1056","VDB|0028-0052-0-0009|M1056-c3720-c2-c0",1625,0.929230769230769,20.9304635761589,22,"uVSG","-","-","FF08037529"
"M1005","VDB|0012-001E-0-000B|M1005-c3596-c0-c2",14412,0.922772689425479,4.13910820362433,4,"uVSG","-","-","FF08037529"
"M616","VDB|0008-000A-0-0002|M616-c2556-c1-c0",14007,0.890054972513743,80.570305606802,89,"uVSG","-","-","FF08037529"
"M546","VDB|0001-00A7-0-0003|M546-c2389-c0-c1",8605,0.870656595002905,52.9404698344901,5,"uVSG","-","-","FF08037529"
"M1306","VDB|0030-0028-0-000B|M1306-c875-c1-c1",13064,0.870407225964483,3.616040805558,3,"uVSG","-","-","FF08037529"
"M241","VDB|0021-00B4-0-0001|M241-c156-c1-c4",7494,0.852682145716573,2.72488262910798,2,"uVSG","-","-","FF08037529"
"M637","VDB|0021-0087-0-0028|M637-c2638-c0-c0",2680,0.816791044776119,3.47144814984011,3,"uVSG","-","-","FF08037529"
"M902","VDB|004A-0075-0-0000|M902-c3340-c0-c1",23966,0.815947592422599,40.6282280746612,42,"uVSG","-","-","FF08037529"
"M759","VDB|0050-005D-0-0000|M759-c2960-c2-c6",1993,0.795785248369293,37.7540983606557,48,"uVSG","-","-","FF08037529"
"M343","VDB|004C-0088-0-0005|M343-c1818-c0-c1",56399,0.79492544194046,3.10126469341779,3,"uVSG","-","-","FF08037529"
"M282","VDB|004E-0073-0-000A|M282-c1770-c3-c3",7357,0.751936930814191,263.336767895879,274,"uVSG","-","-","FF08037529"
"M441","VDB|0021-00AC-0-000A|M441-c2353-c0-c4",2118,1,2124.1954674221,2260,"uVSG","-","-","FF08037549"
"M808","VDB|0010-0092-0-0000|M808-c3098-c0-c1",18422,1,108.514004994029,111,"uVSG","-","-","FF08037549"
"M531","VDB|002F-00E7-0-0000|M531-c2357-c1-c2",7051,0.999290880726138,30.0688333806415,10,"uVSG","-","-","FF08037549"
"M347","VDB|0021-0088-0-0008|M347-c2226-c1-c0",3452,0.995654692931634,24.0084375909223,25,"uVSG","-","-","FF08037549"
"M282","VDB|0024-0048-0-0003|M282-c3522-c0-c12",6311,0.992869592774521,126.892435365464,152,"uVSG","-","-","FF08037549"
"M406","VDB|0021-00B6-0-0024|M406-c132-c0-c0",2009,0.969636635141862,10.9188911704312,11,"uVSG","-","-","FF08037549"
"M697","VDB|0012-004C-0-0006|M697-c3861-c6-c3",8968,0.966882247992863,1360.71052935071,1643,"uVSG","-","-","FF08037549"
"M217","VDB|0030-002B-0-0004|M217-c1514-c0-c15",1590,0.959748427672956,5.05307994757536,4,"uVSG","-","-","FF08037549"
"M867","VDB|0021-00AB-0-0032|M867-c2305-c0-c6",3275,0.910839694656489,4.87898089171975,4,"uVSG","-","-","FF08037549"
"M302","VDB|002F-0144-0-0000|M302-c1701-c1-c1",51615,0.908514966579483,8.70756829377519,7,"uVSG","-","-","FF08037549"
"M687","VDB|0002-003D-0-0005|M687-c3241-c0-c0",31605,0.895649422559722,3.76938566432331,3,"uVSG","-","-","FF08037549"
"M760","VDB|0010-0006-0-0003|M760-c3374-c0-c6",18893,0.884613348859366,4.61580805361096,4,"uVSG","-","-","FF08037549"
"M1056","VDB|0028-0052-0-0009|M1056-c3720-c2-c0",1625,0.884307692307692,8.41544885177453,8,"uVSG","-","-","FF08037549"
"M1098","VDB|004C-0029-0-0000|M1098-c2579-c0-c3",3063,0.875285667646099,4.29839612085043,4,"uVSG","-","-","FF08037549"
"M892","VDB|001D-008F-0-0001|M892-c3062-c0-c21",8495,0.85226603884638,26.1845303867403,26,"uVSG","-","-","FF08037549"
"M495","VDB|0021-0023-0-000D|M495-c2231-c1-c2",12884,0.83902514746973,7.05485661424607,7,"uVSG","-","-","FF08037549"
"M727","VDB|0010-01C6-0-0001|M727-c2871-c0-c16",14715,0.829493713897384,3.49156152711781,3,"uVSG","-","-","FF08037549"
"M1110","VDB|0001-0017-0-0000|M1110-c3864-c0-c9",3235,0.827202472952087,10.7660687593423,11,"uVSG","-","-","FF08037549"
"M1005","VDB|0048-0017-0-0002|M1005-c3596-c0-c3",10712,0.812733383121733,2.96129106363428,2,"uVSG","-","-","FF08037549"
"M757","VDB|001E-003B-0-0001|M757-c2958-c0-c6",12578,0.797344569883924,2.52208595074285,2,"uVSG","-","-","FF08037549"
"M179","VDB|004C-0094-0-0001|M179-c1380-c0-c0",29402,0.777226039044963,7.26645370208297,7,"uVSG","-","-","FF08037549"
"M697","VDB|0010-00F3-0-0001|M697-c3861-c6-c0",10022,1,741.739173817601,681,"uVSG","-","-","FF08037557"
"M808","VDB|0010-0092-0-0000|M808-c3098-c0-c1",18422,1,15.0982520898925,15,"uVSG","-","-","FF08037557"
"M527","VDB|0048-0051-0-0000|M527-c2323-c0-c0",21538,0.995867768595041,13.1171150170171,13,"uVSG","-","-","FF08037557"
"M867","VDB|001D-00AB-0-0003|M867-c2429-c1-c14",2628,0.995814307458143,28.0496752006114,28,"uVSG","-","-","FF08037557"
"M1046","VDB|000D-0031-0-0000|M1046-c3148-c0-c7",2000,0.9885,10.0136570561457,10,"uVSG","-","-","FF08037557"
"M987","VDB|0010-001A-0-0001|M987-c3538-c0-c6",6175,0.982995951417004,6.70296540362438,6,"uVSG","-","-","FF08037557"
"M797","VDB|0040-003A-0-0000|M797-c3070-c4-c6",2303,0.979157620495007,4.79113082039911,4,"uVSG","-","-","FF08037557"
"M441","VDB|0040-0129-0-0002|M441-c2353-c0-c13",2208,0.968297101449275,392.797942001871,276.5,"uVSG","-","-","FF08037557"
"M459","VDB|004C-009D-0-0006|M459-c3388-c0-c1",10269,0.961632096601422,17.6166075949367,5,"uVSG","-","-","FF08037557"
"M706","VDB|0001-00A1-0-0001|M706-c2807-c0-c4",24531,0.9353471118177,13.3284811505775,12,"uVSG","-","-","FF08037557"
"M850","VDB|003A-0021-0-0003|M850-c1541-c0-c0",49942,0.908253574146009,21.2630070546737,20,"uVSG","-","-","FF08037557"
"M347","VDB|0026-0001-0-0001|M347-c1826-c0-c5",2756,0.900580551523948,4.63215149073328,4,"uVSG","-","-","FF08037557"
"M756","VDB|0050-00D3-0-0003|M756-c2952-c0-c2",36886,0.857750908203655,9.41973513701444,7,"uVSG","-","-","FF08037557"
"M820","VDB|0040-0102-0-0000|M820-c3132-c0-c4",9692,0.854931902600083,4.58037653874004,4,"uVSG","-","-","FF08037557"
"M858","VDB|0021-00B6-0-0025|M858-c3210-c3-c0",1997,0.85478217325989,4.59578207381371,4,"uVSG","-","-","FF08037557"
"M1064","VDB|000C-006E-0-0000|M1064-c1042-c1-c0",97523,0.836130963977728,13.9109906551225,9,"uVSG","-","-","FF08037557"
"M282","VDB|0051-0083-0-000C|M282-c3522-c0-c6",7246,0.835771460115926,34.8221598414795,30,"uVSG","-","-","FF08037557"
"M378","VDB|0048-004C-0-0001|M378-c190-c0-c12",28950,0.822487046632124,8.42959136533535,8,"uVSG","-","-","FF08037557"
"M1017","VDB|004F-018A-0-0000|M1017-c3634-c0-c1",12440,0.817604501607717,3.21433487366041,3,"uVSG","-","-","FF08037557"
"M657","VDB|0001-008D-0-0000|M657-c2693-c0-c0",6498,0.792859341335796,3.56948757763975,3,"uVSG","-","-","FF08037557"
"M902","VDB|004C-0052-0-0002|M902-c3340-c0-c2",13405,0.783812010443864,7.28875987436947,7,"uVSG","-","-","FF08037557"
"M892","VDB|004C-0072-0-0004|M892-c2676-c0-c3",7912,0.772876643073812,77.3615699100572,85,"uVSG","-","-","FF08037557"
"M848","VDB|0008-00E4-0-0000|M848-c3188-c0-c0",2824,0.768059490084986,5.26786537574919,5,"uVSG","-","-","FF08037557"
"M697","VDB|0010-00F3-0-0001|M697-c3861-c6-c0",10022,1,1411.45180602674,1328,"uVSG","-","-","FF08037585"
"M441","VDB|0021-00B6-0-0076|M441-c2494-c2-c2",2912,1,2081.59546703297,2182.5,"uVSG","-","-","FF08037585"
"M892","VDB|000E-000C-0-0002|M892-c3062-c0-c0",19587,1,118.768979425129,87,"uVSG","-","-","FF08037585"
"M808","VDB|0010-0092-0-0000|M808-c3098-c0-c1",18422,1,42.0637281511237,41,"uVSG","-","-","FF08037585"
"M939","VDB|0037-00E7-0-0000|M939-c3437-c0-c0",24880,1,22.7278938906752,22,"uVSG","-","-","FF08037585"
"M616","VDB|001D-0045-0-0000|M616-c2556-c1-c2",5572,1,98.3015075376884,98,"uVSG","-","-","FF08037585"
"M900","VDB|0048-005E-0-0003|M900-c3337-c0-c0",23411,0.999957285036948,29.0061085006408,28,"uVSG","-","-","FF08037585"
"M1098","VDB|0037-0010-0-0003|M1098-c2579-c0-c5",2849,0.999648999649,29.2405196629213,29,"uVSG","-","-","FF08037585"
"M637","VDB|0021-00B6-0-0006|M637-c2638-c0-c0",2709,0.998154300479882,5.49630177514793,5,"uVSG","-","-","FF08037585"
"M1075","VDB|0022-0016-0-0003|M1075-c3777-c1-c0",1606,0.99626400996264,33.006875,34,"uVSG","-","-","FF08037585"
"M832","VDB|0010-01B6-0-0000|M832-c3151-c0-c3",18744,0.964415279556125,9.86413674835426,9,"uVSG","-","-","FF08037585"
"M1056","VDB|0028-0052-0-0009|M1056-c3720-c2-c0",1625,0.961846153846154,31.3294945617402,32,"uVSG","-","-","FF08037585"
"M520","VDB|0046-006B-0-0001|M520-c1947-c0-c22",4584,0.943935427574171,3.65934827825283,3,"uVSG","-","-","FF08037585"
"M1306","VDB|0030-0028-0-000B|M1306-c875-c1-c1",13064,0.930878750765462,15.4474960940712,15,"uVSG","-","-","FF08037585"
"M448","VDB|004C-00DB-0-0000|M448-c2070-c2-c9",1725,0.92231884057971,4.89063482086738,4,"uVSG","-","-","FF08037585"
"M1064","VDB|0002-002F-0-0000|M1064-c1042-c2-c105",24967,0.917811511194777,14.2512764564696,14,"uVSG","-","-","FF08037585"
"M600","VDB|0002-001B-0-0001|M600-c3273-c0-c2",14107,0.903381300063798,3.93134023854363,4,"uVSG","-","-","FF08037585"
"M806","VDB|0047-005E-0-0003|M806-c3084-c0-c0",2814,0.89907604832978,7.1901185770751,7,"uVSG","-","-","FF08037585"
"M282","VDB|0045-002A-0-0003|M282-c3522-c0-c7",7176,0.88628762541806,53.7303459119497,36,"uVSG","-","-","FF08037585"
"M855","VDB|002C-0000-0-0000|M855-c3350-c0-c4",2602,0.883935434281322,4.59695652173913,4,"uVSG","-","-","FF08037585"
"M765","VDB|003A-0031-0-0000|M765-c2978-c0-c2",3821,0.850039256739074,3.79864532019704,4,"uVSG","-","-","FF08037585"
"M241","VDB|004F-01F7-0-0002|M241-c1744-c0-c0",23068,0.843983006762615,4.28743130104268,3,"uVSG","-","-","FF08037585"
"M766","VDB|0046-004C-0-0001|M766-c2984-c2-c0",4354,0.823610473128158,6.75989960959286,7,"uVSG","-","-","FF08037585"
"M902","VDB|004A-0075-0-0000|M902-c3340-c0-c1",23966,0.813485771509639,27.987843660238,29,"uVSG","-","-","FF08037585"
"M697","VDB|0016-0070-0-0000|M697-c3861-c6-c4",8826,1,369.692952639928,343,"uVSG","-","-","FF08037593"
"M441","VDB|0021-00B6-0-0076|M441-c2494-c2-c2",2912,1,954.056662087912,999,"uVSG","-","-","FF08037593"
"M378","VDB|0010-0104-0-0001|M378-c190-c1-c0",8806,0.999659323188735,21.4019084403044,21,"uVSG","-","-","FF08037593"
"M954","VDB|0012-0002-0-0002|M954-c3506-c0-c7",2143,0.999533364442371,12.9575163398693,13,"uVSG","-","-","FF08037593"
"M766","VDB|0046-004C-0-0001|M766-c2984-c2-c0",4354,0.998851630684428,10.1540584042309,8,"uVSG","-","-","FF08037593"
"M1138","VDB|000D-0023-0-0002|M1138-c3917-c0-c0",16396,0.99170529397414,8.83019680196802,8,"uVSG","-","-","FF08037593"
"M282","VDB|0045-002A-0-0003|M282-c3522-c0-c7",7176,0.984392419175028,67.480181200453,62,"uVSG","-","-","FF08037593"
"M832","VDB|004C-003F-0-0003|M832-c3151-c0-c2",20501,0.976391395541681,7.68496777738922,7,"uVSG","-","-","FF08037593"
"M448","VDB|004C-00DB-0-0000|M448-c2070-c2-c9",1725,0.974492753623188,5.06246281975015,5,"uVSG","-","-","FF08037593"
"M1084","VDB|004C-0094-0-0003|M1084-c3798-c0-c0",22893,0.960905080155506,7.75306846076916,7,"uVSG","-","-","FF08037593"
"M1333","VDB|001F-0071-0-0002|M1333-c3600-c1-c20",1858,0.932723358449946,15.1107905366417,15,"uVSG","-","-","FF08037593"
"M1102","VDB|0012-0046-0-0003|M1102-c72-c0-c141",91958,0.93201244046195,580.647994306116,598,"kVSG","NC_024711_Uncultured_crAssphage","NC_0247111_Uncultured_crAssphage","FF08037593"
"M497","VDB|001D-0115-0-0000|M497-c2239-c0-c4",26127,0.923336012554063,5.38787099983419,5,"uVSG","-","-","FF08037593"
"M1064","VDB|0016-003D-0-0002|M1064-c3842-c0-c6",1965,0.900763358778626,5.73559322033898,5,"uVSG","-","-","FF08037593"
"M892","VDB|0001-0085-0-0004|M892-c3062-c0-c10",11651,0.897948673933568,54.8269929267826,59,"uVSG","-","-","FF08037593"
"M974","VDB|0001-0117-0-0000|M974-c3512-c0-c4",1769,0.838326738270209,4.83277140930546,5,"uVSG","-","-","FF08037593"
"M855","VDB|002C-0000-0-0000|M855-c3350-c0-c4",2602,0.811299000768639,3.40265277119848,3,"uVSG","-","-","FF08037593"
"M49","VDB|0008-009A-0-0000|M49-c1127-c0-c5",1564,0.810102301790281,2.51065509076559,2,"uVSG","-","-","FF08037593"
"M229","VDB|000D-003E-0-0004|M229-c1542-c3-c17",6090,0.799014778325123,24.4833538840937,28,"uVSG","-","-","FF08037593"
"M520","VDB|001D-0061-0-0001|M520-c2936-c0-c1",10943,0.797678881476743,3.17871462939627,3,"uVSG","-","-","FF08037593"
"M902","VDB|004C-0052-0-0002|M902-c3340-c0-c2",13405,0.792987691160015,56.0315145813735,57,"uVSG","-","-","FF08037593"
"M697","VDB|0010-00F3-0-0001|M697-c3861-c6-c0",10022,1,867.460686489723,1094,"uVSG","-","-","FF08037597"
"M808","VDB|0010-0092-0-0000|M808-c3098-c0-c1",18422,0.999457170774074,24.5171627199652,24,"uVSG","-","-","FF08037597"
"M967","VDB|0021-006B-0-0002|M967-c3496-c0-c0",5571,0.996948483216658,673.097407274037,692,"uVSG","-","-","FF08037597"
"M898","VDB|0021-0033-0-0000|M898-c3330-c2-c0",4696,0.986584327086882,11.0261169868336,8,"uVSG","-","-","FF08037597"
"M1283","VDB|002B-0008-0-000E|M1283-c84-c0-c12",3272,0.973105134474328,7.76476130653266,7,"uVSG","-","-","FF08037597"
"M940","VDB|004F-01ED-0-0002|M940-c2886-c0-c9",3277,0.967043027158987,8.64089618176081,8,"uVSG","-","-","FF08037597"
"M933","VDB|001D-00A5-0-0005|M933-c3424-c0-c0",27397,0.958645107128518,5.45815565031983,5,"uVSG","-","-","FF08037597"
"M1064","VDB|0008-002B-0-0000|M1064-c1042-c1-c2",82445,0.94999090302626,9.25693930185644,8,"uVSG","-","-","FF08037597"
"M1102","VDB|0028-0021-0-0002|M1102-c3936-c0-c45",2983,0.94502179014415,29.79886484569,32,"kVSG","NC_024711_Uncultured_crAssphage","NC_0247111_Uncultured_crAssphage","FF08037597"
"M347","VDB|0031-001A-0-0002|M347-c1113-c0-c1",51423,0.932773272660094,8.50441979735646,8,"uVSG","-","-","FF08037597"
"M738","VDB|0001-0078-0-0002|M738-c70-c0-c146",10426,0.921734126222904,29.9750260145682,30,"uVSG","-","-","FF08037597"
"M784","VDB|002F-0068-0-0001|M784-c3026-c1-c1",5100,0.898235294117647,8.08426107836717,8,"uVSG","-","-","FF08037597"
"M1094","VDB|0024-0044-0-0009|M1094-c3817-c0-c4",6698,0.868916094356524,4.41288659793814,4,"uVSG","-","-","FF08037597"
"M759","VDB|001E-0044-0-0001|M759-c2960-c2-c7",1847,0.851109907958852,3.80916030534351,3,"uVSG","-","-","FF08037597"
"M867","VDB|0040-00D9-0-0001|M867-c2385-c1-c60",3056,0.849149214659686,14.8789980732177,15,"uVSG","-","-","FF08037597"
"M449","VDB|001D-000A-0-0002|M449-c2071-c0-c0",33964,0.83953597927217,5.59567230132566,5,"uVSG","-","-","FF08037597"
"M936","VDB|001D-006D-0-0000|M936-c3738-c0-c8",2140,0.835046728971963,7.72020145495243,7,"uVSG","-","-","FF08037597"
"M889","VDB|0028-0006-0-0003|M889-c3297-c0-c0",1916,0.771398747390397,6.13261163734777,6,"uVSG","-","-","FF08037597"
"M476","VDB|0015-003F-0-0005|M476-c2159-c0-c2",2446,0.757972199509403,2.39697950377562,2,"uVSG","-","-","FF08037597"
"M892","VDB|0047-006C-0-0000|M892-c3062-c0-c77",6043,1,119.519443984776,115,"uVSG","-","-","FF08037598"
"M697","VDB|0030-0055-0-0000|M697-c3861-c6-c10",5920,0.996959459459459,161.016096238563,134,"uVSG","-","-","FF08037598"
"M527","VDB|0048-0051-0-0000|M527-c2323-c0-c0",21538,0.995589191196954,12.063703772793,12,"uVSG","-","-","FF08037598"
"M1333","VDB|0009-0032-0-0000|M1333-c957-c0-c40",1798,0.995550611790879,17.3821229050279,18,"uVSG","-","-","FF08037598"
"M936","VDB|004F-024A-0-0000|M936-c1225-c0-c9",50261,0.987186884463103,19.2755104097386,19,"uVSG","-","-","FF08037598"
"M914","VDB|0040-010D-0-0001|M914-c1802-c0-c6",5142,0.986192143134967,42.2705580753303,47,"uVSG","-","-","FF08037598"
"M987","VDB|004F-00C3-0-0002|M987-c2948-c0-c0",25716,0.964380152434282,5.39399193548387,5,"uVSG","-","-","FF08037598"
"M797","VDB|0008-00ED-0-0005|M797-c3070-c4-c2",3917,0.956344140924177,23.7875066737854,19,"uVSG","-","-","FF08037598"
"M756","VDB|0050-00D3-0-0003|M756-c2952-c0-c2",36886,0.946375318549043,8.31124670562622,7,"uVSG","-","-","FF08037598"
"M933","VDB|001D-00A5-0-0005|M933-c3424-c0-c0",27397,0.939409424389532,12.5445856160392,12,"uVSG","-","-","FF08037598"
"M1064","VDB|0040-0019-0-0000|M1064-c1042-c2-c115",2137,0.938699110903135,63.8888334995015,71,"uVSG","-","-","FF08037598"
"M706","VDB|002C-0005-0-001A|M706-c2807-c0-c0",33806,0.938028752292492,5.97294314275803,6,"uVSG","-","-","FF08037598"
"M858","VDB|002F-0132-0-0000|M858-c3210-c3-c0",2294,0.932868352223191,17.0299065420561,12,"uVSG","-","-","FF08037598"
"M766","VDB|0046-004C-0-0001|M766-c2984-c2-c0",4354,0.930868167202572,4.10708117443869,3,"uVSG","-","-","FF08037598"
"M432","VDB|001D-0048-0-0002|M432-c2037-c0-c6",10019,0.922447350034934,25.8941787491885,27,"uVSG","-","-","FF08037598"
"M449","VDB|004C-00C7-0-0002|M449-c2071-c0-c19",15306,0.916307330458644,11.9237789661319,12,"uVSG","-","-","FF08037598"
"M808","VDB|0010-0092-0-0000|M808-c3098-c0-c1",18422,0.915861469981544,4.48233760075865,4,"uVSG","-","-","FF08037598"
"M798","VDB|001E-0069-0-0006|M798-c3071-c0-c0",31306,0.913307353223024,4.71859261331841,4,"uVSG","-","-","FF08037598"
"M459","VDB|004C-009D-0-0006|M459-c3388-c0-c1",10269,0.9093387866394,20.2714714071536,6,"uVSG","-","-","FF08037598"
"M343","VDB|001D-0113-0-000A|M343-c1818-c0-c3",48501,0.908661677078823,6.43429919901976,6,"uVSG","-","-","FF08037598"
"M995","VDB|001E-00BF-0-0000|M995-c3569-c0-c1",19465,0.903108142820447,23.962967176745,6,"uVSG","-","-","FF08037598"
"M855","VDB|002C-0000-0-0000|M855-c3350-c0-c4",2602,0.899308224442736,3.42521367521368,3,"uVSG","-","-","FF08037598"
"M146","VDB|0039-001C-0-0001|M146-c2684-c0-c25",1816,0.888766519823789,9.74163568773234,10,"uVSG","-","-","FF08037598"
"M1110","VDB|0002-0008-0-0004|M1110-c3101-c0-c11",14775,0.87668358714044,11.092256620088,10,"uVSG","-","-","FF08037598"
"M596","VDB|0030-0073-0-0002|M596-c2514-c0-c0",13956,0.874964173115506,5.68438293342069,5,"uVSG","-","-","FF08037598"
"M646","VDB|0040-0027-0-0000|M646-c2666-c0-c15",1590,0.858490566037736,9.51501831501831,9,"uVSG","-","-","FF08037598"
"M727","VDB|0051-0046-0-0001|M727-c2871-c0-c40",5203,0.848741110897559,5.10122282608696,5,"uVSG","-","-","FF08037598"
"M610","VDB|002C-0012-0-0013|M610-c1838-c0-c0",1869,0.844836811128946,3.87903736542115,4,"uVSG","-","-","FF08037598"
"M282","VDB|0051-0083-0-000C|M282-c3522-c0-c6",7246,0.823626828595087,182.039544235925,139,"uVSG","-","-","FF08037598"
"M658","VDB|002C-0015-0-0006|M658-c3868-c0-c3",5588,0.818539727988547,3.17315260166157,3,"uVSG","-","-","FF08037598"
"M902","VDB|004A-0075-0-0000|M902-c3340-c0-c1",23966,0.797588250020863,5.94193042113523,6,"uVSG","-","-","FF08037598"
"M441","VDB|002C-0001-0-0004|M441-c2353-c0-c1",12885,0.773147070236709,9.22766512748444,8,"uVSG","-","-","FF08037598"
"M1123","VDB|0050-0087-0-0000|M1123-c2594-c0-c1",6654,0.762849413886384,4.78743104806935,4,"uVSG","-","-","FF08037598"
"M1017","VDB|004F-018A-0-0000|M1017-c3634-c0-c1",12440,0.759565916398714,5.38628426288496,5,"uVSG","-","-","FF08037598"
"M1333","VDB|0037-008F-0-0004|M1333-c957-c0-c30",3832,1,37.7820981210856,37,"uVSG","-","-","FF08037623"
"M441","VDB|0021-00B6-0-0076|M441-c2494-c2-c2",2912,1,582.538461538462,603,"uVSG","-","-","FF08037623"
"M378","VDB|0010-0104-0-0001|M378-c190-c1-c0",8806,0.990233931410402,8.89873853211009,8,"uVSG","-","-","FF08037623"
"M697","VDB|0048-005B-0-0003|M697-c3861-c6-c1",9328,0.988529159519726,384.692007374471,178,"uVSG","-","-","FF08037623"
"M954","VDB|0012-0002-0-0002|M954-c3506-c0-c7",2143,0.986000933271115,9.62517747278751,9,"uVSG","-","-","FF08037623"
"M282","VDB|0045-002A-0-0003|M282-c3522-c0-c7",7176,0.983974358974359,80.7892649766322,57,"uVSG","-","-","FF08037623"
"M1084","VDB|004C-0094-0-0003|M1084-c3798-c0-c0",22893,0.974358974358974,17.3464538689142,17,"uVSG","-","-","FF08037623"
"M939","VDB|0037-00E7-0-0000|M939-c3437-c0-c0",24880,0.962379421221865,5.03775476110926,5,"uVSG","-","-","FF08037623"
"M766","VDB|0046-004C-0-0001|M766-c2984-c2-c0",4354,0.952457510335324,15.6074270557029,16,"uVSG","-","-","FF08037623"
"M1102","VDB|0040-0137-0-0003|M1102-c3882-c0-c12",4265,0.951465416178195,401.194677180877,411,"kVSG","NC_024711_Uncultured_crAssphage","NC_0247111_Uncultured_crAssphage","FF08037623"
"M428","VDB|0010-0180-0-0000|M428-c2022-c0-c29",2721,0.936052921719956,4.46211228896741,4,"kVSG","NC_018285_Streptococcus_phage_YMC2011","NC_0182851_Streptococcus_phage_YMC2011","FF08037623"
"M1056","VDB|0028-0052-0-0009|M1056-c3720-c2-c0",1625,0.921230769230769,12.1422845691383,13,"uVSG","-","-","FF08037623"
"M855","VDB|002C-0000-0-0000|M855-c3350-c0-c4",2602,0.891237509607994,11.651142733937,12,"uVSG","-","-","FF08037623"
"M497","VDB|000E-000C-0-0005|M497-c3430-c0-c2",6520,0.884815950920245,4.29242503033455,4,"uVSG","-","-","FF08037623"
"M738","VDB|004C-00E3-0-0002|M738-c70-c0-c142",12458,0.866110130036924,398.949490268767,394,"uVSG","-","-","FF08037623"
"M892","VDB|0001-0085-0-0004|M892-c3062-c0-c10",11651,0.84439103939576,87.8925594633055,99,"uVSG","-","-","FF08037623"
"M1255","VDB|001E-009C-0-0003|M1255-c760-c0-c0",57965,0.802794789959458,10.9734602656122,9,"uVSG","-","-","FF08037623"
"M947","VDB|002B-0008-0-0025|M947-c3449-c0-c4",1801,0.78622987229317,10.194209039548,8,"uVSG","-","-","FF08037623"
"M902","VDB|004C-0052-0-0002|M902-c3340-c0-c2",13405,0.783662812383439,31.3716325559257,32,"uVSG","-","-","FF08037623"
"M1138","VDB|000D-0023-0-0002|M1138-c3917-c0-c0",16396,0.776957794584045,2.91514247586153,2,"uVSG","-","-","FF08037623"
"M229","VDB|000D-003E-0-0004|M229-c1542-c3-c17",6090,0.776026272577997,39.1333051206094,44,"uVSG","-","-","FF08037623"
"M448","VDB|004C-00DF-0-0000|M448-c2070-c2-c3",4297,0.774028391901327,3.55802766085388,3,"uVSG","-","-","FF08037623"
"M441","VDB|0021-004C-0-0004|M441-c2353-c0-c4",2852,1,4306.94705469846,4470.5,"uVSG","-","-","FF08037624"
"M757","VDB|0021-0003-0-0019|M757-c2104-c0-c0",3739,0.989836854774004,6.33396379356931,6,"uVSG","-","-","FF08037624"
"M706","VDB|002C-0005-0-001A|M706-c2807-c0-c0",33806,0.964296278767083,9.6049878830639,9,"uVSG","-","-","FF08037624"
"M892","VDB|002F-0024-0-0000|M892-c3062-c0-c103",4160,0.945673076923077,22.4405185561769,6,"uVSG","-","-","FF08037624"
"M459","VDB|004C-009D-0-0006|M459-c3388-c0-c1",10269,0.929301782062518,10.1808655559049,6,"uVSG","-","-","FF08037624"
"M936","VDB|0014-000B-0-0001|M936-c3738-c0-c3",21996,0.90489179850882,4.63534967845659,4,"uVSG","-","-","FF08037624"
"M1005","VDB|0012-001E-0-000B|M1005-c3596-c0-c2",14412,0.902511795725784,4.33028369339586,4,"uVSG","-","-","FF08037624"
"M697","VDB|0012-004C-0-0006|M697-c3861-c6-c3",8968,0.88314005352364,1426.99924242424,1241,"uVSG","-","-","FF08037624"
"M49","VDB|0008-009A-0-0000|M49-c1127-c0-c5",1564,0.882352941176471,5.58188405797101,5,"uVSG","-","-","FF08037624"
"M282","VDB|0047-0014-0-0000|M282-c3840-c1-c37",3598,0.878265703168427,22.7037974683544,13,"uVSG","-","-","FF08037624"
"M1098","VDB|0037-0010-0-0003|M1098-c2579-c0-c5",2849,0.87012987012987,3.18757563533683,3,"uVSG","-","-","FF08037624"
"M855","VDB|002C-0000-0-0000|M855-c3350-c0-c4",2602,0.868946963873943,3.28350287483414,3,"uVSG","-","-","FF08037624"
"M995","VDB|001E-00BF-0-0000|M995-c3569-c0-c1",19465,0.859029026457745,8.68817654446504,4,"uVSG","-","-","FF08037624"
"M535","VDB|0051-0003-0-0004|M535-c2370-c1-c0",7202,0.8535129130797,4.36440540100862,4,"uVSG","-","-","FF08037624"
"M1145","VDB|0045-006A-0-0000|M1145-c3934-c0-c2",6602,0.849591033020297,6.8940987698342,5,"uVSG","-","-","FF08037624"
"M1076","VDB|004C-0033-0-0004|M1076-c3779-c0-c1",17920,0.838392857142857,3.34764376996805,3,"uVSG","-","-","FF08037624"
"M1138","VDB|000D-0023-0-0002|M1138-c3917-c0-c0",16396,0.829653574042449,3.01323237521135,3,"uVSG","-","-","FF08037624"
"M967","VDB|0046-0122-0-0000|M967-c3496-c0-c2",5523,0.762629005975014,657.65289648623,576,"uVSG","-","-","FF08037624"
"M697","VDB|0010-00F3-0-0001|M697-c3861-c6-c0",10022,1,821.608860506885,820,"uVSG","-","-","FF08037629"
"M892","VDB|002F-0024-0-0000|M892-c3062-c0-c103",4160,0.999759615384615,56.6345275306564,35,"uVSG","-","-","FF08037629"
"M610","VDB|002C-0013-0-002B|M610-c1838-c0-c1",4607,0.991968743216844,8.47439824945295,8,"uVSG","-","-","FF08037629"
"M881","VDB|004F-002F-0-0002|M881-c3274-c1-c0",1948,0.98870636550308,16.6323987538941,16,"uVSG","-","-","FF08037629"
"M282","VDB|0042-004B-0-0004|M282-c3840-c1-c4",6990,0.988698140200286,76.4905223556649,77,"uVSG","-","-","FF08037629"
"M832","VDB|0010-01A7-0-0002|M832-c3151-c0-c5",17994,0.987718128264977,14.695774489394,10,"uVSG","-","-","FF08037629"
"M488","VDB|004A-001B-0-0006|M488-c3005-c0-c5",2214,0.985998193315267,7.00137425561154,7,"uVSG","-","-","FF08037629"
"M642","VDB|0040-014F-0-0000|M642-c2655-c0-c3",1688,0.979857819905213,6.55804111245466,7,"uVSG","-","-","FF08037629"
"M783","VDB|0040-006F-0-0001|M783-c3841-c0-c0",3566,0.97896803140774,10.8874248066457,10,"uVSG","-","-","FF08037629"
"M1102","VDB|004A-0090-0-0001|M1102-c3882-c0-c22",2037,0.977908689248895,21.9954819277108,23,"kVSG","NC_024711_Uncultured_crAssphage","NC_0247111_Uncultured_crAssphage","FF08037629"
"M756","VDB|000C-0004-0-0004|M756-c2952-c0-c0",37901,0.977863380913432,35.011116507474,35,"uVSG","-","-","FF08037629"
"M441","VDB|0047-0022-0-0001|M441-c2048-c2-c12",3028,0.977212681638045,196.416018925313,226,"uVSG","-","-","FF08037629"
"M64","VDB|0008-0008-0-0001|M64-c1169-c0-c0",90887,0.97385764740832,15.5341031058287,15,"uVSG","-","-","FF08037629"
"M808","VDB|0010-0092-0-0000|M808-c3098-c0-c1",18422,0.973672782542612,19.1014104922785,19,"uVSG","-","-","FF08037629"
"M801","VDB|0001-011A-0-0000|M801-c2193-c0-c40",2572,0.972395023328149,16.0019992003199,15,"uVSG","-","-","FF08037629"
"M1076","VDB|004C-0033-0-0004|M1076-c3779-c0-c1",17920,0.95234375,4.96812375483417,4,"uVSG","-","-","FF08037629"
"M974","VDB|002C-0014-0-003B|M974-c3512-c0-c0",1758,0.947667804323094,3.62064825930372,3,"uVSG","-","-","FF08037629"
"M302","VDB|002F-0144-0-0000|M302-c1701-c1-c1",51615,0.947418386128064,11.2554139997137,10,"uVSG","-","-","FF08037629"
"M1111","VDB|0021-000A-0-001B|M1111-c3866-c0-c3",1539,0.942820012995452,3.89455547898001,3,"uVSG","-","-","FF08037629"
"M1031","VDB|0010-005E-0-0001|M1031-c3683-c0-c1",16635,0.903216110610159,4.22728785357737,4,"uVSG","-","-","FF08037629"
"M1140","VDB|0051-0097-0-0005|M1140-c1160-c0-c26",4042,0.901781296387927,6.46035665294925,6,"uVSG","-","-","FF08037629"
"M311","VDB|0026-0044-0-0000|M311-c1716-c0-c21",2349,0.893571732652192,3.75655073844688,2,"kVSG","NC_029014_Parabacteroides_phage_YZ2015b","NC_0290141_Parabacteroides_phage_YZ2015b","FF08037629"
"M727","VDB|001D-00B9-0-0001|M727-c2871-c0-c6",18663,0.87745807212131,7.46250610649731,4,"uVSG","-","-","FF08037629"
"M619","VDB|0042-0013-0-0005|M619-c2711-c0-c0",31415,0.864523316886837,3.96222246769027,3,"uVSG","-","-","FF08037629"
"M694","VDB|002C-0002-0-0000|M694-c507-c0-c5",57195,0.846175364979456,12.3384300679794,6,"uVSG","-","-","FF08037629"
"M1319","VDB|004C-0063-0-0000|M1319-c1712-c0-c21",1969,0.845606907059421,17.2354354354354,19,"uVSG","-","-","FF08037629"
"M760","VDB|0010-0006-0-0003|M760-c3374-c0-c6",18893,0.83819404012068,3.92068704218237,3,"uVSG","-","-","FF08037629"
"M521","VDB|002C-001A-0-0008|M521-c3225-c1-c2",5117,0.835450459253469,3.88163742690058,4,"uVSG","-","-","FF08037629"
"M623","VDB|002E-001A-0-0000|M623-c2490-c0-c2",2177,0.828203950390446,2.28397115917915,2,"uVSG","-","-","FF08037629"
"M721","VDB|0040-00EE-0-0001|M721-c1938-c0-c4",6757,0.814562675743673,5.04632994186047,4,"uVSG","-","-","FF08037629"
"M806","VDB|0021-00B6-0-001A|M806-c3084-c0-c1",2112,0.813920454545455,2.29842931937173,2,"uVSG","-","-","FF08037629"
"M914","VDB|0040-010D-0-0001|M914-c1802-c0-c6",5142,0.811357448463633,37.0004793863854,42,"uVSG","-","-","FF08037629"
"M867","VDB|0021-00AB-0-0032|M867-c2305-c0-c6",3275,0.803358778625954,13.5689851767389,13,"uVSG","-","-","FF08037629"
"M1059","VDB|004F-0195-0-0005|M1059-c748-c0-c2",47741,0.789845206426342,8.00159117428662,3,"uVSG","-","-","FF08037629"
"M900","VDB|0031-001B-0-0000|M900-c3886-c0-c2",14283,0.775047258979206,2.67000903342367,2,"uVSG","-","-","FF08037629"
"M757","VDB|0021-0071-0-0006|M757-c2104-c0-c7",1631,0.773758430410791,2.85023771790808,2,"uVSG","-","-","FF08037629"
"M203","VDB|0047-007E-0-0000|M203-c1101-c0-c8",2427,0.763494025545941,4.57690232056125,4,"uVSG","-","-","FF08037629"
"M459","VDB|004C-009D-0-0006|M459-c3388-c0-c1",10269,0.762975947025027,21.8006381620932,3,"uVSG","-","-","FF08037629"
"M1064","VDB|0038-001A-0-0001|M1064-c1042-c2-c7",62558,0.752997218581157,4.52052817050906,4,"uVSG","-","-","FF08037629"
"M441","VDB|0021-00B6-0-006B|M441-c2177-c0-c0",3548,1,932.525930101466,983,"uVSG","-","-","FF08037657"
"M808","VDB|0010-0092-0-0000|M808-c3098-c0-c1",18422,1,177.507816740853,177,"uVSG","-","-","FF08037657"
"M616","VDB|001D-0045-0-0000|M616-c2556-c1-c2",5572,1,816.861988513999,828,"uVSG","-","-","FF08037657"
"M697","VDB|0048-005B-0-0003|M697-c3861-c6-c1",9328,1,1024.45969125214,1052,"uVSG","-","-","FF08037657"
"M83","VDB|0021-00B2-0-000D|M83-c1217-c0-c2",7186,1,332.803785137768,340,"uVSG","-","-","FF08037657"
"M1109","VDB|0021-0003-0-000B|M1109-c3859-c0-c4",1541,0.969500324464633,7.76037483266399,6,"uVSG","-","-","FF08037657"
"M1075","VDB|0022-0016-0-0003|M1075-c3777-c1-c0",1606,0.961394769613948,5.86139896373057,5,"uVSG","-","-","FF08037657"
"M1063","VDB|001E-0012-0-0002|M1063-c3742-c0-c0",18282,0.957225686467564,5.4404,5,"uVSG","-","-","FF08037657"
"M987","VDB|0040-015A-0-0000|M987-c2772-c0-c2",1874,0.920490928495197,5.28173913043478,5,"uVSG","-","-","FF08037657"
"M968","VDB|0010-01A1-0-0008|M968-c3498-c0-c0",7420,0.901617250673854,7.91375186846039,7,"uVSG","-","-","FF08037657"
"M1064","VDB|0014-0025-0-0001|M1064-c1042-c2-c5",67021,0.881753480252458,4.00966224448355,4,"uVSG","-","-","FF08037657"
"M477","VDB|0021-0032-0-0014|M477-c2161-c1-c0",3585,0.862203626220363,2.4723390488515,2,"uVSG","-","-","FF08037657"
"M309","VDB|0010-00D7-0-0002|M309-c853-c0-c1",3228,0.86183395291202,6.8353702372394,7,"uVSG","-","-","FF08037657"
"M349","VDB|0046-018D-0-0000|M349-c1834-c1-c16",1615,0.847678018575851,5.28780131482834,6,"kVSG","NC_029012_Parabacteroides_phage_YZ2015a","NC_0290121_Parabacteroides_phage_YZ2015a","FF08037657"
"M900","VDB|0001-0080-0-0001|M900-c3337-c0-c10",1776,0.845157657657658,7.29247168554297,8,"uVSG","-","-","FF08037657"
"M1117","VDB|0051-0015-0-0001|M1117-c1761-c0-c0",63094,0.825958094272039,3.26569186191545,3,"uVSG","-","-","FF08037657"
"M759","VDB|001E-0044-0-0001|M759-c2960-c2-c7",1847,0.800216567406605,3.90189445196211,3,"uVSG","-","-","FF08037657"
"M179","VDB|004C-0094-0-0001|M179-c1380-c0-c0",29402,0.784674511937963,11.0715617008365,9,"uVSG","-","-","FF08037657"
"M441","VDB|0021-00B6-0-0076|M441-c2494-c2-c2",2912,1,1987.29842032967,2053,"uVSG","-","-","FF08037683"
"M766","VDB|0046-004C-0-0001|M766-c2984-c2-c0",4354,0.999770326136886,17.4661153227659,14,"uVSG","-","-","FF08037683"
"M282","VDB|0045-002A-0-0003|M282-c3522-c0-c7",7176,0.990802675585284,46.8818565400844,20,"uVSG","-","-","FF08037683"
"M697","VDB|0048-005B-0-0003|M697-c3861-c6-c1",9328,0.988636363636364,617.234873129473,484,"uVSG","-","-","FF08037683"
"M1102","VDB|0028-001B-0-000D|M1102-c73-c0-c3",3103,0.970995810505962,30.6166611350813,32,"kVSG","NC_024711_Uncultured_crAssphage","NC_0247111_Uncultured_crAssphage","FF08037683"
"M954","VDB|0012-0002-0-0002|M954-c3506-c0-c7",2143,0.961735884274382,5.51091703056769,5,"uVSG","-","-","FF08037683"
"M378","VDB|0010-0104-0-0001|M378-c190-c1-c0",8806,0.916420622302975,3.8912019826518,4,"uVSG","-","-","FF08037683"
"M892","VDB|0001-0085-0-0004|M892-c3062-c0-c10",11651,0.915200411981804,56.5347463190472,63,"uVSG","-","-","FF08037683"
"M855","VDB|002C-0000-0-0000|M855-c3350-c0-c4",2602,0.888162951575711,6.28775421895283,6,"uVSG","-","-","FF08037683"
"M738","VDB|004C-00E3-0-0002|M738-c70-c0-c142",12458,0.861133408251726,36.4438851603281,34,"uVSG","-","-","FF08037683"
"M1084","VDB|004C-0094-0-0003|M1084-c3798-c0-c0",22893,0.825448827152405,3.40540826586231,3,"uVSG","-","-","FF08037683"
"M1255","VDB|001E-009C-0-0003|M1255-c760-c0-c0",57965,0.794996980936772,8.42454754567944,7,"uVSG","-","-","FF08037683"
"M902","VDB|004C-0052-0-0002|M902-c3340-c0-c2",13405,0.789108541588959,40.0849877103422,40,"uVSG","-","-","FF08037683"
"M947","VDB|002B-0008-0-0025|M947-c3449-c0-c4",1801,0.78012215435869,14.7402135231317,6,"uVSG","-","-","FF08037683"
"M347","VDB|000E-0000-0-0001|M347-c1113-c0-c7",7353,0.754793961648307,3.21387387387387,3,"uVSG","-","-","FF08037683"
"M974","VDB|0001-0117-0-0000|M974-c3512-c0-c4",1769,0.752967778405879,3.16891891891892,3,"uVSG","-","-","FF08037683"
"M412","VDB|004F-0194-0-0003|M412-c2480-c2-c9",4124,1,38.4532007759457,12,"uVSG","-","-","FF08037697"
"M1064","VDB|0026-002C-0-0000|M1064-c1042-c1-c38",1990,1,24.6185929648241,25,"uVSG","-","-","FF08037697"
"M697","VDB|0010-00F3-0-0001|M697-c3861-c6-c0",10022,1,507.970065855119,446,"uVSG","-","-","FF08037697"
"M808","VDB|0010-0092-0-0000|M808-c3098-c0-c1",18422,1,32.7872109434372,31,"uVSG","-","-","FF08037697"
"M510","VDB|0016-0028-0-0002|M510-c2274-c0-c13",1529,1,21.6671026814912,19,"uVSG","-","-","FF08037697"
"M229","VDB|0048-0060-0-0000|M229-c1542-c3-c6",9399,0.999574422810937,77.5970196913252,11,"uVSG","-","-","FF08037697"
"M535","VDB|0021-007D-0-000E|M535-c2370-c1-c2",3158,0.993983533882204,7.46161197833705,6,"uVSG","-","-","FF08037697"
"M1138","VDB|000D-0023-0-0002|M1138-c3917-c0-c0",16396,0.993413027567699,11.5594916502947,11,"uVSG","-","-","FF08037697"
"M892","VDB|001E-0033-0-0002|M892-c3062-c0-c11",11172,0.992928750447547,108.205354728207,39,"uVSG","-","-","FF08037697"
"M616","VDB|004F-010A-0-0001|M616-c2556-c1-c1",9873,0.989770080016206,14.7305566925911,7,"uVSG","-","-","FF08037697"
"M914","VDB|0040-010D-0-0001|M914-c1802-c0-c6",5142,0.985803189420459,55.0063128822253,44,"uVSG","-","-","FF08037697"
"M766","VDB|0046-004C-0-0001|M766-c2984-c2-c0",4354,0.979788700045935,9.09071729957806,9,"uVSG","-","-","FF08037697"
"M987","VDB|0040-015A-0-0000|M987-c2772-c0-c2",1874,0.970651013874066,7.37108301264431,6,"uVSG","-","-","FF08037697"
"M948","VDB|0010-010E-0-000A|M948-c2859-c0-c7",4775,0.970052356020942,25.9756044905009,27,"uVSG","-","-","FF08037697"
"M351","VDB|0021-000A-0-0001|M351-c1836-c1-c4",4614,0.964239271781534,4.4335805799056,4,"uVSG","-","-","FF08037697"
"M302","VDB|003A-0040-0-0001|M302-c2488-c0-c3",25053,0.958927074601844,24.0730519480519,26,"uVSG","-","-","FF08037697"
"M936","VDB|0048-003E-0-0000|M936-c1225-c0-c17",1933,0.950853595447491,5.57508161044614,4,"uVSG","-","-","FF08037697"
"M825","VDB|0048-002C-0-0007|M825-c2892-c0-c1",5912,0.947564276048715,5.00606926097822,4,"uVSG","-","-","FF08037697"
"M855","VDB|002C-0000-0-0000|M855-c3350-c0-c4",2602,0.893543428132206,8.39268817204301,8,"uVSG","-","-","FF08037697"
"M832","VDB|0010-01B6-0-0000|M832-c3151-c0-c3",18744,0.882415706359368,10.0007255139057,10,"uVSG","-","-","FF08037697"
"M947","VDB|002B-0008-0-0025|M947-c3449-c0-c4",1801,0.855635757912271,10.4555483452304,8,"uVSG","-","-","FF08037697"
"M902","VDB|004C-0052-0-0002|M902-c3340-c0-c2",13405,0.84035807534502,11.3217043941411,11,"uVSG","-","-","FF08037697"
"M441","VDB|0030-0008-0-0003|M441-c2979-c2-c5",2192,0.826186131386861,645.525124240751,725,"uVSG","-","-","FF08037697"
"M282","VDB|0051-0083-0-000C|M282-c3522-c0-c6",7246,0.821970742478609,79.6255876427132,70,"uVSG","-","-","FF08037697"
"M1110","VDB|0002-0008-0-0004|M1110-c3101-c0-c11",14775,0.809407783417936,4.64620787691279,3,"uVSG","-","-","FF08037697"
"M687","VDB|0010-0071-0-0002|M687-c3207-c0-c1",5185,0.774349083895853,2.67845579078456,2,"uVSG","-","-","FF08037697"
"M967","VDB|0046-0122-0-0000|M967-c3496-c0-c2",5523,0.763353250045265,839.595825426945,884,"uVSG","-","-","FF08037697"
"M441","VDB|0021-004C-0-0004|M441-c2353-c0-c4",2852,1,3473.19214586255,3593.5,"uVSG","-","-","FF08037704"
"M485","VDB|002C-0008-0-0019|M485-c2185-c0-c2",3530,0.999150141643059,18.4961723844627,18,"uVSG","-","-","FF08037704"
"M776","VDB|0021-00B6-0-0038|M776-c3635-c0-c1",1672,0.995813397129187,10.7633633633634,10,"uVSG","-","-","FF08037704"
"M995","VDB|001E-00BF-0-0000|M995-c3569-c0-c1",19465,0.983149242229643,19.3993833934263,8,"uVSG","-","-","FF08037704"
"M1145","VDB|0001-001E-0-0001|M1145-c3934-c0-c1",6860,0.982361516034985,20.8755008161448,19,"uVSG","-","-","FF08037704"
"M706","VDB|002C-0005-0-001A|M706-c2807-c0-c0",33806,0.962846831923327,10.4371121351767,10,"uVSG","-","-","FF08037704"
"M459","VDB|004C-009D-0-0006|M459-c3388-c0-c1",10269,0.95111500632973,23.9389781918706,19,"uVSG","-","-","FF08037704"
"M1076","VDB|004C-0033-0-0004|M1076-c3779-c0-c1",17920,0.943526785714286,5.72374024130589,5,"uVSG","-","-","FF08037704"
"M892","VDB|002F-0024-0-0000|M892-c3062-c0-c103",4160,0.942307692307692,45.5196428571429,7,"uVSG","-","-","FF08037704"
"M1138","VDB|000D-0023-0-0002|M1138-c3917-c0-c0",16396,0.919248597218834,4.24197186836518,4,"uVSG","-","-","FF08037704"
"M1064","VDB|002C-0003-0-002C|M1064-c3842-c0-c1",1550,0.916129032258065,7.27887323943662,7,"uVSG","-","-","FF08037704"
"M1098","VDB|0013-0048-0-0004|M1098-c3832-c0-c1",5167,0.911167021482485,4.64209855564996,4,"uVSG","-","-","FF08037704"
"M801","VDB|002F-0034-0-0000|M801-c3412-c0-c19",1917,0.903495044340115,7.6864896073903,7,"uVSG","-","-","FF08037704"
"M954","VDB|0046-0163-0-0000|M954-c1700-c0-c15",3616,0.892699115044248,4.45600991325898,4,"uVSG","-","-","FF08037704"
"M282","VDB|0047-0014-0-0000|M282-c3840-c1-c37",3598,0.88715953307393,34.0516917293233,18.5,"uVSG","-","-","FF08037704"
"M832","VDB|0046-0177-0-0000|M832-c3151-c0-c1",21735,0.881803542673108,5.12976103516644,4,"uVSG","-","-","FF08037704"
"M757","VDB|0037-00D1-0-0000|M757-c2104-c0-c0",37031,0.881180632443088,12.000275811345,12,"uVSG","-","-","FF08037704"
"M697","VDB|0012-004C-0-0006|M697-c3861-c6-c3",8968,0.879683318465656,1107.3089111421,941,"uVSG","-","-","FF08037704"
"M855","VDB|002C-0000-0-0000|M855-c3350-c0-c4",2602,0.878939277478862,3.30476606908614,3,"uVSG","-","-","FF08037704"
"M347","VDB|0010-01B7-0-000E|M347-c2226-c1-c7",2005,0.867331670822943,3.2259919493962,2,"uVSG","-","-","FF08037704"
"M1005","VDB|0012-001E-0-000B|M1005-c3596-c0-c2",14412,0.825492645018041,8.6680675800622,8,"uVSG","-","-","FF08037704"
"M727","VDB|0051-0046-0-0001|M727-c2871-c0-c40",5203,0.811070536229099,5.66777251184834,6,"uVSG","-","-","FF08037704"
"M687","VDB|0010-0071-0-0002|M687-c3207-c0-c1",5185,0.783027965284474,2.60886699507389,2,"uVSG","-","-","FF08037704"
"M510","VDB|0016-0021-0-0002|M510-c2274-c0-c9",3131,0.770680293835835,5.81599668462495,6,"uVSG","-","-","FF08037704"
"M766","VDB|0021-0091-0-0012|M766-c2984-c2-c1",2214,0.766485998193315,4.61284619917501,4,"uVSG","-","-","FF08037704"
"M967","VDB|0046-0122-0-0000|M967-c3496-c0-c2",5523,0.762629005975014,627.135802469136,590,"uVSG","-","-","FF08037704"
"M936","VDB|001E-0018-0-0004|M936-c1225-c0-c12",7583,0.75458261901622,3.95718280321566,3,"uVSG","-","-","FF08037704"
"M898","VDB|000E-0029-0-0003|M898-c3330-c2-c1",2058,0.753158406219631,2.32451612903226,2,"uVSG","-","-","FF08037704"
"M808","VDB|0010-0092-0-0000|M808-c3098-c0-c1",18422,1,20.261263706438,20,"uVSG","-","-","FF08037720"
"M697","VDB|0010-00F3-0-0001|M697-c3861-c6-c0",10022,1,1019.86379964079,1257,"uVSG","-","-","FF08037720"
"M738","VDB|0028-0044-0-0006|M738-c70-c0-c61",2207,0.999546896239239,15.9524025385313,16,"uVSG","-","-","FF08037720"
"M967","VDB|0021-006B-0-0002|M967-c3496-c0-c0",5571,0.99569197630587,550.304308635298,561,"uVSG","-","-","FF08037720"
"M1111","VDB|0009-0054-0-0004|M1111-c3891-c1-c4",1525,0.988852459016393,21.0702917771883,22,"uVSG","-","-","FF08037720"
"M610","VDB|002C-0013-0-002B|M610-c1838-c0-c1",4607,0.987844584328196,6.54295759173808,6,"uVSG","-","-","FF08037720"
"M987","VDB|004F-00C3-0-0002|M987-c2948-c0-c0",25716,0.984056618447659,5.41527700940488,5,"uVSG","-","-","FF08037720"
"M940","VDB|004F-01ED-0-0002|M940-c2886-c0-c9",3277,0.982606042111688,4.39906832298137,4,"uVSG","-","-","FF08037720"
"M1064","VDB|0038-001A-0-0001|M1064-c1042-c2-c7",62558,0.964145273186483,9.16518279035066,8,"uVSG","-","-","FF08037720"
"M892","VDB|001D-008F-0-0001|M892-c3062-c0-c21",8495,0.956444967628016,51.5950769230769,47,"uVSG","-","-","FF08037720"
"M1102","VDB|0047-0053-0-0002|M1102-c3501-c0-c15",3278,0.951799877974375,12.5003205128205,11,"kVSG","NC_024711_Uncultured_crAssphage","NC_0247111_Uncultured_crAssphage","FF08037720"
"M974","VDB|004E-002A-0-0000|M974-c3512-c0-c2",2306,0.935819601040763,11.3447636700649,12,"uVSG","-","-","FF08037720"
"M753","VDB|0010-0001-0-0003|M753-c3180-c0-c1",15483,0.930439837240845,4.34673052894627,4,"uVSG","-","-","FF08037720"
"M988","VDB|001D-002B-0-0001|M988-c3548-c3-c3",1866,0.908896034297964,5.17983490566038,5,"uVSG","-","-","FF08037720"
"M900","VDB|000C-0087-0-0003|M900-c3337-c0-c3",4195,0.902026221692491,3.55232558139535,3,"uVSG","-","-","FF08037720"
"M784","VDB|002F-0068-0-0001|M784-c3026-c1-c1",5100,0.852941176470588,5.86275862068966,5,"uVSG","-","-","FF08037720"
"M497","VDB|0027-0037-0-0000|M497-c3430-c0-c4",1930,0.844041450777202,3.74094536525476,3,"uVSG","-","-","FF08037720"
"M516","VDB|0016-000B-0-0002|M516-c2293-c0-c1",1647,0.834244080145719,3.19796215429403,2,"uVSG","-","-","FF08037720"
"M926","VDB|0001-0090-0-0000|M926-c3834-c0-c1",6901,0.833357484422547,2.77638671535385,2,"uVSG","-","-","FF08037720"
"M1073","VDB|0001-004C-0-0009|M1073-c3765-c1-c2",4035,0.82180916976456,2.37846803377563,2,"uVSG","-","-","FF08037720"
"M750","VDB|0004-002D-0-0003|M750-c2937-c2-c7",1784,0.797645739910314,3.72030920590302,3,"uVSG","-","-","FF08037720"
"M914","VDB|0040-010D-0-0001|M914-c1802-c0-c6",5142,0.762349280435628,18.4392857142857,16,"uVSG","-","-","FF08037720"
"M892","VDB|002F-0024-0-0000|M892-c3062-c0-c103",4160,1,220.947836538462,232,"uVSG","-","-","FF08037732"
"M738","VDB|0028-001B-0-000E|M738-c70-c0-c73",2975,1,38.741512605042,39,"uVSG","-","-","FF08037732"
"M756","VDB|000C-0004-0-0004|M756-c2952-c0-c0",37901,0.990976491385452,26.2434303362709,26,"uVSG","-","-","FF08037732"
"M282","VDB|0042-004B-0-0004|M282-c3840-c1-c4",6990,0.987839771101574,112.155394641564,124,"uVSG","-","-","FF08037732"
"M1102","VDB|004A-0090-0-0001|M1102-c3882-c0-c22",2037,0.977908689248895,31.7861445783133,31,"kVSG","NC_024711_Uncultured_crAssphage","NC_0247111_Uncultured_crAssphage","FF08037732"
"M302","VDB|002F-0144-0-0000|M302-c1701-c1-c1",51615,0.976654073428267,9.66536401507637,9,"uVSG","-","-","FF08037732"
"M1064","VDB|001E-002F-0-0000|M1064-c1042-c2-c1",83939,0.970180726479944,9.52379782896999,9,"uVSG","-","-","FF08037732"
"M497","VDB|0030-001C-0-0006|M497-c3430-c0-c1",8002,0.967633091727068,18.3259718455379,19,"uVSG","-","-","FF08037732"
"M1143","VDB|0020-0018-0-0000|M1143-c3930-c0-c0",8366,0.959239780062156,4.2008722741433,4,"uVSG","-","-","FF08037732"
"M432","VDB|0010-0147-0-0003|M432-c2037-c0-c7",8418,0.939415538132573,3.98356095093576,3,"uVSG","-","-","FF08037732"
"M806","VDB|0021-00B6-0-001A|M806-c3084-c0-c1",2112,0.923768939393939,3.21937467965146,3,"uVSG","-","-","FF08037732"
"M606","VDB|0002-001C-0-0000|M606-c2537-c0-c0",40403,0.917728881518699,9.77995630950134,10,"uVSG","-","-","FF08037732"
"M421","VDB|003A-0030-0-0002|M421-c2007-c0-c3",15202,0.875411130114459,5.82311391644124,5,"uVSG","-","-","FF08037732"
"M779","VDB|004A-0027-0-0006|M779-c3013-c0-c0",35369,0.868274477649919,4.00556821882123,3,"uVSG","-","-","FF08037732"
"M1117","VDB|0020-001A-0-0006|M1117-c3877-c1-c0",7264,0.848705947136564,5.70721816707218,4,"uVSG","-","-","FF08037732"
"M808","VDB|0047-0066-0-0006|M808-c3098-c0-c4",11508,0.847931873479319,13.225456036073,4,"uVSG","-","-","FF08037732"
"M298","VDB|003A-0020-0-0000|M298-c1691-c0-c9",12870,0.843900543900544,2.83150722769542,2,"uVSG","-","-","FF08037732"
"M1065","VDB|0021-001B-0-000B|M1065-c3748-c0-c0",1611,0.826815642458101,3.95720720720721,3,"uVSG","-","-","FF08037732"
"M10","VDB|001D-005B-0-0004|M10-c3368-c0-c0",8178,0.817192467595989,3.02603621128236,2,"uVSG","-","-","FF08037732"
"M520","VDB|0042-0013-0-0000|M520-c1947-c0-c13",17650,0.784702549575071,3.1012274368231,2,"uVSG","-","-","FF08037732"
"M697","VDB|0030-0055-0-0000|M697-c3861-c6-c10",5920,0.752364864864865,548.610013471037,559,"uVSG","-","-","FF08037732"
"M697","VDB|0010-00F3-0-0001|M697-c3861-c6-c0",10022,1,1153.16354021153,1045,"uVSG","-","-","FF08037743"
"M412","VDB|004F-0194-0-0003|M412-c2480-c2-c9",4124,1,32.5033947623666,23,"uVSG","-","-","FF08037743"
"M808","VDB|0010-0092-0-0000|M808-c3098-c0-c1",18422,0.999945717077407,25.1522175777645,25,"uVSG","-","-","FF08037743"
"M596","VDB|0035-0023-0-0004|M596-c2514-c0-c14",1661,0.998193859121011,13.5,13,"uVSG","-","-","FF08037743"
"M867","VDB|001D-00AB-0-0003|M867-c2429-c1-c14",2628,0.994672754946728,25.9713083397093,27,"uVSG","-","-","FF08037743"
"M892","VDB|004F-010D-0-0000|M892-c3062-c0-c19",8812,0.989673172945983,44.4618736383442,31,"uVSG","-","-","FF08037743"
"M987","VDB|0010-001A-0-0001|M987-c3538-c0-c6",6175,0.985425101214575,11.9446179129006,12,"uVSG","-","-","FF08037743"
"M459","VDB|004C-009D-0-0006|M459-c3388-c0-c1",10269,0.981497711559061,17.4720706419288,5,"uVSG","-","-","FF08037743"
"M797","VDB|0040-003A-0-0000|M797-c3070-c4-c6",2303,0.979157620495007,8.4980044345898,8,"uVSG","-","-","FF08037743"
"M441","VDB|0040-0129-0-0002|M441-c2353-c0-c13",2208,0.971920289855073,502.029822926375,412.5,"uVSG","-","-","FF08037743"
"M1064","VDB|0002-002F-0-0000|M1064-c1042-c2-c105",24967,0.971001722273401,9.85707214453657,5,"uVSG","-","-","FF08037743"
"M822","VDB|0030-0086-0-0028|M822-c965-c0-c27",10951,0.966304447082458,3.93413343413343,3,"uVSG","-","-","FF08037743"
"M85","VDB|0028-003F-0-0026|M85-c1219-c0-c0",7174,0.965709506551436,5.93187066974596,6,"uVSG","-","-","FF08037743"
"M1046","VDB|0001-00AF-0-0001|M1046-c1963-c0-c1",18234,0.959526159921027,8.2583447645176,7,"uVSG","-","-","FF08037743"
"M727","VDB|004C-0085-0-0003|M727-c2871-c0-c38",6383,0.94579351402162,7.99900612887196,8,"uVSG","-","-","FF08037743"
"M527","VDB|0048-0051-0-0000|M527-c2323-c0-c0",21538,0.945538118673972,5.03358703658237,4,"uVSG","-","-","FF08037743"
"M347","VDB|003A-0014-0-0001|M347-c1826-c0-c2",43263,0.917897510574856,4.04298557074866,4,"uVSG","-","-","FF08037743"
"M756","VDB|004C-0076-0-0001|M756-c2952-c0-c7",28685,0.916750915112428,11.2381640491311,9,"uVSG","-","-","FF08037743"
"M850","VDB|003A-0021-0-0003|M850-c1541-c0-c0",49942,0.901926234431941,32.5304591066513,32,"uVSG","-","-","FF08037743"
"M706","VDB|0001-00A1-0-0001|M706-c2807-c0-c4",24531,0.891851127145245,10.1238687265746,7,"uVSG","-","-","FF08037743"
"M858","VDB|0021-00B6-0-0025|M858-c3210-c3-c0",1997,0.875813720580871,6.48141795311607,6,"uVSG","-","-","FF08037743"
"M820","VDB|001E-006B-0-0004|M820-c3132-c0-c7",2017,0.864154685176004,3.23121055651176,3,"uVSG","-","-","FF08037743"
"M657","VDB|0001-008D-0-0000|M657-c2693-c0-c0",6498,0.851954447522315,4.48518786127168,4,"uVSG","-","-","FF08037743"
"M1110","VDB|004C-008A-0-0006|M1110-c3101-c0-c21",7314,0.836341263330599,7.54798103645578,3,"uVSG","-","-","FF08037743"
"M378","VDB|0048-004C-0-0001|M378-c190-c0-c12",28950,0.828151986183074,6.14556830031283,6,"uVSG","-","-","FF08037743"
"M282","VDB|0051-0083-0-000C|M282-c3522-c0-c6",7246,0.827077008004416,45.8359753045219,38,"uVSG","-","-","FF08037743"
"M355","VDB|004A-0078-0-0001|M355-c1852-c2-c2",4319,0.811993517017828,5.46022241231822,5,"uVSG","-","-","FF08037743"
"M902","VDB|004C-0052-0-0002|M902-c3340-c0-c2",13405,0.794703468854905,65.708908288745,67,"uVSG","-","-","FF08037743"
"M848","VDB|0008-00E4-0-0000|M848-c3188-c0-c0",2824,0.787889518413598,4.05483146067416,4,"uVSG","-","-","FF08037743"
"M1017","VDB|004F-018A-0-0000|M1017-c3634-c0-c1",12440,0.758762057877813,3.12490729950207,3,"uVSG","-","-","FF08037743"
"M1147","VDB|0030-0056-0-0002|M1147-c2325-c0-c30",2044,1,64.584637964775,68,"uVSG","-","-","FF08037765"
"M697","VDB|0015-000A-0-0000|M697-c3861-c6-c15",4399,1,1388.88360991134,1443,"uVSG","-","-","FF08037765"
"M1224","VDB|0048-0033-0-0001|M1224-c997-c0-c4",4134,0.999758103531688,8.57682071134769,8,"uVSG","-","-","FF08037765"
"M178","VDB|0048-0042-0-0003|M178-c1442-c0-c1",6765,0.99970436067997,10.459115777022,10,"uVSG","-","-","FF08037765"
"M1138","VDB|000D-0023-0-0002|M1138-c3917-c0-c0",16396,0.995242742132227,12.019487682314,12,"uVSG","-","-","FF08037765"
"M282","VDB|0040-0103-0-0001|M282-c3840-c1-c40",3496,0.988272311212815,91.4060781476122,98,"uVSG","-","-","FF08037765"
"M1070","VDB|0047-004D-0-0000|M1070-c3759-c0-c0",1617,0.98330241187384,8.78867924528302,8,"uVSG","-","-","FF08037765"
"M448","VDB|004C-00DB-0-0000|M448-c2070-c2-c9",1725,0.983188405797101,6.02594339622642,5,"uVSG","-","-","FF08037765"
"M808","VDB|0010-0092-0-0000|M808-c3098-c0-c1",18422,0.978829660188905,59.0367125110914,59,"uVSG","-","-","FF08037765"
"M939","VDB|0037-00E7-0-0000|M939-c3437-c0-c0",24880,0.969453376205788,6.11861525704809,6,"uVSG","-","-","FF08037765"
"M531","VDB|002F-00E7-0-0000|M531-c2357-c1-c2",7051,0.9635512693235,5.54989696791286,5,"uVSG","-","-","FF08037765"
"M1034","VDB|0021-0024-0-0004|M1034-c3668-c0-c0",1656,0.96256038647343,3.65244667503137,3,"uVSG","-","-","FF08037765"
"M1056","VDB|0028-0052-0-0009|M1056-c3720-c2-c0",1625,0.958153846153846,22.0642260757868,25,"uVSG","-","-","FF08037765"
"M462","VDB|002E-0011-0-0000|M462-c2097-c0-c5",6978,0.941530524505589,76.1117199391172,78,"uVSG","-","-","FF08037765"
"M390","VDB|0051-0083-0-0000|M390-c1934-c0-c2",3549,0.929557621865314,4.41891482267354,4,"uVSG","-","-","FF08037765"
"M805","VDB|0027-0017-0-0002|M805-c3083-c2-c1",3639,0.913987359164606,10.0667468430547,9,"uVSG","-","-","FF08037765"
"M727","VDB|0001-00A1-0-0003|M727-c2871-c0-c15",14918,0.909572328730393,11.685680595475,11,"uVSG","-","-","FF08037765"
"M1098","VDB|0013-0048-0-0004|M1098-c3832-c0-c1",5167,0.907683375266112,9.91940298507463,8,"uVSG","-","-","FF08037765"
"M687","VDB|001F-005E-0-0001|M687-c3207-c0-c2",2572,0.897744945567652,5.82763100909485,5,"uVSG","-","-","FF08037765"
"M832","VDB|004C-0062-0-0001|M832-c3151-c0-c0",25602,0.891063198187642,10.8535484153772,11,"uVSG","-","-","FF08037765"
"M1206","VDB|0013-003F-0-0002|M1206-c567-c0-c2",31993,0.889288281811646,21.517697093248,19,"kVSG","NC_001895_Enterobacteria_phage_P2","NC_0018951_Enterobacteria_phage_P2|NC_0227501_Enterobacteria_phage_fiAA91ss|NC_0047451_Yersinia_phage_L413C|NC_0050561_Escherichia_phage_Wphi|NC_0217741_Salmonella_phage_FSL_SP004|NC_0288961_Escherichia_phage_pro147","FF08037765"
"M520","VDB|001E-00CB-0-0000|M520-c2240-c1-c2",29589,0.883909560985501,4.07968188422421,4,"uVSG","-","-","FF08037765"
"M765","VDB|004C-00EE-0-0003|M765-c2978-c0-c0",6889,0.878501959645812,4.19927296761401,3,"uVSG","-","-","FF08037765"
"M690","VDB|0046-00BC-0-0002|M690-c2764-c0-c4",3745,0.863551401869159,3.07235621521336,3,"uVSG","-","-","FF08037765"
"M229","VDB|000D-003E-0-0004|M229-c1542-c3-c17",6090,0.839408866995074,57.3431142410016,45,"uVSG","-","-","FF08037765"
"M1068","VDB|004C-0088-0-0006|M1068-c3753-c0-c0",6731,0.823354627841331,3.93756766510285,3,"uVSG","-","-","FF08037765"
"M163","VDB|0037-00DC-0-0003|M163-c1404-c0-c0",16287,0.807331000184196,4.36618754277892,4,"uVSG","-","-","FF08037765"
"M1082","VDB|0013-0045-0-0002|M1082-c3796-c0-c1",1576,0.803299492385787,2.15007898894155,2,"uVSG","-","-","FF08037765"
"M523","VDB|0037-0119-0-0000|M523-c2314-c1-c1",2865,0.768586387434555,7.39100817438692,5,"uVSG","-","-","FF08037765"
"M600","VDB|004C-00BE-0-0003|M600-c3273-c0-c1",19973,0.7586241425925,3.37196409714889,3,"uVSG","-","-","FF08037765"
"M954","VDB|0012-0002-0-0002|M954-c3506-c0-c7",2143,1,15.0135324311713,14,"uVSG","-","-","FF08037772"
"M697","VDB|0015-000A-0-0000|M697-c3861-c6-c15",4399,1,1750.65264832917,1844,"uVSG","-","-","FF08037772"
"M900","VDB|000C-0087-0-0003|M900-c3337-c0-c3",4195,0.999046483909416,6.87091386303985,6,"uVSG","-","-","FF08037772"
"M829","VDB|0052-0060-0-0001|M829-c3144-c0-c1",2044,0.993150684931507,48.4862068965517,52,"uVSG","-","-","FF08037772"
"M1117","VDB|0051-0015-0-0001|M1117-c1761-c0-c0",63094,0.98773258946968,18.9829589216945,18,"uVSG","-","-","FF08037772"
"M465","VDB|0021-005F-0-0008|M465-c134-c0-c5",58346,0.936945120488123,13.4565642892421,13,"uVSG","-","-","FF08037772"
"M892","VDB|0008-0053-0-0002|M892-c3062-c0-c4",14664,0.931055646481178,39.2205376107815,40,"uVSG","-","-","FF08037772"
"M27","VDB|0030-0019-0-0000|M27-c2064-c1-c3",1775,0.900845070422535,3.77360850531582,3,"uVSG","-","-","FF08037772"
"M497","VDB|0027-0037-0-0000|M497-c3430-c0-c4",1930,0.898963730569948,6.10201729106628,5,"uVSG","-","-","FF08037772"
"M176","VDB|002C-0005-0-0016|M176-c907-c0-c11",2385,0.89559748427673,2.39747191011236,2,"uVSG","-","-","FF08037772"
"M759","VDB|0050-005D-0-0000|M759-c2960-c2-c6",1993,0.832413447064727,12.50452079566,5,"uVSG","-","-","FF08037772"
"M229","VDB|0048-0060-0-0000|M229-c1542-c3-c6",9399,0.826577295456963,61.8017762903849,15,"uVSG","-","-","FF08037772"
"M1306","VDB|0030-0028-0-000B|M1306-c875-c1-c1",13064,0.823254745866503,3.7580660158066,3,"uVSG","-","-","FF08037772"
"M687","VDB|001F-005E-0-0001|M687-c3207-c0-c2",2572,0.804043545878694,5.87137330754352,5,"uVSG","-","-","FF08037772"
"M472","VDB|0012-0024-0-0003|M472-c2144-c0-c5",1732,0.786374133949192,3.7870778267254,3,"uVSG","-","-","FF08037772"
"M899","VDB|0046-0032-0-0000|M899-c3334-c0-c1",1952,0.783299180327869,3.21451929365598,3,"uVSG","-","-","FF08037772"
"M49","VDB|003A-0026-0-0005|M49-c1127-c0-c4",1721,0.782684485764091,2.69858945805494,2,"uVSG","-","-","FF08037772"
"M898","VDB|000E-0029-0-0003|M898-c3330-c2-c1",2058,0.774538386783285,8.9861982434128,9,"uVSG","-","-","FF08037772"
"M697","VDB|0006-0046-0-0000|M697-c3861-c6-c14",4789,1,1227.09187721863,1393,"uVSG","-","-","FF08037786"
"M630","VDB|0010-004A-0-0003|M630-c1973-c1-c0",15771,1,33.662037917697,34,"uVSG","-","-","FF08037786"
"M663","VDB|0010-014E-0-0006|M663-c2703-c0-c3",6161,1,35.064275279987,36,"uVSG","-","-","FF08037786"
"M696","VDB|0002-0030-0-0006|M696-c2774-c1-c7",2583,0.994967092528068,22.6894941634241,24,"uVSG","-","-","FF08037786"
"M500","VDB|000E-0005-0-0006|M500-c2246-c1-c3",3307,0.986090111883883,9.04661146887458,8,"uVSG","-","-","FF08037786"
"M1068","VDB|004C-0088-0-0006|M1068-c3753-c0-c0",6731,0.981132075471698,7.00514839491217,6,"uVSG","-","-","FF08037786"
"M1115","VDB|001E-0077-0-0006|M1115-c3874-c0-c2",7737,0.979578648054802,5.50362844702467,5,"uVSG","-","-","FF08037786"
"M850","VDB|002C-000D-0-000D|M850-c1541-c0-c2",42761,0.976216646009214,13.3629024530471,13,"uVSG","-","-","FF08037786"
"M990","VDB|001D-0116-0-000A|M990-c2783-c0-c2",6718,0.975141411134266,138.729201648603,144,"uVSG","-","-","FF08037786"
"M808","VDB|0010-0092-0-0000|M808-c3098-c0-c1",18422,0.967701661057431,107.925394065182,109,"uVSG","-","-","FF08037786"
"M453","VDB|0021-00B9-0-001D|M453-c67-c1-c50",1532,0.962793733681462,37.1518644067797,45,"uVSG","-","-","FF08037786"
"M1063","VDB|001E-0012-0-0002|M1063-c3742-c0-c0",18282,0.961875068373263,10.4172305942565,10,"uVSG","-","-","FF08037786"
"M995","VDB|001E-00BF-0-0000|M995-c3569-c0-c1",19465,0.958386848189057,10.8324309836505,10,"uVSG","-","-","FF08037786"
"M311","VDB|0051-0098-0-0002|M311-c1716-c0-c25",1972,0.949797160243408,3.72770955686065,3,"kVSG","NC_029014_Parabacteroides_phage_YZ2015b","NC_0290141_Parabacteroides_phage_YZ2015b","FF08037786"
"M282","VDB|0001-00CF-0-0007|M282-c1770-c3-c33",4591,0.944456545414942,123.591097785978,130,"uVSG","-","-","FF08037786"
"M448","VDB|004C-00DB-0-0000|M448-c2070-c2-c9",1725,0.932173913043478,7.27363184079602,7,"uVSG","-","-","FF08037786"
"M600","VDB|004C-00BE-0-0003|M600-c3273-c0-c1",19973,0.907074550643369,5.32207319092565,5,"uVSG","-","-","FF08037786"
"M988","VDB|0002-0016-0-0002|M988-c3548-c3-c2",2073,0.904486251808972,45.4592,50,"uVSG","-","-","FF08037786"
"M914","VDB|0040-010D-0-0001|M914-c1802-c0-c6",5142,0.897121742512641,31.5176674615218,35,"uVSG","-","-","FF08037786"
"M733","VDB|000E-000C-0-0006|M733-c2894-c0-c0",28470,0.890762205830699,4.93395110410095,4,"uVSG","-","-","FF08037786"
"M962","VDB|002F-00C8-0-0002|M962-c3487-c0-c0",21427,0.884258178933122,161.272496965219,166,"uVSG","-","-","FF08037786"
"M1073","VDB|002E-0019-0-000A|M1073-c3765-c1-c0",14058,0.879499217527387,10.318990617923,5,"uVSG","-","-","FF08037786"
"M615","VDB|0010-014E-0-0008|M615-c2544-c0-c0",14265,0.865545040308447,167.733457520045,170,"uVSG","-","-","FF08037786"
"M806","VDB|0046-014B-0-0000|M806-c3084-c0-c1",2657,0.849077907414377,3.37145390070922,3,"uVSG","-","-","FF08037786"
"M1048","VDB|004D-0014-0-0000|M1048-c3700-c0-c6",5747,0.780581172785801,130.106330806955,154,"uVSG","-","-","FF08037786"
"M851","VDB|002C-000F-0-0003|M851-c2148-c0-c1",5790,0.758721934369603,3.8946050534942,3,"uVSG","-","-","FF08037786"
"M808","VDB|0010-0092-0-0000|M808-c3098-c0-c1",18422,1,22.3294430572142,21,"uVSG","-","-","FF08037807"
"M892","VDB|001D-008F-0-0001|M892-c3062-c0-c21",8495,0.999293702177752,93.8547532100365,64,"uVSG","-","-","FF08037807"
"M697","VDB|0010-00F3-0-0001|M697-c3861-c6-c0",10022,0.998702853721812,172.448596263363,185,"uVSG","-","-","FF08037807"
"M535","VDB|0021-007D-0-000E|M535-c2370-c1-c2",3158,0.995566814439519,13.7321882951654,13,"uVSG","-","-","FF08037807"
"M987","VDB|0008-00C7-0-0000|M987-c2772-c0-c0",29719,0.994515293246744,8.14254296927866,8,"uVSG","-","-","FF08037807"
"M497","VDB|000E-000C-0-0005|M497-c3430-c0-c2",6520,0.978067484662577,4.41916261564999,4,"uVSG","-","-","FF08037807"
"M282","VDB|0045-002A-0-0003|M282-c3522-c0-c7",7176,0.976449275362319,70.6482089339232,84,"uVSG","-","-","FF08037807"
"M914","VDB|004C-0034-0-0001|M914-c1802-c0-c15",2755,0.962613430127042,17.8337104072398,19,"uVSG","-","-","FF08037807"
"M1116","VDB|0045-0075-0-0004|M1116-c3875-c0-c6",4271,0.956684617185671,17.7430249632893,18,"uVSG","-","-","FF08037807"
"M1063","VDB|001E-0012-0-0002|M1063-c3742-c0-c0",18282,0.93485395470955,4.67760809782927,4,"uVSG","-","-","FF08037807"
"M1046","VDB|0001-00BC-0-0001|M1046-c3148-c0-c6",2902,0.924190213645762,21.316927665921,20,"uVSG","-","-","FF08037807"
"M347","VDB|0026-0001-0-0001|M347-c1826-c0-c5",2756,0.902757619738752,3.17443729903537,3,"uVSG","-","-","FF08037807"
"M428","VDB|004C-0029-0-0007|M428-c2706-c0-c0",31374,0.894179894179894,6.23394168389534,6,"kVSG","NC_018285_Streptococcus_phage_YMC2011","NC_0182851_Streptococcus_phage_YMC2011","FF08037807"
"M1120","VDB|0008-00B2-0-0001|M1120-c3093-c0-c6",2215,0.880812641083521,3.27985648385443,3,"uVSG","-","-","FF08037807"
"M899","VDB|0046-0032-0-0000|M899-c3334-c0-c1",1952,0.85297131147541,5.15555555555556,4,"uVSG","-","-","FF08037807"
"M1308","VDB|0010-0135-0-0004|M1308-c880-c0-c13",7532,0.849309612320765,3.14006565577615,3,"uVSG","-","-","FF08037807"
"M801","VDB|002F-0034-0-0000|M801-c3412-c0-c19",1917,0.844548774126239,13.976528721433,14,"uVSG","-","-","FF08037807"
"M1003","VDB|0048-0044-0-0005|M1003-c3592-c0-c1",13802,0.815678887117809,14.0800319772606,13,"uVSG","-","-","FF08037807"
"M995","VDB|001E-00BF-0-0000|M995-c3569-c0-c1",19465,0.802825584382225,42.9090676393422,7,"uVSG","-","-","FF08037807"
"M309","VDB|0001-00B5-0-0001|M309-c1278-c0-c0",59691,0.784339347640348,19.2348028536033,11,"uVSG","-","-","FF08037807"
"M635","VDB|0028-005A-0-0000|M635-c3752-c0-c1",1867,0.782538832351366,2.64887063655031,2,"uVSG","-","-","FF08037807"
"M967","VDB|0021-006B-0-0002|M967-c3496-c0-c0",5571,0.769700233351283,207.433768656716,225,"uVSG","-","-","FF08037807"
"M441","VDB|0021-00B6-0-0076|M441-c2494-c2-c2",2912,1,938.108173076923,974,"uVSG","-","-","FF08037834"
"M954","VDB|0012-0002-0-0002|M954-c3506-c0-c7",2143,1,7.7167522165189,8,"uVSG","-","-","FF08037834"
"M1333","VDB|0037-008F-0-0004|M1333-c957-c0-c30",3832,1,28.9470250521921,28,"uVSG","-","-","FF08037834"
"M766","VDB|0046-004C-0-0001|M766-c2984-c2-c0",4354,0.997014239779513,21.1732319741995,23,"uVSG","-","-","FF08037834"
"M378","VDB|0010-0104-0-0001|M378-c190-c1-c0",8806,0.989098342039519,6.95545350172216,7,"uVSG","-","-","FF08037834"
"M697","VDB|0048-005B-0-0003|M697-c3861-c6-c1",9328,0.988529159519726,429.425225029823,234,"uVSG","-","-","FF08037834"
"M282","VDB|0045-002A-0-0003|M282-c3522-c0-c7",7176,0.983835005574136,86.1498583569405,55.5,"uVSG","-","-","FF08037834"
"M1084","VDB|004C-0094-0-0003|M1084-c3798-c0-c0",22893,0.975101559428646,15.7163015723693,16,"uVSG","-","-","FF08037834"
"M939","VDB|0037-00E7-0-0000|M939-c3437-c0-c0",24880,0.966760450160772,4.79345611773999,4,"uVSG","-","-","FF08037834"
"M1102","VDB|0040-0137-0-0003|M1102-c3882-c0-c12",4265,0.951465416178195,528.53794972893,543,"kVSG","NC_024711_Uncultured_crAssphage","NC_0247111_Uncultured_crAssphage","FF08037834"
"M1056","VDB|0028-0052-0-0009|M1056-c3720-c2-c0",1625,0.950769230769231,16.7423948220065,16,"uVSG","-","-","FF08037834"
"M112","VDB|0002-000F-0-0001|M112-c1289-c1-c0",26574,0.934898773236999,7.00470938657221,6,"uVSG","-","-","FF08037834"
"M832","VDB|0010-01A7-0-0002|M832-c3151-c0-c5",17994,0.931254862732022,4.99194366533389,4,"uVSG","-","-","FF08037834"
"M347","VDB|0010-00B4-0-000B|M347-c1113-c0-c9",5823,0.926154902970977,6.35972557018357,6,"uVSG","-","-","FF08037834"
"M855","VDB|002C-0000-0-0000|M855-c3350-c0-c4",2602,0.921983089930822,22.5527303042935,23,"uVSG","-","-","FF08037834"
"M267","VDB|0040-012D-0-0005|M267-c1617-c0-c1",3172,0.921185372005044,22.2843942505133,26,"uVSG","-","-","FF08037834"
"M1138","VDB|000D-0023-0-0002|M1138-c3917-c0-c0",16396,0.907843376433276,4.34591871011085,4,"uVSG","-","-","FF08037834"
"M448","VDB|004C-00DB-0-0000|M448-c2070-c2-c9",1725,0.900869565217391,2.72972972972973,3,"uVSG","-","-","FF08037834"
"M738","VDB|004C-00E3-0-0002|M738-c70-c0-c142",12458,0.867795793867394,565.549532883174,545,"uVSG","-","-","FF08037834"
"M523","VDB|0037-0119-0-0000|M523-c2314-c1-c1",2865,0.858289703315881,8.35542903619358,7,"uVSG","-","-","FF08037834"
"M892","VDB|0001-0085-0-0004|M892-c3062-c0-c10",11651,0.857265470775041,88.4134961954345,110,"uVSG","-","-","FF08037834"
"M49","VDB|0008-009A-0-0000|M49-c1127-c0-c5",1564,0.835677749360614,2.47742922723795,2,"uVSG","-","-","FF08037834"
"M1255","VDB|001E-009C-0-0003|M1255-c760-c0-c0",57965,0.807677046493574,13.4157891364248,12,"uVSG","-","-","FF08037834"
"M974","VDB|0001-0117-0-0000|M974-c3512-c0-c4",1769,0.797625777275297,5.68674698795181,5,"uVSG","-","-","FF08037834"
"M902","VDB|004C-0052-0-0002|M902-c3340-c0-c2",13405,0.78798955613577,30.6877780933447,30,"uVSG","-","-","FF08037834"
"M1082","VDB|004E-000C-0-0001|M1082-c3796-c0-c0",3991,0.775995990979704,25.7055214723926,27,"uVSG","-","-","FF08037834"
"M520","VDB|0012-0044-0-0001|M520-c1859-c0-c1",14460,0.756500691562932,44.249382941768,48,"uVSG","-","-","FF08037834"
"M697","VDB|0010-00F3-0-0001|M697-c3861-c6-c0",10022,1,1365.50788265815,1641,"uVSG","-","-","FF08037849"
"M808","VDB|0010-0092-0-0000|M808-c3098-c0-c1",18422,1,46.7905222017153,47,"uVSG","-","-","FF08037849"
"M967","VDB|0021-006B-0-0002|M967-c3496-c0-c0",5571,0.996230479267636,666.674414414414,680,"uVSG","-","-","FF08037849"
"M646","VDB|0021-00AC-0-0030|M646-c68-c1-c0",3253,0.994774054718721,7.32200247218789,7,"uVSG","-","-","FF08037849"
"M1111","VDB|0021-00B1-0-0028|M1111-c3891-c0-c1",1526,0.99475753604194,17.6785243741765,19,"uVSG","-","-","FF08037849"
"M1064","VDB|0038-001A-0-0001|M1064-c1042-c2-c7",62558,0.9625307714441,12.7943667585611,11,"uVSG","-","-","FF08037849"
"M282","VDB|0013-0036-0-0001|M282-c3840-c1-c6",6488,0.901510480887793,27.6083091126688,26,"uVSG","-","-","FF08037849"
"M988","VDB|0002-0016-0-0002|M988-c3548-c3-c2",2073,0.884225759768452,16.999454446263,18,"uVSG","-","-","FF08037849"
"M696","VDB|0047-0002-0-0004|M696-c2774-c1-c10",2219,0.881478143307796,3.98517382413088,3,"uVSG","-","-","FF08037849"
"M936","VDB|001D-006D-0-0000|M936-c3738-c0-c8",2140,0.867289719626168,4.72252155172414,4,"uVSG","-","-","FF08037849"
"M347","VDB|0031-001A-0-0002|M347-c1113-c0-c1",51423,0.863115726425918,4.06263518385004,4,"uVSG","-","-","FF08037849"
"M687","VDB|0010-0071-0-0002|M687-c3207-c0-c1",5185,0.86152362584378,3.53055742108798,3,"uVSG","-","-","FF08037849"
"M738","VDB|0050-00BD-0-0001|M738-c70-c0-c135",14441,0.786510629457794,12.6583905617186,12,"uVSG","-","-","FF08037849"
"M940","VDB|004F-01ED-0-0002|M940-c2886-c0-c9",3277,0.786389990845285,2.90376406674428,2,"uVSG","-","-","FF08037849"
"M750","VDB|0004-002D-0-0003|M750-c2937-c2-c7",1784,0.780269058295964,3.42456896551724,3,"uVSG","-","-","FF08037849"
"M1102","VDB|0047-0053-0-0002|M1102-c3501-c0-c15",3278,0.75045759609518,10.3886178861789,11,"kVSG","NC_024711_Uncultured_crAssphage","NC_0247111_Uncultured_crAssphage","FF08037849"
"M441","VDB|0021-00B6-0-0076|M441-c2494-c2-c2",2912,1,2704.0467032967,2810,"uVSG","-","-","FF08037861"
"M697","VDB|0040-00CF-0-0002|M697-c3861-c6-c9",6630,1,1422.5,1280,"uVSG","-","-","FF08037861"
"M531","VDB|002F-00E7-0-0000|M531-c2357-c1-c2",7051,1,76.4715643171181,65,"uVSG","-","-","FF08037861"
"M1138","VDB|000D-0023-0-0002|M1138-c3917-c0-c0",16396,0.994083922908026,21.1531382293392,21,"uVSG","-","-","FF08037861"
"M832","VDB|0046-0177-0-0000|M832-c3151-c0-c1",21735,0.991534391534391,20.8113312607304,20,"uVSG","-","-","FF08037861"
"M311","VDB|0026-0044-0-0000|M311-c1716-c0-c21",2349,0.981694338016177,10.5533391153513,7,"kVSG","NC_029014_Parabacteroides_phage_YZ2015b","NC_0290141_Parabacteroides_phage_YZ2015b","FF08037861"
"M282","VDB|0045-002A-0-0003|M282-c3522-c0-c7",7176,0.975752508361204,35.7155098543273,31,"uVSG","-","-","FF08037861"
"M867","VDB|0021-00B0-0-0024|M867-c3209-c0-c10",1997,0.969954932398598,17.5988642230253,18,"uVSG","-","-","FF08037861"
"M776","VDB|0010-00F0-0-0003|M776-c987-c0-c2",91946,0.934015617862659,13.1486277203973,13,"uVSG","-","-","FF08037861"
"M756","VDB|0008-00B9-0-0003|M756-c2952-c0-c4",32469,0.918476084880963,17.7898866608544,17,"uVSG","-","-","FF08037861"
"M808","VDB|0047-0066-0-0006|M808-c3098-c0-c4",11508,0.909628084810567,18.3449560565533,5,"uVSG","-","-","FF08037861"
"M797","VDB|0008-00ED-0-0005|M797-c3070-c4-c2",3917,0.874904263466939,7.19959147942807,7,"uVSG","-","-","FF08037861"
"M1077","VDB|004F-014E-0-0000|M1077-c3780-c0-c7",1672,0.842703349282297,3.83250532292406,3,"uVSG","-","-","FF08037861"
"M858","VDB|002F-0132-0-0000|M858-c3210-c3-c0",2294,0.809503051438535,5.99623047926764,5,"uVSG","-","-","FF08037861"
"M902","VDB|004C-0052-0-0002|M902-c3340-c0-c2",13405,0.795822454308094,37.5746156730409,39,"uVSG","-","-","FF08037861"
"M995","VDB|001E-00BF-0-0000|M995-c3569-c0-c1",19465,0.792345235037246,23.3151137910912,4,"uVSG","-","-","FF08037861"
"M927","VDB|004F-0252-0-0003|M927-c1197-c0-c12",1756,0.760250569476082,6.96104868913858,8,"uVSG","-","-","FF08037861"
"M1098","VDB|004C-0029-0-0000|M1098-c2579-c0-c3",3063,1,229.124387855044,302,"uVSG","-","-","FF08037864"
"M957","VDB|0010-016A-0-0002|M957-c3472-c0-c0",2516,0.998012718600954,35.6981282357626,37,"uVSG","-","-","FF08037864"
"M706","VDB|0046-018C-0-0000|M706-c2807-c0-c74",6033,0.99602187966186,101.411715759694,102,"uVSG","-","-","FF08037864"
"M1138","VDB|000D-0023-0-0002|M1138-c3917-c0-c0",16396,0.994327884849963,26.9668772618536,27,"uVSG","-","-","FF08037864"
"M791","VDB|0021-00B0-0-0058|M791-c1901-c0-c0",4377,0.993831391363948,20.9827586206897,20,"uVSG","-","-","FF08037864"
"M282","VDB|0016-0085-0-0001|M282-c3522-c0-c5",9468,0.986797634136037,928.125013379,1151,"uVSG","-","-","FF08037864"
"M1075","VDB|0021-00B6-0-003E|M1075-c3777-c1-c0",1592,0.978015075376884,13.0706486833654,10,"uVSG","-","-","FF08037864"
"M95","VDB|004C-0097-0-0004|M95-c1234-c0-c5",3772,0.966861081654295,5.4126679462572,5,"uVSG","-","-","FF08037864"
"M441","VDB|0047-0084-0-0003|M441-c2494-c2-c4",2964,0.939271255060729,87.4669540229885,47,"uVSG","-","-","FF08037864"
"M457","VDB|0021-0062-0-0008|M457-c2084-c0-c1",42994,0.933572126343211,5.45996312721112,5,"uVSG","-","-","FF08037864"
"M892","VDB|0001-0085-0-0004|M892-c3062-c0-c10",11651,0.930478070551884,390.444792915783,353,"uVSG","-","-","FF08037864"
"M325","VDB|0008-00EB-0-0004|M325-c1768-c0-c0",55524,0.906670989121821,4.67845933812721,4,"uVSG","-","-","FF08037864"
"M550","VDB|000C-003C-0-0000|M550-c2194-c0-c0",16699,0.879992813940955,10.9801292956788,9,"uVSG","-","-","FF08037864"
"M1214","VDB|002F-00A2-0-0003|M1214-c581-c1-c2",4212,0.865147198480532,5.35702524698134,5,"uVSG","-","-","FF08037864"
"M1064","VDB|001E-00CE-0-0006|M1064-c3816-c1-c0",4379,0.85544644896095,42.7028830752803,42,"uVSG","-","-","FF08037864"
"M776","VDB|004F-0100-0-0001|M776-c2215-c0-c4",2668,0.83208395802099,18.2738738738739,19,"uVSG","-","-","FF08037864"
"M697","VDB|0012-004C-0-0006|M697-c3861-c6-c3",8968,0.831512042818912,27.8111841223012,21,"uVSG","-","-","FF08037864"
"M759","VDB|0050-005D-0-0000|M759-c2960-c2-c6",1993,0.830908178625188,16.3115942028986,6,"uVSG","-","-","FF08037864"
"M801","VDB|0028-0056-0-0004|M801-c143-c0-c9",2469,1,104.911300121507,108,"uVSG","-","-","FF08037872"
"M441","VDB|0021-00B6-0-0076|M441-c2494-c2-c2",2912,1,2061.02678571429,2163.5,"uVSG","-","-","FF08037872"
"M1020","VDB|0037-001F-0-0000|M1020-c3639-c0-c3",2955,1,19.8866328257191,19,"uVSG","-","-","FF08037872"
"M697","VDB|0010-00F3-0-0001|M697-c3861-c6-c0",10022,1,919.660746358012,974,"uVSG","-","-","FF08037872"
"M488","VDB|004A-001B-0-0006|M488-c3005-c0-c5",2214,1,90.7018970189702,104,"uVSG","-","-","FF08037872"
"M651","VDB|001F-002E-0-0000|M651-c2751-c0-c6",2782,0.999640546369518,106.345559151384,37,"uVSG","-","-","FF08037872"
"M908","VDB|0021-0032-0-0001|M908-c3351-c0-c0",1871,0.99946552645644,19.827807486631,19,"uVSG","-","-","FF08037872"
"M987","VDB|0037-00EE-0-0000|M987-c2772-c0-c1",2119,0.997640396413403,11.7057710501419,12.5,"uVSG","-","-","FF08037872"
"M1143","VDB|0020-0018-0-0000|M1143-c3930-c0-c0",8366,0.990676547932106,9.61776061776062,9,"uVSG","-","-","FF08037872"
"M1031","VDB|0047-001E-0-0005|M1031-c3683-c0-c0",17516,0.98841059602649,10.3953098827471,9,"uVSG","-","-","FF08037872"
"M497","VDB|0047-0087-0-0002|M497-c2239-c0-c12",5838,0.977903391572456,5.76633385881941,5,"uVSG","-","-","FF08037872"
"M140","VDB|0014-001A-0-0001|M140-c1360-c0-c0",6598,0.964534707487117,17.6646763042112,17,"uVSG","-","-","FF08037872"
"M855","VDB|001E-00B0-0-0000|M855-c2416-c0-c27",4458,0.955361148497084,18.9018548955154,19,"uVSG","-","-","FF08037872"
"M282","VDB|0045-002A-0-0003|M282-c3522-c0-c7",7176,0.951923076923077,80.9793588054458,82,"uVSG","-","-","FF08037872"
"M779","VDB|0012-004B-0-0001|M779-c3013-c0-c1",29924,0.948268948001604,7.14114040033831,7,"uVSG","-","-","FF08037872"
"M867","VDB|0021-0059-0-0002|M867-c2196-c3-c11",3256,0.944410319410319,7.84617886178862,7,"uVSG","-","-","FF08037872"
"M706","VDB|002C-0005-0-001A|M706-c2807-c0-c0",33806,0.938235816127315,11.5355949303235,11,"uVSG","-","-","FF08037872"
"M947","VDB|002B-0009-0-0005|M947-c3449-c0-c2",9707,0.932213866282064,16.2377058238479,16,"uVSG","-","-","FF08037872"
"M1147","VDB|0015-0036-0-0001|M1147-c3381-c1-c16",10629,0.929626493555367,61.6835340552576,16,"uVSG","-","-","FF08037872"
"M1117","VDB|0020-001A-0-0006|M1117-c3877-c1-c0",7264,0.926486784140969,6.53580980683507,6,"uVSG","-","-","FF08037872"
"M687","VDB|0010-0071-0-0002|M687-c3207-c0-c1",5185,0.925361620057859,3.59274697790746,3,"uVSG","-","-","FF08037872"
"M1064","VDB|0002-002F-0-0000|M1064-c1042-c2-c105",24967,0.914487123002363,22.5265854940434,22,"uVSG","-","-","FF08037872"
"M646","VDB|0024-0030-0-0000|M646-c2666-c0-c0",15871,0.901014428832462,16.2923076923077,16,"uVSG","-","-","FF08037872"
"M347","VDB|0010-00B4-0-000B|M347-c1113-c0-c9",5823,0.897818993645887,3.67750573833206,3,"uVSG","-","-","FF08037872"
"M759","VDB|0050-005D-0-0000|M759-c2960-c2-c6",1993,0.89764174611139,4.77808831749581,4,"uVSG","-","-","FF08037872"
"M506","VDB|0028-0079-0-0004|M506-c958-c0-c27",8807,0.894856364255706,86.4064205050121,88,"uVSG","-","-","FF08037872"
"M619","VDB|0021-00B7-0-000D|M619-c2631-c0-c6",13720,0.893294460641399,7.93962140992167,8,"uVSG","-","-","FF08037872"
"M898","VDB|0037-00E0-0-0002|M898-c3330-c2-c2",2055,0.88661800486618,9.28759604829857,9,"uVSG","-","-","FF08037872"
"M892","VDB|001E-0033-0-0002|M892-c3062-c0-c11",11172,0.86672037235947,55.9517711453062,50,"uVSG","-","-","FF08037872"
"M808","VDB|0047-0066-0-0006|M808-c3098-c0-c4",11508,0.848800834202294,10.7248157248157,4,"uVSG","-","-","FF08037872"
"M705","VDB|0021-002E-0-0001|M705-c2806-c3-c1",2450,0.833469387755102,19.6831537708129,16,"uVSG","-","-","FF08037872"
"M1138","VDB|000D-0023-0-0002|M1138-c3917-c0-c0",16396,0.819956086850451,2.73787563225231,2,"uVSG","-","-","FF08037872"
"M229","VDB|0024-0055-0-0005|M229-c1542-c3-c9",7848,0.810779816513762,37.6740531195977,40,"uVSG","-","-","FF08037872"
"M1140","VDB|0028-0079-0-000A|M1140-c2092-c0-c5",4207,0.804849061088662,105.207324276432,105,"uVSG","-","-","FF08037872"
"M448","VDB|004C-00DB-0-0000|M448-c2070-c2-c9",1725,0.799420289855073,4.02320522117476,3,"uVSG","-","-","FF08037872"
"M1202","VDB|0046-01A4-0-0000|M1202-c1783-c0-c9",2430,0.77119341563786,2.47812166488794,2,"kVSG","NC_028830_Lactobacillus_phage_iA2","NC_0288301_Lactobacillus_phage_iA2|NC_0310361_Lactobacillus_phage_PLE2|NC_0311251_Lactobacillus_phage_PLE3|NC_0288351_Lactobacillus_phage_CL2|NC_0288881_Lactobacillus_phage_CL1|NC_0289111_Lactobacillus_phage_iLp1308","FF08037872"
"M808","VDB|0010-0092-0-0000|M808-c3098-c0-c1",18422,1,50.8436651829334,51,"uVSG","-","-","FF08037881"
"M697","VDB|0010-00F3-0-0001|M697-c3861-c6-c0",10022,1,1165.36998603073,1121,"uVSG","-","-","FF08037881"
"M441","VDB|001D-0026-0-0002|M441-c2353-c7-c0",5628,1,1658.66346837242,1315.5,"uVSG","-","-","FF08037881"
"M948","VDB|0028-005F-0-0014|M948-c2859-c0-c6",2369,1,41.1827775432672,42,"uVSG","-","-","FF08037881"
"M967","VDB|0021-006B-0-0002|M967-c3496-c0-c0",5571,0.996230479267636,262.79963963964,266.5,"uVSG","-","-","FF08037881"
"M848","VDB|0028-004D-0-0032|M848-c3188-c0-c1",2016,0.992063492063492,11.6015,11,"uVSG","-","-","FF08037881"
"M766","VDB|0021-0091-0-0012|M766-c2984-c2-c1",2214,0.984643179765131,7.94082568807339,8,"uVSG","-","-","FF08037881"
"M687","VDB|0002-003D-0-0005|M687-c3241-c0-c0",31605,0.982218003480462,5.84218664433206,5,"uVSG","-","-","FF08037881"
"M1117","VDB|0051-007A-0-0003|M1117-c1761-c0-c11",1918,0.976538060479666,9.44741057127603,8,"uVSG","-","-","FF08037881"
"M892","VDB|004F-01BE-0-0002|M892-c3062-c0-c97",5006,0.962844586496205,397.005809128631,428,"uVSG","-","-","FF08037881"
"M646","VDB|0030-0065-0-0004|M646-c71-c1-c15",16458,0.953700328107911,18.4411952089704,18,"uVSG","-","-","FF08037881"
"M851","VDB|002C-000F-0-0003|M851-c2148-c0-c1",5790,0.946977547495682,6.90516140798833,6,"uVSG","-","-","FF08037881"
"M357","VDB|0037-002E-0-0000|M357-c1856-c3-c6",2834,0.938249823570924,5.63294471605867,5,"uVSG","-","-","FF08037881"
"M987","VDB|004C-0014-0-0002|M987-c2948-c0-c1",15798,0.933978984681605,5.3908505591325,5,"uVSG","-","-","FF08037881"
"M1013","VDB|0022-0024-0-000A|M1013-c1389-c0-c1",6710,0.928166915052161,5.21596017983301,4,"uVSG","-","-","FF08037881"
"M282","VDB|000C-0079-0-0004|M282-c1770-c3-c59",1943,0.900669068450849,628.310285714286,681,"uVSG","-","-","FF08037881"
"M347","VDB|0026-0001-0-0001|M347-c1826-c0-c5",2756,0.899854862119013,3.37822580645161,3,"uVSG","-","-","FF08037881"
"M1098","VDB|0013-0048-0-0004|M1098-c3832-c0-c1",5167,0.881362492742404,5.16117698726394,5,"uVSG","-","-","FF08037881"
"M759","VDB|0050-005D-0-0000|M759-c2960-c2-c6",1993,0.881083793276468,13.6765375854214,11,"uVSG","-","-","FF08037881"
"M1068","VDB|004C-0088-0-0006|M1068-c3753-c0-c0",6731,0.8716386866736,5.61240838588717,5,"uVSG","-","-","FF08037881"
"M1337","VDB|0048-0011-0-0002|M1337-c967-c0-c8",11058,0.871495749683487,4.02718688388503,3,"uVSG","-","-","FF08037881"
"M867","VDB|0021-00B0-0-0030|M867-c3578-c7-c2",1715,0.840233236151604,81.5489243580847,102,"uVSG","-","-","FF08037881"
"M1003","VDB|0028-0012-0-0000|M1003-c3592-c0-c37",2395,0.837160751565762,3.90872817955112,3,"uVSG","-","-","FF08037881"
"M850","VDB|0010-0059-0-0000|M850-c1541-c0-c12",2238,0.797140303842717,7.9237668161435,4,"uVSG","-","-","FF08037881"
"M808","VDB|0010-0092-0-0000|M808-c3098-c0-c1",18422,1,74.8303115839757,75,"uVSG","-","-","FF08037907"
"M441","VDB|002F-006B-0-0006|M441-c2494-c2-c5",2758,1,551.118926758521,630,"uVSG","-","-","FF08037907"
"M697","VDB|0010-00F3-0-0001|M697-c3861-c6-c0",10022,0.999700658551187,263.234354726021,294,"uVSG","-","-","FF08037907"
"M987","VDB|0008-00C7-0-0000|M987-c2772-c0-c0",29719,0.997072579831084,12.9115483261339,13,"uVSG","-","-","FF08037907"
"M892","VDB|001D-008F-0-0001|M892-c3062-c0-c21",8495,0.992937021777516,68.2799051570836,48,"uVSG","-","-","FF08037907"
"M497","VDB|000E-000C-0-0000|M497-c2239-c0-c20",1872,0.982905982905983,5.56358695652174,6,"uVSG","-","-","FF08037907"
"M282","VDB|0045-002A-0-0003|M282-c3522-c0-c7",7176,0.970457079152731,52.8467834577829,60,"uVSG","-","-","FF08037907"
"M347","VDB|0026-0001-0-0001|M347-c1826-c0-c5",2756,0.935413642960813,5.08262218774244,4,"uVSG","-","-","FF08037907"
"M1063","VDB|001E-0012-0-0002|M1063-c3742-c0-c0",18282,0.93485395470955,5.20004680826166,5,"uVSG","-","-","FF08037907"
"M835","VDB|004F-0154-0-0005|M835-c3154-c2-c0",2698,0.934395848776872,9.1658072193574,9,"uVSG","-","-","FF08037907"
"M163","VDB|004F-0096-0-0000|M163-c3417-c0-c1",2240,0.932142857142857,4.35536398467433,4,"uVSG","-","-","FF08037907"
"M1116","VDB|0045-0075-0-0004|M1116-c3875-c0-c6",4271,0.922968859751815,4.74302384576357,4,"uVSG","-","-","FF08037907"
"M914","VDB|0040-010D-0-0001|M914-c1802-c0-c6",5142,0.894788020225593,7.20452075635731,7,"uVSG","-","-","FF08037907"
"M801","VDB|002F-0034-0-0000|M801-c3412-c0-c19",1917,0.856025039123631,24.8641072516758,26,"uVSG","-","-","FF08037907"
"M1064","VDB|0008-002B-0-0000|M1064-c1042-c1-c2",82445,0.846406695372673,3.50980195465879,3,"uVSG","-","-","FF08037907"
"M1308","VDB|0010-0135-0-0004|M1308-c880-c0-c13",7532,0.76898566117897,3.43162983425414,3,"uVSG","-","-","FF08037907"
"M1003","VDB|0048-0044-0-0005|M1003-c3592-c0-c1",13802,0.761338936386031,5.30519604111153,5,"uVSG","-","-","FF08037907"
"M428","VDB|0004-0023-0-0000|M428-c1396-c0-c3",23487,0.759228509388172,16.7025572005384,16,"kVSG","NC_018285_Streptococcus_phage_YMC2011","NC_0182851_Streptococcus_phage_YMC2011","FF08037907"
