"effect","group","term","estimate","std.error","df","statistic","p.value","microbe","model_type","padj","pres"
"fixed",NA,"ResponseResponder:Days",0.00240111606733649,0.00917125653834789,44,0.261808843455275,0.794690581323,"k__Bacteria","GMM",1,88
"fixed",NA,"ResponseResponder:Days",-0.00439749302019958,0.0751910768151483,44,-0.0584842405038364,0.953627724560136,"p__Bacteroidota","GMM",1,88
"fixed",NA,"ResponseResponder:Days",0.0240589565483342,0.0669575344697394,44,0.359316643584111,0.721076937314994,"p__Firmicutes","GMM",1,88
"fixed",NA,"ResponseResponder:Days",-0.0139710208252987,0.0178737397856808,44,-0.781650678191661,0.438605864043463,"p__Actinobacteria","GMM",1,87
"fixed",NA,"ResponseResponder:Days",-0.01213386899345,0.0108809834997875,44,-1.11514450818595,0.270842333880369,"p__Proteobacteria","GMM",1,85
"fixed",NA,"ResponseResponder:Days",-0.0091115241644594,0.075879771391326,44,-0.12007843457342,0.904967649089951,"c__Bacteroidia","GMM",1,88
"fixed",NA,"ResponseResponder:Days",0.0254300916436076,0.060536120361478,44,0.420081291826392,0.676470446890237,"c__Clostridia","GMM",1,88
"fixed",NA,"ResponseResponder:Days",0.00128746116290272,0.00627929816286271,44,0.205032653253683,0.83849219321037,"c__Negativicutes","GMM",1,85
"fixed",NA,"ResponseResponder:Days",-0.0143333535875381,0.0172819864620102,44,-0.829381137350507,0.411365818807273,"c__Actinomycetia","ZIGMM",1,63
"fixed",NA,"ResponseResponder:Days",-0.0063179662306075,0.012132880785823,44,-0.520730924677831,0.605165021590975,"c__CFGB629","ZIGMM",1,6
"fixed",NA,"ResponseResponder:Days",0.000479752018426604,0.0023556980241842,44,0.203655992194817,0.839561323605747,"c__Betaproteobacteria","ZIGMM",1,74
"fixed",NA,"ResponseResponder:Days",-0.00601534494484396,0.00405314138740637,44,-1.48411919789781,0.144906250032139,"c__Coriobacteriia","GMM",1,86
"fixed",NA,"ResponseResponder:Days",0.000126216856603516,0.001238788526945,44,0.101887330935153,0.919309019304588,"c__Deltaproteobacteria","ZIGMM",1,71
"fixed",NA,"ResponseResponder:Days",-0.00128093644214643,0.00701582645297132,44,-0.182578125432953,0.855967696605631,"c__Bacilli","ZIGMM",1,76
"fixed",NA,"ResponseResponder:Days",-0.00923101972296292,0.00411530769264812,44,-2.24309344826242,0.0299761366106722,"c__Firmicutes_unclassified","ZIGMM",1,72
"fixed",NA,"ResponseResponder:Days",-0.000874690808950824,0.000716853736950979,44,-1.22018030159287,0.228896073453731,"c__CFGB79266","ZIGMM",1,10
"fixed",NA,"ResponseResponder:Days",1.31613562200895e-05,9.18032053462226e-05,44,0.143364887646932,0.886656580627913,"c__CFGB28775","ZIGMM",1,7
"fixed",NA,"ResponseResponder:Days",-0.000373588453033435,0.00626877496598209,44,-0.0595951290420755,0.952747954706798,"c__Gammaproteobacteria","ZIGMM",1,46
"fixed",NA,"ResponseResponder:Days",-0.0091115241644594,0.075879771391326,44,-0.12007843457342,0.904967649089951,"o__Bacteroidales","GMM",1,88
"fixed",NA,"ResponseResponder:Days",0.0235092672739028,0.0602863321362013,44,0.389960152506704,0.698447387105576,"o__Eubacteriales","GMM",1,88
"fixed",NA,"ResponseResponder:Days",-0.020081926210514,0.0181482155862394,44,-1.10655100580471,0.274501396650761,"o__Bifidobacteriales","ZIGMM",1,53
"fixed",NA,"ResponseResponder:Days",-0.0063179662306075,0.012132880785823,44,-0.520730924677831,0.605165021590975,"o__OFGB629","ZIGMM",1,6
"fixed",NA,"ResponseResponder:Days",0.00481640141342283,0.00368348776120822,44,1.30756547209024,0.197812038591337,"o__Acidaminococcales","ZIGMM",1,66
"fixed",NA,"ResponseResponder:Days",-0.00217820205397432,0.00303564189276972,44,-0.71754249378438,0.476831844884202,"o__Veillonellales","ZIGMM",1,46
"fixed",NA,"ResponseResponder:Days",0.000479752018426604,0.0023556980241842,44,0.203655992194817,0.839561323605747,"o__Burkholderiales","ZIGMM",1,74
"fixed",NA,"ResponseResponder:Days",-0.00391261879092761,0.00299465153635375,44,-1.3065355829986,0.1981588089721,"o__Coriobacteriales","ZIGMM",1,69
"fixed",NA,"ResponseResponder:Days",0.000126216856603516,0.001238788526945,44,0.101887330935153,0.919309019304588,"o__Desulfovibrionales","ZIGMM",1,71
"fixed",NA,"ResponseResponder:Days",-0.00128093644214643,0.00701582645297132,44,-0.182578125432953,0.855967696605631,"o__Lactobacillales","ZIGMM",1,76
"fixed",NA,"ResponseResponder:Days",-0.00923101972296292,0.00411530769264812,44,-2.24309344826242,0.0299761366106722,"o__Firmicutes_unclassified","ZIGMM",1,72
"fixed",NA,"ResponseResponder:Days",0.000242779835289719,0.000263548158902726,44,0.921197235072804,0.361970981804385,"o__Clostridia_unclassified","ZIGMM",1,27
"fixed",NA,"ResponseResponder:Days",-0.000874690808950824,0.000716853736950979,44,-1.22018030159287,0.228896073453731,"o__OFGB79266","ZIGMM",1,10
"fixed",NA,"ResponseResponder:Days",-0.00227814300129702,0.00228511045759504,44,-0.996950932382784,0.324239663162365,"o__Eggerthellales","ZIGMM",1,74
"fixed",NA,"ResponseResponder:Days",1.31613562200895e-05,9.18032053462226e-05,44,0.143364887646932,0.886656580627913,"o__OFGB28775","ZIGMM",1,7
"fixed",NA,"ResponseResponder:Days",0.000427234838549127,0.0065204537706098,44,0.0655222555943636,0.948054991563919,"o__Enterobacterales","ZIGMM",1,41
"fixed",NA,"ResponseResponder:Days",0.0709713601019375,0.0535861743461514,44,1.32443416548983,0.192197425994615,"f__Bacteroidaceae","GMM",1,87
"fixed",NA,"ResponseResponder:Days",0.00703211974762883,0.0395683040394555,44,0.17772102995915,0.859757739575014,"f__Lachnospiraceae","GMM",1,88
"fixed",NA,"ResponseResponder:Days",-0.020081926210514,0.0181482155862394,44,-1.10655100580471,0.274501396650761,"f__Bifidobacteriaceae","ZIGMM",1,53
"fixed",NA,"ResponseResponder:Days",-0.0063179662306075,0.012132880785823,44,-0.520730924677831,0.605165021590975,"f__FGB629","ZIGMM",1,6
"fixed",NA,"ResponseResponder:Days",0.00481640141342283,0.00368348776120822,44,1.30756547209024,0.197812038591337,"f__Acidaminococcaceae","ZIGMM",1,66
"fixed",NA,"ResponseResponder:Days",0.0333829264768479,0.0257294549163517,44,1.29745952976377,0.20123468223973,"f__Rikenellaceae","GMM",1,82
"fixed",NA,"ResponseResponder:Days",-0.00217820205397432,0.00303564189276972,44,-0.71754249378438,0.476831844884202,"f__Veillonellaceae","ZIGMM",1,46
"fixed",NA,"ResponseResponder:Days",0.0126105027501096,0.00702135045877334,44,1.79602240682239,0.0793593898337833,"f__Clostridiaceae","GMM",1,87
"fixed",NA,"ResponseResponder:Days",0.013204617571242,0.0107580717754003,44,1.22741489803369,0.226193270110908,"f__Tannerellaceae","GMM",1,81
"fixed",NA,"ResponseResponder:Days",0.001057690137137,0.00255663151314241,44,0.413704568569983,0.681100093285925,"f__Sutterellaceae","ZIGMM",1,74
"fixed",NA,"ResponseResponder:Days",0.0182972707318408,0.0348473751030715,44,0.525068837400843,0.602171251633322,"f__Oscillospiraceae","GMM",1,88
"fixed",NA,"ResponseResponder:Days",-0.00393009360891951,0.00299435036076313,44,-1.31250292564892,0.196155941858429,"f__Coriobacteriaceae","ZIGMM",1,68
"fixed",NA,"ResponseResponder:Days",0.000126216856603516,0.001238788526945,44,0.101887330935153,0.919309019304588,"f__Desulfovibrionaceae","ZIGMM",1,71
"fixed",NA,"ResponseResponder:Days",0.00713660438955153,0.00640895516326672,44,1.11353632655372,0.271524445797639,"f__Odoribacteraceae","ZIGMM",1,72
"fixed",NA,"ResponseResponder:Days",0.00108991299408735,0.00419949733389844,44,0.259534155502266,0.796433654633369,"f__Streptococcaceae","ZIGMM",1,67
"fixed",NA,"ResponseResponder:Days",-0.00923101972296292,0.00411530769264812,44,-2.24309344826242,0.0299761366106722,"f__Firmicutes_unclassified","ZIGMM",1,72
"fixed",NA,"ResponseResponder:Days",0.000445084573500422,0.00685283279282692,44,0.0649489907248731,0.948508810848083,"f__Eubacteriales_unclassified","GMM",1,87
"fixed",NA,"ResponseResponder:Days",-0.00377752572258594,0.00286001622242801,44,-1.32080569787084,0.193394789820608,"f__Lactobacillaceae","ZIGMM",1,24
"fixed",NA,"ResponseResponder:Days",0.000242779835289719,0.000263548158902726,44,0.921197235072804,0.361970981804385,"f__Clostridia_unclassified","ZIGMM",1,27
"fixed",NA,"ResponseResponder:Days",-0.000874690808950824,0.000716853736950979,44,-1.22018030159287,0.228896073453731,"f__FGB79266","ZIGMM",1,10
"fixed",NA,"ResponseResponder:Days",-0.00227814300129702,0.00228511045759504,44,-0.996950932382784,0.324239663162365,"f__Eggerthellaceae","ZIGMM",1,74
"fixed",NA,"ResponseResponder:Days",1.31613562200895e-05,9.18032053462226e-05,44,0.143364887646932,0.886656580627913,"f__FGB28775","ZIGMM",1,7
"fixed",NA,"ResponseResponder:Days",0.000405609898927133,0.0065179482723509,44,0.0622296897702806,0.950661750509074,"f__Enterobacteriaceae","ZIGMM",1,41
"fixed",NA,"ResponseResponder:Days",0.0145272873288324,0.0253991525392682,44,0.571959529215495,0.570260151249508,"g__Phocaeicola","GMM",1,81
"fixed",NA,"ResponseResponder:Days",0.054579179343563,0.0399895979636521,44,1.36483441001762,0.179244199852011,"g__Bacteroides","GMM",1,87
"fixed",NA,"ResponseResponder:Days",-0.0200839292721227,0.0181482738416244,44,-1.10665782582907,0.274455699952209,"g__Bifidobacterium","ZIGMM",1,53
"fixed",NA,"ResponseResponder:Days",-0.000358507446538641,0.0235700402813715,44,-0.015210302666389,0.987933163692305,"g__Blautia","GMM",1,87
"fixed",NA,"ResponseResponder:Days",-0.00724188090094996,0.0130098921447298,44,-0.556644192003052,0.580590902701792,"g__GGB1495","ZIGMM",1,4
"fixed",NA,"ResponseResponder:Days",0.0310143387680282,0.0249782359214975,44,1.2416544893523,0.220942392526942,"g__Alistipes","GMM",1,82
"fixed",NA,"ResponseResponder:Days",-0.000341480121361708,0.00253751552727343,44,-0.13457262337568,0.893563494490334,"g__Megasphaera","ZIGMM",1,14
"fixed",NA,"ResponseResponder:Days",0.001211701056777,0.00335979729613429,44,0.360647071825182,0.720089004443738,"g__Acidaminococcus","ZIGMM",1,15
"fixed",NA,"ResponseResponder:Days",0.00593722578521423,0.00740981439515623,44,0.80126511523627,0.427284117359252,"g__Lachnospiraceae_unclassified","ZIGMM",1,73
"fixed",NA,"ResponseResponder:Days",0.013204617571242,0.0107580717754003,44,1.22741489803369,0.226193270110908,"g__Parabacteroides","GMM",1,81
"fixed",NA,"ResponseResponder:Days",0.0041105735239019,0.00448569620373874,44,0.916373587777928,0.36446643461206,"g__Clostridium","GMM",1,85
"fixed",NA,"ResponseResponder:Days",-0.00126135477222618,0.000979429544599915,44,-1.28784635830179,0.204531723746114,"g__Parasutterella","ZIGMM",1,49
"fixed",NA,"ResponseResponder:Days",0.00469706321361503,0.00202188288607787,44,2.32311339393479,0.024858514996156,"g__Phascolarctobacterium","ZIGMM",1,58
"fixed",NA,"ResponseResponder:Days",0.000716022794780033,0.00181632021775235,44,0.394216167271482,0.695325669446156,"g__Dorea","ZIGMM",1,66
"fixed",NA,"ResponseResponder:Days",-0.003570423514376,0.00297854100678743,44,-1.19871558129964,0.237054961868164,"g__Collinsella","ZIGMM",1,68
"fixed",NA,"ResponseResponder:Days",0.000579101505996397,0.000688451392670482,44,0.841165421643029,0.404803640334925,"g__Bilophila","ZIGMM",1,57
"fixed",NA,"ResponseResponder:Days",0.00636630771410096,0.00683139839031866,44,0.931918671750015,0.356464150503568,"g__Odoribacter","ZIGMM",1,60
"fixed",NA,"ResponseResponder:Days",0.00182414734442432,0.00229176577220878,44,0.795957146469738,0.430330454341291,"g__Anaerostipes","ZIGMM",1,66
"fixed",NA,"ResponseResponder:Days",0.000294245558184363,0.00154893381550437,44,0.189966514539906,0.850209071073749,"g__Dysosmobacter","ZIGMM",1,79
"fixed",NA,"ResponseResponder:Days",-0.00130746004332779,0.00184338774401661,44,-0.709270226826467,0.481898447235294,"g__Flavonifractor","ZIGMM",1,64
"fixed",NA,"ResponseResponder:Days",0.00111663714374561,0.00419385481583039,44,0.266255555516771,0.791286173480527,"g__Streptococcus","ZIGMM",1,66
"fixed",NA,"ResponseResponder:Days",0.00980261022432962,0.00698005989080239,44,1.40437336895153,0.167227679702827,"g__Roseburia","ZIGMM",1,78
"fixed",NA,"ResponseResponder:Days",0.00520304732896668,0.00489491370569041,44,1.06294975597181,0.293603965862903,"g__Clostridiaceae_unclassified","ZIGMM",1,78
"fixed",NA,"ResponseResponder:Days",-0.00305424113538872,0.00165293443396128,44,-1.84776907821394,0.0713650372505129,"g__Dialister","ZIGMM",1,35
"fixed",NA,"ResponseResponder:Days",-0.000930390165061989,0.00163835476500321,44,-0.56788076974291,0.573002553605054,"g__Coprococcus","ZIGMM",1,59
"fixed",NA,"ResponseResponder:Days",0.00339396026020058,0.00178742856688948,44,1.89879490742773,0.0641612212143172,"g__Eubacteriales_unclassified","GMM",1,83
"fixed",NA,"ResponseResponder:Days",-0.00183776676047485,0.00194689385536661,44,-0.943948102465394,0.350350862327603,"g__GGB9512","ZIGMM",1,49
"fixed",NA,"ResponseResponder:Days",0.00269402601599681,0.00534969173481174,44,0.503585281085662,0.617064885735776,"g__Mediterraneibacter","GMM",1,86
"fixed",NA,"ResponseResponder:Days",0.000551701759923195,0.00101023144558079,44,0.54611422198011,0.587745963943651,"g__GGB3550","ZIGMM",1,38
"fixed",NA,"ResponseResponder:Days",-0.00117363872599535,0.00317674541567549,44,-0.36944689373095,0.713566783186983,"g__Enterocloster","GMM",1,85
"fixed",NA,"ResponseResponder:Days",-0.000573780109825193,0.000540186887895871,44,-1.06218814762456,0.293945649909471,"g__GGB38744","ZIGMM",1,20
"fixed",NA,"ResponseResponder:Days",-2.40380301769957e-05,8.04013653159854e-05,44,-0.298975397774949,0.766366415299242,"g__GGB9575","ZIGMM",1,8
"fixed",NA,"ResponseResponder:Days",1.22270997613867e-05,9.26175317710211e-05,44,0.132017119519184,0.89557260606623,"g__Pediococcus","ZIGMM",1,3
"fixed",NA,"ResponseResponder:Days",0.000249044270651435,0.000258782299226554,44,0.962369804255455,0.341123185236374,"g__Clostridia_unclassified","ZIGMM",1,27
"fixed",NA,"ResponseResponder:Days",2.64888237174433e-05,0.00122126720007848,44,0.0216896218253803,0.982793606643909,"g__Monoglobus","ZIGMM",1,45
"fixed",NA,"ResponseResponder:Days",-0.000874690808950824,0.000716853736950979,44,-1.22018030159287,0.228896073453731,"g__GGB3493","ZIGMM",1,10
"fixed",NA,"ResponseResponder:Days",-3.32867899896803e-05,0.000306568957829637,44,-0.108578475215935,0.91403048626237,"g__GGB36331","ZIGMM",1,17
"fixed",NA,"ResponseResponder:Days",-0.010364328201739,0.00424038447348831,44,-2.44419539467205,0.0185945941328751,"g__Firmicutes_unclassified","ZIGMM",1,29
"fixed",NA,"ResponseResponder:Days",0.000193256800944803,0.000719613639364337,44,0.268556334084376,0.789526305445847,"g__GGB3600","ZIGMM",1,9
"fixed",NA,"ResponseResponder:Days",-0.0023577384897745,0.00394302317576439,44,-0.597951973568462,0.552937466298595,"g__Brotolimicola","ZIGMM",1,62
"fixed",NA,"ResponseResponder:Days",2.17938558618014e-05,8.65142783373126e-05,44,0.251910508654177,0.80228320395142,"g__GGB3606","ZIGMM",1,4
"fixed",NA,"ResponseResponder:Days",-0.00182247760340978,0.00184054278773975,44,-0.990184860438828,0.327498013890871,"g__Eggerthella","ZIGMM",1,43
"fixed",NA,"ResponseResponder:Days",-2.21441945404818e-05,5.11674710278307e-05,44,-0.432778757590683,0.6672895199595,"g__Phocea","ZIGMM",1,23
"fixed",NA,"ResponseResponder:Days",0.000529848359362883,0.00155131254477027,44,0.341548426942778,0.734316604814648,"g__Ruthenibacterium","GMM",1,82
"fixed",NA,"ResponseResponder:Days",0.000583981217698735,0.000458927787433714,44,1.27249043027948,0.209882420430563,"g__Pseudoflavonifractor","ZIGMM",1,34
"fixed",NA,"ResponseResponder:Days",1.31613562200895e-05,9.18032053462226e-05,44,0.143364887646932,0.886656580627913,"g__GGB3511","ZIGMM",1,7
"fixed",NA,"ResponseResponder:Days",0.00117844483564812,0.00206404335714309,44,0.570939961881054,0.570945062512652,"g__Escherichia","ZIGMM",1,27
"fixed",NA,"ResponseResponder:Days",-0.00125891456759831,0.000752959406111542,44,-1.67195542997416,0.101630924115366,"g__GGB3433","ZIGMM",1,39
"fixed",NA,"ResponseResponder:Days",0.0266176231531858,0.0201694501460243,44,1.31969998985979,0.193760788453858,"s__Phocaeicola_coprocola","ZIGMM",1,15
"fixed",NA,"ResponseResponder:Days",0.0252516128746145,0.0130225380265181,44,1.93907000487878,0.058922442211374,"s__Bacteroides_eggerthii","ZIGMM",1,43
"fixed",NA,"ResponseResponder:Days",-0.00590295537155968,0.016079438019782,44,-0.367112044854894,0.715295232805429,"s__Phocaeicola_vulgatus","ZIGMM",1,72
"fixed",NA,"ResponseResponder:Days",-0.00724188090094996,0.0130098921447298,44,-0.556644192003052,0.580590902701792,"s__GGB1495_SGB2071","ZIGMM",1,4
"fixed",NA,"ResponseResponder:Days",-0.000471950130308391,0.00564319484069759,44,-0.0836317269970518,0.933728582447684,"s__Bifidobacterium_adolescentis","ZIGMM",1,28
"fixed",NA,"ResponseResponder:Days",-0.000900589031453791,0.00249056693257898,44,-0.361600011496672,0.719381679285215,"s__Megasphaera_massiliensis","ZIGMM",1,13
"fixed",NA,"ResponseResponder:Days",0.00136565833420863,0.00339612168756267,44,0.40212290955591,0.689540396178988,"s__Acidaminococcus_intestini","ZIGMM",1,14
"fixed",NA,"ResponseResponder:Days",0.00392181106043885,0.0066603915374328,44,0.588825902861333,0.558989052994569,"s__Alistipes_putredinis","ZIGMM",1,58
"fixed",NA,"ResponseResponder:Days",0.00652802763549213,0.00737922753707943,44,0.88464918620409,0.381154715206577,"s__Eubacterium_rectale","ZIGMM",1,61
"fixed",NA,"ResponseResponder:Days",-0.000877419334489243,0.00684884325236974,44,-0.128112047853577,0.89864406860085,"s__Blautia_wexlerae","GMM",1,81
"fixed",NA,"ResponseResponder:Days",-0.00509008644479349,0.00956589188038884,44,-0.532107879582953,0.59732807035419,"s__Blautia_massiliensis","ZIGMM",1,65
"fixed",NA,"ResponseResponder:Days",0.00597132100277657,0.00919491638074989,44,0.649415476499372,0.519445769664529,"s__Parabacteroides_distasonis","ZIGMM",1,63
"fixed",NA,"ResponseResponder:Days",-0.00111423351019972,0.000771404184220844,44,-1.44442243507553,0.155704023188386,"s__Parasutterella_SGB9260","ZIGMM",1,23
"fixed",NA,"ResponseResponder:Days",0.00200730120490312,0.00227784954614582,44,0.88122642177993,0.382983803657103,"s__Clostridium_sp_AT4","ZIGMM",1,37
"fixed",NA,"ResponseResponder:Days",0.00299010708019063,0.00553555234684808,44,0.540164177454338,0.59180756023242,"s__Bacteroides_caccae","ZIGMM",1,52
"fixed",NA,"ResponseResponder:Days",0.0100627612345733,0.00465272164463131,44,2.1627688056913,0.0360346646127075,"s__Bacteroides_ovatus","ZIGMM",1,59
"fixed",NA,"ResponseResponder:Days",0.0105934477488685,0.0205630748150046,44,0.515168467953954,0.609013963496902,"s__Alistipes_onderdonkii","ZIGMM",1,66
"fixed",NA,"ResponseResponder:Days",-0.0204607771019746,0.0118943720991477,44,-1.72020657596888,0.092421966657237,"s__Bacteroides_stercoris","ZIGMM",1,36
"fixed",NA,"ResponseResponder:Days",0.0160261666876527,0.0141563839821744,44,1.13208053044003,0.263732610038987,"s__Bacteroides_uniformis","GMM",1,80
"fixed",NA,"ResponseResponder:Days",0.00521406571343648,0.00149429618789465,44,3.48931206254545,0.00111286251146328,"s__Phascolarctobacterium_faecium","ZIGMM",1,38
"fixed",NA,"ResponseResponder:Days",7.04562238311223e-05,0.000570966194501689,44,0.123398240578171,0.902353716157415,"s__Bifidobacterium_bifidum","ZIGMM",1,13
"fixed",NA,"ResponseResponder:Days",0.000355218192113238,0.00137783183633576,44,0.257809540138015,0.797755913216955,"s__Dorea_longicatena","ZIGMM",1,51
"fixed",NA,"ResponseResponder:Days",-6.16895620247494e-05,0.000253645328889595,44,-0.243211898657125,0.808971570252118,"s__Bilophila_SGB15451","ZIGMM",1,5
"fixed",NA,"ResponseResponder:Days",0.000116665466816457,0.00128878815544473,44,0.0905233853396164,0.928282154485091,"s__Odoribacter_splanchnicus","ZIGMM",1,56
"fixed",NA,"ResponseResponder:Days",-0.00141372763336063,0.00250318033763024,44,-0.564772586340704,0.575096714149267,"s__Collinsella_aerofaciens","ZIGMM",1,59
"fixed",NA,"ResponseResponder:Days",0.0020963008345913,0.00225754399353145,44,0.928575850835173,0.358175229189341,"s__Anaerostipes_hadrus","ZIGMM",1,60
"fixed",NA,"ResponseResponder:Days",0.000554398767680161,0.00155811443375843,44,0.355813896379137,0.723680263457622,"s__Dysosmobacter_welbionis","ZIGMM",1,75
"fixed",NA,"ResponseResponder:Days",0.00425419366745916,0.00540183205825279,44,0.787546451200701,0.435184116550078,"s__Parabacteroides_merdae","ZIGMM",1,74
"fixed",NA,"ResponseResponder:Days",-0.000520649173174914,0.000535472274935816,44,-0.972317704473723,0.336207675531017,"s__Clostridium_SGB4750","ZIGMM",1,43
"fixed",NA,"ResponseResponder:Days",-0.00169460583792094,0.00189349485810744,44,-0.894961943342536,0.375677297914143,"s__Flavonifractor_plautii","ZIGMM",1,62
"fixed",NA,"ResponseResponder:Days",0.00196598903641958,0.00466105378491041,44,0.421790678061736,0.675231531262475,"s__Bacteroides_fragilis","ZIGMM",1,38
"fixed",NA,"ResponseResponder:Days",0.0009226558506083,0.00164119638506242,44,0.562184915227685,0.576843026304846,"s__Streptococcus_salivarius","ZIGMM",1,59
"fixed",NA,"ResponseResponder:Days",-0.0022801171248717,0.0021682934905586,44,-1.05157218559204,0.298737064156593,"s__Blautia_faecis","ZIGMM",1,77
"fixed",NA,"ResponseResponder:Days",-1.05488772779333e-05,0.000109677784915838,44,-0.0961806193116315,0.923813867296237,"s__Bifidobacterium_pullorum","ZIGMM",1,4
"fixed",NA,"ResponseResponder:Days",0.00085718073909463,0.00140792692117637,44,0.608824738132309,0.545771268063791,"s__Roseburia_intestinalis","ZIGMM",1,49
"fixed",NA,"ResponseResponder:Days",-0.000109823364485912,0.0025631180895934,44,-0.0428475632596911,0.966016904903088,"s__Blautia_caecimuris","ZIGMM",1,41
"fixed",NA,"ResponseResponder:Days",-0.00218486288594812,0.00168684908903406,44,-1.29523316587807,0.201994670812728,"s__Dialister_invisus","ZIGMM",1,32
"fixed",NA,"ResponseResponder:Days",-0.000668111726615743,0.00103586860268625,44,-0.644977292373931,0.522290857281895,"s__Clostridiaceae_bacterium_Marseille_Q3526","ZIGMM",1,20
"fixed",NA,"ResponseResponder:Days",-0.000451225697316748,0.000722014637904398,44,-0.624953669397067,0.535229223480813,"s__Coprococcus_comes","ZIGMM",1,51
"fixed",NA,"ResponseResponder:Days",0.00120209355485906,0.00134519145226344,44,0.893622653367594,0.376385781574559,"s__Clostridiales_bacterium","ZIGMM",1,73
"fixed",NA,"ResponseResponder:Days",-0.00183776676047485,0.00194689385536661,44,-0.943948102465394,0.350350862327603,"s__GGB9512_SGB14909","ZIGMM",1,49
"fixed",NA,"ResponseResponder:Days",4.4854650611683e-05,0.000865272052370316,44,0.0518387835234117,0.958891786618334,"s__Blautia_glucerasea","ZIGMM",1,37
"fixed",NA,"ResponseResponder:Days",0.000280983062628035,0.000335956125484153,44,0.836368327034087,0.407467094339716,"s__Dorea_formicigenerans","ZIGMM",1,56
"fixed",NA,"ResponseResponder:Days",-0.000236085492419766,0.000770667059334165,44,-0.306339150688154,0.76079136131995,"s__GGB3550_SGB4746","ZIGMM",1,26
"fixed",NA,"ResponseResponder:Days",0.000325192208225471,0.00117662048164027,44,0.276378163817219,0.783551732625573,"s__Enterocloster_hominis","ZIGMM",1,64
"fixed",NA,"ResponseResponder:Days",-7.86811542455482e-05,0.000155479455482449,44,-0.506054989718112,0.615344264135925,"s__Collinsella_stercoris","ZIGMM",1,8
"fixed",NA,"ResponseResponder:Days",-0.000573780109825193,0.000540186887895871,44,-1.06218814762456,0.293945649909471,"s__GGB38744_SGB14842","ZIGMM",1,20
"fixed",NA,"ResponseResponder:Days",-2.40380301769957e-05,8.04013653159854e-05,44,-0.298975397774949,0.766366415299242,"s__GGB9575_SGB14988","ZIGMM",1,8
"fixed",NA,"ResponseResponder:Days",0.000513059528849109,0.00146738943763077,44,0.34964101259819,0.728276140731594,"s__Ruminococcus_gnavus","ZIGMM",1,48
"fixed",NA,"ResponseResponder:Days",1.22270997613867e-05,9.26175317710211e-05,44,0.132017119519184,0.89557260606623,"s__Pediococcus_acidilactici","ZIGMM",1,3
"fixed",NA,"ResponseResponder:Days",0.00110039811602546,0.00172740036075028,44,0.637025521719539,0.527408965484811,"s__Roseburia_hominis","ZIGMM",1,63
"fixed",NA,"ResponseResponder:Days",-7.71130710812326e-05,7.74910454322314e-05,44,-0.995122348022399,0.325118097615626,"s__Clostridia_bacterium_UC5_1_1D1","ZIGMM",1,12
"fixed",NA,"ResponseResponder:Days",2.64888237174433e-05,0.00122126720007848,44,0.0216896218253803,0.982793606643909,"s__Monoglobus_pectinilyticus","ZIGMM",1,45
"fixed",NA,"ResponseResponder:Days",-0.000874690808950824,0.000716853736950979,44,-1.22018030159287,0.228896073453731,"s__GGB3493_SGB4668","ZIGMM",1,10
"fixed",NA,"ResponseResponder:Days",-0.000179141748139437,0.000228657884686154,44,-0.783448812120865,0.437560583923034,"s__GGB36331_SGB63183","ZIGMM",1,4
"fixed",NA,"ResponseResponder:Days",0.000170100848688266,0.000254246144648217,44,0.669040031751996,0.506965345035984,"s__Blautia_SGB4793","ZIGMM",1,6
"fixed",NA,"ResponseResponder:Days",-0.00193084646407831,0.00327519761989248,44,-0.589535865668374,0.558517078618504,"s__Ruminococcus_torques","ZIGMM",1,64
"fixed",NA,"ResponseResponder:Days",-0.000379149765207727,0.000591762991534183,44,-0.640712194969741,0.525032774531998,"s__Clostridiaceae_bacterium","ZIGMM",1,63
"fixed",NA,"ResponseResponder:Days",-0.000865694263152971,0.00117514442431583,44,-0.736670527673208,0.465232633575157,"s__Mediterraneibacter_glycyrrhizinilyticus","ZIGMM",1,24
"fixed",NA,"ResponseResponder:Days",-0.00162453636355142,0.00218800913941339,44,-0.742472384730058,0.461746718888473,"s__Streptococcus_thermophilus","ZIGMM",1,38
"fixed",NA,"ResponseResponder:Days",-0.0162172175185391,0.00509516740585683,44,-3.18286254930459,0.00267622114110346,"s__Firmicutes_bacterium","ZIGMM",1,18
"fixed",NA,"ResponseResponder:Days",0.000259617263749396,0.000718600688548759,44,0.361281679640056,0.719617935393902,"s__GGB3600_SGB4861","ZIGMM",1,7
"fixed",NA,"ResponseResponder:Days",-0.0023577384897745,0.00394302317576439,44,-0.597951973568462,0.552937466298595,"s__Brotolimicola_acetigignens","ZIGMM",1,62
"fixed",NA,"ResponseResponder:Days",2.17938558618014e-05,8.65142783373126e-05,44,0.251910508654177,0.80228320395142,"s__GGB3606_SGB4870","ZIGMM",1,4
"fixed",NA,"ResponseResponder:Days",-0.00182247760340978,0.00184054278773975,44,-0.990184860438828,0.327498013890871,"s__Eggerthella_lenta","ZIGMM",1,43
"fixed",NA,"ResponseResponder:Days",-2.21441945404818e-05,5.11674710278307e-05,44,-0.432778757590683,0.6672895199595,"s__Phocea_massiliensis","ZIGMM",1,23
"fixed",NA,"ResponseResponder:Days",0.000529848359362883,0.00155131254477027,44,0.341548426942778,0.734316604814648,"s__Ruthenibacterium_lactatiformans","GMM",1,82
"fixed",NA,"ResponseResponder:Days",0.000256089974358272,0.000229272985228309,44,1.11696532455954,0.270071500004124,"s__Pseudoflavonifractor_phocaeensis","ZIGMM",1,20
"fixed",NA,"ResponseResponder:Days",0.00030535326014186,0.00100791469236066,44,0.302955460870091,0.763351557759248,"s__Bacteroides_xylanisolvens","ZIGMM",1,47
"fixed",NA,"ResponseResponder:Days",1.31613562200895e-05,9.18032053462226e-05,44,0.143364887646932,0.886656580627913,"s__GGB3511_SGB4688","ZIGMM",1,7
"fixed",NA,"ResponseResponder:Days",0.00117844483564812,0.00206404335714309,44,0.570939961881054,0.570945062512652,"s__Escherichia_coli","ZIGMM",1,27
"fixed",NA,"ResponseResponder:Days",-0.000724552814141484,0.000640873075630591,44,-1.13057146834973,0.264360657590089,"s__GGB3433_SGB4574","ZIGMM",1,22
"fixed",NA,"ResponseResponder:Days",0.00244500718225044,0.00316961114558952,44,0.771390265223114,0.444598721740096,"c__CFGB3012","ZIGMM",1,32
"fixed",NA,"ResponseResponder:Days",-0.00198365066172171,0.00407271742473983,44,-0.487058259841936,0.628634753530999,"c__Erysipelotrichia","GMM",1,80
"fixed",NA,"ResponseResponder:Days",3.90318813933622e-05,9.01737419003377e-05,44,0.43285196522621,0.667236734430708,"c__CFGB1260","ZIGMM",1,18
"fixed",NA,"ResponseResponder:Days",0.00244500718225044,0.00316961114558952,44,0.771390265223114,0.444598721740096,"o__OFGB3012","ZIGMM",1,32
"fixed",NA,"ResponseResponder:Days",-0.00198365066172171,0.00407271742473983,44,-0.487058259841936,0.628634753530999,"o__Erysipelotrichales","GMM",1,80
"fixed",NA,"ResponseResponder:Days",3.90318813933622e-05,9.01737419003377e-05,44,0.43285196522621,0.667236734430708,"o__OFGB1260","ZIGMM",1,18
"fixed",NA,"ResponseResponder:Days",-0.10787778457384,0.0346578504201897,44,-3.11265076356254,0.00325414633902342,"f__Prevotellaceae","ZIGMM",1,42
"fixed",NA,"ResponseResponder:Days",0.00244500718225044,0.00316961114558952,44,0.771390265223114,0.444598721740096,"f__FGB3012","ZIGMM",1,32
"fixed",NA,"ResponseResponder:Days",-0.00101519028698499,0.00298078967467946,44,-0.340577631360104,0.735042378210627,"f__Erysipelotrichaceae","ZIGMM",1,75
"fixed",NA,"ResponseResponder:Days",-0.000137096597604595,0.000271874344164611,44,-0.504264563932474,0.616591418674135,"f__Coprobacillaceae","ZIGMM",1,9
"fixed",NA,"ResponseResponder:Days",-0.00158957310207069,0.00257891394253365,44,-0.616373069242094,0.540824359309757,"f__Eubacteriaceae","ZIGMM",1,61
"fixed",NA,"ResponseResponder:Days",-0.000729601196617022,0.000518445616111353,44,-1.40728588292338,0.166367877451228,"f__Eubacteriales_Family_XIII_Incertae_Sedis","ZIGMM",1,40
"fixed",NA,"ResponseResponder:Days",3.46441946993481e-05,0.00114141246190083,44,0.0303520382471153,0.975923555122561,"f__Peptostreptococcaceae","ZIGMM",1,47
"fixed",NA,"ResponseResponder:Days",3.90318813933622e-05,9.01737419003377e-05,44,0.43285196522621,0.667236734430708,"f__FGB1260","ZIGMM",1,18
"fixed",NA,"ResponseResponder:Days",-0.000263760008328774,0.000251031409909863,44,-1.05070520228318,0.29913073791581,"g__GGB9739","ZIGMM",1,3
"fixed",NA,"ResponseResponder:Days",-0.000904114936698886,0.00181757727877758,44,-0.497428608541449,0.621363641428975,"g__Paraprevotella","ZIGMM",1,35
"fixed",NA,"ResponseResponder:Days",0.00244500718225044,0.00316961114558952,44,0.771390265223114,0.444598721740096,"g__GGB9480","ZIGMM",1,32
"fixed",NA,"ResponseResponder:Days",-0.000243126538958706,0.00025287805380626,44,-0.961437876079885,0.341586101127587,"g__Tyzzerella","ZIGMM",1,5
"fixed",NA,"ResponseResponder:Days",9.70892314261555e-06,0.00180765584587877,44,0.00537100198843197,0.99573885935304,"g__Oliverpabstia","ZIGMM",1,43
"fixed",NA,"ResponseResponder:Days",-5.43912875652273e-05,0.000328294015614945,44,-0.165678583763838,0.86916882744921,"g__Holdemanella","ZIGMM",1,13
"fixed",NA,"ResponseResponder:Days",-0.0116701398262389,0.011336352421502,44,-1.02944398624232,0.30889700721453,"g__Anaerobutyricum","ZIGMM",1,69
"fixed",NA,"ResponseResponder:Days",0.021513726707066,0.0057417708484742,44,3.74688006101515,0.000517831677160135,"g__Faecalimonas","ZIGMM",1,15
"fixed",NA,"ResponseResponder:Days",1.30452283549337e-06,5.60076013559598e-06,44,0.232918890277481,0.816904520445633,"g__Catenibacterium","ZIGMM",1,6
"fixed",NA,"ResponseResponder:Days",0.0004787041249954,0.00153630722102286,44,0.311594008310839,0.756820761783061,"g__Eubacterium","ZIGMM",1,52
"fixed",NA,"ResponseResponder:Days",0.00415342091053437,0.00308181002289862,44,1.34772126759061,0.18464673239942,"g__Fusicatenibacter","ZIGMM",1,71
"fixed",NA,"ResponseResponder:Days",0.000757647575085574,0.000740271695005809,44,1.02347230104432,0.311678882243953,"g__Agathobaculum","ZIGMM",1,59
"fixed",NA,"ResponseResponder:Days",-1.6258002233686e-05,4.41639401760448e-05,44,-0.368128436205623,0.71454262903971,"g__Dielma","ZIGMM",1,8
"fixed",NA,"ResponseResponder:Days",-0.000270409633602821,0.000241258852821175,44,-1.12082781809152,0.268441487415005,"g__Mogibacterium","ZIGMM",1,2
"fixed",NA,"ResponseResponder:Days",-0.00251910692404637,0.00104809339155927,44,-2.4035137940319,0.0205190108964787,"g__Lacrimispora","ZIGMM",1,39
"fixed",NA,"ResponseResponder:Days",-0.00128120256913768,0.00134939294394469,44,-0.949465887521489,0.347569899176058,"g__Evtepia","ZIGMM",1,57
"fixed",NA,"ResponseResponder:Days",-8.83190464556555e-06,0.000239743053559952,44,-0.0368390429437697,0.970779975422498,"g__Hydrogenoanaerobacterium","ZIGMM",1,47
"fixed",NA,"ResponseResponder:Days",-0.000314834837339888,0.0004986615879475,44,-0.631359713580014,0.531071809145553,"g__Intestinibacter","ZIGMM",1,25
"fixed",NA,"ResponseResponder:Days",-0.00343633551248612,0.00589903234886237,44,-0.58252528707506,0.56318638021261,"g__Gemmiger","ZIGMM",1,56
"fixed",NA,"ResponseResponder:Days",0.00117274289306193,0.00191523000367255,44,0.612324833473335,0.54347454551953,"g__Simiaoa","ZIGMM",1,19
"fixed",NA,"ResponseResponder:Days",5.32991285960295e-05,7.94572486959082e-05,44,0.670790009354732,0.505860395340518,"g__GGB3057","ZIGMM",1,16
"fixed",NA,"ResponseResponder:Days",-0.000201766715052215,0.000536240496503937,44,-0.376261614644268,0.70853067853665,"g__Anaerotignum","ZIGMM",1,35
"fixed",NA,"ResponseResponder:Days",-0.000390512524875545,0.000953401974901783,44,-0.409599030792625,0.68408741027863,"g__Desulfovibrio","ZIGMM",1,34
"fixed",NA,"ResponseResponder:Days",3.26707269510426e-05,0.000101928828103264,44,0.320524895252832,0.750087794469587,"g__GGB9614","ZIGMM",1,14
"fixed",NA,"ResponseResponder:Days",-0.000263760008328774,0.000251031409909863,44,-1.05070520228318,0.29913073791581,"s__GGB9739_SGB15313","ZIGMM",1,3
"fixed",NA,"ResponseResponder:Days",-0.000332312091049505,0.000679743086133921,44,-0.4888789571065,0.627355454209034,"s__Bacteroides_salyersiae","ZIGMM",1,14
"fixed",NA,"ResponseResponder:Days",-0.00938041109016388,0.00616434262666584,44,-1.52172123749026,0.135233835630466,"s__Alistipes_finegoldii","ZIGMM",1,41
"fixed",NA,"ResponseResponder:Days",-0.00248604383964678,0.00307229683965437,44,-0.809180873266938,0.422765341614955,"s__Bacteroides_faecis","ZIGMM",1,21
"fixed",NA,"ResponseResponder:Days",-0.000246692013610246,0.000620326221233434,44,-0.397681099341137,0.692788134263721,"s__Parasutterella_excrementihominis","ZIGMM",1,32
"fixed",NA,"ResponseResponder:Days",-0.00107421528435768,0.00180905977342404,44,-0.593797562766263,0.55568817321878,"s__Paraprevotella_clara","ZIGMM",1,33
"fixed",NA,"ResponseResponder:Days",0.00167635804776818,0.00160440420224476,44,1.04484770447668,0.30179985072335,"s__Clostridium_fessum","ZIGMM",1,51
"fixed",NA,"ResponseResponder:Days",-0.00577511955132475,0.00414323024711635,44,-1.39386884311925,0.17035742460384,"s__Bacteroides_finegoldii","ZIGMM",1,40
"fixed",NA,"ResponseResponder:Days",0.00272437734001468,0.00332832133596155,44,0.818543964063377,0.417457884389064,"s__GGB9480_SGB14874","ZIGMM",1,30
"fixed",NA,"ResponseResponder:Days",3.47277149231321e-05,4.2038204067189e-05,44,0.826098918679478,0.413205116979784,"s__Tyzzerella_SGB4587","ZIGMM",1,1
"fixed",NA,"ResponseResponder:Days",0.0238315658920795,0.0158186849463537,44,1.50654532743398,0.1390736277988,"s__Phocaeicola_dorei","ZIGMM",1,34
"fixed",NA,"ResponseResponder:Days",0.00150304036970087,0.001143401093754,44,1.31453466146871,0.195477526346101,"s__Clostridium_sp_AM22_11AC","ZIGMM",1,34
"fixed",NA,"ResponseResponder:Days",9.70892314261555e-06,0.00180765584587877,44,0.00537100198843197,0.99573885935304,"s__Oliverpabstia_intestinalis","ZIGMM",1,43
"fixed",NA,"ResponseResponder:Days",-9.30218865281361e-06,0.000316433879998685,44,-0.0293969427447284,0.97668094809532,"s__Holdemanella_porci","ZIGMM",1,11
"fixed",NA,"ResponseResponder:Days",0.021513726707066,0.0057417708484742,44,3.74688006101515,0.000517831677160135,"s__Faecalimonas_umbilicata","ZIGMM",1,15
"fixed",NA,"ResponseResponder:Days",1.30447567484936e-06,5.60087644373124e-06,44,0.23290563324413,0.816914750522752,"s__Catenibacterium_tridentinum","ZIGMM",1,5
"fixed",NA,"ResponseResponder:Days",0.00391494045604882,0.00305884652309073,44,1.2798747588333,0.207296442275628,"s__Fusicatenibacter_saccharivorans","ZIGMM",1,70
"fixed",NA,"ResponseResponder:Days",0.000757647575085574,0.000740271695005809,44,1.02347230104432,0.311678882243953,"s__Agathobaculum_butyriciproducens","ZIGMM",1,59
"fixed",NA,"ResponseResponder:Days",-1.6258002233686e-05,4.41639401760448e-05,44,-0.368128436205623,0.71454262903971,"s__Dielma_fastidiosa","ZIGMM",1,8
"fixed",NA,"ResponseResponder:Days",0.000346365017136825,0.000303599253618692,44,1.14086254497794,0.260098800876882,"s__Coprococcus_catus","ZIGMM",1,41
"fixed",NA,"ResponseResponder:Days",-0.0109178057731887,0.0110416198554618,44,-0.988786601613367,0.328174108171289,"s__Anaerobutyricum_hallii","ZIGMM",1,55
"fixed",NA,"ResponseResponder:Days",0.00068407012529615,0.000601739464570398,44,1.13682110875764,0.261766584955394,"s__Eubacterium_ramulus","ZIGMM",1,30
"fixed",NA,"ResponseResponder:Days",-0.00339441925192499,0.0130902603530816,44,-0.259308765476609,0.796606426397863,"s__Blautia_obeum","ZIGMM",1,61
"fixed",NA,"ResponseResponder:Days",-0.00028813324258886,0.000244076181181839,44,-1.18050537005984,0.244141820184533,"s__Tyzzerella_nexilis","ZIGMM",1,4
"fixed",NA,"ResponseResponder:Days",-0.000270409633602821,0.000241258852821175,44,-1.12082781809152,0.268441487415005,"s__Mogibacterium_kristiansenii","ZIGMM",1,2
"fixed",NA,"ResponseResponder:Days",-0.00251910692404637,0.00104809339155927,44,-2.4035137940319,0.0205190108964787,"s__Lacrimispora_amygdalina","ZIGMM",1,39
"fixed",NA,"ResponseResponder:Days",-0.00128120256913768,0.00134939294394469,44,-0.949465887521489,0.347569899176058,"s__Evtepia_gabavorous","ZIGMM",1,57
"fixed",NA,"ResponseResponder:Days",-8.20063371741817e-06,0.000186628320775971,44,-0.0439409928960473,0.965150251744911,"s__Hydrogenoanaerobacterium_SGB53821","ZIGMM",1,21
"fixed",NA,"ResponseResponder:Days",0.00287352575081703,0.00944233093916291,44,0.304323770193102,0.762315931549208,"s__Bacteroides_cellulosilyticus","ZIGMM",1,35
"fixed",NA,"ResponseResponder:Days",-0.00544571853668294,0.00621004821097807,44,-0.876920492671224,0.385292732240369,"s__Anaerobutyricum_soehngenii","ZIGMM",1,36
"fixed",NA,"ResponseResponder:Days",0.000414724943067327,0.000258335702616193,44,1.60537215285136,0.115566285491592,"s__Eubacterium_ventriosum","ZIGMM",1,23
"fixed",NA,"ResponseResponder:Days",-0.000174539649003133,0.00020160869599655,44,-0.865734725084077,0.391331781399111,"s__Dorea_sp_AF36_15AT","ZIGMM",1,29
"fixed",NA,"ResponseResponder:Days",-0.000314834837339888,0.0004986615879475,44,-0.631359713580014,0.531071809145553,"s__Intestinibacter_bartlettii","ZIGMM",1,25
"fixed",NA,"ResponseResponder:Days",-0.00261176018466785,0.00605198757704859,44,-0.431554121917339,0.668172781883049,"s__Gemmiger_formicilis","ZIGMM",1,44
"fixed",NA,"ResponseResponder:Days",0.00153013477074483,0.00126442102933545,44,1.21014656925552,0.232683872087283,"s__Mediterraneibacter_faecis","ZIGMM",1,49
"fixed",NA,"ResponseResponder:Days",0.00117274289306193,0.00191523000367255,44,0.612324833473335,0.54347454551953,"s__Simiaoa_sunii","ZIGMM",1,19
"fixed",NA,"ResponseResponder:Days",-5.37428671266867e-06,3.74298102229514e-05,44,-0.143583060684963,0.886485301942476,"s__GGB3057_SGB71294","ZIGMM",1,10
"fixed",NA,"ResponseResponder:Days",-0.000312245095075807,0.000488293409231757,44,-0.639462030763572,0.525837913852852,"s__Anaerotignum_faecicola","ZIGMM",1,25
"fixed",NA,"ResponseResponder:Days",-0.000647342852965377,0.000748249235663854,44,-0.865143353459022,0.391652701336313,"s__Lachnospiraceae_bacterium_CLA_AA_H244","ZIGMM",1,37
"fixed",NA,"ResponseResponder:Days",-0.000385919413717505,0.00088593324261335,44,-0.435607780761347,0.665250926160242,"s__Blautia_SGB4815","ZIGMM",1,29
"fixed",NA,"ResponseResponder:Days",0.000130347869182014,0.000483791572681681,44,0.269429805193773,0.788858476644405,"s__Desulfovibrio_fairfieldensis","ZIGMM",1,18
"fixed",NA,"ResponseResponder:Days",0.00036909038143135,0.000563586943701147,44,0.654895195065177,0.515944455279158,"s__Clostridium_sp_AF20_17LB","ZIGMM",1,15
"fixed",NA,"ResponseResponder:Days",3.26707269510426e-05,0.000101928828103264,44,0.320524895252832,0.750087794469587,"s__GGB9614_SGB15049","ZIGMM",1,14
"fixed",NA,"ResponseResponder:Days",-0.00390284828760693,0.00282604264406683,44,-1.38102950986986,0.174244238701754,"c__CFGB658","ZIGMM",1,8
"fixed",NA,"ResponseResponder:Days",0.000642943509487141,0.00478819274329709,44,0.134276864770573,0.893795981060963,"c__CFGB4806","ZIGMM",1,15
"fixed",NA,"ResponseResponder:Days",0.0566739106915485,0.00310809197466178,44,18.2343093941792,3.91629053695082e-22,"c__CFGB343","ZIGMM",9.82597295720961e-19,4
"fixed",NA,"ResponseResponder:Days",0.00563514546221748,0.00591004249769445,44,0.953486453678766,0.345552705678679,"c__CFGB1354","ZIGMM",1,19
"fixed",NA,"ResponseResponder:Days",0.00291650568750581,0.000757409077043684,44,3.85063471762117,0.000378080774979133,"c__CFGB1458","ZIGMM",0.948604664422644,6
"fixed",NA,"ResponseResponder:Days",0.000863101523952729,0.0034828744255969,44,0.247812989641397,0.805431955566105,"c__CFGB4405","ZIGMM",1,12
"fixed",NA,"ResponseResponder:Days",0.00041917434303818,0.0011301491016981,44,0.370901806149607,0.712490503715728,"c__CFGB3062","ZIGMM",1,13
"fixed",NA,"ResponseResponder:Days",0.04286603115872,0.0110957245431724,44,3.86329265762974,0.000363762017250605,"c__CFGB2982","ZIGMM",0.912678901281769,17
"fixed",NA,"ResponseResponder:Days",-0.000266405657564688,0.000108451092983124,44,-2.45645894602595,0.0180473784101805,"c__CFGB2880","ZIGMM",1,1
"fixed",NA,"ResponseResponder:Days",-0.00678558068158244,0.00437942130409089,44,-1.54942404724659,0.128443387464151,"c__CFGB38642","ZIGMM",1,25
"fixed",NA,"ResponseResponder:Days",-0.00013247286372287,0.000223696751150717,44,-0.592198425061684,0.556748828868344,"c__CFGB3023","ZIGMM",1,48
"fixed",NA,"ResponseResponder:Days",-0.00013336858406842,0.000462063382282805,44,-0.288636990469832,0.774214663020179,"c__CFGB3070","ZIGMM",1,23
"fixed",NA,"ResponseResponder:Days",0.00120283363735844,0.003431694620345,44,0.350507189721187,0.727630634252492,"c__CFGB3054","ZIGMM",1,33
"fixed",NA,"ResponseResponder:Days",-9.60847348854201e-05,0.000102020791422765,44,-0.941815227518216,0.351429732624237,"c__CFGB1258","ZIGMM",1,11
"fixed",NA,"ResponseResponder:Days",-0.000554828869630291,0.001043213382198,44,-0.531846004947993,0.597507923557611,"c__CFGB72924","ZIGMM",1,14
"fixed",NA,"ResponseResponder:Days",-2.19923938412028e-05,0.000110133470077219,44,-0.199688558126635,0.842644183819746,"c__CFGB1473","ZIGMM",1,16
"fixed",NA,"ResponseResponder:Days",-0.000113137158148574,3.30232682499055e-05,44,-3.42598307630856,0.00133821153654541,"c__CFGB2881","ZIGMM",1,5
"fixed",NA,"ResponseResponder:Days",2.8465276182643e-05,0.000233784625779569,44,0.121758546301853,0.903644635778997,"c__CFGB2834","ZIGMM",1,27
"fixed",NA,"ResponseResponder:Days",0.0001964354076671,0.000652470915586618,44,0.301063852770342,0.764783972111111,"c__CFGB3038","ZIGMM",1,51
"fixed",NA,"ResponseResponder:Days",0.00315932434725295,0.00271025182719243,44,1.16569401985266,0.250018465135712,"c__CFGB79294","ZIGMM",1,10
"fixed",NA,"ResponseResponder:Days",-3.61869303911153e-05,5.082875437682e-05,44,-0.711938170328604,0.480261082211486,"c__CFGB1211","ZIGMM",1,17
"fixed",NA,"ResponseResponder:Days",0.00118213892631541,0.00316889803082928,44,0.373044167030534,0.710906758653137,"c__CFGB1227","ZIGMM",1,31
"fixed",NA,"ResponseResponder:Days",-7.2476412671387e-05,3.3955898660542e-05,44,-2.13442775866236,0.0384169428116888,"c__CFGB2954","ZIGMM",1,4
"fixed",NA,"ResponseResponder:Days",-2.90771902366407e-05,3.26236318741494e-05,44,-0.891292249397932,0.37762059552532,"c__CFGB79291","ZIGMM",1,10
"fixed",NA,"ResponseResponder:Days",1.27441262847648e-05,3.17353614234613e-05,44,0.401574953400194,0.689940729471958,"c__CFGB83839","ZIGMM",1,3
"fixed",NA,"ResponseResponder:Days",-2.91261511256972e-05,1.6296522631585e-05,44,-1.78726172350699,0.0807847928180173,"c__CFGB32970","ZIGMM",1,6
"fixed",NA,"ResponseResponder:Days",8.86419893835e-05,8.93673615962059e-05,44,0.991883253575468,0.32667805561686,"c__CFGB1359","ZIGMM",1,4
"fixed",NA,"ResponseResponder:Days",-0.00390284828760693,0.00282604264406683,44,-1.38102950986986,0.174244238701754,"o__OFGB658","ZIGMM",1,8
"fixed",NA,"ResponseResponder:Days",0.000642943509487141,0.00478819274329709,44,0.134276864770573,0.893795981060963,"o__OFGB4806","ZIGMM",1,15
"fixed",NA,"ResponseResponder:Days",0.0566739106915485,0.00310809197466178,44,18.2343093941792,3.91629053695082e-22,"o__OFGB343","ZIGMM",9.82597295720961e-19,4
"fixed",NA,"ResponseResponder:Days",0.00563514546221748,0.00591004249769445,44,0.953486453678766,0.345552705678679,"o__OFGB1354","ZIGMM",1,19
"fixed",NA,"ResponseResponder:Days",0.00291650568750581,0.000757409077043684,44,3.85063471762117,0.000378080774979133,"o__OFGB1458","ZIGMM",0.948604664422644,6
"fixed",NA,"ResponseResponder:Days",0.000863101523952729,0.0034828744255969,44,0.247812989641397,0.805431955566105,"o__OFGB4405","ZIGMM",1,12
"fixed",NA,"ResponseResponder:Days",0.00041917434303818,0.0011301491016981,44,0.370901806149607,0.712490503715728,"o__OFGB3062","ZIGMM",1,13
"fixed",NA,"ResponseResponder:Days",0.04286603115872,0.0110957245431724,44,3.86329265762974,0.000363762017250605,"o__OFGB2982","ZIGMM",0.912678901281769,17
"fixed",NA,"ResponseResponder:Days",-0.000266405657564688,0.000108451092983124,44,-2.45645894602595,0.0180473784101805,"o__OFGB2880","ZIGMM",1,1
"fixed",NA,"ResponseResponder:Days",-0.00678558068158244,0.00437942130409089,44,-1.54942404724659,0.128443387464151,"o__OFGB38642","ZIGMM",1,25
"fixed",NA,"ResponseResponder:Days",-0.00013247286372287,0.000223696751150717,44,-0.592198425061684,0.556748828868344,"o__OFGB3023","ZIGMM",1,48
"fixed",NA,"ResponseResponder:Days",-0.00013336858406842,0.000462063382282805,44,-0.288636990469832,0.774214663020179,"o__OFGB3070","ZIGMM",1,23
"fixed",NA,"ResponseResponder:Days",0.00120283363735844,0.003431694620345,44,0.350507189721187,0.727630634252492,"o__OFGB3054","ZIGMM",1,33
"fixed",NA,"ResponseResponder:Days",-9.60847348854201e-05,0.000102020791422765,44,-0.941815227518216,0.351429732624237,"o__OFGB1258","ZIGMM",1,11
"fixed",NA,"ResponseResponder:Days",-0.000554828869630291,0.001043213382198,44,-0.531846004947993,0.597507923557611,"o__OFGB72924","ZIGMM",1,14
"fixed",NA,"ResponseResponder:Days",-2.19923938412028e-05,0.000110133470077219,44,-0.199688558126635,0.842644183819746,"o__OFGB1473","ZIGMM",1,16
"fixed",NA,"ResponseResponder:Days",-0.000113137158148574,3.30232682499055e-05,44,-3.42598307630856,0.00133821153654541,"o__OFGB2881","ZIGMM",1,5
"fixed",NA,"ResponseResponder:Days",2.8465276182643e-05,0.000233784625779569,44,0.121758546301853,0.903644635778997,"o__OFGB2834","ZIGMM",1,27
"fixed",NA,"ResponseResponder:Days",0.00283729324603626,0.00400489437424409,44,0.708456448760097,0.482398501909517,"o__Candidatus_Borkfalkiales","ZIGMM",1,29
"fixed",NA,"ResponseResponder:Days",0.0001964354076671,0.000652470915586618,44,0.301063852770342,0.764783972111111,"o__OFGB3038","ZIGMM",1,51
"fixed",NA,"ResponseResponder:Days",0.00315932434725295,0.00271025182719243,44,1.16569401985266,0.250018465135712,"o__OFGB79294","ZIGMM",1,10
"fixed",NA,"ResponseResponder:Days",-3.61869303911153e-05,5.082875437682e-05,44,-0.711938170328604,0.480261082211486,"o__OFGB1211","ZIGMM",1,17
"fixed",NA,"ResponseResponder:Days",0.00118213892631541,0.00316889803082928,44,0.373044167030534,0.710906758653137,"o__OFGB1227","ZIGMM",1,31
"fixed",NA,"ResponseResponder:Days",-7.2476412671387e-05,3.3955898660542e-05,44,-2.13442775866236,0.0384169428116888,"o__OFGB2954","ZIGMM",1,4
"fixed",NA,"ResponseResponder:Days",-0.000142050944783141,8.27258573468818e-05,44,-1.71712871088783,0.092987961129415,"o__Pasteurellales","ZIGMM",1,9
"fixed",NA,"ResponseResponder:Days",-2.90771902366407e-05,3.26236318741494e-05,44,-0.891292249397932,0.37762059552532,"o__OFGB79291","ZIGMM",1,10
"fixed",NA,"ResponseResponder:Days",1.27441262847648e-05,3.17353614234613e-05,44,0.401574953400194,0.689940729471958,"o__OFGB83839","ZIGMM",1,3
"fixed",NA,"ResponseResponder:Days",-2.91261511256972e-05,1.6296522631585e-05,44,-1.78726172350699,0.0807847928180173,"o__OFGB32970","ZIGMM",1,6
"fixed",NA,"ResponseResponder:Days",8.86419893835e-05,8.93673615962059e-05,44,0.991883253575468,0.32667805561686,"o__OFGB1359","ZIGMM",1,4
"fixed",NA,"ResponseResponder:Days",-0.00390284828760693,0.00282604264406683,44,-1.38102950986986,0.174244238701754,"f__FGB658","ZIGMM",1,8
"fixed",NA,"ResponseResponder:Days",0.000642943509487141,0.00478819274329709,44,0.134276864770573,0.893795981060963,"f__FGB4806","ZIGMM",1,15
"fixed",NA,"ResponseResponder:Days",0.0566739106915485,0.00310809197466178,44,18.2343093941792,3.91629053695082e-22,"f__FGB343","ZIGMM",9.82597295720961e-19,4
"fixed",NA,"ResponseResponder:Days",0.00563514546221748,0.00591004249769445,44,0.953486453678766,0.345552705678679,"f__FGB1354","ZIGMM",1,19
"fixed",NA,"ResponseResponder:Days",0.00291650568750581,0.000757409077043684,44,3.85063471762117,0.000378080774979133,"f__FGB1458","ZIGMM",0.948604664422644,6
"fixed",NA,"ResponseResponder:Days",0.000863101523952729,0.0034828744255969,44,0.247812989641397,0.805431955566105,"f__FGB4405","ZIGMM",1,12
"fixed",NA,"ResponseResponder:Days",0.00041917434303818,0.0011301491016981,44,0.370901806149607,0.712490503715728,"f__FGB3062","ZIGMM",1,13
"fixed",NA,"ResponseResponder:Days",0.04286603115872,0.0110957245431724,44,3.86329265762974,0.000363762017250605,"f__FGB2982","ZIGMM",0.912678901281769,17
"fixed",NA,"ResponseResponder:Days",-0.00463371342713545,0.00452421241893201,44,-1.02420333045045,0.311337421495312,"f__Barnesiellaceae","ZIGMM",1,44
"fixed",NA,"ResponseResponder:Days",0.00645272903424571,0.00545450432450051,44,1.18300924343599,0.243158361431954,"f__Eubacteriales_incertae_sedis","ZIGMM",1,46
"fixed",NA,"ResponseResponder:Days",-0.000266405657564688,0.000108451092983124,44,-2.45645894602595,0.0180473784101805,"f__FGB2880","ZIGMM",1,1
"fixed",NA,"ResponseResponder:Days",-0.00678558068158244,0.00437942130409089,44,-1.54942404724659,0.128443387464151,"f__FGB38642","ZIGMM",1,25
"fixed",NA,"ResponseResponder:Days",-0.00013247286372287,0.000223696751150717,44,-0.592198425061684,0.556748828868344,"f__FGB3023","ZIGMM",1,48
"fixed",NA,"ResponseResponder:Days",-0.00013336858406842,0.000462063382282805,44,-0.288636990469832,0.774214663020179,"f__FGB3070","ZIGMM",1,23
"fixed",NA,"ResponseResponder:Days",0.00120283363735844,0.003431694620345,44,0.350507189721187,0.727630634252492,"f__FGB3054","ZIGMM",1,33
"fixed",NA,"ResponseResponder:Days",-9.60847348854201e-05,0.000102020791422765,44,-0.941815227518216,0.351429732624237,"f__FGB1258","ZIGMM",1,11
"fixed",NA,"ResponseResponder:Days",-0.000554828869630291,0.001043213382198,44,-0.531846004947993,0.597507923557611,"f__FGB72924","ZIGMM",1,14
"fixed",NA,"ResponseResponder:Days",-2.19923938412028e-05,0.000110133470077219,44,-0.199688558126635,0.842644183819746,"f__FGB1473","ZIGMM",1,16
"fixed",NA,"ResponseResponder:Days",-0.000113137158148574,3.30232682499055e-05,44,-3.42598307630856,0.00133821153654541,"f__FGB2881","ZIGMM",1,5
"fixed",NA,"ResponseResponder:Days",2.8465276182643e-05,0.000233784625779569,44,0.121758546301853,0.903644635778997,"f__FGB2834","ZIGMM",1,27
"fixed",NA,"ResponseResponder:Days",0.00283729324603626,0.00400489437424409,44,0.708456448760097,0.482398501909517,"f__Candidatus_Borkfalkiaceae","ZIGMM",1,29
"fixed",NA,"ResponseResponder:Days",0.0001964354076671,0.000652470915586618,44,0.301063852770342,0.764783972111111,"f__FGB3038","ZIGMM",1,51
"fixed",NA,"ResponseResponder:Days",0.00315932434725295,0.00271025182719243,44,1.16569401985266,0.250018465135712,"f__FGB79294","ZIGMM",1,10
"fixed",NA,"ResponseResponder:Days",-3.61869303911153e-05,5.082875437682e-05,44,-0.711938170328604,0.480261082211486,"f__FGB1211","ZIGMM",1,17
"fixed",NA,"ResponseResponder:Days",0.00118213892631541,0.00316889803082928,44,0.373044167030534,0.710906758653137,"f__FGB1227","ZIGMM",1,31
"fixed",NA,"ResponseResponder:Days",-7.2476412671387e-05,3.3955898660542e-05,44,-2.13442775866236,0.0384169428116888,"f__FGB2954","ZIGMM",1,4
"fixed",NA,"ResponseResponder:Days",-0.000142050944783141,8.27258573468818e-05,44,-1.71712871088783,0.092987961129415,"f__Pasteurellaceae","ZIGMM",1,9
"fixed",NA,"ResponseResponder:Days",-2.90771902366407e-05,3.26236318741494e-05,44,-0.891292249397932,0.37762059552532,"f__FGB79291","ZIGMM",1,10
"fixed",NA,"ResponseResponder:Days",1.27441262847648e-05,3.17353614234613e-05,44,0.401574953400194,0.689940729471958,"f__FGB83839","ZIGMM",1,3
"fixed",NA,"ResponseResponder:Days",-2.91261511256972e-05,1.6296522631585e-05,44,-1.78726172350699,0.0807847928180173,"f__FGB32970","ZIGMM",1,6
"fixed",NA,"ResponseResponder:Days",8.86419893835e-05,8.93673615962059e-05,44,0.991883253575468,0.32667805561686,"f__FGB1359","ZIGMM",1,4
"fixed",NA,"ResponseResponder:Days",1.77588512116684e-06,6.20339807685102e-06,44,0.286276182693135,0.776010221189102,"f__Hafniaceae","ZIGMM",1,3
"fixed",NA,"ResponseResponder:Days",-0.19212654955299,0.0422285587475939,44,-4.54968285091985,4.19867889025085e-05,"g__Segatella","ZIGMM",0.105344853356394,12
"fixed",NA,"ResponseResponder:Days",-0.0140423387566667,0.0194724088155005,44,-0.721140301116146,0.474637706739904,"g__Faecalibacterium","ZIGMM",1,68
"fixed",NA,"ResponseResponder:Days",-0.00759275117583976,0.00370585043261515,44,-2.04885526653101,0.0464693879898028,"g__GGB1146","ZIGMM",1,6
"fixed",NA,"ResponseResponder:Days",-0.0125755088537995,0.00344074586967528,44,-3.65487871819672,0.000682382514655702,"g__Wujia","ZIGMM",1,12
"fixed",NA,"ResponseResponder:Days",0.00645514752940288,0.0102249863186392,44,0.631311116537704,0.531103283908962,"g__Ruminococcus","ZIGMM",1,57
"fixed",NA,"ResponseResponder:Days",-0.00390284828760693,0.00282604264406683,44,-1.38102950986986,0.174244238701754,"g__GGB1627","ZIGMM",1,8
"fixed",NA,"ResponseResponder:Days",0.000642943509487141,0.00478819274329709,44,0.134276864770573,0.893795981060963,"g__GGB51647","ZIGMM",1,15
"fixed",NA,"ResponseResponder:Days",0.0566739106915485,0.00310809197466178,44,18.2343093941792,3.91629053695082e-22,"g__GGB781","ZIGMM",9.82597295720961e-19,4
"fixed",NA,"ResponseResponder:Days",-0.00183238515345283,0.00413426743321574,44,-0.443218824871122,0.659779137396656,"g__Oscillibacter","ZIGMM",1,77
"fixed",NA,"ResponseResponder:Days",-0.00467630591054753,0.00971226514951264,44,-0.48148458043098,0.632558220982532,"g__Oscillospiraceae_unclassified","GMM",1,82
"fixed",NA,"ResponseResponder:Days",-0.00390344526446946,0.00139481676649719,44,-2.79853623660705,0.00759100266583881,"g__GGB3278","ZIGMM",1,12
"fixed",NA,"ResponseResponder:Days",0.00563514546221748,0.00591004249769445,44,0.953486453678766,0.345552705678679,"g__GGB3304","ZIGMM",1,19
"fixed",NA,"ResponseResponder:Days",0.0054238913848649,0.00327822632340733,44,1.65452011233544,0.105139185414348,"g__Lachnospira","ZIGMM",1,62
"fixed",NA,"ResponseResponder:Days",0.00291650568750581,0.000757409077043684,44,3.85063471762117,0.000378080774979133,"g__GGB1458","ZIGMM",0.948604664422644,6
"fixed",NA,"ResponseResponder:Days",-0.00244396728353481,0.000937405464825139,44,-2.60716133545338,0.0124179710863897,"g__GGB3345","ZIGMM",1,7
"fixed",NA,"ResponseResponder:Days",0.00140825106105965,0.00170242834336576,44,0.827201371821318,0.412586760211497,"g__Ligilactobacillus","ZIGMM",1,10
"fixed",NA,"ResponseResponder:Days",0.000863101523952729,0.0034828744255969,44,0.247812989641397,0.805431955566105,"g__GGB1266","ZIGMM",1,12
"fixed",NA,"ResponseResponder:Days",-0.000507543858602824,0.000911188658965618,44,-0.55701292329405,0.580341118061712,"g__Enterobacter","ZIGMM",1,14
"fixed",NA,"ResponseResponder:Days",0.00041917434303818,0.0011301491016981,44,0.370901806149607,0.712490503715728,"g__GGB9747","ZIGMM",1,13
"fixed",NA,"ResponseResponder:Days",-0.00256694514849663,0.00171946056842713,44,-1.49287817099797,0.142605531952768,"g__GGB9634","ZIGMM",1,13
"fixed",NA,"ResponseResponder:Days",0.00357252518741328,0.00173361549708874,44,2.06073676280156,0.0452699405307921,"g__GGB33469","ZIGMM",1,26
"fixed",NA,"ResponseResponder:Days",0.00109011802258206,0.0031441863109534,44,0.346709105241129,0.730462581328092,"g__GGB9635","ZIGMM",1,21
"fixed",NA,"ResponseResponder:Days",0.00444102149265355,0.00739161905970718,44,0.600818502249692,0.55104352314663,"g__GGB9715","ZIGMM",1,40
"fixed",NA,"ResponseResponder:Days",0.000103873949270293,0.00195030698033044,44,0.0532603073864266,0.957765591715197,"g__Sutterella","ZIGMM",1,34
"fixed",NA,"ResponseResponder:Days",0.04286603115872,0.0110957245431724,44,3.86329265762974,0.000363762017250605,"g__GGB9342","ZIGMM",0.912678901281769,17
"fixed",NA,"ResponseResponder:Days",-0.000571363552174819,0.00036453201969501,44,-1.56738920397955,0.124188237456391,"g__GGB1116","ZIGMM",1,4
"fixed",NA,"ResponseResponder:Days",0.00154543733084307,0.00223995064885538,44,0.689942580490689,0.493853471043597,"g__GGB9602","ZIGMM",1,25
"fixed",NA,"ResponseResponder:Days",-0.0059083720180571,0.00457101038303388,44,-1.29257462201072,0.202905020391689,"g__Barnesiella","ZIGMM",1,32
"fixed",NA,"ResponseResponder:Days",0.00645272903424571,0.00545450432450051,44,1.18300924343599,0.243158361431954,"g__Candidatus_Cibionibacter","ZIGMM",1,46
"fixed",NA,"ResponseResponder:Days",-0.000214127316187063,0.000265048198895405,44,-0.807880668797011,0.423505580866093,"g__GGB13489","ZIGMM",1,20
"fixed",NA,"ResponseResponder:Days",-0.000266405657564688,0.000108451092983124,44,-2.45645894602595,0.0180473784101805,"g__GGB9184","ZIGMM",1,1
"fixed",NA,"ResponseResponder:Days",0.00745042819180669,0.00573710900420511,44,1.29863807474214,0.200833249990835,"g__GGB9708","ZIGMM",1,25
"fixed",NA,"ResponseResponder:Days",-0.00737447378269338,0.00481938703704283,44,-1.53016840648232,0.133133523592345,"g__GGB9758","ZIGMM",1,16
"fixed",NA,"ResponseResponder:Days",0.0018110906486051,0.000953679199798422,44,1.89905646362834,0.0641259555933869,"g__Lawsonibacter","ZIGMM",1,67
"fixed",NA,"ResponseResponder:Days",-9.22511187225959e-05,0.000181357591676086,44,-0.50866973844338,0.613524976172591,"g__GGB9502","ZIGMM",1,33
"fixed",NA,"ResponseResponder:Days",0.00179852023793917,0.00162236136531214,44,1.10858177246667,0.27363357198966,"g__Kineothrix","ZIGMM",1,25
"fixed",NA,"ResponseResponder:Days",0.000567868088551326,0.000671118043760881,44,0.846152318255441,0.402046249185118,"g__Butyricimonas","ZIGMM",1,49
"fixed",NA,"ResponseResponder:Days",-0.000144805336498262,0.00054036509783389,44,-0.267976849501808,0.789969449607096,"g__GGB9627","ZIGMM",1,13
"fixed",NA,"ResponseResponder:Days",0.000207004012659633,0.000301958812893921,44,0.68553724488364,0.496601176479656,"g__GGB9775","ZIGMM",1,23
"fixed",NA,"ResponseResponder:Days",-0.000354519032796605,0.000622789168705407,44,-0.569244056593895,0.572085211604869,"g__GGB9691","ZIGMM",1,8
"fixed",NA,"ResponseResponder:Days",0.000247497114494501,0.000467233177731658,44,0.529707919493346,0.598977293513975,"g__GGB9760","ZIGMM",1,24
"fixed",NA,"ResponseResponder:Days",0.000315757445062328,0.000791032791526611,44,0.399171119635823,0.691698014595656,"g__Vescimonas","ZIGMM",1,37
"fixed",NA,"ResponseResponder:Days",-0.000252503984688214,0.00014139091941287,44,-1.78585715219015,0.0810153112655397,"g__Coprobacter","ZIGMM",1,20
"fixed",NA,"ResponseResponder:Days",-0.000226288102507182,0.000133206798825272,44,-1.69877291927122,0.0964234773803182,"g__GGB3619","ZIGMM",1,10
"fixed",NA,"ResponseResponder:Days",-0.000112440911173224,9.83142248843176e-05,44,-1.14368913863206,0.25893687688005,"g__GGB3052","ZIGMM",1,9
"fixed",NA,"ResponseResponder:Days",-0.000554828869630291,0.001043213382198,44,-0.531846004947993,0.597507923557611,"g__GGB3612","ZIGMM",1,14
"fixed",NA,"ResponseResponder:Days",-0.000138543117517138,3.69140631412688e-05,44,-3.75312565801652,0.000508169388983508,"g__Paeniclostridium","ZIGMM",1,2
"fixed",NA,"ResponseResponder:Days",-2.19923938412028e-05,0.000110133470077219,44,-0.199688558126635,0.842644183819746,"g__GGB3730","ZIGMM",1,16
"fixed",NA,"ResponseResponder:Days",-0.000109031999768332,2.95989981885275e-05,44,-3.68363817835539,0.000626181841240472,"g__GGB9185","ZIGMM",1,3
"fixed",NA,"ResponseResponder:Days",3.67154772909782e-05,0.00017728742343252,44,0.207095780287839,0.836890523479854,"g__GGB9616","ZIGMM",1,6
"fixed",NA,"ResponseResponder:Days",-9.6071331346921e-05,4.58257889092341e-05,44,-2.09644686177049,0.0418260292176722,"g__GGB34228","ZIGMM",1,7
"fixed",NA,"ResponseResponder:Days",-4.56049795299413e-05,2.853315281681e-05,44,-1.59831546912242,0.117130258196914,"g__GGB9608","ZIGMM",1,3
"fixed",NA,"ResponseResponder:Days",-6.91672121927229e-05,2.81577869133458e-05,44,-2.45641507287421,0.0180493098137716,"g__GGB9383","ZIGMM",1,1
"fixed",NA,"ResponseResponder:Days",0.000137257101824803,0.000251302385305672,44,0.546183044215238,0.587699062888188,"g__Frisingicoccus","ZIGMM",1,24
"fixed",NA,"ResponseResponder:Days",-9.53361395799271e-05,2.41432980030849e-05,44,-3.94876207748195,0.000279925789752739,"g__GGB79104","ZIGMM",0.702333806489623,2
"fixed",NA,"ResponseResponder:Days",-5.50212450756225e-05,4.62968418650969e-05,44,-1.18844488865887,0.24103329606235,"g__GGB9064","ZIGMM",1,11
"fixed",NA,"ResponseResponder:Days",-5.20303256190982e-05,4.97828827755887e-05,44,-1.04514489154114,0.301664036466541,"g__Senegalimassilia","ZIGMM",1,5
"fixed",NA,"ResponseResponder:Days",0.000262435001090979,0.000237512367795422,44,1.10493193902654,0.275194677874967,"g__GGB9707","ZIGMM",1,19
"fixed",NA,"ResponseResponder:Days",0.00214424142359083,0.00123458291364385,44,1.73681443335558,0.0894170895773001,"g__GGB3653","ZIGMM",1,40
"fixed",NA,"ResponseResponder:Days",0.000186797680701497,0.000505857739061119,44,0.369269196213539,0.713698276373931,"g__Candidatus_Borkfalkia","ZIGMM",1,25
"fixed",NA,"ResponseResponder:Days",-9.08591628568811e-06,5.39887581872567e-05,44,-0.168292744466805,0.867124199847676,"g__GGB9533","ZIGMM",1,3
"fixed",NA,"ResponseResponder:Days",-3.81322879144331e-05,1.55236435461426e-05,44,-2.45640063823215,0.0180499453029978,"g__GGB4487","ZIGMM",1,1
"fixed",NA,"ResponseResponder:Days",-4.04291644070318e-05,1.54296128131365e-05,44,-2.62023194597671,0.0120147949798684,"g__GGB2977","ZIGMM",1,2
"fixed",NA,"ResponseResponder:Days",0.000291910696081588,0.00020356409843501,44,1.43399891398229,0.158641559126256,"g__GGB3722","ZIGMM",1,6
"fixed",NA,"ResponseResponder:Days",0.0033303431940973,0.00265812210806207,44,1.25289323014785,0.216862325149612,"g__GGB87445","ZIGMM",1,9
"fixed",NA,"ResponseResponder:Days",-3.61869303911153e-05,5.082875437682e-05,44,-0.711938170328604,0.480261082211486,"g__GGB2970","ZIGMM",1,17
"fixed",NA,"ResponseResponder:Days",-0.000656932787501399,0.00134401903676958,44,-0.488782353172893,0.627423303183985,"g__Faecalicatena","ZIGMM",1,34
"fixed",NA,"ResponseResponder:Days",0.000159721926930268,0.000533601084106647,44,0.299328340379357,0.766098916155402,"g__GGB3000","ZIGMM",1,10
"fixed",NA,"ResponseResponder:Days",0.000896185087899668,0.000698343061381661,44,1.28330205805522,0.206104364191619,"g__Faecalibacillus","ZIGMM",1,33
"fixed",NA,"ResponseResponder:Days",-7.2476412671387e-05,3.3955898660542e-05,44,-2.13442775866236,0.0384169428116888,"g__GGB9297","ZIGMM",1,4
"fixed",NA,"ResponseResponder:Days",-0.000142050944783141,8.27258573468818e-05,44,-1.71712871088783,0.092987961129415,"g__Haemophilus","ZIGMM",1,9
"fixed",NA,"ResponseResponder:Days",0.00143108066026229,0.00138424846207426,44,1.03383221977206,0.306863627578624,"g__Intestinimonas","ZIGMM",1,43
"fixed",NA,"ResponseResponder:Days",-2.90771902366407e-05,3.26236318741494e-05,44,-0.891292249397932,0.37762059552532,"g__GGB9522","ZIGMM",1,10
"fixed",NA,"ResponseResponder:Days",1.27441262847648e-05,3.17353614234613e-05,44,0.401574953400194,0.689940729471958,"g__GGB3328","ZIGMM",1,3
"fixed",NA,"ResponseResponder:Days",8.63217421657558e-05,7.19506373936025e-05,44,1.19973561448159,0.236662489113105,"g__GGB9597","ZIGMM",1,2
"fixed",NA,"ResponseResponder:Days",9.07099018869579e-05,0.000180285098743962,44,0.503146973981374,0.617370477695568,"g__Anaeromassilibacillus","ZIGMM",1,25
"fixed",NA,"ResponseResponder:Days",0.000429807954992392,0.000395216626207898,44,1.08752498374473,0.28272643235491,"g__GGB3819","ZIGMM",1,33
"fixed",NA,"ResponseResponder:Days",-2.91261511256972e-05,1.6296522631585e-05,44,-1.78726172350699,0.0807847928180173,"g__GGB51884","ZIGMM",1,6
"fixed",NA,"ResponseResponder:Days",8.86419893835e-05,8.93673615962059e-05,44,0.991883253575468,0.32667805561686,"g__GGB3321","ZIGMM",1,4
"fixed",NA,"ResponseResponder:Days",-5.46286459853535e-06,4.64816223013948e-05,44,-0.117527408211211,0.906976989513083,"g__GGB9563","ZIGMM",1,10
"fixed",NA,"ResponseResponder:Days",-5.29775142926237e-05,6.89359304406713e-05,44,-0.768503651926741,0.446293394065646,"g__Colidextribacter","ZIGMM",1,8
"fixed",NA,"ResponseResponder:Days",1.77588512116684e-06,6.20339807685102e-06,44,0.286276182693135,0.776010221189102,"g__Hafnia","ZIGMM",1,3
"fixed",NA,"ResponseResponder:Days",-0.194882721803242,0.0420138043121266,44,-4.63854023680955,3.14960923014933e-05,"s__Segatella_copri","ZIGMM",0.0790236955844467,12
"fixed",NA,"ResponseResponder:Days",-0.00908411229810678,0.0176445488779353,44,-0.514839589323054,0.609241883498388,"s__Faecalibacterium_prausnitzii","ZIGMM",1,67
"fixed",NA,"ResponseResponder:Days",-0.00759275117583976,0.00370585043261515,44,-2.04885526653101,0.0464693879898028,"s__GGB1146_SGB1472","ZIGMM",1,6
"fixed",NA,"ResponseResponder:Days",-0.0125755088537995,0.00344074586967528,44,-3.65487871819672,0.000682382514655702,"s__Wujia_chipingensis","ZIGMM",1,12
"fixed",NA,"ResponseResponder:Days",-0.00390284828760693,0.00282604264406683,44,-1.38102950986986,0.174244238701754,"s__GGB1627_SGB2230","ZIGMM",1,8
"fixed",NA,"ResponseResponder:Days",0.000642943509487141,0.00478819274329709,44,0.134276864770573,0.893795981060963,"s__GGB51647_SGB4348","ZIGMM",1,15
"fixed",NA,"ResponseResponder:Days",0.0566739106915485,0.00310809197466178,44,18.2343093941792,3.91629053695082e-22,"s__GGB781_SGB1024","ZIGMM",9.82597295720961e-19,4
"fixed",NA,"ResponseResponder:Days",0.00826886335443559,0.00903972181354299,44,0.91472542241814,0.365321635483391,"s__Ruminococcus_bicirculans","ZIGMM",1,36
"fixed",NA,"ResponseResponder:Days",-0.00266819651567071,0.00296480990985043,44,-0.89995534175927,0.373043308620757,"s__Oscillospiraceae_bacterium_CLA_AA_H250","ZIGMM",1,59
"fixed",NA,"ResponseResponder:Days",-0.00390344526446946,0.00139481676649719,44,-2.79853623660705,0.00759100266583881,"s__GGB3278_SGB4328","ZIGMM",1,12
"fixed",NA,"ResponseResponder:Days",-0.0431204513495565,0.0127369375077766,44,-3.38546462391209,0.00150456172873932,"s__Phocaeicola_plebeius","ZIGMM",1,24
"fixed",NA,"ResponseResponder:Days",0.00686614522084715,0.00507713169229843,44,1.3523669735143,0.183167923655733,"s__GGB3304_SGB4367","ZIGMM",1,17
"fixed",NA,"ResponseResponder:Days",-0.00305686141467896,0.00192504017054819,44,-1.58794681869338,0.119459397465618,"s__Faecalibacterium_sp_HTFF","ZIGMM",1,32
"fixed",NA,"ResponseResponder:Days",0.00291650568750581,0.000757409077043684,44,3.85063471762117,0.000378080774979133,"s__GGB1458_SGB2021","ZIGMM",0.948604664422644,6
"fixed",NA,"ResponseResponder:Days",-0.00244396728353481,0.000937405464825139,44,-2.60716133545338,0.0124179710863897,"s__GGB3345_SGB4425","ZIGMM",1,7
"fixed",NA,"ResponseResponder:Days",-0.00204547626200702,0.00125652838043505,44,-1.62787907846444,0.110691230287875,"s__Ligilactobacillus_animalis","ZIGMM",1,6
"fixed",NA,"ResponseResponder:Days",0.000863101523952729,0.0034828744255969,44,0.247812989641397,0.805431955566105,"s__GGB1266_SGB1699","ZIGMM",1,12
"fixed",NA,"ResponseResponder:Days",-1.83994092034015e-05,0.000656973858062138,44,-0.0280063034131584,0.977783767040329,"s__Enterobacter_hormaechei","ZIGMM",1,9
"fixed",NA,"ResponseResponder:Days",0.00372898315445601,0.00600517585357224,44,0.620961524754981,0.537828615313298,"s__Ruminococcus_bromii","ZIGMM",1,50
"fixed",NA,"ResponseResponder:Days",0.00041917434303818,0.0011301491016981,44,0.370901806149607,0.712490503715728,"s__GGB9747_SGB15356","ZIGMM",1,13
"fixed",NA,"ResponseResponder:Days",9.13424754008643e-05,0.00168200633133533,44,0.0543056668094396,0.956937466643691,"s__Oscillibacter_sp_ER4","ZIGMM",1,24
"fixed",NA,"ResponseResponder:Days",-0.00216440237245891,0.000624766522009761,44,-3.4643379505938,0.0011970218446077,"s__GGB9634_SGB15101","ZIGMM",1,8
"fixed",NA,"ResponseResponder:Days",0.00353779650043849,0.0017249604301037,44,2.05094356873207,0.0462565888293493,"s__GGB33469_SGB15236","ZIGMM",1,26
"fixed",NA,"ResponseResponder:Days",0.00205616050409586,0.00257808526244077,44,0.797553336986694,0.429413003851061,"s__Lachnospira_pectinoschiza","ZIGMM",1,46
"fixed",NA,"ResponseResponder:Days",0.00177546781244988,0.00260280816097464,44,0.682135486998413,0.498728683986552,"s__GGB9635_SGB15106","ZIGMM",1,20
"fixed",NA,"ResponseResponder:Days",-0.000260802324403851,0.000406048345424146,44,-0.642293774480043,0.524015130852892,"s__Firmicutes_bacterium_AM41_11","ZIGMM",1,6
"fixed",NA,"ResponseResponder:Days",0.0333621722061521,0.00756121910452885,44,4.41227423050995,6.52854021573502e-05,"s__Clostridiaceae_bacterium_Marseille_Q4149","ZIGMM",0.163801074012792,13
"fixed",NA,"ResponseResponder:Days",-0.00129866203097808,0.00144285955747763,44,-0.900061287495202,0.372987551300539,"s__Clostridium_sp_AF36_4","ZIGMM",1,39
"fixed",NA,"ResponseResponder:Days",-0.00386938593563338,0.00192909830003621,44,-2.00580029310106,0.0510504749366944,"s__Faecalibacterium_SGB15346","ZIGMM",1,26
"fixed",NA,"ResponseResponder:Days",0.00133010575808225,0.00166877844618355,44,0.797053534053105,0.42970015160272,"s__Sutterella_sp_AM11_39","ZIGMM",1,8
"fixed",NA,"ResponseResponder:Days",-0.00137627110596011,0.000355568337226724,44,-3.87062334260249,0.000355710694625044,"s__Clostridium_perfringens","ZIGMM",0.892478132814236,11
"fixed",NA,"ResponseResponder:Days",-0.00398861650278166,0.0030518322941124,44,-1.30695795783946,0.198016537016209,"s__GGB9715_SGB15260","ZIGMM",1,24
"fixed",NA,"ResponseResponder:Days",-0.00188036323922138,0.0011486493882796,44,-1.63702106004489,0.108759620090208,"s__Oscillibacter_sp_MSJ_31","ZIGMM",1,32
"fixed",NA,"ResponseResponder:Days",0.00060845686356918,0.00142168867728528,44,0.427981789044722,0.670752020632999,"s__Lachnospira_eligens","ZIGMM",1,44
"fixed",NA,"ResponseResponder:Days",0.04286603115872,0.0110957245431724,44,3.86329265762974,0.000363762017250605,"s__GGB9342_SGB14306","ZIGMM",0.912678901281769,17
"fixed",NA,"ResponseResponder:Days",-0.00122936824397678,0.00233734515013486,44,-0.525967781825395,0.601551718103509,"s__Oscillibacter_valericigenes","ZIGMM",1,74
"fixed",NA,"ResponseResponder:Days",-0.000571363552174819,0.00036453201969501,44,-1.56738920397955,0.124188237456391,"s__GGB1116_SGB1430","ZIGMM",1,4
"fixed",NA,"ResponseResponder:Days",0.00174303569917047,0.00221652087182881,44,0.786383616470224,0.435857730240315,"s__GGB9602_SGB15031","ZIGMM",1,24
"fixed",NA,"ResponseResponder:Days",0.00802731378638131,0.00545452784899459,44,1.47167894428497,0.148224365149754,"s__Roseburia_faecis","ZIGMM",1,49
"fixed",NA,"ResponseResponder:Days",0.000964895636880541,0.00263912006812675,44,0.365612632988473,0.716406019755211,"s__Phocaeicola_massiliensis","ZIGMM",1,16
"fixed",NA,"ResponseResponder:Days",-0.0059083720180571,0.00457101038303388,44,-1.29257462201072,0.202905020391689,"s__Barnesiella_intestinihominis","ZIGMM",1,32
"fixed",NA,"ResponseResponder:Days",0.0294928006227631,0.00425300872535573,44,6.93457326972594,1.42569313526609e-08,"s__GGB9715_SGB15267","ZIGMM",3.57706407638262e-05,12
"fixed",NA,"ResponseResponder:Days",0.00645272903424571,0.00545450432450051,44,1.18300924343599,0.243158361431954,"s__Candidatus_Cibionibacter_quicibialis","ZIGMM",1,46
"fixed",NA,"ResponseResponder:Days",0.00107553010505164,0.000649407986919445,44,1.65617012219632,0.104802973116403,"s__Gemmiger_SGB15295","ZIGMM",1,18
"fixed",NA,"ResponseResponder:Days",-0.000214127316187063,0.000265048198895405,44,-0.807880668797011,0.423505580866093,"s__GGB13489_SGB15224","ZIGMM",1,20
"fixed",NA,"ResponseResponder:Days",-0.0922489444854545,0.0282912918216355,44,-3.2606833603444,0.00214944480288138,"s__Bacteroides_clarus","ZIGMM",1,16
"fixed",NA,"ResponseResponder:Days",-0.000266405657564688,0.000108451092983124,44,-2.45645894602595,0.0180473784101805,"s__GGB9184_SGB14123","ZIGMM",1,1
"fixed",NA,"ResponseResponder:Days",0.00397909574543675,0.00482102336301864,44,0.825363298580922,0.413618035793773,"s__GGB9708_SGB15234","ZIGMM",1,25
"fixed",NA,"ResponseResponder:Days",-0.00737447378269338,0.00481938703704283,44,-1.53016840648232,0.133133523592345,"s__GGB9758_SGB15368","ZIGMM",1,16
"fixed",NA,"ResponseResponder:Days",0.000773829454131187,0.00100524356970316,44,0.769792990926263,0.445535979507755,"s__Oscillospiraceae_unclassified_SGB15256","ZIGMM",1,11
"fixed",NA,"ResponseResponder:Days",-0.00125503233324666,0.00029500954556414,44,-4.25420923532046,0.000107914424542145,"s__Sutterella_SGB9281","ZIGMM",0.270757291176241,6
"fixed",NA,"ResponseResponder:Days",-9.22511187225959e-05,0.000181357591676086,44,-0.50866973844338,0.613524976172591,"s__GGB9502_SGB14899","ZIGMM",1,33
"fixed",NA,"ResponseResponder:Days",0.00212216036319765,0.000901917938763874,44,2.35294173891937,0.0231607718697057,"s__Lawsonibacter_asaccharolyticus","ZIGMM",1,64
"fixed",NA,"ResponseResponder:Days",0.00179852023793917,0.00162236136531214,44,1.10858177246667,0.27363357198966,"s__Kineothrix_SGB4886","ZIGMM",1,25
"fixed",NA,"ResponseResponder:Days",-0.000144805336498262,0.00054036509783389,44,-0.267976849501808,0.789969449607096,"s__GGB9627_SGB15081","ZIGMM",1,13
"fixed",NA,"ResponseResponder:Days",0.000207004012659633,0.000301958812893921,44,0.68553724488364,0.496601176479656,"s__GGB9775_SGB15395","ZIGMM",1,23
"fixed",NA,"ResponseResponder:Days",-0.000354519032796605,0.000622789168705407,44,-0.569244056593895,0.572085211604869,"s__GGB9691_SGB15198","ZIGMM",1,8
"fixed",NA,"ResponseResponder:Days",0.000367554432559285,0.000627106753793306,44,0.586111424149055,0.560795449635364,"s__Lachnospiraceae_bacterium","ZIGMM",1,48
"fixed",NA,"ResponseResponder:Days",0.00130759812175851,0.000846496982566074,44,1.54471681375007,0.129577494395022,"s__Alistipes_communis","ZIGMM",1,30
"fixed",NA,"ResponseResponder:Days",0.000307021861730323,0.000101537077039547,44,3.02374138277334,0.00415524941846761,"s__Vescimonas_fastidiosa","ZIGMM",1,7
"fixed",NA,"ResponseResponder:Days",-0.000252417794685016,0.00014142194875209,44,-1.78485586510691,0.0811799796423114,"s__Coprobacter_fastidiosus","ZIGMM",1,19
"fixed",NA,"ResponseResponder:Days",-0.000226288102507182,0.000133206798825272,44,-1.69877291927122,0.0964234773803182,"s__GGB3619_SGB4894","ZIGMM",1,10
"fixed",NA,"ResponseResponder:Days",-0.000112440911173224,9.83142248843176e-05,44,-1.14368913863206,0.25893687688005,"s__GGB3052_SGB4053","ZIGMM",1,9
"fixed",NA,"ResponseResponder:Days",-0.00037069717618591,0.000121234306732888,44,-3.0576920524869,0.00378654109883735,"s__GGB9760_SGB15374","ZIGMM",1,7
"fixed",NA,"ResponseResponder:Days",-0.000554828869630291,0.001043213382198,44,-0.531846004947993,0.597507923557611,"s__GGB3612_SGB4882","ZIGMM",1,14
"fixed",NA,"ResponseResponder:Days",-0.000382967842255117,0.00123538125289576,44,-0.309999719809113,0.758024719111912,"s__Roseburia_inulinivorans","ZIGMM",1,57
"fixed",NA,"ResponseResponder:Days",9.51658004946988e-05,8.58854142785303e-05,44,1.10805543984537,0.273858307709371,"s__Butyricimonas_faecalis","ZIGMM",1,4
"fixed",NA,"ResponseResponder:Days",0.000830207226512564,0.000675882020433509,44,1.22833157476222,0.225852493289586,"s__Clostridiales_bacterium_KLE1615","ZIGMM",1,53
"fixed",NA,"ResponseResponder:Days",-0.000138543117517138,3.69140631412688e-05,44,-3.75312565801652,0.000508169388983508,"s__Paeniclostridium_sordellii","ZIGMM",1,2
"fixed",NA,"ResponseResponder:Days",-2.19923938412028e-05,0.000110133470077219,44,-0.199688558126635,0.842644183819746,"s__GGB3730_SGB5060","ZIGMM",1,16
"fixed",NA,"ResponseResponder:Days",-0.000109031999768332,2.95989981885275e-05,44,-3.68363817835539,0.000626181841240472,"s__GGB9185_SGB14124","ZIGMM",1,3
"fixed",NA,"ResponseResponder:Days",-0.000118483294704007,2.84271292612384e-05,44,-4.16796552389003,0.000141598855037204,"s__GGB34228_SGB72916","ZIGMM",0.355271527288344,5
"fixed",NA,"ResponseResponder:Days",-6.48894194254698e-05,0.000547936903291499,44,-0.118424984766812,0.906269933796247,"s__Butyricimonas_virosa","ZIGMM",1,37
"fixed",NA,"ResponseResponder:Days",-7.73991291700228e-05,3.07923115054119e-05,44,-2.51358619687968,0.0156856886888657,"s__GGB9608_SGB15043","ZIGMM",1,2
"fixed",NA,"ResponseResponder:Days",1.56271613529805e-05,0.000177284429327393,44,0.0881473991385996,0.930159500238996,"s__GGB9616_SGB15051","ZIGMM",1,5
"fixed",NA,"ResponseResponder:Days",-6.91672121927229e-05,2.81577869133458e-05,44,-2.45641507287421,0.0180493098137716,"s__GGB9383_SGB72489","ZIGMM",1,1
"fixed",NA,"ResponseResponder:Days",0.000129145598362201,0.000185797336872686,44,0.695088533215602,0.490654511850933,"s__Frisingicoccus_SGB4674","ZIGMM",1,20
"fixed",NA,"ResponseResponder:Days",-9.53361395799271e-05,2.41432980030849e-05,44,-3.94876207748195,0.000279925789752739,"s__GGB79104_SGB105821","ZIGMM",0.702333806489623,2
"fixed",NA,"ResponseResponder:Days",-5.50212450756225e-05,4.62968418650969e-05,44,-1.18844488865887,0.24103329606235,"s__GGB9064_SGB13983","ZIGMM",1,11
"fixed",NA,"ResponseResponder:Days",-0.000124251291301293,0.000105926042656233,44,-1.17300040845036,0.247106880794245,"s__Lawsonibacter_SGB15145","ZIGMM",1,16
"fixed",NA,"ResponseResponder:Days",0.000647688189463837,0.000430598741138731,44,1.50415718297505,0.139685706516766,"s__GGB9760_SGB15373","ZIGMM",1,20
"fixed",NA,"ResponseResponder:Days",-4.79990709356818e-05,4.61176011474096e-05,44,-1.04079721714619,0.303655117445942,"s__Senegalimassilia_anaerobia","ZIGMM",1,5
"fixed",NA,"ResponseResponder:Days",7.52395211212956e-05,0.000104295973243684,44,0.721403892991161,0.474477179886811,"s__Blautia_luti","ZIGMM",1,17
"fixed",NA,"ResponseResponder:Days",0.000262435001090979,0.000237512367795422,44,1.10493193902654,0.275194677874967,"s__GGB9707_SGB15229","ZIGMM",1,19
"fixed",NA,"ResponseResponder:Days",-0.000176449788622088,0.000159098122242176,44,-1.10906267236454,0.273428349352003,"s__Clostridium_SGB6173","ZIGMM",1,10
"fixed",NA,"ResponseResponder:Days",0.00214424142359083,0.00123458291364385,44,1.73681443335558,0.0894170895773001,"s__GGB3653_SGB4964","ZIGMM",1,40
"fixed",NA,"ResponseResponder:Days",0.000186797680701497,0.000505857739061119,44,0.369269196213539,0.713698276373931,"s__Candidatus_Borkfalkia_ceftriaxoniphila","ZIGMM",1,25
"fixed",NA,"ResponseResponder:Days",-9.08591628568811e-06,5.39887581872567e-05,44,-0.168292744466805,0.867124199847676,"s__GGB9533_SGB14936","ZIGMM",1,3
"fixed",NA,"ResponseResponder:Days",-0.000745061829432143,0.00168806004213475,44,-0.441371640128349,0.66110541483248,"s__Oscillospiraceae_bacterium","ZIGMM",1,34
"fixed",NA,"ResponseResponder:Days",-3.81322879144331e-05,1.55236435461426e-05,44,-2.45640063823215,0.0180499453029978,"s__GGB4487_SGB6184","ZIGMM",1,1
"fixed",NA,"ResponseResponder:Days",-4.04291644070318e-05,1.54296128131365e-05,44,-2.62023194597671,0.0120147949798684,"s__GGB2977_SGB3959","ZIGMM",1,2
"fixed",NA,"ResponseResponder:Days",0.000291910696081588,0.00020356409843501,44,1.43399891398229,0.158641559126256,"s__GGB3722_SGB5050","ZIGMM",1,6
"fixed",NA,"ResponseResponder:Days",0.0033303431940973,0.00265812210806207,44,1.25289323014785,0.216862325149612,"s__GGB87445_SGB15180","ZIGMM",1,9
"fixed",NA,"ResponseResponder:Days",-0.00142617369134471,0.00130738148241688,44,-1.09086269809193,0.281271156923624,"s__Coprococcus_eutactus","ZIGMM",1,18
"fixed",NA,"ResponseResponder:Days",-3.61869303911153e-05,5.082875437682e-05,44,-0.711938170328604,0.480261082211486,"s__GGB2970_SGB3952","ZIGMM",1,17
"fixed",NA,"ResponseResponder:Days",-0.000775641515941491,0.00133299674461557,44,-0.581878027140405,0.563618459157306,"s__Faecalicatena_fissicatena","ZIGMM",1,28
"fixed",NA,"ResponseResponder:Days",-0.00134547872442405,0.00545891430045495,44,-0.246473685126714,0.806461859327711,"s__Eubacterium_siraeum","ZIGMM",1,54
"fixed",NA,"ResponseResponder:Days",0.000595191954701415,0.000828336497386718,44,0.718538850550664,0.476223637855143,"s__Faecalibacterium_sp_CLA_AA_H233","ZIGMM",1,27
"fixed",NA,"ResponseResponder:Days",1.90645055978079e-05,3.04668136822047e-05,44,0.625746617177209,0.534713694864749,"s__GGB33469_SGB15237","ZIGMM",1,7
"fixed",NA,"ResponseResponder:Days",-9.95502309444432e-06,3.47885297277286e-05,44,-0.286158201348462,0.776099986780197,"s__Blautia_sp_OF03_15BH","ZIGMM",1,11
"fixed",NA,"ResponseResponder:Days",0.000159721926930268,0.000533601084106647,44,0.299328340379357,0.766098916155402,"s__GGB3000_SGB3991","ZIGMM",1,10
"fixed",NA,"ResponseResponder:Days",0.00038820614232584,0.000488392954152057,44,0.794864338286452,0.430959251414323,"s__Faecalibacillus_intestinalis","ZIGMM",1,21
"fixed",NA,"ResponseResponder:Days",-7.2476412671387e-05,3.3955898660542e-05,44,-2.13442775866236,0.0384169428116888,"s__GGB9297_SGB14255","ZIGMM",1,4
"fixed",NA,"ResponseResponder:Days",1.21719368967918e-05,9.78967107446152e-05,44,0.124334482785075,0.901616738872055,"s__Clostridiaceae_bacterium_Marseille_Q4143","ZIGMM",1,23
"fixed",NA,"ResponseResponder:Days",-0.000142050944783141,8.27258573468818e-05,44,-1.71712871088783,0.092987961129415,"s__Haemophilus_parainfluenzae","ZIGMM",1,9
"fixed",NA,"ResponseResponder:Days",0.000180995174382918,0.000126456607617811,44,1.43128285498484,0.159414076952432,"s__Desulfovibrio_desulfuricans","ZIGMM",1,7
"fixed",NA,"ResponseResponder:Days",0.000801292254618753,0.00105607615505977,44,0.758744765497905,0.452050732786782,"s__Intestinimonas_butyriciproducens","ZIGMM",1,30
"fixed",NA,"ResponseResponder:Days",-2.90771902366407e-05,3.26236318741494e-05,44,-0.891292249397932,0.37762059552532,"s__GGB9522_SGB14921","ZIGMM",1,10
"fixed",NA,"ResponseResponder:Days",1.27441262847648e-05,3.17353614234613e-05,44,0.401574953400194,0.689940729471958,"s__GGB3328_SGB4406","ZIGMM",1,3
"fixed",NA,"ResponseResponder:Days",8.63217421657558e-05,7.19506373936025e-05,44,1.19973561448159,0.236662489113105,"s__GGB9597_SGB15022","ZIGMM",1,2
"fixed",NA,"ResponseResponder:Days",5.81010858746113e-05,0.000145939788592152,44,0.398116829105341,0.692469280064685,"s__Anaeromassilibacillus_senegalensis","ZIGMM",1,24
"fixed",NA,"ResponseResponder:Days",0.000429807954992392,0.000395216626207898,44,1.08752498374473,0.28272643235491,"s__GGB3819_SGB5184","ZIGMM",1,33
"fixed",NA,"ResponseResponder:Days",-2.91261511256972e-05,1.6296522631585e-05,44,-1.78726172350699,0.0807847928180173,"s__GGB51884_SGB49168","ZIGMM",1,6
"fixed",NA,"ResponseResponder:Days",7.69944816671816e-05,8.79842560828125e-05,44,0.875093853094727,0.386274867120947,"s__GGB3321_SGB4394","ZIGMM",1,2
"fixed",NA,"ResponseResponder:Days",0.000169869420547278,0.000114514200735067,44,1.48339174929298,0.145098644298047,"s__Lachnospiraceae_bacterium_AM48_27BH","ZIGMM",1,22
"fixed",NA,"ResponseResponder:Days",-5.46286459853535e-06,4.64816223013948e-05,44,-0.117527408211211,0.906976989513083,"s__GGB9563_SGB14975","ZIGMM",1,10
"fixed",NA,"ResponseResponder:Days",-5.18229941467343e-06,3.91732552493253e-06,44,-1.32291773601396,0.192697147541959,"s__GGB9616_SGB15052","ZIGMM",1,2
"fixed",NA,"ResponseResponder:Days",0.000191422969178511,9.61823752651054e-05,44,1.99020837914322,0.0528034102895316,"s__Fusicatenibacter_sp_CLA_AA_H277","ZIGMM",1,20
"fixed",NA,"ResponseResponder:Days",-5.29775142926237e-05,6.89359304406713e-05,44,-0.768503651926741,0.446293394065646,"s__Colidextribacter_sp_210702_DFI_3_9","ZIGMM",1,8
"fixed",NA,"ResponseResponder:Days",-4.28186524463019e-06,0.000120372943033107,44,-0.0355716586862258,0.971784799106111,"s__Clostridium_sp_AM33_3","ZIGMM",1,16
"fixed",NA,"ResponseResponder:Days",0.000618824725886641,0.000467957183439859,44,1.32239603917988,0.19286929476431,"s__GGB9634_SGB15093","ZIGMM",1,11
"fixed",NA,"ResponseResponder:Days",-5.21953314367523e-06,4.14536913353627e-06,44,-1.25912385014133,0.214624680858296,"s__Hafnia_alvei","ZIGMM",1,2
"fixed",NA,"ResponseResponder:Days",0.000270042204597081,0.000332421086002876,44,0.812349805615955,0.420964474849227,"s__Clostridium_sp_AF27_2AA","ZIGMM",1,17
"fixed",NA,"ResponseResponder:Days",-0.000926770384241104,0.000753622608752124,44,-1.22975395573082,0.225324470328693,"c__CFGB3072","ZIGMM",1,24
"fixed",NA,"ResponseResponder:Days",0.000161236405170575,0.000398127777058332,44,0.404986575822243,0.687449684281065,"c__CFGB3057","ZIGMM",1,32
"fixed",NA,"ResponseResponder:Days",-0.000926770384241104,0.000753622608752124,44,-1.22975395573082,0.225324470328693,"o__OFGB3072","ZIGMM",1,24
"fixed",NA,"ResponseResponder:Days",-5.57380238201377e-07,4.46612169021735e-05,44,-0.0124801847522935,0.99009892897265,"o__Micrococcales","ZIGMM",1,11
"fixed",NA,"ResponseResponder:Days",-2.44359339238122e-05,0.000140390175452707,44,-0.174057293147582,0.862618810151676,"o__Actinomycetales","ZIGMM",1,10
"fixed",NA,"ResponseResponder:Days",0.000161236405170575,0.000398127777058332,44,0.404986575822243,0.687449684281065,"o__OFGB3057","ZIGMM",1,32
"fixed",NA,"ResponseResponder:Days",-0.00120208251885295,0.00153635176838776,44,-0.782426618426335,0.438154617282787,"f__Turicibacteraceae","ZIGMM",1,16
"fixed",NA,"ResponseResponder:Days",-0.000926770384241104,0.000753622608752124,44,-1.22975395573082,0.225324470328693,"f__FGB3072","ZIGMM",1,24
"fixed",NA,"ResponseResponder:Days",-2.05539355742322e-06,4.46552731358587e-05,44,-0.0460280144557601,0.963496195970728,"f__Micrococcaceae","ZIGMM",1,10
"fixed",NA,"ResponseResponder:Days",-2.44359339238122e-05,0.000140390175452707,44,-0.174057293147582,0.862618810151676,"f__Actinomycetaceae","ZIGMM",1,10
"fixed",NA,"ResponseResponder:Days",-3.54882359346687e-05,0.000187260481618711,44,-0.189512681094817,0.850562561161824,"f__Christensenellaceae","ZIGMM",1,24
"fixed",NA,"ResponseResponder:Days",0.000161236405170575,0.000398127777058332,44,0.404986575822243,0.687449684281065,"f__FGB3057","ZIGMM",1,32
"fixed",NA,"ResponseResponder:Days",-0.00120208251885295,0.00153635176838776,44,-0.782426618426335,0.438154617282787,"g__Turicibacter","ZIGMM",1,16
"fixed",NA,"ResponseResponder:Days",0.000769698478307587,0.00101832281471612,44,0.755849193580285,0.453767320125771,"g__Lachnoclostridium","ZIGMM",1,49
"fixed",NA,"ResponseResponder:Days",0.000282759661425181,0.000310504386251824,44,0.910646270857696,0.367443795813538,"g__Romboutsia","ZIGMM",1,28
"fixed",NA,"ResponseResponder:Days",6.15268088609067e-05,0.000324378189561255,44,0.189676158388227,0.85043522539589,"g__Erysipelatoclostridium","ZIGMM",1,28
"fixed",NA,"ResponseResponder:Days",-0.000159777314761371,0.000146931602953625,44,-1.087426472927,0.28276946407169,"g__Lentihominibacter","ZIGMM",1,13
"fixed",NA,"ResponseResponder:Days",-5.65090675406572e-05,0.000151970924215626,44,-0.371841309989525,0.711795815011108,"g__Slackia","ZIGMM",1,17
"fixed",NA,"ResponseResponder:Days",-0.000102659312225456,0.000588567793794949,44,-0.174422238708531,0.862333734064242,"g__GGB3537","ZIGMM",1,16
"fixed",NA,"ResponseResponder:Days",-0.000115534873987355,0.000155267747483497,44,-0.744100921536427,0.460770967521071,"g__GGB9365","ZIGMM",1,16
"fixed",NA,"ResponseResponder:Days",-0.000102084918774935,7.20230779738055e-05,44,-1.41739178117412,0.163411164137282,"g__Wansuia","ZIGMM",1,13
"fixed",NA,"ResponseResponder:Days",-0.000172834770156057,0.000295600692263501,44,-0.584690004724314,0.561742522631824,"g__Emergencia","ZIGMM",1,18
"fixed",NA,"ResponseResponder:Days",0.000181169431263177,0.00101654064100745,44,0.178221532868207,0.859367035775123,"g__Sellimonas","ZIGMM",1,25
"fixed",NA,"ResponseResponder:Days",-3.37876019202796e-05,3.64402393418719e-05,44,-0.927205817812941,0.358878045149222,"g__GGB45491","ZIGMM",1,4
"fixed",NA,"ResponseResponder:Days",-2.05539355742322e-06,4.46552731358587e-05,44,-0.0460280144557601,0.963496195970728,"g__Rothia","ZIGMM",1,10
"fixed",NA,"ResponseResponder:Days",-7.05649493279922e-05,0.000192994157666685,44,-0.365632567229642,0.716391248089984,"g__Gordonibacter","ZIGMM",1,12
"fixed",NA,"ResponseResponder:Days",-0.000224583817743751,0.000411530635600452,44,-0.545728065702976,0.588009155372442,"g__GGB3005","ZIGMM",1,19
"fixed",NA,"ResponseResponder:Days",-1.92670604298164e-05,2.3142052071304e-05,44,-0.83255626469303,0.40959132397017,"g__Amedibacillus","ZIGMM",1,1
"fixed",NA,"ResponseResponder:Days",-8.45444366902511e-05,0.000111606298675782,44,-0.757523882553027,0.4527740477454,"g__GGB2980","ZIGMM",1,7
"fixed",NA,"ResponseResponder:Days",-5.91641181968803e-05,8.86608701685496e-05,44,-0.667308115568974,0.508060180929715,"g__Schaalia","ZIGMM",1,8
"fixed",NA,"ResponseResponder:Days",-3.91731665060478e-05,2.94662336282298e-05,44,-1.32942564021886,0.190559504282491,"g__Christensenella","ZIGMM",1,4
"fixed",NA,"ResponseResponder:Days",5.61655965301471e-06,2.80111155585812e-05,44,0.200511816149146,0.842004271463489,"g__Zhenpiania","ZIGMM",1,5
"fixed",NA,"ResponseResponder:Days",-0.000135695662110855,0.000219673050360065,44,-0.617716474043754,0.539946375074421,"g__Coprobacillus","ZIGMM",1,4
"fixed",NA,"ResponseResponder:Days",0.000477175173682829,0.000527626897305942,44,0.904379924752285,0.370719276447492,"g__GGB32900","ZIGMM",1,38
"fixed",NA,"ResponseResponder:Days",0.000168030611492698,0.000398412103516295,44,0.421750770144023,0.67526044505408,"g__GGB9719","ZIGMM",1,31
"fixed",NA,"ResponseResponder:Days",1.67239035074393e-05,5.17351841046399e-05,44,0.323259765996259,0.748029888960098,"g__Actinomyces","ZIGMM",1,6
"fixed",NA,"ResponseResponder:Days",0.000215219963475347,0.000215265226861313,44,0.999789732012799,0.322879101269011,"g__GGB9534","ZIGMM",1,27
"fixed",NA,"ResponseResponder:Days",-0.00017727387282587,0.00030775592934118,44,-0.576020982618806,0.567535830693203,"g__GGB9781","ZIGMM",1,14
"fixed",NA,"ResponseResponder:Days",-0.000505244814490922,0.0013508914385144,44,-0.374008451076238,0.710194330093206,"g__GGB9469","ZIGMM",1,20
"fixed",NA,"ResponseResponder:Days",-5.62766217967176e-07,6.75618852271761e-07,44,-0.832964053733671,0.409363763132507,"g__GGB50802","ZIGMM",1,1
"fixed",NA,"ResponseResponder:Days",-0.0361130637340811,0.0142392188623178,44,-2.53616887859275,0.014832325105226,"s__Bifidobacterium_pseudocatenulatum","ZIGMM",1,12
"fixed",NA,"ResponseResponder:Days",-0.00957087386563355,0.005607600556687,44,-1.7067681210318,0.0949143712373307,"s__Bifidobacterium_longum","ZIGMM",1,32
"fixed",NA,"ResponseResponder:Days",-0.00105198563610515,0.00133747294560503,44,-0.786547226665029,0.435762915591844,"s__Blautia_hydrogenotrophica","ZIGMM",1,18
"fixed",NA,"ResponseResponder:Days",-0.000162498977662012,0.000761527628007243,44,-0.21338553151018,0.832011936009737,"s__Clostridium_saudiense","ZIGMM",1,23
"fixed",NA,"ResponseResponder:Days",-0.00133362835871139,0.00152593255208904,44,-0.873975954497869,0.386876710187519,"s__Turicibacter_sanguinis","ZIGMM",1,11
"fixed",NA,"ResponseResponder:Days",7.47461717470601e-06,0.000340415378593088,44,0.0219573428368544,0.982581258055701,"s__Anaerostipes_caccae","ZIGMM",1,9
"fixed",NA,"ResponseResponder:Days",-0.000158744917024807,0.000157724199937761,44,-1.00647153123901,0.319691909713702,"s__Coprococcus_SGB106014","ZIGMM",1,2
"fixed",NA,"ResponseResponder:Days",-0.000251500587599217,0.000359906345804273,44,-0.698794535109392,0.488357846391031,"s__Clostridium_scindens","ZIGMM",1,25
"fixed",NA,"ResponseResponder:Days",0.000268780057873427,0.000309155192902901,44,0.86940172458253,0.389345497578649,"s__Romboutsia_timonensis","ZIGMM",1,28
"fixed",NA,"ResponseResponder:Days",-0.00055984256147812,0.000440925292648595,44,-1.26969935908009,0.210866114361695,"s__GGB3433_SGB4573","ZIGMM",1,17
"fixed",NA,"ResponseResponder:Days",0.000298830090083058,0.000304340620619867,44,0.981893542421037,0.331520759561823,"s__Erysipelatoclostridium_ramosum","ZIGMM",1,14
"fixed",NA,"ResponseResponder:Days",-0.000166438920610218,0.000267741721310863,44,-0.621639839302345,0.537386484645941,"s__Blautia_hansenii","ZIGMM",1,10
"fixed",NA,"ResponseResponder:Days",-8.89922135326053e-05,9.88214256552521e-05,44,-0.900535617074206,0.372737985705367,"s__Lentihominibacter_faecis","ZIGMM",1,7
"fixed",NA,"ResponseResponder:Days",-7.01869414562404e-05,0.000151469817521521,44,-0.463372456669583,0.645381422421946,"s__Slackia_isoflavoniconvertens","ZIGMM",1,13
"fixed",NA,"ResponseResponder:Days",-0.000102659312225456,0.000588567793794949,44,-0.174422238708531,0.862333734064242,"s__GGB3537_SGB4727","ZIGMM",1,16
"fixed",NA,"ResponseResponder:Days",0.000119990030678623,0.000752552018845636,44,0.159444168208704,0.8740486126672,"s__Blautia_producta","ZIGMM",1,16
"fixed",NA,"ResponseResponder:Days",-0.000115534873987355,0.000155267747483497,44,-0.744100921536427,0.460770967521071,"s__GGB9365_SGB14341","ZIGMM",1,16
"fixed",NA,"ResponseResponder:Days",-3.8818197263022e-05,0.000758560677126925,44,-0.0511734900496651,0.959418891217826,"s__Vescimonas_coprocola","ZIGMM",1,34
"fixed",NA,"ResponseResponder:Days",-0.000102084918774935,7.20230779738055e-05,44,-1.41739178117412,0.163411164137282,"s__Wansuia_hejianensis","ZIGMM",1,13
"fixed",NA,"ResponseResponder:Days",0.000668407963115978,0.00105708822363831,44,0.632310480969541,0.530456224202776,"s__Streptococcus_parasanguinis","ZIGMM",1,34
"fixed",NA,"ResponseResponder:Days",-0.000172834770156057,0.000295600692263501,44,-0.584690004724314,0.561742522631824,"s__Emergencia_timonensis","ZIGMM",1,18
"fixed",NA,"ResponseResponder:Days",0.000181169431263177,0.00101654064100745,44,0.178221532868207,0.859367035775123,"s__Sellimonas_intestinalis","ZIGMM",1,25
"fixed",NA,"ResponseResponder:Days",-9.06435363693217e-05,0.000120985708856556,44,-0.749208623282864,0.457718392476801,"s__Frisingicoccus_caecimuris","ZIGMM",1,4
"fixed",NA,"ResponseResponder:Days",-3.37876019202796e-05,3.64402393418719e-05,44,-0.927205817812941,0.358878045149222,"s__GGB45491_SGB63163","ZIGMM",1,4
"fixed",NA,"ResponseResponder:Days",-2.05539355742322e-06,4.46552731358587e-05,44,-0.0460280144557601,0.963496195970728,"s__Rothia_mucilaginosa","ZIGMM",1,10
"fixed",NA,"ResponseResponder:Days",-3.66296637485915e-05,4.08159701276925e-05,44,-0.897434598124111,0.374371504815024,"s__Lentihominibacter_hominis","ZIGMM",1,4
"fixed",NA,"ResponseResponder:Days",-4.77914475169101e-05,0.000179917417242177,44,-0.26562991093064,0.791764920505626,"s__Gordonibacter_pamelaeae","ZIGMM",1,12
"fixed",NA,"ResponseResponder:Days",-0.000224583817743751,0.000411530635600452,44,-0.545728065702976,0.588009155372442,"s__GGB3005_SGB3996","ZIGMM",1,19
"fixed",NA,"ResponseResponder:Days",-0.000149600776928943,0.000107158650577887,44,-1.39606813003125,0.169698433072588,"s__Clostridium_innocuum","ZIGMM",1,10
"fixed",NA,"ResponseResponder:Days",-1.92670604298164e-05,2.3142052071304e-05,44,-0.83255626469303,0.40959132397017,"s__Amedibacillus_dolichus","ZIGMM",1,1
"fixed",NA,"ResponseResponder:Days",-8.45444366902511e-05,0.000111606298675782,44,-0.757523882553027,0.4527740477454,"s__GGB2980_SGB3962","ZIGMM",1,7
"fixed",NA,"ResponseResponder:Days",-3.79920627379525e-05,2.93200868719817e-05,44,-1.29576910545438,0.20181152571331,"s__Christensenella_minuta","ZIGMM",1,3
"fixed",NA,"ResponseResponder:Days",5.61655965301471e-06,2.80111155585812e-05,44,0.200511816149146,0.842004271463489,"s__Zhenpiania_hominis","ZIGMM",1,5
"fixed",NA,"ResponseResponder:Days",-0.000135695662110855,0.000219673050360065,44,-0.617716474043754,0.539946375074421,"s__Coprobacillus_cateniformis","ZIGMM",1,4
"fixed",NA,"ResponseResponder:Days",0.000477175173682829,0.000527626897305942,44,0.904379924752285,0.370719276447492,"s__GGB32900_SGB53446","ZIGMM",1,38
"fixed",NA,"ResponseResponder:Days",-7.39748012206911e-06,8.88527896401367e-06,44,-0.832554627944682,0.409592237490931,"s__Schaalia_SGB17158","ZIGMM",1,1
"fixed",NA,"ResponseResponder:Days",0.000251850302965023,0.000374309692909844,44,0.672839383365056,0.504568072839522,"s__GGB9719_SGB15272","ZIGMM",1,18
"fixed",NA,"ResponseResponder:Days",-5.36555374726541e-06,6.4446871784087e-06,44,-0.832554567619876,0.409592271160128,"s__Schaalia_SGB17153","ZIGMM",1,1
"fixed",NA,"ResponseResponder:Days",-3.04182696352248e-06,6.00243708600876e-06,44,-0.506765322141028,0.614849786851203,"s__Actinomyces_oris","ZIGMM",1,2
"fixed",NA,"ResponseResponder:Days",0.000215219963475347,0.000215265226861313,44,0.999789732012799,0.322879101269011,"s__GGB9534_SGB14937","ZIGMM",1,27
"fixed",NA,"ResponseResponder:Days",-5.64957322590878e-05,6.6209382376567e-05,44,-0.853288918144069,0.398120557769138,"s__GGB9781_SGB15402","ZIGMM",1,8
"fixed",NA,"ResponseResponder:Days",-0.000974024301557386,0.00088982078189655,44,-1.09462975171401,0.279635011860997,"s__Enterocloster_clostridioformis","ZIGMM",1,30
"fixed",NA,"ResponseResponder:Days",-0.000605110151427274,0.00137656606402203,44,-0.439579448631236,0.662393259953123,"s__Enterocloster_bolteae","ZIGMM",1,49
"fixed",NA,"ResponseResponder:Days",-0.000480189674565534,0.00135336536816169,44,-0.354811557811463,0.724425836154789,"s__GGB9469_SGB14862","ZIGMM",1,17
"fixed",NA,"ResponseResponder:Days",-5.62766217967176e-07,6.75618852271761e-07,44,-0.832964053733671,0.409363763132507,"s__GGB50802_SGB106454","ZIGMM",1,1
"fixed",NA,"ResponseResponder:Days",-6.19858831788907e-05,0.000261090753444049,44,-0.237411253984428,0.813439759899002,"o__Propionibacteriales","ZIGMM",1,2
"fixed",NA,"ResponseResponder:Days",-6.19858831788907e-05,0.000261090753444049,44,-0.237411253984428,0.813439759899002,"f__Propionibacteriaceae","ZIGMM",1,2
"fixed",NA,"ResponseResponder:Days",-6.19858831788907e-05,0.000261090753444049,44,-0.237411253984428,0.813439759899002,"g__Propionibacterium","ZIGMM",1,2
"fixed",NA,"ResponseResponder:Days",0.00582557772178757,0.008981724122496,44,0.648603502215858,0.519965664861961,"s__Bacteroides_thetaiotaomicron","ZIGMM",1,61
"fixed",NA,"ResponseResponder:Days",-0.00012619591496726,0.000181270839483311,44,-0.696173280418213,0.489981656566577,"s__Firmicutes_unclassified_SGB47660","ZIGMM",1,2
"fixed",NA,"ResponseResponder:Days",0.000130307326230022,0.00034921237635734,44,0.373146357495308,0.71083124630496,"s__Enterocloster_aldenensis","ZIGMM",1,25
"fixed",NA,"ResponseResponder:Days",-0.000248553161182397,0.00059493282491712,44,-0.417783572821054,0.678137197491922,"s__Clostridium_symbiosum","ZIGMM",1,31
"fixed",NA,"ResponseResponder:Days",-0.000177152168269108,0.000227420350314946,44,-0.778963571306508,0.440170680091722,"s__Bacteroides_acidifaciens","ZIGMM",1,1
"fixed",NA,"ResponseResponder:Days",-9.74416983197612e-07,1.05432927565205e-06,44,-0.924205564333769,0.360420281046164,"s__Streptococcus_australis","ZIGMM",1,3
"fixed",NA,"ResponseResponder:Days",-1.9276541533046e-07,6.28172992310606e-07,44,-0.306866767100909,0.760392394927315,"s__Streptococcus_mitis","ZIGMM",1,2
"fixed",NA,"ResponseResponder:Days",-0.000568025439481742,0.000844919954774835,44,-0.672283139097025,0.504918658894347,"s__Firmicutes_unclassified_SGB47659","ZIGMM",1,2
"fixed",NA,"ResponseResponder:Days",-0.000531050112994843,0.00115778832932206,44,-0.458676339660289,0.648724317575853,"s__Enterocloster_asparagiformis","ZIGMM",1,17
"fixed",NA,"ResponseResponder:Days",-6.19858831788907e-05,0.000261090753444049,44,-0.237411253984428,0.813439759899002,"s__Propionibacterium_freudenreichii","ZIGMM",1,2
"fixed",NA,"ResponseResponder:Days",-0.000881597169702913,0.00851662559952698,44,-0.103514843925026,0.918024753348707,"p__Verrucomicrobia","ZIGMM",1,45
"fixed",NA,"ResponseResponder:Days",-0.000247757246858127,0.000377305832846725,44,-0.656648334823847,0.514826950673754,"p__Bacteria_unclassified","ZIGMM",1,43
"fixed",NA,"ResponseResponder:Days",0.00118873257386769,0.00183455892076197,44,0.647966418747653,0.520373774295143,"c__CFGB2983","ZIGMM",1,12
"fixed",NA,"ResponseResponder:Days",-0.000178798426901043,0.000301411046599958,44,-0.593204625105696,0.556081330290833,"c__CFGB1011","ZIGMM",1,23
"fixed",NA,"ResponseResponder:Days",-0.000269170221449487,0.000669981948054808,44,-0.401757423809674,0.689807407772765,"c__CFGB2979","ZIGMM",1,5
"fixed",NA,"ResponseResponder:Days",-0.000440080027384948,0.000320690944633781,44,-1.37228704068182,0.176929783184309,"c__CFGB2898","ZIGMM",1,17
"fixed",NA,"ResponseResponder:Days",0.00212671966647033,0.0076886167686767,44,0.276606277885321,0.783377687546756,"c__Verrucomicrobiae","ZIGMM",1,42
"fixed",NA,"ResponseResponder:Days",1.92041841108557e-06,1.31348432096784e-05,44,0.146207943287097,0.884425046792733,"c__CFGB1814","ZIGMM",1,8
"fixed",NA,"ResponseResponder:Days",0.000632663491880706,0.000534436629194399,44,1.18379515422506,0.242850270006195,"c__CFGB3041","ZIGMM",1,20
"fixed",NA,"ResponseResponder:Days",0.000350040627775557,0.000341752167031171,44,1.02425284034448,0.311314304863333,"c__CFGB3069","ZIGMM",1,26
"fixed",NA,"ResponseResponder:Days",-0.000238760704033132,0.000360618669154883,44,-0.662086365613495,0.511368876991936,"c__Bacteria_unclassified","ZIGMM",1,43
"fixed",NA,"ResponseResponder:Days",0.000239960295682349,0.000604617089289928,44,0.396879777189497,0.693374665158367,"c__CFGB75721","ZIGMM",1,33
"fixed",NA,"ResponseResponder:Days",-4.71059926964706e-05,0.000119589310591961,44,-0.393898020343945,0.69555884120849,"c__CFGB1292","ZIGMM",1,38
"fixed",NA,"ResponseResponder:Days",3.59010727302101e-05,3.99902987161769e-05,44,0.897744550122287,0.374208026166289,"c__CFGB3004","ZIGMM",1,28
"fixed",NA,"ResponseResponder:Days",0.00118873257386769,0.00183455892076197,44,0.647966418747653,0.520373774295143,"o__OFGB2983","ZIGMM",1,12
"fixed",NA,"ResponseResponder:Days",-0.000178798426901043,0.000301411046599958,44,-0.593204625105696,0.556081330290833,"o__OFGB1011","ZIGMM",1,23
"fixed",NA,"ResponseResponder:Days",-0.000269170221449487,0.000669981948054808,44,-0.401757423809674,0.689807407772765,"o__OFGB2979","ZIGMM",1,5
"fixed",NA,"ResponseResponder:Days",-0.000440080027384948,0.000320690944633781,44,-1.37228704068182,0.176929783184309,"o__OFGB2898","ZIGMM",1,17
"fixed",NA,"ResponseResponder:Days",0.00212671966647033,0.0076886167686767,44,0.276606277885321,0.783377687546756,"o__Verrucomicrobiales","ZIGMM",1,42
"fixed",NA,"ResponseResponder:Days",1.92041841108557e-06,1.31348432096784e-05,44,0.146207943287097,0.884425046792733,"o__OFGB1814","ZIGMM",1,8
"fixed",NA,"ResponseResponder:Days",0.000632663491880706,0.000534436629194399,44,1.18379515422506,0.242850270006195,"o__OFGB3041","ZIGMM",1,20
"fixed",NA,"ResponseResponder:Days",0.000350040627775557,0.000341752167031171,44,1.02425284034448,0.311314304863333,"o__OFGB3069","ZIGMM",1,26
"fixed",NA,"ResponseResponder:Days",-0.000238760704033132,0.000360618669154883,44,-0.662086365613495,0.511368876991936,"o__Bacteria_unclassified","ZIGMM",1,43
"fixed",NA,"ResponseResponder:Days",0.000239960295682349,0.000604617089289928,44,0.396879777189497,0.693374665158367,"o__OFGB75721","ZIGMM",1,33
"fixed",NA,"ResponseResponder:Days",-4.71059926964706e-05,0.000119589310591961,44,-0.393898020343945,0.69555884120849,"o__OFGB1292","ZIGMM",1,38
"fixed",NA,"ResponseResponder:Days",3.59010727302101e-05,3.99902987161769e-05,44,0.897744550122287,0.374208026166289,"o__OFGB3004","ZIGMM",1,28
"fixed",NA,"ResponseResponder:Days",0.00118873257386769,0.00183455892076197,44,0.647966418747653,0.520373774295143,"f__FGB2983","ZIGMM",1,12
"fixed",NA,"ResponseResponder:Days",-0.000178798426901043,0.000301411046599958,44,-0.593204625105696,0.556081330290833,"f__FGB1011","ZIGMM",1,23
"fixed",NA,"ResponseResponder:Days",-0.000269170221449487,0.000669981948054808,44,-0.401757423809674,0.689807407772765,"f__FGB2979","ZIGMM",1,5
"fixed",NA,"ResponseResponder:Days",-0.000440080027384948,0.000320690944633781,44,-1.37228704068182,0.176929783184309,"f__FGB2898","ZIGMM",1,17
"fixed",NA,"ResponseResponder:Days",0.00212671966647033,0.0076886167686767,44,0.276606277885321,0.783377687546756,"f__Akkermansiaceae","ZIGMM",1,42
"fixed",NA,"ResponseResponder:Days",1.92041841108557e-06,1.31348432096784e-05,44,0.146207943287097,0.884425046792733,"f__FGB1814","ZIGMM",1,8
"fixed",NA,"ResponseResponder:Days",0.000632663491880706,0.000534436629194399,44,1.18379515422506,0.242850270006195,"f__FGB3041","ZIGMM",1,20
"fixed",NA,"ResponseResponder:Days",0.000350040627775557,0.000341752167031171,44,1.02425284034448,0.311314304863333,"f__FGB3069","ZIGMM",1,26
"fixed",NA,"ResponseResponder:Days",-0.000238760704033132,0.000360618669154883,44,-0.662086365613495,0.511368876991936,"f__Bacteria_unclassified","ZIGMM",1,43
"fixed",NA,"ResponseResponder:Days",0.000239960295682349,0.000604617089289928,44,0.396879777189497,0.693374665158367,"f__FGB75721","ZIGMM",1,33
"fixed",NA,"ResponseResponder:Days",-4.71059926964706e-05,0.000119589310591961,44,-0.393898020343945,0.69555884120849,"f__FGB1292","ZIGMM",1,38
"fixed",NA,"ResponseResponder:Days",3.59010727302101e-05,3.99902987161769e-05,44,0.897744550122287,0.374208026166289,"f__FGB3004","ZIGMM",1,28
"fixed",NA,"ResponseResponder:Days",-0.000131003422579338,0.000384889183256925,44,-0.340366599733435,0.735200179307493,"g__GGB3247","ZIGMM",1,1
"fixed",NA,"ResponseResponder:Days",-0.000515833148068757,0.000902107551389873,44,-0.571808923751958,0.570361297462499,"g__GGB3576","ZIGMM",1,4
"fixed",NA,"ResponseResponder:Days",0.00344709707938247,0.00158871561253408,44,2.16973827926584,0.0354691639381988,"g__GGB33512","ZIGMM",1,23
"fixed",NA,"ResponseResponder:Days",-0.00178389018169149,0.00170745503146833,44,-1.04476554217503,0.301837406258435,"g__GGB9699","ZIGMM",1,36
"fixed",NA,"ResponseResponder:Days",0.00118873257386769,0.00183455892076197,44,0.647966418747653,0.520373774295143,"g__GGB9343","ZIGMM",1,12
"fixed",NA,"ResponseResponder:Days",-0.000219605053800123,0.000298708200000721,44,-0.735182542024601,0.466129088580951,"g__GGB2653","ZIGMM",1,21
"fixed",NA,"ResponseResponder:Days",-0.000269170221449487,0.000669981948054808,44,-0.401757423809674,0.689807407772765,"g__GGB40351","ZIGMM",1,5
"fixed",NA,"ResponseResponder:Days",6.27792700111242e-05,0.000571813131690807,44,0.109789836105181,0.91307527576477,"g__Neglectibacter","ZIGMM",1,21
"fixed",NA,"ResponseResponder:Days",-0.000120326074865189,0.000202248639828294,44,-0.594941330469979,0.55493017598461,"g__GGB9453","ZIGMM",1,16
"fixed",NA,"ResponseResponder:Days",-0.000233850998374055,0.000546471229479138,44,-0.427929204245478,0.670790017154848,"g__GGB9531","ZIGMM",1,29
"fixed",NA,"ResponseResponder:Days",7.24729925014863e-05,7.57324551338836e-05,44,0.956960821795159,0.343815779127429,"g__GGB9210","ZIGMM",1,11
"fixed",NA,"ResponseResponder:Days",-0.00115161858084138,0.00135693205935576,44,-0.848692882522167,0.400645993388265,"g__Longicatena","ZIGMM",1,21
"fixed",NA,"ResponseResponder:Days",-0.000447574337964024,0.000360268908142417,44,-1.24233406727148,0.220694075221597,"g__GGB9782","ZIGMM",1,16
"fixed",NA,"ResponseResponder:Days",0.00212671966647033,0.0076886167686767,44,0.276606277885321,0.783377687546756,"g__Akkermansia","ZIGMM",1,42
"fixed",NA,"ResponseResponder:Days",1.92041841108557e-06,1.31348432096784e-05,44,0.146207943287097,0.884425046792733,"g__GGB4802","ZIGMM",1,8
"fixed",NA,"ResponseResponder:Days",0.000632663491880706,0.000534436629194399,44,1.18379515422506,0.242850270006195,"g__GGB9547","ZIGMM",1,20
"fixed",NA,"ResponseResponder:Days",0.000371778842050187,0.000350464659379416,44,1.06081692433272,0.294561523622288,"g__GGB9770","ZIGMM",1,25
"fixed",NA,"ResponseResponder:Days",-0.000174934684071208,0.000568961385270423,44,-0.307463192757911,0.759941476597562,"g__Eisenbergiella","ZIGMM",1,18
"fixed",NA,"ResponseResponder:Days",-3.48215126915451e-05,4.89847761008128e-05,44,-0.710863975776494,0.480919957289527,"g__Yanshouia","ZIGMM",1,2
"fixed",NA,"ResponseResponder:Days",0.00091318983338253,0.00151296857652409,44,0.603574884205793,0.549225472738333,"g__Anaerotruncus","ZIGMM",1,47
"fixed",NA,"ResponseResponder:Days",-6.5534691082607e-05,9.75497810098143e-05,44,-0.671807669932275,0.505218439768756,"g__GGB9818","ZIGMM",1,9
"fixed",NA,"ResponseResponder:Days",-0.00017646096713112,0.000274313383573384,44,-0.643282383208668,0.523379556979333,"g__Bacteria_unclassified","ZIGMM",1,34
"fixed",NA,"ResponseResponder:Days",0.000278569052829721,0.000501075854671603,44,0.555941880321274,0.581066804209615,"g__GGB9524","ZIGMM",1,24
"fixed",NA,"ResponseResponder:Days",7.56083118125164e-05,5.65027841556868e-05,44,1.33813426970584,0.187727305857411,"g__GGB3002","ZIGMM",1,7
"fixed",NA,"ResponseResponder:Days",4.55733724026726e-06,0.000470981868302471,44,0.00967624774323685,0.992323332338089,"g__Adlercreutzia","ZIGMM",1,44
"fixed",NA,"ResponseResponder:Days",4.33854590604167e-05,0.000140966880642147,44,0.307770583152459,0.759709111818026,"g__Holdemania","ZIGMM",1,36
"fixed",NA,"ResponseResponder:Days",0.000119785790761823,7.53166264084929e-05,44,1.59042958339828,0.118898296497222,"g__Provencibacterium","ZIGMM",1,11
"fixed",NA,"ResponseResponder:Days",8.43389012232691e-05,7.91495038960349e-05,44,1.06556449594492,0.292433000263353,"g__Massilistercora","ZIGMM",1,10
"fixed",NA,"ResponseResponder:Days",-6.31963989769518e-06,9.28006711529635e-06,44,-0.68099075353437,0.499445741958561,"g__GGB3441","ZIGMM",1,3
"fixed",NA,"ResponseResponder:Days",4.09163106117457e-06,9.41752675616761e-05,44,0.0434469810079906,0.965541800731622,"g__GGB3109","ZIGMM",1,37
"fixed",NA,"ResponseResponder:Days",-5.17507145469439e-06,4.03640139789302e-06,44,-1.28210030285783,0.206521769224507,"g__GGB58071","ZIGMM",1,4
"fixed",NA,"ResponseResponder:Days",3.59010727302101e-05,3.99902987161769e-05,44,0.897744550122287,0.374208026166289,"g__GGB58158","ZIGMM",1,28
"fixed",NA,"ResponseResponder:Days",-0.000494002510183866,0.000858665518436557,44,-0.575314251681304,0.568009424437471,"g__GGB3167","ZIGMM",1,20
"fixed",NA,"ResponseResponder:Days",0.000160514274813461,0.000171600465756087,44,0.935395333026751,0.354690225957133,"g__GGB33586","ZIGMM",1,23
"fixed",NA,"ResponseResponder:Days",1.67792346683952e-05,1.21355186616402e-05,44,1.38265492693225,0.173748425965799,"g__Anaerofilum","ZIGMM",1,7
"fixed",NA,"ResponseResponder:Days",-0.000131003422579338,0.000384889183256925,44,-0.340366599733435,0.735200179307493,"s__GGB3247_SGB4294","ZIGMM",1,1
"fixed",NA,"ResponseResponder:Days",-0.000515833148068757,0.000902107551389873,44,-0.571808923751958,0.570361297462499,"s__GGB3576_SGB4784","ZIGMM",1,4
"fixed",NA,"ResponseResponder:Days",0.0033456721556746,0.00159101357285608,44,2.10285582269967,0.0412328253048042,"s__GGB33512_SGB15201","ZIGMM",1,20
"fixed",NA,"ResponseResponder:Days",0.000812264767696537,0.000644668411516916,44,1.25997296158077,0.214321071536428,"s__GGB3550_SGB4747","ZIGMM",1,14
"fixed",NA,"ResponseResponder:Days",0.000692463661358897,0.00064950677597867,44,1.06613770166678,0.292176734237933,"s__Bilophila_wadsworthia","ZIGMM",1,52
"fixed",NA,"ResponseResponder:Days",8.15849868613187e-05,0.000225984785633389,44,0.361019821014289,0.719812299580202,"s__Anaerotignum_lactatifermentans","ZIGMM",1,8
"fixed",NA,"ResponseResponder:Days",-0.000563570362318504,0.00129262270126759,44,-0.435989838152964,0.664975811306836,"s__Phascolarctobacterium_succinatutens","ZIGMM",1,15
"fixed",NA,"ResponseResponder:Days",-0.00178389018169149,0.00170745503146833,44,-1.04476554217503,0.301837406258435,"s__GGB9699_SGB15216","ZIGMM",1,36
"fixed",NA,"ResponseResponder:Days",0.00118873257386769,0.00183455892076197,44,0.647966418747653,0.520373774295143,"s__GGB9343_SGB14307","ZIGMM",1,12
"fixed",NA,"ResponseResponder:Days",-0.000219605053800123,0.000298708200000721,44,-0.735182542024601,0.466129088580951,"s__GGB2653_SGB3574","ZIGMM",1,21
"fixed",NA,"ResponseResponder:Days",-0.000269170221449487,0.000669981948054808,44,-0.401757423809674,0.689807407772765,"s__GGB40351_SGB14301","ZIGMM",1,5
"fixed",NA,"ResponseResponder:Days",6.27792700111242e-05,0.000571813131690807,44,0.109789836105181,0.91307527576477,"s__Neglectibacter_timonensis","ZIGMM",1,21
"fixed",NA,"ResponseResponder:Days",0.0027143640182057,0.00279880338546547,44,0.969830189680963,0.337432378039519,"s__Alistipes_shahii","ZIGMM",1,42
"fixed",NA,"ResponseResponder:Days",-0.000337559220528241,0.000286212912480758,44,-1.17939899217837,0.244577296888043,"s__GGB9453_SGB14845","ZIGMM",1,6
"fixed",NA,"ResponseResponder:Days",-0.000233850998374055,0.000546471229479138,44,-0.427929204245478,0.670790017154848,"s__GGB9531_SGB14932","ZIGMM",1,29
"fixed",NA,"ResponseResponder:Days",0.000375477378823143,0.000457370466927971,44,0.820948019108271,0.416101728929942,"s__Blautia_stercoris","ZIGMM",1,12
"fixed",NA,"ResponseResponder:Days",-8.57610931907938e-05,0.000131872428513029,44,-0.650333766942956,0.518858136351774,"s__Clostridium_sp_AM29_11AC","ZIGMM",1,9
"fixed",NA,"ResponseResponder:Days",0.000153612873777671,0.000287602591405534,44,0.534115054481791,0.595950406480606,"s__Dorea_phocaeensis","ZIGMM",1,7
"fixed",NA,"ResponseResponder:Days",-2.61887064154627e-05,0.00012331173151936,44,-0.212378060812089,0.832792926597623,"s__GGB9719_SGB15273","ZIGMM",1,8
"fixed",NA,"ResponseResponder:Days",1.40937776478873e-05,1.75612033028071e-05,44,0.802551932511051,0.426547551829395,"s__GGB9210_SGB14150","ZIGMM",1,3
"fixed",NA,"ResponseResponder:Days",-0.00115161858084138,0.00135693205935576,44,-0.848692882522167,0.400645993388265,"s__Longicatena_caecimuris","ZIGMM",1,21
"fixed",NA,"ResponseResponder:Days",-0.000447574337964024,0.000360268908142417,44,-1.24233406727148,0.220694075221597,"s__GGB9782_SGB15403","ZIGMM",1,16
"fixed",NA,"ResponseResponder:Days",0.00278822191161915,0.00718413156287445,44,0.388108414665997,0.699807259506368,"s__Akkermansia_muciniphila","ZIGMM",1,35
"fixed",NA,"ResponseResponder:Days",1.92041841108557e-06,1.31348432096784e-05,44,0.146207943287097,0.884425046792733,"s__GGB4802_SGB6641","ZIGMM",1,8
"fixed",NA,"ResponseResponder:Days",0.000842118469423358,0.000507677621461034,44,1.65876618118373,0.104275777898162,"s__Alistipes_senegalensis","ZIGMM",1,32
"fixed",NA,"ResponseResponder:Days",-0.00211938496454256,0.00411493175882088,44,-0.51504741482028,0.609097851371516,"s__Clostridium_leptum","ZIGMM",1,42
"fixed",NA,"ResponseResponder:Days",1.15034223696232e-05,0.000150588504383854,44,0.0763897776705494,0.939455297882973,"s__GGB9547_SGB14953","ZIGMM",1,8
"fixed",NA,"ResponseResponder:Days",0.000223436006168261,0.000233944062652651,44,0.95508303837575,0.344753814425923,"s__GGB9770_SGB15390","ZIGMM",1,16
"fixed",NA,"ResponseResponder:Days",-0.000139528852365521,0.000270726834771567,44,-0.515386117830735,0.608863149010443,"s__Eisenbergiella_massiliensis","ZIGMM",1,13
"fixed",NA,"ResponseResponder:Days",0.000132260049386795,0.000108412660693874,44,1.21996866915996,0.22897549461179,"s__Lachnoclostridium_pacaense","ZIGMM",1,15
"fixed",NA,"ResponseResponder:Days",-3.48215126915451e-05,4.89847761008128e-05,44,-0.710863975776494,0.480919957289527,"s__Yanshouia_hominis","ZIGMM",1,2
"fixed",NA,"ResponseResponder:Days",-6.5534691082607e-05,9.75497810098143e-05,44,-0.671807669932275,0.505218439768756,"s__GGB9818_SGB15459","ZIGMM",1,9
"fixed",NA,"ResponseResponder:Days",0.000799111275809699,0.00140933088881832,44,0.567014660751335,0.573585724405241,"s__Anaerotruncus_massiliensis","ZIGMM",1,22
"fixed",NA,"ResponseResponder:Days",-1.57849999693754e-06,0.000125673690988563,44,-0.0125603058565471,0.99003536883855,"s__bacterium_210917_DFI_7_65","ZIGMM",1,30
"fixed",NA,"ResponseResponder:Days",-0.000130365243020463,0.000203750890213809,44,-0.639826618100477,0.525603042388928,"s__Alistipes_indistinctus","ZIGMM",1,17
"fixed",NA,"ResponseResponder:Days",0.000360763543035015,0.000488706706007065,44,0.73820051699843,0.464311907553707,"s__GGB9524_SGB14924","ZIGMM",1,21
"fixed",NA,"ResponseResponder:Days",7.56083118125164e-05,5.65027841556868e-05,44,1.33813426970584,0.187727305857411,"s__GGB3002_SGB3993","ZIGMM",1,7
"fixed",NA,"ResponseResponder:Days",-3.04682457623768e-06,1.21494121623854e-05,44,-0.250779587976334,0.803151934250127,"s__Parabacteroides_gordonii","ZIGMM",1,3
"fixed",NA,"ResponseResponder:Days",3.83550278497456e-05,0.000471893543345858,44,0.0812789841916414,0.93558868653738,"s__Adlercreutzia_equolifaciens","ZIGMM",1,43
"fixed",NA,"ResponseResponder:Days",0.000117494620872756,0.000124790124279563,44,0.941537814398971,0.351570216103061,"s__Holdemania_filiformis","ZIGMM",1,34
"fixed",NA,"ResponseResponder:Days",-0.000122199464034916,0.000246818308590142,44,-0.495098863341762,0.622993836585559,"s__GGB9781_SGB66170","ZIGMM",1,12
"fixed",NA,"ResponseResponder:Days",0.000119785790761823,7.53166264084929e-05,44,1.59042958339828,0.118898296497222,"s__Provencibacterium_massiliense","ZIGMM",1,11
"fixed",NA,"ResponseResponder:Days",8.43389012232691e-05,7.91495038960349e-05,44,1.06556449594492,0.292433000263353,"s__Massilistercora_timonensis","ZIGMM",1,10
"fixed",NA,"ResponseResponder:Days",-6.31963989769518e-06,9.28006711529635e-06,44,-0.68099075353437,0.499445741958561,"s__GGB3441_SGB4591","ZIGMM",1,3
"fixed",NA,"ResponseResponder:Days",0.00054790057752561,0.00052521112906324,44,1.0432006239145,0.302553328420812,"s__Faecalibacillus_faecis","ZIGMM",1,15
"fixed",NA,"ResponseResponder:Days",9.51878057768575e-05,0.000129732448882242,44,0.733723957244184,0.467008792828294,"s__Hydrogenoanaerobacterium_saccharovorans","ZIGMM",1,26
"fixed",NA,"ResponseResponder:Days",4.09163106117457e-06,9.41752675616761e-05,44,0.0434469810079906,0.965541800731622,"s__GGB3109_SGB4121","ZIGMM",1,37
"fixed",NA,"ResponseResponder:Days",0.00100823886596465,0.0005732840297672,44,1.75870740089179,0.0855807375040448,"s__Intestinimonas_massiliensis","ZIGMM",1,22
"fixed",NA,"ResponseResponder:Days",9.91965591127922e-06,0.000255464263892844,44,0.0388299160129891,0.969201643661643,"s__Enterocloster_lavalensis","ZIGMM",1,24
"fixed",NA,"ResponseResponder:Days",0.000176156812851408,0.000175964027321869,44,1.00109559625608,0.322254529863853,"s__GGB9770_SGB15389","ZIGMM",1,10
"fixed",NA,"ResponseResponder:Days",0.000121277425373423,0.000123198628179946,44,0.984405647734028,0.33029847233519,"s__Lawsonibacter_faecis","ZIGMM",1,10
"fixed",NA,"ResponseResponder:Days",-5.17507145469439e-06,4.03640139789302e-06,44,-1.28210030285783,0.206521769224507,"s__GGB58071_SGB79702","ZIGMM",1,4
"fixed",NA,"ResponseResponder:Days",0.00408744470724133,0.0015233682859727,44,2.68316253192275,0.0102365014588324,"s__Lachnospira_sp_NSJ_43","ZIGMM",1,16
"fixed",NA,"ResponseResponder:Days",3.10818516310981e-06,3.52093718706215e-05,44,0.08827721137801,0.930056920787713,"s__Anaerotruncus_rubiinfantis","ZIGMM",1,19
"fixed",NA,"ResponseResponder:Days",3.59010727302101e-05,3.99902987161769e-05,44,0.897744550122287,0.374208026166289,"s__GGB58158_SGB79798","ZIGMM",1,28
"fixed",NA,"ResponseResponder:Days",-0.000494002510183866,0.000858665518436557,44,-0.575314251681304,0.568009424437471,"s__GGB3167_SGB4181","ZIGMM",1,20
"fixed",NA,"ResponseResponder:Days",0.000160514274813461,0.000171600465756087,44,0.935395333026751,0.354690225957133,"s__GGB33586_SGB53517","ZIGMM",1,23
"fixed",NA,"ResponseResponder:Days",1.67792346683952e-05,1.21355186616402e-05,44,1.38265492693225,0.173748425965799,"s__Anaerofilum_hominis","ZIGMM",1,7
"fixed",NA,"ResponseResponder:Days",-0.0071251879788966,0.015675441948183,44,-0.454544631178487,0.651671512212706,"k__Archaea","ZIGMM",1,24
"fixed",NA,"ResponseResponder:Days",5.5899016617616e-05,0.000272621439071037,44,0.205042629105374,0.838484446974942,"p__Elusimicrobia","ZIGMM",1,2
"fixed",NA,"ResponseResponder:Days",-0.00782741921245915,0.0155847621135355,44,-0.502248231666044,0.617997303849919,"p__Euryarchaeota","ZIGMM",1,24
"fixed",NA,"ResponseResponder:Days",0.00225886535617053,0.00117451416986846,44,1.92323380519412,0.0609368462835257,"p__Tenericutes","ZIGMM",1,17
"fixed",NA,"ResponseResponder:Days",-4.79762995173101e-05,0.000141632123229528,44,-0.338738828617007,0.736417750186568,"p__Lentisphaerae","ZIGMM",1,16
"fixed",NA,"ResponseResponder:Days",0.000394140000033446,0.0051199871111157,44,0.0769806625445895,0.938987918380278,"c__CFGB2831","ZIGMM",1,1
"fixed",NA,"ResponseResponder:Days",0.00115616572191606,0.00830864620464697,44,0.139152118580934,0.889964916568824,"c__CFGB1765","ZIGMM",1,35
"fixed",NA,"ResponseResponder:Days",-0.00940516407226377,0.00429008029049362,44,-2.19230490699781,0.0336914898679404,"c__CFGB2875","ZIGMM",1,18
"fixed",NA,"ResponseResponder:Days",5.5899016617616e-05,0.000272621439071037,44,0.205042629105374,0.838484446974942,"c__Elusimicrobia","ZIGMM",1,2
"fixed",NA,"ResponseResponder:Days",-0.000473538280762884,0.000657660332967743,44,-0.720034730734034,0.475311332536836,"c__CFGB74971","ZIGMM",1,3
"fixed",NA,"ResponseResponder:Days",3.63959929405397e-05,0.000183924388431835,44,0.197885627082177,0.844045963668325,"c__CFGB1249","ZIGMM",1,15
"fixed",NA,"ResponseResponder:Days",-0.00782741921245915,0.0155847621135355,44,-0.502248231666044,0.617997303849919,"c__Methanobacteria","ZIGMM",1,24
"fixed",NA,"ResponseResponder:Days",0.00244752415199193,0.0013676752601235,44,1.78955065091322,0.0804103141424068,"c__CFGB1787","ZIGMM",1,17
"fixed",NA,"ResponseResponder:Days",-0.0274719732952722,0.0108986558745261,44,-2.5206753577277,0.0154131073068434,"c__CFGB9119","ZIGMM",1,6
"fixed",NA,"ResponseResponder:Days",-1.29948722488139e-05,0.000129545054779582,44,-0.10031160410503,0.920552628465446,"c__Lentisphaeria","ZIGMM",1,13
"fixed",NA,"ResponseResponder:Days",0.000505620439400046,0.00090227993450468,44,0.560380897395899,0.578062010997782,"c__CFGB72899","ZIGMM",1,3
"fixed",NA,"ResponseResponder:Days",7.96982919599986e-05,0.00016138377296736,44,0.493843281109296,0.623873200478862,"c__CFGB2915","ZIGMM",1,7
"fixed",NA,"ResponseResponder:Days",-0.0261805151569957,0.0123802158322792,44,-2.11470587521865,0.0401553936243967,"c__CFGB73062","ZIGMM",1,3
"fixed",NA,"ResponseResponder:Days",-5.88025421289494e-05,8.8137143006527e-05,44,-0.66717095793081,0.508146940333909,"c__CFGB3043","ZIGMM",1,7
"fixed",NA,"ResponseResponder:Days",1.5053287609846e-05,3.37126606775723e-05,44,0.44651734117979,0.657413555867316,"c__CFGB12107","ZIGMM",1,7
"fixed",NA,"ResponseResponder:Days",5.66736577294193e-05,4.04564526541344e-05,44,1.40085583414659,0.168270689177249,"c__CFGB2165","ZIGMM",1,2
"fixed",NA,"ResponseResponder:Days",6.0702753745053e-05,6.02406282405526e-05,44,1.00767132611325,0.319121874216016,"c__CFGB3047","ZIGMM",1,16
"fixed",NA,"ResponseResponder:Days",0.000833067720109698,0.000616126881420591,44,1.35210416105999,0.183251338462153,"c__CFGB2932","ZIGMM",1,5
"fixed",NA,"ResponseResponder:Days",2.22415516123524e-05,1.03679089227954e-05,44,2.14523022703749,0.0374930505814902,"c__CFGB2845","ZIGMM",1,5
"fixed",NA,"ResponseResponder:Days",8.84286327179947e-05,0.000111327144035966,44,0.794313314005673,0.431276517340793,"c__CFGB1226","ZIGMM",1,18
"fixed",NA,"ResponseResponder:Days",5.58188897154711e-05,0.000198061736718258,44,0.281825710711975,0.779398476531647,"c__CFGB667","ZIGMM",1,7
"fixed",NA,"ResponseResponder:Days",-8.63212327329143e-05,0.00022949074379213,44,-0.376142546346457,0.708618558202666,"c__CFGB72939","ZIGMM",1,15
"fixed",NA,"ResponseResponder:Days",0.000394140000033446,0.0051199871111157,44,0.0769806625445895,0.938987918380278,"o__OFGB2831","ZIGMM",1,1
"fixed",NA,"ResponseResponder:Days",0.00115616572191606,0.00830864620464697,44,0.139152118580934,0.889964916568824,"o__OFGB1765","ZIGMM",1,35
"fixed",NA,"ResponseResponder:Days",-0.00940516407226377,0.00429008029049362,44,-2.19230490699781,0.0336914898679404,"o__OFGB2875","ZIGMM",1,18
"fixed",NA,"ResponseResponder:Days",5.5899016617616e-05,0.000272621439071037,44,0.205042629105374,0.838484446974942,"o__Elusimicrobiales","ZIGMM",1,2
"fixed",NA,"ResponseResponder:Days",-0.000473538280762884,0.000657660332967743,44,-0.720034730734034,0.475311332536836,"o__OFGB74971","ZIGMM",1,3
"fixed",NA,"ResponseResponder:Days",3.63959929405397e-05,0.000183924388431835,44,0.197885627082177,0.844045963668325,"o__OFGB1249","ZIGMM",1,15
"fixed",NA,"ResponseResponder:Days",-0.00782741921245915,0.0155847621135355,44,-0.502248231666044,0.617997303849919,"o__Methanobacteriales","ZIGMM",1,24
"fixed",NA,"ResponseResponder:Days",0.00244752415199193,0.0013676752601235,44,1.78955065091322,0.0804103141424068,"o__OFGB1787","ZIGMM",1,17
"fixed",NA,"ResponseResponder:Days",-0.0274719732952722,0.0108986558745261,44,-2.5206753577277,0.0154131073068434,"o__OFGB9119","ZIGMM",1,6
"fixed",NA,"ResponseResponder:Days",-1.29948722488139e-05,0.000129545054779582,44,-0.10031160410503,0.920552628465446,"o__Victivallales","ZIGMM",1,13
"fixed",NA,"ResponseResponder:Days",0.000505620439400046,0.00090227993450468,44,0.560380897395899,0.578062010997782,"o__OFGB72899","ZIGMM",1,3
"fixed",NA,"ResponseResponder:Days",7.96982919599986e-05,0.00016138377296736,44,0.493843281109296,0.623873200478862,"o__OFGB2915","ZIGMM",1,7
"fixed",NA,"ResponseResponder:Days",-0.0261805151569957,0.0123802158322792,44,-2.11470587521865,0.0401553936243967,"o__OFGB73062","ZIGMM",1,3
"fixed",NA,"ResponseResponder:Days",-5.88025421289494e-05,8.8137143006527e-05,44,-0.66717095793081,0.508146940333909,"o__OFGB3043","ZIGMM",1,7
"fixed",NA,"ResponseResponder:Days",1.5053287609846e-05,3.37126606775723e-05,44,0.44651734117979,0.657413555867316,"o__OFGB12107","ZIGMM",1,7
"fixed",NA,"ResponseResponder:Days",5.66736577294193e-05,4.04564526541344e-05,44,1.40085583414659,0.168270689177249,"o__OFGB2165","ZIGMM",1,2
"fixed",NA,"ResponseResponder:Days",6.0702753745053e-05,6.02406282405526e-05,44,1.00767132611325,0.319121874216016,"o__OFGB3047","ZIGMM",1,16
"fixed",NA,"ResponseResponder:Days",0.000833067720109698,0.000616126881420591,44,1.35210416105999,0.183251338462153,"o__OFGB2932","ZIGMM",1,5
"fixed",NA,"ResponseResponder:Days",2.22415516123524e-05,1.03679089227954e-05,44,2.14523022703749,0.0374930505814902,"o__OFGB2845","ZIGMM",1,5
"fixed",NA,"ResponseResponder:Days",8.84286327179947e-05,0.000111327144035966,44,0.794313314005673,0.431276517340793,"o__OFGB1226","ZIGMM",1,18
"fixed",NA,"ResponseResponder:Days",5.58188897154711e-05,0.000198061736718258,44,0.281825710711975,0.779398476531647,"o__OFGB667","ZIGMM",1,7
"fixed",NA,"ResponseResponder:Days",-8.63212327329143e-05,0.00022949074379213,44,-0.376142546346457,0.708618558202666,"o__OFGB72939","ZIGMM",1,15
"fixed",NA,"ResponseResponder:Days",0.000394140000033446,0.0051199871111157,44,0.0769806625445895,0.938987918380278,"f__FGB2831","ZIGMM",1,1
"fixed",NA,"ResponseResponder:Days",-0.246046576084498,0.0983701258740254,44,-2.50123270554304,0.0161711850276012,"f__Muribaculaceae","ZIGMM",1,14
"fixed",NA,"ResponseResponder:Days",0.00115616572191606,0.00830864620464697,44,0.139152118580934,0.889964916568824,"f__FGB1765","ZIGMM",1,35
"fixed",NA,"ResponseResponder:Days",-0.00940516407226377,0.00429008029049362,44,-2.19230490699781,0.0336914898679404,"f__FGB2875","ZIGMM",1,18
"fixed",NA,"ResponseResponder:Days",5.5899016617616e-05,0.000272621439071037,44,0.205042629105374,0.838484446974942,"f__Elusimicrobiaceae","ZIGMM",1,2
"fixed",NA,"ResponseResponder:Days",-0.000473538280762884,0.000657660332967743,44,-0.720034730734034,0.475311332536836,"f__FGB74971","ZIGMM",1,3
"fixed",NA,"ResponseResponder:Days",3.63959929405397e-05,0.000183924388431835,44,0.197885627082177,0.844045963668325,"f__FGB1249","ZIGMM",1,15
"fixed",NA,"ResponseResponder:Days",-0.00782741921245915,0.0155847621135355,44,-0.502248231666044,0.617997303849919,"f__Methanobacteriaceae","ZIGMM",1,24
"fixed",NA,"ResponseResponder:Days",0.00244752415199193,0.0013676752601235,44,1.78955065091322,0.0804103141424068,"f__FGB1787","ZIGMM",1,17
"fixed",NA,"ResponseResponder:Days",-0.0274719732952722,0.0108986558745261,44,-2.5206753577277,0.0154131073068434,"f__FGB9119","ZIGMM",1,6
"fixed",NA,"ResponseResponder:Days",-1.29948722488139e-05,0.000129545054779582,44,-0.10031160410503,0.920552628465446,"f__Victivallaceae","ZIGMM",1,13
"fixed",NA,"ResponseResponder:Days",0.000505620439400046,0.00090227993450468,44,0.560380897395899,0.578062010997782,"f__FGB72899","ZIGMM",1,3
"fixed",NA,"ResponseResponder:Days",7.96982919599986e-05,0.00016138377296736,44,0.493843281109296,0.623873200478862,"f__FGB2915","ZIGMM",1,7
"fixed",NA,"ResponseResponder:Days",-0.0261805151569957,0.0123802158322792,44,-2.11470587521865,0.0401553936243967,"f__FGB73062","ZIGMM",1,3
"fixed",NA,"ResponseResponder:Days",-5.88025421289494e-05,8.8137143006527e-05,44,-0.66717095793081,0.508146940333909,"f__FGB3043","ZIGMM",1,7
"fixed",NA,"ResponseResponder:Days",1.5053287609846e-05,3.37126606775723e-05,44,0.44651734117979,0.657413555867316,"f__FGB12107","ZIGMM",1,7
"fixed",NA,"ResponseResponder:Days",5.66736577294193e-05,4.04564526541344e-05,44,1.40085583414659,0.168270689177249,"f__FGB2165","ZIGMM",1,2
"fixed",NA,"ResponseResponder:Days",6.0702753745053e-05,6.02406282405526e-05,44,1.00767132611325,0.319121874216016,"f__FGB3047","ZIGMM",1,16
"fixed",NA,"ResponseResponder:Days",0.000833067720109698,0.000616126881420591,44,1.35210416105999,0.183251338462153,"f__FGB2932","ZIGMM",1,5
"fixed",NA,"ResponseResponder:Days",2.22415516123524e-05,1.03679089227954e-05,44,2.14523022703749,0.0374930505814902,"f__FGB2845","ZIGMM",1,5
"fixed",NA,"ResponseResponder:Days",8.84286327179947e-05,0.000111327144035966,44,0.794313314005673,0.431276517340793,"f__FGB1226","ZIGMM",1,18
"fixed",NA,"ResponseResponder:Days",5.58188897154711e-05,0.000198061736718258,44,0.281825710711975,0.779398476531647,"f__FGB667","ZIGMM",1,7
"fixed",NA,"ResponseResponder:Days",-8.63212327329143e-05,0.00022949074379213,44,-0.376142546346457,0.708618558202666,"f__FGB72939","ZIGMM",1,15
"fixed",NA,"ResponseResponder:Days",0.000394140000033446,0.0051199871111157,44,0.0769806625445895,0.938987918380278,"g__GGB9049","ZIGMM",1,1
"fixed",NA,"ResponseResponder:Days",0.00625527164846306,0.0109386832082032,44,0.571848688676905,0.570334590589569,"g__Rikenellaceae_unclassified","ZIGMM",1,12
"fixed",NA,"ResponseResponder:Days",0.000164591915062004,0.000647899484972419,44,0.254039274423887,0.80064865336379,"g__GGB1425","ZIGMM",1,2
"fixed",NA,"ResponseResponder:Days",0.000107083761423019,0.000619183219911218,44,0.172943577893428,0.863488899615142,"g__GGB4581","ZIGMM",1,1
"fixed",NA,"ResponseResponder:Days",-1.57049895619013e-05,0.000181460312415655,44,-0.0865477930288537,0.931423629386709,"g__GGB1512","ZIGMM",1,2
"fixed",NA,"ResponseResponder:Days",-0.00940516407226377,0.00429008029049362,44,-2.19230490699781,0.0336914898679404,"g__GGB9176","ZIGMM",1,18
"fixed",NA,"ResponseResponder:Days",-2.86381313289262e-05,0.000200227182775935,44,-0.143028188939629,0.886920919689736,"g__GGB24147","ZIGMM",1,2
"fixed",NA,"ResponseResponder:Days",5.5899016617616e-05,0.000272621439071037,44,0.205042629105374,0.838484446974942,"g__GGB12693","ZIGMM",1,2
"fixed",NA,"ResponseResponder:Days",3.54687023893491e-05,0.000205150288115758,44,0.172891311609251,0.863529736838913,"g__GGB9333","ZIGMM",1,1
"fixed",NA,"ResponseResponder:Days",0.00109304461622277,0.000821396242521228,44,1.33071538392692,0.190138015883281,"g__GGB9667","ZIGMM",1,28
"fixed",NA,"ResponseResponder:Days",0.000514251767793651,0.00033284919628804,44,1.54499927753657,0.129509214729783,"g__GGB9619","ZIGMM",1,28
"fixed",NA,"ResponseResponder:Days",0.00015336747333503,0.000322446203731183,44,0.475637397991788,0.63668574224588,"g__GGB9495","ZIGMM",1,11
"fixed",NA,"ResponseResponder:Days",0.000208380680124786,0.000704773081239378,44,0.2956706004695,0.768872551863748,"g__Pseudoruminococcus","ZIGMM",1,5
"fixed",NA,"ResponseResponder:Days",5.36973324419544e-05,5.58499918229934e-05,44,0.961456406513694,0.341576892470644,"g__GGB3033","ZIGMM",1,9
"fixed",NA,"ResponseResponder:Days",0.000187456124993519,0.000223767243461671,44,0.837728177250522,0.406710979668856,"g__Marvinbryantia","ZIGMM",1,5
"fixed",NA,"ResponseResponder:Days",-0.00782492446546097,0.0155837329946473,44,-0.502121312534596,0.618085846560918,"g__Methanobrevibacter","ZIGMM",1,24
"fixed",NA,"ResponseResponder:Days",-0.0284878882785933,0.00874819255616053,44,-3.25643132518064,0.00217548633609308,"g__Muribaculum","ZIGMM",1,3
"fixed",NA,"ResponseResponder:Days",0.00241870103285432,0.00136601833013683,44,1.77062121312241,0.0835515087164005,"g__GGB4745","ZIGMM",1,14
"fixed",NA,"ResponseResponder:Days",-0.0318354066319819,0.0113075244414036,44,-2.81541789247994,0.00726194891177387,"g__GGB4729","ZIGMM",1,5
"fixed",NA,"ResponseResponder:Days",-0.000225578433562151,0.000243433783239425,44,-0.92665212921695,0.359162337239938,"g__GGB33544","ZIGMM",1,4
"fixed",NA,"ResponseResponder:Days",-4.5564439475433e-06,0.000128035854987334,44,-0.0355872497433946,0.971772437721308,"g__Victivallis","ZIGMM",1,12
"fixed",NA,"ResponseResponder:Days",0.000505620439400046,0.00090227993450468,44,0.560380897395899,0.578062010997782,"g__GGB4613","ZIGMM",1,3
"fixed",NA,"ResponseResponder:Days",0.000171529540338456,0.000119971309341276,44,1.42975467451569,0.159850023426758,"g__GGB1332","ZIGMM",1,3
"fixed",NA,"ResponseResponder:Days",7.96982919599986e-05,0.00016138377296736,44,0.493843281109296,0.623873200478862,"g__GGB36267","ZIGMM",1,7
"fixed",NA,"ResponseResponder:Days",0.000150436795569057,0.000142927369648076,44,1.05254015336231,0.298297958938476,"g__GGB9724","ZIGMM",1,3
"fixed",NA,"ResponseResponder:Days",-0.0261805151569957,0.0123802158322792,44,-2.11470587521865,0.0401553936243967,"g__GGB9059","ZIGMM",1,3
"fixed",NA,"ResponseResponder:Days",-5.88025421289494e-05,8.8137143006527e-05,44,-0.66717095793081,0.508146940333909,"g__GGB9551","ZIGMM",1,7
"fixed",NA,"ResponseResponder:Days",2.25908975151673e-05,2.64585882620512e-05,44,0.853820970772232,0.397828846810723,"g__GGB9354","ZIGMM",1,2
"fixed",NA,"ResponseResponder:Days",0.00018676021781853,0.000134812427834967,44,1.38533383618872,0.172933639029563,"g__Traorella","ZIGMM",1,2
"fixed",NA,"ResponseResponder:Days",-0.000463476446629989,0.000426113192733206,44,-1.0876838702344,0.282657036875748,"g__Limosilactobacillus","ZIGMM",1,10
"fixed",NA,"ResponseResponder:Days",0.000533069311876882,0.000379938446168232,44,1.40304124853121,0.167622083693855,"g__GGB3478","ZIGMM",1,18
"fixed",NA,"ResponseResponder:Days",6.242373331334e-05,4.12470998149356e-05,44,1.5134090298086,0.137326355858422,"g__GGB9062","ZIGMM",1,4
"fixed",NA,"ResponseResponder:Days",5.66736577294193e-05,4.04564526541344e-05,44,1.40085583414659,0.168270689177249,"g__GGB6133","ZIGMM",1,2
"fixed",NA,"ResponseResponder:Days",6.0702753745053e-05,6.02406282405526e-05,44,1.00767132611325,0.319121874216016,"g__GGB52130","ZIGMM",1,16
"fixed",NA,"ResponseResponder:Days",-0.0017846504764939,0.0021877632688443,44,-0.815742042070507,0.419041877022119,"g__GGB9694","ZIGMM",1,19
"fixed",NA,"ResponseResponder:Days",0.000294741121112797,0.000238867072806681,44,1.23391272664582,0.223785863479658,"g__Turicimonas","ZIGMM",1,5
"fixed",NA,"ResponseResponder:Days",0.000559842599330758,0.000733380236062608,44,0.763372902352069,0.449314925177177,"g__Eubacteriaceae_unclassified","ZIGMM",1,17
"fixed",NA,"ResponseResponder:Days",-3.14604914513173e-05,6.47137365045115e-05,44,-0.486148585302659,0.629274362274708,"g__GGB3475","ZIGMM",1,6
"fixed",NA,"ResponseResponder:Days",0.000833067720109698,0.000616126881420591,44,1.35210416105999,0.183251338462153,"g__GGB9261","ZIGMM",1,5
"fixed",NA,"ResponseResponder:Days",9.26587935256464e-06,7.87670035902752e-06,44,1.17636560110414,0.245774149251366,"g__GGB9115","ZIGMM",1,3
"fixed",NA,"ResponseResponder:Days",7.68843918580114e-05,5.76295326237582e-05,44,1.33411444371692,0.189030605465682,"g__GGB2996","ZIGMM",1,2
"fixed",NA,"ResponseResponder:Days",5.58188897154711e-05,0.000198061736718258,44,0.281825710711975,0.779398476531647,"g__GGB1661","ZIGMM",1,7
"fixed",NA,"ResponseResponder:Days",-8.63212327329143e-05,0.00022949074379213,44,-0.376142546346457,0.708618558202666,"g__GGB74511","ZIGMM",1,15
"fixed",NA,"ResponseResponder:Days",0.000394140000033446,0.0051199871111157,44,0.0769806625445895,0.938987918380278,"s__GGB9049_SGB13954","ZIGMM",1,1
"fixed",NA,"ResponseResponder:Days",-0.000562153865286647,0.00260130294578048,44,-0.216104727901264,0.82990487522093,"s__Bacteroides_rodentium","ZIGMM",1,2
"fixed",NA,"ResponseResponder:Days",0.00178617087298683,0.00166542787353917,44,1.07249968693695,0.289342925382943,"s__Roseburia_sp_AF02_12","ZIGMM",1,22
"fixed",NA,"ResponseResponder:Days",0.00625527164846306,0.0109386832082032,44,0.571848688676905,0.570334590589569,"s__Rikenellaceae_bacterium","ZIGMM",1,12
"fixed",NA,"ResponseResponder:Days",0.000164591915062004,0.000647899484972419,44,0.254039274423887,0.80064865336379,"s__GGB1425_SGB1964","ZIGMM",1,2
"fixed",NA,"ResponseResponder:Days",0.000107083761423019,0.000619183219911218,44,0.172943577893428,0.863488899615142,"s__GGB4581_SGB6331","ZIGMM",1,1
"fixed",NA,"ResponseResponder:Days",-1.57049895619013e-05,0.000181460312415655,44,-0.0865477930288537,0.931423629386709,"s__GGB1512_SGB2092","ZIGMM",1,2
"fixed",NA,"ResponseResponder:Days",-0.00940516407226377,0.00429008029049362,44,-2.19230490699781,0.0336914898679404,"s__GGB9176_SGB14114","ZIGMM",1,18
"fixed",NA,"ResponseResponder:Days",-2.86381313289262e-05,0.000200227182775935,44,-0.143028188939629,0.886920919689736,"s__GGB24147_SGB35951","ZIGMM",1,2
"fixed",NA,"ResponseResponder:Days",5.5899016617616e-05,0.000272621439071037,44,0.205042629105374,0.838484446974942,"s__GGB12693_SGB19690","ZIGMM",1,2
"fixed",NA,"ResponseResponder:Days",3.54687023893491e-05,0.000205150288115758,44,0.172891311609251,0.863529736838913,"s__GGB9333_SGB14296","ZIGMM",1,1
"fixed",NA,"ResponseResponder:Days",0.00109304461622277,0.000821396242521228,44,1.33071538392692,0.190138015883281,"s__GGB9667_SGB15164","ZIGMM",1,28
"fixed",NA,"ResponseResponder:Days",0.000303483039753943,0.00028713906861603,44,1.05692005346639,0.296316652489968,"s__GGB9619_SGB15066","ZIGMM",1,12
"fixed",NA,"ResponseResponder:Days",0.00015336747333503,0.000322446203731183,44,0.475637397991788,0.63668574224588,"s__GGB9495_SGB14892","ZIGMM",1,11
"fixed",NA,"ResponseResponder:Days",0.000208380680124786,0.000704773081239378,44,0.2956706004695,0.768872551863748,"s__Pseudoruminococcus_massiliensis","ZIGMM",1,5
"fixed",NA,"ResponseResponder:Days",-4.68782046273323e-05,9.63141103959609e-05,44,-0.486722085005087,0.628871090631528,"s__Parabacteroides_goldsteinii","ZIGMM",1,7
"fixed",NA,"ResponseResponder:Days",2.91153569375964e-05,5.40654065235325e-05,44,0.538521002795449,0.59293156291663,"s__GGB3033_SGB4029","ZIGMM",1,6
"fixed",NA,"ResponseResponder:Days",0.000187456124993519,0.000223767243461671,44,0.837728177250522,0.406710979668856,"s__Marvinbryantia_SGB4691","ZIGMM",1,5
"fixed",NA,"ResponseResponder:Days",-0.00782492446546097,0.0155837329946473,44,-0.502121312534596,0.618085846560918,"s__Methanobrevibacter_smithii","ZIGMM",1,24
"fixed",NA,"ResponseResponder:Days",0.0013330427347319,0.000850963848687521,44,1.56650924335729,0.124393978687839,"s__Ruminococcus_lactaris","ZIGMM",1,22
"fixed",NA,"ResponseResponder:Days",-0.00191785496313852,0.00218870865594018,44,-0.876249544649738,0.385653299349461,"s__Muribaculum_gordoncarteri","ZIGMM",1,3
"fixed",NA,"ResponseResponder:Days",0.00241870103285432,0.00136601833013683,44,1.77062121312241,0.0835515087164005,"s__GGB4745_SGB6571","ZIGMM",1,14
"fixed",NA,"ResponseResponder:Days",-0.0318354066319819,0.0113075244414036,44,-2.81541789247994,0.00726194891177387,"s__GGB4729_SGB6550","ZIGMM",1,5
"fixed",NA,"ResponseResponder:Days",-0.000225578433562151,0.000243433783239425,44,-0.92665212921695,0.359162337239938,"s__GGB33544_SGB53490","ZIGMM",1,4
"fixed",NA,"ResponseResponder:Days",5.91311981353649e-05,0.000111570295506686,44,0.529990512858516,0.598782987941847,"s__Victivallis_lenta","ZIGMM",1,10
"fixed",NA,"ResponseResponder:Days",0.000505620439400046,0.00090227993450468,44,0.560380897395899,0.578062010997782,"s__GGB4613_SGB6388","ZIGMM",1,3
"fixed",NA,"ResponseResponder:Days",0.000171529540338456,0.000119971309341276,44,1.42975467451569,0.159850023426758,"s__GGB1332_SGB1789","ZIGMM",1,3
"fixed",NA,"ResponseResponder:Days",7.96982919599986e-05,0.00016138377296736,44,0.493843281109296,0.623873200478862,"s__GGB36267_SGB14177","ZIGMM",1,7
"fixed",NA,"ResponseResponder:Days",0.000150436795569057,0.000142927369648076,44,1.05254015336231,0.298297958938476,"s__GGB9724_SGB15278","ZIGMM",1,3
"fixed",NA,"ResponseResponder:Days",0.000245771215603685,0.000243163125587325,44,1.01072568059018,0.317673824767036,"s__Clostridiaceae_bacterium_AF18_31LB","ZIGMM",1,24
"fixed",NA,"ResponseResponder:Days",-0.0261805151569957,0.0123802158322792,44,-2.11470587521865,0.0401553936243967,"s__GGB9059_SGB13976","ZIGMM",1,3
"fixed",NA,"ResponseResponder:Days",0.00048428720993701,0.000309989485316456,44,1.56226979583717,0.125389049358378,"s__Alistipes_ihumii","ZIGMM",1,27
"fixed",NA,"ResponseResponder:Days",-5.88025421289494e-05,8.8137143006527e-05,44,-0.66717095793081,0.508146940333909,"s__GGB9551_SGB14958","ZIGMM",1,7
"fixed",NA,"ResponseResponder:Days",2.25908975151673e-05,2.64585882620512e-05,44,0.853820970772232,0.397828846810723,"s__GGB9354_SGB14327","ZIGMM",1,2
"fixed",NA,"ResponseResponder:Days",0.00018676021781853,0.000134812427834967,44,1.38533383618872,0.172933639029563,"s__Traorella_massiliensis","ZIGMM",1,2
"fixed",NA,"ResponseResponder:Days",1.94054704917393e-05,7.67232718595301e-05,44,0.252928088458846,0.80150175377026,"s__Limosilactobacillus_fermentum","ZIGMM",1,6
"fixed",NA,"ResponseResponder:Days",0.00123425915167381,0.000848188550423856,44,1.45517072949998,0.15271984945327,"s__Clostridium_sp_AM49_4BH","ZIGMM",1,19
"fixed",NA,"ResponseResponder:Days",0.000533069311876882,0.000379938446168232,44,1.40304124853121,0.167622083693855,"s__GGB3478_SGB4643","ZIGMM",1,18
"fixed",NA,"ResponseResponder:Days",-8.30359838362897e-05,5.852850157114e-05,44,-1.41872731416781,0.163023507084029,"s__Butyricimonas_synergistica","ZIGMM",1,5
"fixed",NA,"ResponseResponder:Days",6.242373331334e-05,4.12470998149356e-05,44,1.5134090298086,0.137326355858422,"s__GGB9062_SGB13981","ZIGMM",1,4
"fixed",NA,"ResponseResponder:Days",2.52302624818529e-06,1.97684773420777e-05,44,0.127628759895177,0.89902430010911,"s__Roseburia_lenta","ZIGMM",1,4
"fixed",NA,"ResponseResponder:Days",0.00207153980544552,0.00194377122305942,44,1.06573231503294,0.292357956361624,"s__Bacteroides_intestinalis","ZIGMM",1,25
"fixed",NA,"ResponseResponder:Days",5.66736577294193e-05,4.04564526541344e-05,44,1.40085583414659,0.168270689177249,"s__GGB6133_SGB8780","ZIGMM",1,2
"fixed",NA,"ResponseResponder:Days",6.0702753745053e-05,6.02406282405526e-05,44,1.00767132611325,0.319121874216016,"s__GGB52130_SGB14966","ZIGMM",1,16
"fixed",NA,"ResponseResponder:Days",4.96398229354483e-06,1.061011825352e-05,44,0.467853625655678,0.642198430868326,"s__Alistipes_timonensis","ZIGMM",1,3
"fixed",NA,"ResponseResponder:Days",-0.0017846504764939,0.0021877632688443,44,-0.815742042070507,0.419041877022119,"s__GGB9694_SGB15204","ZIGMM",1,19
"fixed",NA,"ResponseResponder:Days",4.47555655293341e-06,6.98173911040838e-06,44,0.641037495408737,0.524823379382327,"s__Slackia_piriformis","ZIGMM",1,3
"fixed",NA,"ResponseResponder:Days",0.000294741121112797,0.000238867072806681,44,1.23391272664582,0.223785863479658,"s__Turicimonas_muris","ZIGMM",1,5
"fixed",NA,"ResponseResponder:Days",6.01323141467621e-05,5.35960786840321e-05,44,1.12195361345862,0.267967708123246,"s__Eubacteriaceae_bacterium","ZIGMM",1,10
"fixed",NA,"ResponseResponder:Days",-3.14604914513173e-05,6.47137365045115e-05,44,-0.486148585302659,0.629274362274708,"s__GGB3475_SGB4638","ZIGMM",1,6
"fixed",NA,"ResponseResponder:Days",7.04107429925032e-05,6.23994329312324e-05,44,1.12838754592689,0.265271458742057,"s__GGB3057_SGB4059","ZIGMM",1,9
"fixed",NA,"ResponseResponder:Days",4.16064019899395e-05,2.99396060793203e-05,44,1.38967766909524,0.171618751841982,"s__Pseudoflavonifractor_sp_AF19_9AC","ZIGMM",1,2
"fixed",NA,"ResponseResponder:Days",0.000833067720109698,0.000616126881420591,44,1.35210416105999,0.183251338462153,"s__GGB9261_SGB14209","ZIGMM",1,5
"fixed",NA,"ResponseResponder:Days",-1.56167971581524e-05,6.54732138978972e-05,44,-0.238521927188517,0.812583726033961,"s__Lachnospiraceae_bacterium_OM04_12BH","ZIGMM",1,10
"fixed",NA,"ResponseResponder:Days",1.86904656229259e-05,4.83223843448766e-05,44,0.386786907896186,0.70077835232878,"s__Roseburia_sp_BX1005","ZIGMM",1,6
"fixed",NA,"ResponseResponder:Days",9.26587935256464e-06,7.87670035902752e-06,44,1.17636560110414,0.245774149251366,"s__GGB9115_SGB14048","ZIGMM",1,3
"fixed",NA,"ResponseResponder:Days",2.13640614535307e-05,1.80182429444866e-05,44,1.18569060919827,0.242108385101216,"s__Mediterraneibacter_massiliensis","ZIGMM",1,4
"fixed",NA,"ResponseResponder:Days",7.68843918580114e-05,5.76295326237582e-05,44,1.33411444371692,0.189030605465682,"s__GGB2996_SGB3983","ZIGMM",1,2
"fixed",NA,"ResponseResponder:Days",5.58188897154711e-05,0.000198061736718258,44,0.281825710711975,0.779398476531647,"s__GGB1661_SGB2275","ZIGMM",1,7
"fixed",NA,"ResponseResponder:Days",2.77170669783601e-05,2.00584990649641e-05,44,1.38181161454763,0.174005531395261,"s__GGB74511_SGB105989","ZIGMM",1,3
"fixed",NA,"ResponseResponder:Days",-0.00124089167217761,0.00140754279629906,44,-0.88160138039167,0.38278315890536,"s__Collinsella_sp_AF08_23","ZIGMM",1,5
"fixed",NA,"ResponseResponder:Days",0.000651752159298764,0.00125100487316501,44,0.520982910042427,0.604990927582838,"p__Fusobacteria","ZIGMM",1,8
"fixed",NA,"ResponseResponder:Days",0.000651752159298764,0.00125100487316501,44,0.520982910042427,0.604990927582838,"c__Fusobacteriia","ZIGMM",1,8
"fixed",NA,"ResponseResponder:Days",-0.000157520488327066,6.43152372697802e-05,44,-2.44919392377147,0.0183697653903514,"c__CFGB1126","ZIGMM",1,14
"fixed",NA,"ResponseResponder:Days",0.000651752159298764,0.00125100487316501,44,0.520982910042427,0.604990927582838,"o__Fusobacteriales","ZIGMM",1,8
"fixed",NA,"ResponseResponder:Days",-0.000157520488327066,6.43152372697802e-05,44,-2.44919392377147,0.0183697653903514,"o__OFGB1126","ZIGMM",1,14
"fixed",NA,"ResponseResponder:Days",0.000651752159298764,0.00125100487316501,44,0.520982910042427,0.604990927582838,"f__Fusobacteriaceae","ZIGMM",1,8
"fixed",NA,"ResponseResponder:Days",-0.000157520488327066,6.43152372697802e-05,44,-2.44919392377147,0.0183697653903514,"f__FGB1126","ZIGMM",1,14
"fixed",NA,"ResponseResponder:Days",0.000407684899652797,0.00131822629315773,44,0.309267765154505,0.758577672220477,"g__GGB3740","ZIGMM",1,7
"fixed",NA,"ResponseResponder:Days",0.001416179397243,0.000512502779413121,44,2.76326188682273,0.00832363658433692,"g__Fusobacterium","ZIGMM",1,6
"fixed",NA,"ResponseResponder:Days",1.91307495209172e-06,9.62329054021263e-05,44,0.0198796341448655,0.984229268991493,"g__Hungatella","ZIGMM",1,21
"fixed",NA,"ResponseResponder:Days",0.000628660052410294,0.00060835048528461,44,1.03338464851587,0.307070598135637,"g__Veillonella","ZIGMM",1,19
"fixed",NA,"ResponseResponder:Days",-0.000157520488327066,6.43152372697802e-05,44,-2.44919392377147,0.0183697653903514,"g__GGB2848","ZIGMM",1,14
"fixed",NA,"ResponseResponder:Days",-0.000319823250479735,0.000686236266246467,44,-0.466054136469768,0.643475802635379,"s__Sutterella_wadsworthensis","ZIGMM",1,23
"fixed",NA,"ResponseResponder:Days",0.00025319133484314,0.00129619125224839,44,0.195334858497116,0.846030059655275,"s__GGB3740_SGB5076","ZIGMM",1,4
"fixed",NA,"ResponseResponder:Days",0.00139815681322301,0.000495773547388366,44,2.82015210490398,0.007172075639029,"s__Fusobacterium_SGB6028","ZIGMM",1,3
"fixed",NA,"ResponseResponder:Days",-2.63994474029439e-05,0.000171440289407368,44,-0.153986250806045,0.878324698045184,"s__Butyricimonas_faecihominis","ZIGMM",1,11
"fixed",NA,"ResponseResponder:Days",-0.000113330265257618,0.00013769821208073,44,-0.823033673023837,0.41492736908856,"s__Clostridium_SGB48024","ZIGMM",1,6
"fixed",NA,"ResponseResponder:Days",-0.00029087762571943,0.000237347103120634,44,-1.22553686939919,0.226892616801051,"s__Anaerotruncus_colihominis","ZIGMM",1,26
"fixed",NA,"ResponseResponder:Days",2.61209589504801e-05,0.000101259616956282,44,0.257960278101365,0.797640318768419,"s__Bacteroides_nordii","ZIGMM",1,14
"fixed",NA,"ResponseResponder:Days",-3.65519465818259e-05,0.000179704492210274,44,-0.203400294184389,0.83975993533413,"s__Bifidobacterium_dentium","ZIGMM",1,14
"fixed",NA,"ResponseResponder:Days",1.91307495209172e-06,9.62329054021263e-05,44,0.0198796341448655,0.984229268991493,"s__Hungatella_hathewayi","ZIGMM",1,21
"fixed",NA,"ResponseResponder:Days",0.000396345652929882,0.000392400139076389,44,1.0100548227704,0.317991491707541,"s__Veillonella_parvula","ZIGMM",1,16
"fixed",NA,"ResponseResponder:Days",-0.000157520488327066,6.43152372697802e-05,44,-2.44919392377147,0.0183697653903514,"s__GGB2848_SGB3813","ZIGMM",1,14
"fixed",NA,"ResponseResponder:Days",-8.01813808954096e-05,7.18803695231371e-05,44,-1.1154837047631,0.270698618551275,"c__CFGB77566","ZIGMM",1,5
"fixed",NA,"ResponseResponder:Days",-8.01813808954096e-05,7.18803695231371e-05,44,-1.1154837047631,0.270698618551275,"o__OFGB77566","ZIGMM",1,5
"fixed",NA,"ResponseResponder:Days",-8.01813808954096e-05,7.18803695231371e-05,44,-1.1154837047631,0.270698618551275,"f__FGB77566","ZIGMM",1,5
"fixed",NA,"ResponseResponder:Days",0.000214122996095365,0.000216228102534834,44,0.99026441792352,0.327459573929277,"g__GGB9730","ZIGMM",1,19
"fixed",NA,"ResponseResponder:Days",-0.000881933242072666,0.000805614650051196,44,-1.0947333716146,0.279590101367104,"g__GGB4566","ZIGMM",1,17
"fixed",NA,"ResponseResponder:Days",-8.01813808954096e-05,7.18803695231371e-05,44,-1.1154837047631,0.270698618551275,"g__GGB51139","ZIGMM",1,5
"fixed",NA,"ResponseResponder:Days",6.33837420811387e-05,4.08525266182219e-05,44,1.55152562957677,0.127939639419825,"g__Drancourtella","ZIGMM",1,3
"fixed",NA,"ResponseResponder:Days",0.000118181217394039,8.02834429721845e-05,44,1.47204969068136,0.148124617449311,"g__Massilimicrobiota","ZIGMM",1,6
"fixed",NA,"ResponseResponder:Days",9.04488359418378e-07,9.42178112931181e-07,44,0.959997209661826,0.342302540072593,"g__Catenibacillus","ZIGMM",1,1
"fixed",NA,"ResponseResponder:Days",0.000214122996095365,0.000216228102534834,44,0.99026441792352,0.327459573929277,"s__GGB9730_SGB15291","ZIGMM",1,19
"fixed",NA,"ResponseResponder:Days",-0.000881933242072666,0.000805614650051196,44,-1.0947333716146,0.279590101367104,"s__GGB4566_SGB6305","ZIGMM",1,17
"fixed",NA,"ResponseResponder:Days",-8.01813808954096e-05,7.18803695231371e-05,44,-1.1154837047631,0.270698618551275,"s__GGB51139_SGB71360","ZIGMM",1,5
"fixed",NA,"ResponseResponder:Days",0.000806674252221333,0.000469517563110476,44,1.7180917511951,0.092810557295677,"s__Clostridiaceae_unclassified_SGB15090","ZIGMM",1,16
"fixed",NA,"ResponseResponder:Days",0.000111738766004976,6.66011579333838e-05,44,1.67773007965928,0.100490441994017,"s__GGB36331_SGB15121","ZIGMM",1,13
"fixed",NA,"ResponseResponder:Days",6.33837420811387e-05,4.08525266182219e-05,44,1.55152562957677,0.127939639419825,"s__Drancourtella_massiliensis","ZIGMM",1,3
"fixed",NA,"ResponseResponder:Days",0.000118181217394039,8.02834429721845e-05,44,1.47204969068136,0.148124617449311,"s__Massilimicrobiota_timonensis","ZIGMM",1,6
"fixed",NA,"ResponseResponder:Days",1.82019020235254e-05,5.9861203719553e-05,44,0.304068426502087,0.762509159054593,"s__Enterocloster_citroniae","ZIGMM",1,17
"fixed",NA,"ResponseResponder:Days",9.04488359418378e-07,9.42178112931181e-07,44,0.959997209661826,0.342302540072593,"s__Catenibacillus_scindens","ZIGMM",1,1
"fixed",NA,"ResponseResponder:Days",-0.0501383326707733,0.0106740682044302,44,-4.69720932174331,2.60293258569215e-05,"c__CFGB2404","ZIGMM",0.0653075785750161,19
"fixed",NA,"ResponseResponder:Days",5.80516934936002e-05,0.00110465662484297,44,0.0525517995258052,0.958326892636531,"c__CFGB628","ZIGMM",1,3
"fixed",NA,"ResponseResponder:Days",0.000160569428523412,0.000108246772668701,44,1.48336458043741,0.145105833785416,"c__CFGB77988","ZIGMM",1,8
"fixed",NA,"ResponseResponder:Days",-0.0501383326707733,0.0106740682044302,44,-4.69720932174331,2.60293258569215e-05,"o__OFGB2404","ZIGMM",0.0653075785750161,19
"fixed",NA,"ResponseResponder:Days",5.80516934936002e-05,0.00110465662484297,44,0.0525517995258052,0.958326892636531,"o__OFGB628","ZIGMM",1,3
"fixed",NA,"ResponseResponder:Days",0.000160569428523412,0.000108246772668701,44,1.48336458043741,0.145105833785416,"o__OFGB77988","ZIGMM",1,8
"fixed",NA,"ResponseResponder:Days",-0.0501383326707733,0.0106740682044302,44,-4.69720932174331,2.60293258569215e-05,"f__FGB2404","ZIGMM",0.0653075785750161,19
"fixed",NA,"ResponseResponder:Days",5.80516934936002e-05,0.00110465662484297,44,0.0525517995258052,0.958326892636531,"f__FGB628","ZIGMM",1,3
"fixed",NA,"ResponseResponder:Days",0.000160569428523412,0.000108246772668701,44,1.48336458043741,0.145105833785416,"f__FGB77988","ZIGMM",1,8
"fixed",NA,"ResponseResponder:Days",-0.000941648293749794,0.0330926673618878,44,-0.0284548925431823,0.977428017421944,"g__GGB1153","ZIGMM",1,4
"fixed",NA,"ResponseResponder:Days",-0.0495143888982425,0.010925983430333,44,-4.53180157319107,4.4479129810326e-05,"g__GGB6612","ZIGMM",0.111598136694108,10
"fixed",NA,"ResponseResponder:Days",5.80516934936002e-05,0.00110465662484297,44,0.0525517995258052,0.958326892636531,"g__GGB1492","ZIGMM",1,3
"fixed",NA,"ResponseResponder:Days",2.71345813494035e-05,3.86090148847717e-05,44,0.702804291442982,0.485879707326172,"g__GGB79097","ZIGMM",1,9
"fixed",NA,"ResponseResponder:Days",-3.65066397627444e-06,4.42944876910313e-05,44,-0.0824180200872629,0.934688106279813,"g__GGB47740","ZIGMM",1,2
"fixed",NA,"ResponseResponder:Days",4.29390466507988e-07,2.37259107472085e-06,44,0.180979550619994,0.857214706719561,"g__GGB9355","ZIGMM",1,2
"fixed",NA,"ResponseResponder:Days",-0.000941648293749794,0.0330926673618878,44,-0.0284548925431823,0.977428017421944,"s__GGB1153_SGB1481","ZIGMM",1,4
"fixed",NA,"ResponseResponder:Days",-0.0495143888982425,0.010925983430333,44,-4.53180157319107,4.4479129810326e-05,"s__GGB6612_SGB9346","ZIGMM",0.111598136694108,10
"fixed",NA,"ResponseResponder:Days",5.80516934936002e-05,0.00110465662484297,44,0.0525517995258052,0.958326892636531,"s__GGB1492_SGB2067","ZIGMM",1,3
"fixed",NA,"ResponseResponder:Days",-6.30491742430926e-05,8.09433039771891e-05,44,-0.778930080008355,0.440190204370869,"s__Mediterraneibacter_SGB4586","ZIGMM",1,1
"fixed",NA,"ResponseResponder:Days",-8.10226048578444e-05,0.00059978041915054,44,-0.135087112334536,0.893159093395406,"s__GGB9480_SGB14873","ZIGMM",1,2
"fixed",NA,"ResponseResponder:Days",0.000128757128374718,0.000167274606281525,44,0.769735055648666,0.445569996977008,"s__Butyricimonas_paravirosa","ZIGMM",1,9
"fixed",NA,"ResponseResponder:Days",2.71345813494035e-05,3.86090148847717e-05,44,0.702804291442982,0.485879707326172,"s__GGB79097_SGB105802","ZIGMM",1,9
"fixed",NA,"ResponseResponder:Days",0.000234695045929379,0.000354131068629604,44,0.662734977864518,0.510957259853048,"s__Blautia_marasmi","ZIGMM",1,4
"fixed",NA,"ResponseResponder:Days",-3.65066397627444e-06,4.42944876910313e-05,44,-0.0824180200872629,0.934688106279813,"s__GGB47740_SGB65712","ZIGMM",1,2
"fixed",NA,"ResponseResponder:Days",4.29390466507988e-07,2.37259107472085e-06,44,0.180979550619994,0.857214706719561,"s__GGB9355_SGB14328","ZIGMM",1,2
"fixed",NA,"ResponseResponder:Days",-4.08594433687991e-05,0.00158341137281141,44,-0.0258046923688893,0.979529799976056,"p__Candidatus_Melainabacteria","ZIGMM",1,20
"fixed",NA,"ResponseResponder:Days",-6.29043476910273e-05,0.000542147838575409,44,-0.116028033711837,0.908158274526541,"c__CFGB2107","ZIGMM",1,13
"fixed",NA,"ResponseResponder:Days",-4.7047593027253e-05,0.000107810118452163,44,-0.436393111358363,0.664685469827588,"c__CFGB668","ZIGMM",1,4
"fixed",NA,"ResponseResponder:Days",0.000543811956987187,0.000684054008705192,44,0.79498394873314,0.430890401228401,"c__CFGB2106","ZIGMM",1,12
"fixed",NA,"ResponseResponder:Days",0.000351566521744265,0.00079989278340996,44,0.43951705658042,0.662438112691832,"c__CFGB2890","ZIGMM",1,12
"fixed",NA,"ResponseResponder:Days",-2.58839181961592e-06,3.52358727483471e-06,44,-0.734589955555262,0.466486375547964,"c__CFGB9115","ZIGMM",1,1
"fixed",NA,"ResponseResponder:Days",-0.000190498465580465,0.00115025378281712,44,-0.165614291755607,0.86921912396724,"c__Candidatus_Melainabacteria_unclassified","ZIGMM",1,14
"fixed",NA,"ResponseResponder:Days",-6.29043476910273e-05,0.000542147838575409,44,-0.116028033711837,0.908158274526541,"o__OFGB2107","ZIGMM",1,13
"fixed",NA,"ResponseResponder:Days",-4.7047593027253e-05,0.000107810118452163,44,-0.436393111358363,0.664685469827588,"o__OFGB668","ZIGMM",1,4
"fixed",NA,"ResponseResponder:Days",0.000543811956987187,0.000684054008705192,44,0.79498394873314,0.430890401228401,"o__OFGB2106","ZIGMM",1,12
"fixed",NA,"ResponseResponder:Days",0.000351566521744265,0.00079989278340996,44,0.43951705658042,0.662438112691832,"o__OFGB2890","ZIGMM",1,12
"fixed",NA,"ResponseResponder:Days",-2.58839181961592e-06,3.52358727483471e-06,44,-0.734589955555262,0.466486375547964,"o__OFGB9115","ZIGMM",1,1
"fixed",NA,"ResponseResponder:Days",-0.000190498465580465,0.00115025378281712,44,-0.165614291755607,0.86921912396724,"o__Candidatus_Gastranaerophilales","ZIGMM",1,14
"fixed",NA,"ResponseResponder:Days",-6.29043476910273e-05,0.000542147838575409,44,-0.116028033711837,0.908158274526541,"f__FGB2107","ZIGMM",1,13
"fixed",NA,"ResponseResponder:Days",-4.7047593027253e-05,0.000107810118452163,44,-0.436393111358363,0.664685469827588,"f__FGB668","ZIGMM",1,4
"fixed",NA,"ResponseResponder:Days",0.000543811956987187,0.000684054008705192,44,0.79498394873314,0.430890401228401,"f__FGB2106","ZIGMM",1,12
"fixed",NA,"ResponseResponder:Days",0.000351566521744265,0.00079989278340996,44,0.43951705658042,0.662438112691832,"f__FGB2890","ZIGMM",1,12
"fixed",NA,"ResponseResponder:Days",-2.58839181961592e-06,3.52358727483471e-06,44,-0.734589955555262,0.466486375547964,"f__FGB9115","ZIGMM",1,1
"fixed",NA,"ResponseResponder:Days",-0.000190498465580465,0.00115025378281712,44,-0.165614291755607,0.86921912396724,"f__Candidatus_Gastranaerophilales_unclassified","ZIGMM",1,14
"fixed",NA,"ResponseResponder:Days",-0.0510903660276663,0.0177771903319085,44,-2.87392805464672,0.00622119684353342,"g__Prevotella","ZIGMM",1,14
"fixed",NA,"ResponseResponder:Days",0.00194602734073059,0.00170640991083595,44,1.140421963312,0.260280245922849,"g__GGB4599","ZIGMM",1,7
"fixed",NA,"ResponseResponder:Days",-0.000166272230827177,0.00117010707087832,44,-0.14210001372128,0.887649688819665,"g__GGB4571","ZIGMM",1,12
"fixed",NA,"ResponseResponder:Days",-0.000223497431503993,0.000304654631870405,44,-0.733609169609033,0.467078064158494,"g__GGB5997","ZIGMM",1,4
"fixed",NA,"ResponseResponder:Days",-4.7047593027253e-05,0.000107810118452163,44,-0.436393111358363,0.664685469827588,"g__GGB1663","ZIGMM",1,4
"fixed",NA,"ResponseResponder:Days",6.10102366377926e-05,0.000438115608743526,44,0.139256021516248,0.889883296305235,"g__GGB6007","ZIGMM",1,5
"fixed",NA,"ResponseResponder:Days",0.000543811956987187,0.000684054008705192,44,0.79498394873314,0.430890401228401,"g__GGB5980","ZIGMM",1,12
"fixed",NA,"ResponseResponder:Days",-3.8098671065846e-05,0.000131568909509142,44,-0.289571990890437,0.773503874948642,"g__GGB9501","ZIGMM",1,16
"fixed",NA,"ResponseResponder:Days",-6.83044083571785e-05,0.000270863481699583,44,-0.252172821262541,0.80208174143907,"g__GGB9523","ZIGMM",1,9
"fixed",NA,"ResponseResponder:Days",0.000335798190801528,0.000799489630274416,44,0.420015692619139,0.676518009453863,"g__GGB9198","ZIGMM",1,10
"fixed",NA,"ResponseResponder:Days",0.000303401723618971,0.000516185908714263,44,0.587776067685955,0.559687337217382,"g__GGB3548","ZIGMM",1,10
"fixed",NA,"ResponseResponder:Days",-7.56280389856745e-05,0.00018813223574783,44,-0.401994047883666,0.689634533620682,"g__GGB9186","ZIGMM",1,13
"fixed",NA,"ResponseResponder:Days",-4.14476772215394e-05,3.46368419321345e-05,44,-1.19663557384215,0.23785674911387,"g__GGB4593","ZIGMM",1,4
"fixed",NA,"ResponseResponder:Days",-0.000102456528633738,0.000245481895049255,44,-0.41736898199022,0.678438112891755,"g__GGB9509","ZIGMM",1,11
"fixed",NA,"ResponseResponder:Days",-2.58839181961592e-06,3.52358727483471e-06,44,-0.734589955555262,0.466486375547964,"g__GGB4617","ZIGMM",1,1
"fixed",NA,"ResponseResponder:Days",-0.000190498465580465,0.00115025378281712,44,-0.165614291755607,0.86921912396724,"g__Candidatus_Gastranaerophilales_unclassified","ZIGMM",1,14
"fixed",NA,"ResponseResponder:Days",-0.060543242839159,0.0199275236177241,44,-3.03817192745968,0.00399459408876795,"s__Prevotella_stercorea","ZIGMM",1,9
"fixed",NA,"ResponseResponder:Days",0.00194602734073059,0.00170640991083595,44,1.140421963312,0.260280245922849,"s__GGB4599_SGB6362","ZIGMM",1,7
"fixed",NA,"ResponseResponder:Days",0.000141585083147299,0.000960138686056649,44,0.147463158399333,0.883440120462536,"s__GGB4571_SGB6317","ZIGMM",1,9
"fixed",NA,"ResponseResponder:Days",-0.000223497431503993,0.000304654631870405,44,-0.733609169609033,0.467078064158494,"s__GGB5997_SGB8620","ZIGMM",1,4
"fixed",NA,"ResponseResponder:Days",-4.7047593027253e-05,0.000107810118452163,44,-0.436393111358363,0.664685469827588,"s__GGB1663_SGB2279","ZIGMM",1,4
"fixed",NA,"ResponseResponder:Days",0.000272451452586136,0.000237920367457481,44,1.14513715449278,0.258343085969922,"s__Clostridia_bacterium","ZIGMM",1,11
"fixed",NA,"ResponseResponder:Days",1.68387341123069e-05,0.000321525443498851,44,0.0523713891164172,0.958469822534155,"s__GGB6007_SGB8634","ZIGMM",1,4
"fixed",NA,"ResponseResponder:Days",0.000543811956987187,0.000684054008705192,44,0.79498394873314,0.430890401228401,"s__GGB5980_SGB8599","ZIGMM",1,12
"fixed",NA,"ResponseResponder:Days",-3.8098671065846e-05,0.000131568909509142,44,-0.289571990890437,0.773503874948642,"s__GGB9501_SGB14898","ZIGMM",1,16
"fixed",NA,"ResponseResponder:Days",-6.83044083571785e-05,0.000270863481699583,44,-0.252172821262541,0.80208174143907,"s__GGB9523_SGB14922","ZIGMM",1,9
"fixed",NA,"ResponseResponder:Days",-3.65014836111833e-05,3.59910112135689e-05,44,-1.01418333023725,0.316039959417388,"s__GGB9719_SGB53514","ZIGMM",1,5
"fixed",NA,"ResponseResponder:Days",0.000335798190801528,0.000799489630274416,44,0.420015692619139,0.676518009453863,"s__GGB9198_SGB14137","ZIGMM",1,10
"fixed",NA,"ResponseResponder:Days",0.000183200951104017,0.000152189677035918,44,1.20376726379924,0.235115903390183,"s__GGB9619_SGB15067","ZIGMM",1,17
"fixed",NA,"ResponseResponder:Days",0.000303401723618971,0.000516185908714263,44,0.587776067685955,0.559687337217382,"s__GGB3548_SGB4744","ZIGMM",1,10
"fixed",NA,"ResponseResponder:Days",-7.56280389856745e-05,0.00018813223574783,44,-0.401994047883666,0.689634533620682,"s__GGB9186_SGB14125","ZIGMM",1,13
"fixed",NA,"ResponseResponder:Days",-4.51072469028125e-05,5.03919527417234e-05,44,-0.89512798073143,0.375589523614895,"s__Holdemania_sp_1001095H_141210_F2","ZIGMM",1,5
"fixed",NA,"ResponseResponder:Days",-4.14476772215394e-05,3.46368419321345e-05,44,-1.19663557384215,0.23785674911387,"s__GGB4593_SGB6353","ZIGMM",1,4
"fixed",NA,"ResponseResponder:Days",1.20261630152745e-05,2.30241240923256e-05,44,0.522328795964188,0.604061462890792,"s__Intestinimonas_gabonensis","ZIGMM",1,8
"fixed",NA,"ResponseResponder:Days",-0.000102456528633738,0.000245481895049255,44,-0.41736898199022,0.678438112891755,"s__GGB9509_SGB14906","ZIGMM",1,11
"fixed",NA,"ResponseResponder:Days",-2.58839181961592e-06,3.52358727483471e-06,44,-0.734589955555262,0.466486375547964,"s__GGB4617_SGB6392","ZIGMM",1,1
"fixed",NA,"ResponseResponder:Days",-0.000190498465580465,0.00115025378281712,44,-0.165614291755607,0.86921912396724,"s__Candidatus_Gastranaerophilales_bacterium","ZIGMM",1,14
"fixed",NA,"ResponseResponder:Days",0.00049874302480657,0.000550747577446597,44,0.905574613907276,0.370093358079041,"s__Streptococcus_vestibularis","ZIGMM",1,17
"fixed",NA,"ResponseResponder:Days",7.38083080919638e-06,9.40587491504473e-05,44,0.0784704333819145,0.937809632825016,"s__Veillonella_dispar","ZIGMM",1,6
"fixed",NA,"ResponseResponder:Days",0.0236221546381958,0.00582696111966409,44,4.05394066531158,0.000202184504654625,"c__CFGB14936","ZIGMM",0.507280922178454,15
"fixed",NA,"ResponseResponder:Days",0.000480337527630436,0.00053182647935426,44,0.90318467823125,0.371346166696579,"c__CFGB1380","ZIGMM",1,10
"fixed",NA,"ResponseResponder:Days",0.0236221546381958,0.00582696111966409,44,4.05394066531158,0.000202184504654625,"o__OFGB14936","ZIGMM",0.507280922178454,15
"fixed",NA,"ResponseResponder:Days",0.000480337527630436,0.00053182647935426,44,0.90318467823125,0.371346166696579,"o__OFGB1380","ZIGMM",1,10
"fixed",NA,"ResponseResponder:Days",0.0236221546381958,0.00582696111966409,44,4.05394066531158,0.000202184504654625,"f__FGB14936","ZIGMM",0.507280922178454,15
"fixed",NA,"ResponseResponder:Days",0.000480337527630436,0.00053182647935426,44,0.90318467823125,0.371346166696579,"f__FGB1380","ZIGMM",1,10
"fixed",NA,"ResponseResponder:Days",-0.0143690052543938,0.00613798415759262,44,-2.34099744891317,0.0238277007418914,"g__GGB6613","ZIGMM",1,6
"fixed",NA,"ResponseResponder:Days",0.0236221546381958,0.00582696111966409,44,4.05394066531158,0.000202184504654625,"g__GGB3256","ZIGMM",0.507280922178454,15
"fixed",NA,"ResponseResponder:Days",-0.000819984022901617,0.00038242669687857,44,-2.14415999090666,0.0375837027938168,"g__Jutongia","ZIGMM",1,6
"fixed",NA,"ResponseResponder:Days",-0.000361333017942938,0.000135764491244992,44,-2.66146924449412,0.0108201690747698,"g__GGB9621","ZIGMM",1,8
"fixed",NA,"ResponseResponder:Days",-0.000512361126741195,0.000350991558734133,44,-1.45975341569196,0.151461270900402,"g__GGB28640","ZIGMM",1,8
"fixed",NA,"ResponseResponder:Days",0.000849652954429555,0.000413481293935537,44,2.05487640406296,0.0458581338566447,"g__GGB3363","ZIGMM",1,6
"fixed",NA,"ResponseResponder:Days",-0.000841545269782288,0.000283150077109239,44,-2.97208207878262,0.00478142311737737,"s__Bacteroides_propionicigenes","ZIGMM",1,3
"fixed",NA,"ResponseResponder:Days",-0.0143690052543938,0.00613798415759262,44,-2.34099744891317,0.0238277007418914,"s__GGB6613_SGB9347","ZIGMM",1,6
"fixed",NA,"ResponseResponder:Days",0.0236221546381958,0.00582696111966409,44,4.05394066531158,0.000202184504654625,"s__GGB3256_SGB4303","ZIGMM",0.507280922178454,15
"fixed",NA,"ResponseResponder:Days",-0.00101190720909066,0.000267512343065114,44,-3.78265614773654,0.000464789095172629,"s__Jutongia_hominis","ZIGMM",1,4
"fixed",NA,"ResponseResponder:Days",-0.000361333017942938,0.000135764491244992,44,-2.66146924449412,0.0108201690747698,"s__GGB9621_SGB15073","ZIGMM",1,8
"fixed",NA,"ResponseResponder:Days",-0.000512361126741195,0.000350991558734133,44,-1.45975341569196,0.151461270900402,"s__GGB28640_SGB4673","ZIGMM",1,8
"fixed",NA,"ResponseResponder:Days",-1.75214572574015e-05,1.65135177791178e-05,44,-1.06103723578257,0.294462512262918,"s__Eubacterium_callanderi","ZIGMM",1,5
"fixed",NA,"ResponseResponder:Days",0.0001015230820509,0.000319497863263389,44,0.317758250443151,0.752171482611448,"s__GGB3363_SGB4447","ZIGMM",1,3
"fixed",NA,"ResponseResponder:Days",0.000529043007409305,0.000629956091260203,44,0.839809337109473,0.405555474862005,"p__Candidatus_Thermoplasmatota","ZIGMM",1,6
"fixed",NA,"ResponseResponder:Days",0.000529043007409305,0.000629956091260203,44,0.839809337109473,0.405555474862005,"c__Thermoplasmata","ZIGMM",1,6
"fixed",NA,"ResponseResponder:Days",-0.000167626830251011,0.000287047272415891,44,-0.583969423712704,0.562222941563839,"c__CFGB2839","ZIGMM",1,2
"fixed",NA,"ResponseResponder:Days",0.000863329950974392,0.000435702845441908,44,1.98146502830103,0.0538089768603238,"c__CFGB2985","ZIGMM",1,11
"fixed",NA,"ResponseResponder:Days",9.49323624483376e-05,0.000461804003600804,44,0.205568513282963,0.838076121557742,"c__CFGB9989","ZIGMM",1,15
"fixed",NA,"ResponseResponder:Days",0.000276316612648356,0.000186733962706461,44,1.4797341021607,0.146069080700775,"c__CFGB2960","ZIGMM",1,6
"fixed",NA,"ResponseResponder:Days",6.40358552788537e-05,9.15828999203276e-05,44,0.699211919851431,0.488099562907229,"c__CFGB45555","ZIGMM",1,4
"fixed",NA,"ResponseResponder:Days",-3.69484822219069e-05,4.20185039078735e-05,44,-0.879338357760602,0.38399514136316,"c__CFGB10021","ZIGMM",1,4
"fixed",NA,"ResponseResponder:Days",4.64073514783537e-05,6.24798674049389e-05,44,0.742756881630087,0.461576174214041,"c__CFGB2950","ZIGMM",1,4
"fixed",NA,"ResponseResponder:Days",0.000154640264818194,0.000115686121383553,44,1.33672270250542,0.188184177554451,"c__CFGB2844","ZIGMM",1,12
"fixed",NA,"ResponseResponder:Days",8.6920525502064e-06,1.80434277231516e-05,44,0.48172956289528,0.63238554497528,"c__CFGB1838","ZIGMM",1,5
"fixed",NA,"ResponseResponder:Days",0.000108336995858678,0.000113327092119738,44,0.955967314013596,0.344311869718875,"c__CFGB2918","ZIGMM",1,13
"fixed",NA,"ResponseResponder:Days",-5.11963179613435e-05,3.68617457887771e-05,44,-1.38887393599602,0.171861458221466,"c__CFGB9272","ZIGMM",1,7
"fixed",NA,"ResponseResponder:Days",-0.000129087248512486,5.24015625084595e-05,44,-2.4634236525227,0.0177431382120759,"c__CFGB2997","ZIGMM",1,3
"fixed",NA,"ResponseResponder:Days",2.40243393292501e-07,1.81097871388681e-05,44,0.0132659424128117,0.989475589683586,"c__CFGB3048","ZIGMM",1,4
"fixed",NA,"ResponseResponder:Days",-3.82565146635653e-05,4.35748202907882e-05,44,-0.877950027292546,0.384739875416355,"c__CFGB9714","ZIGMM",1,2
"fixed",NA,"ResponseResponder:Days",0.000529043007409305,0.000629956091260203,44,0.839809337109473,0.405555474862005,"o__Methanomassiliicoccales","ZIGMM",1,6
"fixed",NA,"ResponseResponder:Days",-0.000167626830251011,0.000287047272415891,44,-0.583969423712704,0.562222941563839,"o__OFGB2839","ZIGMM",1,2
"fixed",NA,"ResponseResponder:Days",0.000863329950974392,0.000435702845441908,44,1.98146502830103,0.0538089768603238,"o__OFGB2985","ZIGMM",1,11
"fixed",NA,"ResponseResponder:Days",9.49323624483376e-05,0.000461804003600804,44,0.205568513282963,0.838076121557742,"o__OFGB9989","ZIGMM",1,15
"fixed",NA,"ResponseResponder:Days",0.000276316612648356,0.000186733962706461,44,1.4797341021607,0.146069080700775,"o__OFGB2960","ZIGMM",1,6
"fixed",NA,"ResponseResponder:Days",6.40358552788537e-05,9.15828999203276e-05,44,0.699211919851431,0.488099562907229,"o__OFGB45555","ZIGMM",1,4
"fixed",NA,"ResponseResponder:Days",-3.69484822219069e-05,4.20185039078735e-05,44,-0.879338357760602,0.38399514136316,"o__OFGB10021","ZIGMM",1,4
"fixed",NA,"ResponseResponder:Days",4.64073514783537e-05,6.24798674049389e-05,44,0.742756881630087,0.461576174214041,"o__OFGB2950","ZIGMM",1,4
"fixed",NA,"ResponseResponder:Days",0.000154640264818194,0.000115686121383553,44,1.33672270250542,0.188184177554451,"o__OFGB2844","ZIGMM",1,12
"fixed",NA,"ResponseResponder:Days",8.6920525502064e-06,1.80434277231516e-05,44,0.48172956289528,0.63238554497528,"o__OFGB1838","ZIGMM",1,5
"fixed",NA,"ResponseResponder:Days",0.000108336995858678,0.000113327092119738,44,0.955967314013596,0.344311869718875,"o__OFGB2918","ZIGMM",1,13
"fixed",NA,"ResponseResponder:Days",-5.11963179613435e-05,3.68617457887771e-05,44,-1.38887393599602,0.171861458221466,"o__OFGB9272","ZIGMM",1,7
"fixed",NA,"ResponseResponder:Days",-0.000129087248512486,5.24015625084595e-05,44,-2.4634236525227,0.0177431382120759,"o__OFGB2997","ZIGMM",1,3
"fixed",NA,"ResponseResponder:Days",2.40243393292501e-07,1.81097871388681e-05,44,0.0132659424128117,0.989475589683586,"o__OFGB3048","ZIGMM",1,4
"fixed",NA,"ResponseResponder:Days",-3.82565146635653e-05,4.35748202907882e-05,44,-0.877950027292546,0.384739875416355,"o__OFGB9714","ZIGMM",1,2
"fixed",NA,"ResponseResponder:Days",0.000529043007409305,0.000629956091260203,44,0.839809337109473,0.405555474862005,"f__Methanomassiliicoccaceae","ZIGMM",1,6
"fixed",NA,"ResponseResponder:Days",-0.000167626830251011,0.000287047272415891,44,-0.583969423712704,0.562222941563839,"f__FGB2839","ZIGMM",1,2
"fixed",NA,"ResponseResponder:Days",0.000863329950974392,0.000435702845441908,44,1.98146502830103,0.0538089768603238,"f__FGB2985","ZIGMM",1,11
"fixed",NA,"ResponseResponder:Days",9.49323624483376e-05,0.000461804003600804,44,0.205568513282963,0.838076121557742,"f__FGB9989","ZIGMM",1,15
"fixed",NA,"ResponseResponder:Days",0.000276316612648356,0.000186733962706461,44,1.4797341021607,0.146069080700775,"f__FGB2960","ZIGMM",1,6
"fixed",NA,"ResponseResponder:Days",6.40358552788537e-05,9.15828999203276e-05,44,0.699211919851431,0.488099562907229,"f__FGB45555","ZIGMM",1,4
"fixed",NA,"ResponseResponder:Days",-3.69484822219069e-05,4.20185039078735e-05,44,-0.879338357760602,0.38399514136316,"f__FGB10021","ZIGMM",1,4
"fixed",NA,"ResponseResponder:Days",4.64073514783537e-05,6.24798674049389e-05,44,0.742756881630087,0.461576174214041,"f__FGB2950","ZIGMM",1,4
"fixed",NA,"ResponseResponder:Days",0.000154640264818194,0.000115686121383553,44,1.33672270250542,0.188184177554451,"f__FGB2844","ZIGMM",1,12
"fixed",NA,"ResponseResponder:Days",8.6920525502064e-06,1.80434277231516e-05,44,0.48172956289528,0.63238554497528,"f__FGB1838","ZIGMM",1,5
"fixed",NA,"ResponseResponder:Days",0.000108336995858678,0.000113327092119738,44,0.955967314013596,0.344311869718875,"f__FGB2918","ZIGMM",1,13
"fixed",NA,"ResponseResponder:Days",-5.11963179613435e-05,3.68617457887771e-05,44,-1.38887393599602,0.171861458221466,"f__FGB9272","ZIGMM",1,7
"fixed",NA,"ResponseResponder:Days",-0.000129087248512486,5.24015625084595e-05,44,-2.4634236525227,0.0177431382120759,"f__FGB2997","ZIGMM",1,3
"fixed",NA,"ResponseResponder:Days",-4.13371468977714e-06,2.48467600844077e-05,44,-0.166368358519757,0.868629241711024,"f__Oxalobacteraceae","ZIGMM",1,11
"fixed",NA,"ResponseResponder:Days",-0.00499468787315055,0.00511538857800786,44,-0.976404391764835,0.334202067513835,"f__Enterococcaceae","ZIGMM",1,13
"fixed",NA,"ResponseResponder:Days",2.40243393292501e-07,1.81097871388681e-05,44,0.0132659424128117,0.989475589683586,"f__FGB3048","ZIGMM",1,4
"fixed",NA,"ResponseResponder:Days",-3.82565146635653e-05,4.35748202907882e-05,44,-0.877950027292546,0.384739875416355,"f__FGB9714","ZIGMM",1,2
"fixed",NA,"ResponseResponder:Days",0.0200675530952798,0.0131650481311389,44,1.5243053345027,0.134588530201413,"g__GGB4567","ZIGMM",1,7
"fixed",NA,"ResponseResponder:Days",0.00052766283915397,0.00062921725040443,44,0.838601991307159,0.406225571990247,"g__Methanomassiliicoccaceae_unclassified","ZIGMM",1,4
"fixed",NA,"ResponseResponder:Days",0.000168902239624,0.000656388209884134,44,0.257320648178331,0.798130854948152,"g__GGB9710","ZIGMM",1,4
"fixed",NA,"ResponseResponder:Days",-0.000167626830251011,0.000287047272415891,44,-0.583969423712704,0.562222941563839,"g__GGB9088","ZIGMM",1,2
"fixed",NA,"ResponseResponder:Days",0.00061979610234526,0.000425059898941957,44,1.45813826213208,0.151903917303755,"g__GGB9349","ZIGMM",1,4
"fixed",NA,"ResponseResponder:Days",0.000229605261094405,0.000132598089215324,44,1.73158800743767,0.0903538149165632,"g__GGB9642","ZIGMM",1,6
"fixed",NA,"ResponseResponder:Days",9.49323624483376e-05,0.000461804003600804,44,0.205568513282963,0.838076121557742,"g__GGB9712","ZIGMM",1,15
"fixed",NA,"ResponseResponder:Days",-6.71591231520745e-05,0.000116079930881481,44,-0.578559296530293,0.565836473093178,"g__Butyricicoccus","ZIGMM",1,3
"fixed",NA,"ResponseResponder:Days",0.000263359505141739,0.000183603987546778,44,1.4343888096365,0.158530903643499,"g__GGB9302","ZIGMM",1,4
"fixed",NA,"ResponseResponder:Days",-0.00128810679214963,0.000696320008077762,44,-1.84987760972938,0.0710543059410395,"g__GGB13493","ZIGMM",1,8
"fixed",NA,"ResponseResponder:Days",4.52544959153695e-05,9.08917820830405e-05,44,0.497894252684188,0.621038045780159,"g__GGB9701","ZIGMM",1,3
"fixed",NA,"ResponseResponder:Days",2.38765888633543e-06,8.12914052819456e-05,44,0.0293716030379132,0.976701042841515,"g__GGB9623","ZIGMM",1,3
"fixed",NA,"ResponseResponder:Days",2.85816181850193e-05,5.18966203587901e-05,44,0.550741416057899,0.584596613436258,"g__GGB9819","ZIGMM",1,7
"fixed",NA,"ResponseResponder:Days",-3.04753121820521e-08,5.06598792520958e-05,44,-0.000601567011843822,0.999522738197073,"g__GGB9593","ZIGMM",1,3
"fixed",NA,"ResponseResponder:Days",-8.25068595972038e-05,0.00014540329554753,44,-0.567434591399848,0.573302939247817,"g__GGB6568","ZIGMM",1,4
"fixed",NA,"ResponseResponder:Days",-3.69484822219069e-05,4.20185039078735e-05,44,-0.879338357760602,0.38399514136316,"g__GGB71580","ZIGMM",1,4
"fixed",NA,"ResponseResponder:Days",4.64073514783537e-05,6.24798674049389e-05,44,0.742756881630087,0.461576174214041,"g__GGB9291","ZIGMM",1,4
"fixed",NA,"ResponseResponder:Days",8.95500926274922e-05,5.1720325206441e-05,44,1.73142941909306,0.0903823656812376,"g__GGB9786","ZIGMM",1,4
"fixed",NA,"ResponseResponder:Days",0.000154640264818194,0.000115686121383553,44,1.33672270250542,0.188184177554451,"g__GGB9110","ZIGMM",1,12
"fixed",NA,"ResponseResponder:Days",0.000149880128984839,8.98811167639272e-05,44,1.66753745815708,0.102510644244494,"g__GGB9348","ZIGMM",1,8
"fixed",NA,"ResponseResponder:Days",8.6920525502064e-06,1.80434277231516e-05,44,0.48172956289528,0.63238554497528,"g__GGB4884","ZIGMM",1,5
"fixed",NA,"ResponseResponder:Days",-0.00069868160780256,0.000459844466815233,44,-1.51938678884505,0.135818921975866,"g__Negativibacillus","ZIGMM",1,7
"fixed",NA,"ResponseResponder:Days",-0.000908231070992517,0.000921571944238826,44,-0.985523785386795,0.329755404066869,"g__GGB41366","ZIGMM",1,5
"fixed",NA,"ResponseResponder:Days",6.52189073699888e-05,9.28850984294446e-05,44,0.702146075880287,0.48628601919907,"g__GGB9637","ZIGMM",1,4
"fixed",NA,"ResponseResponder:Days",1.35132611645483e-05,2.03943055154383e-05,44,0.66259972198214,0.511043080084186,"g__GGB9199","ZIGMM",1,2
"fixed",NA,"ResponseResponder:Days",9.30569444255591e-06,1.893963193292e-05,44,0.491334492429136,0.625631924943712,"g__GGB9640","ZIGMM",1,2
"fixed",NA,"ResponseResponder:Days",4.2842804168902e-05,6.56449557562123e-05,44,0.652644269089138,0.517381170194344,"g__GGB9289","ZIGMM",1,4
"fixed",NA,"ResponseResponder:Days",1.3457684552609e-07,1.22154518310479e-05,44,0.0110169355491245,0.991259736710674,"g__GGB38145","ZIGMM",1,1
"fixed",NA,"ResponseResponder:Days",-5.11963179613435e-05,3.68617457887771e-05,44,-1.38887393599602,0.171861458221466,"g__GGB9296","ZIGMM",1,7
"fixed",NA,"ResponseResponder:Days",-5.75844125762905e-05,0.00010298549997033,44,-0.559150682308485,0.578893992225996,"g__GGB9590","ZIGMM",1,4
"fixed",NA,"ResponseResponder:Days",-2.46186278827313e-05,1.94150200606757e-05,44,-1.26801969844962,0.211459759476439,"g__GGB9444","ZIGMM",1,3
"fixed",NA,"ResponseResponder:Days",8.17202419747392e-08,7.41769336643293e-06,44,0.0110169345021116,0.991259737541285,"g__GGB4564","ZIGMM",1,1
"fixed",NA,"ResponseResponder:Days",2.86668678045533e-05,3.54141968981861e-05,44,0.809473892263292,0.422598626792564,"g__Ellagibacter","ZIGMM",1,6
"fixed",NA,"ResponseResponder:Days",1.88933200357486e-05,5.87899753103817e-05,44,0.321369756255235,0.74945186552015,"g__GGB9636","ZIGMM",1,4
"fixed",NA,"ResponseResponder:Days",-6.34278500873655e-06,1.79166381125652e-05,44,-0.354016471666539,0.725017440009139,"g__GGB6649","ZIGMM",1,7
"fixed",NA,"ResponseResponder:Days",-0.00499468787315055,0.00511538857800786,44,-0.976404391764835,0.334202067513835,"g__Enterococcus","ZIGMM",1,13
"fixed",NA,"ResponseResponder:Days",3.46165384956586e-06,4.57528752598745e-06,44,0.756598100098366,0.453322980181847,"g__GGB9559","ZIGMM",1,2
"fixed",NA,"ResponseResponder:Days",-3.82565146635653e-05,4.35748202907882e-05,44,-0.877950027292546,0.384739875416355,"g__GGB9711","ZIGMM",1,2
"fixed",NA,"ResponseResponder:Days",0.00284638287064051,0.0116668616927589,44,0.243971596269726,0.808386854720006,"s__GGB4567_SGB6308","ZIGMM",1,4
"fixed",NA,"ResponseResponder:Days",0.00221957837075274,0.00132845276428168,44,1.67079961774396,0.101860470374733,"s__GGB9708_SGB15233","ZIGMM",1,7
"fixed",NA,"ResponseResponder:Days",-0.00370107528762966,0.00149391799080322,44,-2.47742868779547,0.0171453846476497,"s__Phocaeicola_coprophilus","ZIGMM",1,7
"fixed",NA,"ResponseResponder:Days",0.00052766283915397,0.00062921725040443,44,0.838601991307159,0.406225571990247,"s__Methanomassiliicoccaceae_unclassified_SGB380","ZIGMM",1,4
"fixed",NA,"ResponseResponder:Days",-0.00234686789128512,0.00125184303768274,44,-1.87473015437252,0.0674774835468763,"s__GGB9715_SGB15265","ZIGMM",1,9
"fixed",NA,"ResponseResponder:Days",-0.000618150831701178,0.00146704289374198,44,-0.421358389954409,0.67554475586045,"s__GGB9634_SGB15095","ZIGMM",1,6
"fixed",NA,"ResponseResponder:Days",-0.00261109019685865,0.00103235257194443,44,-2.52926206396782,0.0150887221308579,"s__Prevotella_lascolaii","ZIGMM",1,4
"fixed",NA,"ResponseResponder:Days",0.000168902239624,0.000656388209884134,44,0.257320648178331,0.798130854948152,"s__GGB9710_SGB15239","ZIGMM",1,4
"fixed",NA,"ResponseResponder:Days",0.000233144487452293,0.000377865929851416,44,0.617003198843488,0.540412445268456,"s__Alistipes_dispar","ZIGMM",1,12
"fixed",NA,"ResponseResponder:Days",0.000619827809276169,0.00039991633896519,44,1.54989368746477,0.128330676845031,"s__Phascolarctobacterium_sp_ET69","ZIGMM",1,5
"fixed",NA,"ResponseResponder:Days",-0.000167626830251011,0.000287047272415891,44,-0.583969423712704,0.562222941563839,"s__GGB9088_SGB14017","ZIGMM",1,2
"fixed",NA,"ResponseResponder:Days",0.000550203470285992,0.000511705145884095,44,1.07523536691307,0.288130282114245,"s__GGB9547_SGB14954","ZIGMM",1,12
"fixed",NA,"ResponseResponder:Days",0.00061979610234526,0.000425059898941957,44,1.45813826213208,0.151903917303755,"s__GGB9349_SGB14316","ZIGMM",1,4
"fixed",NA,"ResponseResponder:Days",0.000229605261094405,0.000132598089215324,44,1.73158800743767,0.0903538149165632,"s__GGB9642_SGB15119","ZIGMM",1,6
"fixed",NA,"ResponseResponder:Days",-6.72188908703403e-05,0.00011079359646949,44,-0.606703753757562,0.547165452744177,"s__Butyricicoccus_SGB14990","ZIGMM",1,3
"fixed",NA,"ResponseResponder:Days",0.000214854695947056,0.000149569278336664,44,1.43648948725581,0.157935754392089,"s__GGB9712_SGB15241","ZIGMM",1,4
"fixed",NA,"ResponseResponder:Days",0.000263359505141739,0.000183603987546778,44,1.4343888096365,0.158530903643499,"s__GGB9302_SGB14263","ZIGMM",1,4
"fixed",NA,"ResponseResponder:Days",-0.00128810679214963,0.000696320008077762,44,-1.84987760972938,0.0710543059410395,"s__GGB13493_SGB15238","ZIGMM",1,8
"fixed",NA,"ResponseResponder:Days",4.52544959153695e-05,9.08917820830405e-05,44,0.497894252684188,0.621038045780159,"s__GGB9701_SGB15218","ZIGMM",1,3
"fixed",NA,"ResponseResponder:Days",2.38765888633543e-06,8.12914052819456e-05,44,0.0293716030379132,0.976701042841515,"s__GGB9623_SGB15075","ZIGMM",1,3
"fixed",NA,"ResponseResponder:Days",2.85816181850193e-05,5.18966203587901e-05,44,0.550741416057899,0.584596613436258,"s__GGB9819_SGB15460","ZIGMM",1,7
"fixed",NA,"ResponseResponder:Days",-3.04753121820521e-08,5.06598792520958e-05,44,-0.000601567011843822,0.999522738197073,"s__GGB9593_SGB15015","ZIGMM",1,3
"fixed",NA,"ResponseResponder:Days",-8.25068595972038e-05,0.00014540329554753,44,-0.567434591399848,0.573302939247817,"s__GGB6568_SGB9279","ZIGMM",1,4
"fixed",NA,"ResponseResponder:Days",-3.69484822219069e-05,4.20185039078735e-05,44,-0.879338357760602,0.38399514136316,"s__GGB71580_SGB98325","ZIGMM",1,4
"fixed",NA,"ResponseResponder:Days",4.64073514783537e-05,6.24798674049389e-05,44,0.742756881630087,0.461576174214041,"s__GGB9291_SGB14248","ZIGMM",1,4
"fixed",NA,"ResponseResponder:Days",8.95500926274922e-05,5.1720325206441e-05,44,1.73142941909306,0.0903823656812376,"s__GGB9786_SGB15409","ZIGMM",1,4
"fixed",NA,"ResponseResponder:Days",0.000154640264818194,0.000115686121383553,44,1.33672270250542,0.188184177554451,"s__GGB9110_SGB14043","ZIGMM",1,12
"fixed",NA,"ResponseResponder:Days",-0.000414097557967641,0.000997661675396249,44,-0.415068121969475,0.680109069854936,"s__Ruminococcus_callidus","ZIGMM",1,14
"fixed",NA,"ResponseResponder:Days",0.000149880128984839,8.98811167639272e-05,44,1.66753745815708,0.102510644244494,"s__GGB9348_SGB14315","ZIGMM",1,8
"fixed",NA,"ResponseResponder:Days",8.6920525502064e-06,1.80434277231516e-05,44,0.48172956289528,0.63238554497528,"s__GGB4884_SGB6823","ZIGMM",1,5
"fixed",NA,"ResponseResponder:Days",-0.00069868160780256,0.000459844466815233,44,-1.51938678884505,0.135818921975866,"s__Negativibacillus_massiliensis","ZIGMM",1,7
"fixed",NA,"ResponseResponder:Days",-0.000908231070992517,0.000921571944238826,44,-0.985523785386795,0.329755404066869,"s__GGB41366_SGB58424","ZIGMM",1,5
"fixed",NA,"ResponseResponder:Days",-0.000226787133591751,0.000214229275099302,44,-1.05861877881362,0.295550668065506,"s__Eubacteriales_bacterium","ZIGMM",1,9
"fixed",NA,"ResponseResponder:Days",-0.000382153644208745,0.000176724364170361,44,-2.16242760868192,0.0360625522331449,"s__GGB9634_SGB15100","ZIGMM",1,4
"fixed",NA,"ResponseResponder:Days",6.52189073699888e-05,9.28850984294446e-05,44,0.702146075880287,0.48628601919907,"s__GGB9637_SGB15111","ZIGMM",1,4
"fixed",NA,"ResponseResponder:Days",1.35132611645483e-05,2.03943055154383e-05,44,0.66259972198214,0.511043080084186,"s__GGB9199_SGB14138","ZIGMM",1,2
"fixed",NA,"ResponseResponder:Days",4.22411782487765e-05,5.86116561402459e-05,44,0.720695865472593,0.474908436884057,"s__Dysosmobacter_SGB15074","ZIGMM",1,3
"fixed",NA,"ResponseResponder:Days",9.30569444255591e-06,1.893963193292e-05,44,0.491334492429136,0.625631924943712,"s__GGB9640_SGB15115","ZIGMM",1,2
"fixed",NA,"ResponseResponder:Days",4.2842804168902e-05,6.56449557562123e-05,44,0.652644269089138,0.517381170194344,"s__GGB9289_SGB14244","ZIGMM",1,4
"fixed",NA,"ResponseResponder:Days",-0.000112654497860503,0.000422763284744796,44,-0.266471810409241,0.791120712854964,"s__GGB9712_SGB15244","ZIGMM",1,15
"fixed",NA,"ResponseResponder:Days",4.33329963592046e-05,3.39385405173861e-05,44,1.27680789151808,0.208367535783659,"s__GGB33512_SGB15202","ZIGMM",1,2
"fixed",NA,"ResponseResponder:Days",1.3457684552609e-07,1.22154518310479e-05,44,0.0110169355491245,0.991259736710674,"s__GGB38145_SGB53822","ZIGMM",1,1
"fixed",NA,"ResponseResponder:Days",-7.16956915457291e-05,8.46118929089048e-05,44,-0.847347684596992,0.401387033941779,"s__GGB9634_SGB15097","ZIGMM",1,4
"fixed",NA,"ResponseResponder:Days",-5.11963179613435e-05,3.68617457887771e-05,44,-1.38887393599602,0.171861458221466,"s__GGB9296_SGB14253","ZIGMM",1,7
"fixed",NA,"ResponseResponder:Days",-5.75844125762905e-05,0.00010298549997033,44,-0.559150682308485,0.578893992225996,"s__GGB9590_SGB15012","ZIGMM",1,4
"fixed",NA,"ResponseResponder:Days",-2.46186278827313e-05,1.94150200606757e-05,44,-1.26801969844962,0.211459759476439,"s__GGB9444_SGB14834","ZIGMM",1,3
"fixed",NA,"ResponseResponder:Days",6.00037859472058e-06,0.000142217780119678,44,0.042191479783127,0.966536937164651,"s__Dysosmobacter_sp_Marseille_Q4140","ZIGMM",1,3
"fixed",NA,"ResponseResponder:Days",8.17202419747392e-08,7.41769336643293e-06,44,0.0110169345021116,0.991259737541285,"s__GGB4564_SGB6302","ZIGMM",1,1
"fixed",NA,"ResponseResponder:Days",2.86668678045533e-05,3.54141968981861e-05,44,0.809473892263292,0.422598626792564,"s__Ellagibacter_isourolithinifaciens","ZIGMM",1,6
"fixed",NA,"ResponseResponder:Days",-2.73916486472136e-07,5.36214914517883e-06,44,-0.0510833397311259,0.959490317726986,"s__Butyricicoccus_intestinisimiae","ZIGMM",1,2
"fixed",NA,"ResponseResponder:Days",1.88933200357486e-05,5.87899753103817e-05,44,0.321369756255235,0.74945186552015,"s__GGB9636_SGB15107","ZIGMM",1,4
"fixed",NA,"ResponseResponder:Days",-6.34278500873655e-06,1.79166381125652e-05,44,-0.354016471666539,0.725017440009139,"s__GGB6649_SGB9391","ZIGMM",1,7
"fixed",NA,"ResponseResponder:Days",-0.0158801871971391,0.00621162490650182,44,-2.55652706597223,0.0140995127027127,"s__Enterococcus_faecalis","ZIGMM",1,7
"fixed",NA,"ResponseResponder:Days",3.46165384956586e-06,4.57528752598745e-06,44,0.756598100098366,0.453322980181847,"s__GGB9559_SGB14969","ZIGMM",1,2
"fixed",NA,"ResponseResponder:Days",0.000224318149369868,0.000132793972273631,44,1.68921936387026,0.0982527063708715,"s__Clostridium_sp_1001270J_160509_D11","ZIGMM",1,8
"fixed",NA,"ResponseResponder:Days",-3.82565146635653e-05,4.35748202907882e-05,44,-0.877950027292546,0.384739875416355,"s__GGB9711_SGB15240","ZIGMM",1,2
"fixed",NA,"ResponseResponder:Days",2.44970053830171e-05,3.47041706432353e-05,44,0.705880732170507,0.483983163341294,"s__GGB34228_SGB53814","ZIGMM",1,4
"fixed",NA,"ResponseResponder:Days",8.62918451922697e-05,6.66305152627664e-05,44,1.29507996226603,0.202047047670274,"c__CFGB1217","ZIGMM",1,13
"fixed",NA,"ResponseResponder:Days",6.60342493746068e-05,8.43748802339506e-05,44,0.78262925163876,0.438036821760572,"c__CFGB2906","ZIGMM",1,5
"fixed",NA,"ResponseResponder:Days",8.62918451922697e-05,6.66305152627664e-05,44,1.29507996226603,0.202047047670274,"o__OFGB1217","ZIGMM",1,13
"fixed",NA,"ResponseResponder:Days",6.60342493746068e-05,8.43748802339506e-05,44,0.78262925163876,0.438036821760572,"o__OFGB2906","ZIGMM",1,5
"fixed",NA,"ResponseResponder:Days",8.62918451922697e-05,6.66305152627664e-05,44,1.29507996226603,0.202047047670274,"f__FGB1217","ZIGMM",1,13
"fixed",NA,"ResponseResponder:Days",6.60342493746068e-05,8.43748802339506e-05,44,0.78262925163876,0.438036821760572,"f__FGB2906","ZIGMM",1,5
"fixed",NA,"ResponseResponder:Days",0.000155866694962757,7.30194084668037e-05,44,2.13459268207599,0.038402688443422,"g__Lachnotalea","ZIGMM",1,15
"fixed",NA,"ResponseResponder:Days",6.92428503080144e-05,5.18835404906265e-05,44,1.33458221341938,0.188878592319709,"g__Guopingia","ZIGMM",1,10
"fixed",NA,"ResponseResponder:Days",8.62918451922697e-05,6.66305152627664e-05,44,1.29507996226603,0.202047047670274,"g__GGB2982","ZIGMM",1,13
"fixed",NA,"ResponseResponder:Days",6.60342493746068e-05,8.43748802339506e-05,44,0.78262925163876,0.438036821760572,"g__GGB9225","ZIGMM",1,5
"fixed",NA,"ResponseResponder:Days",0.000155866694962757,7.30194084668037e-05,44,2.13459268207599,0.038402688443422,"s__Lachnotalea_sp_AF33_28","ZIGMM",1,15
"fixed",NA,"ResponseResponder:Days",6.92428503080144e-05,5.18835404906265e-05,44,1.33458221341938,0.188878592319709,"s__Guopingia_tenuis","ZIGMM",1,10
"fixed",NA,"ResponseResponder:Days",0.000122015978962289,8.34979127488747e-05,44,1.46130573741717,0.151036802421812,"s__Clostridium_spiroforme","ZIGMM",1,12
"fixed",NA,"ResponseResponder:Days",1.84080057550281e-05,2.32640750998631e-05,44,0.79126316760972,0.433035247144284,"s__Pseudoflavonifractor_gallinarum","ZIGMM",1,6
"fixed",NA,"ResponseResponder:Days",8.62918451922697e-05,6.66305152627664e-05,44,1.29507996226603,0.202047047670274,"s__GGB2982_SGB3964","ZIGMM",1,13
"fixed",NA,"ResponseResponder:Days",6.60342493746068e-05,8.43748802339506e-05,44,0.78262925163876,0.438036821760572,"s__GGB9225_SGB14166","ZIGMM",1,5
"fixed",NA,"ResponseResponder:Days",0.000229425912405593,0.000231496335130487,44,0.991056347722624,0.327077100671612,"c__CFGB79237","ZIGMM",1,6
"fixed",NA,"ResponseResponder:Days",-7.12548067226701e-05,0.000115723689415827,44,-0.615732241880328,0.541243432855781,"c__Opitutae","ZIGMM",1,5
"fixed",NA,"ResponseResponder:Days",2.26505426466728e-05,0.000111048757801644,44,0.203969347294558,0.839317941528459,"c__CFGB1670","ZIGMM",1,6
"fixed",NA,"ResponseResponder:Days",-3.08151895105164e-05,3.75097004312662e-05,44,-0.821525876139238,0.415776154466117,"c__CFGB2378","ZIGMM",1,9
"fixed",NA,"ResponseResponder:Days",5.96537436717689e-05,6.83302571925648e-05,44,0.873020915224361,0.387391343128652,"c__CFGB2992","ZIGMM",1,5
"fixed",NA,"ResponseResponder:Days",0.000229661277849041,0.000193131398976891,44,1.18914520924959,0.240760492396568,"c__CFGB2840","ZIGMM",1,10
"fixed",NA,"ResponseResponder:Days",0.000229425912405593,0.000231496335130487,44,0.991056347722624,0.327077100671612,"o__OFGB79237","ZIGMM",1,6
"fixed",NA,"ResponseResponder:Days",-7.12548067226701e-05,0.000115723689415827,44,-0.615732241880328,0.541243432855781,"o__Puniceicoccales","ZIGMM",1,5
"fixed",NA,"ResponseResponder:Days",2.26505426466728e-05,0.000111048757801644,44,0.203969347294558,0.839317941528459,"o__OFGB1670","ZIGMM",1,6
"fixed",NA,"ResponseResponder:Days",-3.08151895105164e-05,3.75097004312662e-05,44,-0.821525876139238,0.415776154466117,"o__OFGB2378","ZIGMM",1,9
"fixed",NA,"ResponseResponder:Days",5.96537436717689e-05,6.83302571925648e-05,44,0.873020915224361,0.387391343128652,"o__OFGB2992","ZIGMM",1,5
"fixed",NA,"ResponseResponder:Days",0.000229661277849041,0.000193131398976891,44,1.18914520924959,0.240760492396568,"o__OFGB2840","ZIGMM",1,10
"fixed",NA,"ResponseResponder:Days",0.000229425912405593,0.000231496335130487,44,0.991056347722624,0.327077100671612,"f__FGB79237","ZIGMM",1,6
"fixed",NA,"ResponseResponder:Days",-7.12548067226701e-05,0.000115723689415827,44,-0.615732241880328,0.541243432855781,"f__Puniceicoccaceae","ZIGMM",1,5
"fixed",NA,"ResponseResponder:Days",2.26505426466728e-05,0.000111048757801644,44,0.203969347294558,0.839317941528459,"f__FGB1670","ZIGMM",1,6
"fixed",NA,"ResponseResponder:Days",-3.08151895105164e-05,3.75097004312662e-05,44,-0.821525876139238,0.415776154466117,"f__FGB2378","ZIGMM",1,9
"fixed",NA,"ResponseResponder:Days",5.96537436717689e-05,6.83302571925648e-05,44,0.873020915224361,0.387391343128652,"f__FGB2992","ZIGMM",1,5
"fixed",NA,"ResponseResponder:Days",0.000229661277849041,0.000193131398976891,44,1.18914520924959,0.240760492396568,"f__FGB2840","ZIGMM",1,10
"fixed",NA,"ResponseResponder:Days",-0.00184318159519621,0.00208652158240826,44,-0.883375283886982,0.381834825882268,"g__GGB6608","ZIGMM",1,3
"fixed",NA,"ResponseResponder:Days",-0.000481365596054325,0.000594241993099942,44,-0.810049780466065,0.422271088037624,"g__GGB1550","ZIGMM",1,4
"fixed",NA,"ResponseResponder:Days",0.0308284928967823,0.00681051493383092,44,4.52660234891244,4.52306433727708e-05,"g__GGB3733","ZIGMM",0.113483684222282,4
"fixed",NA,"ResponseResponder:Days",-4.54888225980783e-06,0.000144259811584579,44,-0.0315325675934411,0.974987423689495,"g__GGB6006","ZIGMM",1,5
"fixed",NA,"ResponseResponder:Days",-4.44705943349535e-05,0.000108394841552245,44,-0.410264858531291,0.683602584176589,"g__GGB9759","ZIGMM",1,12
"fixed",NA,"ResponseResponder:Days",0.000194316282831602,0.000230460547786818,44,0.84316506533409,0.403696580636847,"g__GGB9061","ZIGMM",1,5
"fixed",NA,"ResponseResponder:Days",-6.56349809046692e-05,0.000115608134320717,44,-0.567736702009101,0.57309953749463,"g__Puniceicoccaceae_unclassified","ZIGMM",1,4
"fixed",NA,"ResponseResponder:Days",1.24571779130468e-05,2.0136885815683e-05,44,0.61862484731104,0.539353124758301,"g__Jilunia","ZIGMM",1,3
"fixed",NA,"ResponseResponder:Days",2.26505426466728e-05,0.000111048757801644,44,0.203969347294558,0.839317941528459,"g__GGB47687","ZIGMM",1,6
"fixed",NA,"ResponseResponder:Days",1.9155725256772e-05,9.24210808381855e-05,44,0.207265756719624,0.836758596564128,"g__GGB2998","ZIGMM",1,15
"fixed",NA,"ResponseResponder:Days",-2.60010119355183e-05,3.7245790553927e-05,44,-0.69809263137729,0.48879236601416,"g__GGB6518","ZIGMM",1,7
"fixed",NA,"ResponseResponder:Days",5.96537436717689e-05,6.83302571925648e-05,44,0.873020915224361,0.387391343128652,"g__GGB9412","ZIGMM",1,5
"fixed",NA,"ResponseResponder:Days",0.000230888134233071,0.000193120421200006,44,1.19556561029841,0.238269962222454,"g__GGB9092","ZIGMM",1,9
"fixed",NA,"ResponseResponder:Days",1.12202027489472e-05,1.24587992963104e-05,44,0.900584597447528,0.372712221079239,"g__Fournierella","ZIGMM",1,4
"fixed",NA,"ResponseResponder:Days",-0.00184318159519621,0.00208652158240826,44,-0.883375283886982,0.381834825882268,"s__GGB6608_SGB9342","ZIGMM",1,3
"fixed",NA,"ResponseResponder:Days",-0.000405189925476813,0.000599366307291913,44,-0.676030535162315,0.502559342350268,"s__Enterobacter_roggenkampii","ZIGMM",1,5
"fixed",NA,"ResponseResponder:Days",-0.000481365596054325,0.000594241993099942,44,-0.810049780466065,0.422271088037624,"s__GGB1550_SGB2135","ZIGMM",1,4
"fixed",NA,"ResponseResponder:Days",0.0308284928967823,0.00681051493383092,44,4.52660234891244,4.52306433727708e-05,"s__GGB3733_SGB5066","ZIGMM",0.113483684222282,4
"fixed",NA,"ResponseResponder:Days",-0.000297816351284762,0.000636114424030293,44,-0.468180471994107,0.641966535499995,"s__GGB9635_SGB15103","ZIGMM",1,7
"fixed",NA,"ResponseResponder:Days",-4.54888225980783e-06,0.000144259811584579,44,-0.0315325675934411,0.974987423689495,"s__GGB6006_SGB8630","ZIGMM",1,5
"fixed",NA,"ResponseResponder:Days",-4.44705943349535e-05,0.000108394841552245,44,-0.410264858531291,0.683602584176589,"s__GGB9759_SGB15370","ZIGMM",1,12
"fixed",NA,"ResponseResponder:Days",0.000194316282831602,0.000230460547786818,44,0.84316506533409,0.403696580636847,"s__GGB9061_SGB13979","ZIGMM",1,5
"fixed",NA,"ResponseResponder:Days",-6.56349809046692e-05,0.000115608134320717,44,-0.567736702009101,0.57309953749463,"s__Puniceicoccaceae_unclassified_SGB60941","ZIGMM",1,4
"fixed",NA,"ResponseResponder:Days",-8.95636166769986e-05,0.000158716708078835,44,-0.564298603222743,0.575416392259911,"s__Blautia_sp_MCC283","ZIGMM",1,13
"fixed",NA,"ResponseResponder:Days",1.24571779130468e-05,2.0136885815683e-05,44,0.61862484731104,0.539353124758301,"s__Jilunia_laotingensis","ZIGMM",1,3
"fixed",NA,"ResponseResponder:Days",-0.000382720175224436,0.000437925836940447,44,-0.873938331426839,0.386896975607894,"s__Enterococcus_faecium","ZIGMM",1,7
"fixed",NA,"ResponseResponder:Days",2.26505426466728e-05,0.000111048757801644,44,0.203969347294558,0.839317941528459,"s__GGB47687_SGB2286","ZIGMM",1,6
"fixed",NA,"ResponseResponder:Days",1.9155725256772e-05,9.24210808381855e-05,44,0.207265756719624,0.836758596564128,"s__GGB2998_SGB3988","ZIGMM",1,15
"fixed",NA,"ResponseResponder:Days",-1.88060351262333e-05,2.12235264795635e-05,44,-0.88609379522022,0.380384399060526,"s__GGB6518_SGB9206","ZIGMM",1,2
"fixed",NA,"ResponseResponder:Days",0.000336197731622314,0.000374366593017333,44,0.89804415749978,0.374050047021481,"s__Bacteroides_pectinophilus","ZIGMM",1,4
"fixed",NA,"ResponseResponder:Days",5.96537436717689e-05,6.83302571925648e-05,44,0.873020915224361,0.387391343128652,"s__GGB9412_SGB14770","ZIGMM",1,5
"fixed",NA,"ResponseResponder:Days",0.000230888134233071,0.000193120421200006,44,1.19556561029841,0.238269962222454,"s__GGB9092_SGB14022","ZIGMM",1,9
"fixed",NA,"ResponseResponder:Days",-0.000248687140256633,0.000370353223807643,44,-0.671486365637249,0.505421075380844,"s__Lawsonibacter_hominis","ZIGMM",1,12
"fixed",NA,"ResponseResponder:Days",2.75102075606476e-06,0.000219102163489618,44,0.0125558812941394,0.990038878845635,"s__Eubacterium_sp_AF16_48","ZIGMM",1,10
"fixed",NA,"ResponseResponder:Days",1.12202027489472e-05,1.24587992963104e-05,44,0.900584597447528,0.372712221079239,"s__Fournierella_massiliensis","ZIGMM",1,4
"fixed",NA,"ResponseResponder:Days",7.134306263939e-05,4.24173316589623e-05,44,1.68193188607412,0.0996672418559386,"c__CFGB10318","ZIGMM",1,1
"fixed",NA,"ResponseResponder:Days",3.21397711467948e-05,7.61481889153201e-05,44,0.422068753106335,0.675030076136452,"c__CFGB2846","ZIGMM",1,5
"fixed",NA,"ResponseResponder:Days",4.07261247391195e-05,6.01838325536671e-05,44,0.676695434821356,0.5021413599838,"c__CFGB9512","ZIGMM",1,5
"fixed",NA,"ResponseResponder:Days",7.134306263939e-05,4.24173316589623e-05,44,1.68193188607412,0.0996672418559386,"o__OFGB10318","ZIGMM",1,1
"fixed",NA,"ResponseResponder:Days",3.21397711467948e-05,7.61481889153201e-05,44,0.422068753106335,0.675030076136452,"o__OFGB2846","ZIGMM",1,5
"fixed",NA,"ResponseResponder:Days",4.07261247391195e-05,6.01838325536671e-05,44,0.676695434821356,0.5021413599838,"o__OFGB9512","ZIGMM",1,5
"fixed",NA,"ResponseResponder:Days",7.134306263939e-05,4.24173316589623e-05,44,1.68193188607412,0.0996672418559386,"f__FGB10318","ZIGMM",1,1
"fixed",NA,"ResponseResponder:Days",3.21397711467948e-05,7.61481889153201e-05,44,0.422068753106335,0.675030076136452,"f__FGB2846","ZIGMM",1,5
"fixed",NA,"ResponseResponder:Days",4.07261247391195e-05,6.01838325536671e-05,44,0.676695434821356,0.5021413599838,"f__FGB9512","ZIGMM",1,5
"fixed",NA,"ResponseResponder:Days",0.0136154155999287,0.00864201585364832,44,1.57549069921931,0.122306925104632,"g__GGB3220","ZIGMM",1,5
"fixed",NA,"ResponseResponder:Days",0.000394857193034273,0.000234281360228416,44,1.68539738991314,0.0989924887091718,"g__GGB9620","ZIGMM",1,3
"fixed",NA,"ResponseResponder:Days",1.6000966325164e-06,0.000462826268260025,44,0.00345722950975081,0.997257162881898,"g__GGB9695","ZIGMM",1,4
"fixed",NA,"ResponseResponder:Days",0.000339689768856009,0.000201951384067413,44,1.68203733995019,0.0996466535553549,"g__GGB32451","ZIGMM",1,1
"fixed",NA,"ResponseResponder:Days",-9.82235188454049e-05,0.000705350677934741,44,-0.1392548726727,0.889884198765087,"g__GGB9716","ZIGMM",1,4
"fixed",NA,"ResponseResponder:Days",-2.14806559331672e-05,7.72745561076436e-05,44,-0.277978380144231,0.782331046179213,"g__GGB9668","ZIGMM",1,2
"fixed",NA,"ResponseResponder:Days",0.000209238335056582,0.000144235939703385,44,1.450667118659,0.153964715581378,"g__GGB3678","ZIGMM",1,2
"fixed",NA,"ResponseResponder:Days",0.0056441166517729,0.0107046096546282,44,0.527260389110276,0.600661402218919,"g__GGB74708","ZIGMM",1,3
"fixed",NA,"ResponseResponder:Days",0.000108775305443415,5.98731841717476e-05,44,1.81676165963364,0.0760691469626938,"g__GGB9765","ZIGMM",1,9
"fixed",NA,"ResponseResponder:Days",7.134306263939e-05,4.24173316589623e-05,44,1.68193188607412,0.0996672418559386,"g__GGB4658","ZIGMM",1,1
"fixed",NA,"ResponseResponder:Days",-0.000190776304220054,0.000289022852071137,44,-0.660073426211634,0.512647452143115,"g__GGB3365","ZIGMM",1,4
"fixed",NA,"ResponseResponder:Days",3.21397711467948e-05,7.61481889153201e-05,44,0.422068753106335,0.675030076136452,"g__GGB9117","ZIGMM",1,5
"fixed",NA,"ResponseResponder:Days",-0.00010613272986525,9.96821018403026e-05,44,-1.06471199850181,0.292814419399159,"g__GGB9580","ZIGMM",1,7
"fixed",NA,"ResponseResponder:Days",-0.000242307335460587,0.000348900903770709,44,-0.69448755460899,0.491027512498884,"g__GGB45495","ZIGMM",1,6
"fixed",NA,"ResponseResponder:Days",-5.6134067063951e-05,0.000153778102655638,44,-0.365032901918777,0.716835659889779,"g__GGB3032","ZIGMM",1,5
"fixed",NA,"ResponseResponder:Days",2.50689919405451e-05,2.89669819174134e-05,44,0.865433341036987,0.391495312993344,"g__GGB3816","ZIGMM",1,3
"fixed",NA,"ResponseResponder:Days",1.27885140470546e-05,7.35645445069285e-06,44,1.73840729019265,0.0891332173361967,"g__GGB9116","ZIGMM",1,2
"fixed",NA,"ResponseResponder:Days",4.0199487813414e-05,6.01045138612229e-05,44,0.668826436334413,0.507100300649057,"g__GGB74699","ZIGMM",1,2
"fixed",NA,"ResponseResponder:Days",0.0136154155999287,0.00864201585364832,44,1.57549069921931,0.122306925104632,"s__GGB3220_SGB4252","ZIGMM",1,5
"fixed",NA,"ResponseResponder:Days",0.0212250340768159,0.0171253944585669,44,1.23938950008816,0.221771514007951,"s__Odoribacter_laneus","ZIGMM",1,6
"fixed",NA,"ResponseResponder:Days",0.000629864870797817,0.000408341295638239,44,1.54249613626105,0.13011530396819,"s__Flavonifractor_sp_An10","ZIGMM",1,7
"fixed",NA,"ResponseResponder:Days",0.000435855453312112,0.000376080874721844,44,1.15894075611922,0.252731599898497,"s__Eubacteriaceae_bacterium_Marseille_Q4139","ZIGMM",1,4
"fixed",NA,"ResponseResponder:Days",0.000301377944202413,0.00021861511525606,44,1.37857779801463,0.174994168649172,"s__Lachnoclostridium_sp_An14","ZIGMM",1,3
"fixed",NA,"ResponseResponder:Days",0.000394857193034273,0.000234281360228416,44,1.68539738991314,0.0989924887091718,"s__GGB9620_SGB15068","ZIGMM",1,3
"fixed",NA,"ResponseResponder:Days",5.80485297655564e-05,0.000412018305772965,44,0.140888229848561,0.888601284856074,"s__GGB9695_SGB15211","ZIGMM",1,4
"fixed",NA,"ResponseResponder:Days",0.000339689768856009,0.000201951384067413,44,1.68203733995019,0.0996466535553549,"s__GGB32451_SGB47419","ZIGMM",1,1
"fixed",NA,"ResponseResponder:Days",-9.82235188454049e-05,0.000705350677934741,44,-0.1392548726727,0.889884198765087,"s__GGB9716_SGB15269","ZIGMM",1,4
"fixed",NA,"ResponseResponder:Days",-2.14806559331672e-05,7.72745561076436e-05,44,-0.277978380144231,0.782331046179213,"s__GGB9668_SGB15165","ZIGMM",1,2
"fixed",NA,"ResponseResponder:Days",0.000209238335056582,0.000144235939703385,44,1.450667118659,0.153964715581378,"s__GGB3678_SGB4991","ZIGMM",1,2
"fixed",NA,"ResponseResponder:Days",0.0056441166517729,0.0107046096546282,44,0.527260389110276,0.600661402218919,"s__GGB74708_SGB54312","ZIGMM",1,3
"fixed",NA,"ResponseResponder:Days",0.000108775305443415,5.98731841717476e-05,44,1.81676165963364,0.0760691469626938,"s__GGB9765_SGB15382","ZIGMM",1,9
"fixed",NA,"ResponseResponder:Days",0.000178667219418147,0.000296757787448821,44,0.602064131000977,0.550221554062165,"s__Pseudoflavonifractor_capillosus","ZIGMM",1,14
"fixed",NA,"ResponseResponder:Days",7.134306263939e-05,4.24173316589623e-05,44,1.68193188607412,0.0996672418559386,"s__GGB4658_SGB6445","ZIGMM",1,1
"fixed",NA,"ResponseResponder:Days",-0.000190776304220054,0.000289022852071137,44,-0.660073426211634,0.512647452143115,"s__GGB3365_SGB4451","ZIGMM",1,4
"fixed",NA,"ResponseResponder:Days",6.47272936811769e-05,3.84839592319547e-05,44,1.68192917186731,0.0996677718107656,"s__Erysipelatoclostridium_sp_An15","ZIGMM",1,1
"fixed",NA,"ResponseResponder:Days",3.21397711467948e-05,7.61481889153201e-05,44,0.422068753106335,0.675030076136452,"s__GGB9117_SGB14050","ZIGMM",1,5
"fixed",NA,"ResponseResponder:Days",-7.57978222139764e-05,8.58170629638676e-05,44,-0.883248850474995,0.381902368104582,"s__GGB9580_SGB14996","ZIGMM",1,4
"fixed",NA,"ResponseResponder:Days",-0.000242307335460587,0.000348900903770709,44,-0.69448755460899,0.491027512498884,"s__GGB45495_SGB63167","ZIGMM",1,6
"fixed",NA,"ResponseResponder:Days",-5.6134067063951e-05,0.000153778102655638,44,-0.365032901918777,0.716835659889779,"s__GGB3032_SGB4027","ZIGMM",1,5
"fixed",NA,"ResponseResponder:Days",2.50689919405451e-05,2.89669819174134e-05,44,0.865433341036987,0.391495312993344,"s__GGB3816_SGB5181","ZIGMM",1,3
"fixed",NA,"ResponseResponder:Days",6.72642845783748e-05,6.93773747102313e-05,44,0.969542085720565,0.337574414483288,"s__GGB9210_SGB14149","ZIGMM",1,8
"fixed",NA,"ResponseResponder:Days",-1.88152497212076e-05,1.92224022626482e-05,44,-0.978818852301735,0.333020889096179,"s__Eubacteriales_unclassified_SGB15150","ZIGMM",1,2
"fixed",NA,"ResponseResponder:Days",1.27885140470546e-05,7.35645445069285e-06,44,1.73840729019265,0.0891332173361967,"s__GGB9116_SGB14049","ZIGMM",1,2
"fixed",NA,"ResponseResponder:Days",4.0199487813414e-05,6.01045138612229e-05,44,0.668826436334413,0.507100300649057,"s__GGB74699_SGB54317","ZIGMM",1,2
"fixed",NA,"ResponseResponder:Days",1.0311645487229e-05,6.13087312616528e-06,44,1.68192120029707,0.0996693282907605,"s__Lachnoclostridium_sp_An118","ZIGMM",1,1
"fixed",NA,"ResponseResponder:Days",-4.01073242470924e-06,8.13417373000473e-06,44,-0.493071891237674,0.624413728916945,"s__Clostridium_sp_Marseille_P3244","ZIGMM",1,3
"fixed",NA,"ResponseResponder:Days",1.24010913740311e-06,1.84020862029471e-06,44,0.673895950560491,0.503902512218008,"s__Flavonifractor_sp_An135","ZIGMM",1,2
"fixed",NA,"ResponseResponder:Days",-9.3163429597002e-05,0.000696568607966414,44,-0.13374623623793,0.894213115166464,"g__Longibaculum","ZIGMM",1,13
"fixed",NA,"ResponseResponder:Days",-0.000328058088719663,0.000440537110920555,44,-0.744677532465191,0.46042577233908,"g__GGB3602","ZIGMM",1,4
"fixed",NA,"ResponseResponder:Days",4.7723641976923e-05,6.57436057675777e-05,44,0.725905453765947,0.471740506070767,"g__GGB9574","ZIGMM",1,10
"fixed",NA,"ResponseResponder:Days",-9.3163429597002e-05,0.000696568607966414,44,-0.13374623623793,0.894213115166464,"s__Longibaculum_muris","ZIGMM",1,13
"fixed",NA,"ResponseResponder:Days",-0.000328058088719663,0.000440537110920555,44,-0.744677532465191,0.46042577233908,"s__GGB3602_SGB4865","ZIGMM",1,4
"fixed",NA,"ResponseResponder:Days",4.7723641976923e-05,6.57436057675777e-05,44,0.725905453765947,0.471740506070767,"s__GGB9574_SGB14987","ZIGMM",1,10
"fixed",NA,"ResponseResponder:Days",0.000120198213258456,0.000219448696292452,44,0.547728080818818,0.5866466212608,"g__GGB41473","ZIGMM",1,4
"fixed",NA,"ResponseResponder:Days",-0.00310179304985371,0.00793890497344924,44,-0.39070792007554,0.697898527669001,"g__Klebsiella","ZIGMM",1,14
"fixed",NA,"ResponseResponder:Days",1.68610147376037e-05,2.63701297925001e-05,44,0.63939824605638,0.525879010417824,"g__Veillonellaceae_unclassified","ZIGMM",1,1
"fixed",NA,"ResponseResponder:Days",0.000120198213258456,0.000219448696292452,44,0.547728080818818,0.5866466212608,"s__GGB41473_SGB58537","ZIGMM",1,4
"fixed",NA,"ResponseResponder:Days",-1.87411533593974e-05,8.28155931094025e-05,44,-0.226299814512463,0.822016251580078,"s__Schaalia_odontolytica","ZIGMM",1,5
"fixed",NA,"ResponseResponder:Days",-8.39408971052083e-06,8.028412436723e-05,44,-0.104554789339486,0.917204250941142,"s__Veillonella_atypica","ZIGMM",1,8
"fixed",NA,"ResponseResponder:Days",1.68610147376037e-05,2.63701297925001e-05,44,0.63939824605638,0.525879010417824,"s__Veillonellaceae_bacterium","ZIGMM",1,1
"fixed",NA,"ResponseResponder:Days",-3.00763461533155e-06,1.98335056927289e-05,44,-0.151644124943286,0.880160805199442,"s__Actinomyces_graevenitzii","ZIGMM",1,2
"fixed",NA,"ResponseResponder:Days",3.49215596577693e-05,3.7322400582786e-05,44,0.935672923297328,0.354548837821567,"c__CFGB45628","ZIGMM",1,7
"fixed",NA,"ResponseResponder:Days",3.49215596577693e-05,3.7322400582786e-05,44,0.935672923297328,0.354548837821567,"o__OFGB45628","ZIGMM",1,7
"fixed",NA,"ResponseResponder:Days",3.49215596577693e-05,3.7322400582786e-05,44,0.935672923297328,0.354548837821567,"f__FGB45628","ZIGMM",1,7
"fixed",NA,"ResponseResponder:Days",-5.01601042864903e-05,6.87400508113069e-05,44,-0.729707116804161,0.469436353825711,"g__GGB6002","ZIGMM",1,2
"fixed",NA,"ResponseResponder:Days",3.41737110909401e-05,3.64599819985232e-05,44,0.937293690718889,0.353724049481905,"g__GGB45613","ZIGMM",1,6
"fixed",NA,"ResponseResponder:Days",1.94505755857346e-05,1.28836712635251e-05,44,1.50970753505648,0.138266446607141,"g__GGB2987","ZIGMM",1,6
"fixed",NA,"ResponseResponder:Days",2.02525144688702e-07,4.95181662450007e-06,44,0.0408991608628376,0.967561312359678,"g__GGB79342","ZIGMM",1,1
"fixed",NA,"ResponseResponder:Days",4.74288753510298e-05,5.72862932527693e-05,44,0.827927112367965,0.41218000821052,"g__Merdimonas","ZIGMM",1,4
"fixed",NA,"ResponseResponder:Days",6.47207513971111e-07,1.58440786857955e-05,44,0.0408485420203917,0.967601437252112,"s__GGB6002_SGB24096","ZIGMM",1,1
"fixed",NA,"ResponseResponder:Days",3.41737110909401e-05,3.64599819985232e-05,44,0.937293690718889,0.353724049481905,"s__GGB45613_SGB63326","ZIGMM",1,6
"fixed",NA,"ResponseResponder:Days",1.94505755857346e-05,1.28836712635251e-05,44,1.50970753505648,0.138266446607141,"s__GGB2987_SGB3969","ZIGMM",1,6
"fixed",NA,"ResponseResponder:Days",2.02525144688702e-07,4.95181662450007e-06,44,0.0408991608628376,0.967561312359678,"s__GGB79342_SGB106059","ZIGMM",1,1
"fixed",NA,"ResponseResponder:Days",4.74288753510298e-05,5.72862932527693e-05,44,0.827927112367965,0.41218000821052,"s__Merdimonas_faecis","ZIGMM",1,4
"fixed",NA,"ResponseResponder:Days",-7.98880364995406e-05,0.000441694468675799,44,-0.180867187988668,0.857302372037582,"c__CFGB1325","ZIGMM",1,4
"fixed",NA,"ResponseResponder:Days",-7.98880364995406e-05,0.000441694468675799,44,-0.180867187988668,0.857302372037582,"o__OFGB1325","ZIGMM",1,4
"fixed",NA,"ResponseResponder:Days",-7.98880364995406e-05,0.000441694468675799,44,-0.180867187988668,0.857302372037582,"f__FGB1325","ZIGMM",1,4
"fixed",NA,"ResponseResponder:Days",0.00130234907593065,0.000719693050934541,44,1.80958962190828,0.0771937199055999,"g__GGB3480","ZIGMM",1,7
"fixed",NA,"ResponseResponder:Days",-7.98880364995406e-05,0.000441694468675799,44,-0.180867187988668,0.857302372037582,"g__GGB3175","ZIGMM",1,4
"fixed",NA,"ResponseResponder:Days",3.09037144207056e-07,7.5062372085934e-05,44,0.00411707138502444,0.996733671698451,"g__GGB9240","ZIGMM",1,8
"fixed",NA,"ResponseResponder:Days",7.75802438919968e-06,2.69112710845367e-05,44,0.288281603824261,0.774484879630487,"g__GGB3518","ZIGMM",1,1
"fixed",NA,"ResponseResponder:Days",-4.52053134290462e-06,4.6834450993643e-06,44,-0.965214974660044,0.339712477885044,"g__Youxingia","ZIGMM",1,3
"fixed",NA,"ResponseResponder:Days",3.23851347026409e-06,3.50495119542918e-06,44,0.92398247213469,0.36053512991493,"g__GGB51441","ZIGMM",1,5
"fixed",NA,"ResponseResponder:Days",0.00130234907593065,0.000719693050934541,44,1.80958962190828,0.0771937199055999,"s__GGB3480_SGB4648","ZIGMM",1,7
"fixed",NA,"ResponseResponder:Days",-0.000564057500573375,0.00147512990009209,44,-0.382378189567009,0.704021696282703,"s__Akkermansia_sp_BIOML_A66","ZIGMM",1,5
"fixed",NA,"ResponseResponder:Days",-7.98880364995406e-05,0.000441694468675799,44,-0.180867187988668,0.857302372037582,"s__GGB3175_SGB4191","ZIGMM",1,4
"fixed",NA,"ResponseResponder:Days",3.09037144207056e-07,7.5062372085934e-05,44,0.00411707138502444,0.996733671698451,"s__GGB9240_SGB14182","ZIGMM",1,8
"fixed",NA,"ResponseResponder:Days",-1.16114257664237e-05,0.000166960560704763,44,-0.0695459198113037,0.944870197966827,"s__bacterium_210917_SL_2_15","ZIGMM",1,2
"fixed",NA,"ResponseResponder:Days",7.75802438919968e-06,2.69112710845367e-05,44,0.288281603824261,0.774484879630487,"s__GGB3518_SGB4697","ZIGMM",1,1
"fixed",NA,"ResponseResponder:Days",3.7551710230163e-05,4.08585649961369e-05,44,0.919065812363048,0.363072277819629,"s__Clostridiales_bacterium_Marseille_P2846","ZIGMM",1,5
"fixed",NA,"ResponseResponder:Days",1.12906268162705e-05,8.15271837704648e-06,44,1.3848910626005,0.173068103879033,"s__Anaerotignum_sp_MSJ_24","ZIGMM",1,2
"fixed",NA,"ResponseResponder:Days",0.000148398998184118,0.000158134756614545,44,0.938433784963807,0.353144621856019,"s__GGB3740_SGB5077","ZIGMM",1,3
"fixed",NA,"ResponseResponder:Days",3.47464372697156e-05,3.10520822640151e-05,44,1.11897285902729,0.269223425218917,"s__Streptococcus_mutans","ZIGMM",1,4
"fixed",NA,"ResponseResponder:Days",-4.52053134290462e-06,4.6834450993643e-06,44,-0.965214974660044,0.339712477885044,"s__Youxingia_wuxianensis","ZIGMM",1,3
"fixed",NA,"ResponseResponder:Days",3.23851347026409e-06,3.50495119542918e-06,44,0.92398247213469,0.36053512991493,"s__GGB51441_SGB71759","ZIGMM",1,5
"fixed",NA,"ResponseResponder:Days",-7.60247583467295e-05,0.000132449870169069,44,-0.573988923127562,0.568898079087005,"g__GGB4603","ZIGMM",1,4
"fixed",NA,"ResponseResponder:Days",0.000109701100643026,0.000488387003703573,44,0.224619205284196,0.823315394740262,"g__GGB4596","ZIGMM",1,6
"fixed",NA,"ResponseResponder:Days",4.62042204965602e-05,3.90863699327985e-05,44,1.1821056950543,0.243512919968651,"g__GGB3474","ZIGMM",1,1
"fixed",NA,"ResponseResponder:Days",4.60642003225622e-05,3.89679254151999e-05,44,1.18210553504586,0.243512982790307,"g__GGB13727","ZIGMM",1,1
"fixed",NA,"ResponseResponder:Days",5.17786835330173e-05,7.84570123054729e-05,44,0.659962468764635,0.512717979979771,"g__GGB27848","ZIGMM",1,4
"fixed",NA,"ResponseResponder:Days",-0.000157274143761634,9.35283887027349e-05,44,-1.68156584266094,0.0997387336219995,"g__GGB9603","ZIGMM",1,4
"fixed",NA,"ResponseResponder:Days",1.71830988453706e-05,1.45362152884928e-05,44,1.18208890721185,0.243519511185917,"g__GGB4588","ZIGMM",1,1
"fixed",NA,"ResponseResponder:Days",-4.06513109501954e-05,3.26119368113995e-05,44,-1.24651630429952,0.219170444290313,"g__GGB9618","ZIGMM",1,5
"fixed",NA,"ResponseResponder:Days",1.03034704236593e-05,8.71634466738778e-06,44,1.18208616304605,0.243520588608465,"g__GGB9737","ZIGMM",1,1
"fixed",NA,"ResponseResponder:Days",1.01193065509441e-05,6.53899018661781e-06,44,1.54753352767734,0.128897905131525,"g__GGB9697","ZIGMM",1,2
"fixed",NA,"ResponseResponder:Days",3.6249931799743e-06,3.5512908919669e-06,44,1.02075366120363,0.312950987758535,"g__GGB51960","ZIGMM",1,2
"fixed",NA,"ResponseResponder:Days",3.35387775443946e-06,2.83725355214003e-06,44,1.18208601832915,0.243520645427739,"g__GGB35068","ZIGMM",1,1
"fixed",NA,"ResponseResponder:Days",0.00179529831048807,0.000471924869657621,44,3.80420364748006,0.00043541333240293,"s__Ruminococcus_SGB4421","ZIGMM",1,7
"fixed",NA,"ResponseResponder:Days",0.000224426871022757,0.000215127440909903,44,1.04322754025949,0.30254100480719,"s__Jutongia_huaianensis","ZIGMM",1,2
"fixed",NA,"ResponseResponder:Days",-7.60247583467295e-05,0.000132449870169069,44,-0.573988923127562,0.568898079087005,"s__GGB4603_SGB6367","ZIGMM",1,4
"fixed",NA,"ResponseResponder:Days",0.000109701100643026,0.000488387003703573,44,0.224619205284196,0.823315394740262,"s__GGB4596_SGB6358","ZIGMM",1,6
"fixed",NA,"ResponseResponder:Days",4.62042204965602e-05,3.90863699327985e-05,44,1.1821056950543,0.243512919968651,"s__GGB3474_SGB4637","ZIGMM",1,1
"fixed",NA,"ResponseResponder:Days",4.60642003225622e-05,3.89679254151999e-05,44,1.18210553504586,0.243512982790307,"s__GGB13727_SGB8655","ZIGMM",1,1
"fixed",NA,"ResponseResponder:Days",5.17786835330173e-05,7.84570123054729e-05,44,0.659962468764635,0.512717979979771,"s__GGB27848_SGB40282","ZIGMM",1,4
"fixed",NA,"ResponseResponder:Days",-0.000157274143761634,9.35283887027349e-05,44,-1.68156584266094,0.0997387336219995,"s__GGB9603_SGB15035","ZIGMM",1,4
"fixed",NA,"ResponseResponder:Days",1.71830988453706e-05,1.45362152884928e-05,44,1.18208890721185,0.243519511185917,"s__GGB4588_SGB6347","ZIGMM",1,1
"fixed",NA,"ResponseResponder:Days",1.57204277992132e-05,1.40198042685057e-05,44,1.12130151734912,0.268242063526431,"s__Blautia_schinkii","ZIGMM",1,3
"fixed",NA,"ResponseResponder:Days",-4.06513109501954e-05,3.26119368113995e-05,44,-1.24651630429952,0.219170444290313,"s__GGB9618_SGB15065","ZIGMM",1,5
"fixed",NA,"ResponseResponder:Days",1.03034704236593e-05,8.71634466738778e-06,44,1.18208616304605,0.243520588608465,"s__GGB9737_SGB15309","ZIGMM",1,1
"fixed",NA,"ResponseResponder:Days",1.01193065509441e-05,6.53899018661781e-06,44,1.54753352767734,0.128897905131525,"s__GGB9697_SGB15213","ZIGMM",1,2
"fixed",NA,"ResponseResponder:Days",3.6249931799743e-06,3.5512908919669e-06,44,1.02075366120363,0.312950987758535,"s__GGB51960_SGB72480","ZIGMM",1,2
"fixed",NA,"ResponseResponder:Days",3.35387775443946e-06,2.83725355214003e-06,44,1.18208601832915,0.243520645427739,"s__GGB35068_SGB47850","ZIGMM",1,1
"fixed",NA,"ResponseResponder:Days",7.11539785164012e-05,0.000120069751613345,44,0.592605361136542,0.556478824711711,"s__Clostridium_SGB6177","ZIGMM",1,4
"fixed",NA,"ResponseResponder:Days",-0.000816426364380823,0.000315756308991809,44,-2.58562169980902,0.0131094984656767,"s__Dialister_hominis","ZIGMM",1,5
"fixed",NA,"ResponseResponder:Days",-0.0317139149925401,0.00754701641894272,44,-4.20217914365992,0.000127161003268995,"s__Klebsiella_pneumoniae","ZIGMM",0.319046957201908,9
"fixed",NA,"ResponseResponder:Days",-2.40410243949473e-06,7.02155912238725e-06,44,-0.342388691398978,0.733688615500575,"s__Bifidobacterium_catenulatum","ZIGMM",1,6
"fixed",NA,"ResponseResponder:Days",1.14928909342904e-05,2.1921161184456e-05,44,0.524282944575026,0.602713115950493,"s__Eubacterium_maltosivorans","ZIGMM",1,3
"fixed",NA,"ResponseResponder:Days",0.00043300464362951,0.000757657411686768,44,0.571504530874336,0.570565753874467,"s__Gemmiger_SGB72777","ZIGMM",1,3
"fixed",NA,"ResponseResponder:Days",-0.000587198230641461,0.000497139282769849,44,-1.18115435853277,0.243886636805395,"p__Synergistetes","ZIGMM",1,6
"fixed",NA,"ResponseResponder:Days",0.0286092640311557,0.00590242913599568,44,4.84703219165877,1.59530225229961e-05,"c__CFGB2984","ZIGMM",0.0400261335101972,2
"fixed",NA,"ResponseResponder:Days",-0.00146619066018498,0.000800972462646631,44,-1.83051319310065,0.0739515534376047,"c__CFGB10477","ZIGMM",1,7
"fixed",NA,"ResponseResponder:Days",-0.000262537893638739,0.000231593832376294,44,-1.13361349456046,0.263095705653399,"c__CFGB2937","ZIGMM",1,2
"fixed",NA,"ResponseResponder:Days",-8.06989381319734e-05,7.79955954976461e-05,44,-1.03466019609285,0.306480998159806,"c__CFGB77857","ZIGMM",1,2
"fixed",NA,"ResponseResponder:Days",0.000100550551355822,0.000122709346823533,44,0.819420475772095,0.416963122086633,"c__CFGB2837","ZIGMM",1,3
"fixed",NA,"ResponseResponder:Days",-4.54718655677444e-05,6.35090830778517e-05,44,-0.71598995551555,0.477780438645863,"c__CFGB7536","ZIGMM",1,1
"fixed",NA,"ResponseResponder:Days",-1.55764635310297e-05,1.3717575256272e-05,44,-1.13551143259868,0.262308687073314,"c__CFGB544","ZIGMM",1,2
"fixed",NA,"ResponseResponder:Days",1.56062365194722e-05,1.52006067961843e-05,44,1.02668510071518,0.310180101443028,"c__CFGB4448","ZIGMM",1,2
"fixed",NA,"ResponseResponder:Days",1.33008644761593e-05,1.94203635398502e-05,44,0.684892661708736,0.497003923223156,"c__CFGB1201","ZIGMM",1,4
"fixed",NA,"ResponseResponder:Days",-0.000587198230641461,0.000497139282769849,44,-1.18115435853277,0.243886636805395,"c__Synergistia","ZIGMM",1,6
"fixed",NA,"ResponseResponder:Days",3.18454442442612e-06,3.01623411058656e-06,44,1.05580147550511,0.296821788143419,"c__CFGB45503","ZIGMM",1,3
"fixed",NA,"ResponseResponder:Days",-0.000211435716094281,0.000118519960271484,44,-1.78396715295856,0.0813263696039675,"c__CFGB73223","ZIGMM",1,4
"fixed",NA,"ResponseResponder:Days",-1.38719229599095e-05,1.75725691205234e-05,44,-0.789407790333185,0.434107163634201,"c__CFGB11916","ZIGMM",1,4
"fixed",NA,"ResponseResponder:Days",2.79501835428444e-05,3.48853155720772e-05,44,0.801201969496192,0.427320281273463,"c__CFGB9536","ZIGMM",1,2
"fixed",NA,"ResponseResponder:Days",-6.94954207252989e-05,4.88811218098439e-05,44,-1.42172311420446,0.162156543846209,"c__CFGB78183","ZIGMM",1,2
"fixed",NA,"ResponseResponder:Days",-2.66372769998797e-07,7.98312890748946e-07,44,-0.333669633906194,0.740213877174498,"c__CFGB2949","ZIGMM",1,2
"fixed",NA,"ResponseResponder:Days",6.75551140715165e-06,9.22390874645386e-06,44,0.732391396407604,0.467813321247926,"c__CFGB7511","ZIGMM",1,2
"fixed",NA,"ResponseResponder:Days",0.0286092640311557,0.00590242913599568,44,4.84703219165877,1.59530225229961e-05,"o__OFGB2984","ZIGMM",0.0400261335101972,2
"fixed",NA,"ResponseResponder:Days",-0.00146619066018498,0.000800972462646631,44,-1.83051319310065,0.0739515534376047,"o__OFGB10477","ZIGMM",1,7
"fixed",NA,"ResponseResponder:Days",-0.000262537893638739,0.000231593832376294,44,-1.13361349456046,0.263095705653399,"o__OFGB2937","ZIGMM",1,2
"fixed",NA,"ResponseResponder:Days",-8.06989381319734e-05,7.79955954976461e-05,44,-1.03466019609285,0.306480998159806,"o__OFGB77857","ZIGMM",1,2
"fixed",NA,"ResponseResponder:Days",0.000100550551355822,0.000122709346823533,44,0.819420475772095,0.416963122086633,"o__OFGB2837","ZIGMM",1,3
"fixed",NA,"ResponseResponder:Days",-4.54718655677444e-05,6.35090830778517e-05,44,-0.71598995551555,0.477780438645863,"o__OFGB7536","ZIGMM",1,1
"fixed",NA,"ResponseResponder:Days",-1.55764635310297e-05,1.3717575256272e-05,44,-1.13551143259868,0.262308687073314,"o__OFGB544","ZIGMM",1,2
"fixed",NA,"ResponseResponder:Days",1.56062365194722e-05,1.52006067961843e-05,44,1.02668510071518,0.310180101443028,"o__OFGB4448","ZIGMM",1,2
"fixed",NA,"ResponseResponder:Days",1.33008644761593e-05,1.94203635398502e-05,44,0.684892661708736,0.497003923223156,"o__OFGB1201","ZIGMM",1,4
"fixed",NA,"ResponseResponder:Days",-0.000587198230641461,0.000497139282769849,44,-1.18115435853277,0.243886636805395,"o__Synergistales","ZIGMM",1,6
"fixed",NA,"ResponseResponder:Days",3.18454442442612e-06,3.01623411058656e-06,44,1.05580147550511,0.296821788143419,"o__OFGB45503","ZIGMM",1,3
"fixed",NA,"ResponseResponder:Days",-0.000211435716094281,0.000118519960271484,44,-1.78396715295856,0.0813263696039675,"o__OFGB73223","ZIGMM",1,4
"fixed",NA,"ResponseResponder:Days",-1.38719229599095e-05,1.75725691205234e-05,44,-0.789407790333185,0.434107163634201,"o__OFGB11916","ZIGMM",1,4
"fixed",NA,"ResponseResponder:Days",2.79501835428444e-05,3.48853155720772e-05,44,0.801201969496192,0.427320281273463,"o__OFGB9536","ZIGMM",1,2
"fixed",NA,"ResponseResponder:Days",-6.94954207252989e-05,4.88811218098439e-05,44,-1.42172311420446,0.162156543846209,"o__OFGB78183","ZIGMM",1,2
"fixed",NA,"ResponseResponder:Days",-2.66372769998797e-07,7.98312890748946e-07,44,-0.333669633906194,0.740213877174498,"o__OFGB2949","ZIGMM",1,2
"fixed",NA,"ResponseResponder:Days",6.75551140715165e-06,9.22390874645386e-06,44,0.732391396407604,0.467813321247926,"o__OFGB7511","ZIGMM",1,2
"fixed",NA,"ResponseResponder:Days",0.0286092640311557,0.00590242913599568,44,4.84703219165877,1.59530225229961e-05,"f__FGB2984","ZIGMM",0.0400261335101972,2
"fixed",NA,"ResponseResponder:Days",-0.00146619066018498,0.000800972462646631,44,-1.83051319310065,0.0739515534376047,"f__FGB10477","ZIGMM",1,7
"fixed",NA,"ResponseResponder:Days",-0.000262537893638739,0.000231593832376294,44,-1.13361349456046,0.263095705653399,"f__FGB2937","ZIGMM",1,2
"fixed",NA,"ResponseResponder:Days",-8.06989381319734e-05,7.79955954976461e-05,44,-1.03466019609285,0.306480998159806,"f__FGB77857","ZIGMM",1,2
"fixed",NA,"ResponseResponder:Days",0.000100550551355822,0.000122709346823533,44,0.819420475772095,0.416963122086633,"f__FGB2837","ZIGMM",1,3
"fixed",NA,"ResponseResponder:Days",-4.54718655677444e-05,6.35090830778517e-05,44,-0.71598995551555,0.477780438645863,"f__FGB7536","ZIGMM",1,1
"fixed",NA,"ResponseResponder:Days",-1.55764635310297e-05,1.3717575256272e-05,44,-1.13551143259868,0.262308687073314,"f__FGB544","ZIGMM",1,2
"fixed",NA,"ResponseResponder:Days",1.56062365194722e-05,1.52006067961843e-05,44,1.02668510071518,0.310180101443028,"f__FGB4448","ZIGMM",1,2
"fixed",NA,"ResponseResponder:Days",1.33008644761593e-05,1.94203635398502e-05,44,0.684892661708736,0.497003923223156,"f__FGB1201","ZIGMM",1,4
"fixed",NA,"ResponseResponder:Days",-0.000587198230641461,0.000497139282769849,44,-1.18115435853277,0.243886636805395,"f__Synergistaceae","ZIGMM",1,6
"fixed",NA,"ResponseResponder:Days",3.18454442442612e-06,3.01623411058656e-06,44,1.05580147550511,0.296821788143419,"f__FGB45503","ZIGMM",1,3
"fixed",NA,"ResponseResponder:Days",-0.000211435716094281,0.000118519960271484,44,-1.78396715295856,0.0813263696039675,"f__FGB73223","ZIGMM",1,4
"fixed",NA,"ResponseResponder:Days",1.53276295825863e-05,1.65136970401831e-05,44,0.928176745963627,0.358379874277364,"f__Porphyromonadaceae","ZIGMM",1,3
"fixed",NA,"ResponseResponder:Days",-1.38719229599095e-05,1.75725691205234e-05,44,-0.789407790333185,0.434107163634201,"f__FGB11916","ZIGMM",1,4
"fixed",NA,"ResponseResponder:Days",2.79501835428444e-05,3.48853155720772e-05,44,0.801201969496192,0.427320281273463,"f__FGB9536","ZIGMM",1,2
"fixed",NA,"ResponseResponder:Days",-6.94954207252989e-05,4.88811218098439e-05,44,-1.42172311420446,0.162156543846209,"f__FGB78183","ZIGMM",1,2
"fixed",NA,"ResponseResponder:Days",-2.66372769998797e-07,7.98312890748946e-07,44,-0.333669633906194,0.740213877174498,"f__FGB2949","ZIGMM",1,2
"fixed",NA,"ResponseResponder:Days",6.75551140715165e-06,9.22390874645386e-06,44,0.732391396407604,0.467813321247926,"f__FGB7511","ZIGMM",1,2
"fixed",NA,"ResponseResponder:Days",0.0286092640311557,0.00590242913599568,44,4.84703219165877,1.59530225229961e-05,"g__GGB9347","ZIGMM",0.0400261335101972,2
"fixed",NA,"ResponseResponder:Days",-0.00146619066018498,0.000800972462646631,44,-1.83051319310065,0.0739515534376047,"g__GGB9345","ZIGMM",1,7
"fixed",NA,"ResponseResponder:Days",0.000471574258722734,0.000469701705086075,44,1.00398668690444,0.320874675900238,"g__Butyrivibrio","ZIGMM",1,2
"fixed",NA,"ResponseResponder:Days",-0.000527725024479579,0.00062167215659388,44,-0.848879942397558,0.400543013508368,"g__GGB9334","ZIGMM",1,2
"fixed",NA,"ResponseResponder:Days",-0.000175315795654732,0.000170293155230124,44,-1.02949408282336,0.308873742043622,"g__GGB9677","ZIGMM",1,3
"fixed",NA,"ResponseResponder:Days",0.000387795808420484,0.000430584293217257,44,0.900626926084403,0.372689956314773,"g__GGB9687","ZIGMM",1,2
"fixed",NA,"ResponseResponder:Days",-0.000256723858608968,0.000306995263955322,44,-0.836246967791431,0.40753461557389,"g__GGB3497","ZIGMM",1,5
"fixed",NA,"ResponseResponder:Days",-0.000262537893638739,0.000231593832376294,44,-1.13361349456046,0.263095705653399,"g__GGB9271","ZIGMM",1,2
"fixed",NA,"ResponseResponder:Days",-0.000510954718646468,0.000310936235369337,44,-1.64327814041855,0.107453525399157,"g__GGB9211","ZIGMM",1,6
"fixed",NA,"ResponseResponder:Days",1.32507520492573e-05,1.23823989586928e-05,44,1.07012801747556,0.290397087760348,"g__GGB1582","ZIGMM",1,2
"fixed",NA,"ResponseResponder:Days",-2.78912583710565e-05,2.46825772833097e-05,44,-1.12999781387969,0.264599682989991,"g__GGB1239","ZIGMM",1,2
"fixed",NA,"ResponseResponder:Days",-0.000106520154323146,0.000103071772883182,44,-1.03345611842606,0.30703754186194,"g__GGB1672","ZIGMM",1,2
"fixed",NA,"ResponseResponder:Days",-8.06989381319734e-05,7.79955954976461e-05,44,-1.03466019609285,0.306480998159806,"g__GGB12893","ZIGMM",1,2
"fixed",NA,"ResponseResponder:Days",2.08123810590916e-05,1.99687723677266e-05,44,1.04224639731626,0.302990442990189,"g__Methanomassiliicoccus","ZIGMM",1,2
"fixed",NA,"ResponseResponder:Days",0.000106017320938989,0.000122493758162792,44,0.865491617932844,0.391463688486012,"g__GGB9080","ZIGMM",1,2
"fixed",NA,"ResponseResponder:Days",-4.54718655677444e-05,6.35090830778517e-05,44,-0.71598995551555,0.477780438645863,"g__GGB12868","ZIGMM",1,1
"fixed",NA,"ResponseResponder:Days",-1.55764635310297e-05,1.3717575256272e-05,44,-1.13551143259868,0.262308687073314,"g__GGB1123","ZIGMM",1,2
"fixed",NA,"ResponseResponder:Days",1.56062365194722e-05,1.52006067961843e-05,44,1.02668510071518,0.310180101443028,"g__GGB1617","ZIGMM",1,2
"fixed",NA,"ResponseResponder:Days",1.33008644761593e-05,1.94203635398502e-05,44,0.684892661708736,0.497003923223156,"g__GGB2958","ZIGMM",1,4
"fixed",NA,"ResponseResponder:Days",3.91244671960139e-05,0.000222882181843944,44,0.175538784089111,0.861461663446707,"g__GGB9063","ZIGMM",1,14
"fixed",NA,"ResponseResponder:Days",0.000145016578572924,0.00031843013669534,44,0.455410973590322,0.651053071693713,"g__GGB6610","ZIGMM",1,5
"fixed",NA,"ResponseResponder:Days",-0.0005881910467374,0.000496987251524059,44,-1.18351334955506,0.242960709938304,"g__Cloacibacillus","ZIGMM",1,4
"fixed",NA,"ResponseResponder:Days",0.000147881655991929,0.000200154999835434,44,0.738835682913323,0.46392998201172,"g__GGB1246","ZIGMM",1,2
"fixed",NA,"ResponseResponder:Days",3.18454442442612e-06,3.01623411058656e-06,44,1.05580147550511,0.296821788143419,"g__GGB9790","ZIGMM",1,3
"fixed",NA,"ResponseResponder:Days",-7.85945493846414e-07,7.19905615429297e-07,44,-1.09173407874828,0.280892093758086,"g__GGB6512","ZIGMM",1,2
"fixed",NA,"ResponseResponder:Days",-0.000211435716094281,0.000118519960271484,44,-1.78396715295856,0.0813263696039675,"g__GGB9249","ZIGMM",1,4
"fixed",NA,"ResponseResponder:Days",1.53276295825863e-05,1.65136970401831e-05,44,0.928176745963627,0.358379874277364,"g__Sanguibacteroides","ZIGMM",1,3
"fixed",NA,"ResponseResponder:Days",-1.14316389332757e-06,1.04206568752908e-06,44,-1.09701711418809,0.278601578917542,"g__Methanosphaera","ZIGMM",1,2
"fixed",NA,"ResponseResponder:Days",-1.38719229599095e-05,1.75725691205234e-05,44,-0.789407790333185,0.434107163634201,"g__GGB34540","ZIGMM",1,4
"fixed",NA,"ResponseResponder:Days",2.79501835428444e-05,3.48853155720772e-05,44,0.801201969496192,0.427320281273463,"g__GGB28474","ZIGMM",1,2
"fixed",NA,"ResponseResponder:Days",-4.4266517144356e-07,4.04471631792564e-07,44,-1.09442822845629,0.279722369733089,"g__GGB31790","ZIGMM",1,2
"fixed",NA,"ResponseResponder:Days",-6.34651438523744e-06,8.86399548099646e-06,44,-0.715987998735304,0.477781634902848,"g__GGB9784","ZIGMM",1,1
"fixed",NA,"ResponseResponder:Days",1.70886747401239e-05,2.11174114686051e-05,44,0.80922203772604,0.422741918456759,"g__GGB9767","ZIGMM",1,2
"fixed",NA,"ResponseResponder:Days",-3.70019525469147e-06,5.16795818325005e-06,44,-0.715987847325126,0.477781727465936,"g__GGB6128","ZIGMM",1,1
"fixed",NA,"ResponseResponder:Days",-6.94954207252989e-05,4.88811218098439e-05,44,-1.42172311420446,0.162156543846209,"g__GGB9109","ZIGMM",1,2
"fixed",NA,"ResponseResponder:Days",-4.34236091546881e-06,4.28474125877849e-06,44,-1.01344763970806,0.316387121232207,"g__GGB6519","ZIGMM",1,2
"fixed",NA,"ResponseResponder:Days",-1.67586736412631e-05,2.20699355464371e-05,44,-0.759344022822424,0.451695948726473,"g__Cuneatibacter","ZIGMM",1,13
"fixed",NA,"ResponseResponder:Days",-2.66372769998797e-07,7.98312890748946e-07,44,-0.333669633906194,0.740213877174498,"g__GGB9290","ZIGMM",1,2
"fixed",NA,"ResponseResponder:Days",-1.41808522530344e-06,1.98059967082297e-06,44,-0.715987812274148,0.477781748893999,"g__GGB9582","ZIGMM",1,1
"fixed",NA,"ResponseResponder:Days",6.75551140715165e-06,9.22390874645386e-06,44,0.732391396407604,0.467813321247926,"g__GGB1158","ZIGMM",1,2
"fixed",NA,"ResponseResponder:Days",-0.00315011213550551,0.002169037326089,44,-1.45230886422111,0.153509991399881,"s__GGB3304_SGB4365","ZIGMM",1,2
"fixed",NA,"ResponseResponder:Days",0.0286092640311557,0.00590242913599568,44,4.84703219165877,1.59530225229961e-05,"s__GGB9347_SGB14313","ZIGMM",0.0400261335101972,2
"fixed",NA,"ResponseResponder:Days",-0.00146619066018498,0.000800972462646631,44,-1.83051319310065,0.0739515534376047,"s__GGB9345_SGB14311","ZIGMM",1,7
"fixed",NA,"ResponseResponder:Days",0.000471574258722734,0.000469701705086075,44,1.00398668690444,0.320874675900238,"s__Butyrivibrio_crossotus","ZIGMM",1,2
"fixed",NA,"ResponseResponder:Days",0.00109495543836376,0.00121022766634933,44,0.90475161724464,0.370524467493162,"s__Segatella_hominis","ZIGMM",1,2
"fixed",NA,"ResponseResponder:Days",7.29841946559885e-06,6.72663205185279e-06,44,1.08500352172356,0.283829308527901,"s__Holdemanella_biformis","ZIGMM",1,2
"fixed",NA,"ResponseResponder:Days",-0.000527725024479579,0.00062167215659388,44,-0.848879942397558,0.400543013508368,"s__GGB9334_SGB14297","ZIGMM",1,2
"fixed",NA,"ResponseResponder:Days",-0.000275872087810813,0.000237316177668988,44,-1.16246642146581,0.251312521799558,"s__Desulfovibrio_piger","ZIGMM",1,5
"fixed",NA,"ResponseResponder:Days",-0.000175315795654732,0.000170293155230124,44,-1.02949408282336,0.308873742043622,"s__GGB9677_SGB15179","ZIGMM",1,3
"fixed",NA,"ResponseResponder:Days",0.000387795808420484,0.000430584293217257,44,0.900626926084403,0.372689956314773,"s__GGB9687_SGB15191","ZIGMM",1,2
"fixed",NA,"ResponseResponder:Days",-0.000256723858608968,0.000306995263955322,44,-0.836246967791431,0.40753461557389,"s__GGB3497_SGB4672","ZIGMM",1,5
"fixed",NA,"ResponseResponder:Days",0.000247473650444018,0.000266070104511783,44,0.930106938914137,0.357390853800663,"s__Segatella_sinensis","ZIGMM",1,2
"fixed",NA,"ResponseResponder:Days",-0.000262537893638739,0.000231593832376294,44,-1.13361349456046,0.263095705653399,"s__GGB9271_SGB14222","ZIGMM",1,2
"fixed",NA,"ResponseResponder:Days",-0.000510954718646468,0.000310936235369337,44,-1.64327814041855,0.107453525399157,"s__GGB9211_SGB14151","ZIGMM",1,6
"fixed",NA,"ResponseResponder:Days",-0.000176649096411315,0.000188183788562166,44,-0.938705176258897,0.353006784787332,"s__GGB9602_SGB15028","ZIGMM",1,9
"fixed",NA,"ResponseResponder:Days",-0.000878349374411678,0.00058807075396507,44,-1.49361172697231,0.142414172473242,"s__GGB4571_SGB6321","ZIGMM",1,3
"fixed",NA,"ResponseResponder:Days",1.32507520492573e-05,1.23823989586928e-05,44,1.07012801747556,0.290397087760348,"s__GGB1582_SGB2173","ZIGMM",1,2
"fixed",NA,"ResponseResponder:Days",0.000295433241832392,0.000369757476000918,44,0.798991936627289,0.428587140836801,"s__Prevotella_dentalis","ZIGMM",1,2
"fixed",NA,"ResponseResponder:Days",-2.78912583710565e-05,2.46825772833097e-05,44,-1.12999781387969,0.264599682989991,"s__GGB1239_SGB1657","ZIGMM",1,2
"fixed",NA,"ResponseResponder:Days",0.000111368700580254,0.000116449410540286,44,0.956369809546829,0.344110833759305,"s__Parabacteroides_sp_AGMB00274","ZIGMM",1,2
"fixed",NA,"ResponseResponder:Days",-0.000106520154323146,0.000103071772883182,44,-1.03345611842606,0.30703754186194,"s__GGB1672_SGB2289","ZIGMM",1,2
"fixed",NA,"ResponseResponder:Days",-6.32683498170694e-05,5.33380815959149e-05,44,-1.18617595391573,0.241918685679159,"s__Segatella_brunsvicensis","ZIGMM",1,2
"fixed",NA,"ResponseResponder:Days",-8.06989381319734e-05,7.79955954976461e-05,44,-1.03466019609285,0.306480998159806,"s__GGB12893_SGB20033","ZIGMM",1,2
"fixed",NA,"ResponseResponder:Days",2.08123810590916e-05,1.99687723677266e-05,44,1.04224639731626,0.302990442990189,"s__Candidatus_Methanomassiliicoccus_intestinalis","ZIGMM",1,2
"fixed",NA,"ResponseResponder:Days",0.000106017320938989,0.000122493758162792,44,0.865491617932844,0.391463688486012,"s__GGB9080_SGB14004","ZIGMM",1,2
"fixed",NA,"ResponseResponder:Days",-4.54718655677444e-05,6.35090830778517e-05,44,-0.71598995551555,0.477780438645863,"s__GGB12868_SGB20003","ZIGMM",1,1
"fixed",NA,"ResponseResponder:Days",-1.55764635310297e-05,1.3717575256272e-05,44,-1.13551143259868,0.262308687073314,"s__GGB1123_SGB1437","ZIGMM",1,2
"fixed",NA,"ResponseResponder:Days",1.56062365194722e-05,1.52006067961843e-05,44,1.02668510071518,0.310180101443028,"s__GGB1617_SGB2214","ZIGMM",1,2
"fixed",NA,"ResponseResponder:Days",1.33008644761593e-05,1.94203635398502e-05,44,0.684892661708736,0.497003923223156,"s__GGB2958_SGB3940","ZIGMM",1,4
"fixed",NA,"ResponseResponder:Days",3.91244671960139e-05,0.000222882181843944,44,0.175538784089111,0.861461663446707,"s__GGB9063_SGB13982","ZIGMM",1,14
"fixed",NA,"ResponseResponder:Days",-8.78144468157676e-07,5.35179069742918e-05,44,-0.0164084232326109,0.986982739063659,"s__GGB9770_SGB73065","ZIGMM",1,5
"fixed",NA,"ResponseResponder:Days",0.000145016578572924,0.00031843013669534,44,0.455410973590322,0.651053071693713,"s__GGB6610_SGB9344","ZIGMM",1,5
"fixed",NA,"ResponseResponder:Days",-0.0005881910467374,0.000496987251524059,44,-1.18351334955506,0.242960709938304,"s__Cloacibacillus_evryensis","ZIGMM",1,4
"fixed",NA,"ResponseResponder:Days",0.000147881655991929,0.000200154999835434,44,0.738835682913323,0.46392998201172,"s__GGB1246_SGB1667","ZIGMM",1,2
"fixed",NA,"ResponseResponder:Days",3.18454442442612e-06,3.01623411058656e-06,44,1.05580147550511,0.296821788143419,"s__GGB9790_SGB15413","ZIGMM",1,3
"fixed",NA,"ResponseResponder:Days",-7.85945493846414e-07,7.19905615429297e-07,44,-1.09173407874828,0.280892093758086,"s__GGB6512_SGB9197","ZIGMM",1,2
"fixed",NA,"ResponseResponder:Days",-0.000211435716094281,0.000118519960271484,44,-1.78396715295856,0.0813263696039675,"s__GGB9249_SGB14193","ZIGMM",1,4
"fixed",NA,"ResponseResponder:Days",1.53276295825863e-05,1.65136970401831e-05,44,0.928176745963627,0.358379874277364,"s__Sanguibacteroides_justesenii","ZIGMM",1,3
"fixed",NA,"ResponseResponder:Days",-1.14316389332757e-06,1.04206568752908e-06,44,-1.09701711418809,0.278601578917542,"s__Methanosphaera_stadtmanae","ZIGMM",1,2
"fixed",NA,"ResponseResponder:Days",-1.38719229599095e-05,1.75725691205234e-05,44,-0.789407790333185,0.434107163634201,"s__GGB34540_SGB54300","ZIGMM",1,4
"fixed",NA,"ResponseResponder:Days",2.79501835428444e-05,3.48853155720772e-05,44,0.801201969496192,0.427320281273463,"s__GGB28474_SGB41058","ZIGMM",1,2
"fixed",NA,"ResponseResponder:Days",-4.4266517144356e-07,4.04471631792564e-07,44,-1.09442822845629,0.279722369733089,"s__GGB31790_SGB47293","ZIGMM",1,2
"fixed",NA,"ResponseResponder:Days",-6.34651438523744e-06,8.86399548099646e-06,44,-0.715987998735304,0.477781634902848,"s__GGB9784_SGB15407","ZIGMM",1,1
"fixed",NA,"ResponseResponder:Days",1.70886747401239e-05,2.11174114686051e-05,44,0.80922203772604,0.422741918456759,"s__GGB9767_SGB15385","ZIGMM",1,2
"fixed",NA,"ResponseResponder:Days",-4.66108392368218e-06,6.51000390277535e-06,44,-0.7159878846916,0.477781704622317,"s__Victivallis_sp_Marseille_Q1083","ZIGMM",1,1
"fixed",NA,"ResponseResponder:Days",-4.62621295837313e-06,6.46130063024689e-06,44,-0.715987882798198,0.477781705779829,"s__Senegalimassilia_SGB14826","ZIGMM",1,1
"fixed",NA,"ResponseResponder:Days",-3.70019525469147e-06,5.16795818325005e-06,44,-0.715987847325126,0.477781727465936,"s__GGB6128_SGB8774","ZIGMM",1,1
"fixed",NA,"ResponseResponder:Days",-6.94954207252989e-05,4.88811218098439e-05,44,-1.42172311420446,0.162156543846209,"s__GGB9109_SGB14042","ZIGMM",1,2
"fixed",NA,"ResponseResponder:Days",-4.34236091546881e-06,4.28474125877849e-06,44,-1.01344763970806,0.316387121232207,"s__GGB6519_SGB9208","ZIGMM",1,2
"fixed",NA,"ResponseResponder:Days",-1.77947915401842e-05,1.95861798306065e-05,44,-0.908538147514455,0.36854364513911,"s__Cuneatibacter_sp_NSJ_177","ZIGMM",1,9
"fixed",NA,"ResponseResponder:Days",-2.66372769998797e-07,7.98312890748946e-07,44,-0.333669633906194,0.740213877174498,"s__GGB9290_SGB14247","ZIGMM",1,2
"fixed",NA,"ResponseResponder:Days",-1.41808522530344e-06,1.98059967082297e-06,44,-0.715987812274148,0.477781748893999,"s__GGB9582_SGB15003","ZIGMM",1,1
"fixed",NA,"ResponseResponder:Days",6.75551140715165e-06,9.22390874645386e-06,44,0.732391396407604,0.467813321247926,"s__GGB1158_SGB1488","ZIGMM",1,2
"fixed",NA,"ResponseResponder:Days",-3.17548155723005e-05,0.000205410707358339,44,-0.154591822308972,0.877850070598429,"s__Clostridium_SGB4909","ZIGMM",1,3
"fixed",NA,"ResponseResponder:Days",1.90795929953995e-05,2.05739149155035e-05,44,0.927368129680658,0.358794733663674,"c__CFGB30328","ZIGMM",1,6
"fixed",NA,"ResponseResponder:Days",-8.90534023995289e-07,1.10337900715469e-06,44,-0.807097124578916,0.423952051009732,"c__Epsilonproteobacteria","ZIGMM",1,1
"fixed",NA,"ResponseResponder:Days",1.90795929953995e-05,2.05739149155035e-05,44,0.927368129680658,0.358794733663674,"o__OFGB30328","ZIGMM",1,6
"fixed",NA,"ResponseResponder:Days",-8.90534023995289e-07,1.10337900715469e-06,44,-0.807097124578916,0.423952051009732,"o__Campylobacterales","ZIGMM",1,1
"fixed",NA,"ResponseResponder:Days",1.90795929953995e-05,2.05739149155035e-05,44,0.927368129680658,0.358794733663674,"f__FGB30328","ZIGMM",1,6
"fixed",NA,"ResponseResponder:Days",-8.90534023995289e-07,1.10337900715469e-06,44,-0.807097124578916,0.423952051009732,"f__Campylobacteraceae","ZIGMM",1,1
"fixed",NA,"ResponseResponder:Days",1.90795929953995e-05,2.05739149155035e-05,44,0.927368129680658,0.358794733663674,"g__GGB52106","ZIGMM",1,6
"fixed",NA,"ResponseResponder:Days",-8.90534023995289e-07,1.10337900715469e-06,44,-0.807097124578916,0.423952051009732,"g__Campylobacter","ZIGMM",1,1
"fixed",NA,"ResponseResponder:Days",-8.58382401145483e-05,8.7460447298365e-05,44,-0.981452105106636,0.331735856898318,"s__GGB9524_SGB14923","ZIGMM",1,3
"fixed",NA,"ResponseResponder:Days",-4.98875271682477e-05,6.18109798757708e-05,44,-0.80709814451272,0.423951469657761,"s__Victivallis_vadensis","ZIGMM",1,1
"fixed",NA,"ResponseResponder:Days",5.37093615675188e-05,5.7699104372354e-05,44,0.930852604243422,0.357009255342244,"s__Clostridia_bacterium_UC5_1_1E11","ZIGMM",1,6
"fixed",NA,"ResponseResponder:Days",-5.31100392618896e-06,9.3324821336569e-05,44,-0.056908803575795,0.954875494179256,"s__Clostridium_transplantifaecale","ZIGMM",1,4
"fixed",NA,"ResponseResponder:Days",-0.000195589163960937,0.000297862662845471,44,-0.656642098383466,0.514830923663785,"s__Eisenbergiella_tayi","ZIGMM",1,10
"fixed",NA,"ResponseResponder:Days",-6.04421666764562e-05,8.12930692185458e-05,44,-0.743509468365197,0.461125203643609,"s__Clostridium_saccharogumia","ZIGMM",1,2
"fixed",NA,"ResponseResponder:Days",1.90795929953995e-05,2.05739149155035e-05,44,0.927368129680658,0.358794733663674,"s__GGB52106_SGB72838","ZIGMM",1,6
"fixed",NA,"ResponseResponder:Days",-8.90534023995289e-07,1.10337900715469e-06,44,-0.807097124578916,0.423952051009732,"s__Campylobacter_gracilis","ZIGMM",1,1
"fixed",NA,"ResponseResponder:Days",0.000979034446624145,0.000739605451270416,44,1.32372529832286,0.192430902055925,"c__CFGB2833","ZIGMM",1,1
"fixed",NA,"ResponseResponder:Days",-7.07638337538701e-06,0.000516220004894592,44,-0.0137080766113122,0.98912484879362,"c__CFGB72904","ZIGMM",1,4
"fixed",NA,"ResponseResponder:Days",0.000979034446624145,0.000739605451270416,44,1.32372529832286,0.192430902055925,"o__OFGB2833","ZIGMM",1,1
"fixed",NA,"ResponseResponder:Days",-7.07638337538701e-06,0.000516220004894592,44,-0.0137080766113122,0.98912484879362,"o__OFGB72904","ZIGMM",1,4
"fixed",NA,"ResponseResponder:Days",0.000979034446624145,0.000739605451270416,44,1.32372529832286,0.192430902055925,"f__FGB2833","ZIGMM",1,1
"fixed",NA,"ResponseResponder:Days",-7.07638337538701e-06,0.000516220004894592,44,-0.0137080766113122,0.98912484879362,"f__FGB72904","ZIGMM",1,4
"fixed",NA,"ResponseResponder:Days",0.000979034446624145,0.000739605451270416,44,1.32372529832286,0.192430902055925,"g__GGB74665","ZIGMM",1,1
"fixed",NA,"ResponseResponder:Days",3.77503695832002e-05,2.85323675773928e-05,44,1.32307175283663,0.192646348086299,"g__GGB9646","ZIGMM",1,1
"fixed",NA,"ResponseResponder:Days",-7.07638337538701e-06,0.000516220004894592,44,-0.0137080766113122,0.98912484879362,"g__GGB47150","ZIGMM",1,4
"fixed",NA,"ResponseResponder:Days",7.85673051838021e-05,5.25142101954955e-05,44,1.49611514466881,0.141762652119391,"g__GGB9237","ZIGMM",1,5
"fixed",NA,"ResponseResponder:Days",2.24836517117906e-07,2.35645712227303e-07,44,0.954129464070323,0.345230812597048,"g__Angelakisella","ZIGMM",1,3
"fixed",NA,"ResponseResponder:Days",0.000979034446624145,0.000739605451270416,44,1.32372529832286,0.192430902055925,"s__GGB74665_SGB13972","ZIGMM",1,1
"fixed",NA,"ResponseResponder:Days",5.61544418370605e-05,6.17652511678985e-05,44,0.909159127102293,0.368219447939481,"s__Clostridium_sp_AF12_28","ZIGMM",1,4
"fixed",NA,"ResponseResponder:Days",7.67736376688696e-05,5.50653347511106e-05,44,1.39422811131319,0.170249638603023,"s__Clostridiaceae_bacterium_Marseille_Q4145","ZIGMM",1,7
"fixed",NA,"ResponseResponder:Days",3.77503695832002e-05,2.85323675773928e-05,44,1.32307175283663,0.192646348086299,"s__GGB9646_SGB15123","ZIGMM",1,1
"fixed",NA,"ResponseResponder:Days",-7.07638337538701e-06,0.000516220004894592,44,-0.0137080766113122,0.98912484879362,"s__GGB47150_SGB65079","ZIGMM",1,4
"fixed",NA,"ResponseResponder:Days",7.85673051838021e-05,5.25142101954955e-05,44,1.49611514466881,0.141762652119391,"s__GGB9237_SGB14179","ZIGMM",1,5
"fixed",NA,"ResponseResponder:Days",1.16110862397619e-05,8.77586981705243e-06,44,1.32306956254073,0.192647070441471,"s__Enterobacter_ludwigii","ZIGMM",1,1
"fixed",NA,"ResponseResponder:Days",8.75302312600967e-06,6.68468028759226e-06,44,1.30941537207943,0.197190318750157,"s__Lachnoclostridium_sp_An131","ZIGMM",1,3
"fixed",NA,"ResponseResponder:Days",3.96920644869268e-06,2.99725981340323e-06,44,1.32427840621059,0.192248709179898,"s__Lachnoclostridium_sp_An138","ZIGMM",1,1
"fixed",NA,"ResponseResponder:Days",-2.61130033232204e-05,2.73361803004642e-05,44,-0.95525428337832,0.34466820011015,"s__Mediterraneibacter_butyricigenes","ZIGMM",1,8
"fixed",NA,"ResponseResponder:Days",2.24836517117906e-07,2.35645712227303e-07,44,0.954129464070323,0.345230812597048,"s__Angelakisella_massiliensis","ZIGMM",1,3
"fixed",NA,"ResponseResponder:Days",-0.000284396065882235,0.000790439797516568,44,-0.35979472032628,0.720721877499302,"g__GGB3637","ZIGMM",1,5
"fixed",NA,"ResponseResponder:Days",-0.000284396065882235,0.000790439797516568,44,-0.35979472032628,0.720721877499302,"s__GGB3637_SGB4930","ZIGMM",1,5
"fixed",NA,"ResponseResponder:Days",5.96401498749305e-07,1.36165173292664e-05,44,0.0437998560371558,0.965262114555056,"g__GGB79118","ZIGMM",1,5
"fixed",NA,"ResponseResponder:Days",-7.36186880471921e-06,1.50213064512277e-05,44,-0.490095107813844,0.626501579758807,"g__GGB9513","ZIGMM",1,2
"fixed",NA,"ResponseResponder:Days",1.88395831849763e-06,1.0678368175957e-05,44,0.176427548428183,0.8607676245533,"g__Pyramidobacter","ZIGMM",1,2
"fixed",NA,"ResponseResponder:Days",-0.000208970378511573,0.000169442428597034,44,-1.2332824797297,0.224018532994685,"s__Collinsella_intestinalis","ZIGMM",1,4
"fixed",NA,"ResponseResponder:Days",1.86840082967489e-05,8.85491495565968e-05,44,0.21100155552377,0.83386026840876,"s__Lachnospiraceae_unclassified_SGB4550","ZIGMM",1,3
"fixed",NA,"ResponseResponder:Days",-0.000376766667997707,0.000506303541836812,44,-0.744151752584706,0.460740530878198,"s__Blautia_argi","ZIGMM",1,4
"fixed",NA,"ResponseResponder:Days",-0.000115330839076525,0.000227456424616601,44,-0.507045862832525,0.614654546432611,"s__GGB74511_SGB47635","ZIGMM",1,12
"fixed",NA,"ResponseResponder:Days",5.96401498749305e-07,1.36165173292664e-05,44,0.0437998560371558,0.965262114555056,"s__GGB79118_SGB105839","ZIGMM",1,5
"fixed",NA,"ResponseResponder:Days",-7.36186880471921e-06,1.50213064512277e-05,44,-0.490095107813844,0.626501579758807,"s__GGB9513_SGB14911","ZIGMM",1,2
"fixed",NA,"ResponseResponder:Days",1.88395831849763e-06,1.0678368175957e-05,44,0.176427548428183,0.8607676245533,"s__Pyramidobacter_piscolens","ZIGMM",1,2
"fixed",NA,"ResponseResponder:Days",-0.000126936799348457,0.000162964812542938,44,-0.778921519116357,0.44019519516,"p__Candidatus_Saccharibacteria","ZIGMM",1,1
"fixed",NA,"ResponseResponder:Days",-1.15080078946975e-05,1.47745574764543e-05,44,-0.778907111975265,0.440203594244118,"c__CFGB8118","ZIGMM",1,1
"fixed",NA,"ResponseResponder:Days",-3.86536346734261e-05,4.962515865387e-05,44,-0.77891206238817,0.440200708238585,"c__CFGB28310","ZIGMM",1,1
"fixed",NA,"ResponseResponder:Days",-0.000100086386905525,0.000126220324977213,44,-0.792949843249044,0.432062171438519,"c__CFGB2838","ZIGMM",1,2
"fixed",NA,"ResponseResponder:Days",-0.000468004415820615,0.000600797258213557,44,-0.778972289607654,0.440165597705202,"c__CFGB9395","ZIGMM",1,1
"fixed",NA,"ResponseResponder:Days",-5.63358947771197e-05,7.23253322850491e-05,44,-0.778923414483438,0.440194090204791,"c__CFGB28682","ZIGMM",1,1
"fixed",NA,"ResponseResponder:Days",-0.000122131432515434,0.000156795961102315,44,-0.778919505686363,0.44019636894496,"c__CFGB77305","ZIGMM",1,1
"fixed",NA,"ResponseResponder:Days",-4.04931524055143e-05,5.19867538360026e-05,44,-0.778912884871674,0.440200228745945,"c__CFGB78137","ZIGMM",1,1
"fixed",NA,"ResponseResponder:Days",-2.63422469686657e-07,3.38166532959738e-07,44,-0.77897261855306,0.440165405945164,"c__CFGB9827","ZIGMM",1,1
"fixed",NA,"ResponseResponder:Days",-1.63210763461287e-05,2.09538087723529e-05,44,-0.778907382588278,0.440203436481098,"c__CFGB77359","ZIGMM",1,1
"fixed",NA,"ResponseResponder:Days",-6.242881537824e-05,8.0146931301075e-05,44,-0.77892957802369,0.440190497014636,"c__CFGB9633","ZIGMM",1,1
"fixed",NA,"ResponseResponder:Days",-2.33049336252586e-05,2.99200170238021e-05,44,-0.778907766219483,0.440203212830354,"c__CFGB50354","ZIGMM",1,1
"fixed",NA,"ResponseResponder:Days",-3.0118769535191e-06,3.86679936396964e-06,44,-0.778906964137679,0.440203680431059,"c__CFGB77250","ZIGMM",1,1
"fixed",NA,"ResponseResponder:Days",-9.4604390814804e-06,1.21457869975807e-05,44,-0.778907046810947,0.440203632233868,"c__CFGB10290","ZIGMM",1,1
"fixed",NA,"ResponseResponder:Days",-0.000108043049448643,0.00013870979421372,44,-0.778914351802537,0.440199373553205,"c__CFGB37573","ZIGMM",1,1
"fixed",NA,"ResponseResponder:Days",-8.11299856576624e-05,0.00010415847544612,44,-0.778909112390283,0.440202428035235,"c__CFGB9388","ZIGMM",1,1
"fixed",NA,"ResponseResponder:Days",-0.000126936799348457,0.000162964812542938,44,-0.778921519116357,0.44019519516,"c__CFGB9318","ZIGMM",1,1
"fixed",NA,"ResponseResponder:Days",-7.98636013179891e-06,1.02532908330148e-05,44,-0.778907012574287,0.440203652193292,"c__CFGB9375","ZIGMM",1,1
"fixed",NA,"ResponseResponder:Days",-9.8512612476005e-06,1.26475439587383e-05,44,-0.778907057349594,0.440203626090007,"c__CFGB10197","ZIGMM",1,1
"fixed",NA,"ResponseResponder:Days",-9.85550931468457e-06,1.26529978388982e-05,44,-0.77890705745531,0.440203626028375,"c__CFGB9656","ZIGMM",1,1
"fixed",NA,"ResponseResponder:Days",-1.7310870825901e-05,2.2224565510624e-05,44,-0.778907052991694,0.440203628630592,"c__CFGB40333","ZIGMM",1,1
"fixed",NA,"ResponseResponder:Days",-1.15080078946975e-05,1.47745574764543e-05,44,-0.778907111975265,0.440203594244118,"o__OFGB8118","ZIGMM",1,1
"fixed",NA,"ResponseResponder:Days",-3.86536346734261e-05,4.962515865387e-05,44,-0.77891206238817,0.440200708238585,"o__OFGB28310","ZIGMM",1,1
"fixed",NA,"ResponseResponder:Days",-0.000100086386905525,0.000126220324977213,44,-0.792949843249044,0.432062171438519,"o__OFGB2838","ZIGMM",1,2
"fixed",NA,"ResponseResponder:Days",-0.000468004415820615,0.000600797258213557,44,-0.778972289607654,0.440165597705202,"o__OFGB9395","ZIGMM",1,1
"fixed",NA,"ResponseResponder:Days",-5.63358947771197e-05,7.23253322850491e-05,44,-0.778923414483438,0.440194090204791,"o__OFGB28682","ZIGMM",1,1
"fixed",NA,"ResponseResponder:Days",-0.000122131432515434,0.000156795961102315,44,-0.778919505686363,0.44019636894496,"o__OFGB77305","ZIGMM",1,1
"fixed",NA,"ResponseResponder:Days",-4.04931524055143e-05,5.19867538360026e-05,44,-0.778912884871674,0.440200228745945,"o__OFGB78137","ZIGMM",1,1
"fixed",NA,"ResponseResponder:Days",-2.63422469686657e-07,3.38166532959738e-07,44,-0.77897261855306,0.440165405945164,"o__OFGB9827","ZIGMM",1,1
"fixed",NA,"ResponseResponder:Days",-1.63210763461287e-05,2.09538087723529e-05,44,-0.778907382588278,0.440203436481098,"o__OFGB77359","ZIGMM",1,1
"fixed",NA,"ResponseResponder:Days",-6.242881537824e-05,8.0146931301075e-05,44,-0.77892957802369,0.440190497014636,"o__OFGB9633","ZIGMM",1,1
"fixed",NA,"ResponseResponder:Days",-2.33049336252586e-05,2.99200170238021e-05,44,-0.778907766219483,0.440203212830354,"o__OFGB50354","ZIGMM",1,1
"fixed",NA,"ResponseResponder:Days",-3.0118769535191e-06,3.86679936396964e-06,44,-0.778906964137679,0.440203680431059,"o__OFGB77250","ZIGMM",1,1
"fixed",NA,"ResponseResponder:Days",-9.4604390814804e-06,1.21457869975807e-05,44,-0.778907046810947,0.440203632233868,"o__OFGB10290","ZIGMM",1,1
"fixed",NA,"ResponseResponder:Days",-0.000108043049448643,0.00013870979421372,44,-0.778914351802537,0.440199373553205,"o__OFGB37573","ZIGMM",1,1
"fixed",NA,"ResponseResponder:Days",-8.11299856576624e-05,0.00010415847544612,44,-0.778909112390283,0.440202428035235,"o__OFGB9388","ZIGMM",1,1
"fixed",NA,"ResponseResponder:Days",-0.000126936799348457,0.000162964812542938,44,-0.778921519116357,0.44019519516,"o__OFGB9318","ZIGMM",1,1
"fixed",NA,"ResponseResponder:Days",-7.98636013179891e-06,1.02532908330148e-05,44,-0.778907012574287,0.440203652193292,"o__OFGB9375","ZIGMM",1,1
"fixed",NA,"ResponseResponder:Days",-9.8512612476005e-06,1.26475439587383e-05,44,-0.778907057349594,0.440203626090007,"o__OFGB10197","ZIGMM",1,1
"fixed",NA,"ResponseResponder:Days",-9.85550931468457e-06,1.26529978388982e-05,44,-0.77890705745531,0.440203626028375,"o__OFGB9656","ZIGMM",1,1
"fixed",NA,"ResponseResponder:Days",-1.7310870825901e-05,2.2224565510624e-05,44,-0.778907052991694,0.440203628630592,"o__OFGB40333","ZIGMM",1,1
"fixed",NA,"ResponseResponder:Days",-0.000326556294261552,0.00139105876877868,44,-0.234753772874932,0.8154889055807,"f__Bacteroidales_unclassified","ZIGMM",1,5
"fixed",NA,"ResponseResponder:Days",-1.15080078946975e-05,1.47745574764543e-05,44,-0.778907111975265,0.440203594244118,"f__FGB8118","ZIGMM",1,1
"fixed",NA,"ResponseResponder:Days",-3.86536346734261e-05,4.962515865387e-05,44,-0.77891206238817,0.440200708238585,"f__FGB28310","ZIGMM",1,1
"fixed",NA,"ResponseResponder:Days",-0.000100086386905525,0.000126220324977213,44,-0.792949843249044,0.432062171438519,"f__FGB2838","ZIGMM",1,2
"fixed",NA,"ResponseResponder:Days",-0.000468004415820615,0.000600797258213557,44,-0.778972289607654,0.440165597705202,"f__FGB9395","ZIGMM",1,1
"fixed",NA,"ResponseResponder:Days",-5.63358947771197e-05,7.23253322850491e-05,44,-0.778923414483438,0.440194090204791,"f__FGB28682","ZIGMM",1,1
"fixed",NA,"ResponseResponder:Days",-0.000122131432515434,0.000156795961102315,44,-0.778919505686363,0.44019636894496,"f__FGB77305","ZIGMM",1,1
"fixed",NA,"ResponseResponder:Days",-4.04931524055143e-05,5.19867538360026e-05,44,-0.778912884871674,0.440200228745945,"f__FGB78137","ZIGMM",1,1
"fixed",NA,"ResponseResponder:Days",-2.63422469686657e-07,3.38166532959738e-07,44,-0.77897261855306,0.440165405945164,"f__FGB9827","ZIGMM",1,1
"fixed",NA,"ResponseResponder:Days",-1.63210763461287e-05,2.09538087723529e-05,44,-0.778907382588278,0.440203436481098,"f__FGB77359","ZIGMM",1,1
"fixed",NA,"ResponseResponder:Days",-6.242881537824e-05,8.0146931301075e-05,44,-0.77892957802369,0.440190497014636,"f__FGB9633","ZIGMM",1,1
"fixed",NA,"ResponseResponder:Days",-0.000273458995057252,0.000351056161464548,44,-0.778960819022308,0.440172284559718,"f__Burkholderiaceae","ZIGMM",1,1
"fixed",NA,"ResponseResponder:Days",-2.33049336252586e-05,2.99200170238021e-05,44,-0.778907766219483,0.440203212830354,"f__FGB50354","ZIGMM",1,1
"fixed",NA,"ResponseResponder:Days",-3.0118769535191e-06,3.86679936396964e-06,44,-0.778906964137679,0.440203680431059,"f__FGB77250","ZIGMM",1,1
"fixed",NA,"ResponseResponder:Days",-9.4604390814804e-06,1.21457869975807e-05,44,-0.778907046810947,0.440203632233868,"f__FGB10290","ZIGMM",1,1
"fixed",NA,"ResponseResponder:Days",-0.000108043049448643,0.00013870979421372,44,-0.778914351802537,0.440199373553205,"f__FGB37573","ZIGMM",1,1
"fixed",NA,"ResponseResponder:Days",-8.11299856576624e-05,0.00010415847544612,44,-0.778909112390283,0.440202428035235,"f__FGB9388","ZIGMM",1,1
"fixed",NA,"ResponseResponder:Days",-0.000126936799348457,0.000162964812542938,44,-0.778921519116357,0.44019519516,"f__FGB9318","ZIGMM",1,1
"fixed",NA,"ResponseResponder:Days",-7.98636013179891e-06,1.02532908330148e-05,44,-0.778907012574287,0.440203652193292,"f__FGB9375","ZIGMM",1,1
"fixed",NA,"ResponseResponder:Days",-9.8512612476005e-06,1.26475439587383e-05,44,-0.778907057349594,0.440203626090007,"f__FGB10197","ZIGMM",1,1
"fixed",NA,"ResponseResponder:Days",-9.85550931468457e-06,1.26529978388982e-05,44,-0.77890705745531,0.440203626028375,"f__FGB9656","ZIGMM",1,1
"fixed",NA,"ResponseResponder:Days",-1.77853369572123e-05,2.40485446836461e-05,44,-0.739559802523393,0.463494789394692,"f__Atopobiaceae","ZIGMM",1,4
"fixed",NA,"ResponseResponder:Days",-1.7310870825901e-05,2.2224565510624e-05,44,-0.778907052991694,0.440203628630592,"f__FGB40333","ZIGMM",1,1
"fixed",NA,"ResponseResponder:Days",-0.0250502322620521,0.0125788835496569,44,-1.9914511620338,0.0526618053272559,"g__GGB24148","ZIGMM",1,1
"fixed",NA,"ResponseResponder:Days",-0.000326556294261552,0.00139105876877868,44,-0.234753772874932,0.8154889055807,"g__Bacteroidales_unclassified","ZIGMM",1,5
"fixed",NA,"ResponseResponder:Days",-0.0222666908335208,0.0105431655283508,44,-2.11195496965737,0.0404032865598642,"g__GGB27851","ZIGMM",1,1
"fixed",NA,"ResponseResponder:Days",-0.00166533891351742,0.00280091544294293,44,-0.594569506806549,0.555176533442486,"g__Paramuribaculum","ZIGMM",1,1
"fixed",NA,"ResponseResponder:Days",-0.000882054707873384,0.00178235479774621,44,-0.494881663846472,0.623145915443912,"g__Duncaniella","ZIGMM",1,1
"fixed",NA,"ResponseResponder:Days",-0.00142736415532394,0.00255773617494777,44,-0.558057617241577,0.579633708167876,"g__Muribaculaceae_unclassified","ZIGMM",1,1
"fixed",NA,"ResponseResponder:Days",-0.000764886865243511,0.0015683013146153,44,-0.487716778730836,0.628171916713108,"g__GGB27876","ZIGMM",1,1
"fixed",NA,"ResponseResponder:Days",-0.000448666059414522,0.000965639679916425,44,-0.46463092677939,0.644486844097487,"g__GGB1503","ZIGMM",1,1
"fixed",NA,"ResponseResponder:Days",-0.000412518573458386,0.00089142897888816,44,-0.46276100870414,0.645816259477835,"g__GGB24132","ZIGMM",1,1
"fixed",NA,"ResponseResponder:Days",-0.000795777404666858,0.00161768389292715,44,-0.491923921692095,0.625218521477142,"g__GGB14001","ZIGMM",1,1
"fixed",NA,"ResponseResponder:Days",-0.00121201774637151,0.00228647880150722,44,-0.530080465024455,0.598721144827379,"g__Heminiphilus","ZIGMM",1,1
"fixed",NA,"ResponseResponder:Days",-0.000375628056787268,0.000482212580244277,44,-0.778967766865362,0.4401682342609,"g__Faecalibaculum","ZIGMM",1,1
"fixed",NA,"ResponseResponder:Days",-5.72451357235195e-05,7.34925583344328e-05,44,-0.77892424785407,0.440193604369492,"g__GGB25041","ZIGMM",1,1
"fixed",NA,"ResponseResponder:Days",-3.86536346734261e-05,4.962515865387e-05,44,-0.77891206238817,0.440200708238585,"g__GGB28310","ZIGMM",1,1
"fixed",NA,"ResponseResponder:Days",-3.92271547770543e-05,5.03614517837971e-05,44,-0.778912310658901,0.440200563501318,"g__GGB28835","ZIGMM",1,1
"fixed",NA,"ResponseResponder:Days",-4.46693099439988e-05,5.73481023482762e-05,44,-0.778915223257453,0.440198865512062,"g__GGB42333","ZIGMM",1,1
"fixed",NA,"ResponseResponder:Days",-0.000468004415820615,0.000600797258213557,44,-0.778972289607654,0.440165597705202,"g__GGB27929","ZIGMM",1,1
"fixed",NA,"ResponseResponder:Days",-4.00810653065616e-05,5.14577120684452e-05,44,-0.778912697347461,0.440200338069059,"g__GGB3793","ZIGMM",1,1
"fixed",NA,"ResponseResponder:Days",-6.21993681100184e-05,7.98523898677527e-05,44,-0.778929324632985,0.440190644734751,"g__GGB27778","ZIGMM",1,1
"fixed",NA,"ResponseResponder:Days",-1.70103721363011e-06,2.18263535826678e-06,44,-0.779350159057667,0.439945349879988,"g__GGB24130","ZIGMM",1,1
"fixed",NA,"ResponseResponder:Days",-5.63358947771197e-05,7.23253322850491e-05,44,-0.778923414483438,0.440194090204791,"g__GGB28682","ZIGMM",1,1
"fixed",NA,"ResponseResponder:Days",-0.000241460286422718,0.000309987442914632,44,-0.778935701886524,0.440186926972659,"g__GGB27849","ZIGMM",1,1
"fixed",NA,"ResponseResponder:Days",-4.50176806069139e-05,5.77953385053235e-05,44,-0.778915424169846,0.440198748384122,"g__GGB28415","ZIGMM",1,1
"fixed",NA,"ResponseResponder:Days",-0.000122131432515434,0.000156795961102315,44,-0.778919505686363,0.44019636894496,"g__GGB28828","ZIGMM",1,1
"fixed",NA,"ResponseResponder:Days",-1.9095066729951e-05,2.45152004976668e-05,44,-0.778907222552326,0.440203529779472,"g__GGB28761","ZIGMM",1,1
"fixed",NA,"ResponseResponder:Days",-2.6609973899686e-05,3.4163163982779e-05,44,-0.778908356178588,0.440202868893936,"g__GGB30454","ZIGMM",1,1
"fixed",NA,"ResponseResponder:Days",-4.80031174789195e-06,6.1628819778451e-06,44,-0.778906973255136,0.440203675115728,"g__GGB30450","ZIGMM",1,1
"fixed",NA,"ResponseResponder:Days",-1.17076671700144e-05,1.50308899140563e-05,44,-0.778907119735195,0.440203589720203,"g__GGB70448","ZIGMM",1,1
"fixed",NA,"ResponseResponder:Days",-5.93313218026419e-05,7.61706508938615e-05,44,-0.778926280744481,0.440192419243966,"g__GGB28893","ZIGMM",1,1
"fixed",NA,"ResponseResponder:Days",-1.18648457591183e-05,1.52326835418448e-05,44,-0.778907126017889,0.440203586057494,"g__GGB28787","ZIGMM",1,1
"fixed",NA,"ResponseResponder:Days",-4.919257535816e-06,6.31559056384503e-06,44,-0.778906974112185,0.440203674616082,"g__GGB74395","ZIGMM",1,1
"fixed",NA,"ResponseResponder:Days",-2.89931845794024e-05,3.72228192510102e-05,44,-0.7789088833892,0.440202561538988,"g__GGB27885","ZIGMM",1,1
"fixed",NA,"ResponseResponder:Days",-1.7731431024894e-05,2.27645007377416e-05,44,-0.778907089998104,0.440203607056449,"g__GGB29551","ZIGMM",1,1
"fixed",NA,"ResponseResponder:Days",-0.00026469724548985,0.000339811702170431,44,-0.778952707629509,0.440177013186832,"g__GGB24127","ZIGMM",1,1
"fixed",NA,"ResponseResponder:Days",-8.3856782988118e-06,1.0765955472535e-05,44,-0.778907020394475,0.440203647634248,"g__GGB28864","ZIGMM",1,1
"fixed",NA,"ResponseResponder:Days",-1.63210763461287e-05,2.09538087723529e-05,44,-0.778907382588278,0.440203436481098,"g__GGB28927","ZIGMM",1,1
"fixed",NA,"ResponseResponder:Days",0.000230955470234654,0.000287924600062203,44,0.802138720292599,0.426783988204416,"g__Lactobacillus","ZIGMM",1,11
"fixed",NA,"ResponseResponder:Days",-3.58965088534634e-05,4.60855090441131e-05,44,-0.778910976530674,0.440201341273858,"g__GGB28895","ZIGMM",1,1
"fixed",NA,"ResponseResponder:Days",-0.000116612369431475,0.000149710875776019,44,-0.778917154996393,0.440197739347345,"g__GGB24146","ZIGMM",1,1
"fixed",NA,"ResponseResponder:Days",-0.000273458995057252,0.000351056161464548,44,-0.778960819022308,0.440172284559718,"g__Burkholderiaceae_unclassified","ZIGMM",1,1
"fixed",NA,"ResponseResponder:Days",-6.242881537824e-05,8.0146931301075e-05,44,-0.77892957802369,0.440190497014636,"g__GGB28885","ZIGMM",1,1
"fixed",NA,"ResponseResponder:Days",-0.000385968029412868,0.000836572476329983,44,-0.461368309780042,0.646807157919132,"g__GGB29472","ZIGMM",1,1
"fixed",NA,"ResponseResponder:Days",-3.85389308204557e-05,4.94779001309285e-05,44,-0.778912013615653,0.440200736672069,"g__GGB27892","ZIGMM",1,1
"fixed",NA,"ResponseResponder:Days",-4.07480524228168e-05,5.23139963861913e-05,44,-0.778913010621621,0.440200155436083,"g__GGB27914","ZIGMM",1,1
"fixed",NA,"ResponseResponder:Days",-5.98127354898973e-06,7.67906011173272e-06,44,-0.778906983662107,0.44020366904863,"g__GGB28926","ZIGMM",1,1
"fixed",NA,"ResponseResponder:Days",-2.66184701739322e-05,3.41740718314746e-05,44,-0.77890835792697,0.440202867874658,"g__GGB1690","ZIGMM",1,1
"fixed",NA,"ResponseResponder:Days",-2.63422469686657e-07,3.38166532959738e-07,44,-0.77897261855306,0.440165405945164,"g__GGB29531","ZIGMM",1,1
"fixed",NA,"ResponseResponder:Days",-3.0118769535191e-06,3.86679936396964e-06,44,-0.778906964137679,0.440203680431059,"g__GGB30408","ZIGMM",1,1
"fixed",NA,"ResponseResponder:Days",-3.26296255560659e-05,4.18914006248895e-05,44,-0.778909873370985,0.440201984396549,"g__GGB14013","ZIGMM",1,1
"fixed",NA,"ResponseResponder:Days",-8.15165715136716e-05,0.000104654785902144,44,-0.778909161305748,0.440202399518351,"g__GGB27893","ZIGMM",1,1
"fixed",NA,"ResponseResponder:Days",-5.736906523294e-07,7.36397264373285e-07,44,-0.779050493645767,0.440120009744013,"g__GGB30471","ZIGMM",1,1
"fixed",NA,"ResponseResponder:Days",-9.4604390814804e-06,1.21457869975807e-05,44,-0.778907046810947,0.440203632233868,"g__GGB31438","ZIGMM",1,1
"fixed",NA,"ResponseResponder:Days",-0.000108043049448643,0.00013870979421372,44,-0.778914351802537,0.440199373553205,"g__GGB27861","ZIGMM",1,1
"fixed",NA,"ResponseResponder:Days",-8.37297397238697e-07,1.07467753649831e-06,44,-0.779115007806823,0.440082404216152,"g__GGB30290","ZIGMM",1,1
"fixed",NA,"ResponseResponder:Days",-9.43070261396528e-06,1.21076098384929e-05,44,-0.778907046044947,0.440203632680434,"g__GGB30473","ZIGMM",1,1
"fixed",NA,"ResponseResponder:Days",-6.62273127418591e-06,8.50259575130734e-06,44,-0.778906991217078,0.440203664644203,"g__GGB27697","ZIGMM",1,1
"fixed",NA,"ResponseResponder:Days",-1.28886308772847e-05,1.65470692190876e-05,44,-0.778907171211759,0.440203559710195,"g__GGB29685","ZIGMM",1,1
"fixed",NA,"ResponseResponder:Days",-1.03525332183996e-05,1.32911018383631e-05,44,-0.778907072137414,0.440203617468945,"g__GGB28248","ZIGMM",1,1
"fixed",NA,"ResponseResponder:Days",-2.27611755213297e-05,2.92219167939927e-05,44,-0.778907683633155,0.440203260976832,"g__GGB29549","ZIGMM",1,1
"fixed",NA,"ResponseResponder:Days",-1.66864113497245e-05,2.14228432164941e-05,44,-0.778907411173,0.440203419816668,"g__GGB23844","ZIGMM",1,1
"fixed",NA,"ResponseResponder:Days",-4.47032818371608e-05,5.73917359684052e-05,44,-0.778914961934074,0.440199017858435,"g__GGB27792","ZIGMM",1,1
"fixed",NA,"ResponseResponder:Days",-8.11299856576624e-05,0.00010415847544612,44,-0.778909112390283,0.440202428035235,"g__GGB27866","ZIGMM",1,1
"fixed",NA,"ResponseResponder:Days",-8.71539336065633e-05,0.000111892210960225,44,-0.778909745894151,0.440202058713337,"g__GGB73359","ZIGMM",1,1
"fixed",NA,"ResponseResponder:Days",-7.98636013179891e-06,1.02532908330148e-05,44,-0.778907012574287,0.440203652193292,"g__GGB27770","ZIGMM",1,1
"fixed",NA,"ResponseResponder:Days",-2.42175524519793e-07,3.10893104988911e-07,44,-0.778967177571951,0.440168577793191,"g__GGB31701","ZIGMM",1,1
"fixed",NA,"ResponseResponder:Days",-9.8512612476005e-06,1.26475439587383e-05,44,-0.778907057349594,0.440203626090007,"g__GGB31108","ZIGMM",1,1
"fixed",NA,"ResponseResponder:Days",-1.15080078946975e-05,1.47745574764543e-05,44,-0.778907111975265,0.440203594244118,"g__GGB29006","ZIGMM",1,1
"fixed",NA,"ResponseResponder:Days",-4.87393267167638e-05,6.25731585293158e-05,44,-0.778917476155998,0.440197552117959,"g__GGB3171","ZIGMM",1,1
"fixed",NA,"ResponseResponder:Days",-2.17820149208103e-06,2.79414928379942e-06,44,-0.779558023155856,0.439824220542924,"g__GGB28405","ZIGMM",1,1
"fixed",NA,"ResponseResponder:Days",-2.90142730274627e-06,3.72499853982284e-06,44,-0.77890696378213,0.440203680638338,"g__GGB28793","ZIGMM",1,1
"fixed",NA,"ResponseResponder:Days",-1.2497808288772e-05,1.60453119978259e-05,44,-0.77890715309652,0.440203570271087,"g__GGB24134","ZIGMM",1,1
"fixed",NA,"ResponseResponder:Days",-6.06623483444694e-06,7.78813767829189e-06,44,-0.778906984574186,0.440203668516903,"g__GGB30461","ZIGMM",1,1
"fixed",NA,"ResponseResponder:Days",-6.4230722421029e-06,8.24626346304375e-06,44,-0.778906988709296,0.4402036661062,"g__GGB28399","ZIGMM",1,1
"fixed",NA,"ResponseResponder:Days",-1.29668972919746e-06,1.66406442543998e-06,44,-0.779230484934273,0.440015096959931,"g__GGB31823","ZIGMM",1,1
"fixed",NA,"ResponseResponder:Days",-9.85550931468457e-06,1.26529978388982e-05,44,-0.77890705745531,0.440203626028375,"g__GGB28996","ZIGMM",1,1
"fixed",NA,"ResponseResponder:Days",-3.17755143044602e-06,4.07950060054763e-06,44,-0.778906964744526,0.440203680077277,"g__Granulimonas","ZIGMM",1,1
"fixed",NA,"ResponseResponder:Days",-1.95234314019574e-06,2.50475220686536e-06,44,-0.779455602372362,0.439883902072388,"g__GGB30456","ZIGMM",1,1
"fixed",NA,"ResponseResponder:Days",-7.94774257683324e-07,1.02011268063158e-06,44,-0.77910438010756,0.440088599007668,"g__GGB33406","ZIGMM",1,1
"fixed",NA,"ResponseResponder:Days",-1.7310870825901e-05,2.2224565510624e-05,44,-0.778907052991694,0.440203628630592,"g__GGB42696","ZIGMM",1,1
"fixed",NA,"ResponseResponder:Days",-5.02121106926488e-06,6.44648363802488e-06,44,-0.778906974904433,0.440203674154214,"g__GGB28904","ZIGMM",1,1
"fixed",NA,"ResponseResponder:Days",-2.89209661720022e-05,3.7130102294007e-05,44,-0.778908874071972,0.440202566970775,"g__GGB75725","ZIGMM",1,1
"fixed",NA,"ResponseResponder:Days",-0.0250502322620521,0.0125788835496569,44,-1.9914511620338,0.0526618053272559,"s__GGB24148_SGB35952","ZIGMM",1,1
"fixed",NA,"ResponseResponder:Days",-0.000326556294261552,0.00139105876877868,44,-0.234753772874932,0.8154889055807,"s__Bacteroidales_bacterium","ZIGMM",1,5
"fixed",NA,"ResponseResponder:Days",-0.0222666908335208,0.0105431655283508,44,-2.11195496965737,0.0404032865598642,"s__GGB27851_SGB40285","ZIGMM",1,1
"fixed",NA,"ResponseResponder:Days",-0.00166533891351742,0.00280091544294293,44,-0.594569506806549,0.555176533442486,"s__Paramuribaculum_intestinale","ZIGMM",1,1
"fixed",NA,"ResponseResponder:Days",-0.000764886865243511,0.0015683013146153,44,-0.487716778730836,0.628171916713108,"s__GGB27876_SGB40310","ZIGMM",1,1
"fixed",NA,"ResponseResponder:Days",-0.00117327509407991,0.00223858345583776,44,-0.524114966998554,0.602828964060494,"s__Muribaculaceae_bacterium","ZIGMM",1,1
"fixed",NA,"ResponseResponder:Days",-0.000742898251025431,0.000953358539156069,44,-0.779243296738138,0.440007629819852,"s__Duncaniella_muris","ZIGMM",1,1
"fixed",NA,"ResponseResponder:Days",-0.000448666059414522,0.000965639679916425,44,-0.46463092677939,0.644486844097487,"s__GGB1503_SGB2082","ZIGMM",1,1
"fixed",NA,"ResponseResponder:Days",-0.000412518573458386,0.00089142897888816,44,-0.46276100870414,0.645816259477835,"s__GGB24132_SGB35935","ZIGMM",1,1
"fixed",NA,"ResponseResponder:Days",-0.000795777404666858,0.00161768389292715,44,-0.491923921692095,0.625218521477142,"s__GGB14001_SGB21428","ZIGMM",1,1
"fixed",NA,"ResponseResponder:Days",-0.000322287608005108,0.000702786786856139,44,-0.458585184059643,0.648789278778131,"s__Muribaculum_intestinale","ZIGMM",1,1
"fixed",NA,"ResponseResponder:Days",-0.00121201774637151,0.00228647880150722,44,-0.530080465024455,0.598721144827379,"s__Heminiphilus_faecis","ZIGMM",1,1
"fixed",NA,"ResponseResponder:Days",-0.000375628056787268,0.000482212580244277,44,-0.778967766865362,0.4401682342609,"s__Faecalibaculum_rodentium","ZIGMM",1,1
"fixed",NA,"ResponseResponder:Days",-5.72451357235195e-05,7.34925583344328e-05,44,-0.77892424785407,0.440193604369492,"s__GGB25041_SGB36960","ZIGMM",1,1
"fixed",NA,"ResponseResponder:Days",-3.86536346734261e-05,4.962515865387e-05,44,-0.77891206238817,0.440200708238585,"s__GGB28310_SGB40880","ZIGMM",1,1
"fixed",NA,"ResponseResponder:Days",-0.000476175553106867,0.00102108293643687,44,-0.466343659378455,0.643270210385232,"s__Duncaniella_dubosii","ZIGMM",1,1
"fixed",NA,"ResponseResponder:Days",-0.000299189812793221,0.000655258357150757,44,-0.456598240263856,0.650205942074214,"s__Prevotella_sp_MGM1","ZIGMM",1,1
"fixed",NA,"ResponseResponder:Days",-3.92271547770543e-05,5.03614517837971e-05,44,-0.778912310658901,0.440200563501318,"s__GGB28835_SGB41494","ZIGMM",1,1
"fixed",NA,"ResponseResponder:Days",-4.46693099439988e-05,5.73481023482762e-05,44,-0.778915223257453,0.440198865512062,"s__GGB42333_SGB59501","ZIGMM",1,1
"fixed",NA,"ResponseResponder:Days",-1.4924391935701e-06,1.91514745257776e-06,44,-0.779281611742897,0.439985299025433,"s__Lachnospiraceae_unclassified_SGB41589","ZIGMM",1,1
"fixed",NA,"ResponseResponder:Days",-0.000468004415820615,0.000600797258213557,44,-0.778972289607654,0.440165597705202,"s__GGB27929_SGB40368","ZIGMM",1,1
"fixed",NA,"ResponseResponder:Days",-6.21993681100184e-05,7.98523898677527e-05,44,-0.778929324632985,0.440190644734751,"s__GGB27778_SGB40192","ZIGMM",1,1
"fixed",NA,"ResponseResponder:Days",-5.03113060443172e-05,6.45912028286512e-05,44,-0.778918859550952,0.440196745627946,"s__Lachnospiraceae_bacterium_A2","ZIGMM",1,1
"fixed",NA,"ResponseResponder:Days",-1.70103721363011e-06,2.18263535826678e-06,44,-0.779350159057667,0.439945349879988,"s__GGB24130_SGB35933","ZIGMM",1,1
"fixed",NA,"ResponseResponder:Days",-5.63358947771197e-05,7.23253322850491e-05,44,-0.778923414483438,0.440194090204791,"s__GGB28682_SGB41310","ZIGMM",1,1
"fixed",NA,"ResponseResponder:Days",-0.000241460286422718,0.000309987442914632,44,-0.778935701886524,0.440186926972659,"s__GGB27849_SGB40283","ZIGMM",1,1
"fixed",NA,"ResponseResponder:Days",-0.000133450424187152,0.000171326439789819,44,-0.778924866184506,0.44019324389773,"s__Bacteroides_muris","ZIGMM",1,1
"fixed",NA,"ResponseResponder:Days",-4.50176806069139e-05,5.77953385053235e-05,44,-0.778915424169846,0.440198748384122,"s__GGB28415_SGB40997","ZIGMM",1,1
"fixed",NA,"ResponseResponder:Days",-0.000122131432515434,0.000156795961102315,44,-0.778919505686363,0.44019636894496,"s__GGB28828_SGB41484","ZIGMM",1,1
"fixed",NA,"ResponseResponder:Days",-1.9095066729951e-05,2.45152004976668e-05,44,-0.778907222552326,0.440203529779472,"s__GGB28761_SGB41409","ZIGMM",1,1
"fixed",NA,"ResponseResponder:Days",-9.03138435663159e-06,1.15949451437087e-05,44,-0.778907036186535,0.440203638427731,"s__GGB30454_SGB43514","ZIGMM",1,1
"fixed",NA,"ResponseResponder:Days",-4.80031174789195e-06,6.1628819778451e-06,44,-0.778906973255136,0.440203675115728,"s__GGB30450_SGB43507","ZIGMM",1,1
"fixed",NA,"ResponseResponder:Days",-0.000235901543739095,0.000302852364742291,44,-0.778932480648888,0.440188804862608,"s__Muribaculaceae_bacterium_Isolate_013_NCI","ZIGMM",1,1
"fixed",NA,"ResponseResponder:Days",-1.17076671700144e-05,1.50308899140563e-05,44,-0.778907119735195,0.440203589720203,"s__GGB70448_SGB94871","ZIGMM",1,1
"fixed",NA,"ResponseResponder:Days",-5.93313218026419e-05,7.61706508938615e-05,44,-0.778926280744481,0.440192419243966,"s__GGB28893_SGB41574","ZIGMM",1,1
"fixed",NA,"ResponseResponder:Days",-1.18648457591183e-05,1.52326835418448e-05,44,-0.778907126017889,0.440203586057494,"s__GGB28787_SGB41440","ZIGMM",1,1
"fixed",NA,"ResponseResponder:Days",-0.000333040213878243,0.000725944460350077,44,-0.458768173143216,0.648658876082443,"s__Ligilactobacillus_murinus","ZIGMM",1,1
"fixed",NA,"ResponseResponder:Days",-2.89931845794024e-05,3.72228192510102e-05,44,-0.7789088833892,0.440202561538988,"s__GGB27885_SGB40319","ZIGMM",1,1
"fixed",NA,"ResponseResponder:Days",-1.7731431024894e-05,2.27645007377416e-05,44,-0.778907089998104,0.440203607056449,"s__GGB29551_SGB42345","ZIGMM",1,1
"fixed",NA,"ResponseResponder:Days",-4.919257535816e-06,6.31559056384503e-06,44,-0.778906974112185,0.440203674616082,"s__GGB74395_SGB43523","ZIGMM",1,1
"fixed",NA,"ResponseResponder:Days",-0.000306949885614291,0.000347818473567097,44,-0.882500237742771,0.382302441175759,"s__Limosilactobacillus_reuteri","ZIGMM",1,3
"fixed",NA,"ResponseResponder:Days",-9.53573525743122e-05,0.000122423904494577,44,-0.778911218099045,0.440201200443822,"s__bacterium_1xD42_87","ZIGMM",1,1
"fixed",NA,"ResponseResponder:Days",-0.00026469724548985,0.000339811702170431,44,-0.778952707629509,0.440177013186832,"s__GGB24127_SGB35930","ZIGMM",1,1
"fixed",NA,"ResponseResponder:Days",-0.000101666152415212,0.000130523179042607,44,-0.778912628093622,0.440200378442757,"s__Odoribacter_sp_Z80","ZIGMM",1,1
"fixed",NA,"ResponseResponder:Days",-8.3856782988118e-06,1.0765955472535e-05,44,-0.778907020394475,0.440203647634248,"s__GGB28864_SGB41534","ZIGMM",1,1
"fixed",NA,"ResponseResponder:Days",-1.63210763461287e-05,2.09538087723529e-05,44,-0.778907382588278,0.440203436481098,"s__GGB28927_SGB41625","ZIGMM",1,1
"fixed",NA,"ResponseResponder:Days",-0.000814190190412962,0.00104503936529922,44,-0.779100020007229,0.440091140486398,"s__Bifidobacterium_pseudolongum","ZIGMM",1,1
"fixed",NA,"ResponseResponder:Days",-3.58965088534634e-05,4.60855090441131e-05,44,-0.778910976530674,0.440201341273858,"s__GGB28895_SGB41576","ZIGMM",1,1
"fixed",NA,"ResponseResponder:Days",-0.000116612369431475,0.000149710875776019,44,-0.778917154996393,0.440197739347345,"s__GGB24146_SGB35950","ZIGMM",1,1
"fixed",NA,"ResponseResponder:Days",-6.49825146256992e-05,8.34250930359723e-05,44,-0.778932480155332,0.440188805150338,"s__Alistipes_sp_DSM_112343","ZIGMM",1,1
"fixed",NA,"ResponseResponder:Days",-4.00810653065616e-05,5.14577120684452e-05,44,-0.778912697347461,0.440200338069059,"s__GGB3793_SGB41498","ZIGMM",1,1
"fixed",NA,"ResponseResponder:Days",-0.000273458995057252,0.000351056161464548,44,-0.778960819022308,0.440172284559718,"s__Burkholderiaceae_bacterium","ZIGMM",1,1
"fixed",NA,"ResponseResponder:Days",-2.24383193528756e-05,2.88074199094679e-05,44,-0.77890763641422,0.440203288504701,"s__Lactobacillus_johnsonii","ZIGMM",1,1
"fixed",NA,"ResponseResponder:Days",-6.242881537824e-05,8.0146931301075e-05,44,-0.77892957802369,0.440190497014636,"s__GGB28885_SGB41566","ZIGMM",1,1
"fixed",NA,"ResponseResponder:Days",-0.000385968029412868,0.000836572476329983,44,-0.461368309780042,0.646807157919132,"s__GGB29472_SGB42251","ZIGMM",1,1
"fixed",NA,"ResponseResponder:Days",-3.85389308204557e-05,4.94779001309285e-05,44,-0.778912013615653,0.440200736672069,"s__GGB27892_SGB40326","ZIGMM",1,1
"fixed",NA,"ResponseResponder:Days",-4.07480524228168e-05,5.23139963861913e-05,44,-0.778913010621621,0.440200155436083,"s__GGB27914_SGB40352","ZIGMM",1,1
"fixed",NA,"ResponseResponder:Days",-5.98127354898973e-06,7.67906011173272e-06,44,-0.778906983662107,0.44020366904863,"s__GGB28926_SGB41623","ZIGMM",1,1
"fixed",NA,"ResponseResponder:Days",-2.66184701739322e-05,3.41740718314746e-05,44,-0.77890835792697,0.440202867874658,"s__GGB1690_SGB40190","ZIGMM",1,1
"fixed",NA,"ResponseResponder:Days",-2.63422469686657e-07,3.38166532959738e-07,44,-0.77897261855306,0.440165405945164,"s__GGB29531_SGB42317","ZIGMM",1,1
"fixed",NA,"ResponseResponder:Days",-3.0118769535191e-06,3.86679936396964e-06,44,-0.778906964137679,0.440203680431059,"s__GGB30408_SGB43438","ZIGMM",1,1
"fixed",NA,"ResponseResponder:Days",-3.26296255560659e-05,4.18914006248895e-05,44,-0.778909873370985,0.440201984396549,"s__GGB14013_SGB21440","ZIGMM",1,1
"fixed",NA,"ResponseResponder:Days",-8.15165715136716e-05,0.000104654785902144,44,-0.778909161305748,0.440202399518351,"s__GGB27893_SGB40327","ZIGMM",1,1
"fixed",NA,"ResponseResponder:Days",-5.736906523294e-07,7.36397264373285e-07,44,-0.779050493645767,0.440120009744013,"s__GGB30471_SGB43555","ZIGMM",1,1
"fixed",NA,"ResponseResponder:Days",-9.4604390814804e-06,1.21457869975807e-05,44,-0.778907046810947,0.440203632233868,"s__GGB31438_SGB44768","ZIGMM",1,1
"fixed",NA,"ResponseResponder:Days",-0.000108043049448643,0.00013870979421372,44,-0.778914351802537,0.440199373553205,"s__GGB27861_SGB40295","ZIGMM",1,1
"fixed",NA,"ResponseResponder:Days",-4.88673989816072e-07,6.27285753065104e-07,44,-0.779029313878508,0.440132355919429,"s__Oscillospiraceae_unclassified_SGB43526","ZIGMM",1,1
"fixed",NA,"ResponseResponder:Days",-0.000188592854772761,0.0002421023787311,44,-0.778979767820574,0.440161238263376,"s__Duncaniella_freteri","ZIGMM",1,1
"fixed",NA,"ResponseResponder:Days",-8.37297397238697e-07,1.07467753649831e-06,44,-0.779115007806823,0.440082404216152,"s__GGB30290_SGB43252","ZIGMM",1,1
"fixed",NA,"ResponseResponder:Days",-9.43070261396528e-06,1.21076098384929e-05,44,-0.778907046044947,0.440203632680434,"s__GGB30473_SGB43557","ZIGMM",1,1
"fixed",NA,"ResponseResponder:Days",-6.62273127418591e-06,8.50259575130734e-06,44,-0.778906991217078,0.440203664644203,"s__GGB27697_SGB40070","ZIGMM",1,1
"fixed",NA,"ResponseResponder:Days",-1.28886308772847e-05,1.65470692190876e-05,44,-0.778907171211759,0.440203559710195,"s__GGB29685_SGB42494","ZIGMM",1,1
"fixed",NA,"ResponseResponder:Days",-1.03525332183996e-05,1.32911018383631e-05,44,-0.778907072137414,0.440203617468945,"s__GGB28248_SGB40791","ZIGMM",1,1
"fixed",NA,"ResponseResponder:Days",-2.27611755213297e-05,2.92219167939927e-05,44,-0.778907683633155,0.440203260976832,"s__GGB29549_SGB42343","ZIGMM",1,1
"fixed",NA,"ResponseResponder:Days",-1.66864113497245e-05,2.14228432164941e-05,44,-0.778907411173,0.440203419816668,"s__GGB23844_SGB35575","ZIGMM",1,1
"fixed",NA,"ResponseResponder:Days",-4.47032818371608e-05,5.73917359684052e-05,44,-0.778914961934074,0.440199017858435,"s__GGB27792_SGB40208","ZIGMM",1,1
"fixed",NA,"ResponseResponder:Days",-8.11299856576624e-05,0.00010415847544612,44,-0.778909112390283,0.440202428035235,"s__GGB27866_SGB40300","ZIGMM",1,1
"fixed",NA,"ResponseResponder:Days",-5.212373946289e-06,6.69190815337235e-06,44,-0.778906976429772,0.440203673264965,"s__Clostridiaceae_unclassified_SGB41663","ZIGMM",1,1
"fixed",NA,"ResponseResponder:Days",-8.71539336065633e-05,0.000111892210960225,44,-0.778909745894151,0.440202058713337,"s__GGB73359_SGB46611","ZIGMM",1,1
"fixed",NA,"ResponseResponder:Days",-7.98636013179891e-06,1.02532908330148e-05,44,-0.778907012574287,0.440203652193292,"s__GGB27770_SGB40184","ZIGMM",1,1
"fixed",NA,"ResponseResponder:Days",-2.42175524519793e-07,3.10893104988911e-07,44,-0.778967177571951,0.440168577793191,"s__GGB31701_SGB45057","ZIGMM",1,1
"fixed",NA,"ResponseResponder:Days",-9.8512612476005e-06,1.26475439587383e-05,44,-0.778907057349594,0.440203626090007,"s__GGB31108_SGB44379","ZIGMM",1,1
"fixed",NA,"ResponseResponder:Days",-1.15080078946975e-05,1.47745574764543e-05,44,-0.778907111975265,0.440203594244118,"s__GGB29006_SGB41724","ZIGMM",1,1
"fixed",NA,"ResponseResponder:Days",-2.079430396965e-05,2.66967595040209e-05,44,-0.778907416329615,0.440203416810446,"s__Adlercreutzia_muris","ZIGMM",1,1
"fixed",NA,"ResponseResponder:Days",-4.87393267167638e-05,6.25731585293158e-05,44,-0.778917476155998,0.440197552117959,"s__GGB3171_SGB4185","ZIGMM",1,1
"fixed",NA,"ResponseResponder:Days",-2.17820149208103e-06,2.79414928379942e-06,44,-0.779558023155856,0.439824220542924,"s__GGB28405_SGB40987","ZIGMM",1,1
"fixed",NA,"ResponseResponder:Days",-1.85640557288771e-05,2.38334636997405e-05,44,-0.778907168624389,0.44020356121859,"s__bacterium_c_19","ZIGMM",1,1
"fixed",NA,"ResponseResponder:Days",-7.36189454514953e-06,9.45157063376882e-06,44,-0.778907001852873,0.440203658443705,"s__Oscillospiraceae_unclassified_SGB43502","ZIGMM",1,1
"fixed",NA,"ResponseResponder:Days",-8.81898102630519e-06,1.13222511674321e-05,44,-0.778907029696759,0.440203642211166,"s__Adlercreutzia_mucosicola","ZIGMM",1,1
"fixed",NA,"ResponseResponder:Days",-2.90142730274627e-06,3.72499853982284e-06,44,-0.77890696378213,0.440203680638338,"s__GGB28793_SGB41446","ZIGMM",1,1
"fixed",NA,"ResponseResponder:Days",-8.80198876179664e-06,1.13004356495176e-05,44,-0.778907029320803,0.440203642430342,"s__bacterium_0_1xD8_82","ZIGMM",1,1
"fixed",NA,"ResponseResponder:Days",-1.2497808288772e-05,1.60453119978259e-05,44,-0.77890715309652,0.440203570271087,"s__GGB24134_SGB35937","ZIGMM",1,1
"fixed",NA,"ResponseResponder:Days",-6.4230722421029e-06,8.24626346304375e-06,44,-0.778906988709296,0.4402036661062,"s__GGB28399_SGB40980","ZIGMM",1,1
"fixed",NA,"ResponseResponder:Days",-1.29668972919746e-06,1.66406442543998e-06,44,-0.779230484934273,0.440015096959931,"s__GGB31823_SGB45199","ZIGMM",1,1
"fixed",NA,"ResponseResponder:Days",-9.85550931468457e-06,1.26529978388982e-05,44,-0.77890705745531,0.440203626028375,"s__GGB28996_SGB41712","ZIGMM",1,1
"fixed",NA,"ResponseResponder:Days",-3.17755143044602e-06,4.07950060054763e-06,44,-0.778906964744526,0.440203680077277,"s__Granulimonas_faecalis","ZIGMM",1,1
"fixed",NA,"ResponseResponder:Days",-1.95234314019574e-06,2.50475220686536e-06,44,-0.779455602372362,0.439883902072388,"s__GGB30456_SGB43520","ZIGMM",1,1
"fixed",NA,"ResponseResponder:Days",-7.94774257683324e-07,1.02011268063158e-06,44,-0.77910438010756,0.440088599007668,"s__GGB33406_SGB48104","ZIGMM",1,1
"fixed",NA,"ResponseResponder:Days",-1.7310870825901e-05,2.2224565510624e-05,44,-0.778907052991694,0.440203628630592,"s__GGB42696_SGB59900","ZIGMM",1,1
"fixed",NA,"ResponseResponder:Days",-5.02121106926488e-06,6.44648363802488e-06,44,-0.778906974904433,0.440203674154214,"s__GGB28904_SGB41597","ZIGMM",1,1
"fixed",NA,"ResponseResponder:Days",-2.89209661720022e-05,3.7130102294007e-05,44,-0.778908874071972,0.440202566970775,"s__GGB75725_SGB102612","ZIGMM",1,1
"fixed",NA,"ResponseResponder:Days",1.75580659005787e-05,1.60972376340124e-05,44,1.09075024546322,0.281320101591493,"g__Congzhengia","ZIGMM",1,1
"fixed",NA,"ResponseResponder:Days",1.75580659005787e-05,1.60972376340124e-05,44,1.09075024546322,0.281320101591493,"s__Congzhengia_minquanensis","ZIGMM",1,1
"fixed",NA,"ResponseResponder:Days",-0.000419338686921337,0.000640438235339374,44,-0.654768350454789,0.516025360357652,"c__CFGB3002","ZIGMM",1,3
"fixed",NA,"ResponseResponder:Days",-0.000419338686921337,0.000640438235339374,44,-0.654768350454789,0.516025360357652,"o__OFGB3002","ZIGMM",1,3
"fixed",NA,"ResponseResponder:Days",-0.000419338686921337,0.000640438235339374,44,-0.654768350454789,0.516025360357652,"f__FGB3002","ZIGMM",1,3
"fixed",NA,"ResponseResponder:Days",-0.000419338686921337,0.000640438235339374,44,-0.654768350454789,0.516025360357652,"g__GGB9464","ZIGMM",1,3
"fixed",NA,"ResponseResponder:Days",-0.000419338686921337,0.000640438235339374,44,-0.654768350454789,0.516025360357652,"s__GGB9464_SGB14857","ZIGMM",1,3
"fixed",NA,"ResponseResponder:Days",-3.01047921233542e-05,3.31322321683952e-05,44,-0.908625533297788,0.368498012202305,"s__Flavonifractor_SGB105860","ZIGMM",1,2
"fixed",NA,"ResponseResponder:Days",-1.66455652846922e-05,1.80546118569e-05,44,-0.921956418483217,0.361579238818765,"s__Lachnospiraceae_bacterium_EP_SM_12S_S03","ZIGMM",1,2
"fixed",NA,"ResponseResponder:Days",-4.06246231596043e-05,3.78467549715859e-05,44,-1.07339779038134,0.288944432124011,"s__GGB3600_SGB4859","ZIGMM",1,2
"fixed",NA,"ResponseResponder:Days",-9.78122932038466e-06,1.21790182484652e-05,44,-0.803121328898353,0.426221877723616,"s__Holdemania_massiliensis","ZIGMM",1,1
"fixed",NA,"ResponseResponder:Days",1.14461882459733e-05,1.00061454938239e-05,44,1.14391583182937,0.258843851799047,"c__CFGB2957","ZIGMM",1,1
"fixed",NA,"ResponseResponder:Days",1.14461882459733e-05,1.00061454938239e-05,44,1.14391583182937,0.258843851799047,"o__OFGB2957","ZIGMM",1,1
"fixed",NA,"ResponseResponder:Days",1.14461882459733e-05,1.00061454938239e-05,44,1.14391583182937,0.258843851799047,"f__FGB2957","ZIGMM",1,1
"fixed",NA,"ResponseResponder:Days",-1.13260829663576e-05,4.51229066853593e-05,44,-0.251005172280545,0.802978628831645,"g__Lactococcus","ZIGMM",1,6
"fixed",NA,"ResponseResponder:Days",1.14461882459733e-05,1.00061454938239e-05,44,1.14391583182937,0.258843851799047,"g__GGB9299","ZIGMM",1,1
"fixed",NA,"ResponseResponder:Days",-1.51815128292042e-05,4.18737305013494e-05,44,-0.362554581295664,0.718673393282467,"s__Lactococcus_lactis","ZIGMM",1,6
"fixed",NA,"ResponseResponder:Days",1.14461882459733e-05,1.00061454938239e-05,44,1.14391583182937,0.258843851799047,"s__GGB9299_SGB14259","ZIGMM",1,1
"fixed",NA,"ResponseResponder:Days",3.8662463262833e-06,5.55158332072607e-06,44,0.696422282243194,0.489827276306839,"s__Lactococcus_cremoris","ZIGMM",1,3
"fixed",NA,"ResponseResponder:Days",2.42495481060634e-07,2.15131089064522e-06,44,0.112719868669425,0.910765358037178,"g__GGB55957","ZIGMM",1,2
"fixed",NA,"ResponseResponder:Days",5.35416442460993e-07,1.18655433640705e-06,44,0.451236345469237,0.654035417696,"g__GGB58233","ZIGMM",1,2
"fixed",NA,"ResponseResponder:Days",2.87572601321548e-06,0.000105631297923809,44,0.0272241851585475,0.978404029852237,"s__Lactobacillus_crispatus","ZIGMM",1,2
"fixed",NA,"ResponseResponder:Days",5.03007069287289e-06,6.42760532587668e-05,44,0.0782573048258346,0.937978191319466,"s__Ligilactobacillus_salivarius","ZIGMM",1,3
"fixed",NA,"ResponseResponder:Days",9.63801082559003e-08,2.75864654260439e-06,44,0.0349374618195594,0.972287628615778,"s__Limosilactobacillus_oris","ZIGMM",1,2
"fixed",NA,"ResponseResponder:Days",0.000283251775984189,0.00026507973594933,44,1.06855310900993,0.291098580138935,"s__Lactobacillus_gasseri","ZIGMM",1,8
"fixed",NA,"ResponseResponder:Days",2.42495481060634e-07,2.15131089064522e-06,44,0.112719868669425,0.910765358037178,"s__GGB55957_SGB77276","ZIGMM",1,2
"fixed",NA,"ResponseResponder:Days",5.35416442460993e-07,1.18655433640705e-06,44,0.451236345469237,0.654035417696,"s__GGB58233_SGB79883","ZIGMM",1,2
"fixed",NA,"ResponseResponder:Days",-0.000123973764263286,0.00025548441003808,44,-0.485249821094006,0.629906582417057,"c__CFGB1798","ZIGMM",1,5
"fixed",NA,"ResponseResponder:Days",-7.28477495717914e-05,4.1938353819887e-05,44,-1.73701976679036,0.0893804536884319,"c__CFGB1776","ZIGMM",1,2
"fixed",NA,"ResponseResponder:Days",2.54289200994395e-07,4.3002566446042e-06,44,0.0591334941167911,0.953113540012773,"c__CFGB4605","ZIGMM",1,2
"fixed",NA,"ResponseResponder:Days",-0.000137099392333926,0.000382002403832399,44,-0.358896674362494,0.72138889294397,"c__CFGB82363","ZIGMM",1,7
"fixed",NA,"ResponseResponder:Days",-0.000123973764263286,0.00025548441003808,44,-0.485249821094006,0.629906582417057,"o__OFGB1798","ZIGMM",1,5
"fixed",NA,"ResponseResponder:Days",-7.28477495717914e-05,4.1938353819887e-05,44,-1.73701976679036,0.0893804536884319,"o__OFGB1776","ZIGMM",1,2
"fixed",NA,"ResponseResponder:Days",2.54289200994395e-07,4.3002566446042e-06,44,0.0591334941167911,0.953113540012773,"o__OFGB4605","ZIGMM",1,2
"fixed",NA,"ResponseResponder:Days",-0.000137099392333926,0.000382002403832399,44,-0.358896674362494,0.72138889294397,"o__OFGB82363","ZIGMM",1,7
"fixed",NA,"ResponseResponder:Days",-0.000123973764263286,0.00025548441003808,44,-0.485249821094006,0.629906582417057,"f__FGB1798","ZIGMM",1,5
"fixed",NA,"ResponseResponder:Days",-7.28477495717914e-05,4.1938353819887e-05,44,-1.73701976679036,0.0893804536884319,"f__FGB1776","ZIGMM",1,2
"fixed",NA,"ResponseResponder:Days",2.54289200994395e-07,4.3002566446042e-06,44,0.0591334941167911,0.953113540012773,"f__FGB4605","ZIGMM",1,2
"fixed",NA,"ResponseResponder:Days",-0.000137099392333926,0.000382002403832399,44,-0.358896674362494,0.72138889294397,"f__FGB82363","ZIGMM",1,7
"fixed",NA,"ResponseResponder:Days",-0.00168524234788825,0.00093570792274052,44,-1.80103460378158,0.0785534365277267,"g__GGB4552","ZIGMM",1,11
"fixed",NA,"ResponseResponder:Days",0.000124147194458874,0.000228863419384252,44,0.542451016387356,0.590244949923705,"g__GGB4768","ZIGMM",1,3
"fixed",NA,"ResponseResponder:Days",3.58809334140322e-05,7.56709913055146e-05,44,0.474170257254411,0.637723235575577,"g__GGB9350","ZIGMM",1,2
"fixed",NA,"ResponseResponder:Days",-7.28477495717914e-05,4.1938353819887e-05,44,-1.73701976679036,0.0893804536884319,"g__GGB4684","ZIGMM",1,2
"fixed",NA,"ResponseResponder:Days",-4.71227050609774e-05,0.000550886880601807,44,-0.0855397119087297,0.932220383105369,"g__GGB3486","ZIGMM",1,8
"fixed",NA,"ResponseResponder:Days",2.54289200994395e-07,4.3002566446042e-06,44,0.0591334941167911,0.953113540012773,"g__GGB13404","ZIGMM",1,2
"fixed",NA,"ResponseResponder:Days",-0.000137099392333926,0.000382002403832399,44,-0.358896674362494,0.72138889294397,"g__GGB9545","ZIGMM",1,7
"fixed",NA,"ResponseResponder:Days",-0.00168524234788825,0.00093570792274052,44,-1.80103460378158,0.0785534365277267,"s__GGB4552_SGB6276","ZIGMM",1,11
"fixed",NA,"ResponseResponder:Days",0.000124147194458874,0.000228863419384252,44,0.542451016387356,0.590244949923705,"s__GGB4768_SGB6601","ZIGMM",1,3
"fixed",NA,"ResponseResponder:Days",3.58809334140322e-05,7.56709913055146e-05,44,0.474170257254411,0.637723235575577,"s__GGB9350_SGB14317","ZIGMM",1,2
"fixed",NA,"ResponseResponder:Days",-7.28477495717914e-05,4.1938353819887e-05,44,-1.73701976679036,0.0893804536884319,"s__GGB4684_SGB6478","ZIGMM",1,2
"fixed",NA,"ResponseResponder:Days",-4.71227050609774e-05,0.000550886880601807,44,-0.0855397119087297,0.932220383105369,"s__GGB3486_SGB4658","ZIGMM",1,8
"fixed",NA,"ResponseResponder:Days",2.57973806543522e-06,2.52512951319668e-05,44,0.102162604015087,0.91909178669021,"s__GGB6518_SGB9205","ZIGMM",1,5
"fixed",NA,"ResponseResponder:Days",2.54289200994395e-07,4.3002566446042e-06,44,0.0591334941167911,0.953113540012773,"s__GGB13404_SGB14252","ZIGMM",1,2
"fixed",NA,"ResponseResponder:Days",0.000247824697957354,0.000220320753671184,44,1.12483592139131,0.266757428371475,"s__GGB9545_SGB14952","ZIGMM",1,4
"fixed",NA,"ResponseResponder:Days",-8.96833247421097e-07,1.1510706305107e-06,44,-0.779129641265536,0.440073874587707,"c__CFGB10667","ZIGMM",1,1
"fixed",NA,"ResponseResponder:Days",-8.96833247421097e-07,1.1510706305107e-06,44,-0.779129641265536,0.440073874587707,"o__OFGB10667","ZIGMM",1,1
"fixed",NA,"ResponseResponder:Days",-8.96833247421097e-07,1.1510706305107e-06,44,-0.779129641265536,0.440073874587707,"f__FGB10667","ZIGMM",1,1
"fixed",NA,"ResponseResponder:Days",-0.000496716358631635,0.000637628394697211,44,-0.779006021003047,0.440145934111694,"g__GGB28833","ZIGMM",1,1
"fixed",NA,"ResponseResponder:Days",-6.01853515326263e-05,7.72669856051818e-05,44,-0.778927132477524,0.44019192270494,"g__GGB31232","ZIGMM",1,1
"fixed",NA,"ResponseResponder:Days",-2.71877208229919e-05,3.4904897902655e-05,44,-0.77890847579084,0.440202799161987,"g__GGB75959","ZIGMM",1,1
"fixed",NA,"ResponseResponder:Days",-2.17331340211138e-05,2.79020717651131e-05,44,-0.77890753790862,0.44020334593186,"g__GGB31841","ZIGMM",1,1
"fixed",NA,"ResponseResponder:Days",-1.90568340307963e-05,2.44661154367693e-05,44,-0.77890722293235,0.440203529557924,"g__GGB28875","ZIGMM",1,1
"fixed",NA,"ResponseResponder:Days",-1.08623014129548e-05,1.39455675263131e-05,44,-0.778907089471934,0.440203607363198,"g__GGB27480","ZIGMM",1,1
"fixed",NA,"ResponseResponder:Days",-4.07814091074893e-06,5.23572271694666e-06,44,-0.77890696876461,0.440203677733632,"g__GGB30311","ZIGMM",1,1
"fixed",NA,"ResponseResponder:Days",-4.05690059253739e-06,5.20845332717095e-06,44,-0.778906968672206,0.440203677787503,"g__GGB28987","ZIGMM",1,1
"fixed",NA,"ResponseResponder:Days",-2.8221793933983e-06,3.61885828267013e-06,44,-0.779853526432096,0.439652055016952,"g__GGB28392","ZIGMM",1,1
"fixed",NA,"ResponseResponder:Days",-2.48088817457847e-06,3.18189051691349e-06,44,-0.77968998662625,0.439747331305604,"g__GGB28964","ZIGMM",1,1
"fixed",NA,"ResponseResponder:Days",-8.96833247421097e-07,1.1510706305107e-06,44,-0.779129641265536,0.440073874587707,"g__GGB28981","ZIGMM",1,1
"fixed",NA,"ResponseResponder:Days",-0.000496716358631635,0.000637628394697211,44,-0.779006021003047,0.440145934111694,"s__GGB28833_SGB41490","ZIGMM",1,1
"fixed",NA,"ResponseResponder:Days",-6.01853515326263e-05,7.72669856051818e-05,44,-0.778927132477524,0.44019192270494,"s__GGB31232_SGB44532","ZIGMM",1,1
"fixed",NA,"ResponseResponder:Days",-2.71877208229919e-05,3.4904897902655e-05,44,-0.77890847579084,0.440202799161987,"s__GGB75959_SGB102469","ZIGMM",1,1
"fixed",NA,"ResponseResponder:Days",-2.17331340211138e-05,2.79020717651131e-05,44,-0.77890753790862,0.44020334593186,"s__GGB31841_SGB45219","ZIGMM",1,1
"fixed",NA,"ResponseResponder:Days",-1.90568340307963e-05,2.44661154367693e-05,44,-0.77890722293235,0.440203529557924,"s__GGB28875_SGB41555","ZIGMM",1,1
"fixed",NA,"ResponseResponder:Days",-1.75827569875996e-05,2.25736140514786e-05,44,-0.778907486745476,0.440203375759142,"s__GGB30454_SGB100837","ZIGMM",1,1
"fixed",NA,"ResponseResponder:Days",-1.08623014129548e-05,1.39455675263131e-05,44,-0.778907089471934,0.440203607363198,"s__GGB27480_SGB39776","ZIGMM",1,1
"fixed",NA,"ResponseResponder:Days",-6.06623483444694e-06,7.78813767829189e-06,44,-0.778906984574186,0.440203668516903,"s__GGB30461_SGB43530","ZIGMM",1,1
"fixed",NA,"ResponseResponder:Days",-4.16310224181497e-06,5.3448002730199e-06,44,-0.778906980459112,0.440203670915925,"s__Lachnospiraceae_unclassified_SGB41587","ZIGMM",1,1
"fixed",NA,"ResponseResponder:Days",-4.07814091074893e-06,5.23572271694666e-06,44,-0.77890696876461,0.440203677733632,"s__GGB30311_SGB43288","ZIGMM",1,1
"fixed",NA,"ResponseResponder:Days",-4.05690059253739e-06,5.20845332717095e-06,44,-0.778906968672206,0.440203677787503,"s__GGB28987_SGB41700","ZIGMM",1,1
"fixed",NA,"ResponseResponder:Days",-2.8221793933983e-06,3.61885828267013e-06,44,-0.779853526432096,0.439652055016952,"s__GGB28392_SGB40972","ZIGMM",1,1
"fixed",NA,"ResponseResponder:Days",-2.48088817457847e-06,3.18189051691349e-06,44,-0.77968998662625,0.439747331305604,"s__GGB28964_SGB94886","ZIGMM",1,1
"fixed",NA,"ResponseResponder:Days",-2.37428585940303e-06,3.04535465699499e-06,44,-0.779641823966035,0.43977539261807,"s__Lachnospiraceae_unclassified_SGB41414","ZIGMM",1,1
"fixed",NA,"ResponseResponder:Days",-8.96833247421097e-07,1.1510706305107e-06,44,-0.779129641265536,0.440073874587707,"s__GGB28981_SGB41693","ZIGMM",1,1
"fixed",NA,"ResponseResponder:Days",0.000109374367376953,0.000216841578413629,44,0.504397579915781,0.616498724479081,"s__Oscillospiraceae_unclassified_SGB4281","ZIGMM",1,1
"fixed",NA,"ResponseResponder:Days",-7.91709909017036e-06,1.67666857064935e-05,44,-0.472192252467892,0.639123150683541,"g__GGB9561","ZIGMM",1,2
"fixed",NA,"ResponseResponder:Days",-4.11390693951858e-07,8.0536588023765e-07,44,-0.510812171271104,0.612036147951129,"g__Enorma","ZIGMM",1,1
"fixed",NA,"ResponseResponder:Days",-5.10351619760938e-05,0.000218224601001713,44,-0.233865300895627,0.816174285658608,"s__Akkermansia_sp_KLE1798","ZIGMM",1,2
"fixed",NA,"ResponseResponder:Days",-7.91709909017036e-06,1.67666857064935e-05,44,-0.472192252467892,0.639123150683541,"s__GGB9561_SGB14972","ZIGMM",1,2
"fixed",NA,"ResponseResponder:Days",-1.7533445012592e-06,7.17448702268615e-06,44,-0.244386044007748,0.80806791387499,"s__Flavonifractor_sp_An100","ZIGMM",1,3
"fixed",NA,"ResponseResponder:Days",-4.11390693951858e-07,8.0536588023765e-07,44,-0.510812171271104,0.612036147951129,"s__Collinsella_massiliensis","ZIGMM",1,1
"fixed",NA,"ResponseResponder:Days",0.00178750080070529,0.00449927513932106,44,0.397286395109196,0.693077015795566,"g__GGB3001","ZIGMM",1,6
"fixed",NA,"ResponseResponder:Days",-6.70102681131967e-05,0.000282372599320232,44,-0.237311510658306,0.813516646794299,"s__Parabacteroides_johnsonii","ZIGMM",1,2
"fixed",NA,"ResponseResponder:Days",0.00178750080070529,0.00449927513932106,44,0.397286395109196,0.693077015795566,"s__GGB3001_SGB3992","ZIGMM",1,6
"fixed",NA,"ResponseResponder:Days",-4.47754397385472e-05,0.000182129822934562,44,-0.245843536314395,0.806946553936581,"c__CFGB77241","ZIGMM",1,4
"fixed",NA,"ResponseResponder:Days",5.49068806253271e-05,6.46746140228423e-05,44,0.848971137360551,0.400492814980454,"c__CFGB1374","ZIGMM",1,7
"fixed",NA,"ResponseResponder:Days",-4.41363061319959e-06,1.19320134160338e-05,44,-0.369898227508588,0.713232843323733,"c__CFGB3022","ZIGMM",1,3
"fixed",NA,"ResponseResponder:Days",1.20248734809889e-05,1.91341352508121e-05,44,0.62845136837206,0.532957174054732,"c__CFGB3009","ZIGMM",1,5
"fixed",NA,"ResponseResponder:Days",-4.47754397385472e-05,0.000182129822934562,44,-0.245843536314395,0.806946553936581,"o__OFGB77241","ZIGMM",1,4
"fixed",NA,"ResponseResponder:Days",5.49068806253271e-05,6.46746140228423e-05,44,0.848971137360551,0.400492814980454,"o__OFGB1374","ZIGMM",1,7
"fixed",NA,"ResponseResponder:Days",-4.41363061319959e-06,1.19320134160338e-05,44,-0.369898227508588,0.713232843323733,"o__OFGB3022","ZIGMM",1,3
"fixed",NA,"ResponseResponder:Days",1.20248734809889e-05,1.91341352508121e-05,44,0.62845136837206,0.532957174054732,"o__OFGB3009","ZIGMM",1,5
"fixed",NA,"ResponseResponder:Days",-4.47754397385472e-05,0.000182129822934562,44,-0.245843536314395,0.806946553936581,"f__FGB77241","ZIGMM",1,4
"fixed",NA,"ResponseResponder:Days",5.49068806253271e-05,6.46746140228423e-05,44,0.848971137360551,0.400492814980454,"f__FGB1374","ZIGMM",1,7
"fixed",NA,"ResponseResponder:Days",-4.41363061319959e-06,1.19320134160338e-05,44,-0.369898227508588,0.713232843323733,"f__FGB3022","ZIGMM",1,3
"fixed",NA,"ResponseResponder:Days",1.20248734809889e-05,1.91341352508121e-05,44,0.62845136837206,0.532957174054732,"f__FGB3009","ZIGMM",1,5
"fixed",NA,"ResponseResponder:Days",-0.0302564314715328,0.00628822126220137,44,-4.81160414208145,1.7917101072129e-05,"g__GGB3496","ZIGMM",0.0449540065899716,5
"fixed",NA,"ResponseResponder:Days",-7.64074621043188e-05,9.5773950694664e-05,44,-0.797789603019642,0.429277303989837,"g__Paraeggerthella","ZIGMM",1,1
"fixed",NA,"ResponseResponder:Days",-4.47754397385472e-05,0.000182129822934562,44,-0.245843536314395,0.806946553936581,"g__GGB45497","ZIGMM",1,4
"fixed",NA,"ResponseResponder:Days",-2.35546194842679e-05,3.29787698520191e-05,44,-0.714235842936567,0.47885347664769,"g__GGB9641","ZIGMM",1,1
"fixed",NA,"ResponseResponder:Days",-2.18611725682568e-06,3.54726064183471e-06,44,-0.616283233051344,0.540883098205506,"g__GGB9532","ZIGMM",1,2
"fixed",NA,"ResponseResponder:Days",-2.01528982104709e-05,2.5261010291143e-05,44,-0.797786706794419,0.429278967286404,"g__Massilicoli","ZIGMM",1,1
"fixed",NA,"ResponseResponder:Days",-1.69232357764025e-07,2.23717232702216e-07,44,-0.756456513071951,0.453406966879177,"g__GGB9529","ZIGMM",1,1
"fixed",NA,"ResponseResponder:Days",-0.000142322700646732,0.000143961192695015,44,-0.988618515742959,0.328255445045743,"g__Fumia","ZIGMM",1,3
"fixed",NA,"ResponseResponder:Days",8.15642453839422e-05,6.03112268666155e-05,44,1.35238909273608,0.183160904499817,"g__GGB3353","ZIGMM",1,3
"fixed",NA,"ResponseResponder:Days",-1.80625397395585e-06,7.36424397582474e-06,44,-0.245273510748069,0.807385069330575,"g__GGB9086","ZIGMM",1,1
"fixed",NA,"ResponseResponder:Days",-4.41363061319959e-06,1.19320134160338e-05,44,-0.369898227508588,0.713232843323733,"g__GGB9499","ZIGMM",1,3
"fixed",NA,"ResponseResponder:Days",0.000102803274804796,8.05024085182409e-05,44,1.27702110653624,0.208292937161644,"g__GGB9454","ZIGMM",1,2
"fixed",NA,"ResponseResponder:Days",1.15122434310115e-07,1.80437432004338e-07,44,0.638018580908133,0.526768345879684,"g__Neobittarella","ZIGMM",1,1
"fixed",NA,"ResponseResponder:Days",-2.0782013040257e-07,1.83608361910522e-06,44,-0.113186637166257,0.910397448360485,"g__GGB74700","ZIGMM",1,1
"fixed",NA,"ResponseResponder:Days",3.89562674421167e-06,1.54379012231559e-05,44,0.25234173272002,0.801952020502144,"g__GGB9474","ZIGMM",1,4
"fixed",NA,"ResponseResponder:Days",6.21313762652776e-06,1.15290056459872e-05,44,0.538913573061725,0.592662935842845,"g__GGB3583","ZIGMM",1,2
"fixed",NA,"ResponseResponder:Days",-0.0302564314715328,0.00628822126220137,44,-4.81160414208145,1.7917101072129e-05,"s__GGB3496_SGB4671","ZIGMM",0.0449540065899716,5
"fixed",NA,"ResponseResponder:Days",-7.64074621043188e-05,9.5773950694664e-05,44,-0.797789603019642,0.429277303989837,"s__Paraeggerthella_hongkongensis","ZIGMM",1,1
"fixed",NA,"ResponseResponder:Days",-2.84899458660896e-05,0.000645781512735279,44,-0.0441170044422878,0.965010748811416,"s__Eubacteriaceae_bacterium_CHKCI004","ZIGMM",1,4
"fixed",NA,"ResponseResponder:Days",-8.05837562660066e-06,1.17613888701187e-05,44,-0.685155105029644,0.496839922361411,"s__GGB9469_SGB14863","ZIGMM",1,3
"fixed",NA,"ResponseResponder:Days",-4.47754397385472e-05,0.000182129822934562,44,-0.245843536314395,0.806946553936581,"s__GGB45497_SGB63169","ZIGMM",1,4
"fixed",NA,"ResponseResponder:Days",-2.29431366032334e-05,3.06369257442272e-05,44,-0.748872024392216,0.457919195958431,"s__Gordonibacter_urolithinfaciens","ZIGMM",1,2
"fixed",NA,"ResponseResponder:Days",-2.35546194842679e-05,3.29787698520191e-05,44,-0.714235842936567,0.47885347664769,"s__GGB9641_SGB15117","ZIGMM",1,1
"fixed",NA,"ResponseResponder:Days",-2.18611725682568e-06,3.54726064183471e-06,44,-0.616283233051344,0.540883098205506,"s__GGB9532_SGB14933","ZIGMM",1,2
"fixed",NA,"ResponseResponder:Days",-2.01528982104709e-05,2.5261010291143e-05,44,-0.797786706794419,0.429278967286404,"s__Massilicoli_timonensis","ZIGMM",1,1
"fixed",NA,"ResponseResponder:Days",-1.69232357764025e-07,2.23717232702216e-07,44,-0.756456513071951,0.453406966879177,"s__GGB9529_SGB53518","ZIGMM",1,1
"fixed",NA,"ResponseResponder:Days",-0.000142322700646732,0.000143961192695015,44,-0.988618515742959,0.328255445045743,"s__Fumia_xinanensis","ZIGMM",1,3
"fixed",NA,"ResponseResponder:Days",-4.27679267233775e-05,5.36071153781542e-05,44,-0.797803172614025,0.42926951104952,"s__GGB9695_SGB15209","ZIGMM",1,1
"fixed",NA,"ResponseResponder:Days",8.15642453839422e-05,6.03112268666155e-05,44,1.35238909273608,0.183160904499817,"s__GGB3353_SGB4437","ZIGMM",1,3
"fixed",NA,"ResponseResponder:Days",-1.80625397395585e-06,7.36424397582474e-06,44,-0.245273510748069,0.807385069330575,"s__GGB9086_SGB14014","ZIGMM",1,1
"fixed",NA,"ResponseResponder:Days",-4.41363061319959e-06,1.19320134160338e-05,44,-0.369898227508588,0.713232843323733,"s__GGB9499_SGB72735","ZIGMM",1,3
"fixed",NA,"ResponseResponder:Days",0.000102803274804796,8.05024085182409e-05,44,1.27702110653624,0.208292937161644,"s__GGB9454_SGB14846","ZIGMM",1,2
"fixed",NA,"ResponseResponder:Days",1.15122434310115e-07,1.80437432004338e-07,44,0.638018580908133,0.526768345879684,"s__Neobittarella_massiliensis","ZIGMM",1,1
"fixed",NA,"ResponseResponder:Days",-2.0782013040257e-07,1.83608361910522e-06,44,-0.113186637166257,0.910397448360485,"s__GGB74700_SGB54319","ZIGMM",1,1
"fixed",NA,"ResponseResponder:Days",3.89562674421167e-06,1.54379012231559e-05,44,0.25234173272002,0.801952020502144,"s__GGB9474_SGB14868","ZIGMM",1,4
"fixed",NA,"ResponseResponder:Days",6.21313762652776e-06,1.15290056459872e-05,44,0.538913573061725,0.592662935842845,"s__GGB3583_SGB4799","ZIGMM",1,2
"fixed",NA,"ResponseResponder:Days",3.87582606447674e-05,5.2666787965361e-05,44,0.735914646442058,0.465687899454383,"c__CFGB2897","ZIGMM",1,3
"fixed",NA,"ResponseResponder:Days",3.43717166168032e-05,4.60817893827939e-05,44,0.745885024804114,0.459703377243126,"c__CFGB79253","ZIGMM",1,1
"fixed",NA,"ResponseResponder:Days",7.81699864161398e-06,1.04802300090116e-05,44,0.745880446792905,0.45970611484679,"c__CFGB3176","ZIGMM",1,1
"fixed",NA,"ResponseResponder:Days",7.7279851639261e-06,1.03608898936373e-05,44,0.745880444948258,0.459706115949872,"c__CFGB28372","ZIGMM",1,1
"fixed",NA,"ResponseResponder:Days",7.04015379892035e-06,9.43871630956417e-06,44,0.745880432044199,0.45970612366638,"c__CFGB79211","ZIGMM",1,1
"fixed",NA,"ResponseResponder:Days",6.42515170526225e-06,8.61418467602371e-06,44,0.745880422455499,0.459706129400334,"c__CFGB1311","ZIGMM",1,1
"fixed",NA,"ResponseResponder:Days",-3.46513341841888e-05,3.90372173554208e-05,44,-0.887648673026564,0.379556390135842,"c__CFGB2952","ZIGMM",1,4
"fixed",NA,"ResponseResponder:Days",1.43607197345204e-05,4.28664907869279e-05,44,0.335010388555055,0.739209195771612,"o__Selenomonadales","ZIGMM",1,3
"fixed",NA,"ResponseResponder:Days",3.87582606447674e-05,5.2666787965361e-05,44,0.735914646442058,0.465687899454383,"o__OFGB2897","ZIGMM",1,3
"fixed",NA,"ResponseResponder:Days",3.43717166168032e-05,4.60817893827939e-05,44,0.745885024804114,0.459703377243126,"o__OFGB79253","ZIGMM",1,1
"fixed",NA,"ResponseResponder:Days",7.81699864161398e-06,1.04802300090116e-05,44,0.745880446792905,0.45970611484679,"o__OFGB3176","ZIGMM",1,1
"fixed",NA,"ResponseResponder:Days",7.7279851639261e-06,1.03608898936373e-05,44,0.745880444948258,0.459706115949872,"o__OFGB28372","ZIGMM",1,1
"fixed",NA,"ResponseResponder:Days",7.04015379892035e-06,9.43871630956417e-06,44,0.745880432044199,0.45970612366638,"o__OFGB79211","ZIGMM",1,1
"fixed",NA,"ResponseResponder:Days",6.42515170526225e-06,8.61418467602371e-06,44,0.745880422455499,0.459706129400334,"o__OFGB1311","ZIGMM",1,1
"fixed",NA,"ResponseResponder:Days",-3.46513341841888e-05,3.90372173554208e-05,44,-0.887648673026564,0.379556390135842,"o__OFGB2952","ZIGMM",1,4
"fixed",NA,"ResponseResponder:Days",1.43607197345204e-05,4.28664907869279e-05,44,0.335010388555055,0.739209195771612,"f__Selenomonadaceae","ZIGMM",1,3
"fixed",NA,"ResponseResponder:Days",3.87582606447674e-05,5.2666787965361e-05,44,0.735914646442058,0.465687899454383,"f__FGB2897","ZIGMM",1,3
"fixed",NA,"ResponseResponder:Days",3.43717166168032e-05,4.60817893827939e-05,44,0.745885024804114,0.459703377243126,"f__FGB79253","ZIGMM",1,1
"fixed",NA,"ResponseResponder:Days",7.81699864161398e-06,1.04802300090116e-05,44,0.745880446792905,0.45970611484679,"f__FGB3176","ZIGMM",1,1
"fixed",NA,"ResponseResponder:Days",7.7279851639261e-06,1.03608898936373e-05,44,0.745880444948258,0.459706115949872,"f__FGB28372","ZIGMM",1,1
"fixed",NA,"ResponseResponder:Days",7.04015379892035e-06,9.43871630956417e-06,44,0.745880432044199,0.45970612366638,"f__FGB79211","ZIGMM",1,1
"fixed",NA,"ResponseResponder:Days",6.42515170526225e-06,8.61418467602371e-06,44,0.745880422455499,0.459706129400334,"f__FGB1311","ZIGMM",1,1
"fixed",NA,"ResponseResponder:Days",-3.46513341841888e-05,3.90372173554208e-05,44,-0.887648673026564,0.379556390135842,"f__FGB2952","ZIGMM",1,4
"fixed",NA,"ResponseResponder:Days",7.94919546147106e-05,0.000106566642845322,44,0.745936556621107,0.459672562397314,"g__Mitsuokella","ZIGMM",1,1
"fixed",NA,"ResponseResponder:Days",7.3395578683012e-05,9.83954263687299e-05,44,0.745924697840804,0.459679653570245,"g__GGB4558","ZIGMM",1,1
"fixed",NA,"ResponseResponder:Days",3.87582606447674e-05,5.2666787965361e-05,44,0.735914646442058,0.465687899454383,"g__GGB9209","ZIGMM",1,3
"fixed",NA,"ResponseResponder:Days",3.43717166168032e-05,4.60817893827939e-05,44,0.745885024804114,0.459703377243126,"g__GGB9058","ZIGMM",1,1
"fixed",NA,"ResponseResponder:Days",-3.91131930424431e-06,1.91713013915463e-05,44,-0.204019498956343,0.839278990340207,"g__GGB34797","ZIGMM",1,5
"fixed",NA,"ResponseResponder:Days",1.82073236957421e-05,2.44104912884825e-05,44,0.745881083693417,0.459705733986263,"g__GGB24836","ZIGMM",1,1
"fixed",NA,"ResponseResponder:Days",1.02489025108972e-05,2.24515941405371e-05,44,0.456488855390116,0.650283970019642,"g__GGB74220","ZIGMM",1,2
"fixed",NA,"ResponseResponder:Days",3.31957726954399e-05,3.17120162846063e-05,44,1.04678846016971,0.300913686925795,"g__GGB2652","ZIGMM",1,2
"fixed",NA,"ResponseResponder:Days",7.81699864161398e-06,1.04802300090116e-05,44,0.745880446792905,0.45970611484679,"g__GGB10708","ZIGMM",1,1
"fixed",NA,"ResponseResponder:Days",7.7279851639261e-06,1.03608898936373e-05,44,0.745880444948258,0.459706115949872,"g__GGB9083","ZIGMM",1,1
"fixed",NA,"ResponseResponder:Days",7.04015379892035e-06,9.43871630956417e-06,44,0.745880432044199,0.45970612366638,"g__GGB9267","ZIGMM",1,1
"fixed",NA,"ResponseResponder:Days",5.35294422934763e-06,7.17667894232367e-06,44,0.745880409638954,0.45970613706451,"g__GGB3142","ZIGMM",1,1
"fixed",NA,"ResponseResponder:Days",1.07702356913205e-06,1.44340379608955e-06,44,0.74616927851368,0.459533414938665,"g__GGB3140","ZIGMM",1,1
"fixed",NA,"ResponseResponder:Days",-9.26796143477004e-06,1.24108020193687e-05,44,-0.746765714279071,0.459176909618823,"g__GGB9293","ZIGMM",1,2
"fixed",NA,"ResponseResponder:Days",0.000159105298926366,0.000213298967161679,44,0.74592625104352,0.459678724800883,"s__Megasphaera_elsdenii","ZIGMM",1,1
"fixed",NA,"ResponseResponder:Days",7.94919546147106e-05,0.000106566642845322,44,0.745936556621107,0.459672562397314,"s__Mitsuokella_jalaludinii","ZIGMM",1,1
"fixed",NA,"ResponseResponder:Days",7.3395578683012e-05,9.83954263687299e-05,44,0.745924697840804,0.459679653570245,"s__GGB4558_SGB6291","ZIGMM",1,1
"fixed",NA,"ResponseResponder:Days",3.87582606447674e-05,5.2666787965361e-05,44,0.735914646442058,0.465687899454383,"s__GGB9209_SGB14148","ZIGMM",1,3
"fixed",NA,"ResponseResponder:Days",3.43717166168032e-05,4.60817893827939e-05,44,0.745885024804114,0.459703377243126,"s__GGB9058_SGB13975","ZIGMM",1,1
"fixed",NA,"ResponseResponder:Days",2.66920349183911e-05,3.57858407550969e-05,44,0.745882571295727,0.459704844414758,"s__GGB34797_SGB14322","ZIGMM",1,1
"fixed",NA,"ResponseResponder:Days",1.82073236957421e-05,2.44104912884825e-05,44,0.745881083693417,0.459705733986263,"s__GGB24836_SGB36733","ZIGMM",1,1
"fixed",NA,"ResponseResponder:Days",1.02489025108972e-05,2.24515941405371e-05,44,0.456488855390116,0.650283970019642,"s__GGB74220_SGB4052","ZIGMM",1,2
"fixed",NA,"ResponseResponder:Days",3.31957726954399e-05,3.17120162846063e-05,44,1.04678846016971,0.300913686925795,"s__GGB2652_SGB3573","ZIGMM",1,2
"fixed",NA,"ResponseResponder:Days",7.81699864161398e-06,1.04802300090116e-05,44,0.745880446792905,0.45970611484679,"s__GGB10708_SGB17364","ZIGMM",1,1
"fixed",NA,"ResponseResponder:Days",7.7279851639261e-06,1.03608898936373e-05,44,0.745880444948258,0.459706115949872,"s__GGB9083_SGB14011","ZIGMM",1,1
"fixed",NA,"ResponseResponder:Days",7.04015379892035e-06,9.43871630956417e-06,44,0.745880432044199,0.45970612366638,"s__GGB9267_SGB14218","ZIGMM",1,1
"fixed",NA,"ResponseResponder:Days",5.35294422934763e-06,7.17667894232367e-06,44,0.745880409638954,0.45970613706451,"s__GGB3142_SGB4155","ZIGMM",1,1
"fixed",NA,"ResponseResponder:Days",4.02847612009543e-06,5.3931748611612e-06,44,0.746958187672793,0.459061897431743,"s__GGB9708_SGB15235","ZIGMM",1,1
"fixed",NA,"ResponseResponder:Days",1.07702356913205e-06,1.44340379608955e-06,44,0.74616927851368,0.459533414938665,"s__GGB3140_SGB4153","ZIGMM",1,1
"fixed",NA,"ResponseResponder:Days",-9.26796143477004e-06,1.24108020193687e-05,44,-0.746765714279071,0.459176909618823,"s__GGB9293_SGB14250","ZIGMM",1,2
"fixed",NA,"ResponseResponder:Days",0.000252121283141661,0.000211942369916462,44,1.18957470958278,0.240593295680838,"c__CFGB2164","ZIGMM",1,1
"fixed",NA,"ResponseResponder:Days",0.000252121283141661,0.000211942369916462,44,1.18957470958278,0.240593295680838,"o__OFGB2164","ZIGMM",1,1
"fixed",NA,"ResponseResponder:Days",0.000252121283141661,0.000211942369916462,44,1.18957470958278,0.240593295680838,"f__FGB2164","ZIGMM",1,1
"fixed",NA,"ResponseResponder:Days",5.00947014608117e-06,3.98135640633156e-06,44,1.25823202818883,0.214943907001311,"g__GGB48168","ZIGMM",1,1
"fixed",NA,"ResponseResponder:Days",-2.53896495263149e-05,3.74076449047105e-05,44,-0.678728895951366,0.500864226906089,"g__GGB84235","ZIGMM",1,2
"fixed",NA,"ResponseResponder:Days",0.000252121283141661,0.000211942369916462,44,1.18957470958278,0.240593295680838,"g__GGB6132","ZIGMM",1,1
"fixed",NA,"ResponseResponder:Days",-6.88317535323543e-05,0.000115935481288151,44,-0.593707403182956,0.555747945963632,"g__GGB51959","ZIGMM",1,2
"fixed",NA,"ResponseResponder:Days",-2.50177897095335e-05,3.08668789691378e-05,44,-0.810505970964785,0.422011737104771,"g__GGB29535","ZIGMM",1,2
"fixed",NA,"ResponseResponder:Days",3.9731367966195e-06,4.1414735905253e-05,44,0.0959353406408067,0.924007546729151,"g__Lacticaseibacillus","ZIGMM",1,5
"fixed",NA,"ResponseResponder:Days",5.00947014608117e-06,3.98135640633156e-06,44,1.25823202818883,0.214943907001311,"s__GGB48168_SGB66171","ZIGMM",1,1
"fixed",NA,"ResponseResponder:Days",-2.53896495263149e-05,3.74076449047105e-05,44,-0.678728895951366,0.500864226906089,"s__GGB84235_SGB119956","ZIGMM",1,2
"fixed",NA,"ResponseResponder:Days",0.000252121283141661,0.000211942369916462,44,1.18957470958278,0.240593295680838,"s__GGB6132_SGB8779","ZIGMM",1,1
"fixed",NA,"ResponseResponder:Days",-6.88317535323543e-05,0.000115935481288151,44,-0.593707403182956,0.555747945963632,"s__GGB51959_SGB72479","ZIGMM",1,2
"fixed",NA,"ResponseResponder:Days",-2.50177897095335e-05,3.08668789691378e-05,44,-0.810505970964785,0.422011737104771,"s__GGB29535_SGB36365","ZIGMM",1,2
"fixed",NA,"ResponseResponder:Days",-5.08480457686622e-06,1.60897960960937e-05,44,-0.316026663513822,0.753476573183951,"s__Lacticaseibacillus_rhamnosus","ZIGMM",1,3
"fixed",NA,"ResponseResponder:Days",-5.09809371552848e-05,4.99594299385077e-05,44,-1.02044673484134,0.313094826548149,"c__CFGB9718","ZIGMM",1,3
"fixed",NA,"ResponseResponder:Days",5.99841642869793e-07,4.35957781328131e-06,44,0.13759168170881,0.891190852044189,"c__CFGB9491","ZIGMM",1,5
"fixed",NA,"ResponseResponder:Days",-5.09809371552848e-05,4.99594299385077e-05,44,-1.02044673484134,0.313094826548149,"o__OFGB9718","ZIGMM",1,3
"fixed",NA,"ResponseResponder:Days",5.99841642869793e-07,4.35957781328131e-06,44,0.13759168170881,0.891190852044189,"o__OFGB9491","ZIGMM",1,5
"fixed",NA,"ResponseResponder:Days",-5.09809371552848e-05,4.99594299385077e-05,44,-1.02044673484134,0.313094826548149,"f__FGB9718","ZIGMM",1,3
"fixed",NA,"ResponseResponder:Days",5.99841642869793e-07,4.35957781328131e-06,44,0.13759168170881,0.891190852044189,"f__FGB9491","ZIGMM",1,5
"fixed",NA,"ResponseResponder:Days",-6.07239216229259e-05,7.61154841762607e-05,44,-0.797786708973793,0.429278966034792,"g__Mordavella","ZIGMM",1,1
"fixed",NA,"ResponseResponder:Days",-5.09809371552848e-05,4.99594299385077e-05,44,-1.02044673484134,0.313094826548149,"g__GGB3569","ZIGMM",1,3
"fixed",NA,"ResponseResponder:Days",0.000110640351439467,8.50594315456766e-05,44,1.30074172174609,0.200118215163474,"g__GGB3532","ZIGMM",1,7
"fixed",NA,"ResponseResponder:Days",-4.68164259973437e-05,4.93859340279188e-05,44,-0.947970852811604,0.348321958380212,"g__GGB3451","ZIGMM",1,3
"fixed",NA,"ResponseResponder:Days",-7.93231447279117e-06,2.07242782044472e-05,44,-0.382754680020122,0.703744506470728,"g__GGB3446","ZIGMM",1,2
"fixed",NA,"ResponseResponder:Days",-1.45004918977895e-05,1.81759282359972e-05,44,-0.797785494612123,0.429279663441512,"g__GGB3677","ZIGMM",1,1
"fixed",NA,"ResponseResponder:Days",3.44062727105444e-06,9.78900641515621e-06,44,0.351478702243708,0.726906865822832,"g__GGB33516","ZIGMM",1,2
"fixed",NA,"ResponseResponder:Days",-1.06212077351186e-06,1.33018853100494e-06,44,-0.798473861979128,0.428884443988328,"g__GGB3003","ZIGMM",1,1
"fixed",NA,"ResponseResponder:Days",5.99841642869793e-07,4.35957781328131e-06,44,0.13759168170881,0.891190852044189,"g__GGB9491","ZIGMM",1,5
"fixed",NA,"ResponseResponder:Days",-8.01334096717859e-08,1.94778267117686e-07,44,-0.411408371465637,0.682770243911433,"g__Murimonas","ZIGMM",1,2
"fixed",NA,"ResponseResponder:Days",-6.07239216229259e-05,7.61154841762607e-05,44,-0.797786708973793,0.429278966034792,"s__Mordavella_massiliensis","ZIGMM",1,1
"fixed",NA,"ResponseResponder:Days",-5.09809371552848e-05,4.99594299385077e-05,44,-1.02044673484134,0.313094826548149,"s__GGB3569_SGB4776","ZIGMM",1,3
"fixed",NA,"ResponseResponder:Days",0.000110640351439467,8.50594315456766e-05,44,1.30074172174609,0.200118215163474,"s__GGB3532_SGB4720","ZIGMM",1,7
"fixed",NA,"ResponseResponder:Days",-4.68164259973437e-05,4.93859340279188e-05,44,-0.947970852811604,0.348321958380212,"s__GGB3451_SGB4605","ZIGMM",1,3
"fixed",NA,"ResponseResponder:Days",-7.93231447279117e-06,2.07242782044472e-05,44,-0.382754680020122,0.703744506470728,"s__GGB3446_SGB4597","ZIGMM",1,2
"fixed",NA,"ResponseResponder:Days",-1.45004918977895e-05,1.81759282359972e-05,44,-0.797785494612123,0.429279663441512,"s__GGB3677_SGB4990","ZIGMM",1,1
"fixed",NA,"ResponseResponder:Days",3.44062727105444e-06,9.78900641515621e-06,44,0.351478702243708,0.726906865822832,"s__GGB33516_SGB54324","ZIGMM",1,2
"fixed",NA,"ResponseResponder:Days",1.07183418687577e-05,0.000108265187072013,44,0.0990008160391238,0.921587293582066,"s__GGB9453_SGB14844","ZIGMM",1,11
"fixed",NA,"ResponseResponder:Days",-1.88267027791716e-06,2.35987244562858e-06,44,-0.797784762225016,0.429280084051041,"s__GGB9695_SGB15210","ZIGMM",1,1
"fixed",NA,"ResponseResponder:Days",-1.06212077351186e-06,1.33018853100494e-06,44,-0.798473861979128,0.428884443988328,"s__GGB3003_SGB3994","ZIGMM",1,1
"fixed",NA,"ResponseResponder:Days",5.99841642869793e-07,4.35957781328131e-06,44,0.13759168170881,0.891190852044189,"s__GGB9491_SGB14888","ZIGMM",1,5
"fixed",NA,"ResponseResponder:Days",-8.01334096717859e-08,1.94778267117686e-07,44,-0.411408371465637,0.682770243911433,"s__Murimonas_intestini","ZIGMM",1,2
"fixed",NA,"ResponseResponder:Days",4.27425372141089e-05,0.000103789005808031,44,0.411821434084897,0.682469681875801,"f__Bianqueaceae","ZIGMM",1,8
"fixed",NA,"ResponseResponder:Days",-1.97786741650775e-06,1.36762601719346e-05,44,-0.144620487738788,0.885670935786516,"g__GGB9537","ZIGMM",1,4
"fixed",NA,"ResponseResponder:Days",-0.000317980181031747,0.00040856129251737,44,-0.778292478644995,0.440562002115205,"g__Peptacetobacter","ZIGMM",1,4
"fixed",NA,"ResponseResponder:Days",-2.0872547912948e-05,3.74577046473929e-05,44,-0.557229763794422,0.580194251065677,"g__Massiliimalia","ZIGMM",1,3
"fixed",NA,"ResponseResponder:Days",-2.78172352394062e-05,4.13040480778752e-05,44,-0.673474793244459,0.504167753293829,"g__GGB74505","ZIGMM",1,5
"fixed",NA,"ResponseResponder:Days",4.27425372141089e-05,0.000103789005808031,44,0.411821434084897,0.682469681875801,"g__Bianquea","ZIGMM",1,8
"fixed",NA,"ResponseResponder:Days",-9.29380138981374e-06,1.13579944733181e-05,44,-0.818260777608805,0.417617810379563,"g__Anaerovorax","ZIGMM",1,4
"fixed",NA,"ResponseResponder:Days",-1.97786741650775e-06,1.36762601719346e-05,44,-0.144620487738788,0.885670935786516,"s__GGB9537_SGB14940","ZIGMM",1,4
"fixed",NA,"ResponseResponder:Days",-0.000317980181031747,0.00040856129251737,44,-0.778292478644995,0.440562002115205,"s__Peptacetobacter_hiranonis","ZIGMM",1,4
"fixed",NA,"ResponseResponder:Days",-2.0872547912948e-05,3.74577046473929e-05,44,-0.557229763794422,0.580194251065677,"s__Massiliimalia_timonensis","ZIGMM",1,3
"fixed",NA,"ResponseResponder:Days",-2.78172352394062e-05,4.13040480778752e-05,44,-0.673474793244459,0.504167753293829,"s__GGB74505_SGB47518","ZIGMM",1,5
"fixed",NA,"ResponseResponder:Days",3.49278224116823e-06,2.09335616829788e-05,44,0.166850834753468,0.868251855676481,"s__Bianquea_SGB71281","ZIGMM",1,4
"fixed",NA,"ResponseResponder:Days",-1.75242737587137e-06,1.27936143141803e-05,44,-0.13697672392148,0.891674059147275,"s__Clostridium_methylpentosum","ZIGMM",1,4
"fixed",NA,"ResponseResponder:Days",-9.29380138981374e-06,1.13579944733181e-05,44,-0.818260777608805,0.417617810379563,"s__Anaerovorax_odorimutans","ZIGMM",1,4
"fixed",NA,"ResponseResponder:Days",-3.28609031069148e-05,4.99829166399618e-05,44,-0.65744268874142,0.514321033893218,"s__Faecalicatena_contorta","ZIGMM",1,6
"fixed",NA,"ResponseResponder:Days",-1.57605727514295e-05,3.48548066243659e-05,44,-0.452177885285175,0.653362282083074,"o__Pseudomonadales","ZIGMM",1,2
"fixed",NA,"ResponseResponder:Days",-1.57605727514295e-05,3.48548066243659e-05,44,-0.452177885285175,0.653362282083074,"f__Pseudomonadaceae","ZIGMM",1,2
"fixed",NA,"ResponseResponder:Days",-1.57605727514295e-05,3.48548066243659e-05,44,-0.452177885285175,0.653362282083074,"g__Pseudomonas","ZIGMM",1,2
"fixed",NA,"ResponseResponder:Days",-6.01684539975404e-06,3.67886057076552e-05,44,-0.163551873848321,0.870832871010338,"g__Hydrogeniiclostridium","ZIGMM",1,7
"fixed",NA,"ResponseResponder:Days",0.000726377164292552,0.000694012521671243,44,1.04663409032357,0.300984107667292,"s__Streptococcus_lutetiensis","ZIGMM",1,3
"fixed",NA,"ResponseResponder:Days",-0.000607298090829117,0.000321955745109544,44,-1.88627816106368,0.0658683186742962,"s__Dysosmobacter_SGB15077","ZIGMM",1,4
"fixed",NA,"ResponseResponder:Days",-0.000360522558862269,0.000413822211452646,44,-0.871201566481224,0.388372912315713,"s__Collinsella_tanakaei","ZIGMM",1,7
"fixed",NA,"ResponseResponder:Days",2.41300978517386e-05,2.45402945806324e-05,44,0.98328476752608,0.330843473335526,"s__GGB33512_SGB15203","ZIGMM",1,2
"fixed",NA,"ResponseResponder:Days",-6.01684539975404e-06,3.67886057076552e-05,44,-0.163551873848321,0.870832871010338,"s__Hydrogeniiclostridium_mannosilyticum","ZIGMM",1,7
"fixed",NA,"ResponseResponder:Days",-6.00538189498287e-06,3.02973373918429e-05,44,-0.19821484037735,0.843789961880235,"g__GGB3818","ZIGMM",1,5
"fixed",NA,"ResponseResponder:Days",-2.05813900755955e-05,2.56945222957156e-05,44,-0.801003024641843,0.427434230149373,"g__GGB9423","ZIGMM",1,2
"fixed",NA,"ResponseResponder:Days",-6.00538189498287e-06,3.02973373918429e-05,44,-0.19821484037735,0.843789961880235,"s__GGB3818_SGB5183","ZIGMM",1,5
"fixed",NA,"ResponseResponder:Days",-2.05813900755955e-05,2.56945222957156e-05,44,-0.801003024641843,0.427434230149373,"s__GGB9423_SGB14792","ZIGMM",1,2
"fixed",NA,"ResponseResponder:Days",1.32164642078313e-05,2.88687572291241e-05,44,0.457812025053088,0.649340374553676,"g__GGB3034","ZIGMM",1,2
"fixed",NA,"ResponseResponder:Days",2.25109933800651e-06,4.42461216900797e-06,44,0.508767605390197,0.613456930055807,"g__Oxalobacter","ZIGMM",1,4
"fixed",NA,"ResponseResponder:Days",1.32164642078313e-05,2.88687572291241e-05,44,0.457812025053088,0.649340374553676,"s__GGB3034_SGB4030","ZIGMM",1,2
"fixed",NA,"ResponseResponder:Days",3.27872213213273e-06,3.9680149621578e-06,44,0.826287744225078,0.413099166030532,"s__Oxalobacter_formigenes","ZIGMM",1,3
"fixed",NA,"ResponseResponder:Days",2.40539495071391e-05,2.71289645711495e-05,44,0.886651956216549,0.380087033234454,"g__GGB9787","ZIGMM",1,2
"fixed",NA,"ResponseResponder:Days",0.000644719454604524,0.00071330100988227,44,0.903853276067749,0.370995412593059,"s__Klebsiella_variicola","ZIGMM",1,5
"fixed",NA,"ResponseResponder:Days",2.40539495071391e-05,2.71289645711495e-05,44,0.886651956216549,0.380087033234454,"s__GGB9787_SGB15410","ZIGMM",1,2
"fixed",NA,"ResponseResponder:Days",-1.10182679523354e-06,3.26545862324682e-07,44,-3.37418697450224,0.00155425846192085,"s__Collinsella_bouchesdurhonensis","ZIGMM",1,1
"fixed",NA,"ResponseResponder:Days",2.62535579239936e-05,2.78206148798105e-05,44,0.943672813753873,0.35048998912929,"c__CFGB79244","ZIGMM",1,2
"fixed",NA,"ResponseResponder:Days",-0.00012096825897612,5.5648666326657e-05,44,-2.17378541052606,0.0351443875394932,"c__CFGB36753","ZIGMM",1,3
"fixed",NA,"ResponseResponder:Days",1.10993981051804e-05,1.42224052681262e-05,44,0.780416384987654,0.439324234208373,"c__CFGB13532","ZIGMM",1,2
"fixed",NA,"ResponseResponder:Days",1.14114519483122e-05,1.16655061347125e-05,44,0.978221760507737,0.333312732674133,"c__CFGB1677","ZIGMM",1,1
"fixed",NA,"ResponseResponder:Days",2.62535579239936e-05,2.78206148798105e-05,44,0.943672813753873,0.35048998912929,"o__OFGB79244","ZIGMM",1,2
"fixed",NA,"ResponseResponder:Days",-0.00012096825897612,5.5648666326657e-05,44,-2.17378541052606,0.0351443875394932,"o__OFGB36753","ZIGMM",1,3
"fixed",NA,"ResponseResponder:Days",1.10993981051804e-05,1.42224052681262e-05,44,0.780416384987654,0.439324234208373,"o__OFGB13532","ZIGMM",1,2
"fixed",NA,"ResponseResponder:Days",1.14114519483122e-05,1.16655061347125e-05,44,0.978221760507737,0.333312732674133,"o__OFGB1677","ZIGMM",1,1
"fixed",NA,"ResponseResponder:Days",2.62535579239936e-05,2.78206148798105e-05,44,0.943672813753873,0.35048998912929,"f__FGB79244","ZIGMM",1,2
"fixed",NA,"ResponseResponder:Days",-0.00012096825897612,5.5648666326657e-05,44,-2.17378541052606,0.0351443875394932,"f__FGB36753","ZIGMM",1,3
"fixed",NA,"ResponseResponder:Days",1.10993981051804e-05,1.42224052681262e-05,44,0.780416384987654,0.439324234208373,"f__FGB13532","ZIGMM",1,2
"fixed",NA,"ResponseResponder:Days",1.14114519483122e-05,1.16655061347125e-05,44,0.978221760507737,0.333312732674133,"f__FGB1677","ZIGMM",1,1
"fixed",NA,"ResponseResponder:Days",2.62535579239936e-05,2.78206148798105e-05,44,0.943672813753873,0.35048998912929,"g__GGB3325","ZIGMM",1,2
"fixed",NA,"ResponseResponder:Days",1.91775925182798e-05,1.96045374691867e-05,44,0.978222135993877,0.33331254909224,"g__GGB9060","ZIGMM",1,1
"fixed",NA,"ResponseResponder:Days",-0.00012096825897612,5.5648666326657e-05,44,-2.17378541052606,0.0351443875394932,"g__GGB2658","ZIGMM",1,3
"fixed",NA,"ResponseResponder:Days",1.10993981051804e-05,1.42224052681262e-05,44,0.780416384987654,0.439324234208373,"g__GGB13532","ZIGMM",1,2
"fixed",NA,"ResponseResponder:Days",1.14114519483122e-05,1.16655061347125e-05,44,0.978221760507737,0.333312732674133,"g__GGB4716","ZIGMM",1,1
"fixed",NA,"ResponseResponder:Days",6.44746292546117e-07,6.58983300138114e-07,44,0.978395495623314,0.333227797676744,"g__GGB9696","ZIGMM",1,1
"fixed",NA,"ResponseResponder:Days",0.000320441820523645,0.000206373510057324,44,1.55272748151949,0.127652271164975,"s__Clostridium_SGB6179","ZIGMM",1,9
"fixed",NA,"ResponseResponder:Days",2.62535579239936e-05,2.78206148798105e-05,44,0.943672813753873,0.35048998912929,"s__GGB3325_SGB4402","ZIGMM",1,2
"fixed",NA,"ResponseResponder:Days",1.91775925182798e-05,1.96045374691867e-05,44,0.978222135993877,0.33331254909224,"s__GGB9060_SGB13977","ZIGMM",1,1
"fixed",NA,"ResponseResponder:Days",-0.00012096825897612,5.5648666326657e-05,44,-2.17378541052606,0.0351443875394932,"s__GGB2658_SGB3579","ZIGMM",1,3
"fixed",NA,"ResponseResponder:Days",1.10993981051804e-05,1.42224052681262e-05,44,0.780416384987654,0.439324234208373,"s__GGB13532_SGB14832","ZIGMM",1,2
"fixed",NA,"ResponseResponder:Days",1.14114519483122e-05,1.16655061347125e-05,44,0.978221760507737,0.333312732674133,"s__GGB4716_SGB6531","ZIGMM",1,1
"fixed",NA,"ResponseResponder:Days",-0.000112584244252963,4.23956232282061e-05,44,-2.65556290202288,0.0109842984852117,"s__Collinsella_SGB63083","ZIGMM",1,3
"fixed",NA,"ResponseResponder:Days",1.76258446970367e-05,1.15350752614575e-05,44,1.52802164680542,0.13366480520287,"s__GGB3033_SGB4028","ZIGMM",1,3
"fixed",NA,"ResponseResponder:Days",6.44746292546117e-07,6.58983300138114e-07,44,0.978395495623314,0.333227797676744,"s__GGB9696_SGB15212","ZIGMM",1,1
"fixed",NA,"ResponseResponder:Days",-4.64154013870938e-06,1.70537233570068e-05,44,-0.272171656684129,0.786763186978893,"g__GGB4605","ZIGMM",1,3
"fixed",NA,"ResponseResponder:Days",-5.38017817218979e-06,1.70528863372013e-05,44,-0.315499562115346,0.753873992417624,"s__GGB4605_SGB6376","ZIGMM",1,2
"fixed",NA,"ResponseResponder:Days",3.7028627835604e-06,1.03930054142993e-05,44,0.356284119554657,0.723330589239727,"s__Eubacterium_sp_AF34_35BH","ZIGMM",1,2
"fixed",NA,"ResponseResponder:Days",-4.24100394035619e-05,7.40954738292247e-05,44,-0.572370176096161,0.569984406880089,"g__Faecalitalea","ZIGMM",1,4
"fixed",NA,"ResponseResponder:Days",6.51784633514171e-07,9.16206121704469e-07,44,0.711395195986707,0.480594060918093,"g__Luoshenia","ZIGMM",1,2
"fixed",NA,"ResponseResponder:Days",-4.24100394035619e-05,7.40954738292247e-05,44,-0.572370176096161,0.569984406880089,"s__Faecalitalea_cylindroides","ZIGMM",1,4
"fixed",NA,"ResponseResponder:Days",3.15491254463674e-06,2.76330748013256e-06,44,1.14171606573634,0.259747552522654,"s__Eubacterium_hominis","ZIGMM",1,1
"fixed",NA,"ResponseResponder:Days",-1.3919977357644e-05,1.39269616433118e-05,44,-0.999498506146092,0.323018500645048,"s__GGB9580_SGB14998","ZIGMM",1,4
"fixed",NA,"ResponseResponder:Days",6.51784633514171e-07,9.16206121704469e-07,44,0.711395195986707,0.480594060918093,"s__Luoshenia_tenuis","ZIGMM",1,2
"fixed",NA,"ResponseResponder:Days",3.80667539958616e-06,7.22901153009254e-06,44,0.526583113575063,0.601127816019989,"g__GGB3152","ZIGMM",1,1
"fixed",NA,"ResponseResponder:Days",3.80667539958616e-06,7.22901153009254e-06,44,0.526583113575063,0.601127816019989,"s__GGB3152_SGB4165","ZIGMM",1,1
"fixed",NA,"ResponseResponder:Days",1.41207448122578e-06,2.67969289046074e-06,44,0.526953848425143,0.600872484128324,"s__Eubacteriales_unclassified_SGB15148","ZIGMM",1,1
"fixed",NA,"ResponseResponder:Days",0.000106783831985413,0.000173150385872493,44,0.61671148722734,0.540603116198136,"s__Turicibacter_bilis","ZIGMM",1,6
"fixed",NA,"ResponseResponder:Days",-0.000132622906997265,0.00026112266631007,44,-0.507895039796285,0.614063739539617,"g__GGB9613","ZIGMM",1,2
"fixed",NA,"ResponseResponder:Days",-0.000132622906997265,0.00026112266631007,44,-0.507895039796285,0.614063739539617,"s__GGB9613_SGB15048","ZIGMM",1,2
"fixed",NA,"ResponseResponder:Days",-9.98659760540444e-05,0.000158833973523733,44,-0.628744429409632,0.532767035647008,"g__GGB3277","ZIGMM",1,4
"fixed",NA,"ResponseResponder:Days",-9.98659760540444e-05,0.000158833973523733,44,-0.628744429409632,0.532767035647008,"s__GGB3277_SGB4327","ZIGMM",1,4
"fixed",NA,"ResponseResponder:Days",1.09910684063963e-05,1.34985004819479e-05,44,0.814243657737773,0.419890447881696,"s__Lachnospiraceae_bacterium_OF09_6","ZIGMM",1,3
"fixed",NA,"ResponseResponder:Days",-0.000234252631369663,0.000151832357047988,44,-1.54283734985175,0.130032551630746,"c__CFGB79093","ZIGMM",1,2
"fixed",NA,"ResponseResponder:Days",-9.15022177293599e-06,8.01087620317708e-06,44,-1.14222483794058,0.259538339781478,"c__CFGB77220","ZIGMM",1,2
"fixed",NA,"ResponseResponder:Days",-1.81224675635346e-06,2.06293010805947e-06,44,-0.878481897798358,0.384454459312682,"c__CFGB1262","ZIGMM",1,1
"fixed",NA,"ResponseResponder:Days",-0.000234252631369663,0.000151832357047988,44,-1.54283734985175,0.130032551630746,"o__OFGB79093","ZIGMM",1,2
"fixed",NA,"ResponseResponder:Days",-9.15022177293599e-06,8.01087620317708e-06,44,-1.14222483794058,0.259538339781478,"o__OFGB77220","ZIGMM",1,2
"fixed",NA,"ResponseResponder:Days",-1.81224675635346e-06,2.06293010805947e-06,44,-0.878481897798358,0.384454459312682,"o__OFGB1262","ZIGMM",1,1
"fixed",NA,"ResponseResponder:Days",-0.000234252631369663,0.000151832357047988,44,-1.54283734985175,0.130032551630746,"f__FGB79093","ZIGMM",1,2
"fixed",NA,"ResponseResponder:Days",-9.15022177293599e-06,8.01087620317708e-06,44,-1.14222483794058,0.259538339781478,"f__FGB77220","ZIGMM",1,2
"fixed",NA,"ResponseResponder:Days",-1.81224675635346e-06,2.06293010805947e-06,44,-0.878481897798358,0.384454459312682,"f__FGB1262","ZIGMM",1,1
"fixed",NA,"ResponseResponder:Days",-0.000234252631369663,0.000151832357047988,44,-1.54283734985175,0.130032551630746,"g__GGB4751","ZIGMM",1,2
"fixed",NA,"ResponseResponder:Days",-0.000215852879148752,9.93990684190189e-05,44,-2.17157849245447,0.0353211625774593,"g__GGB4769","ZIGMM",1,2
"fixed",NA,"ResponseResponder:Days",0.000238817830470285,0.000274317935206679,44,0.870587737146506,0.38870443675657,"g__GGB4456","ZIGMM",1,9
"fixed",NA,"ResponseResponder:Days",-9.15022177293599e-06,8.01087620317708e-06,44,-1.14222483794058,0.259538339781478,"g__GGB4773","ZIGMM",1,2
"fixed",NA,"ResponseResponder:Days",-1.81224675635346e-06,2.06293010805947e-06,44,-0.878481897798358,0.384454459312682,"g__GGB3061","ZIGMM",1,1
"fixed",NA,"ResponseResponder:Days",-0.000234252631369663,0.000151832357047988,44,-1.54283734985175,0.130032551630746,"s__GGB4751_SGB6580","ZIGMM",1,2
"fixed",NA,"ResponseResponder:Days",-0.000215852879148752,9.93990684190189e-05,44,-2.17157849245447,0.0353211625774593,"s__GGB4769_SGB6602","ZIGMM",1,2
"fixed",NA,"ResponseResponder:Days",0.000238817830470285,0.000274317935206679,44,0.870587737146506,0.38870443675657,"s__GGB4456_SGB6141","ZIGMM",1,9
"fixed",NA,"ResponseResponder:Days",-9.15022177293599e-06,8.01087620317708e-06,44,-1.14222483794058,0.259538339781478,"s__GGB4773_SGB6607","ZIGMM",1,2
"fixed",NA,"ResponseResponder:Days",-1.81224675635346e-06,2.06293010805947e-06,44,-0.878481897798358,0.384454459312682,"s__GGB3061_SGB4063","ZIGMM",1,1
"fixed",NA,"ResponseResponder:Days",-6.54859409874873e-05,3.84364171739236e-05,44,-1.70374727413238,0.0954822444026717,"g__GGB9445","ZIGMM",1,1
"fixed",NA,"ResponseResponder:Days",2.75174136775261e-05,4.89952236221567e-05,44,0.561634617483042,0.577214732622995,"s__Clostridiaceae_unclassified_SGB4771","ZIGMM",1,5
"fixed",NA,"ResponseResponder:Days",-6.54859409874873e-05,3.84364171739236e-05,44,-1.70374727413238,0.0954822444026717,"s__GGB9445_SGB14835","ZIGMM",1,1
"fixed",NA,"ResponseResponder:Days",6.75203079141225e-06,5.5913609689419e-06,44,1.20758270283702,0.233659086666176,"s__Oscillospiraceae_bacterium_Marseille_Q3528","ZIGMM",1,6
"fixed",NA,"ResponseResponder:Days",0.000217651535235069,0.000172509299612616,44,1.26168001217223,0.2137116660407,"c__CFGB11739","ZIGMM",1,2
"fixed",NA,"ResponseResponder:Days",0.000217651535235069,0.000172509299612616,44,1.26168001217223,0.2137116660407,"o__OFGB11739","ZIGMM",1,2
"fixed",NA,"ResponseResponder:Days",0.000217651535235069,0.000172509299612616,44,1.26168001217223,0.2137116660407,"f__FGB11739","ZIGMM",1,2
"fixed",NA,"ResponseResponder:Days",0.000217651535235069,0.000172509299612616,44,1.26168001217223,0.2137116660407,"g__GGB34231","ZIGMM",1,2
"fixed",NA,"ResponseResponder:Days",-2.64895927381247e-05,3.25583541230622e-05,44,-0.813603557415736,0.420253270208109,"s__Pseudomonas_fragi","ZIGMM",1,1
"fixed",NA,"ResponseResponder:Days",0.000217651535235069,0.000172509299612616,44,1.26168001217223,0.2137116660407,"s__GGB34231_SGB47113","ZIGMM",1,2
"fixed",NA,"ResponseResponder:Days",5.71278147765681e-07,1.68565128016254e-06,44,0.338906483499123,0.736292312839095,"g__Diplocloster","ZIGMM",1,2
"fixed",NA,"ResponseResponder:Days",-3.12554647662261e-07,4.25806852916599e-07,44,-0.734029162568409,0.466824638084858,"s__Diplocloster_agilis","ZIGMM",1,1
"fixed",NA,"ResponseResponder:Days",7.38230553884109e-06,6.20589870467832e-06,44,1.18956268707318,0.240597974675215,"g__GGB32387","ZIGMM",1,1
"fixed",NA,"ResponseResponder:Days",5.39137166710965e-05,4.78160891267468e-05,44,1.12752250666479,0.265632839422384,"g__GGB9361","ZIGMM",1,3
"fixed",NA,"ResponseResponder:Days",-0.000380513370214108,0.000313455609532422,44,-1.21393064485818,0.231249990763188,"s__GGB9545_SGB14951","ZIGMM",1,3
"fixed",NA,"ResponseResponder:Days",7.38230553884109e-06,6.20589870467832e-06,44,1.18956268707318,0.240597974675215,"s__GGB32387_SGB47381","ZIGMM",1,1
"fixed",NA,"ResponseResponder:Days",5.39137166710965e-05,4.78160891267468e-05,44,1.12752250666479,0.265632839422384,"s__GGB9361_SGB14336","ZIGMM",1,3
"fixed",NA,"ResponseResponder:Days",-0.000275974192198653,0.000387694350041024,44,-0.711834444245707,0.480324682120076,"g__Caproicibacterium","ZIGMM",1,1
"fixed",NA,"ResponseResponder:Days",-3.00902488523784e-05,0.00010446364517946,44,-0.28804517399987,0.774664663622816,"g__Leuconostoc","ZIGMM",1,2
"fixed",NA,"ResponseResponder:Days",-2.77439184776108e-05,3.89763615793661e-05,44,-0.711813965013561,0.480337239574054,"g__Candidatus_Galacturonibacter","ZIGMM",1,1
"fixed",NA,"ResponseResponder:Days",-2.2097199550307e-05,3.10435055744767e-05,44,-0.711813925050877,0.480337264078551,"g__Terrisporobacter","ZIGMM",1,1
"fixed",NA,"ResponseResponder:Days",-2.11411814995936e-06,2.97004342856409e-06,44,-0.711813884479616,0.480337288956218,"g__Luxibacter","ZIGMM",1,1
"fixed",NA,"ResponseResponder:Days",-7.11078801775402e-05,0.000247572368937563,44,-0.287220583147844,0.775291789864012,"s__Oscillibacter_ruminantium","ZIGMM",1,1
"fixed",NA,"ResponseResponder:Days",-0.000275974192198653,0.000387694350041024,44,-0.711834444245707,0.480324682120076,"s__Caproicibacterium_amylolyticum","ZIGMM",1,1
"fixed",NA,"ResponseResponder:Days",-0.000196583025977344,0.000276170872428332,44,-0.711816652671646,0.480335591545527,"s__GGB9480_SGB14876","ZIGMM",1,1
"fixed",NA,"ResponseResponder:Days",-5.61578741498578e-05,8.35693938065397e-05,44,-0.671990923852593,0.505102887625249,"s__Lachnoclostridium_phytofermentans","ZIGMM",1,2
"fixed",NA,"ResponseResponder:Days",-8.07802907838197e-05,0.000113484399235895,44,-0.711818464279884,0.480334480698415,"s__Clostridium_sporosphaeroides","ZIGMM",1,1
"fixed",NA,"ResponseResponder:Days",-6.31711653615178e-05,8.87465286094084e-05,44,-0.711815620862727,0.480336224233713,"s__Lachnospiraceae_bacterium_MD329","ZIGMM",1,1
"fixed",NA,"ResponseResponder:Days",-5.17260264564651e-05,7.26678277472777e-05,44,-0.711814678654721,0.48033680198051,"s__Leuconostoc_lactis","ZIGMM",1,1
"fixed",NA,"ResponseResponder:Days",-2.77439184776108e-05,3.89763615793661e-05,44,-0.711813965013561,0.480337239574054,"s__Candidatus_Galacturonibacter_soehngenii","ZIGMM",1,1
"fixed",NA,"ResponseResponder:Days",-2.33714246775941e-05,3.854614434199e-05,44,-0.606323280228435,0.547415741773593,"s__Lacticaseibacillus_paracasei","ZIGMM",1,2
"fixed",NA,"ResponseResponder:Days",-2.2097199550307e-05,3.10435055744767e-05,44,-0.711813925050877,0.480337264078551,"s__Terrisporobacter_mayombei","ZIGMM",1,1
"fixed",NA,"ResponseResponder:Days",1.919271611211e-06,7.35728483864866e-05,44,0.0260866835157563,0.979306155248629,"s__Streptococcus_anginosus","ZIGMM",1,4
"fixed",NA,"ResponseResponder:Days",-6.64159611948135e-06,9.33052270264856e-06,44,-0.711813939169353,0.480337255421321,"s__Clostridium_cuniculi","ZIGMM",1,1
"fixed",NA,"ResponseResponder:Days",-2.11411814995936e-06,2.97004342856409e-06,44,-0.711813884479616,0.480337288956218,"s__Luxibacter_massiliensis","ZIGMM",1,1
"fixed",NA,"ResponseResponder:Days",-2.46729555450421e-05,1.4481699613889e-05,44,-1.70373341547417,0.0954848560895899,"c__CFGB9583","ZIGMM",1,1
"fixed",NA,"ResponseResponder:Days",-2.46729555450421e-05,1.4481699613889e-05,44,-1.70373341547417,0.0954848560895899,"o__OFGB9583","ZIGMM",1,1
"fixed",NA,"ResponseResponder:Days",-2.46729555450421e-05,1.4481699613889e-05,44,-1.70373341547417,0.0954848560895899,"f__FGB9583","ZIGMM",1,1
"fixed",NA,"ResponseResponder:Days",2.43947197014918e-05,0.000144105300913217,44,0.169283985716686,0.866349154580525,"g__GGB6572","ZIGMM",1,3
"fixed",NA,"ResponseResponder:Days",-2.46729555450421e-05,1.4481699613889e-05,44,-1.70373341547417,0.0954848560895899,"g__GGB3490","ZIGMM",1,1
"fixed",NA,"ResponseResponder:Days",2.43947197014918e-05,0.000144105300913217,44,0.169283985716686,0.866349154580525,"s__GGB6572_SGB9284","ZIGMM",1,3
"fixed",NA,"ResponseResponder:Days",-2.46729555450421e-05,1.4481699613889e-05,44,-1.70373341547417,0.0954848560895899,"s__GGB3490_SGB4664","ZIGMM",1,1
"fixed",NA,"ResponseResponder:Days",-1.52085464563581e-05,1.60706000348706e-05,44,-0.946358345261411,0.349134309197102,"c__CFGB75783","ZIGMM",1,2
"fixed",NA,"ResponseResponder:Days",-2.47547042493869e-06,3.82282930788647e-06,44,-0.647549295447696,0.5206410718775,"c__CFGB77508","ZIGMM",1,1
"fixed",NA,"ResponseResponder:Days",-1.52085464563581e-05,1.60706000348706e-05,44,-0.946358345261411,0.349134309197102,"o__OFGB75783","ZIGMM",1,2
"fixed",NA,"ResponseResponder:Days",-2.47547042493869e-06,3.82282930788647e-06,44,-0.647549295447696,0.5206410718775,"o__OFGB77508","ZIGMM",1,1
"fixed",NA,"ResponseResponder:Days",-1.52085464563581e-05,1.60706000348706e-05,44,-0.946358345261411,0.349134309197102,"f__FGB75783","ZIGMM",1,2
"fixed",NA,"ResponseResponder:Days",-2.47547042493869e-06,3.82282930788647e-06,44,-0.647549295447696,0.5206410718775,"f__FGB77508","ZIGMM",1,1
"fixed",NA,"ResponseResponder:Days",-1.52085464563581e-05,1.60706000348706e-05,44,-0.946358345261411,0.349134309197102,"g__GGB79420","ZIGMM",1,2
"fixed",NA,"ResponseResponder:Days",-2.47547042493869e-06,3.82282930788647e-06,44,-0.647549295447696,0.5206410718775,"g__GGB3257","ZIGMM",1,1
"fixed",NA,"ResponseResponder:Days",-1.52085464563581e-05,1.60706000348706e-05,44,-0.946358345261411,0.349134309197102,"s__GGB79420_SGB105987","ZIGMM",1,2
"fixed",NA,"ResponseResponder:Days",-2.47547042493869e-06,3.82282930788647e-06,44,-0.647549295447696,0.5206410718775,"s__GGB3257_SGB4304","ZIGMM",1,1
"fixed",NA,"ResponseResponder:Days",-7.18051476523125e-06,4.43355960127865e-05,44,-0.16195823245864,0.872080203485595,"s__GGB9715_SGB15266","ZIGMM",1,2
"fixed",NA,"ResponseResponder:Days",1.85829825079714e-05,1.30456084883666e-05,44,1.42446268600983,0.161366885473809,"g__GGB3534","ZIGMM",1,4
"fixed",NA,"ResponseResponder:Days",1.02287452589687e-06,1.60259658591925e-06,44,0.638260766860516,0.526612174776141,"g__GGB45656","ZIGMM",1,1
"fixed",NA,"ResponseResponder:Days",1.85829825079714e-05,1.30456084883666e-05,44,1.42446268600983,0.161366885473809,"s__GGB3534_SGB4722","ZIGMM",1,4
"fixed",NA,"ResponseResponder:Days",1.02287452589687e-06,1.60259658591925e-06,44,0.638260766860516,0.526612174776141,"s__GGB45656_SGB63370","ZIGMM",1,1
"fixed",NA,"ResponseResponder:Days",1.26794223290731e-07,9.83767246689654e-07,44,0.128886404500037,0.898034886179468,"s__Oscillibacter_sp_PC13","ZIGMM",1,1
"fixed",NA,"ResponseResponder:Days",-1.88615557816605e-06,7.05570117729327e-06,44,-0.267323619690145,0.790469072556228,"c__CFGB3071","ZIGMM",1,1
"fixed",NA,"ResponseResponder:Days",-1.88615557816605e-06,7.05570117729327e-06,44,-0.267323619690145,0.790469072556228,"o__OFGB3071","ZIGMM",1,1
"fixed",NA,"ResponseResponder:Days",-1.88615557816605e-06,7.05570117729327e-06,44,-0.267323619690145,0.790469072556228,"f__FGB3071","ZIGMM",1,1
"fixed",NA,"ResponseResponder:Days",-0.000143576527956896,0.000313650025789237,44,-0.457760293803947,0.649377254878684,"g__Bariatricus","ZIGMM",1,5
"fixed",NA,"ResponseResponder:Days",4.10830800624314e-06,2.7439103003848e-05,44,0.149724573928929,0.881666132823578,"g__Lactonifactor","ZIGMM",1,5
"fixed",NA,"ResponseResponder:Days",-7.73943546486231e-06,1.68168994558192e-05,44,-0.460217740208002,0.647626271573094,"g__GGB9769","ZIGMM",1,2
"fixed",NA,"ResponseResponder:Days",-1.88615557816605e-06,7.05570117729327e-06,44,-0.267323619690145,0.790469072556228,"g__GGB34197","ZIGMM",1,1
"fixed",NA,"ResponseResponder:Days",-5.40682462326261e-07,2.02156730573567e-06,44,-0.267457066995601,0.790366998110831,"g__GGB3538","ZIGMM",1,1
"fixed",NA,"ResponseResponder:Days",0.0161022695831215,0.0106622675809268,44,1.51021060584955,0.138138378312878,"s__GGB4567_SGB6307","ZIGMM",1,3
"fixed",NA,"ResponseResponder:Days",-5.67038518447984e-05,0.00119914721006871,44,-0.0472868146368362,0.962498619914811,"s__Eubacterium_coprostanoligenes","ZIGMM",1,2
"fixed",NA,"ResponseResponder:Days",-0.000317933652171923,0.000673184960405726,44,-0.472282761605823,0.639059064561222,"s__Desulfovibrio_sp_86","ZIGMM",1,3
"fixed",NA,"ResponseResponder:Days",-0.000143576527956896,0.000313650025789237,44,-0.457760293803947,0.649377254878684,"s__Bariatricus_massiliensis","ZIGMM",1,5
"fixed",NA,"ResponseResponder:Days",4.10830800624314e-06,2.7439103003848e-05,44,0.149724573928929,0.881666132823578,"s__Lactonifactor_longoviformis","ZIGMM",1,5
"fixed",NA,"ResponseResponder:Days",2.12238968696831e-05,3.52741083843805e-05,44,0.601684857301202,0.550471764134128,"s__Actinomyces_sp_ICM47","ZIGMM",1,3
"fixed",NA,"ResponseResponder:Days",0.000152041971209724,0.000197013455139646,44,0.771733946303079,0.444397206802941,"s__Clostridium_sp_NSJ_42","ZIGMM",1,4
"fixed",NA,"ResponseResponder:Days",-7.73943546486231e-06,1.68168994558192e-05,44,-0.460217740208002,0.647626271573094,"s__GGB9769_SGB15388","ZIGMM",1,2
"fixed",NA,"ResponseResponder:Days",-3.84423571648177e-06,1.43804544624475e-05,44,-0.267323659799518,0.790469041875829,"s__Clostridium_thermobutyricum","ZIGMM",1,1
"fixed",NA,"ResponseResponder:Days",-3.24095889281888e-06,1.2123727156201e-05,44,-0.267323641571824,0.790469055818528,"s__Ruminococcus_gauvreauii","ZIGMM",1,1
"fixed",NA,"ResponseResponder:Days",-1.88615557816605e-06,7.05570117729327e-06,44,-0.267323619690145,0.790469072556228,"s__GGB34197_SGB53486","ZIGMM",1,1
"fixed",NA,"ResponseResponder:Days",-7.39292763185726e-07,2.76364921420823e-06,44,-0.267506005966654,0.790329565403445,"s__Christensenella_hongkongensis","ZIGMM",1,1
"fixed",NA,"ResponseResponder:Days",-5.40682462326261e-07,2.02156730573567e-06,44,-0.267457066995601,0.790366998110831,"s__GGB3538_SGB4728","ZIGMM",1,1
"fixed",NA,"ResponseResponder:Days",-1.26348986054629e-05,3.37903424399847e-05,44,-0.373920407225936,0.710259367449801,"c__CFGB2964","ZIGMM",1,2
"fixed",NA,"ResponseResponder:Days",-1.26348986054629e-05,3.37903424399847e-05,44,-0.373920407225936,0.710259367449801,"o__OFGB2964","ZIGMM",1,2
"fixed",NA,"ResponseResponder:Days",-1.26348986054629e-05,3.37903424399847e-05,44,-0.373920407225936,0.710259367449801,"f__FGB2964","ZIGMM",1,2
"fixed",NA,"ResponseResponder:Days",-0.000502171024818879,0.00105301386945589,44,-0.476889278845261,0.635801052829775,"g__GGB4386","ZIGMM",1,2
"fixed",NA,"ResponseResponder:Days",4.93843401030786e-05,0.000199837847847019,44,0.247122057383662,0.805963227951804,"g__GGB4249","ZIGMM",1,3
"fixed",NA,"ResponseResponder:Days",-1.26348986054629e-05,3.37903424399847e-05,44,-0.373920407225936,0.710259367449801,"g__GGB9309","ZIGMM",1,2
"fixed",NA,"ResponseResponder:Days",-0.000502171024818879,0.00105301386945589,44,-0.476889278845261,0.635801052829775,"s__GGB4386_SGB6036","ZIGMM",1,2
"fixed",NA,"ResponseResponder:Days",-2.84171513081307e-05,0.000476815817855087,44,-0.0595977529352166,0.952745876780739,"s__Blautia_faecicola","ZIGMM",1,2
"fixed",NA,"ResponseResponder:Days",4.93843401030786e-05,0.000199837847847019,44,0.247122057383662,0.805963227951804,"s__GGB4249_SGB5749","ZIGMM",1,3
"fixed",NA,"ResponseResponder:Days",-1.26348986054629e-05,3.37903424399847e-05,44,-0.373920407225936,0.710259367449801,"s__GGB9309_SGB14270","ZIGMM",1,2
"fixed",NA,"ResponseResponder:Days",2.43707738116057e-05,2.28047833044524e-05,44,1.06866938774409,0.291046747246966,"c__CFGB2959","ZIGMM",1,3
"fixed",NA,"ResponseResponder:Days",2.43707738116057e-05,2.28047833044524e-05,44,1.06866938774409,0.291046747246966,"o__OFGB2959","ZIGMM",1,3
"fixed",NA,"ResponseResponder:Days",2.43707738116057e-05,2.28047833044524e-05,44,1.06866938774409,0.291046747246966,"f__FGB2959","ZIGMM",1,3
"fixed",NA,"ResponseResponder:Days",0.000373455902213434,0.000469603162669735,44,0.795258490360891,0.430732394492031,"g__Citrobacter","ZIGMM",1,1
"fixed",NA,"ResponseResponder:Days",9.85401794808128e-05,9.73201508968919e-05,44,1.01253623810359,0.316817557455505,"g__GGB9359","ZIGMM",1,2
"fixed",NA,"ResponseResponder:Days",2.43707738116057e-05,2.28047833044524e-05,44,1.06866938774409,0.291046747246966,"g__GGB9301","ZIGMM",1,3
"fixed",NA,"ResponseResponder:Days",8.23747682835656e-07,1.35895779340403e-06,44,0.606161344255044,0.547522286790729,"g__Ligaoa","ZIGMM",1,3
"fixed",NA,"ResponseResponder:Days",0.000194381286810913,0.000244480971084096,44,0.795077367162657,0.430836632286616,"s__Citrobacter_braakii","ZIGMM",1,1
"fixed",NA,"ResponseResponder:Days",0.000183058224404442,0.000230244925410265,44,0.795058671014166,0.430847392925806,"s__Enterobacter_kobei","ZIGMM",1,1
"fixed",NA,"ResponseResponder:Days",0.000178907018795693,0.00022502537929314,44,0.795052626320124,0.430850872006893,"s__Citrobacter_portucalensis","ZIGMM",1,1
"fixed",NA,"ResponseResponder:Days",0.000125547085030865,0.000146148448266324,44,0.859038098044553,0.394975492757873,"s__Klebsiella_michiganensis","ZIGMM",1,2
"fixed",NA,"ResponseResponder:Days",9.85401794808128e-05,9.73201508968919e-05,44,1.01253623810359,0.316817557455505,"s__GGB9359_SGB14334","ZIGMM",1,2
"fixed",NA,"ResponseResponder:Days",1.9933952039948e-05,2.50744566006159e-05,44,0.794990390318503,0.430886693509228,"s__Alistipes_provencensis","ZIGMM",1,1
"fixed",NA,"ResponseResponder:Days",2.43707738116057e-05,2.28047833044524e-05,44,1.06866938774409,0.291046747246966,"s__GGB9301_SGB14262","ZIGMM",1,3
"fixed",NA,"ResponseResponder:Days",8.23747682835656e-07,1.35895779340403e-06,44,0.606161344255044,0.547522286790729,"s__Ligaoa_zhengdingensis","ZIGMM",1,3
"fixed",NA,"ResponseResponder:Days",-6.00651921404837e-07,3.0629420530587e-06,44,-0.196102933388837,0.845432511531769,"g__GGB45432","ZIGMM",1,3
"fixed",NA,"ResponseResponder:Days",-6.00651921404837e-07,3.0629420530587e-06,44,-0.196102933388837,0.845432511531769,"s__GGB45432_SGB63101","ZIGMM",1,3
"fixed",NA,"ResponseResponder:Days",5.9616025862552e-05,0.000200179087232758,44,0.297813456373859,0.76724726706358,"g__Amedibacterium","ZIGMM",1,2
"fixed",NA,"ResponseResponder:Days",5.9616025862552e-05,0.000200179087232758,44,0.297813456373859,0.76724726706358,"s__Amedibacterium_intestinale","ZIGMM",1,2
"fixed",NA,"ResponseResponder:Days",6.81337911756724e-05,0.000242757851809009,44,0.280665653728379,0.780282372670104,"g__GGB4585","ZIGMM",1,4
"fixed",NA,"ResponseResponder:Days",-1.11470731879944e-05,2.317698512675e-05,44,-0.48095440917071,0.632931983389371,"g__Paratractidigestivibacter","ZIGMM",1,2
"fixed",NA,"ResponseResponder:Days",0.000256202415940007,0.000269520419059179,44,0.950586292624277,0.347006993708599,"g__GGB3340","ZIGMM",1,2
"fixed",NA,"ResponseResponder:Days",-0.00026662150997571,0.000148887388848895,44,-1.79075952662655,0.0802131259333756,"g__Enteroscipio","ZIGMM",1,4
"fixed",NA,"ResponseResponder:Days",-0.000142164472346121,8.79779256463272e-05,44,-1.61591071057557,0.1132622850494,"g__GGB25442","ZIGMM",1,2
"fixed",NA,"ResponseResponder:Days",-2.9504081938288e-05,2.26534290737508e-05,44,-1.3024112968608,0.199552092247018,"g__GGB3352","ZIGMM",1,4
"fixed",NA,"ResponseResponder:Days",-0.00109047796121217,0.000660753655006127,44,-1.65035479251652,0.105991866851814,"s__Alistipes_montrealensis","ZIGMM",1,3
"fixed",NA,"ResponseResponder:Days",6.81337911756724e-05,0.000242757851809009,44,0.280665653728379,0.780282372670104,"s__GGB4585_SGB6340","ZIGMM",1,4
"fixed",NA,"ResponseResponder:Days",-1.11470731879944e-05,2.317698512675e-05,44,-0.48095440917071,0.632931983389371,"s__Paratractidigestivibacter_faecalis","ZIGMM",1,2
"fixed",NA,"ResponseResponder:Days",0.000256202415940007,0.000269520419059179,44,0.950586292624277,0.347006993708599,"s__GGB3340_SGB4419","ZIGMM",1,2
"fixed",NA,"ResponseResponder:Days",-0.00026662150997571,0.000148887388848895,44,-1.79075952662655,0.0802131259333756,"s__Enteroscipio_rubneri","ZIGMM",1,4
"fixed",NA,"ResponseResponder:Days",-0.000142164472346121,8.79779256463272e-05,44,-1.61591071057557,0.1132622850494,"s__GGB25442_SGB37397","ZIGMM",1,2
"fixed",NA,"ResponseResponder:Days",-2.9504081938288e-05,2.26534290737508e-05,44,-1.3024112968608,0.199552092247018,"s__GGB3352_SGB62935","ZIGMM",1,4
"fixed",NA,"ResponseResponder:Days",-0.000134526458097675,7.89539176860675e-05,44,-1.70386045481077,0.0954609175323191,"c__CFGB58291","ZIGMM",1,1
"fixed",NA,"ResponseResponder:Days",-4.42538924228808e-06,2.59352336950373e-06,44,-1.70632325674199,0.0949978228068055,"c__CFGB2924","ZIGMM",1,1
"fixed",NA,"ResponseResponder:Days",-3.89149318306852e-06,2.28104733339986e-06,44,-1.706011587786,0.095056324630146,"c__CFGB38791","ZIGMM",1,1
"fixed",NA,"ResponseResponder:Days",-0.000134526458097675,7.89539176860675e-05,44,-1.70386045481077,0.0954609175323191,"o__OFGB58291","ZIGMM",1,1
"fixed",NA,"ResponseResponder:Days",-4.42538924228808e-06,2.59352336950373e-06,44,-1.70632325674199,0.0949978228068055,"o__OFGB2924","ZIGMM",1,1
"fixed",NA,"ResponseResponder:Days",-3.89149318306852e-06,2.28104733339986e-06,44,-1.706011587786,0.095056324630146,"o__OFGB38791","ZIGMM",1,1
"fixed",NA,"ResponseResponder:Days",-0.000134526458097675,7.89539176860675e-05,44,-1.70386045481077,0.0954609175323191,"f__FGB58291","ZIGMM",1,1
"fixed",NA,"ResponseResponder:Days",-4.42538924228808e-06,2.59352336950373e-06,44,-1.70632325674199,0.0949978228068055,"f__FGB2924","ZIGMM",1,1
"fixed",NA,"ResponseResponder:Days",-3.89149318306852e-06,2.28104733339986e-06,44,-1.706011587786,0.095056324630146,"f__FGB38791","ZIGMM",1,1
"fixed",NA,"ResponseResponder:Days",-0.000134526458097675,7.89539176860675e-05,44,-1.70386045481077,0.0954609175323191,"g__GGB9263","ZIGMM",1,1
"fixed",NA,"ResponseResponder:Days",-9.23420584927454e-05,5.41985441692778e-05,44,-1.70377378042359,0.0954772494133187,"g__GGB3204","ZIGMM",1,1
"fixed",NA,"ResponseResponder:Days",-4.70602529184272e-06,2.75772703189224e-06,44,-1.70648698635471,0.0949671018935149,"g__GGB4584","ZIGMM",1,1
"fixed",NA,"ResponseResponder:Days",-4.42538924228808e-06,2.59352336950373e-06,44,-1.70632325674199,0.0949978228068055,"g__GGB9247","ZIGMM",1,1
"fixed",NA,"ResponseResponder:Days",-3.89149318306852e-06,2.28104733339986e-06,44,-1.706011587786,0.095056324630146,"g__GGB9252","ZIGMM",1,1
"fixed",NA,"ResponseResponder:Days",-3.73771170281291e-06,2.19102174850829e-06,44,-1.70592177159248,0.0950731891187978,"g__GGB9079","ZIGMM",1,1
"fixed",NA,"ResponseResponder:Days",-0.000134526458097675,7.89539176860675e-05,44,-1.70386045481077,0.0954609175323191,"s__GGB9263_SGB14211","ZIGMM",1,1
"fixed",NA,"ResponseResponder:Days",-9.23420584927454e-05,5.41985441692778e-05,44,-1.70377378042359,0.0954772494133187,"s__GGB3204_SGB4228","ZIGMM",1,1
"fixed",NA,"ResponseResponder:Days",-4.70602529184272e-06,2.75772703189224e-06,44,-1.70648698635471,0.0949671018935149,"s__GGB4584_SGB6338","ZIGMM",1,1
"fixed",NA,"ResponseResponder:Days",-4.42538924228808e-06,2.59352336950373e-06,44,-1.70632325674199,0.0949978228068055,"s__GGB9247_SGB14190","ZIGMM",1,1
"fixed",NA,"ResponseResponder:Days",-3.89149318306852e-06,2.28104733339986e-06,44,-1.706011587786,0.095056324630146,"s__GGB9252_SGB14196","ZIGMM",1,1
"fixed",NA,"ResponseResponder:Days",-3.73771170281291e-06,2.19102174850829e-06,44,-1.70592177159248,0.0950731891187978,"s__GGB9079_SGB14003","ZIGMM",1,1
"fixed",NA,"ResponseResponder:Days",0.000133009798111931,9.35941642947058e-05,44,1.42113345542693,0.162326901847953,"c__CFGB1780","ZIGMM",1,3
"fixed",NA,"ResponseResponder:Days",6.51980043271035e-06,4.9972803411657e-06,44,1.30466973785775,0.198788222231562,"c__CFGB2930","ZIGMM",1,1
"fixed",NA,"ResponseResponder:Days",1.42909951116566e-06,1.89753620484811e-06,44,0.75313425246611,0.455380273219018,"c__CFGB79245","ZIGMM",1,2
"fixed",NA,"ResponseResponder:Days",0.000133009798111931,9.35941642947058e-05,44,1.42113345542693,0.162326901847953,"o__OFGB1780","ZIGMM",1,3
"fixed",NA,"ResponseResponder:Days",6.51980043271035e-06,4.9972803411657e-06,44,1.30466973785775,0.198788222231562,"o__OFGB2930","ZIGMM",1,1
"fixed",NA,"ResponseResponder:Days",1.42909951116566e-06,1.89753620484811e-06,44,0.75313425246611,0.455380273219018,"o__OFGB79245","ZIGMM",1,2
"fixed",NA,"ResponseResponder:Days",0.000133009798111931,9.35941642947058e-05,44,1.42113345542693,0.162326901847953,"f__FGB1780","ZIGMM",1,3
"fixed",NA,"ResponseResponder:Days",6.51980043271035e-06,4.9972803411657e-06,44,1.30466973785775,0.198788222231562,"f__FGB2930","ZIGMM",1,1
"fixed",NA,"ResponseResponder:Days",1.42909951116566e-06,1.89753620484811e-06,44,0.75313425246611,0.455380273219018,"f__FGB79245","ZIGMM",1,2
"fixed",NA,"ResponseResponder:Days",9.65129028266336e-05,7.39748666445824e-05,44,1.30467153513553,0.1987876152219,"g__GGB4722","ZIGMM",1,1
"fixed",NA,"ResponseResponder:Days",2.59450168434091e-06,1.09117389083341e-05,44,0.237771605986586,0.813161998953927,"g__GGB9303","ZIGMM",1,2
"fixed",NA,"ResponseResponder:Days",6.51980043271035e-06,4.9972803411657e-06,44,1.30466973785775,0.198788222231562,"g__GGB9253","ZIGMM",1,1
"fixed",NA,"ResponseResponder:Days",3.29148153385338e-06,2.52284657428393e-06,44,1.30466972007111,0.1987882282388,"g__GGB37488","ZIGMM",1,1
"fixed",NA,"ResponseResponder:Days",1.42909951116566e-06,1.89753620484811e-06,44,0.75313425246611,0.455380273219018,"g__GGB3510","ZIGMM",1,2
"fixed",NA,"ResponseResponder:Days",9.65129028266336e-05,7.39748666445824e-05,44,1.30467153513553,0.1987876152219,"s__GGB4722_SGB6538","ZIGMM",1,1
"fixed",NA,"ResponseResponder:Days",2.59450168434091e-06,1.09117389083341e-05,44,0.237771605986586,0.813161998953927,"s__GGB9303_SGB14264","ZIGMM",1,2
"fixed",NA,"ResponseResponder:Days",9.88583324437798e-06,8.61019436902517e-06,44,1.14815448068651,0.257108903306414,"s__Eubacterium_sp_c_25","ZIGMM",1,2
"fixed",NA,"ResponseResponder:Days",6.51980043271035e-06,4.9972803411657e-06,44,1.30466973785775,0.198788222231562,"s__GGB9253_SGB14199","ZIGMM",1,1
"fixed",NA,"ResponseResponder:Days",3.29148153385338e-06,2.52284657428393e-06,44,1.30466972007111,0.1987882282388,"s__GGB37488_SGB54315","ZIGMM",1,1
"fixed",NA,"ResponseResponder:Days",1.42909951116566e-06,1.89753620484811e-06,44,0.75313425246611,0.455380273219018,"s__GGB3510_SGB4687","ZIGMM",1,2
"fixed",NA,"ResponseResponder:Days",2.1902993280041e-06,1.99907021655004e-06,44,1.09565902681702,0.279189132860265,"s__Cuneatibacter_caecimuris","ZIGMM",1,4
"fixed",NA,"ResponseResponder:Days",-2.59560557482446e-06,9.96952746097101e-06,44,-0.260353921987357,0.795805353213824,"s__GGB3363_SGB4448","ZIGMM",1,3
"fixed",NA,"ResponseResponder:Days",-2.86042351539705e-05,2.11644067858001e-05,44,-1.35152548538058,0.183435108636118,"g__GGB9101","ZIGMM",1,1
"fixed",NA,"ResponseResponder:Days",-0.000103231385086121,7.6381285407311e-05,44,-1.35152720375979,0.183434562721043,"s__bacterium_OL_1","ZIGMM",1,1
"fixed",NA,"ResponseResponder:Days",-2.86042351539705e-05,2.11644067858001e-05,44,-1.35152548538058,0.183435108636118,"s__GGB9101_SGB14033","ZIGMM",1,1
"fixed",NA,"ResponseResponder:Days",0.000248646185404731,0.000197614183803411,44,1.25824058080815,0.214940843925785,"g__GGB3276","ZIGMM",1,1
"fixed",NA,"ResponseResponder:Days",2.56549981826319e-05,2.03897020192131e-05,44,1.25823310995214,0.214943519571689,"g__Kosakonia","ZIGMM",1,1
"fixed",NA,"ResponseResponder:Days",3.09209880226058e-06,2.45749492052288e-06,44,1.25823202173809,0.214943909311624,"g__Lelliottia","ZIGMM",1,1
"fixed",NA,"ResponseResponder:Days",-1.73281413508342e-05,3.06372481009058e-05,44,-0.565590659244683,0.574545168943519,"g__GGB3444","ZIGMM",1,3
"fixed",NA,"ResponseResponder:Days",0.000248646185404731,0.000197614183803411,44,1.25824058080815,0.214940843925785,"s__GGB3276_SGB4326","ZIGMM",1,1
"fixed",NA,"ResponseResponder:Days",2.56549981826319e-05,2.03897020192131e-05,44,1.25823310995214,0.214943519571689,"s__Kosakonia_cowanii","ZIGMM",1,1
"fixed",NA,"ResponseResponder:Days",3.09209880226058e-06,2.45749492052288e-06,44,1.25823202173809,0.214943909311624,"s__Lelliottia_nimipressuralis","ZIGMM",1,1
"fixed",NA,"ResponseResponder:Days",-1.73281413508342e-05,3.06372481009058e-05,44,-0.565590659244683,0.574545168943519,"s__GGB3444_SGB4594","ZIGMM",1,3
"fixed",NA,"ResponseResponder:Days",1.58004288989103e-05,2.4711422184534e-05,44,0.639397796732202,0.525879299923967,"g__GGB25063","ZIGMM",1,1
"fixed",NA,"ResponseResponder:Days",1.58004288989103e-05,2.4711422184534e-05,44,0.639397796732202,0.525879299923967,"s__GGB25063_SGB36986","ZIGMM",1,1
"fixed",NA,"ResponseResponder:Days",2.70298191197724e-05,2.35222680219455e-05,44,1.14911619468643,0.256716422523584,"s__Clostridium_SGB6176","ZIGMM",1,2
"fixed",NA,"ResponseResponder:Days",1.1052248297099e-05,1.72854397352224e-05,44,0.639396420709965,0.525880186515753,"s__Romboutsia_hominis","ZIGMM",1,1
"fixed",NA,"ResponseResponder:Days",7.07296418006294e-06,1.53497811881242e-05,44,0.46078599384434,0.647221665120426,"s__Intestinimonas_sp_MSJ_38","ZIGMM",1,3
"fixed",NA,"ResponseResponder:Days",1.23574607573272e-06,1.29726058406291e-06,44,0.95258122455434,0.346006201567873,"s__Slackia_SGB14778","ZIGMM",1,1
"fixed",NA,"ResponseResponder:Days",-4.23074261338232e-05,5.7642672895463e-05,44,-0.73396017236309,0.466866261739207,"c__CFGB3297","ZIGMM",1,1
"fixed",NA,"ResponseResponder:Days",-4.23074261338232e-05,5.7642672895463e-05,44,-0.73396017236309,0.466866261739207,"o__OFGB3297","ZIGMM",1,1
"fixed",NA,"ResponseResponder:Days",-4.23074261338232e-05,5.7642672895463e-05,44,-0.73396017236309,0.466866261739207,"f__FGB3297","ZIGMM",1,1
"fixed",NA,"ResponseResponder:Days",-4.23074261338232e-05,5.7642672895463e-05,44,-0.73396017236309,0.466866261739207,"g__GGB29668","ZIGMM",1,1
"fixed",NA,"ResponseResponder:Days",-4.23074261338232e-05,5.7642672895463e-05,44,-0.73396017236309,0.466866261739207,"s__GGB29668_SGB42476","ZIGMM",1,1
"fixed",NA,"ResponseResponder:Days",1.77688449388713e-06,1.86505159776646e-06,44,0.952726721349205,0.345933285073619,"g__Alloscardovia","ZIGMM",1,1
"fixed",NA,"ResponseResponder:Days",1.77688449388713e-06,1.86505159776646e-06,44,0.952726721349205,0.345933285073619,"s__Alloscardovia_omnicolens","ZIGMM",1,1
"fixed",NA,"ResponseResponder:Days",-8.17051710066586e-07,1.14395980756865e-06,44,-0.714231133524813,0.47885635935321,"c__CFGB77202","ZIGMM",1,1
"fixed",NA,"ResponseResponder:Days",-8.17051710066586e-07,1.14395980756865e-06,44,-0.714231133524813,0.47885635935321,"o__OFGB77202","ZIGMM",1,1
"fixed",NA,"ResponseResponder:Days",-8.17051710066586e-07,1.14395980756865e-06,44,-0.714231133524813,0.47885635935321,"f__FGB77202","ZIGMM",1,1
"fixed",NA,"ResponseResponder:Days",-8.17051710066586e-07,1.14395980756865e-06,44,-0.714231133524813,0.47885635935321,"g__GGB34900","ZIGMM",1,1
"fixed",NA,"ResponseResponder:Days",-5.52482597055978e-07,7.73534725275521e-07,44,-0.714231150850006,0.478856348748167,"g__Companilactobacillus","ZIGMM",1,1
"fixed",NA,"ResponseResponder:Days",-2.5613053940295e-05,4.94359188140142e-05,44,-0.518106157521931,0.606979824525328,"s__Lentihominibacter_SGB71368","ZIGMM",1,6
"fixed",NA,"ResponseResponder:Days",-1.17009596973877e-06,4.4370756786536e-06,44,-0.263708815102705,0.793235461661874,"s__Clostridium_hylemonae","ZIGMM",1,2
"fixed",NA,"ResponseResponder:Days",-8.17051710066586e-07,1.14395980756865e-06,44,-0.714231133524813,0.47885635935321,"s__GGB34900_SGB14891","ZIGMM",1,1
"fixed",NA,"ResponseResponder:Days",-5.52482597055978e-07,7.73534725275521e-07,44,-0.714231150850006,0.478856348748167,"s__Companilactobacillus_paralimentarius","ZIGMM",1,1
"fixed",NA,"ResponseResponder:Days",0.000721849962998763,0.00129566835663435,44,0.557125563268252,0.580264824277696,"c__CFGB11479","ZIGMM",1,3
"fixed",NA,"ResponseResponder:Days",0.000721849962998763,0.00129566835663435,44,0.557125563268252,0.580264824277696,"o__OFGB11479","ZIGMM",1,3
"fixed",NA,"ResponseResponder:Days",0.000721849962998763,0.00129566835663435,44,0.557125563268252,0.580264824277696,"f__FGB11479","ZIGMM",1,3
"fixed",NA,"ResponseResponder:Days",0.000721849962998763,0.00129566835663435,44,0.557125563268252,0.580264824277696,"g__GGB1630","ZIGMM",1,3
"fixed",NA,"ResponseResponder:Days",0.000265460633526398,0.000521195042257643,44,0.509330695811133,0.613065484667215,"g__Duodenibacillus","ZIGMM",1,3
"fixed",NA,"ResponseResponder:Days",1.45053718584895e-05,2.50537069584473e-05,44,0.578971083303054,0.565561027349861,"g__Jingyaoa","ZIGMM",1,3
"fixed",NA,"ResponseResponder:Days",-6.72881122294565e-08,9.58880556276579e-06,44,-0.0070173612124061,0.994432722384681,"g__GGB3593","ZIGMM",1,4
"fixed",NA,"ResponseResponder:Days",2.88507140549575e-06,4.9786814600583e-06,44,0.579485036076594,0.565217335882862,"g__Qingrenia","ZIGMM",1,3
"fixed",NA,"ResponseResponder:Days",2.51285256193053e-05,6.20686525395809e-05,44,0.404850509736472,0.687548967955617,"g__GGB4749","ZIGMM",1,3
"fixed",NA,"ResponseResponder:Days",0.000721849962998763,0.00129566835663435,44,0.557125563268252,0.580264824277696,"s__GGB1630_SGB2238","ZIGMM",1,3
"fixed",NA,"ResponseResponder:Days",-0.000389274941159122,0.000549827579258151,44,-0.707994571105995,0.482682448679525,"s__Bacteroides_fluxus","ZIGMM",1,3
"fixed",NA,"ResponseResponder:Days",0.000265460633526398,0.000521195042257643,44,0.509330695811133,0.613065484667215,"s__Duodenibacillus_massiliensis","ZIGMM",1,3
"fixed",NA,"ResponseResponder:Days",1.45053718584895e-05,2.50537069584473e-05,44,0.578971083303054,0.565561027349861,"s__Jingyaoa_shaoxingensis","ZIGMM",1,3
"fixed",NA,"ResponseResponder:Days",-9.00949138748555e-06,1.25737362734764e-05,44,-0.716532555759944,0.477448791086233,"s__GGB34797_SGB14323","ZIGMM",1,4
"fixed",NA,"ResponseResponder:Days",-6.72881122294565e-08,9.58880556276579e-06,44,-0.0070173612124061,0.994432722384681,"s__GGB3593_SGB4817","ZIGMM",1,4
"fixed",NA,"ResponseResponder:Days",0.000103431999201841,0.000120023236581635,44,0.861766455793678,0.393488407525403,"s__Ruminococcus_sp_AF41_9","ZIGMM",1,5
"fixed",NA,"ResponseResponder:Days",2.88507140549575e-06,4.9786814600583e-06,44,0.579485036076594,0.565217335882862,"s__Qingrenia_yutianensis","ZIGMM",1,3
"fixed",NA,"ResponseResponder:Days",2.51285256193053e-05,6.20686525395809e-05,44,0.404850509736472,0.687548967955617,"s__GGB4749_SGB6578","ZIGMM",1,3
"fixed",NA,"ResponseResponder:Days",0.00011123176617721,0.000118660703524486,44,0.937393449333943,0.353673324577393,"g__GGB4604","ZIGMM",1,2
"fixed",NA,"ResponseResponder:Days",2.0392270107595e-05,2.27391882841389e-05,44,0.896789711786637,0.374711784984138,"g__GGB4723","ZIGMM",1,2
"fixed",NA,"ResponseResponder:Days",0.00011123176617721,0.000118660703524486,44,0.937393449333943,0.353673324577393,"s__GGB4604_SGB6369","ZIGMM",1,2
"fixed",NA,"ResponseResponder:Days",-5.14616621300283e-05,6.7040721768816e-05,44,-0.767617960729739,0.446814127194438,"s__GGB6002_SGB8625","ZIGMM",1,1
"fixed",NA,"ResponseResponder:Days",2.0392270107595e-05,2.27391882841389e-05,44,0.896789711786637,0.374711784984138,"s__GGB4723_SGB6540","ZIGMM",1,2
"fixed",NA,"ResponseResponder:Days",4.6840318746798e-06,5.88162970865731e-06,44,0.79638333365075,0.430085377475763,"s__Lachnospiraceae_bacterium_CLA_AA_H215","ZIGMM",1,3
"fixed",NA,"ResponseResponder:Days",-3.03920089624222e-06,3.95926791150604e-06,44,-0.767616883770352,0.44681476059935,"s__Streptococcus_sobrinus","ZIGMM",1,1
"fixed",NA,"ResponseResponder:Days",1.66502304886055e-05,7.68473511096515e-05,44,0.216666290355899,0.829469886713147,"s__Streptococcus_gordonii","ZIGMM",1,4
"fixed",NA,"ResponseResponder:Days",-9.11286202842103e-06,1.78359893940889e-05,44,-0.510925512853308,0.611957430220013,"g__GGB4257","ZIGMM",1,2
"fixed",NA,"ResponseResponder:Days",-5.74146619013403e-05,0.000118798244828286,44,-0.483295540134696,0.631282255299748,"g__GGB3267","ZIGMM",1,2
"fixed",NA,"ResponseResponder:Days",6.28733833281329e-05,0.000105041150951639,44,0.598559543174463,0.552535763588537,"g__GGB3649","ZIGMM",1,2
"fixed",NA,"ResponseResponder:Days",-9.11286202842103e-06,1.78359893940889e-05,44,-0.510925512853308,0.611957430220013,"s__GGB4257_SGB5789","ZIGMM",1,2
"fixed",NA,"ResponseResponder:Days",-5.74146619013403e-05,0.000118798244828286,44,-0.483295540134696,0.631282255299748,"s__GGB3267_SGB4317","ZIGMM",1,2
"fixed",NA,"ResponseResponder:Days",6.28733833281329e-05,0.000105041150951639,44,0.598559543174463,0.552535763588537,"s__GGB3649_SGB4958","ZIGMM",1,2
"fixed",NA,"ResponseResponder:Days",1.73510852373885e-05,1.82211650330692e-05,44,0.952248948181874,0.346172761617205,"s__Streptococcus_sanguinis","ZIGMM",1,1
"fixed",NA,"ResponseResponder:Days",3.00459047217434e-06,3.15258405277574e-06,44,0.953056420344734,0.345768092141618,"s__Collinsella_SGB14745","ZIGMM",1,1
"fixed",NA,"ResponseResponder:Days",-1.09133355217425e-05,1.38132218078448e-05,44,-0.79006445227316,0.433727605800419,"g__GGB79395","ZIGMM",1,2
"fixed",NA,"ResponseResponder:Days",-4.30911678392527e-06,6.97417348795916e-06,44,-0.61786773606434,0.539847563787928,"g__Bittarella","ZIGMM",1,2
"fixed",NA,"ResponseResponder:Days",-5.06968198385484e-06,3.62035315304478e-05,44,-0.140032802589746,0.889273139381746,"s__Lachnoclostridium_edouardi","ZIGMM",1,3
"fixed",NA,"ResponseResponder:Days",3.16302828434806e-05,0.000102256254024122,44,0.309323700005861,0.758535411880763,"s__Bianquea_renquensis","ZIGMM",1,4
"fixed",NA,"ResponseResponder:Days",-1.09133355217425e-05,1.38132218078448e-05,44,-0.79006445227316,0.433727605800419,"s__GGB79395_SGB105947","ZIGMM",1,2
"fixed",NA,"ResponseResponder:Days",-4.30911678392527e-06,6.97417348795916e-06,44,-0.61786773606434,0.539847563787928,"s__Bittarella_massiliensis","ZIGMM",1,2
"fixed",NA,"ResponseResponder:Days",-1.57608263984754e-06,2.14625520000278e-06,44,-0.73434074375009,0.466636679271271,"s__Clostridium_sp_Marseille_P2538","ZIGMM",1,1
"fixed",NA,"ResponseResponder:Days",5.02656021053695e-06,7.87876990107256e-06,44,0.637987944013021,0.526788103506868,"c__CFGB10341","ZIGMM",1,1
"fixed",NA,"ResponseResponder:Days",5.02656021053695e-06,7.87876990107256e-06,44,0.637987944013021,0.526788103506868,"o__OFGB10341","ZIGMM",1,1
"fixed",NA,"ResponseResponder:Days",5.02656021053695e-06,7.87876990107256e-06,44,0.637987944013021,0.526788103506868,"f__FGB10341","ZIGMM",1,1
"fixed",NA,"ResponseResponder:Days",6.51468529562385e-06,2.38996495498965e-05,44,0.272584971675957,0.786447474723836,"g__GGB3585","ZIGMM",1,2
"fixed",NA,"ResponseResponder:Days",5.72860005228022e-06,3.71651693488039e-05,44,0.154138946563541,0.878205015754176,"g__GGB4597","ZIGMM",1,2
"fixed",NA,"ResponseResponder:Days",5.02656021053695e-06,7.87876990107256e-06,44,0.637987944013021,0.526788103506868,"g__GGB4555","ZIGMM",1,1
"fixed",NA,"ResponseResponder:Days",3.90412829589659e-06,6.94076274842752e-06,44,0.562492688109977,0.576635187704727,"g__GGB9189","ZIGMM",1,2
"fixed",NA,"ResponseResponder:Days",2.92634483980296e-06,4.5812373173374e-06,44,0.63876735412252,0.526285586326973,"g__GGB9102","ZIGMM",1,1
"fixed",NA,"ResponseResponder:Days",6.51468529562385e-06,2.38996495498965e-05,44,0.272584971675957,0.786447474723836,"s__GGB3585_SGB4803","ZIGMM",1,2
"fixed",NA,"ResponseResponder:Days",5.72860005228022e-06,3.71651693488039e-05,44,0.154138946563541,0.878205015754176,"s__GGB4597_SGB6359","ZIGMM",1,2
"fixed",NA,"ResponseResponder:Days",6.48464680077235e-06,1.01642149159137e-05,44,0.637987966057229,0.526788089290494,"s__Bacteroides_faecalis","ZIGMM",1,1
"fixed",NA,"ResponseResponder:Days",5.34747875963145e-06,8.38178648437577e-06,44,0.637987947986926,0.526788100944085,"s__Limosilactobacillus_vaginalis","ZIGMM",1,1
"fixed",NA,"ResponseResponder:Days",5.02656021053695e-06,7.87876990107256e-06,44,0.637987944013021,0.526788103506868,"s__GGB4555_SGB6286","ZIGMM",1,1
"fixed",NA,"ResponseResponder:Days",3.90412829589659e-06,6.94076274842752e-06,44,0.562492688109977,0.576635187704727,"s__GGB9189_SGB14128","ZIGMM",1,2
"fixed",NA,"ResponseResponder:Days",2.92634483980296e-06,4.5812373173374e-06,44,0.63876735412252,0.526285586326973,"s__GGB9102_SGB54310","ZIGMM",1,1
"fixed",NA,"ResponseResponder:Days",1.67088947693311e-07,1.08768966194411e-06,44,0.153618218081304,0.878613172359756,"o__Corynebacteriales","ZIGMM",1,1
"fixed",NA,"ResponseResponder:Days",1.67088947693311e-07,1.08768966194411e-06,44,0.153618218081304,0.878613172359756,"f__Corynebacteriaceae","ZIGMM",1,1
"fixed",NA,"ResponseResponder:Days",1.67088947693311e-07,1.08768966194411e-06,44,0.153618218081304,0.878613172359756,"g__Corynebacterium","ZIGMM",1,1
"fixed",NA,"ResponseResponder:Days",3.4501267375048e-05,0.000224554159195107,44,0.153643412790547,0.878593423511913,"s__Mediterraneibacter_SGB4598","ZIGMM",1,1
"fixed",NA,"ResponseResponder:Days",7.82280468754298e-07,5.09236524918552e-06,44,0.153618295325422,0.878613111811912,"s__Actinomyces_sp_ph3","ZIGMM",1,1
"fixed",NA,"ResponseResponder:Days",7.63715008926622e-07,4.97151084017005e-06,44,0.153618293005774,0.878613113630169,"s__Actinomyces_naeslundii","ZIGMM",1,1
"fixed",NA,"ResponseResponder:Days",2.97047055157417e-07,1.93367050864437e-06,44,0.15361823735196,0.878613157254442,"s__Diplocloster_modestus","ZIGMM",1,1
"fixed",NA,"ResponseResponder:Days",1.67088947693311e-07,1.08768966194411e-06,44,0.153618218081304,0.878613172359756,"s__Corynebacterium_propinquum","ZIGMM",1,1
"fixed",NA,"ResponseResponder:Days",2.43181975563607e-05,0.000112088877099212,44,0.216954600542891,0.829246581493895,"s__Anaeromassilibacillus_sp_An172","ZIGMM",1,1
"fixed",NA,"ResponseResponder:Days",3.90106775916562e-06,1.79825158198062e-05,44,0.216936706646405,0.82926044045888,"s__Lacticaseibacillus_zeae","ZIGMM",1,1
"fixed",NA,"ResponseResponder:Days",1.87665795379492e-06,8.65071915613653e-06,44,0.216936640748958,0.829260491497078,"s__Schaalia_SGB17157","ZIGMM",1,1
"fixed",NA,"ResponseResponder:Days",2.15981478591822e-06,4.20268830893977e-06,44,0.513912673781674,0.609884467072781,"g__GGB3828","ZIGMM",1,3
"fixed",NA,"ResponseResponder:Days",5.91296965891269e-05,6.15935552501972e-05,44,0.959998109362872,0.342302092344086,"s__Clostridium_disporicum","ZIGMM",1,1
"fixed",NA,"ResponseResponder:Days",1.5641422279129e-05,1.62931861287053e-05,44,0.959997765665488,0.342302263382095,"s__Clostridium_SGB47280","ZIGMM",1,1
"fixed",NA,"ResponseResponder:Days",2.15981478591822e-06,4.20268830893977e-06,44,0.513912673781674,0.609884467072781,"s__GGB3828_SGB5197","ZIGMM",1,3
"fixed",NA,"ResponseResponder:Days",2.16291831681857e-05,7.502600787443e-05,44,0.288289138406327,0.774479150452132,"s__Leuconostoc_mesenteroides","ZIGMM",1,1
"fixed",NA,"ResponseResponder:Days",1.97762359623465e-06,6.86004941621257e-06,44,0.288281246423803,0.77448515139252,"s__Fusobacterium_nucleatum","ZIGMM",1,1
"fixed",NA,"ResponseResponder:Days",5.23969684285771e-07,1.81665606660579e-06,44,0.288425362355323,0.774375570083371,"s__Streptococcus_cristatus","ZIGMM",1,1
"fixed",NA,"ResponseResponder:Days",4.43659669832587e-07,1.53833082560734e-06,44,0.288403289102283,0.774392353602664,"s__Oxalobacter_SGB9385","ZIGMM",1,1
"fixed",NA,"ResponseResponder:Days",-2.84618479660504e-05,0.000116030887568274,44,-0.245295442985413,0.807368195904076,"s__Fusobacterium_ulcerans","ZIGMM",1,1
"fixed",NA,"ResponseResponder:Days",-1.74234795937996e-05,1.94846565815141e-05,44,-0.894215380235642,0.376072124249008,"s__Schaalia_SGB17168","ZIGMM",1,2
"fixed",NA,"ResponseResponder:Days",-7.73418802647402e-06,3.15328554643782e-05,44,-0.245273950378871,0.807384731102519,"g__GGB3627","ZIGMM",1,1
"fixed",NA,"ResponseResponder:Days",-7.73418802647402e-06,3.15328554643782e-05,44,-0.245273950378871,0.807384731102519,"s__GGB3627_SGB4906","ZIGMM",1,1
"fixed",NA,"ResponseResponder:Days",5.30684702034628e-05,4.65016156534929e-05,44,1.14121777184911,0.259952573506345,"g__Allisonella","ZIGMM",1,2
"fixed",NA,"ResponseResponder:Days",0.000293140554836662,0.000257759096322452,44,1.13726560582734,0.261582780549816,"s__Megasphaera_sp_DJF_B143","ZIGMM",1,2
"fixed",NA,"ResponseResponder:Days",5.30684702034628e-05,4.65016156534929e-05,44,1.14121777184911,0.259952573506345,"s__Allisonella_histaminiformans","ZIGMM",1,2
"fixed",NA,"ResponseResponder:Days",-1.07838293277437e-06,1.38174176333272e-06,44,-0.780451862563192,0.439303576177993,"s__Streptococcus_oralis","ZIGMM",1,1
