"term","estimate","std.error","statistic","p.value"
"k__Archaea",2.89395010427952,3.03317731019769,0.954098560130304,0.340033754881296
"k__Archaea.p__Euryarchaeota",2.89395010427952,3.03317731019769,0.954098560130304,0.340033754881296
"k__Archaea.p__Euryarchaeota.c__Methanobacteria",3.08961312862929,2.91143752937707,1.06119849643153,0.288599702566146
"k__Archaea.p__Euryarchaeota.c__Methanobacteria.o__Methanobacteriales",3.08961312862929,2.91143752937707,1.06119849643153,0.288599702566146
"k__Archaea.p__Euryarchaeota.c__Methanobacteria.o__Methanobacteriales.f__Methanobacteriaceae",3.08961312862929,2.91143752937707,1.06119849643153,0.288599702566146
"k__Archaea.p__Euryarchaeota.c__Methanobacteria.o__Methanobacteriales.f__Methanobacteriaceae.g__Methanobrevibacter",3.14298821622422,2.89963171448257,1.08392669335426,0.278397303116157
"k__Archaea.p__Euryarchaeota.c__Methanobacteria.o__Methanobacteriales.f__Methanobacteriaceae.g__Methanobrevibacter.s__Methanobrevibacter_smithii",3.14298821622422,2.89963171448257,1.08392669335426,0.278397303116157
"k__Archaea.p__Euryarchaeota.c__Methanobacteria.o__Methanobacteriales.f__Methanobacteriaceae.g__Methanosphaera",185.804193250436,26620.1990816785,0.00697981982329787,0.994430954744526
"k__Archaea.p__Euryarchaeota.c__Methanobacteria.o__Methanobacteriales.f__Methanobacteriaceae.g__Methanosphaera.s__Methanosphaera_stadtmanae",185.804193250436,26620.1990816785,0.00697981982329787,0.994430954744526
"k__Archaea.p__Euryarchaeota.c__Thermoplasmata",34.9223085956974,5003.32522571617,0.00697981982386497,0.994430954744073
"k__Archaea.p__Euryarchaeota.c__Thermoplasmata.o__Methanomassiliicoccales",34.9223085956974,5003.32522571617,0.00697981982386497,0.994430954744073
"k__Archaea.p__Euryarchaeota.c__Thermoplasmata.o__Methanomassiliicoccales.f__Methanomassiliicoccaceae",34.9223085956974,5003.32522571617,0.00697981982386497,0.994430954744073
"k__Archaea.p__Euryarchaeota.c__Thermoplasmata.o__Methanomassiliicoccales.f__Methanomassiliicoccaceae.g__Methanomassiliicoccus",34.9223085956974,5003.32522571617,0.00697981982386497,0.994430954744073
"k__Archaea.p__Euryarchaeota.c__Thermoplasmata.o__Methanomassiliicoccales.f__Methanomassiliicoccaceae.g__Methanomassiliicoccus.s__Candidatus_Methanomassiliicoccus_intestinalis",34.9223085956974,5003.32522571617,0.00697981982386497,0.994430954744073
"k__Bacteria",0.0430810171984158,0.0896208339345898,0.480703150227978,0.630727491882789
"k__Bacteria.p__Actinobacteria",0.0404974773829714,0.0528920972275464,0.765662159485712,0.443877348229136
"k__Bacteria.p__Actinobacteria.c__Actinobacteria",0.0354660751569163,0.0570445374342326,0.621726053924193,0.534122016800086
"k__Bacteria.p__Actinobacteria.c__Actinobacteria.o__Actinomycetales",969.085118047321,154926.084077661,0.00625514498618285,0.995009148936
"k__Bacteria.p__Actinobacteria.c__Actinobacteria.o__Actinomycetales.f__Actinomycetaceae",969.085118047321,154926.084077661,0.00625514498618285,0.995009148936
"k__Bacteria.p__Actinobacteria.c__Actinobacteria.o__Actinomycetales.f__Actinomycetaceae.g__Actinomyces",969.085118047321,154926.084077661,0.00625514498618285,0.995009148936
"k__Bacteria.p__Actinobacteria.c__Actinobacteria.o__Actinomycetales.f__Actinomycetaceae.g__Actinomyces.s__Actinomyces_graevenitzii",950.532915982161,136183.016188393,0.00697981982325324,0.994430954744561
"k__Bacteria.p__Actinobacteria.c__Actinobacteria.o__Actinomycetales.f__Actinomycetaceae.g__Actinomyces.s__Actinomyces_odontolyticus",1001.09922172208,143427.659593604,0.00697981982386553,0.994430954744073
"k__Bacteria.p__Actinobacteria.c__Actinobacteria.o__Actinomycetales.f__Actinomycetaceae.g__Actinomyces.s__Actinomyces_oris",1234.22181131874,176827.173561081,0.00697981982329432,0.994430954744529
"k__Bacteria.p__Actinobacteria.c__Actinobacteria.o__Actinomycetales.f__Actinomycetaceae.g__Actinomyces.s__Actinomyces_sp_HMSC035G02",321.096433658058,46003.5418948935,0.00697981982325802,0.994430954744558
"k__Bacteria.p__Actinobacteria.c__Actinobacteria.o__Actinomycetales.f__Actinomycetaceae.g__Actinomyces.s__Actinomyces_sp_ICM47",NA,NA,NA,NA
"k__Bacteria.p__Actinobacteria.c__Actinobacteria.o__Actinomycetales.f__Actinomycetaceae.g__Actinomyces.s__Actinomyces_sp_oral_taxon_181",24273.0289556605,3477601.07971026,0.00697981982386631,0.994430954744072
"k__Bacteria.p__Actinobacteria.c__Actinobacteria.o__Actinomycetales.f__Actinomycetaceae.g__Actinomyces.s__Actinomyces_viscosus",979.438010492058,140324.254093944,0.00697981982385132,0.994430954744084
"k__Bacteria.p__Actinobacteria.c__Actinobacteria.o__Bifidobacteriales",0.0353381980098693,0.0570709083092147,0.619198100342195,0.535785863155376
"k__Bacteria.p__Actinobacteria.c__Actinobacteria.o__Bifidobacteriales.f__Bifidobacteriaceae",0.0353381980098693,0.0570709083092147,0.619198100342195,0.535785863155376
"k__Bacteria.p__Actinobacteria.c__Actinobacteria.o__Bifidobacteriales.f__Bifidobacteriaceae.g__Alloscardovia",NA,NA,NA,NA
"k__Bacteria.p__Actinobacteria.c__Actinobacteria.o__Bifidobacteriales.f__Bifidobacteriaceae.g__Alloscardovia.s__Alloscardovia_omnicolens",NA,NA,NA,NA
"k__Bacteria.p__Actinobacteria.c__Actinobacteria.o__Bifidobacteriales.f__Bifidobacteriaceae.g__Bifidobacterium",0.0353381980098693,0.0570709083092147,0.619198100342195,0.535785863155376
"k__Bacteria.p__Actinobacteria.c__Actinobacteria.o__Bifidobacteriales.f__Bifidobacteriaceae.g__Bifidobacterium.s__Bifidobacterium_adolescentis",0.353770961026581,0.467657290230519,0.756474812682164,0.4493645681477
"k__Bacteria.p__Actinobacteria.c__Actinobacteria.o__Bifidobacteriales.f__Bifidobacteriaceae.g__Bifidobacterium.s__Bifidobacterium_animalis",1060.02468224115,151869.920569675,0.00697981982386586,0.994430954744073
"k__Bacteria.p__Actinobacteria.c__Actinobacteria.o__Bifidobacteriales.f__Bifidobacteriaceae.g__Bifidobacterium.s__Bifidobacterium_bifidum",5.11536768396291,3.77480489699857,1.35513432443363,0.175374764515813
"k__Bacteria.p__Actinobacteria.c__Actinobacteria.o__Bifidobacteriales.f__Bifidobacteriaceae.g__Bifidobacterium.s__Bifidobacterium_catenulatum",-8.50748535387147,9.62980207924921,-0.883453811808224,0.376991127374001
"k__Bacteria.p__Actinobacteria.c__Actinobacteria.o__Bifidobacteriales.f__Bifidobacteriaceae.g__Bifidobacterium.s__Bifidobacterium_dentium",-18.8991676330353,22.787415058532,-0.829368648637447,0.406895836268758
"k__Bacteria.p__Actinobacteria.c__Actinobacteria.o__Bifidobacteriales.f__Bifidobacteriaceae.g__Bifidobacterium.s__Bifidobacterium_kashiwanohense",1398.02921365565,200295.888582877,0.00697981982329698,0.994430954744526
"k__Bacteria.p__Actinobacteria.c__Actinobacteria.o__Bifidobacteriales.f__Bifidobacteriaceae.g__Bifidobacterium.s__Bifidobacterium_longum",0.400709417956056,0.500106308019299,0.801248477634865,0.422987811618013
"k__Bacteria.p__Actinobacteria.c__Actinobacteria.o__Bifidobacteriales.f__Bifidobacteriaceae.g__Bifidobacterium.s__Bifidobacterium_pseudocatenulatum",14.1147072600856,13.1723520111913,1.07154039370446,0.283926518263901
"k__Bacteria.p__Actinobacteria.c__Actinobacteria.o__Bifidobacteriales.f__Bifidobacteriaceae.g__Bifidobacterium.s__Bifidobacterium_pseudolongum",-0.975489241576848,141.815640424165,-0.00687857304497019,0.99451173604642
"k__Bacteria.p__Actinobacteria.c__Actinobacteria.o__Bifidobacteriales.f__Bifidobacteriaceae.g__Bifidobacterium.s__Bifidobacterium_pullorum",-259.764617573992,37764.3176681731,-0.0068785730449703,0.994511736046419
"k__Bacteria.p__Actinobacteria.c__Actinobacteria.o__Micrococcales",7644.80764678435,953964.962984568,0.00801371952159213,0.993606045355499
"k__Bacteria.p__Actinobacteria.c__Actinobacteria.o__Micrococcales.f__Micrococcaceae",7644.80764678435,953964.962984568,0.00801371952159213,0.993606045355499
"k__Bacteria.p__Actinobacteria.c__Actinobacteria.o__Micrococcales.f__Micrococcaceae.g__Rothia",7644.80764678435,953964.962984568,0.00801371952159213,0.993606045355499
"k__Bacteria.p__Actinobacteria.c__Actinobacteria.o__Micrococcales.f__Micrococcaceae.g__Rothia.s__Rothia_dentocariosa",7753.88424962122,1110900.34478061,0.00697981982456986,0.994430954743511
"k__Bacteria.p__Actinobacteria.c__Actinobacteria.o__Micrococcales.f__Micrococcaceae.g__Rothia.s__Rothia_mucilaginosa",330.40816688509,47337.6355296813,0.00697981982386764,0.994430954744071
"k__Bacteria.p__Actinobacteria.c__Coriobacteriia",0.243544565247255,0.211841760770527,1.14965323343904,0.250286723376299
"k__Bacteria.p__Actinobacteria.c__Coriobacteriia.o__Coriobacteriales",0.242384278350841,0.223817397145598,1.08295548711598,0.278828181207652
"k__Bacteria.p__Actinobacteria.c__Coriobacteriia.o__Coriobacteriales.f__Atopobiaceae",NA,NA,NA,NA
"k__Bacteria.p__Actinobacteria.c__Coriobacteriia.o__Coriobacteriales.f__Atopobiaceae.g__Olsenella",NA,NA,NA,NA
"k__Bacteria.p__Actinobacteria.c__Coriobacteriia.o__Coriobacteriales.f__Atopobiaceae.g__Olsenella.s__Olsenella_scatoligenes",NA,NA,NA,NA
"k__Bacteria.p__Actinobacteria.c__Coriobacteriia.o__Coriobacteriales.f__Coriobacteriaceae",0.242384278350841,0.223817397145598,1.08295548711598,0.278828181207652
"k__Bacteria.p__Actinobacteria.c__Coriobacteriia.o__Coriobacteriales.f__Coriobacteriaceae.g__Collinsella",0.241506449950976,0.223472303432166,1.08069969406425,0.279830719235636
"k__Bacteria.p__Actinobacteria.c__Coriobacteriia.o__Coriobacteriales.f__Coriobacteriaceae.g__Collinsella.s__Collinsella_aerofaciens",0.247782006346771,0.236602183348892,1.04725156310749,0.294983569358782
"k__Bacteria.p__Actinobacteria.c__Coriobacteriia.o__Coriobacteriales.f__Coriobacteriaceae.g__Collinsella.s__Collinsella_intestinalis",2.74101451441496,2.50974245959178,1.09214971597556,0.27476730018838
"k__Bacteria.p__Actinobacteria.c__Coriobacteriia.o__Coriobacteriales.f__Coriobacteriaceae.g__Collinsella.s__Collinsella_stercoris",-5.15944802370008,7.05193133847434,-0.731636168314751,0.464390666311649
"k__Bacteria.p__Actinobacteria.c__Coriobacteriia.o__Coriobacteriales.f__Coriobacteriaceae.g__Enorma",561.273122640957,80413.6978967793,0.00697981982325224,0.994430954744562
"k__Bacteria.p__Actinobacteria.c__Coriobacteriia.o__Coriobacteriales.f__Coriobacteriaceae.g__Enorma.s__Collinsella_massiliensis",561.273122640957,80413.6978967793,0.00697981982325224,0.994430954744562
"k__Bacteria.p__Actinobacteria.c__Coriobacteriia.o__Coriobacteriales.f__Coriobacteriaceae.g__Enorma.s__Enorma_massiliensis",NA,NA,NA,NA
"k__Bacteria.p__Actinobacteria.c__Coriobacteriia.o__Eggerthellales",1.5908991959521,1.21490052688872,1.30948926331137,0.190368672309132
"k__Bacteria.p__Actinobacteria.c__Coriobacteriia.o__Eggerthellales.f__Eggerthellaceae",1.5908991959521,1.21490052688872,1.30948926331137,0.190368672309132
"k__Bacteria.p__Actinobacteria.c__Coriobacteriia.o__Eggerthellales.f__Eggerthellaceae.g__Adlercreutzia",16.7144969856814,21.0975345792262,0.792248825231904,0.428215604421221
"k__Bacteria.p__Actinobacteria.c__Coriobacteriia.o__Eggerthellales.f__Eggerthellaceae.g__Adlercreutzia.s__Adlercreutzia_equolifaciens",16.7144969856814,21.0975345792262,0.792248825231904,0.428215604421221
"k__Bacteria.p__Actinobacteria.c__Coriobacteriia.o__Eggerthellales.f__Eggerthellaceae.g__Asaccharobacter",2.77427735219512,4.58518549386513,0.605052370489055,0.545144199964067
"k__Bacteria.p__Actinobacteria.c__Coriobacteriia.o__Eggerthellales.f__Eggerthellaceae.g__Asaccharobacter.s__Asaccharobacter_celatus",2.77427735219512,4.58518549386513,0.605052370489055,0.545144199964067
"k__Bacteria.p__Actinobacteria.c__Coriobacteriia.o__Eggerthellales.f__Eggerthellaceae.g__Eggerthella",1.79687567315206,1.65315739839119,1.08693562688025,0.277065259896787
"k__Bacteria.p__Actinobacteria.c__Coriobacteriia.o__Eggerthellales.f__Eggerthellaceae.g__Eggerthella.s__Eggerthella_lenta",1.79687567315206,1.65315739839119,1.08693562688025,0.277065259896787
"k__Bacteria.p__Actinobacteria.c__Coriobacteriia.o__Eggerthellales.f__Eggerthellaceae.g__Enterorhabdus",-59.9827154146583,8720.22656770641,-0.00687857304497019,0.99451173604642
"k__Bacteria.p__Actinobacteria.c__Coriobacteriia.o__Eggerthellales.f__Eggerthellaceae.g__Enterorhabdus.s__Enterorhabdus_caecimuris",-59.9827154146583,8720.22656770641,-0.00687857304497019,0.99451173604642
"k__Bacteria.p__Actinobacteria.c__Coriobacteriia.o__Eggerthellales.f__Eggerthellaceae.g__Gordonibacter",9.00808051356835,8.58720741979435,1.04901163710147,0.294172762508209
"k__Bacteria.p__Actinobacteria.c__Coriobacteriia.o__Eggerthellales.f__Eggerthellaceae.g__Gordonibacter.s__Gordonibacter_pamelaeae",9.00808051356835,8.58720741979435,1.04901163710147,0.294172762508209
"k__Bacteria.p__Actinobacteria.c__Coriobacteriia.o__Eggerthellales.f__Eggerthellaceae.g__Slackia",7.01538229508738,6.92028359043449,1.01374202421189,0.310705865851937
"k__Bacteria.p__Actinobacteria.c__Coriobacteriia.o__Eggerthellales.f__Eggerthellaceae.g__Slackia.s__Slackia_isoflavoniconvertens",7.01538229508738,6.92028359043449,1.01374202421189,0.310705865851937
"k__Bacteria.p__Bacteroidetes",-0.0109975320680675,0.0161945696806968,-0.679087637702164,0.497082334932323
"k__Bacteria.p__Bacteroidetes.c__Bacteroidia",-0.0109975320680675,0.0161945696806968,-0.679087637702164,0.497082334932323
"k__Bacteria.p__Bacteroidetes.c__Bacteroidia.o__Bacteroidales",-0.0109975320680675,0.0161945696806968,-0.679087637702164,0.497082334932323
"k__Bacteria.p__Bacteroidetes.c__Bacteroidia.o__Bacteroidales.f__Bacteroidaceae",-0.0198814599395801,0.0156031967227356,-1.27419145530676,0.202595572705505
"k__Bacteria.p__Bacteroidetes.c__Bacteroidia.o__Bacteroidales.f__Bacteroidaceae.g__Bacteroides",-0.0198814599395801,0.0156031967227356,-1.27419145530676,0.202595572705505
"k__Bacteria.p__Bacteroidetes.c__Bacteroidia.o__Bacteroidales.f__Bacteroidaceae.g__Bacteroides.s__Bacteroides_caccae",0.0676832901317491,0.202998083853734,0.333418369507944,0.738818498821144
"k__Bacteria.p__Bacteroidetes.c__Bacteroidia.o__Bacteroidales.f__Bacteroidaceae.g__Bacteroides.s__Bacteroides_caecimuris",-65.6645599962266,9546.24739272666,-0.00687857304497019,0.99451173604642
"k__Bacteria.p__Bacteroidetes.c__Bacteroidia.o__Bacteroidales.f__Bacteroidaceae.g__Bacteroides.s__Bacteroides_cellulosilyticus",-0.123856269815594,0.120467601916385,-1.02812928825096,0.303889015236306
"k__Bacteria.p__Bacteroidetes.c__Bacteroidia.o__Bacteroidales.f__Bacteroidaceae.g__Bacteroides.s__Bacteroides_clarus",-5.62832202775097,8.82873037008243,-0.637500726811574,0.523798736680802
"k__Bacteria.p__Bacteroidetes.c__Bacteroidia.o__Bacteroidales.f__Bacteroidaceae.g__Bacteroides.s__Bacteroides_coprocola",-1.14692762506896,1.3066248268363,-0.877778840193929,0.380063749625928
"k__Bacteria.p__Bacteroidetes.c__Bacteroidia.o__Bacteroidales.f__Bacteroidaceae.g__Bacteroides.s__Bacteroides_coprophilus",-0.546299917718073,1.07280905028299,-0.509223815341573,0.61059535174815
"k__Bacteria.p__Bacteroidetes.c__Bacteroidia.o__Bacteroidales.f__Bacteroidaceae.g__Bacteroides.s__Bacteroides_dorei",-0.274169792645159,0.253842520239068,-1.08007827997826,0.280107323028964
"k__Bacteria.p__Bacteroidetes.c__Bacteroidia.o__Bacteroidales.f__Bacteroidaceae.g__Bacteroides.s__Bacteroides_eggerthii",-0.0614988498550424,0.062305050895722,-0.987060422404132,0.32361301846521
"k__Bacteria.p__Bacteroidetes.c__Bacteroidia.o__Bacteroidales.f__Bacteroidaceae.g__Bacteroides.s__Bacteroides_faecis",0.00800624537499115,0.140493689254064,0.0569865124725493,0.954555939168967
"k__Bacteria.p__Bacteroidetes.c__Bacteroidia.o__Bacteroidales.f__Bacteroidaceae.g__Bacteroides.s__Bacteroides_faecis_CAG_32",-0.311850227383663,0.909624681834838,-0.342833955158976,0.731723379776204
"k__Bacteria.p__Bacteroidetes.c__Bacteroidia.o__Bacteroidales.f__Bacteroidaceae.g__Bacteroides.s__Bacteroides_finegoldii",0.269790534940048,0.244356199890074,1.10408712797717,0.269555344436817
"k__Bacteria.p__Bacteroidetes.c__Bacteroidia.o__Bacteroidales.f__Bacteroidaceae.g__Bacteroides.s__Bacteroides_fragilis",0.0545527786336704,0.14229863460906,0.383368250746357,0.70144674062744
"k__Bacteria.p__Bacteroidetes.c__Bacteroidia.o__Bacteroidales.f__Bacteroidaceae.g__Bacteroides.s__Bacteroides_galacturonicus",NA,NA,NA,NA
"k__Bacteria.p__Bacteroidetes.c__Bacteroidia.o__Bacteroidales.f__Bacteroidaceae.g__Bacteroides.s__Bacteroides_intestinalis",3.01312160632842,7.45813425322332,0.404004742208305,0.686209231964144
"k__Bacteria.p__Bacteroidetes.c__Bacteroidia.o__Bacteroidales.f__Bacteroidaceae.g__Bacteroides.s__Bacteroides_massiliensis",-0.200988984220949,0.529174092104289,-0.379816372758738,0.704081727832591
"k__Bacteria.p__Bacteroidetes.c__Bacteroidia.o__Bacteroidales.f__Bacteroidaceae.g__Bacteroides.s__Bacteroides_nordii",-107.298517891737,178.226510658403,-0.60203455420496,0.547151136676181
"k__Bacteria.p__Bacteroidetes.c__Bacteroidia.o__Bacteroidales.f__Bacteroidaceae.g__Bacteroides.s__Bacteroides_ovatus",-0.14992023971363,0.325115435262659,-0.461129258881573,0.644705871065538
"k__Bacteria.p__Bacteroidetes.c__Bacteroidia.o__Bacteroidales.f__Bacteroidaceae.g__Bacteroides.s__Bacteroides_plebeius",-0.191165043300593,0.179120848667989,-1.06724060723344,0.285863200071671
"k__Bacteria.p__Bacteroidetes.c__Bacteroidia.o__Bacteroidales.f__Bacteroidaceae.g__Bacteroides.s__Bacteroides_salyersiae",35.8377935507445,5075.98366596093,0.00706026573550056,0.994366769774786
"k__Bacteria.p__Bacteroidetes.c__Bacteroidia.o__Bacteroidales.f__Bacteroidaceae.g__Bacteroides.s__Bacteroides_sp_CAG_443",NA,NA,NA,NA
"k__Bacteria.p__Bacteroidetes.c__Bacteroidia.o__Bacteroidales.f__Bacteroidaceae.g__Bacteroides.s__Bacteroides_stercorirosoris",-26.021099778738,3782.92119726252,-0.00687857304497064,0.994511736046419
"k__Bacteria.p__Bacteroidetes.c__Bacteroidia.o__Bacteroidales.f__Bacteroidaceae.g__Bacteroides.s__Bacteroides_stercoris",0.0190044213044379,0.0358359236356025,0.530317608042821,0.595891740413582
"k__Bacteria.p__Bacteroidetes.c__Bacteroidia.o__Bacteroidales.f__Bacteroidaceae.g__Bacteroides.s__Bacteroides_thetaiotaomicron",-0.0722508379259413,0.0888569797444045,-0.813113816537198,0.416152805578245
"k__Bacteria.p__Bacteroidetes.c__Bacteroidia.o__Bacteroidales.f__Bacteroidaceae.g__Bacteroides.s__Bacteroides_uniformis",-0.0409587815961569,0.0487944265603018,-0.839415164466348,0.401236377104675
"k__Bacteria.p__Bacteroidetes.c__Bacteroidia.o__Bacteroidales.f__Bacteroidaceae.g__Bacteroides.s__Bacteroides_vulgatus",0.0445520222904093,0.0431879439803926,1.03158470129155,0.302266710262399
"k__Bacteria.p__Bacteroidetes.c__Bacteroidia.o__Bacteroidales.f__Bacteroidaceae.g__Bacteroides.s__Bacteroides_xylanisolvens",0.873282316533581,0.676679517652713,1.2905404903681,0.196863062830213
"k__Bacteria.p__Bacteroidetes.c__Bacteroidia.o__Bacteroidales.f__Barnesiellaceae",0.190885646408477,0.400497972562748,0.476620755873041,0.633632200691691
"k__Bacteria.p__Bacteroidetes.c__Bacteroidia.o__Bacteroidales.f__Barnesiellaceae.g__Barnesiella",0.175638699962246,0.41333411122271,0.424931538901249,0.670886582494121
"k__Bacteria.p__Bacteroidetes.c__Bacteroidia.o__Bacteroidales.f__Barnesiellaceae.g__Barnesiella.s__Barnesiella_intestinihominis",0.175638699962246,0.41333411122271,0.424931538901249,0.670886582494121
"k__Bacteria.p__Bacteroidetes.c__Bacteroidia.o__Bacteroidales.f__Barnesiellaceae.g__Coprobacter",0.14516082456977,0.943511730256535,0.153851637361521,0.877726717763778
"k__Bacteria.p__Bacteroidetes.c__Bacteroidia.o__Bacteroidales.f__Barnesiellaceae.g__Coprobacter.s__Coprobacter_fastidiosus",1.0362050181233,1.22117972699438,0.848527858117704,0.396144064632099
"k__Bacteria.p__Bacteroidetes.c__Bacteroidia.o__Bacteroidales.f__Barnesiellaceae.g__Coprobacter.s__Coprobacter_secundus",NA,NA,NA,NA
"k__Bacteria.p__Bacteroidetes.c__Bacteroidia.o__Bacteroidales.f__Barnesiellaceae.g__Coprobacter.s__Coprobacter_sp",-19.9228548571788,29.4222690794702,-0.677135227176623,0.498320159898915
"k__Bacteria.p__Bacteroidetes.c__Bacteroidia.o__Bacteroidales.f__Muribaculaceae",-0.533901728515812,77.6180939019332,-0.00687857304497031,0.994511736046419
"k__Bacteria.p__Bacteroidetes.c__Bacteroidia.o__Bacteroidales.f__Muribaculaceae.g__Muribaculaceae_unclassified",-1.37641140298887,200.101299207008,-0.0068785730449703,0.994511736046419
"k__Bacteria.p__Bacteroidetes.c__Bacteroidia.o__Bacteroidales.f__Muribaculaceae.g__Muribaculaceae_unclassified.s__Muribaculaceae_bacterium_DSM_103720",-1.37641140298887,200.101299207008,-0.0068785730449703,0.994511736046419
"k__Bacteria.p__Bacteroidetes.c__Bacteroidia.o__Bacteroidales.f__Muribaculaceae.g__Muribaculum",-0.872236914454423,126.804921420736,-0.00687857304497164,0.994511736046418
"k__Bacteria.p__Bacteroidetes.c__Bacteroidia.o__Bacteroidales.f__Muribaculaceae.g__Muribaculum.s__Muribaculum_intestinale",-0.872236914454423,126.804921420736,-0.00687857304497164,0.994511736046418
"k__Bacteria.p__Bacteroidetes.c__Bacteroidia.o__Bacteroidales.f__Odoribacteraceae",-0.764667133364836,0.651642312798312,-1.17344610432243,0.240616957866397
"k__Bacteria.p__Bacteroidetes.c__Bacteroidia.o__Bacteroidales.f__Odoribacteraceae.g__Butyricimonas",0.441218875677663,1.88195420679275,0.234447190099058,0.814637826888601
"k__Bacteria.p__Bacteroidetes.c__Bacteroidia.o__Bacteroidales.f__Odoribacteraceae.g__Butyricimonas.s__Butyricimonas_synergistica",-1.79412671638577,6.90178936718732,-0.259950951982895,0.794901607846682
"k__Bacteria.p__Bacteroidetes.c__Bacteroidia.o__Bacteroidales.f__Odoribacteraceae.g__Butyricimonas.s__Butyricimonas_virosa",0.601630956087795,1.93117861181068,0.311535635496555,0.755393456555154
"k__Bacteria.p__Bacteroidetes.c__Bacteroidia.o__Bacteroidales.f__Odoribacteraceae.g__Odoribacter",-0.885259684936166,0.693988950160247,-1.27561063433611,0.202093193010746
"k__Bacteria.p__Bacteroidetes.c__Bacteroidia.o__Bacteroidales.f__Odoribacteraceae.g__Odoribacter.s__Odoribacter_laneus",NA,NA,NA,NA
"k__Bacteria.p__Bacteroidetes.c__Bacteroidia.o__Bacteroidales.f__Odoribacteraceae.g__Odoribacter.s__Odoribacter_splanchnicus",-0.885259684936166,0.693988950160247,-1.27561063433611,0.202093193010746
"k__Bacteria.p__Bacteroidetes.c__Bacteroidia.o__Bacteroidales.f__Porphyromonadaceae",85.3508127166084,12228.2257808129,0.00697981982394624,0.994430954744008
"k__Bacteria.p__Bacteroidetes.c__Bacteroidia.o__Bacteroidales.f__Porphyromonadaceae.g__Porphyromonas",NA,NA,NA,NA
"k__Bacteria.p__Bacteroidetes.c__Bacteroidia.o__Bacteroidales.f__Porphyromonadaceae.g__Porphyromonas.s__Porphyromonas_asaccharolytica",NA,NA,NA,NA
"k__Bacteria.p__Bacteroidetes.c__Bacteroidia.o__Bacteroidales.f__Porphyromonadaceae.g__Sanguibacteroides",85.3508127166084,12228.2257808129,0.00697981982394624,0.994430954744008
"k__Bacteria.p__Bacteroidetes.c__Bacteroidia.o__Bacteroidales.f__Porphyromonadaceae.g__Sanguibacteroides.s__Sanguibacteroides_justesenii",85.3508127166084,12228.2257808129,0.00697981982394624,0.994430954744008
"k__Bacteria.p__Bacteroidetes.c__Bacteroidia.o__Bacteroidales.f__Prevotellaceae",0.00880992302908244,0.0333378586308261,0.264261814972612,0.79157818190237
"k__Bacteria.p__Bacteroidetes.c__Bacteroidia.o__Bacteroidales.f__Prevotellaceae.g__Paraprevotella",-0.204709252733327,0.837417220575319,-0.244453120503885,0.806879905126245
"k__Bacteria.p__Bacteroidetes.c__Bacteroidia.o__Bacteroidales.f__Prevotellaceae.g__Paraprevotella.s__Paraprevotella_clara",-11892.5820284609,1383238.11459755,-0.00859763904923994,0.993140161055886
"k__Bacteria.p__Bacteroidetes.c__Bacteroidia.o__Bacteroidales.f__Prevotellaceae.g__Paraprevotella.s__Paraprevotella_xylaniphila",-0.192494923059675,0.837625791778043,-0.229810166961386,0.818239284059313
"k__Bacteria.p__Bacteroidetes.c__Bacteroidia.o__Bacteroidales.f__Prevotellaceae.g__Prevotella",0.00928916752233862,0.0336265810034514,0.276244781513326,0.782360064179187
"k__Bacteria.p__Bacteroidetes.c__Bacteroidia.o__Bacteroidales.f__Prevotellaceae.g__Prevotella.s__Prevotella_buccalis",NA,NA,NA,NA
"k__Bacteria.p__Bacteroidetes.c__Bacteroidia.o__Bacteroidales.f__Prevotellaceae.g__Prevotella.s__Prevotella_copri",0.0122217803252694,0.0364209709481417,0.335569865577486,0.737195251332682
"k__Bacteria.p__Bacteroidetes.c__Bacteroidia.o__Bacteroidales.f__Prevotellaceae.g__Prevotella.s__Prevotella_sp_AM42_24",100.229742544561,14359.9326435783,0.00697981982452989,0.994430954743543
"k__Bacteria.p__Bacteroidetes.c__Bacteroidia.o__Bacteroidales.f__Prevotellaceae.g__Prevotella.s__Prevotella_sp_CAG_1031",1.55492908650435,222.774960633788,0.00697981982391838,0.994430954744031
"k__Bacteria.p__Bacteroidetes.c__Bacteroidia.o__Bacteroidales.f__Prevotellaceae.g__Prevotella.s__Prevotella_sp_CAG_1092",45.0516192688617,6454.55332736188,0.00697981982391882,0.99443095474403
"k__Bacteria.p__Bacteroidetes.c__Bacteroidia.o__Bacteroidales.f__Prevotellaceae.g__Prevotella.s__Prevotella_sp_CAG_279",-6.23418598966267,906.319660910046,-0.00687857304497053,0.994511736046419
"k__Bacteria.p__Bacteroidetes.c__Bacteroidia.o__Bacteroidales.f__Prevotellaceae.g__Prevotella.s__Prevotella_sp_CAG_520",25.1995696544027,3610.34672675044,0.00697981982386608,0.994430954744072
"k__Bacteria.p__Bacteroidetes.c__Bacteroidia.o__Bacteroidales.f__Prevotellaceae.g__Prevotella.s__Prevotella_sp_CAG_891",1.00546907566659,144.053729328175,0.00697981982386575,0.994430954744073
"k__Bacteria.p__Bacteroidetes.c__Bacteroidia.o__Bacteroidales.f__Prevotellaceae.g__Prevotella.s__Prevotella_sp_MGM1",-1.03534920223804,150.51802102979,-0.00687857304497197,0.994511736046418
"k__Bacteria.p__Bacteroidetes.c__Bacteroidia.o__Bacteroidales.f__Prevotellaceae.g__Prevotella.s__Prevotella_stercorea",-0.56916676569241,6.04725787746363,-0.0941198105365291,0.925013983703268
"k__Bacteria.p__Bacteroidetes.c__Bacteroidia.o__Bacteroidales.f__Rikenellaceae",0.0262250291201796,0.0508884995935918,0.515342942504087,0.606313396100192
"k__Bacteria.p__Bacteroidetes.c__Bacteroidia.o__Bacteroidales.f__Rikenellaceae.g__Alistipes",0.0262250291201796,0.0508884995935918,0.515342942504087,0.606313396100192
"k__Bacteria.p__Bacteroidetes.c__Bacteroidia.o__Bacteroidales.f__Rikenellaceae.g__Alistipes.s__Alistipes_finegoldii",-0.00682638483516725,0.0687822240936019,-0.0992463521661877,0.920942672791242
"k__Bacteria.p__Bacteroidetes.c__Bacteroidia.o__Bacteroidales.f__Rikenellaceae.g__Alistipes.s__Alistipes_indistinctus",-11.6761689347143,11.581561457731,-1.00816880153238,0.313373432574688
"k__Bacteria.p__Bacteroidetes.c__Bacteroidia.o__Bacteroidales.f__Rikenellaceae.g__Alistipes.s__Alistipes_inops",0.836737736828669,3.08872392565446,0.270900785233298,0.786467341073176
"k__Bacteria.p__Bacteroidetes.c__Bacteroidia.o__Bacteroidales.f__Rikenellaceae.g__Alistipes.s__Alistipes_onderdonkii",NA,NA,NA,NA
"k__Bacteria.p__Bacteroidetes.c__Bacteroidia.o__Bacteroidales.f__Rikenellaceae.g__Alistipes.s__Alistipes_putredinis",0.097313199827574,0.102567615902258,0.948771198116846,0.342736993532221
"k__Bacteria.p__Bacteroidetes.c__Bacteroidia.o__Bacteroidales.f__Rikenellaceae.g__Alistipes.s__Alistipes_shahii",0.295998997150413,0.419211829204139,0.706084553273122,0.480135557095779
"k__Bacteria.p__Bacteroidetes.c__Bacteroidia.o__Bacteroidales.f__Rikenellaceae.g__Alistipes.s__Alistipes_timonensis",999.903879365982,143256.402684719,0.00697981982394591,0.994430954744009
"k__Bacteria.p__Bacteroidetes.c__Bacteroidia.o__Bacteroidales.f__Tannerellaceae",0.0343405185175044,0.0438902038929802,0.782418751146355,0.433968517452988
"k__Bacteria.p__Bacteroidetes.c__Bacteroidia.o__Bacteroidales.f__Tannerellaceae.g__Parabacteroides",0.0343405185175044,0.0438902038929802,0.782418751146355,0.433968517452988
"k__Bacteria.p__Bacteroidetes.c__Bacteroidia.o__Bacteroidales.f__Tannerellaceae.g__Parabacteroides.s__Parabacteroides_distasonis",0.0265307173235367,0.0357998507845046,0.741084578347463,0.458642159582989
"k__Bacteria.p__Bacteroidetes.c__Bacteroidia.o__Bacteroidales.f__Tannerellaceae.g__Parabacteroides.s__Parabacteroides_goldsteinii",-5.35705289087205,8.21904766902859,-0.651785110221316,0.514539808417348
"k__Bacteria.p__Bacteroidetes.c__Bacteroidia.o__Bacteroidales.f__Tannerellaceae.g__Parabacteroides.s__Parabacteroides_gordonii",34.149592254446,50.9548139816899,0.670193639931987,0.50273435772292
"k__Bacteria.p__Bacteroidetes.c__Bacteroidia.o__Bacteroidales.f__Tannerellaceae.g__Parabacteroides.s__Parabacteroides_johnsonii",NA,NA,NA,NA
"k__Bacteria.p__Bacteroidetes.c__Bacteroidia.o__Bacteroidales.f__Tannerellaceae.g__Parabacteroides.s__Parabacteroides_merdae",0.0611033115891106,0.124086947593166,0.492423359380597,0.622420089188349
"k__Bacteria.p__Bacteroidetes.c__Bacteroidia.o__Bacteroidales.f__Tannerellaceae.g__Parabacteroides.s__Parabacteroides_sp_CAG_409",34.763564240122,4980.58189472346,0.00697981982325224,0.994430954744562
"k__Bacteria.p__Candidatus_Melainabacteria",NA,NA,NA,NA
"k__Bacteria.p__Candidatus_Melainabacteria.c__Candidatus_Melainabacteria_unclassified",NA,NA,NA,NA
"k__Bacteria.p__Candidatus_Melainabacteria.c__Candidatus_Melainabacteria_unclassified.o__Candidatus_Gastranaerophilales",NA,NA,NA,NA
"k__Bacteria.p__Candidatus_Melainabacteria.c__Candidatus_Melainabacteria_unclassified.o__Candidatus_Gastranaerophilales.f__Candidatus_Gastranaerophilales_unclassified",NA,NA,NA,NA
"k__Bacteria.p__Candidatus_Melainabacteria.c__Candidatus_Melainabacteria_unclassified.o__Candidatus_Gastranaerophilales.f__Candidatus_Gastranaerophilales_unclassified.g__Candidatus_Gastranaerophilales_unclassified",NA,NA,NA,NA
"k__Bacteria.p__Candidatus_Melainabacteria.c__Candidatus_Melainabacteria_unclassified.o__Candidatus_Gastranaerophilales.f__Candidatus_Gastranaerophilales_unclassified.g__Candidatus_Gastranaerophilales_unclassified.s__Candidatus_Gastranaerophilales_bacterium",NA,NA,NA,NA
"k__Bacteria.p__Deferribacteres",-176.888262786955,25715.8369374669,-0.00687857304497197,0.994511736046418
"k__Bacteria.p__Deferribacteres.c__Deferribacteres",-176.888262786955,25715.8369374669,-0.00687857304497197,0.994511736046418
"k__Bacteria.p__Deferribacteres.c__Deferribacteres.o__Deferribacterales",-176.888262786955,25715.8369374669,-0.00687857304497197,0.994511736046418
"k__Bacteria.p__Deferribacteres.c__Deferribacteres.o__Deferribacterales.f__Deferribacteraceae",-176.888262786955,25715.8369374669,-0.00687857304497197,0.994511736046418
"k__Bacteria.p__Deferribacteres.c__Deferribacteres.o__Deferribacterales.f__Deferribacteraceae.g__Mucispirillum",-176.888262786955,25715.8369374669,-0.00687857304497197,0.994511736046418
"k__Bacteria.p__Deferribacteres.c__Deferribacteres.o__Deferribacterales.f__Deferribacteraceae.g__Mucispirillum.s__Mucispirillum_schaedleri",-176.888262786955,25715.8369374669,-0.00687857304497197,0.994511736046418
"k__Bacteria.p__Firmicutes",0.0420886420476967,0.0252610685878159,1.66614654092651,0.0956842306475253
"k__Bacteria.p__Firmicutes.c__Bacilli",-0.145810171429567,0.127272214643043,-1.14565596142502,0.251937532346824
"k__Bacteria.p__Firmicutes.c__Bacilli.o__Bacillales",831.18560691783,119084.1064508,0.00697981982390938,0.994430954744038
"k__Bacteria.p__Firmicutes.c__Bacilli.o__Bacillales.f__Bacillales_unclassified",831.18560691783,119084.1064508,0.00697981982390938,0.994430954744038
"k__Bacteria.p__Firmicutes.c__Bacilli.o__Bacillales.f__Bacillales_unclassified.g__Gemella",831.18560691783,119084.1064508,0.00697981982390938,0.994430954744038
"k__Bacteria.p__Firmicutes.c__Bacilli.o__Bacillales.f__Bacillales_unclassified.g__Gemella.s__Gemella_sanguinis",831.18560691783,119084.1064508,0.00697981982390938,0.994430954744038
"k__Bacteria.p__Firmicutes.c__Bacilli.o__Lactobacillales",-0.145979634830653,0.127408866825855,-1.14575726531012,0.251895601926378
"k__Bacteria.p__Firmicutes.c__Bacilli.o__Lactobacillales.f__Enterococcaceae",-7.39918170848208,14.232643885241,-0.519874014142581,0.603151388226152
"k__Bacteria.p__Firmicutes.c__Bacilli.o__Lactobacillales.f__Enterococcaceae.g__Enterococcus",-7.39918170848208,14.232643885241,-0.519874014142581,0.603151388226152
"k__Bacteria.p__Firmicutes.c__Bacilli.o__Lactobacillales.f__Enterococcaceae.g__Enterococcus.s__Enterococcus_faecalis",-715.264254052796,90779.1106868932,-0.00787917229680535,0.993713395119367
"k__Bacteria.p__Firmicutes.c__Bacilli.o__Lactobacillales.f__Enterococcaceae.g__Enterococcus.s__Enterococcus_faecium",517.724574317823,74174.4897905972,0.00697981982457063,0.99443095474351
"k__Bacteria.p__Firmicutes.c__Bacilli.o__Lactobacillales.f__Lactobacillaceae",-0.138579134964271,0.146165529063266,-0.948097241889966,0.343079952246757
"k__Bacteria.p__Firmicutes.c__Bacilli.o__Lactobacillales.f__Lactobacillaceae.g__Lactobacillus",-0.144643395333409,0.15316380869008,-0.944370583171435,0.344980308412909
"k__Bacteria.p__Firmicutes.c__Bacilli.o__Lactobacillales.f__Lactobacillaceae.g__Lactobacillus.s__Lactobacillus_animalis",NA,NA,NA,NA
"k__Bacteria.p__Firmicutes.c__Bacilli.o__Lactobacillales.f__Lactobacillaceae.g__Lactobacillus.s__Lactobacillus_crispatus",22.6380181701832,2784.53047765572,0.0081299229266264,0.993513331473165
"k__Bacteria.p__Firmicutes.c__Bacilli.o__Lactobacillales.f__Lactobacillaceae.g__Lactobacillus.s__Lactobacillus_fermentum",1000.358573017,127220.777052177,0.00786316980760715,0.993726162862911
"k__Bacteria.p__Firmicutes.c__Bacilli.o__Lactobacillales.f__Lactobacillaceae.g__Lactobacillus.s__Lactobacillus_gasseri",1198.16911329219,157454.859809987,0.00760960388734977,0.993928473140893
"k__Bacteria.p__Firmicutes.c__Bacilli.o__Lactobacillales.f__Lactobacillaceae.g__Lactobacillus.s__Lactobacillus_helveticus",-230.651813871602,33531.9276779745,-0.00687857304497008,0.99451173604642
"k__Bacteria.p__Firmicutes.c__Bacilli.o__Lactobacillales.f__Lactobacillaceae.g__Lactobacillus.s__Lactobacillus_intestinalis",NA,NA,NA,NA
"k__Bacteria.p__Firmicutes.c__Bacilli.o__Lactobacillales.f__Lactobacillaceae.g__Lactobacillus.s__Lactobacillus_johnsonii",-30.1482987455445,3293.76681585684,-0.00915313694958753,0.992696955319897
"k__Bacteria.p__Firmicutes.c__Bacilli.o__Lactobacillales.f__Lactobacillaceae.g__Lactobacillus.s__Lactobacillus_murinus",-0.783074275036541,113.842546981334,-0.00687857304497008,0.99451173604642
"k__Bacteria.p__Firmicutes.c__Bacilli.o__Lactobacillales.f__Lactobacillaceae.g__Lactobacillus.s__Lactobacillus_oris",672.71964422899,85794.0772348996,0.00784109656412668,0.993743774220159
"k__Bacteria.p__Firmicutes.c__Bacilli.o__Lactobacillales.f__Lactobacillaceae.g__Lactobacillus.s__Lactobacillus_paragasseri",436.87542153916,50707.6483359329,0.00861557251965039,0.993125852746669
"k__Bacteria.p__Firmicutes.c__Bacilli.o__Lactobacillales.f__Lactobacillaceae.g__Lactobacillus.s__Lactobacillus_reuteri",-395.818252779003,47867.3117238818,-0.00826907211882388,0.993402310213292
"k__Bacteria.p__Firmicutes.c__Bacilli.o__Lactobacillales.f__Lactobacillaceae.g__Lactobacillus.s__Lactobacillus_rhamnosus",-151.190288546796,21979.8914045182,-0.00687857304498407,0.994511736046408
"k__Bacteria.p__Firmicutes.c__Bacilli.o__Lactobacillales.f__Lactobacillaceae.g__Lactobacillus.s__Lactobacillus_rogosae",25.6698774102625,50.6004318724805,0.507305500375053,0.611940479823087
"k__Bacteria.p__Firmicutes.c__Bacilli.o__Lactobacillales.f__Lactobacillaceae.g__Lactobacillus.s__Lactobacillus_salivarius",-0.159149383945734,0.533528537403612,-0.298295916316352,0.765477320810079
"k__Bacteria.p__Firmicutes.c__Bacilli.o__Lactobacillales.f__Lactobacillaceae.g__Lactobacillus.s__Lactobacillus_vaginalis",2177.9440805715,312034.427207153,0.00697981982329665,0.994430954744527
"k__Bacteria.p__Firmicutes.c__Bacilli.o__Lactobacillales.f__Lactobacillaceae.g__Pediococcus",722.153725157369,90802.9846775254,0.00795297343718382,0.993654512173858
"k__Bacteria.p__Firmicutes.c__Bacilli.o__Lactobacillales.f__Lactobacillaceae.g__Pediococcus.s__Pediococcus_acidilactici",722.153725157369,90802.9846775254,0.00795297343718382,0.993654512173858
"k__Bacteria.p__Firmicutes.c__Bacilli.o__Lactobacillales.f__Leuconostocaceae",4.6695860974266,6.37101193271248,0.732942607350997,0.463593434762427
"k__Bacteria.p__Firmicutes.c__Bacilli.o__Lactobacillales.f__Leuconostocaceae.g__Leuconostoc",-168.698321756385,24525.1915845714,-0.00687857304497108,0.994511736046419
"k__Bacteria.p__Firmicutes.c__Bacilli.o__Lactobacillales.f__Leuconostocaceae.g__Leuconostoc.s__Leuconostoc_garlicum",-188.182006620149,27357.7100060849,-0.00687857304497685,0.994511736046414
"k__Bacteria.p__Firmicutes.c__Bacilli.o__Lactobacillales.f__Leuconostocaceae.g__Leuconostoc.s__Leuconostoc_lactis",-1629.36266541538,236875.098187291,-0.00687857304496853,0.994511736046421
"k__Bacteria.p__Firmicutes.c__Bacilli.o__Lactobacillales.f__Leuconostocaceae.g__Weissella",35.7886875066899,5127.45148290485,0.00697981982394391,0.99443095474401
"k__Bacteria.p__Firmicutes.c__Bacilli.o__Lactobacillales.f__Leuconostocaceae.g__Weissella.s__Weissella_confusa",35.7886875066899,5127.45148290485,0.00697981982394391,0.99443095474401
"k__Bacteria.p__Firmicutes.c__Bacilli.o__Lactobacillales.f__Streptococcaceae",-0.280659462246236,0.34176154781606,-0.821214276561298,0.411524225915824
"k__Bacteria.p__Firmicutes.c__Bacilli.o__Lactobacillales.f__Streptococcaceae.g__Lactococcus",-38.3552306433856,58.9046288164511,-0.651141199156044,0.514955343537441
"k__Bacteria.p__Firmicutes.c__Bacilli.o__Lactobacillales.f__Streptococcaceae.g__Lactococcus.s__Lactococcus_lactis",-38.3552306433856,58.9046288164511,-0.651141199156044,0.514955343537441
"k__Bacteria.p__Firmicutes.c__Bacilli.o__Lactobacillales.f__Streptococcaceae.g__Streptococcus",-0.27757094186515,0.339686241711271,-0.81713919429531,0.413848886614354
"k__Bacteria.p__Firmicutes.c__Bacilli.o__Lactobacillales.f__Streptococcaceae.g__Streptococcus.s__Streptococcus_anginosus_group",-351.928439246312,51163.0009517561,-0.00687857304496586,0.994511736046423
"k__Bacteria.p__Firmicutes.c__Bacilli.o__Lactobacillales.f__Streptococcaceae.g__Streptococcus.s__Streptococcus_lutetiensis",-3.15893056676468,459.24213439505,-0.00687857304497086,0.994511736046419
"k__Bacteria.p__Firmicutes.c__Bacilli.o__Lactobacillales.f__Streptococcaceae.g__Streptococcus.s__Streptococcus_mitis",519.847801117525,76040.735747803,0.00683643833801995,0.994545353888111
"k__Bacteria.p__Firmicutes.c__Bacilli.o__Lactobacillales.f__Streptococcaceae.g__Streptococcus.s__Streptococcus_mutans",NA,NA,NA,NA
"k__Bacteria.p__Firmicutes.c__Bacilli.o__Lactobacillales.f__Streptococcaceae.g__Streptococcus.s__Streptococcus_oralis",1119.54478470565,160397.375985441,0.00697981982452922,0.994430954743543
"k__Bacteria.p__Firmicutes.c__Bacilli.o__Lactobacillales.f__Streptococcaceae.g__Streptococcus.s__Streptococcus_parasanguinis",2.21597513544883,2.50737104420601,0.883784288954547,0.376812669095258
"k__Bacteria.p__Firmicutes.c__Bacilli.o__Lactobacillales.f__Streptococcaceae.g__Streptococcus.s__Streptococcus_pasteurianus",NA,NA,NA,NA
"k__Bacteria.p__Firmicutes.c__Bacilli.o__Lactobacillales.f__Streptococcaceae.g__Streptococcus.s__Streptococcus_salivarius",-0.330877404195866,0.934635818416235,-0.354017466136218,0.723325793721306
"k__Bacteria.p__Firmicutes.c__Bacilli.o__Lactobacillales.f__Streptococcaceae.g__Streptococcus.s__Streptococcus_salivarius_CAG_79",NA,NA,NA,NA
"k__Bacteria.p__Firmicutes.c__Bacilli.o__Lactobacillales.f__Streptococcaceae.g__Streptococcus.s__Streptococcus_sanguinis",NA,NA,NA,NA
"k__Bacteria.p__Firmicutes.c__Bacilli.o__Lactobacillales.f__Streptococcaceae.g__Streptococcus.s__Streptococcus_thermophilus",-1.52902029666898,1.75135308868849,-0.873050846539459,0.382635363822327
"k__Bacteria.p__Firmicutes.c__Bacilli.o__Lactobacillales.f__Streptococcaceae.g__Streptococcus.s__Streptococcus_vestibularis",-4.19086086283874,4.84580835589503,-0.864842469005294,0.387125257833537
"k__Bacteria.p__Firmicutes.c__Clostridia",0.0556893381650338,0.0273118556552459,2.03901700667993,0.0414483302552352
"k__Bacteria.p__Firmicutes.c__Clostridia.o__Clostridiales",0.0556893381650338,0.0273118556552459,2.03901700667993,0.0414483302552352
"k__Bacteria.p__Firmicutes.c__Clostridia.o__Clostridiales.f__Catabacteriaceae",NA,NA,NA,NA
"k__Bacteria.p__Firmicutes.c__Clostridia.o__Clostridiales.f__Catabacteriaceae.g__Catabacter",NA,NA,NA,NA
"k__Bacteria.p__Firmicutes.c__Clostridia.o__Clostridiales.f__Catabacteriaceae.g__Catabacter.s__Catabacter_hongkongensis",NA,NA,NA,NA
"k__Bacteria.p__Firmicutes.c__Clostridia.o__Clostridiales.f__Christensenellaceae",NA,NA,NA,NA
"k__Bacteria.p__Firmicutes.c__Clostridia.o__Clostridiales.f__Christensenellaceae.g__Christensenella",NA,NA,NA,NA
"k__Bacteria.p__Firmicutes.c__Clostridia.o__Clostridiales.f__Christensenellaceae.g__Christensenella.s__Christensenella_minuta",NA,NA,NA,NA
"k__Bacteria.p__Firmicutes.c__Clostridia.o__Clostridiales.f__Clostridiaceae",0.410838188612148,0.663608470885013,0.619097263879465,0.5358522857145
"k__Bacteria.p__Firmicutes.c__Clostridia.o__Clostridiales.f__Clostridiaceae.g__Clostridium",0.661568613845219,0.682929333361478,0.968721918253066,0.332683953641903
"k__Bacteria.p__Firmicutes.c__Clostridia.o__Clostridiales.f__Clostridiaceae.g__Clostridium.s__Butyribacterium_methylotrophicum",-1796.23162607971,259276.565204414,-0.00692785954127229,0.99447241204896
"k__Bacteria.p__Firmicutes.c__Clostridia.o__Clostridiales.f__Clostridiaceae.g__Clostridium.s__Clostridium_bolteae_CAG_59",-18.7952689006167,16.6311402083024,-1.13012509456411,0.258423516971028
"k__Bacteria.p__Firmicutes.c__Clostridia.o__Clostridiales.f__Clostridiaceae.g__Clostridium.s__Clostridium_disporicum",9.18868612116873,14.7380740358718,0.623465867982743,0.532978425070604
"k__Bacteria.p__Firmicutes.c__Clostridia.o__Clostridiales.f__Clostridiaceae.g__Clostridium.s__Clostridium_neonatale",NA,NA,NA,NA
"k__Bacteria.p__Firmicutes.c__Clostridia.o__Clostridiales.f__Clostridiaceae.g__Clostridium.s__Clostridium_paraputrificum",NA,NA,NA,NA
"k__Bacteria.p__Firmicutes.c__Clostridia.o__Clostridiales.f__Clostridiaceae.g__Clostridium.s__Clostridium_perfringens",-29.5173860513779,52.1870751874721,-0.565607211083249,0.571660824704933
"k__Bacteria.p__Firmicutes.c__Clostridia.o__Clostridiales.f__Clostridiaceae.g__Clostridium.s__Clostridium_sp_ASF356",NA,NA,NA,NA
"k__Bacteria.p__Firmicutes.c__Clostridia.o__Clostridiales.f__Clostridiaceae.g__Clostridium.s__Clostridium_sp_ASF502",NA,NA,NA,NA
"k__Bacteria.p__Firmicutes.c__Clostridia.o__Clostridiales.f__Clostridiaceae.g__Clostridium.s__Clostridium_sp_CAG_167",873.703320566241,137881.083394874,0.00633664386044941,0.994944123531278
"k__Bacteria.p__Firmicutes.c__Clostridia.o__Clostridiales.f__Clostridiaceae.g__Clostridium.s__Clostridium_sp_CAG_242",-3.39313630014671,5.91807843367904,-0.573351018945068,0.566407047601071
"k__Bacteria.p__Firmicutes.c__Clostridia.o__Clostridiales.f__Clostridiaceae.g__Clostridium.s__Clostridium_sp_CAG_253",1440.72157732282,171640.811332118,0.00839381710061415,0.993302781572698
"k__Bacteria.p__Firmicutes.c__Clostridia.o__Clostridiales.f__Clostridiaceae.g__Clostridium.s__Clostridium_sp_CAG_299",0.810320239685801,1.14828893360999,0.705676259666036,0.480389487850479
"k__Bacteria.p__Firmicutes.c__Clostridia.o__Clostridiales.f__Clostridiaceae.g__Clostridium.s__Clostridium_sp_CAG_58",-0.219203362410137,0.969516346070498,-0.226095581883256,0.821127080775742
"k__Bacteria.p__Firmicutes.c__Clostridia.o__Clostridiales.f__Clostridiaceae.g__Clostridium.s__Clostridium_sp_chh4_2",36.4253805554701,5218.6706067843,0.00697981982386797,0.994430954744071
"k__Bacteria.p__Firmicutes.c__Clostridia.o__Clostridiales.f__Clostridiaceae.g__Hungatella",-14.1908703586179,16.9279217601984,-0.838311433597481,0.40185581610733
"k__Bacteria.p__Firmicutes.c__Clostridia.o__Clostridiales.f__Clostridiaceae.g__Hungatella.s__Hungatella_hathewayi",-14.1908703586179,16.9279217601984,-0.838311433597481,0.40185581610733
"k__Bacteria.p__Firmicutes.c__Clostridia.o__Clostridiales.f__Clostridiaceae.g__Lactonifactor",NA,NA,NA,NA
"k__Bacteria.p__Firmicutes.c__Clostridia.o__Clostridiales.f__Clostridiaceae.g__Lactonifactor.s__Lactonifactor_longoviformis",NA,NA,NA,NA
"k__Bacteria.p__Firmicutes.c__Clostridia.o__Clostridiales.f__Clostridiales_unclassified",0.314909680544668,0.408544466387569,0.7708088260971,0.440820254955156
"k__Bacteria.p__Firmicutes.c__Clostridia.o__Clostridiales.f__Clostridiales_unclassified.g__Clostridiales_unclassified",-35.7526372323716,59.5786415531177,-0.600091514347405,0.548445247510485
"k__Bacteria.p__Firmicutes.c__Clostridia.o__Clostridiales.f__Clostridiales_unclassified.g__Clostridiales_unclassified.s__Bacteroides_pectinophilus",1553.65398697487,222592.276922132,0.00697981982330131,0.994430954744523
"k__Bacteria.p__Firmicutes.c__Clostridia.o__Clostridiales.f__Clostridiales_unclassified.g__Clostridiales_unclassified.s__Clostridiales_bacterium_1_7_47FAA",-1493.13076509259,187861.549140731,-0.00794803817983025,0.993658449815052
"k__Bacteria.p__Firmicutes.c__Clostridia.o__Clostridiales.f__Clostridiales_unclassified.g__Intestinimonas",0.959730158096572,1.15158139689762,0.833401929452929,0.404618086911283
"k__Bacteria.p__Firmicutes.c__Clostridia.o__Clostridiales.f__Clostridiales_unclassified.g__Intestinimonas.s__Intestinimonas_butyriciproducens",0.959730158096572,1.15158139689762,0.833401929452929,0.404618086911283
"k__Bacteria.p__Firmicutes.c__Clostridia.o__Clostridiales.f__Clostridiales_unclassified.g__Lawsonibacter",0.609154639660675,1.19386815649657,0.510236106345489,0.609886059484555
"k__Bacteria.p__Firmicutes.c__Clostridia.o__Clostridiales.f__Clostridiales_unclassified.g__Lawsonibacter.s__Lawsonibacter_asaccharolyticus",0.609154639660675,1.19386815649657,0.510236106345489,0.609886059484555
"k__Bacteria.p__Firmicutes.c__Clostridia.o__Clostridiales.f__Clostridiales_unclassified.g__Monoglobus",0.247531828945893,0.544384905507713,0.454700022799193,0.649325064474362
"k__Bacteria.p__Firmicutes.c__Clostridia.o__Clostridiales.f__Clostridiales_unclassified.g__Monoglobus.s__Monoglobus_pectinilyticus",0.247531828945893,0.544384905507713,0.454700022799193,0.649325064474362
"k__Bacteria.p__Firmicutes.c__Clostridia.o__Clostridiales.f__Eubacteriaceae",0.0749057973839582,0.0827126353737043,0.905614928668709,0.365139704321611
"k__Bacteria.p__Firmicutes.c__Clostridia.o__Clostridiales.f__Eubacteriaceae.g__Anaerofustis",NA,NA,NA,NA
"k__Bacteria.p__Firmicutes.c__Clostridia.o__Clostridiales.f__Eubacteriaceae.g__Anaerofustis.s__Anaerofustis_stercorihominis",NA,NA,NA,NA
"k__Bacteria.p__Firmicutes.c__Clostridia.o__Clostridiales.f__Eubacteriaceae.g__Eubacterium",0.0749057973839582,0.0827126353737043,0.905614928668709,0.365139704321611
"k__Bacteria.p__Firmicutes.c__Clostridia.o__Clostridiales.f__Eubacteriaceae.g__Eubacterium.s__Eubacterium_callanderi",-83.907237556037,151.15126660502,-0.55512096881926,0.578811921087217
"k__Bacteria.p__Firmicutes.c__Clostridia.o__Clostridiales.f__Eubacteriaceae.g__Eubacterium.s__Eubacterium_coprostanoligenes",-26.8564609988132,3904.36516748834,-0.00687857304497208,0.994511736046418
"k__Bacteria.p__Firmicutes.c__Clostridia.o__Clostridiales.f__Eubacteriaceae.g__Eubacterium.s__Eubacterium_dolichum_CAG_375",541.843739216658,77630.046740008,0.00697981982455009,0.994430954743527
"k__Bacteria.p__Firmicutes.c__Clostridia.o__Clostridiales.f__Eubacteriaceae.g__Eubacterium.s__Eubacterium_eligens",-0.22534137461421,0.535304628090161,-0.420959137637525,0.673784920560219
"k__Bacteria.p__Firmicutes.c__Clostridia.o__Clostridiales.f__Eubacteriaceae.g__Eubacterium.s__Eubacterium_hallii",0.134243776731084,0.195045662074007,0.688268456235379,0.491283741905899
"k__Bacteria.p__Firmicutes.c__Clostridia.o__Clostridiales.f__Eubacteriaceae.g__Eubacterium.s__Eubacterium_limosum",-4485.1749458292,652050.202346654,-0.00687857304497042,0.994511736046419
"k__Bacteria.p__Firmicutes.c__Clostridia.o__Clostridiales.f__Eubacteriaceae.g__Eubacterium.s__Eubacterium_ramulus",1.65862707292582,6.93066783161589,0.239317063409041,0.81085973509356
"k__Bacteria.p__Firmicutes.c__Clostridia.o__Clostridiales.f__Eubacteriaceae.g__Eubacterium.s__Eubacterium_sp_An11",-466.519044676408,67822.0674006679,-0.00687857304497053,0.994511736046419
"k__Bacteria.p__Firmicutes.c__Clostridia.o__Clostridiales.f__Eubacteriaceae.g__Eubacterium.s__Eubacterium_sp_CAG_180",0.0560202045494308,0.119379292696465,0.469262325853012,0.63888214066476
"k__Bacteria.p__Firmicutes.c__Clostridia.o__Clostridiales.f__Eubacteriaceae.g__Eubacterium.s__Eubacterium_sp_CAG_251",-13.1141146242601,1430.49202860174,-0.009167555192236,0.99268545170935
"k__Bacteria.p__Firmicutes.c__Clostridia.o__Clostridiales.f__Eubacteriaceae.g__Eubacterium.s__Eubacterium_sp_CAG_274",-4.15662355543914,7.6570894764708,-0.542846412884671,0.587235554120761
"k__Bacteria.p__Firmicutes.c__Clostridia.o__Clostridiales.f__Eubacteriaceae.g__Eubacterium.s__Eubacterium_sp_CAG_38",1.04244946783824,1.23190206199371,0.846211318252956,0.397434869057475
"k__Bacteria.p__Firmicutes.c__Clostridia.o__Clostridiales.f__Eubacteriaceae.g__Eubacterium.s__Eubacterium_ventriosum",-2.28172390267133,4.16533856912616,-0.547788340564597,0.58383724535726
"k__Bacteria.p__Firmicutes.c__Clostridia.o__Clostridiales.f__Lachnospiraceae",0.0995014131986532,0.0727061028811783,1.368542794286,0.171142236288688
"k__Bacteria.p__Firmicutes.c__Clostridia.o__Clostridiales.f__Lachnospiraceae.g__Anaerostipes",-0.801351871514181,0.671250352886401,-1.19381966514928,0.232548517490971
"k__Bacteria.p__Firmicutes.c__Clostridia.o__Clostridiales.f__Lachnospiraceae.g__Anaerostipes.s__Anaerostipes_caccae",670.259121653828,108569.0947595,0.00617357198324786,0.995074233518864
"k__Bacteria.p__Firmicutes.c__Clostridia.o__Clostridiales.f__Lachnospiraceae.g__Anaerostipes.s__Anaerostipes_hadrus",-0.832513576357289,0.68260412497873,-1.21961404259494,0.222611220514958
"k__Bacteria.p__Firmicutes.c__Clostridia.o__Clostridiales.f__Lachnospiraceae.g__Anaerotignum",0.203727951664706,0.960926495110794,0.212012003728981,0.83209766957165
"k__Bacteria.p__Firmicutes.c__Clostridia.o__Clostridiales.f__Lachnospiraceae.g__Anaerotignum.s__Anaerotignum_lactatifermentans",0.203727951664706,0.960926495110794,0.212012003728981,0.83209766957165
"k__Bacteria.p__Firmicutes.c__Clostridia.o__Clostridiales.f__Lachnospiraceae.g__Blautia",0.127440989640003,0.151769201574244,0.83970257679494,0.401075168861124
"k__Bacteria.p__Firmicutes.c__Clostridia.o__Clostridiales.f__Lachnospiraceae.g__Blautia.s__Blautia_coccoides",-3.10992421687506,4.66639819489868,-0.666450672871175,0.50512308260314
"k__Bacteria.p__Firmicutes.c__Clostridia.o__Clostridiales.f__Lachnospiraceae.g__Blautia.s__Blautia_hansenii",-4.44875307032574,6.20227173107021,-0.717278001226513,0.473202578353966
"k__Bacteria.p__Firmicutes.c__Clostridia.o__Clostridiales.f__Lachnospiraceae.g__Blautia.s__Blautia_hydrogenotrophica",1.31212164519289,1.64302757247421,0.79859989398534,0.424522449147193
"k__Bacteria.p__Firmicutes.c__Clostridia.o__Clostridiales.f__Lachnospiraceae.g__Blautia.s__Blautia_obeum",-0.222631017405046,0.361596496416889,-0.615689088835562,0.538099740009081
"k__Bacteria.p__Firmicutes.c__Clostridia.o__Clostridiales.f__Lachnospiraceae.g__Blautia.s__Blautia_producta",16.8043343144922,14.3008447878939,1.17505885587386,0.239971169862685
"k__Bacteria.p__Firmicutes.c__Clostridia.o__Clostridiales.f__Lachnospiraceae.g__Blautia.s__Blautia_sp_An249",440.167936383563,63062.9367932812,0.00697981982390739,0.994430954744039
"k__Bacteria.p__Firmicutes.c__Clostridia.o__Clostridiales.f__Lachnospiraceae.g__Blautia.s__Blautia_sp_CAG_257",0.0692913375220502,0.223068631185782,0.310627886824397,0.756083524616797
"k__Bacteria.p__Firmicutes.c__Clostridia.o__Clostridiales.f__Lachnospiraceae.g__Blautia.s__Blautia_sp_N6H1_15",NA,NA,NA,NA
"k__Bacteria.p__Firmicutes.c__Clostridia.o__Clostridiales.f__Lachnospiraceae.g__Blautia.s__Blautia_wexlerae",0.137171405566719,0.312043712818296,0.439590352030563,0.660233829691949
"k__Bacteria.p__Firmicutes.c__Clostridia.o__Clostridiales.f__Lachnospiraceae.g__Blautia.s__Ruminococcus_gnavus",0.395408016216328,0.325378311528035,1.21522548432752,0.224280103204374
"k__Bacteria.p__Firmicutes.c__Clostridia.o__Clostridiales.f__Lachnospiraceae.g__Blautia.s__Ruminococcus_torques",-0.721446552062591,0.670701387837313,-1.07565984675968,0.282079411419375
"k__Bacteria.p__Firmicutes.c__Clostridia.o__Clostridiales.f__Lachnospiraceae.g__Butyrivibrio",40.308365422176,5098.8688622339,0.00790535440531337,0.993692505469815
"k__Bacteria.p__Firmicutes.c__Clostridia.o__Clostridiales.f__Lachnospiraceae.g__Butyrivibrio.s__Butyrivibrio_crossotus",1.86728097524826,267.525670053711,0.0069798198239196,0.99443095474403
"k__Bacteria.p__Firmicutes.c__Clostridia.o__Clostridiales.f__Lachnospiraceae.g__Butyrivibrio.s__Butyrivibrio_sp_CAG_318",40.8069341408135,5846.41655094966,0.00697981982385176,0.994430954744084
"k__Bacteria.p__Firmicutes.c__Clostridia.o__Clostridiales.f__Lachnospiraceae.g__Coprococcus",0.123980175688218,0.774036297176245,0.16017359410729,0.872744329663641
"k__Bacteria.p__Firmicutes.c__Clostridia.o__Clostridiales.f__Lachnospiraceae.g__Coprococcus.s__Coprococcus_catus",-2.882359318565,3.42871754066691,-0.840652309319233,0.400542744969966
"k__Bacteria.p__Firmicutes.c__Clostridia.o__Clostridiales.f__Lachnospiraceae.g__Coprococcus.s__Coprococcus_comes",0.0200206032768283,1.34644067896942,0.0148692798647113,0.988136468329513
"k__Bacteria.p__Firmicutes.c__Clostridia.o__Clostridiales.f__Lachnospiraceae.g__Coprococcus.s__Coprococcus_eutactus",85.3711150874782,11691.2334898318,0.00730214781543181,0.994173780774404
"k__Bacteria.p__Firmicutes.c__Clostridia.o__Clostridiales.f__Lachnospiraceae.g__Dorea",-0.0305368821356492,0.516741263732787,-0.0590951106073081,0.952876353007865
"k__Bacteria.p__Firmicutes.c__Clostridia.o__Clostridiales.f__Lachnospiraceae.g__Dorea.s__Dorea_formicigenerans",-0.687507120487714,1.65062342951833,-0.416513608248208,0.677034211671233
"k__Bacteria.p__Firmicutes.c__Clostridia.o__Clostridiales.f__Lachnospiraceae.g__Dorea.s__Dorea_longicatena",0.538489050796997,0.711891289633186,0.756420339226881,0.4493972171959
"k__Bacteria.p__Firmicutes.c__Clostridia.o__Clostridiales.f__Lachnospiraceae.g__Dorea.s__Dorea_sp_5_2",NA,NA,NA,NA
"k__Bacteria.p__Firmicutes.c__Clostridia.o__Clostridiales.f__Lachnospiraceae.g__Dorea.s__Dorea_sp_CAG_317",-6.9115709674736,4.3983612718982,-1.57139683173201,0.116090501455464
"k__Bacteria.p__Firmicutes.c__Clostridia.o__Clostridiales.f__Lachnospiraceae.g__Eisenbergiella",8.35032617417685,8.97288519636344,0.930617743505857,0.35205133281548
"k__Bacteria.p__Firmicutes.c__Clostridia.o__Clostridiales.f__Lachnospiraceae.g__Eisenbergiella.s__Eisenbergiella_massiliensis",7.12209203425587,8.646252406748,0.823720115861689,0.410098606856816
"k__Bacteria.p__Firmicutes.c__Clostridia.o__Clostridiales.f__Lachnospiraceae.g__Eisenbergiella.s__Eisenbergiella_tayi",1420.15171288807,154751.147072483,0.00917700281874412,0.992677913911109
"k__Bacteria.p__Firmicutes.c__Clostridia.o__Clostridiales.f__Lachnospiraceae.g__Fusicatenibacter",0.015913654700189,0.315960587348564,0.0503659485941937,0.95983077101724
"k__Bacteria.p__Firmicutes.c__Clostridia.o__Clostridiales.f__Lachnospiraceae.g__Fusicatenibacter.s__Fusicatenibacter_saccharivorans",0.015913654700189,0.315960587348564,0.0503659485941937,0.95983077101724
"k__Bacteria.p__Firmicutes.c__Clostridia.o__Clostridiales.f__Lachnospiraceae.g__Lachnoclostridium",0.428193565396751,0.354799403677096,1.20686100641379,0.227485676840145
"k__Bacteria.p__Firmicutes.c__Clostridia.o__Clostridiales.f__Lachnospiraceae.g__Lachnoclostridium.s__Clostridium_aldenense",17.9677120114073,37.7627179296686,0.475805582767409,0.634212892185942
"k__Bacteria.p__Firmicutes.c__Clostridia.o__Clostridiales.f__Lachnospiraceae.g__Lachnoclostridium.s__Clostridium_asparagiforme",-2.1662436209519,3.20287419482696,-0.676343649229388,0.498822485669428
"k__Bacteria.p__Firmicutes.c__Clostridia.o__Clostridiales.f__Lachnospiraceae.g__Lachnoclostridium.s__Clostridium_bolteae",-1.57845593316953,2.04171990399199,-0.773101114449305,0.439462541611273
"k__Bacteria.p__Firmicutes.c__Clostridia.o__Clostridiales.f__Lachnospiraceae.g__Lachnoclostridium.s__Clostridium_citroniae",-19.6577058885856,22.3862353247539,-0.878115752980084,0.379880904951183
"k__Bacteria.p__Firmicutes.c__Clostridia.o__Clostridiales.f__Lachnospiraceae.g__Lachnoclostridium.s__Clostridium_clostridioforme",1.45222090247387,1.11516285697273,1.30225006454763,0.192830915818768
"k__Bacteria.p__Firmicutes.c__Clostridia.o__Clostridiales.f__Lachnospiraceae.g__Lachnoclostridium.s__Clostridium_hylemonae",NA,NA,NA,NA
"k__Bacteria.p__Firmicutes.c__Clostridia.o__Clostridiales.f__Lachnospiraceae.g__Lachnoclostridium.s__Clostridium_lavalense",0.273888441065135,3.02236629673752,0.0906205317868927,0.927794117049907
"k__Bacteria.p__Firmicutes.c__Clostridia.o__Clostridiales.f__Lachnospiraceae.g__Lachnoclostridium.s__Clostridium_saccharolyticum",-16.7690583781592,25.1363048305565,-0.667125040502145,0.504692266629904
"k__Bacteria.p__Firmicutes.c__Clostridia.o__Clostridiales.f__Lachnospiraceae.g__Lachnoclostridium.s__Clostridium_scindens",35.2410750859066,26.6382670136858,1.32294923944568,0.185852258975765
"k__Bacteria.p__Firmicutes.c__Clostridia.o__Clostridiales.f__Lachnospiraceae.g__Lachnoclostridium.s__Clostridium_symbiosum",1.53781430198226,1.85758825762978,0.827855309520775,0.407752446950867
"k__Bacteria.p__Firmicutes.c__Clostridia.o__Clostridiales.f__Lachnospiraceae.g__Lachnoclostridium.s__Lachnoclostridium_sp_An14",NA,NA,NA,NA
"k__Bacteria.p__Firmicutes.c__Clostridia.o__Clostridiales.f__Lachnospiraceae.g__Lachnoclostridium.s__Lachnoclostridium_sp_An181",108.165783902129,15496.9306703683,0.00697981982386697,0.994430954744072
"k__Bacteria.p__Firmicutes.c__Clostridia.o__Clostridiales.f__Lachnospiraceae.g__Lachnospira",-0.553212636086552,0.949076321514707,-0.582895836241742,0.559963423779547
"k__Bacteria.p__Firmicutes.c__Clostridia.o__Clostridiales.f__Lachnospiraceae.g__Lachnospira.s__Lachnospira_pectinoschiza",-0.553212636086552,0.949076321514707,-0.582895836241742,0.559963423779547
"k__Bacteria.p__Firmicutes.c__Clostridia.o__Clostridiales.f__Lachnospiraceae.g__Lachnospiraceae_unclassified",0.19503424156992,0.162441566778032,1.20064245524314,0.229889924917579
"k__Bacteria.p__Firmicutes.c__Clostridia.o__Clostridiales.f__Lachnospiraceae.g__Lachnospiraceae_unclassified.s__Eubacterium_rectale",0.206261524700703,0.162485650401528,1.26941378633127,0.204293521696839
"k__Bacteria.p__Firmicutes.c__Clostridia.o__Clostridiales.f__Lachnospiraceae.g__Lachnospiraceae_unclassified.s__Lachnospiraceae_bacterium_10_1",NA,NA,NA,NA
"k__Bacteria.p__Firmicutes.c__Clostridia.o__Clostridiales.f__Lachnospiraceae.g__Lachnospiraceae_unclassified.s__Lachnospiraceae_bacterium_3_1",NA,NA,NA,NA
"k__Bacteria.p__Firmicutes.c__Clostridia.o__Clostridiales.f__Lachnospiraceae.g__Lachnospiraceae_unclassified.s__Lachnospiraceae_bacterium_3_2",NA,NA,NA,NA
"k__Bacteria.p__Firmicutes.c__Clostridia.o__Clostridiales.f__Lachnospiraceae.g__Lachnospiraceae_unclassified.s__Lachnospiraceae_bacterium_A2",-14.3855841241203,2091.36168651073,-0.00687857304497219,0.994511736046418
"k__Bacteria.p__Firmicutes.c__Clostridia.o__Clostridiales.f__Lachnospiraceae.g__Lachnospiraceae_unclassified.s__Lachnospiraceae_bacterium_A4",NA,NA,NA,NA
"k__Bacteria.p__Firmicutes.c__Clostridia.o__Clostridiales.f__Lachnospiraceae.g__Lachnospiraceae_unclassified.s__Lachnospiraceae_bacterium_COE1",NA,NA,NA,NA
"k__Bacteria.p__Firmicutes.c__Clostridia.o__Clostridiales.f__Lachnospiraceae.g__Lachnospiraceae_unclassified.s__Lachnospiraceae_bacterium_M18_1",NA,NA,NA,NA
"k__Bacteria.p__Firmicutes.c__Clostridia.o__Clostridiales.f__Lachnospiraceae.g__Lachnospiraceae_unclassified.s__Lachnospiraceae_bacterium_oral_taxon_096",NA,NA,NA,NA
"k__Bacteria.p__Firmicutes.c__Clostridia.o__Clostridiales.f__Lachnospiraceae.g__Roseburia",0.0287531944547231,0.180744440492097,0.159082040788858,0.873604237401979
"k__Bacteria.p__Firmicutes.c__Clostridia.o__Clostridiales.f__Lachnospiraceae.g__Roseburia.s__Roseburia_faecis",-0.392658758707614,0.339678063079958,-1.15597326229214,0.247692093761377
"k__Bacteria.p__Firmicutes.c__Clostridia.o__Clostridiales.f__Lachnospiraceae.g__Roseburia.s__Roseburia_hominis",-0.269809852824557,0.803293548500111,-0.335879521662211,0.736961720202893
"k__Bacteria.p__Firmicutes.c__Clostridia.o__Clostridiales.f__Lachnospiraceae.g__Roseburia.s__Roseburia_intestinalis",1.42206922104877,0.915680229315944,1.55301946631644,0.120418484110394
"k__Bacteria.p__Firmicutes.c__Clostridia.o__Clostridiales.f__Lachnospiraceae.g__Roseburia.s__Roseburia_inulinivorans",0.568225097135693,0.690709033500006,0.822669271105875,0.410696094456469
"k__Bacteria.p__Firmicutes.c__Clostridia.o__Clostridiales.f__Lachnospiraceae.g__Roseburia.s__Roseburia_sp_CAG_182",208.780727741389,29912.0511718561,0.00697981982385176,0.994430954744084
"k__Bacteria.p__Firmicutes.c__Clostridia.o__Clostridiales.f__Lachnospiraceae.g__Roseburia.s__Roseburia_sp_CAG_303",-76.3539982451366,11100.2671260381,-0.00687857304497042,0.994511736046419
"k__Bacteria.p__Firmicutes.c__Clostridia.o__Clostridiales.f__Lachnospiraceae.g__Roseburia.s__Roseburia_sp_CAG_309",12.3041657537338,18.8935684778709,0.651235671447934,0.514894366824148
"k__Bacteria.p__Firmicutes.c__Clostridia.o__Clostridiales.f__Lachnospiraceae.g__Roseburia.s__Roseburia_sp_CAG_471",-336.091301173931,48860.6138186896,-0.00687857304497008,0.99451173604642
"k__Bacteria.p__Firmicutes.c__Clostridia.o__Clostridiales.f__Lachnospiraceae.g__Sellimonas",-0.176654615905615,3.6072634314219,-0.0489719199232372,0.960941673735604
"k__Bacteria.p__Firmicutes.c__Clostridia.o__Clostridiales.f__Lachnospiraceae.g__Sellimonas.s__Sellimonas_intestinalis",-0.176654615905615,3.6072634314219,-0.0489719199232372,0.960941673735604
"k__Bacteria.p__Firmicutes.c__Clostridia.o__Clostridiales.f__Lachnospiraceae.g__Tyzzerella",46.6274562911323,87.0702892838693,0.535515118585584,0.592293706052736
"k__Bacteria.p__Firmicutes.c__Clostridia.o__Clostridiales.f__Lachnospiraceae.g__Tyzzerella.s__Tyzzerella_nexilis",46.6274562911323,87.0702892838693,0.535515118585584,0.592293706052736
"k__Bacteria.p__Firmicutes.c__Clostridia.o__Clostridiales.f__Oscillospiraceae",0.282174763451886,0.310982965538889,0.907364051156042,0.364214313153732
"k__Bacteria.p__Firmicutes.c__Clostridia.o__Clostridiales.f__Oscillospiraceae.g__Oscillibacter",0.282174763451886,0.310982965538889,0.907364051156042,0.364214313153732
"k__Bacteria.p__Firmicutes.c__Clostridia.o__Clostridiales.f__Oscillospiraceae.g__Oscillibacter.s__Oscillibacter_sp_1_3",NA,NA,NA,NA
"k__Bacteria.p__Firmicutes.c__Clostridia.o__Clostridiales.f__Oscillospiraceae.g__Oscillibacter.s__Oscillibacter_sp_57_20",0.106411103736795,0.422762945269273,0.251703951180059,0.801269902711773
"k__Bacteria.p__Firmicutes.c__Clostridia.o__Clostridiales.f__Oscillospiraceae.g__Oscillibacter.s__Oscillibacter_sp_CAG_241",0.654310901487063,0.699137661663217,0.935882784415429,0.349333541901438
"k__Bacteria.p__Firmicutes.c__Clostridia.o__Clostridiales.f__Peptostreptococcaceae",2.51053996015055,3.38886145446828,0.740821067453305,0.458801939574248
"k__Bacteria.p__Firmicutes.c__Clostridia.o__Clostridiales.f__Peptostreptococcaceae.g__Clostridioides",44.1913807957549,61.7775894920158,0.715330286583392,0.474404978239777
"k__Bacteria.p__Firmicutes.c__Clostridia.o__Clostridiales.f__Peptostreptococcaceae.g__Clostridioides.s__Clostridioides_difficile",44.1913807957549,61.7775894920158,0.715330286583392,0.474404978239777
"k__Bacteria.p__Firmicutes.c__Clostridia.o__Clostridiales.f__Peptostreptococcaceae.g__Intestinibacter",2.29986660299739,3.36112316983401,0.684255377380582,0.49381391906601
"k__Bacteria.p__Firmicutes.c__Clostridia.o__Clostridiales.f__Peptostreptococcaceae.g__Intestinibacter.s__Intestinibacter_bartlettii",2.29986660299739,3.36112316983401,0.684255377380582,0.49381391906601
"k__Bacteria.p__Firmicutes.c__Clostridia.o__Clostridiales.f__Peptostreptococcaceae.g__Paeniclostridium",NA,NA,NA,NA
"k__Bacteria.p__Firmicutes.c__Clostridia.o__Clostridiales.f__Peptostreptococcaceae.g__Paeniclostridium.s__Paeniclostridium_sordellii",NA,NA,NA,NA
"k__Bacteria.p__Firmicutes.c__Clostridia.o__Clostridiales.f__Peptostreptococcaceae.g__Peptostreptococcaceae_unclassified",NA,NA,NA,NA
"k__Bacteria.p__Firmicutes.c__Clostridia.o__Clostridiales.f__Peptostreptococcaceae.g__Peptostreptococcaceae_unclassified.s__Clostridium_hiranonis",NA,NA,NA,NA
"k__Bacteria.p__Firmicutes.c__Clostridia.o__Clostridiales.f__Peptostreptococcaceae.g__Romboutsia",1338.9665525467,208687.644577397,0.00641612758272381,0.994880705985695
"k__Bacteria.p__Firmicutes.c__Clostridia.o__Clostridiales.f__Peptostreptococcaceae.g__Romboutsia.s__Romboutsia_ilealis",1338.9665525467,208687.644577397,0.00641612758272381,0.994880705985695
"k__Bacteria.p__Firmicutes.c__Clostridia.o__Clostridiales.f__Peptostreptococcaceae.g__Terrisporobacter",-706.266315817066,102676.28346737,-0.00687857304497697,0.994511736046414
"k__Bacteria.p__Firmicutes.c__Clostridia.o__Clostridiales.f__Peptostreptococcaceae.g__Terrisporobacter.s__Terrisporobacter_othiniensis",-706.266315817066,102676.28346737,-0.00687857304497697,0.994511736046414
"k__Bacteria.p__Firmicutes.c__Clostridia.o__Clostridiales.f__Ruminococcaceae",0.0661582529499028,0.0372048806853786,1.77821435605095,0.0753686559994696
"k__Bacteria.p__Firmicutes.c__Clostridia.o__Clostridiales.f__Ruminococcaceae.g__Acutalibacter",NA,NA,NA,NA
"k__Bacteria.p__Firmicutes.c__Clostridia.o__Clostridiales.f__Ruminococcaceae.g__Acutalibacter.s__Acutalibacter_muris",NA,NA,NA,NA
"k__Bacteria.p__Firmicutes.c__Clostridia.o__Clostridiales.f__Ruminococcaceae.g__Agathobaculum",0.909808947574268,1.70196858283818,0.534562715639017,0.592952271238391
"k__Bacteria.p__Firmicutes.c__Clostridia.o__Clostridiales.f__Ruminococcaceae.g__Agathobaculum.s__Agathobaculum_butyriciproducens",0.909808947574268,1.70196858283818,0.534562715639017,0.592952271238391
"k__Bacteria.p__Firmicutes.c__Clostridia.o__Clostridiales.f__Ruminococcaceae.g__Anaeromassilibacillus",59.8961345894683,33.64560190059,1.78020695740378,0.0750420972068918
"k__Bacteria.p__Firmicutes.c__Clostridia.o__Clostridiales.f__Ruminococcaceae.g__Anaeromassilibacillus.s__Anaeromassilibacillus_sp_An250",59.8961345894683,33.64560190059,1.78020695740378,0.0750420972068918
"k__Bacteria.p__Firmicutes.c__Clostridia.o__Clostridiales.f__Ruminococcaceae.g__Anaerotruncus",0.863275736909662,1.25839621388308,0.686012662296416,0.492705123641435
"k__Bacteria.p__Firmicutes.c__Clostridia.o__Clostridiales.f__Ruminococcaceae.g__Anaerotruncus.s__Anaerotruncus_colihominis",1.06403960597108,1.75914867580167,0.604860533170216,0.545271668582864
"k__Bacteria.p__Firmicutes.c__Clostridia.o__Clostridiales.f__Ruminococcaceae.g__Anaerotruncus.s__Anaerotruncus_sp_G3_2012",-86.343606406417,12552.5462682302,-0.00687857304497241,0.994511736046418
"k__Bacteria.p__Firmicutes.c__Clostridia.o__Clostridiales.f__Ruminococcaceae.g__Faecalibacterium",0.0325379461562496,0.0607415653004017,0.535678427043013,0.59218081564733
"k__Bacteria.p__Firmicutes.c__Clostridia.o__Clostridiales.f__Ruminococcaceae.g__Faecalibacterium.s__Faecalibacterium_prausnitzii",0.0325379461562496,0.0607415653004017,0.535678427043013,0.59218081564733
"k__Bacteria.p__Firmicutes.c__Clostridia.o__Clostridiales.f__Ruminococcaceae.g__Flavonifractor",-0.639093713891162,0.554971958605135,-1.15157838874861,0.24949436621708
"k__Bacteria.p__Firmicutes.c__Clostridia.o__Clostridiales.f__Ruminococcaceae.g__Flavonifractor.s__Flavonifractor_plautii",-0.640276899944974,0.554994767589935,-1.15366294843711,0.24863837986228
"k__Bacteria.p__Firmicutes.c__Clostridia.o__Clostridiales.f__Ruminococcaceae.g__Flavonifractor.s__Flavonifractor_sp_An10",1691.75656357379,242378.257067636,0.00697981982394447,0.99443095474401
"k__Bacteria.p__Firmicutes.c__Clostridia.o__Clostridiales.f__Ruminococcaceae.g__Flavonifractor.s__Flavonifractor_sp_An100",NA,NA,NA,NA
"k__Bacteria.p__Firmicutes.c__Clostridia.o__Clostridiales.f__Ruminococcaceae.g__Gemmiger",10.4102182371768,8.86792511979349,1.17391814844499,0.240427812425974
"k__Bacteria.p__Firmicutes.c__Clostridia.o__Clostridiales.f__Ruminococcaceae.g__Gemmiger.s__Gemmiger_formicilis",10.4102182371768,8.86792511979349,1.17391814844499,0.240427812425974
"k__Bacteria.p__Firmicutes.c__Clostridia.o__Clostridiales.f__Ruminococcaceae.g__Harryflintia",3.27440685846355,4.71845551874103,0.693957343766,0.487708960108329
"k__Bacteria.p__Firmicutes.c__Clostridia.o__Clostridiales.f__Ruminococcaceae.g__Harryflintia.s__Harryflintia_acetispora",3.27440685846355,4.71845551874103,0.693957343766,0.487708960108329
"k__Bacteria.p__Firmicutes.c__Clostridia.o__Clostridiales.f__Ruminococcaceae.g__Pseudoflavonifractor",-123.620557233692,12658.9406520138,-0.00976547411287743,0.992208402816887
"k__Bacteria.p__Firmicutes.c__Clostridia.o__Clostridiales.f__Ruminococcaceae.g__Pseudoflavonifractor.s__Pseudoflavonifractor_sp_An184",-123.620557233692,12658.9406520138,-0.00976547411287743,0.992208402816887
"k__Bacteria.p__Firmicutes.c__Clostridia.o__Clostridiales.f__Ruminococcaceae.g__Ruminococcaceae_unclassified",0.0671720024541152,0.0726896316761275,0.924093311593648,0.355437735313666
"k__Bacteria.p__Firmicutes.c__Clostridia.o__Clostridiales.f__Ruminococcaceae.g__Ruminococcaceae_unclassified.s__Clostridium_leptum",2.77626546298439,3.0062766834752,0.923489670210621,0.355752081087529
"k__Bacteria.p__Firmicutes.c__Clostridia.o__Clostridiales.f__Ruminococcaceae.g__Ruminococcaceae_unclassified.s__Clostridium_methylpentosum",NA,NA,NA,NA
"k__Bacteria.p__Firmicutes.c__Clostridia.o__Clostridiales.f__Ruminococcaceae.g__Ruminococcaceae_unclassified.s__Eubacterium_siraeum",0.0682375922602135,0.0744285033937149,0.916820695684925,0.359236605914075
"k__Bacteria.p__Firmicutes.c__Clostridia.o__Clostridiales.f__Ruminococcaceae.g__Ruminococcaceae_unclassified.s__Ruminococcaceae_bacterium_D16",-4.54754184624076,29.7043537615831,-0.153093444911841,0.878324585144711
"k__Bacteria.p__Firmicutes.c__Clostridia.o__Clostridiales.f__Ruminococcaceae.g__Ruminococcaceae_unclassified.s__Ruminococcaceae_bacterium_D5",1.05337488222448,3.55109709111318,0.296633647348198,0.76674621957689
"k__Bacteria.p__Firmicutes.c__Clostridia.o__Clostridiales.f__Ruminococcaceae.g__Ruminococcus",0.272816811654994,0.127062315608205,2.14711033990771,0.0317844983226034
"k__Bacteria.p__Firmicutes.c__Clostridia.o__Clostridiales.f__Ruminococcaceae.g__Ruminococcus.s__Ruminococcus_bicirculans",0.843416515347307,0.693562481113871,1.21606421672748,0.223960460390905
"k__Bacteria.p__Firmicutes.c__Clostridia.o__Clostridiales.f__Ruminococcaceae.g__Ruminococcus.s__Ruminococcus_bromii",0.278320772437101,0.157929594899998,1.76230916449407,0.0780170763226121
"k__Bacteria.p__Firmicutes.c__Clostridia.o__Clostridiales.f__Ruminococcaceae.g__Ruminococcus.s__Ruminococcus_callidus",239.638561943526,28709.6629640476,0.00834696534904011,0.993340162552379
"k__Bacteria.p__Firmicutes.c__Clostridia.o__Clostridiales.f__Ruminococcaceae.g__Ruminococcus.s__Ruminococcus_lactaris",0.322080985092671,0.892268239813569,0.360968787995824,0.718122779786827
"k__Bacteria.p__Firmicutes.c__Clostridia.o__Clostridiales.f__Ruminococcaceae.g__Ruminococcus.s__Ruminococcus_obeum_CAG_39",1019.37857450983,146046.545632509,0.00697981982452944,0.994430954743543
"k__Bacteria.p__Firmicutes.c__Clostridia.o__Clostridiales.f__Ruminococcaceae.g__Ruminococcus.s__Ruminococcus_sp_CAG_330",NA,NA,NA,NA
"k__Bacteria.p__Firmicutes.c__Clostridia.o__Clostridiales.f__Ruminococcaceae.g__Ruthenibacterium",0.234265073619641,0.320388440637841,0.731190779396589,0.464662631393502
"k__Bacteria.p__Firmicutes.c__Clostridia.o__Clostridiales.f__Ruminococcaceae.g__Ruthenibacterium.s__Ruthenibacterium_lactatiformans",0.234265073619641,0.320388440637841,0.731190779396589,0.464662631393502
"k__Bacteria.p__Firmicutes.c__Erysipelotrichia",-0.307821079296278,0.440602112676749,-0.698637320248423,0.484778714412547
"k__Bacteria.p__Firmicutes.c__Erysipelotrichia.o__Erysipelotrichales",-0.307821079296278,0.440602112676749,-0.698637320248423,0.484778714412547
"k__Bacteria.p__Firmicutes.c__Erysipelotrichia.o__Erysipelotrichales.f__Erysipelotrichaceae",-0.307821079296278,0.440602112676749,-0.698637320248423,0.484778714412547
"k__Bacteria.p__Firmicutes.c__Erysipelotrichia.o__Erysipelotrichales.f__Erysipelotrichaceae.g__Absiella",1048.7407626559,150253.27146188,0.00697981982323737,0.994430954744574
"k__Bacteria.p__Firmicutes.c__Erysipelotrichia.o__Erysipelotrichales.f__Erysipelotrichaceae.g__Absiella.s__Absiella_dolichum",1048.7407626559,150253.27146188,0.00697981982323737,0.994430954744574
"k__Bacteria.p__Firmicutes.c__Erysipelotrichia.o__Erysipelotrichales.f__Erysipelotrichaceae.g__Candidatus_Stoquefichus",-0.123045244172145,4.16151054612428,-0.0295674473988153,0.976412027169294
"k__Bacteria.p__Firmicutes.c__Erysipelotrichia.o__Erysipelotrichales.f__Erysipelotrichaceae.g__Candidatus_Stoquefichus.s__Candidatus_Stoquefichus_sp_KLE1796",-0.123045244172145,4.16151054612428,-0.0295674473988153,0.976412027169294
"k__Bacteria.p__Firmicutes.c__Erysipelotrichia.o__Erysipelotrichales.f__Erysipelotrichaceae.g__Catenibacterium",-0.619201273461845,1.46548935924438,-0.422521848798077,0.672644156486338
"k__Bacteria.p__Firmicutes.c__Erysipelotrichia.o__Erysipelotrichales.f__Erysipelotrichaceae.g__Catenibacterium.s__Catenibacterium_mitsuokai",-0.619201273461845,1.46548935924438,-0.422521848798077,0.672644156486338
"k__Bacteria.p__Firmicutes.c__Erysipelotrichia.o__Erysipelotrichales.f__Erysipelotrichaceae.g__Coprobacillus",10.7577299235427,70.4522763654607,0.15269527797425,0.878638584727293
"k__Bacteria.p__Firmicutes.c__Erysipelotrichia.o__Erysipelotrichales.f__Erysipelotrichaceae.g__Coprobacillus.s__Coprobacillus_cateniformis",10.7577299235427,70.4522763654607,0.15269527797425,0.878638584727293
"k__Bacteria.p__Firmicutes.c__Erysipelotrichia.o__Erysipelotrichales.f__Erysipelotrichaceae.g__Dielma",7.70064945750855,10.6051663421776,0.726122458530652,0.467763702232335
"k__Bacteria.p__Firmicutes.c__Erysipelotrichia.o__Erysipelotrichales.f__Erysipelotrichaceae.g__Dielma.s__Dielma_fastidiosa",7.70064945750855,10.6051663421776,0.726122458530652,0.467763702232335
"k__Bacteria.p__Firmicutes.c__Erysipelotrichia.o__Erysipelotrichales.f__Erysipelotrichaceae.g__Erysipelatoclostridium",0.259617930996392,2.12054772694403,0.122429657063429,0.902558752234724
"k__Bacteria.p__Firmicutes.c__Erysipelotrichia.o__Erysipelotrichales.f__Erysipelotrichaceae.g__Erysipelatoclostridium.s__Clostridium_innocuum",-0.811269124547258,3.63181786206788,-0.223378251707077,0.823241129339727
"k__Bacteria.p__Firmicutes.c__Erysipelotrichia.o__Erysipelotrichales.f__Erysipelotrichaceae.g__Erysipelatoclostridium.s__Clostridium_spiroforme",82.171767019614,72.2023902145143,1.13807544009943,0.255088982488542
"k__Bacteria.p__Firmicutes.c__Erysipelotrichia.o__Erysipelotrichales.f__Erysipelotrichaceae.g__Erysipelatoclostridium.s__Erysipelatoclostridium_ramosum",0.743608981698606,2.9788601449768,0.249628698733151,0.802874502678169
"k__Bacteria.p__Firmicutes.c__Erysipelotrichia.o__Erysipelotrichales.f__Erysipelotrichaceae.g__Erysipelothrix",40.3352117607233,5778.8328035049,0.00697981982386819,0.994430954744071
"k__Bacteria.p__Firmicutes.c__Erysipelotrichia.o__Erysipelotrichales.f__Erysipelotrichaceae.g__Erysipelothrix.s__Erysipelothrix_larvae",40.3352117607233,5778.8328035049,0.00697981982386819,0.994430954744071
"k__Bacteria.p__Firmicutes.c__Erysipelotrichia.o__Erysipelotrichales.f__Erysipelotrichaceae.g__Faecalibaculum",-2.15881320138627,313.846082213853,-0.00687857304497197,0.994511736046418
"k__Bacteria.p__Firmicutes.c__Erysipelotrichia.o__Erysipelotrichales.f__Erysipelotrichaceae.g__Faecalibaculum.s__Faecalibaculum_rodentium",-2.15881320138627,313.846082213853,-0.00687857304497197,0.994511736046418
"k__Bacteria.p__Firmicutes.c__Erysipelotrichia.o__Erysipelotrichales.f__Erysipelotrichaceae.g__Faecalitalea",232.875277800056,33364.0815485131,0.0069798198239458,0.994430954744009
"k__Bacteria.p__Firmicutes.c__Erysipelotrichia.o__Erysipelotrichales.f__Erysipelotrichaceae.g__Faecalitalea.s__Faecalitalea_cylindroides",232.875277800056,33364.0815485131,0.0069798198239458,0.994430954744009
"k__Bacteria.p__Firmicutes.c__Erysipelotrichia.o__Erysipelotrichales.f__Erysipelotrichaceae.g__Holdemanella",24.0315259838537,26.578727578818,0.9041638999681,0.365908499232405
"k__Bacteria.p__Firmicutes.c__Erysipelotrichia.o__Erysipelotrichales.f__Erysipelotrichaceae.g__Holdemanella.s__Holdemanella_biformis",24.0315259838537,26.578727578818,0.9041638999681,0.365908499232405
"k__Bacteria.p__Firmicutes.c__Erysipelotrichia.o__Erysipelotrichales.f__Erysipelotrichaceae.g__Holdemania",-19.828344347762,16.5599651792488,-1.19736630682103,0.231163810267714
"k__Bacteria.p__Firmicutes.c__Erysipelotrichia.o__Erysipelotrichales.f__Erysipelotrichaceae.g__Holdemania.s__Holdemania_filiformis",-19.828344347762,16.5599651792488,-1.19736630682103,0.231163810267714
"k__Bacteria.p__Firmicutes.c__Erysipelotrichia.o__Erysipelotrichales.f__Erysipelotrichaceae.g__Massiliomicrobiota",62.0517579170511,8890.16614789757,0.00697981982392148,0.994430954744028
"k__Bacteria.p__Firmicutes.c__Erysipelotrichia.o__Erysipelotrichales.f__Erysipelotrichaceae.g__Massiliomicrobiota.s__Massiliomicrobiota_timonensis",62.0517579170511,8890.16614789757,0.00697981982392148,0.994430954744028
"k__Bacteria.p__Firmicutes.c__Erysipelotrichia.o__Erysipelotrichales.f__Erysipelotrichaceae.g__Turicibacter",-1198.65241834795,174258.877606078,-0.00687857304497031,0.994511736046419
"k__Bacteria.p__Firmicutes.c__Erysipelotrichia.o__Erysipelotrichales.f__Erysipelotrichaceae.g__Turicibacter.s__Turicibacter_sanguinis",-1198.65241834795,174258.877606078,-0.00687857304497031,0.994511736046419
"k__Bacteria.p__Firmicutes.c__Firmicutes_unclassified",0.392310610534106,0.271702795039488,1.44389611625854,0.148768199275183
"k__Bacteria.p__Firmicutes.c__Firmicutes_unclassified.o__Firmicutes_unclassified",0.392310610534106,0.271702795039488,1.44389611625854,0.148768199275183
"k__Bacteria.p__Firmicutes.c__Firmicutes_unclassified.o__Firmicutes_unclassified.f__Firmicutes_unclassified",0.392310610534106,0.271702795039488,1.44389611625854,0.148768199275183
"k__Bacteria.p__Firmicutes.c__Firmicutes_unclassified.o__Firmicutes_unclassified.f__Firmicutes_unclassified.g__Firmicutes_unclassified",0.392310610534106,0.271702795039488,1.44389611625854,0.148768199275183
"k__Bacteria.p__Firmicutes.c__Firmicutes_unclassified.o__Firmicutes_unclassified.f__Firmicutes_unclassified.g__Firmicutes_unclassified.s__Firmicutes_bacterium_ASF500",NA,NA,NA,NA
"k__Bacteria.p__Firmicutes.c__Firmicutes_unclassified.o__Firmicutes_unclassified.f__Firmicutes_unclassified.g__Firmicutes_unclassified.s__Firmicutes_bacterium_CAG_110",0.606917835775466,0.647446717834277,0.937401980823409,0.348551822422052
"k__Bacteria.p__Firmicutes.c__Firmicutes_unclassified.o__Firmicutes_unclassified.f__Firmicutes_unclassified.g__Firmicutes_unclassified.s__Firmicutes_bacterium_CAG_145",0.32921597704399,0.466060417735109,0.706380470248611,0.479951562682974
"k__Bacteria.p__Firmicutes.c__Firmicutes_unclassified.o__Firmicutes_unclassified.f__Firmicutes_unclassified.g__Firmicutes_unclassified.s__Firmicutes_bacterium_CAG_170",2.13489492976967,3.02770284434761,0.705120363365674,0.48073533503652
"k__Bacteria.p__Firmicutes.c__Firmicutes_unclassified.o__Firmicutes_unclassified.f__Firmicutes_unclassified.g__Firmicutes_unclassified.s__Firmicutes_bacterium_CAG_238",NA,NA,NA,NA
"k__Bacteria.p__Firmicutes.c__Firmicutes_unclassified.o__Firmicutes_unclassified.f__Firmicutes_unclassified.g__Firmicutes_unclassified.s__Firmicutes_bacterium_CAG_424",0.940715645221943,2.58979938440773,0.363238809494535,0.716426498829396
"k__Bacteria.p__Firmicutes.c__Firmicutes_unclassified.o__Firmicutes_unclassified.f__Firmicutes_unclassified.g__Firmicutes_unclassified.s__Firmicutes_bacterium_CAG_646",11.402767701672,17.3145108233668,0.658567130079324,0.510173776139658
"k__Bacteria.p__Firmicutes.c__Firmicutes_unclassified.o__Firmicutes_unclassified.f__Firmicutes_unclassified.g__Firmicutes_unclassified.s__Firmicutes_bacterium_CAG_83",-0.401494185738235,0.689784763033697,-0.582057197048611,0.560528154915207
"k__Bacteria.p__Firmicutes.c__Firmicutes_unclassified.o__Firmicutes_unclassified.f__Firmicutes_unclassified.g__Firmicutes_unclassified.s__Firmicutes_bacterium_CAG_94",5.18125904757179,6.79880880759622,0.762083358158688,0.446010254612232
"k__Bacteria.p__Firmicutes.c__Firmicutes_unclassified.o__Firmicutes_unclassified.f__Firmicutes_unclassified.g__Firmicutes_unclassified.s__Firmicutes_bacterium_CAG_95",-4.72932736261878,7.77136209896095,-0.608558358547095,0.542817212891456
"k__Bacteria.p__Firmicutes.c__Negativicutes",-0.124325051628663,0.171287581316385,-0.725826418197955,0.467945189392299
"k__Bacteria.p__Firmicutes.c__Negativicutes.o__Acidaminococcales",-0.305693440432642,0.271422176863782,-1.1262655246703,0.260053145738992
"k__Bacteria.p__Firmicutes.c__Negativicutes.o__Acidaminococcales.f__Acidaminococcaceae",-0.305693440432642,0.271422176863782,-1.1262655246703,0.260053145738992
"k__Bacteria.p__Firmicutes.c__Negativicutes.o__Acidaminococcales.f__Acidaminococcaceae.g__Acidaminococcus",-0.362007005751471,0.32241755445226,-1.1227893790289,0.261526957222718
"k__Bacteria.p__Firmicutes.c__Negativicutes.o__Acidaminococcales.f__Acidaminococcaceae.g__Acidaminococcus.s__Acidaminococcus_intestini",-0.362007005751471,0.32241755445226,-1.1227893790289,0.261526957222718
"k__Bacteria.p__Firmicutes.c__Negativicutes.o__Acidaminococcales.f__Acidaminococcaceae.g__Phascolarctobacterium",-0.141372534411558,0.812095621091727,-0.174083606338754,0.861799756725573
"k__Bacteria.p__Firmicutes.c__Negativicutes.o__Acidaminococcales.f__Acidaminococcaceae.g__Phascolarctobacterium.s__Phascolarctobacterium_faecium",-1.48725132199035,1.28683794345842,-1.15574096144019,0.247787128179671
"k__Bacteria.p__Firmicutes.c__Negativicutes.o__Acidaminococcales.f__Acidaminococcaceae.g__Phascolarctobacterium.s__Phascolarctobacterium_sp_CAG_266",44.5793036468563,6000.90085037985,0.00742876857297759,0.994072754767315
"k__Bacteria.p__Firmicutes.c__Negativicutes.o__Acidaminococcales.f__Acidaminococcaceae.g__Phascolarctobacterium.s__Phascolarctobacterium_succinatutens",-0.0698199490252312,1.06337677008297,-0.0656587119349838,0.947649544546508
"k__Bacteria.p__Firmicutes.c__Negativicutes.o__Selenomonadales",101.616049346879,12942.4658464101,0.0078513670078616,0.993735579843911
"k__Bacteria.p__Firmicutes.c__Negativicutes.o__Selenomonadales.f__Selenomonadaceae",101.616049346879,12942.4658464101,0.0078513670078616,0.993735579843911
"k__Bacteria.p__Firmicutes.c__Negativicutes.o__Selenomonadales.f__Selenomonadaceae.g__Megamonas",101.616049346879,12942.4658464101,0.0078513670078616,0.993735579843911
"k__Bacteria.p__Firmicutes.c__Negativicutes.o__Selenomonadales.f__Selenomonadaceae.g__Megamonas.s__Megamonas_funiformis",164.469137930067,24275.5811955767,0.00677508549043659,0.994594305244264
"k__Bacteria.p__Firmicutes.c__Negativicutes.o__Selenomonadales.f__Selenomonadaceae.g__Megamonas.s__Megamonas_funiformis_CAG_377",6.48727402911433,929.432878237303,0.00697981982455542,0.994430954743522
"k__Bacteria.p__Firmicutes.c__Negativicutes.o__Selenomonadales.f__Selenomonadaceae.g__Megamonas.s__Megamonas_hypermegale",278.589673031668,39139.3068956108,0.00711790001224854,0.99432078543069
"k__Bacteria.p__Firmicutes.c__Negativicutes.o__Veillonellales",-0.396240473218455,0.619952194077982,-0.639146819712058,0.522727424213771
"k__Bacteria.p__Firmicutes.c__Negativicutes.o__Veillonellales.f__Veillonellaceae",-0.396240473218455,0.619952194077982,-0.639146819712058,0.522727424213771
"k__Bacteria.p__Firmicutes.c__Negativicutes.o__Veillonellales.f__Veillonellaceae.g__Dialister",16.5671756818702,11.9333646197747,1.38830717150944,0.16504352937789
"k__Bacteria.p__Firmicutes.c__Negativicutes.o__Veillonellales.f__Veillonellaceae.g__Dialister.s__Dialister_invisus",13.622503086038,11.9664823445448,1.13838826597593,0.254958391592778
"k__Bacteria.p__Firmicutes.c__Negativicutes.o__Veillonellales.f__Veillonellaceae.g__Dialister.s__Dialister_sp_CAG_357",97.182255887225,13923.3187027827,0.00697981982325824,0.994430954744557
"k__Bacteria.p__Firmicutes.c__Negativicutes.o__Veillonellales.f__Veillonellaceae.g__Megasphaera",-0.260404230833851,0.616710690837746,-0.422246986638281,0.672844748704408
"k__Bacteria.p__Firmicutes.c__Negativicutes.o__Veillonellales.f__Veillonellaceae.g__Megasphaera.s__Megasphaera_elsdenii",141.719326276949,20304.1525215819,0.00697981982386664,0.994430954744072
"k__Bacteria.p__Firmicutes.c__Negativicutes.o__Veillonellales.f__Veillonellaceae.g__Megasphaera.s__Megasphaera_micronuciformis",NA,NA,NA,NA
"k__Bacteria.p__Firmicutes.c__Negativicutes.o__Veillonellales.f__Veillonellaceae.g__Megasphaera.s__Megasphaera_sp_DISK_18",86.8917768072312,12448.9999752095,0.0069798198233002,0.994430954744524
"k__Bacteria.p__Firmicutes.c__Negativicutes.o__Veillonellales.f__Veillonellaceae.g__Megasphaera.s__Megasphaera_sp_MJR8396C",-0.327227243457818,0.648888486911723,-0.504288872522922,0.61405839578964
"k__Bacteria.p__Firmicutes.c__Negativicutes.o__Veillonellales.f__Veillonellaceae.g__Veillonella",-3.32857453669144,3.24611456101199,-1.02540266960071,0.305173229069656
"k__Bacteria.p__Firmicutes.c__Negativicutes.o__Veillonellales.f__Veillonellaceae.g__Veillonella.s__Veillonella_atypica",-5.36430050525299,7.59823916217545,-0.705992584697365,0.480192748886406
"k__Bacteria.p__Firmicutes.c__Negativicutes.o__Veillonellales.f__Veillonellaceae.g__Veillonella.s__Veillonella_dispar",-57.9565427179699,8425.66362805937,-0.00687857304497197,0.994511736046418
"k__Bacteria.p__Firmicutes.c__Negativicutes.o__Veillonellales.f__Veillonellaceae.g__Veillonella.s__Veillonella_infantium",-191.411849711827,27827.2613317306,-0.00687857304497175,0.994511736046418
"k__Bacteria.p__Firmicutes.c__Negativicutes.o__Veillonellales.f__Veillonellaceae.g__Veillonella.s__Veillonella_parvula",-4.61289969151479,4.99511412021045,-0.923482343046137,0.355755897779416
"k__Bacteria.p__Firmicutes.c__Negativicutes.o__Veillonellales.f__Veillonellaceae.g__Veillonella.s__Veillonella_sp_CAG_933",NA,NA,NA,NA
"k__Bacteria.p__Firmicutes.c__Negativicutes.o__Veillonellales.f__Veillonellaceae.g__Veillonella.s__Veillonella_sp_T11011_6",-2936.91170830085,426965.257052506,-0.00687857304497186,0.994511736046418
"k__Bacteria.p__Fusobacteria",NA,NA,NA,NA
"k__Bacteria.p__Fusobacteria.c__Fusobacteriia",NA,NA,NA,NA
"k__Bacteria.p__Fusobacteria.c__Fusobacteriia.o__Fusobacteriales",NA,NA,NA,NA
"k__Bacteria.p__Fusobacteria.c__Fusobacteriia.o__Fusobacteriales.f__Fusobacteriaceae",NA,NA,NA,NA
"k__Bacteria.p__Fusobacteria.c__Fusobacteriia.o__Fusobacteriales.f__Fusobacteriaceae.g__Fusobacterium",NA,NA,NA,NA
"k__Bacteria.p__Fusobacteria.c__Fusobacteriia.o__Fusobacteriales.f__Fusobacteriaceae.g__Fusobacterium.s__Fusobacterium_sp_CAG_439",NA,NA,NA,NA
"k__Bacteria.p__Lentisphaerae",NA,NA,NA,NA
"k__Bacteria.p__Lentisphaerae.c__Lentisphaeria",NA,NA,NA,NA
"k__Bacteria.p__Lentisphaerae.c__Lentisphaeria.o__Victivallales",NA,NA,NA,NA
"k__Bacteria.p__Lentisphaerae.c__Lentisphaeria.o__Victivallales.f__Victivallaceae",NA,NA,NA,NA
"k__Bacteria.p__Lentisphaerae.c__Lentisphaeria.o__Victivallales.f__Victivallaceae.g__Victivallis",NA,NA,NA,NA
"k__Bacteria.p__Lentisphaerae.c__Lentisphaeria.o__Victivallales.f__Victivallaceae.g__Victivallis.s__Victivallis_vadensis",NA,NA,NA,NA
"k__Bacteria.p__Proteobacteria",-0.0972049209787342,0.127191069768188,-0.76424328497193,0.444722276315914
"k__Bacteria.p__Proteobacteria.c__Betaproteobacteria",1.34068949266106,0.778440271135641,1.72227663749355,0.0850194177221719
"k__Bacteria.p__Proteobacteria.c__Betaproteobacteria.o__Burkholderiales",1.34068949266106,0.778440271135641,1.72227663749355,0.0850194177221719
"k__Bacteria.p__Proteobacteria.c__Betaproteobacteria.o__Burkholderiales.f__Oxalobacteraceae",NA,NA,NA,NA
"k__Bacteria.p__Proteobacteria.c__Betaproteobacteria.o__Burkholderiales.f__Oxalobacteraceae.g__Oxalobacter",NA,NA,NA,NA
"k__Bacteria.p__Proteobacteria.c__Betaproteobacteria.o__Burkholderiales.f__Oxalobacteraceae.g__Oxalobacter.s__Oxalobacter_formigenes",NA,NA,NA,NA
"k__Bacteria.p__Proteobacteria.c__Betaproteobacteria.o__Burkholderiales.f__Sutterellaceae",1.34068949266106,0.778440271135641,1.72227663749355,0.0850194177221719
"k__Bacteria.p__Proteobacteria.c__Betaproteobacteria.o__Burkholderiales.f__Sutterellaceae.g__Parasutterella",2.18401118776946,1.20464428533206,1.81299261065056,0.0698329610265434
"k__Bacteria.p__Proteobacteria.c__Betaproteobacteria.o__Burkholderiales.f__Sutterellaceae.g__Parasutterella.s__Parasutterella_excrementihominis",2.18401118776946,1.20464428533206,1.81299261065056,0.0698329610265434
"k__Bacteria.p__Proteobacteria.c__Betaproteobacteria.o__Burkholderiales.f__Sutterellaceae.g__Sutterella",NA,NA,NA,NA
"k__Bacteria.p__Proteobacteria.c__Betaproteobacteria.o__Burkholderiales.f__Sutterellaceae.g__Sutterella.s__Sutterella_parvirubra",NA,NA,NA,NA
"k__Bacteria.p__Proteobacteria.c__Betaproteobacteria.o__Burkholderiales.f__Sutterellaceae.g__Turicimonas",-2.91278139763375,4.2367271631013,-0.687507428611849,0.491763021140198
"k__Bacteria.p__Proteobacteria.c__Betaproteobacteria.o__Burkholderiales.f__Sutterellaceae.g__Turicimonas.s__Turicimonas_muris",-2.91278139763375,4.2367271631013,-0.687507428611849,0.491763021140198
"k__Bacteria.p__Proteobacteria.c__Deltaproteobacteria",0.233427422912476,0.515565714803216,0.452759786405836,0.650721723434604
"k__Bacteria.p__Proteobacteria.c__Deltaproteobacteria.o__Desulfovibrionales",0.233427422912476,0.515565714803216,0.452759786405836,0.650721723434604
"k__Bacteria.p__Proteobacteria.c__Deltaproteobacteria.o__Desulfovibrionales.f__Desulfovibrionaceae",0.233427422912476,0.515565714803216,0.452759786405836,0.650721723434604
"k__Bacteria.p__Proteobacteria.c__Deltaproteobacteria.o__Desulfovibrionales.f__Desulfovibrionaceae.g__Bilophila",-0.687857075147371,1.04605018205555,-0.657575599093812,0.510810878199522
"k__Bacteria.p__Proteobacteria.c__Deltaproteobacteria.o__Desulfovibrionales.f__Desulfovibrionaceae.g__Bilophila.s__Bilophila_wadsworthia",-0.687857075147371,1.04605018205555,-0.657575599093812,0.510810878199522
"k__Bacteria.p__Proteobacteria.c__Deltaproteobacteria.o__Desulfovibrionales.f__Desulfovibrionaceae.g__Desulfovibrio",2.92622593365075,4.45256079205297,0.657200669527868,0.511051895146069
"k__Bacteria.p__Proteobacteria.c__Deltaproteobacteria.o__Desulfovibrionales.f__Desulfovibrionaceae.g__Desulfovibrio.s__Desulfovibrio_fairfieldensis",-256.375330858205,37271.5865895561,-0.00687857304497053,0.994511736046419
"k__Bacteria.p__Proteobacteria.c__Deltaproteobacteria.o__Desulfovibrionales.f__Desulfovibrionaceae.g__Desulfovibrio.s__Desulfovibrio_legallii",NA,NA,NA,NA
"k__Bacteria.p__Proteobacteria.c__Deltaproteobacteria.o__Desulfovibrionales.f__Desulfovibrionaceae.g__Desulfovibrio.s__Desulfovibrio_piger",11.2614116157759,1630.95257984175,0.00690480628006274,0.994490805450219
"k__Bacteria.p__Proteobacteria.c__Deltaproteobacteria.o__Desulfovibrionales.f__Desulfovibrionaceae.g__Desulfovibrio.s__Desulfovibrio_sp_MES5",NA,NA,NA,NA
"k__Bacteria.p__Proteobacteria.c__Deltaproteobacteria.o__Desulfovibrionales.f__Desulfovibrionaceae.g__Desulfovibrionaceae_unclassified",142.461464063091,19442.8867864921,0.00732717654674952,0.994153811270344
"k__Bacteria.p__Proteobacteria.c__Deltaproteobacteria.o__Desulfovibrionales.f__Desulfovibrionaceae.g__Desulfovibrionaceae_unclassified.s__Desulfovibrionaceae_bacterium",142.461464063091,19442.8867864921,0.00732717654674952,0.994153811270344
"k__Bacteria.p__Proteobacteria.c__Epsilonproteobacteria",NA,NA,NA,NA
"k__Bacteria.p__Proteobacteria.c__Epsilonproteobacteria.o__Campylobacterales",NA,NA,NA,NA
"k__Bacteria.p__Proteobacteria.c__Epsilonproteobacteria.o__Campylobacterales.f__Campylobacteraceae",NA,NA,NA,NA
"k__Bacteria.p__Proteobacteria.c__Epsilonproteobacteria.o__Campylobacterales.f__Campylobacteraceae.g__Campylobacter",NA,NA,NA,NA
"k__Bacteria.p__Proteobacteria.c__Epsilonproteobacteria.o__Campylobacterales.f__Campylobacteraceae.g__Campylobacter.s__Campylobacter_gracilis",NA,NA,NA,NA
"k__Bacteria.p__Proteobacteria.c__Gammaproteobacteria",-0.557477622823417,0.458977711851632,-1.21460717683744,0.224515950301206
"k__Bacteria.p__Proteobacteria.c__Gammaproteobacteria.o__Aeromonadales",-634.928488417001,68827.6585747155,-0.00922490320846463,0.992639696547427
"k__Bacteria.p__Proteobacteria.c__Gammaproteobacteria.o__Aeromonadales.f__Aeromonadaceae",-634.928488417001,68827.6585747155,-0.00922490320846463,0.992639696547427
"k__Bacteria.p__Proteobacteria.c__Gammaproteobacteria.o__Aeromonadales.f__Aeromonadaceae.g__Aeromonas",-634.928488417001,68827.6585747155,-0.00922490320846463,0.992639696547427
"k__Bacteria.p__Proteobacteria.c__Gammaproteobacteria.o__Aeromonadales.f__Aeromonadaceae.g__Aeromonas.s__Aeromonas_caviae",-658.899952121784,95790.2093667029,-0.00687857304496947,0.99451173604642
"k__Bacteria.p__Proteobacteria.c__Gammaproteobacteria.o__Aeromonadales.f__Aeromonadaceae.g__Aeromonas.s__Aeromonas_dhakensis",-272.636997037506,39635.6911898742,-0.00687857304497208,0.994511736046418
"k__Bacteria.p__Proteobacteria.c__Gammaproteobacteria.o__Enterobacterales",-0.584736915526974,0.478932273843688,-1.2209177528049,0.222117162110619
"k__Bacteria.p__Proteobacteria.c__Gammaproteobacteria.o__Enterobacterales.f__Enterobacteriaceae",-0.619718071475934,0.50851398339226,-1.21868442504145,0.222963991650866
"k__Bacteria.p__Proteobacteria.c__Gammaproteobacteria.o__Enterobacterales.f__Enterobacteriaceae.g__Citrobacter",656.799607034953,94099.793920748,0.00697981982392137,0.994430954744028
"k__Bacteria.p__Proteobacteria.c__Gammaproteobacteria.o__Enterobacterales.f__Enterobacteriaceae.g__Citrobacter.s__Citrobacter_braakii",NA,NA,NA,NA
"k__Bacteria.p__Proteobacteria.c__Gammaproteobacteria.o__Enterobacterales.f__Enterobacteriaceae.g__Citrobacter.s__Citrobacter_farmeri",656.799607034953,94099.793920748,0.00697981982392137,0.994430954744028
"k__Bacteria.p__Proteobacteria.c__Gammaproteobacteria.o__Enterobacterales.f__Enterobacteriaceae.g__Citrobacter.s__Citrobacter_freundii",NA,NA,NA,NA
"k__Bacteria.p__Proteobacteria.c__Gammaproteobacteria.o__Enterobacterales.f__Enterobacteriaceae.g__Citrobacter.s__Citrobacter_portucalensis",NA,NA,NA,NA
"k__Bacteria.p__Proteobacteria.c__Gammaproteobacteria.o__Enterobacterales.f__Enterobacteriaceae.g__Citrobacter.s__Citrobacter_youngae",NA,NA,NA,NA
"k__Bacteria.p__Proteobacteria.c__Gammaproteobacteria.o__Enterobacterales.f__Enterobacteriaceae.g__Enterobacter",-51.4143452123766,6043.69989710018,-0.00850709765338376,0.993212399995794
"k__Bacteria.p__Proteobacteria.c__Gammaproteobacteria.o__Enterobacterales.f__Enterobacteriaceae.g__Enterobacter.s__Enterobacter_cloacae_complex",-51.4143452123766,6043.69989710018,-0.00850709765338376,0.993212399995794
"k__Bacteria.p__Proteobacteria.c__Gammaproteobacteria.o__Enterobacterales.f__Enterobacteriaceae.g__Enterobacter.s__Enterobacter_mori",NA,NA,NA,NA
"k__Bacteria.p__Proteobacteria.c__Gammaproteobacteria.o__Enterobacterales.f__Enterobacteriaceae.g__Escherichia",-0.55677415462444,0.564874741229789,-0.98565949932951,0.324300230096594
"k__Bacteria.p__Proteobacteria.c__Gammaproteobacteria.o__Enterobacterales.f__Enterobacteriaceae.g__Escherichia.s__Escherichia_coli",-0.55677415462444,0.564874741229789,-0.98565949932951,0.324300230096594
"k__Bacteria.p__Proteobacteria.c__Gammaproteobacteria.o__Enterobacterales.f__Enterobacteriaceae.g__Klebsiella",-2.48676653945579,4.09604004253143,-0.607114802012267,0.543774727618714
"k__Bacteria.p__Proteobacteria.c__Gammaproteobacteria.o__Enterobacterales.f__Enterobacteriaceae.g__Klebsiella.s__Klebsiella_michiganensis",NA,NA,NA,NA
"k__Bacteria.p__Proteobacteria.c__Gammaproteobacteria.o__Enterobacterales.f__Enterobacteriaceae.g__Klebsiella.s__Klebsiella_oxytoca",-6.34990613963355,10.1020421151406,-0.628576486541917,0.529626358058681
"k__Bacteria.p__Proteobacteria.c__Gammaproteobacteria.o__Enterobacterales.f__Enterobacteriaceae.g__Klebsiella.s__Klebsiella_pneumoniae",-4.485423955217,9.73352803421286,-0.460822010215717,0.644926309133091
"k__Bacteria.p__Proteobacteria.c__Gammaproteobacteria.o__Enterobacterales.f__Enterobacteriaceae.g__Klebsiella.s__Klebsiella_quasipneumoniae",-184.359642692851,23693.4732171128,-0.00778103070847781,0.993791698376992
"k__Bacteria.p__Proteobacteria.c__Gammaproteobacteria.o__Enterobacterales.f__Enterobacteriaceae.g__Klebsiella.s__Klebsiella_variicola",-10.649937113037,12.7123315495262,-0.837764266259556,0.402163111538001
"k__Bacteria.p__Proteobacteria.c__Gammaproteobacteria.o__Enterobacterales.f__Enterobacteriaceae.g__Kosakonia",NA,NA,NA,NA
"k__Bacteria.p__Proteobacteria.c__Gammaproteobacteria.o__Enterobacterales.f__Enterobacteriaceae.g__Kosakonia.s__Kosakonia_cowanii",NA,NA,NA,NA
"k__Bacteria.p__Proteobacteria.c__Gammaproteobacteria.o__Enterobacterales.f__Enterobacteriaceae.g__Raoultella",NA,NA,NA,NA
"k__Bacteria.p__Proteobacteria.c__Gammaproteobacteria.o__Enterobacterales.f__Enterobacteriaceae.g__Raoultella.s__Raoultella_ornithinolytica",NA,NA,NA,NA
"k__Bacteria.p__Proteobacteria.c__Gammaproteobacteria.o__Enterobacterales.f__Hafniaceae",NA,NA,NA,NA
"k__Bacteria.p__Proteobacteria.c__Gammaproteobacteria.o__Enterobacterales.f__Hafniaceae.g__Hafnia",NA,NA,NA,NA
"k__Bacteria.p__Proteobacteria.c__Gammaproteobacteria.o__Enterobacterales.f__Hafniaceae.g__Hafnia.s__Hafnia_alvei",NA,NA,NA,NA
"k__Bacteria.p__Proteobacteria.c__Gammaproteobacteria.o__Enterobacterales.f__Morganellaceae",103.557719528876,14836.7324862384,0.00697981982386819,0.994430954744071
"k__Bacteria.p__Proteobacteria.c__Gammaproteobacteria.o__Enterobacterales.f__Morganellaceae.g__Morganella",103.557719528876,14836.7324862384,0.00697981982386819,0.994430954744071
"k__Bacteria.p__Proteobacteria.c__Gammaproteobacteria.o__Enterobacterales.f__Morganellaceae.g__Morganella.s__Morganella_morganii",103.557719528876,14836.7324862384,0.00697981982386819,0.994430954744071
"k__Bacteria.p__Proteobacteria.c__Gammaproteobacteria.o__Pasteurellales",5.27839193032223,8.7106081806719,0.605972834598913,0.544532792340045
"k__Bacteria.p__Proteobacteria.c__Gammaproteobacteria.o__Pasteurellales.f__Pasteurellaceae",5.27839193032223,8.7106081806719,0.605972834598913,0.544532792340045
"k__Bacteria.p__Proteobacteria.c__Gammaproteobacteria.o__Pasteurellales.f__Pasteurellaceae.g__Haemophilus",5.27839193032223,8.7106081806719,0.605972834598913,0.544532792340045
"k__Bacteria.p__Proteobacteria.c__Gammaproteobacteria.o__Pasteurellales.f__Pasteurellaceae.g__Haemophilus.s__Haemophilus_parainfluenzae",8.32946103244661,11.5633484323755,0.720332962476985,0.471320014297198
"k__Bacteria.p__Proteobacteria.c__Gammaproteobacteria.o__Pasteurellales.f__Pasteurellaceae.g__Haemophilus.s__Haemophilus_sp_HMSC71H05",-317.168405085529,46109.6223027507,-0.00687857304497175,0.994511736046418
"k__Bacteria.p__Proteobacteria.c__Gammaproteobacteria.o__Pseudomonadales",NA,NA,NA,NA
"k__Bacteria.p__Proteobacteria.c__Gammaproteobacteria.o__Pseudomonadales.f__Pseudomonadaceae",NA,NA,NA,NA
"k__Bacteria.p__Proteobacteria.c__Gammaproteobacteria.o__Pseudomonadales.f__Pseudomonadaceae.g__Pseudomonas",NA,NA,NA,NA
"k__Bacteria.p__Proteobacteria.c__Gammaproteobacteria.o__Pseudomonadales.f__Pseudomonadaceae.g__Pseudomonas.s__Pseudomonas_fragi",NA,NA,NA,NA
"k__Bacteria.p__Proteobacteria.c__Proteobacteria_unclassified",0.159112104066162,0.418948902421021,0.379788807529235,0.704102191250943
"k__Bacteria.p__Proteobacteria.c__Proteobacteria_unclassified.o__Proteobacteria_unclassified",0.159112104066162,0.418948902421021,0.379788807529235,0.704102191250943
"k__Bacteria.p__Proteobacteria.c__Proteobacteria_unclassified.o__Proteobacteria_unclassified.f__Proteobacteria_unclassified",0.159112104066162,0.418948902421021,0.379788807529235,0.704102191250943
"k__Bacteria.p__Proteobacteria.c__Proteobacteria_unclassified.o__Proteobacteria_unclassified.f__Proteobacteria_unclassified.g__Proteobacteria_unclassified",0.159112104066162,0.418948902421021,0.379788807529235,0.704102191250943
"k__Bacteria.p__Proteobacteria.c__Proteobacteria_unclassified.o__Proteobacteria_unclassified.f__Proteobacteria_unclassified.g__Proteobacteria_unclassified.s__Proteobacteria_bacterium_CAG_139",0.159112104066162,0.418948902421021,0.379788807529235,0.704102191250943
"k__Bacteria.p__Synergistetes",19.2055477600237,2751.58216778664,0.00697981982325191,0.994430954744562
"k__Bacteria.p__Synergistetes.c__Synergistia",19.2055477600237,2751.58216778664,0.00697981982325191,0.994430954744562
"k__Bacteria.p__Synergistetes.c__Synergistia.o__Synergistales",19.2055477600237,2751.58216778664,0.00697981982325191,0.994430954744562
"k__Bacteria.p__Synergistetes.c__Synergistia.o__Synergistales.f__Synergistaceae",19.2055477600237,2751.58216778664,0.00697981982325191,0.994430954744562
"k__Bacteria.p__Synergistetes.c__Synergistia.o__Synergistales.f__Synergistaceae.g__Cloacibacillus",19.2055477600237,2751.58216778664,0.00697981982325191,0.994430954744562
"k__Bacteria.p__Synergistetes.c__Synergistia.o__Synergistales.f__Synergistaceae.g__Cloacibacillus.s__Cloacibacillus_evryensis",19.2055477600237,2751.58216778664,0.00697981982325191,0.994430954744562
"k__Bacteria.p__Synergistetes.c__Synergistia.o__Synergistales.f__Synergistaceae.g__Cloacibacillus.s__Cloacibacillus_porcorum",NA,NA,NA,NA
"k__Bacteria.p__Synergistetes.c__Synergistia.o__Synergistales.f__Synergistaceae.g__Pyramidobacter",NA,NA,NA,NA
"k__Bacteria.p__Synergistetes.c__Synergistia.o__Synergistales.f__Synergistaceae.g__Pyramidobacter.s__Pyramidobacter_piscolens",NA,NA,NA,NA
"k__Bacteria.p__Verrucomicrobia",0.768417341656843,0.529844728497235,1.45026891904022,0.14698354277082
"k__Bacteria.p__Verrucomicrobia.c__Verrucomicrobiae",0.768417341656843,0.529844728497235,1.45026891904022,0.14698354277082
"k__Bacteria.p__Verrucomicrobia.c__Verrucomicrobiae.o__Verrucomicrobiales",0.768417341656843,0.529844728497235,1.45026891904022,0.14698354277082
"k__Bacteria.p__Verrucomicrobia.c__Verrucomicrobiae.o__Verrucomicrobiales.f__Akkermansiaceae",0.768417341656843,0.529844728497235,1.45026891904022,0.14698354277082
"k__Bacteria.p__Verrucomicrobia.c__Verrucomicrobiae.o__Verrucomicrobiales.f__Akkermansiaceae.g__Akkermansia",0.768417341656843,0.529844728497235,1.45026891904022,0.14698354277082
"k__Bacteria.p__Verrucomicrobia.c__Verrucomicrobiae.o__Verrucomicrobiales.f__Akkermansiaceae.g__Akkermansia.s__Akkermansia_muciniphila",0.768417341656843,0.529844728497235,1.45026891904022,0.14698354277082
"k__Eukaryota",302.590604867458,43352.2085818581,0.00697981982385287,0.994430954744083
"k__Eukaryota.p__Ascomycota",302.590604867458,43352.2085818581,0.00697981982385287,0.994430954744083
"k__Eukaryota.p__Ascomycota.c__Saccharomycetes",302.590604867458,43352.2085818581,0.00697981982385287,0.994430954744083
"k__Eukaryota.p__Ascomycota.c__Saccharomycetes.o__Saccharomycetales",302.590604867458,43352.2085818581,0.00697981982385287,0.994430954744083
"k__Eukaryota.p__Ascomycota.c__Saccharomycetes.o__Saccharomycetales.f__Saccharomycetaceae",302.590604867458,43352.2085818581,0.00697981982385287,0.994430954744083
"k__Eukaryota.p__Ascomycota.c__Saccharomycetes.o__Saccharomycetales.f__Saccharomycetaceae.g__Saccharomyces",302.590604867458,43352.2085818581,0.00697981982385287,0.994430954744083
"k__Eukaryota.p__Ascomycota.c__Saccharomycetes.o__Saccharomycetales.f__Saccharomycetaceae.g__Saccharomyces.s__Saccharomyces_cerevisiae",302.590604867458,43352.2085818581,0.00697981982385287,0.994430954744083
"UNKNOWN",-0.165054438006514,23.9954474463572,-0.0068785730449703,0.994511736046419
