"effect","group","term","estimate","std.error","statistic","df","p.value","conf.low","conf.high","microbe"
"fixed",NA,"ResponseResponder:Days",0.00240111611895273,0.00917125648786327,0.261808850524488,83.5638420368507,0.794113074471085,-0.0158383240999066,0.0206405563378121,"k__Bacteria"
"fixed",NA,"ResponseResponder:Days",-0.0043974945156149,0.0751910775630786,-0.058484259810292,72.5772646175415,0.953523629348542,-0.154267802377745,0.145472813346516,"p__Bacteroidota"
"fixed",NA,"ResponseResponder:Days",0.0240589556004538,0.066957535311455,0.359316624910741,68.134288159043,0.720469444082675,-0.109547957727465,0.157665868928373,"p__Firmicutes"
"fixed",NA,"ResponseResponder:Days",-0.0139710201957196,0.017873739843238,-0.781650640450892,76.532531841769,0.436831402334266,-0.0495656528756237,0.0216236124841845,"p__Actinobacteria"
"fixed",NA,"ResponseResponder:Days",-0.0121338862294462,0.0108809555541552,-1.1151489562709,45.9253408741002,0.27058813203333,-0.0340370746548991,0.00976930219600663,"p__Proteobacteria"
"fixed",NA,"ResponseResponder:Days",-0.00911152395319311,0.0758797725651884,-0.120078429931579,72.8832934607137,0.9047514175082,-0.160343772351008,0.142120724444622,"c__Bacteroidia"
"fixed",NA,"ResponseResponder:Days",0.0254300911222917,0.06053612146054,0.420081275587967,70.6709098263839,0.67570055739937,-0.0952852481083191,0.146145430352903,"c__Clostridia"
"fixed",NA,"ResponseResponder:Days",0.00128746239034461,0.00627929628384894,0.205032910081996,48.5380221941975,0.838403834688674,-0.0113342945768421,0.0139092193575313,"c__Negativicutes"
"fixed",NA,"ResponseResponder:Days",-0.00963222547852155,0.0156551327533156,-0.615275873434006,74.5978719224589,0.54024507328872,-0.0408216049384025,0.0215571539813593,"c__Actinomycetia"
"fixed",NA,"ResponseResponder:Days",-0.00092216139055599,0.0047462421627861,-0.194292949859657,63.9504479934531,0.846562390919031,-0.0104040116027503,0.00855968882163834,"c__CFGB629"
"fixed",NA,"ResponseResponder:Days",0.00262502037641178,0.00276757866749647,0.948489886571626,48.359568061943,0.347596074986243,-0.00293850081429887,0.00818854156712243,"c__Betaproteobacteria"
"fixed",NA,"ResponseResponder:Days",-0.00601534481753496,0.00405314140849974,-1.4841191587642,76.7908830952377,0.141870560238195,-0.0140865312249846,0.00205584158991468,"c__Coriobacteriia"
"fixed",NA,"ResponseResponder:Days",0.000126604282687039,0.00123562010132678,0.10246214232926,51.6871925983471,0.918786350731578,-0.00235320606703977,0.00260641463241385,"c__Deltaproteobacteria"
"fixed",NA,"ResponseResponder:Days",-0.00135507150236702,0.00697624658731437,-0.1942407690736,58.8979446653962,0.846655774347257,-0.0153150147956623,0.0126048717909283,"c__Bacilli"
"fixed",NA,"ResponseResponder:Days",-0.00927688104341088,0.0041089330250827,-2.2577347907062,82.7186243295558,0.0265964671248565,-0.0174497947154194,-0.00110396737140236,"c__Firmicutes_unclassified"
"fixed",NA,"ResponseResponder:Days",-0.00089404595004323,0.000715398864994778,-1.24971675772753,80.798162577981,0.2150109143438,-0.00231751919245522,0.000529427292368763,"c__CFGB79266"
"fixed",NA,"ResponseResponder:Days",1.33638284380561e-05,9.17397987548211e-05,0.145671002328788,83.1823220115448,0.884533534407955,-0.000169097027077223,0.000195824683953335,"c__CFGB28775"
"fixed",NA,"ResponseResponder:Days",-0.00272821257278009,0.00567621634959045,-0.480639285882212,44.115679067659,0.633147964545724,-0.0141670277688457,0.00871060262328554,"c__Gammaproteobacteria"
"fixed",NA,"ResponseResponder:Days",-0.00911152395319311,0.0758797725651884,-0.120078429931579,72.8832934607137,0.9047514175082,-0.160343772351008,0.142120724444622,"o__Bacteroidales"
"fixed",NA,"ResponseResponder:Days",0.0235092666340626,0.060286333208221,0.389960134959024,70.2208470521651,0.697746355312246,-0.0967213857310694,0.143739918999195,"o__Eubacteriales"
"fixed",NA,"ResponseResponder:Days",-0.00963750751834964,0.01560916958212,-0.617426024340795,74.4842495521419,0.53883680102021,-0.0407360973841818,0.0214610823474825,"o__Bifidobacteriales"
"fixed",NA,"ResponseResponder:Days",-0.00092216139055599,0.0047462421627861,-0.194292949859657,63.9504479934531,0.846562390919031,-0.0104040116027503,0.00855968882163834,"o__OFGB629"
"fixed",NA,"ResponseResponder:Days",0.00482970672538988,0.00367029583633881,1.31589030986875,54.6707043957744,0.193702114677802,-0.00252672644705679,0.0121861398978366,"o__Acidaminococcales"
"fixed",NA,"ResponseResponder:Days",-0.00221567042039938,0.00300824162152363,-0.736533396967353,64.5769761390594,0.464073500241487,-0.008224289978654,0.00379294913785525,"o__Veillonellales"
"fixed",NA,"ResponseResponder:Days",0.00262502037641178,0.00276757866749647,0.948489886571626,48.359568061943,0.347596074986243,-0.00293850081429887,0.00818854156712243,"o__Burkholderiales"
"fixed",NA,"ResponseResponder:Days",-0.00392426193675051,0.00298631297015659,-1.31408260820859,68.3969772554294,0.193208620119656,-0.00988273049308774,0.00203420661958673,"o__Coriobacteriales"
"fixed",NA,"ResponseResponder:Days",0.000126604282687039,0.00123562010132678,0.10246214232926,51.6871925983471,0.918786350731578,-0.00235320606703977,0.00260641463241385,"o__Desulfovibrionales"
"fixed",NA,"ResponseResponder:Days",-0.00135507150236702,0.00697624658731437,-0.1942407690736,58.8979446653962,0.846655774347257,-0.0153150147956623,0.0126048717909283,"o__Lactobacillales"
"fixed",NA,"ResponseResponder:Days",-0.00927688104341088,0.0041089330250827,-2.2577347907062,82.7186243295558,0.0265964671248565,-0.0174497947154194,-0.00110396737140236,"o__Firmicutes_unclassified"
"fixed",NA,"ResponseResponder:Days",0.000552391172704367,0.000412276841995664,1.33985496257919,70.5035296622694,0.184595104470059,-0.000269765829201374,0.00137454817461011,"o__Clostridia_unclassified"
"fixed",NA,"ResponseResponder:Days",-0.00089404595004323,0.000715398864994778,-1.24971675772753,80.798162577981,0.2150109143438,-0.00231751919245522,0.000529427292368763,"o__OFGB79266"
"fixed",NA,"ResponseResponder:Days",-0.00232079575767774,0.00227920413365941,-1.01824831019043,80.5829979853349,0.311607386417214,-0.00685605282545036,0.00221446131009488,"o__Eggerthellales"
"fixed",NA,"ResponseResponder:Days",1.33638284380561e-05,9.17397987548211e-05,0.145671002328788,83.1823220115448,0.884533534407955,-0.000169097027077223,0.000195824683953335,"o__OFGB28775"
"fixed",NA,"ResponseResponder:Days",-0.00253700540087727,0.00567932473808842,-0.446708987049609,44.1154050408988,0.657270511188869,-0.0139820866809505,0.00890807587919598,"o__Enterobacterales"
"fixed",NA,"ResponseResponder:Days",0.0709713589887096,0.0535861734286026,1.3244341673934,59.3069610714903,0.190440231889885,-0.0362427155770226,0.178185433554442,"f__Bacteroidaceae"
"fixed",NA,"ResponseResponder:Days",0.00703212157772208,0.0395683043283617,0.177721074913024,71.7339602665433,0.85944293576897,-0.0718508496996086,0.0859150928550528,"f__Lachnospiraceae"
"fixed",NA,"ResponseResponder:Days",-0.00963750751834964,0.01560916958212,-0.617426024340795,74.4842495521419,0.53883680102021,-0.0407360973841818,0.0214610823474825,"f__Bifidobacteriaceae"
"fixed",NA,"ResponseResponder:Days",-0.00092216139055599,0.0047462421627861,-0.194292949859657,63.9504479934531,0.846562390919031,-0.0104040116027503,0.00855968882163834,"f__FGB629"
"fixed",NA,"ResponseResponder:Days",0.00482970672538988,0.00367029583633881,1.31589030986875,54.6707043957744,0.193702114677802,-0.00252672644705679,0.0121861398978366,"f__Acidaminococcaceae"
"fixed",NA,"ResponseResponder:Days",0.0333829273078595,0.0257294552348838,1.29745954599922,62.3082131895546,0.199256397613191,-0.0180444605071253,0.0848103151228443,"f__Rikenellaceae"
"fixed",NA,"ResponseResponder:Days",-0.00221567042039938,0.00300824162152363,-0.736533396967353,64.5769761390594,0.464073500241487,-0.008224289978654,0.00379294913785525,"f__Veillonellaceae"
"fixed",NA,"ResponseResponder:Days",0.0126105025709353,0.00702135052245533,1.7960223650144,66.870001082768,0.0770083593467825,-0.00140467256511247,0.0266256777069831,"f__Clostridiaceae"
"fixed",NA,"ResponseResponder:Days",0.0132046177432429,0.0107580718497325,1.22741490554102,65.7055850811043,0.224046142598961,-0.00827636230180695,0.0346855977882927,"f__Tannerellaceae"
"fixed",NA,"ResponseResponder:Days",0.00311798695767018,0.00291168133310643,1.07085446550006,48.9523978222646,0.289486367019805,-0.00273339967281964,0.00896937358816001,"f__Sutterellaceae"
"fixed",NA,"ResponseResponder:Days",0.0182972709027089,0.0348473750363746,0.525068843309138,55.9645585182528,0.60160937092649,-0.0515113852875617,0.0881059270929796,"f__Oscillospiraceae"
"fixed",NA,"ResponseResponder:Days",-0.00394024199686236,0.00298587404639156,-1.31962766534783,68.3788954097191,0.191360680760942,-0.00989786314397237,0.00201737915024764,"f__Coriobacteriaceae"
"fixed",NA,"ResponseResponder:Days",0.000126604282687039,0.00123562010132678,0.10246214232926,51.6871925983471,0.918786350731578,-0.00235320606703977,0.00260641463241385,"f__Desulfovibrionaceae"
"fixed",NA,"ResponseResponder:Days",0.00690480571795462,0.00628722986458778,1.09822701995441,45.1347249027042,0.277929574228294,-0.00575728207113445,0.0195668935070437,"f__Odoribacteraceae"
"fixed",NA,"ResponseResponder:Days",0.0010947301907684,0.00417272746659371,0.262353628300114,50.5829623629324,0.794114357244062,-0.0072840469997581,0.00947350738129491,"f__Streptococcaceae"
"fixed",NA,"ResponseResponder:Days",-0.00927688104341088,0.0041089330250827,-2.2577347907062,82.7186243295558,0.0265964671248565,-0.0174497947154194,-0.00110396737140236,"f__Firmicutes_unclassified"
"fixed",NA,"ResponseResponder:Days",0.000445082604436289,0.00685283783234894,0.0649486556263259,56.2560399786705,0.948445132589671,-0.0132814225385917,0.0141715877474643,"f__Eubacteriales_unclassified"
"fixed",NA,"ResponseResponder:Days",-0.00369535086801255,0.00281151824389914,-1.31436133342947,78.6142564282757,0.192546614069957,-0.00929196493665075,0.00190126320062566,"f__Lactobacillaceae"
"fixed",NA,"ResponseResponder:Days",0.000552391172704367,0.000412276841995664,1.33985496257919,70.5035296622694,0.184595104470059,-0.000269765829201374,0.00137454817461011,"f__Clostridia_unclassified"
"fixed",NA,"ResponseResponder:Days",-0.00089404595004323,0.000715398864994778,-1.24971675772753,80.798162577981,0.2150109143438,-0.00231751919245522,0.000529427292368763,"f__FGB79266"
"fixed",NA,"ResponseResponder:Days",-0.00232079575767774,0.00227920413365941,-1.01824831019043,80.5829979853349,0.311607386417214,-0.00685605282545036,0.00221446131009488,"f__Eggerthellaceae"
"fixed",NA,"ResponseResponder:Days",1.33638284380561e-05,9.17397987548211e-05,0.145671002328788,83.1823220115448,0.884533534407955,-0.000169097027077223,0.000195824683953335,"f__FGB28775"
"fixed",NA,"ResponseResponder:Days",-0.00253757835155632,0.00567831530433608,-0.446889300003923,44.11554842532,0.657141300553933,-0.013980624354229,0.00890546765111633,"f__Enterobacteriaceae"
"fixed",NA,"ResponseResponder:Days",0.0145272574576651,0.0253991726006321,0.571957901388628,55.5324486087463,0.569658630956824,-0.0363628543971025,0.0654173693124327,"g__Phocaeicola"
"fixed",NA,"ResponseResponder:Days",0.0545792512623034,0.039989629527852,1.36483513117545,54.797763124093,0.177882998849192,-0.0255684057357218,0.134726908260329,"g__Bacteroides"
"fixed",NA,"ResponseResponder:Days",-0.00963901680591857,0.0156092196843102,-0.61752073459555,74.484003053671,0.538774693245232,-0.0407377081905431,0.021459674578706,"g__Bifidobacterium"
"fixed",NA,"ResponseResponder:Days",-0.000358507471174055,0.0235700402801013,-0.015210303712409,81.712417525796,0.987901478475413,-0.0472492967826928,0.0465322818403447,"g__Blautia"
"fixed",NA,"ResponseResponder:Days",-0.00142456937927314,0.00472523466499512,-0.301481191998031,64.3607348537385,0.764019538070771,-0.0108632919238363,0.00801415316529004,"g__GGB1495"
"fixed",NA,"ResponseResponder:Days",0.0310143396943301,0.0249782363601113,1.24165450463341,60.4806107507731,0.219157861915519,-0.0189414071236045,0.0809700865122648,"g__Alistipes"
"fixed",NA,"ResponseResponder:Days",-0.000285688425785669,0.00238913149253705,-0.119578360035049,63.7337374198952,0.9051933005149,-0.0050589113068494,0.00448753445527806,"g__Megasphaera"
"fixed",NA,"ResponseResponder:Days",0.000496820353905411,0.00304133941581676,0.163355773880959,59.6089512269499,0.870790906204815,-0.00558758522219423,0.00658122593000505,"g__Acidaminococcus"
"fixed",NA,"ResponseResponder:Days",0.00595359941375512,0.00738957357318087,0.805675639439148,57.1039840765013,0.423772223653629,-0.00884318247559193,0.0207503813031022,"g__Lachnospiraceae_unclassified"
"fixed",NA,"ResponseResponder:Days",0.0132046177432429,0.0107580718497325,1.22741490554102,65.7055850811043,0.224046142598961,-0.00827636230180695,0.0346855977882927,"g__Parabacteroides"
"fixed",NA,"ResponseResponder:Days",0.00411057359778972,0.00448569617360455,0.916373610405853,57.7244590920606,0.363283613360329,-0.0048694355102345,0.013090582705814,"g__Clostridium"
"fixed",NA,"ResponseResponder:Days",-0.000803780998417238,0.00108736612907116,-0.739199959358528,47.4554442028332,0.463426414459965,-0.0029907254423601,0.00138316344552562,"g__Parasutterella"
"fixed",NA,"ResponseResponder:Days",0.0047065181761955,0.00201448262384275,2.33634091477917,52.5886583085205,0.0233179335825433,0.000665239818841627,0.00874779653354938,"g__Phascolarctobacterium"
"fixed",NA,"ResponseResponder:Days",0.000714132624851138,0.00181112672755872,0.394302957371593,56.7296636494844,0.694835784329763,-0.00291296068179671,0.00434122593149899,"g__Dorea"
"fixed",NA,"ResponseResponder:Days",-0.00357968931296833,0.00297014119872694,-1.20522529854899,68.2608308366712,0.232277924670994,-0.00950610375790462,0.00234672513196795,"g__Collinsella"
"fixed",NA,"ResponseResponder:Days",0.000578292399369083,0.000686951559668581,0.841824130435163,54.6840621706795,0.403552955541251,-0.000798568090851718,0.00195515288958988,"g__Bilophila"
"fixed",NA,"ResponseResponder:Days",0.00597417657970875,0.00648179146683305,0.921686020026757,45.1828699065806,0.361587843553517,-0.0070793633789604,0.0190277165383779,"g__Odoribacter"
"fixed",NA,"ResponseResponder:Days",0.00181932476538705,0.00228393983341796,0.796572982688602,47.8413638318306,0.429634446431608,-0.00277323745841089,0.006411886989185,"g__Anaerostipes"
"fixed",NA,"ResponseResponder:Days",0.0033302556392536,0.0026062417716481,1.27779996295112,51.9919320068834,0.206995936959447,-0.00189957040220778,0.00856008168071499,"g__Dysosmobacter"
"fixed",NA,"ResponseResponder:Days",-0.00131568807615574,0.0018386442419282,-0.715575121142505,54.0083746643889,0.477336101449773,-0.00500193474425587,0.00237055859194438,"g__Flavonifractor"
"fixed",NA,"ResponseResponder:Days",0.00112278884738965,0.0041635958357308,0.269668068584898,50.5543321134592,0.788513334267379,-0.00723776808930937,0.00948334578408867,"g__Streptococcus"
"fixed",NA,"ResponseResponder:Days",0.0190317038415828,0.00933984811758972,2.03768879343342,70.9109112146651,0.0453133030651903,0.000408170164941372,0.0376552375182243,"g__Roseburia"
"fixed",NA,"ResponseResponder:Days",0.00520964784624004,0.00487804110802377,1.06797948825622,71.547686770697,0.289119985438115,-0.00451559977476466,0.0149348954672447,"g__Clostridiaceae_unclassified"
"fixed",NA,"ResponseResponder:Days",-0.00307693266235214,0.00164421414191799,-1.87136978323448,52.4201630292677,0.0668791493942732,-0.00637566036264451,0.000221795037940238,"g__Dialister"
"fixed",NA,"ResponseResponder:Days",-0.000925964416984905,0.00163422709068309,-0.566606943590599,51.9287224463308,0.573422199430855,-0.00420538813149726,0.00235345929752745,"g__Coprococcus"
"fixed",NA,"ResponseResponder:Days",0.00339396024432594,0.00178742855965747,1.89879490622905,57.8010188607396,0.062586841137668,-0.000184229020473105,0.00697214950912498,"g__Eubacteriales_unclassified"
"fixed",NA,"ResponseResponder:Days",-0.00181544360140255,0.0019408043673391,-0.935407829843038,71.1428490489825,0.352742518423641,-0.00568516294727,0.0020542757444649,"g__GGB9512"
"fixed",NA,"ResponseResponder:Days",0.0026940261688733,0.00534969180536972,0.503585303020482,63.9149668508614,0.616284119468328,-0.00799348563333295,0.0133815379710796,"g__Mediterraneibacter"
"fixed",NA,"ResponseResponder:Days",0.000549474578126388,0.0010061663659955,0.546107081986127,51.5766760437303,0.587346917058356,-0.0014699404654882,0.00256888962174098,"g__GGB3550"
"fixed",NA,"ResponseResponder:Days",-0.00117364005715149,0.00317674943445233,-0.369446845389561,55.753473616525,0.713194208703869,-0.00753805489020904,0.00519077477590607,"g__Enterocloster"
"fixed",NA,"ResponseResponder:Days",-0.000574696078391799,0.000539172906383611,-1.06588456427911,77.469595026589,0.289786517334413,-0.00164822264890142,0.000498830492117819,"g__GGB38744"
"fixed",NA,"ResponseResponder:Days",-2.43071529314867e-05,8.02544955367567e-05,-0.302875904569781,72.5946975671494,0.762850641618697,-0.000184269177618357,0.000135654871755383,"g__GGB9575"
"fixed",NA,"ResponseResponder:Days",1.17826330340093e-05,9.25262596257489e-05,0.127343665265059,82.6817615298681,0.898977600878633,-0.000172258851940416,0.000195824118008434,"g__Pediococcus"
"fixed",NA,"ResponseResponder:Days",0.000561066727762198,0.000410088265707413,1.3681608928613,70.3785758862529,0.175614038881991,-0.000256751186629087,0.00137888464215348,"g__Clostridia_unclassified"
"fixed",NA,"ResponseResponder:Days",1.53861742293038e-05,0.00121809259200514,0.0126313667206334,72.1024710193472,0.989956781272371,-0.00241277807125065,0.00244355041970926,"g__Monoglobus"
"fixed",NA,"ResponseResponder:Days",-0.00089404595004323,0.000715398864994778,-1.24971675772753,80.798162577981,0.2150109143438,-0.00231751919245522,0.000529427292368763,"g__GGB3493"
"fixed",NA,"ResponseResponder:Days",-3.52400417075532e-05,0.000305442419007879,-0.115373764462769,48.594017734024,0.908624317110595,-0.000649179302665282,0.000578699219250175,"g__GGB36331"
"fixed",NA,"ResponseResponder:Days",-0.00727991945880799,0.00378876635777521,-1.92144850628446,82.3344093771555,0.0581353289736615,-0.0148165243848787,0.000256685467262752,"g__Firmicutes_unclassified"
"fixed",NA,"ResponseResponder:Days",0.000190523841777104,0.000718113526951041,0.265311590196648,80.5867015909918,0.791446936720117,-0.00123840791538994,0.00161945559894415,"g__GGB3600"
"fixed",NA,"ResponseResponder:Days",-0.00236473054023534,0.00393036109444556,-0.60165732445734,52.4739949905802,0.549992978997711,-0.0102498816842163,0.00552042060374557,"g__Brotolimicola"
"fixed",NA,"ResponseResponder:Days",2.24152339649781e-05,8.6154655482335e-05,0.260174378731908,44.5749645070265,0.795927344125452,-0.000151154829373375,0.000195985297303331,"g__GGB3606"
"fixed",NA,"ResponseResponder:Days",-0.00183977237186952,0.00183437838078077,-1.00294050079594,77.7114955493649,0.319002330752462,-0.00549195275828768,0.00181240801454865,"g__Eggerthella"
"fixed",NA,"ResponseResponder:Days",-1.95994387520901e-05,5.10166202218099e-05,-0.384177522283438,44.0061530907923,0.702697053800758,-0.000122416274858004,8.32173973538236e-05,"g__Phocea"
"fixed",NA,"ResponseResponder:Days",0.000529848329255788,0.00155131253046289,0.341548410685298,49.9550826066449,0.734123358404239,-0.00258612400789715,0.00364582066640873,"g__Ruthenibacterium"
"fixed",NA,"ResponseResponder:Days",0.00145840792384583,0.00065675178417625,2.22063793199296,68.19661102749,0.0297008343841966,0.000147948552027134,0.00276886729566453,"g__Pseudoflavonifractor"
"fixed",NA,"ResponseResponder:Days",1.33638284380561e-05,9.17397987548211e-05,0.145671002328788,83.1823220115448,0.884533534407955,-0.000169097027077223,0.000195824683953335,"g__GGB3511"
"fixed",NA,"ResponseResponder:Days",0.00110446346735248,0.00200767920757083,0.550119492789296,44.0199216429838,0.585018178677557,-0.00294169638836152,0.00515062332306648,"g__Escherichia"
"fixed",NA,"ResponseResponder:Days",-0.00125824791682079,0.000750978051190166,-1.67547895018595,49.5355895883875,0.100142415800688,-0.00276698218601931,0.000250486352377719,"g__GGB3433"
"fixed",NA,"ResponseResponder:Days",0.00804870109915838,0.0107586852197555,0.748111961151078,69.7282718087767,0.456908496315597,-0.0134102901839002,0.0295076923822169,"s__Phocaeicola_coprocola"
"fixed",NA,"ResponseResponder:Days",0.0221985748152658,0.0116120953513328,1.9116769319947,49.362767418533,0.0617315803242817,-0.00113246744031125,0.0455296170708428,"s__Bacteroides_eggerthii"
"fixed",NA,"ResponseResponder:Days",0.00100823564437533,0.0169573544737348,0.0594571308830622,52.0754185912077,0.952815595410084,-0.0330180125627999,0.0350344838515506,"s__Phocaeicola_vulgatus"
"fixed",NA,"ResponseResponder:Days",-0.00142456937927314,0.00472523466499512,-0.301481191998031,64.3607348537385,0.764019538070771,-0.0108632919238363,0.00801415316529004,"s__GGB1495_SGB2071"
"fixed",NA,"ResponseResponder:Days",-4.92253935800074e-05,0.00472974275240091,-0.0104076259866395,73.1888459801402,0.991724383348379,-0.00947517936163299,0.00937672857447298,"s__Bifidobacterium_adolescentis"
"fixed",NA,"ResponseResponder:Days",-0.000801227828902117,0.00234501684631303,-0.341672525790957,63.4953880760559,0.733725576828313,-0.00548665465491184,0.00388419899710761,"s__Megasphaera_massiliensis"
"fixed",NA,"ResponseResponder:Days",0.000596118901817456,0.00304018737682932,0.196079658234474,59.6893344207543,0.845213852902464,-0.00548581235432163,0.00667805015795654,"s__Acidaminococcus_intestini"
"fixed",NA,"ResponseResponder:Days",0.0121278888872989,0.00756734549173722,1.602660919941,52.4015373269746,0.115021051561063,-0.00305433161685162,0.0273101093914495,"s__Alistipes_putredinis"
"fixed",NA,"ResponseResponder:Days",0.00648663241212789,0.00730852160879496,0.887543713946468,57.8440941055593,0.378461859013237,-0.00814380265533904,0.0211170674795948,"s__Eubacterium_rectale"
"fixed",NA,"ResponseResponder:Days",-0.000877421502682767,0.00684884269831419,-0.128112374795634,59.0615151442492,0.898495277198315,-0.0145816254371958,0.0128267824318303,"s__Blautia_wexlerae"
"fixed",NA,"ResponseResponder:Days",-0.00445895599653293,0.00938997830049827,-0.474863290823187,76.1451067080433,0.636243605298214,-0.0231601422473885,0.0142422302543227,"s__Blautia_massiliensis"
"fixed",NA,"ResponseResponder:Days",0.00638795339232757,0.00893754298203096,0.714732606620257,58.2677404219558,0.477628175095386,-0.0115007325411115,0.0242766393257666,"s__Parabacteroides_distasonis"
"fixed",NA,"ResponseResponder:Days",-0.000626646168390951,0.00090947076896946,-0.689022879867834,47.6932939403506,0.494147406347958,-0.00245556355110654,0.00120227121432464,"s__Parasutterella_SGB9260"
"fixed",NA,"ResponseResponder:Days",0.00196073963504661,0.00224814960815574,0.872157096633393,53.242571225281,0.387038853864936,-0.0025479979163816,0.00646947718647482,"s__Clostridium_sp_AT4"
"fixed",NA,"ResponseResponder:Days",0.00264907787658971,0.00537075522873289,0.493241222839101,68.5485496109201,0.62341866306041,-0.0080665446409769,0.0133647003941563,"s__Bacteroides_caccae"
"fixed",NA,"ResponseResponder:Days",0.00983589147687455,0.00462838970902686,2.12512171515967,46.2262000753975,0.0389525043614871,0.000520656276617452,0.0191511266771316,"s__Bacteroides_ovatus"
"fixed",NA,"ResponseResponder:Days",0.0116239617153664,0.0195795699924243,0.593678089961316,62.7058340601465,0.554863056941177,-0.0275062793056919,0.0507542027364246,"s__Alistipes_onderdonkii"
"fixed",NA,"ResponseResponder:Days",-0.00426124242729909,0.0100464137141439,-0.424155579149591,46.075916940553,0.673426211159766,-0.0244827252740031,0.0159602404194049,"s__Bacteroides_stercoris"
"fixed",NA,"ResponseResponder:Days",0.0160261751419398,0.0141563874467663,1.13208085058456,54.2266771438816,0.26258176932209,-0.0123529559464311,0.0444053062303107,"s__Bacteroides_uniformis"
"fixed",NA,"ResponseResponder:Days",0.00520016717159895,0.00148970104078557,3.49074547793612,48.2873744617653,0.00103948252892156,0.00220538292343877,0.00819495141975912,"s__Phascolarctobacterium_faecium"
"fixed",NA,"ResponseResponder:Days",0.000572109335510424,0.000710675692008666,0.805021674363738,71.1647674093291,0.423488637312707,-0.000844880893895728,0.00198909956491658,"s__Bifidobacterium_bifidum"
"fixed",NA,"ResponseResponder:Days",0.000352774734448569,0.00137276839839282,0.256980518244435,54.4342033033209,0.798162693819934,-0.00239895749561079,0.00310450696450793,"s__Dorea_longicatena"
"fixed",NA,"ResponseResponder:Days",-5.75342052019287e-05,0.000244465059070452,-0.235347355653586,49.490824315202,0.814910276512458,-0.000548681925280778,0.00043361351487692,"s__Bilophila_SGB15451"
"fixed",NA,"ResponseResponder:Days",0.000113097355391129,0.00128483309966978,0.0880249391303791,55.4119494512789,0.930174208587843,-0.00246133552116484,0.0026875302319471,"s__Odoribacter_splanchnicus"
"fixed",NA,"ResponseResponder:Days",-0.00142636766071831,0.00249680659048485,-0.571276792585415,77.6977213061661,0.569460860866852,-0.00639743236186047,0.00354469704042385,"s__Collinsella_aerofaciens"
"fixed",NA,"ResponseResponder:Days",0.00209184774705915,0.00224862387786151,0.930279077641274,47.6624355527589,0.356914653802537,-0.00243014095023884,0.00661383644435715,"s__Anaerostipes_hadrus"
"fixed",NA,"ResponseResponder:Days",0.00360929101800406,0.00262278657004508,1.3761283740072,51.9715579164871,0.174682908044578,-0.00165378383169412,0.00887236586770224,"s__Dysosmobacter_welbionis"
"fixed",NA,"ResponseResponder:Days",0.00434838040019616,0.00538608940016769,0.807335355417749,68.8879834585125,0.422252153325693,-0.00639688566562482,0.0150936464660171,"s__Parabacteroides_merdae"
"fixed",NA,"ResponseResponder:Days",-0.000522017162144339,0.00053431211970271,-0.976989184588941,73.9923150484775,0.331757984019188,-0.00158665913795185,0.000542624813663175,"s__Clostridium_SGB4750"
"fixed",NA,"ResponseResponder:Days",-0.00170362110170627,0.00188799948347156,-0.902341932092979,56.7139660992137,0.370691701304587,-0.00548468813764867,0.00207744593423612,"s__Flavonifractor_plautii"
"fixed",NA,"ResponseResponder:Days",0.00305155683791857,0.00449361101487122,0.679087893415719,44.1264052267241,0.500628795741066,-0.00600398841375849,0.0121071020895956,"s__Bacteroides_fragilis"
"fixed",NA,"ResponseResponder:Days",0.000926430359616402,0.00163677025050885,0.566011240324283,52.2926013710393,0.573807188222381,-0.00235755204759226,0.00421041276682507,"s__Streptococcus_salivarius"
"fixed",NA,"ResponseResponder:Days",-0.00231594877076262,0.00216166633134856,-1.07137199537997,71.3601488519365,0.287612353395924,-0.00662581207463274,0.0019939145331075,"s__Blautia_faecis"
"fixed",NA,"ResponseResponder:Days",0.000130951917486512,0.000196738634588659,0.665613633846275,73.8770027579227,0.507731011238564,-0.000261069213791866,0.000522973048764889,"s__Bifidobacterium_pullorum"
"fixed",NA,"ResponseResponder:Days",0.00085599050039773,0.00140190248780225,0.610592040349156,46.0527593440163,0.54447148463861,-0.00196580561033865,0.00367778661113411,"s__Roseburia_intestinalis"
"fixed",NA,"ResponseResponder:Days",-0.000102662630762313,0.00250651567180768,-0.0409583039583684,48.9018063510671,0.967495907276692,-0.00513995030291085,0.00493462504138622,"s__Blautia_caecimuris"
"fixed",NA,"ResponseResponder:Days",-0.0022071328046921,0.00167640187867278,-1.31658931713886,52.8186658113696,0.193660788440901,-0.00556983865508517,0.00115557304570098,"s__Dialister_invisus"
"fixed",NA,"ResponseResponder:Days",-0.000654938660510377,0.00102539520966963,-0.638718275972239,54.8024915156645,0.525666743656938,-0.00271004305986098,0.00140016573884023,"s__Clostridiaceae_bacterium_Marseille_Q3526"
"fixed",NA,"ResponseResponder:Days",-0.000451496112954928,0.000720255744838987,-0.626855274935516,60.8140675918038,0.533100406056964,-0.00189182554818173,0.000988833322271871,"s__Coprococcus_comes"
"fixed",NA,"ResponseResponder:Days",0.00214968917555563,0.00148066833642276,1.45183706754289,55.3470453776476,0.152192240314531,-0.000817218324172509,0.00511659667528377,"s__Clostridiales_bacterium"
"fixed",NA,"ResponseResponder:Days",-0.00181544360140255,0.0019408043673391,-0.935407829843038,71.1428490489825,0.352742518423641,-0.00568516294727,0.0020542757444649,"s__GGB9512_SGB14909"
"fixed",NA,"ResponseResponder:Days",3.9868655370474e-05,0.000862598935038696,0.0462192262835167,52.5656127634931,0.963310666012713,-0.00169061952469758,0.00177035683543853,"s__Blautia_glucerasea"
"fixed",NA,"ResponseResponder:Days",0.000283971031395889,0.000334334810368614,0.849361246837571,48.0068622359387,0.399896167266131,-0.000388251676630971,0.00095619373942275,"s__Dorea_formicigenerans"
"fixed",NA,"ResponseResponder:Days",-0.000236209673000032,0.000767035632038945,-0.307951369054572,55.1313037734412,0.759279817163186,-0.00177330114518788,0.00130088179918781,"s__GGB3550_SGB4746"
"fixed",NA,"ResponseResponder:Days",0.000338307045168743,0.00117358129552637,0.288268947757052,64.710802421233,0.774062203677166,-0.00200569523860729,0.00268230932894477,"s__Enterocloster_hominis"
"fixed",NA,"ResponseResponder:Days",-7.72038487951968e-05,0.000154793991711692,-0.49875223154004,50.6028813639781,0.620115172209299,-0.000388024978883393,0.000233617281292999,"s__Collinsella_stercoris"
"fixed",NA,"ResponseResponder:Days",-0.000574696078391799,0.000539172906383611,-1.06588456427911,77.469595026589,0.289786517334413,-0.00164822264890142,0.000498830492117819,"s__GGB38744_SGB14842"
"fixed",NA,"ResponseResponder:Days",-2.43071529314867e-05,8.02544955367567e-05,-0.302875904569781,72.5946975671494,0.762850641618697,-0.000184269177618357,0.000135654871755383,"s__GGB9575_SGB14988"
"fixed",NA,"ResponseResponder:Days",0.00287858110467995,0.00309777905312263,0.929240289677302,54.6849837358962,0.356848399259095,-0.0033303107749558,0.00908747298431571,"s__Ruminococcus_gnavus"
"fixed",NA,"ResponseResponder:Days",1.17826330340093e-05,9.25262596257489e-05,0.127343665265059,82.6817615298681,0.898977600878633,-0.000172258851940416,0.000195824118008434,"s__Pediococcus_acidilactici"
"fixed",NA,"ResponseResponder:Days",0.00246119962181621,0.00193732045552149,1.27041430590465,76.7602642670802,0.207774257560231,-0.00139669053426014,0.00631908977789257,"s__Roseburia_hominis"
"fixed",NA,"ResponseResponder:Days",-7.72012855208217e-05,7.73041910657733e-05,-0.998668823209546,63.3352159561723,0.321755449412893,-0.000231665385025884,7.72628139842405e-05,"s__Clostridia_bacterium_UC5_1_1D1"
"fixed",NA,"ResponseResponder:Days",1.53861742293038e-05,0.00121809259200514,0.0126313667206334,72.1024710193472,0.989956781272371,-0.00241277807125065,0.00244355041970926,"s__Monoglobus_pectinilyticus"
"fixed",NA,"ResponseResponder:Days",-0.00089404595004323,0.000715398864994778,-1.24971675772753,80.798162577981,0.2150109143438,-0.00231751919245522,0.000529427292368763,"s__GGB3493_SGB4668"
"fixed",NA,"ResponseResponder:Days",-0.000180571615152425,0.000228250149829865,-0.791112800088064,79.4012659144456,0.431234971337287,-0.000634856477098631,0.000273713246793781,"s__GGB36331_SGB63183"
"fixed",NA,"ResponseResponder:Days",0.000169161192394781,0.00025320277559446,0.668085853315116,45.8064633440193,0.507431321324704,-0.000340567677508907,0.000678890062298468,"s__Blautia_SGB4793"
"fixed",NA,"ResponseResponder:Days",-0.00194392543901138,0.00326067812834349,-0.596172134291263,69.5874015091214,0.552994632742388,-0.00844782088241101,0.00455997000438825,"s__Ruminococcus_torques"
"fixed",NA,"ResponseResponder:Days",-0.000384484308778473,0.000589357022514074,-0.652379277909242,64.7383335891875,0.516466343377126,-0.00156160175608996,0.000792633138533016,"s__Clostridiaceae_bacterium"
"fixed",NA,"ResponseResponder:Days",-0.000875919673955709,0.001170314390112,-0.748448178845244,72.6418828040265,0.456606366146409,-0.00320854662387222,0.0014567072759608,"s__Mediterraneibacter_glycyrrhizinilyticus"
"fixed",NA,"ResponseResponder:Days",-0.00162810151165781,0.00217955880440033,-0.746986733448446,63.5151416944873,0.457827958184259,-0.00598291100673033,0.00272670798341472,"s__Streptococcus_thermophilus"
"fixed",NA,"ResponseResponder:Days",-0.00476721283681989,0.0036496645047236,-1.30620577059888,83.1531330778568,0.195084270894499,-0.0120260510536144,0.00249162537997458,"s__Firmicutes_bacterium"
"fixed",NA,"ResponseResponder:Days",0.000256498643293205,0.000717029070706258,0.35772418967694,80.6466496859907,0.721484262580997,-0.00117025905719621,0.00168325634378262,"s__GGB3600_SGB4861"
"fixed",NA,"ResponseResponder:Days",-0.00236473054023534,0.00393036109444556,-0.60165732445734,52.4739949905802,0.549992978997711,-0.0102498816842163,0.00552042060374557,"s__Brotolimicola_acetigignens"
"fixed",NA,"ResponseResponder:Days",2.24152339649781e-05,8.6154655482335e-05,0.260174378731908,44.5749645070265,0.795927344125452,-0.000151154829373375,0.000195985297303331,"s__GGB3606_SGB4870"
"fixed",NA,"ResponseResponder:Days",-0.00183977237186952,0.00183437838078077,-1.00294050079594,77.7114955493649,0.319002330752462,-0.00549195275828768,0.00181240801454865,"s__Eggerthella_lenta"
"fixed",NA,"ResponseResponder:Days",-1.95994387520901e-05,5.10166202218099e-05,-0.384177522283438,44.0061530907923,0.702697053800758,-0.000122416274858004,8.32173973538236e-05,"s__Phocea_massiliensis"
"fixed",NA,"ResponseResponder:Days",0.000529848329255788,0.00155131253046289,0.341548410685298,49.9550826066449,0.734123358404239,-0.00258612400789715,0.00364582066640873,"s__Ruthenibacterium_lactatiformans"
"fixed",NA,"ResponseResponder:Days",0.000253666332588902,0.000228558225142317,1.10985431581362,70.0215505148482,0.270858816554313,-0.000202176207313105,0.000709508872490908,"s__Pseudoflavonifractor_phocaeensis"
"fixed",NA,"ResponseResponder:Days",0.00224318574722195,0.00168624582434091,1.33028394486832,44.4976631738833,0.190202724618563,-0.00115414622844713,0.00564051772289103,"s__Bacteroides_xylanisolvens"
"fixed",NA,"ResponseResponder:Days",1.33638284380561e-05,9.17397987548211e-05,0.145671002328788,83.1823220115448,0.884533534407955,-0.000169097027077223,0.000195824683953335,"s__GGB3511_SGB4688"
"fixed",NA,"ResponseResponder:Days",0.00110446346735248,0.00200767920757083,0.550119492789296,44.0199216429838,0.585018178677557,-0.00294169638836152,0.00515062332306648,"s__Escherichia_coli"
"fixed",NA,"ResponseResponder:Days",-0.000722512447271032,0.00063853468635756,-1.13151636505843,48.8243354991677,0.263364968326416,-0.00200581272944161,0.000560787834899549,"s__GGB3433_SGB4574"
"fixed",NA,"ResponseResponder:Days",0.00350965627695762,0.00331079871875635,1.06006331858071,55.4216844398336,0.293713885449835,-0.00312419809291663,0.0101435106468319,"c__CFGB3012"
"fixed",NA,"ResponseResponder:Days",-0.00198365023458361,0.00407271752041885,-0.487058143521724,71.3356459432001,0.627710429067053,-0.0101037562289333,0.0061364557597661,"c__Erysipelotrichia"
"fixed",NA,"ResponseResponder:Days",4.03872871362933e-05,8.99922632999374e-05,0.448786214006925,78.3461167483435,0.654824758853486,-0.000138761080445016,0.000219535654717602,"c__CFGB1260"
"fixed",NA,"ResponseResponder:Days",0.00350965627695762,0.00331079871875635,1.06006331858071,55.4216844398336,0.293713885449835,-0.00312419809291663,0.0101435106468319,"o__OFGB3012"
"fixed",NA,"ResponseResponder:Days",-0.00198365023458361,0.00407271752041885,-0.487058143521724,71.3356459432001,0.627710429067053,-0.0101037562289333,0.0061364557597661,"o__Erysipelotrichales"
"fixed",NA,"ResponseResponder:Days",4.03872871362933e-05,8.99922632999374e-05,0.448786214006925,78.3461167483435,0.654824758853486,-0.000138761080445016,0.000219535654717602,"o__OFGB1260"
"fixed",NA,"ResponseResponder:Days",-0.0911722430790202,0.0298451800349048,-3.05483977554806,64.8351550335612,0.00326626699567302,-0.150780056604992,-0.0315644295530484,"f__Prevotellaceae"
"fixed",NA,"ResponseResponder:Days",0.00350965627695762,0.00331079871875635,1.06006331858071,55.4216844398336,0.293713885449835,-0.00312419809291663,0.0101435106468319,"f__FGB3012"
"fixed",NA,"ResponseResponder:Days",-0.00104673984667974,0.00297156831098023,-0.352251652035706,69.8350871669695,0.72571036346191,-0.00697359203053794,0.00488011233717847,"f__Erysipelotrichaceae"
"fixed",NA,"ResponseResponder:Days",-0.000128336507305113,0.00026187530127591,-0.490067244523754,44.0664619187241,0.626517478184998,-0.000656089016425889,0.000399416001815663,"f__Coprobacillaceae"
"fixed",NA,"ResponseResponder:Days",-0.00156461578313986,0.00257176726160068,-0.608381561777109,72.9848086629249,0.544823204552632,-0.00669015851723,0.00356092695095028,"f__Eubacteriaceae"
"fixed",NA,"ResponseResponder:Days",-0.000740895598847086,0.000516886821849155,-1.4333807083658,74.6619333489935,0.1559235578459,-0.00177066337627764,0.000288872178583466,"f__Eubacteriales_Family_XIII_Incertae_Sedis"
"fixed",NA,"ResponseResponder:Days",2.46502495898545e-05,0.00113745990162802,0.0216713130322864,54.2319663657528,0.982789687430127,-0.00225559617507158,0.00230489667425129,"f__Peptostreptococcaceae"
"fixed",NA,"ResponseResponder:Days",4.03872871362933e-05,8.99922632999374e-05,0.448786214006925,78.3461167483435,0.654824758853486,-0.000138761080445016,0.000219535654717602,"f__FGB1260"
"fixed",NA,"ResponseResponder:Days",-0.000263393506553488,0.000250457575368035,-1.05164919115121,45.911976586968,0.298464369182118,-0.000767564542112201,0.000240777529005226,"g__GGB9739"
"fixed",NA,"ResponseResponder:Days",-0.000902130844409167,0.00180838559335745,-0.498859782848785,55.5101688654181,0.619849374787814,-0.00452546805652126,0.00272120636770293,"g__Paraprevotella"
"fixed",NA,"ResponseResponder:Days",0.00350965627695762,0.00331079871875635,1.06006331858071,55.4216844398336,0.293713885449835,-0.00312419809291663,0.0101435106468319,"g__GGB9480"
"fixed",NA,"ResponseResponder:Days",-0.000243223442151296,0.000252388827208344,-0.963685456450568,46.1711111066935,0.340224037745828,-0.00075120499874457,0.000264758114441978,"g__Tyzzerella"
"fixed",NA,"ResponseResponder:Days",9.93094994759083e-06,0.00180103007123955,0.0055140389414797,57.39345744736,0.995619577461861,-0.00359603380391481,0.00361589570380999,"g__Oliverpabstia"
"fixed",NA,"ResponseResponder:Days",0.000221892067554146,0.000478012912361692,0.464196806855816,48.6739835758349,0.644576312352211,-0.000738873617296951,0.00118265775240524,"g__Holdemanella"
"fixed",NA,"ResponseResponder:Days",-0.0110663519010836,0.0110883221599924,-0.998018612862087,81.9786883165621,0.3212071188912,-0.033124642795979,0.0109919389938119,"g__Anaerobutyricum"
"fixed",NA,"ResponseResponder:Days",0.00287041482814246,0.00370631562378853,0.774465836022993,62.6122975757596,0.4415701717049,-0.00453696358760136,0.0102777932438863,"g__Faecalimonas"
"fixed",NA,"ResponseResponder:Days",1.30213455518899e-06,5.58989597148808e-06,0.232944327019801,44.0000328735356,0.816884890917886,-9.96356029253229e-06,1.25678294029103e-05,"g__Catenibacterium"
"fixed",NA,"ResponseResponder:Days",0.000485392553610945,0.00153284139335509,0.316661955839095,80.3377197303306,0.752321495729612,-0.00256486218817309,0.00353564729539498,"g__Eubacterium"
"fixed",NA,"ResponseResponder:Days",0.00413425862666424,0.00307278356852505,1.34544413378542,50.5642794567138,0.184484634957417,-0.00203590273781982,0.0103044199911483,"g__Fusicatenibacter"
"fixed",NA,"ResponseResponder:Days",0.00137936276864298,0.0008854132575596,1.55787453696461,53.9618558113262,0.125109110261078,-0.000395812671215075,0.00315453820850104,"g__Agathobaculum"
"fixed",NA,"ResponseResponder:Days",-1.679255017762e-05,4.41339574709012e-05,-0.380490469015652,83.7286248291851,0.704544963945807,-0.000104561920891807,7.09768205365674e-05,"g__Dielma"
"fixed",NA,"ResponseResponder:Days",-0.000270869751222427,0.000240524469220679,-1.12616297252446,62.7178134156963,0.264387317875611,-0.000751561876032202,0.000209822373587348,"g__Mogibacterium"
"fixed",NA,"ResponseResponder:Days",-0.00179695683123901,0.00122754704948022,-1.46385984309107,69.4488197544024,0.147744073847545,-0.00424556388018431,0.000651650217706283,"g__Lacrimispora"
"fixed",NA,"ResponseResponder:Days",-0.00130265375274928,0.00134629703240295,-0.967582726097394,79.7454605960525,0.336178194349227,-0.00398200152049522,0.00137669401499665,"g__Evtepia"
"fixed",NA,"ResponseResponder:Days",-6.4469437636623e-06,0.000238943076407617,-0.0269810862929727,62.648591484353,0.978560582715845,-0.000483989002534953,0.000471095115007629,"g__Hydrogenoanaerobacterium"
"fixed",NA,"ResponseResponder:Days",-9.03784748273792e-05,0.000835465551058604,-0.108177380518996,46.7866561339336,0.914317586015746,-0.00177132070547594,0.00159056375582118,"g__Intestinibacter"
"fixed",NA,"ResponseResponder:Days",-0.00332396183040589,0.0058335108529418,-0.569804687811567,58.9073963685795,0.570976920268529,-0.0149971740391544,0.00834925037834258,"g__Gemmiger"
"fixed",NA,"ResponseResponder:Days",0.00115460989637775,0.00191000016523963,0.604507746852939,83.016496458856,0.54715477742983,-0.00264429244839028,0.00495351224114579,"g__Simiaoa"
"fixed",NA,"ResponseResponder:Days",5.46487377565997e-05,7.92913241779658e-05,0.689214593439543,77.2223613233402,0.492753983511699,-0.000103233204882477,0.000212530680395677,"g__GGB3057"
"fixed",NA,"ResponseResponder:Days",-0.000201268917424305,0.000535310431125535,-0.375985420274961,46.7330201115728,0.708629200243841,-0.00127833702486766,0.000875799190019052,"g__Anaerotignum"
"fixed",NA,"ResponseResponder:Days",-0.000386753359198902,0.000949291535320419,-0.407412628058839,50.8248081243752,0.685415913502622,-0.0022926951517233,0.00151918843332549,"g__Desulfovibrio"
"fixed",NA,"ResponseResponder:Days",3.04989842257214e-05,0.000101530463496308,0.30039244553267,75.1611779177362,0.764707132463687,-0.000171752961840848,0.000232750930292291,"g__GGB9614"
"fixed",NA,"ResponseResponder:Days",-0.000263393506553488,0.000250457575368035,-1.05164919115121,45.911976586968,0.298464369182118,-0.000767564542112201,0.000240777529005226,"s__GGB9739_SGB15313"
"fixed",NA,"ResponseResponder:Days",-0.000332143420003245,0.000677739648304714,-0.490075238823733,65.2701111940411,0.625723984741472,-0.00168557678224837,0.00102128994224188,"s__Bacteroides_salyersiae"
"fixed",NA,"ResponseResponder:Days",-0.000761384583634462,0.00644959459834192,-0.118051541383733,64.4910817305139,0.906393737818727,-0.0136440416828716,0.0121212725156027,"s__Alistipes_finegoldii"
"fixed",NA,"ResponseResponder:Days",-0.00197084544997812,0.00275781584097247,-0.714639977295637,44.2139577412178,0.478587951936642,-0.0075280985108919,0.00358640761093567,"s__Bacteroides_faecis"
"fixed",NA,"ResponseResponder:Days",-0.00024051617606442,0.000615821084421406,-0.390561775406564,46.5495295916956,0.697902892912362,-0.00147970495190194,0.000998672599773098,"s__Parasutterella_excrementihominis"
"fixed",NA,"ResponseResponder:Days",-0.00107268286037278,0.00179935824833128,-0.596147466113309,56.2725668182711,0.553467283398768,-0.00467684532913062,0.00253147960838507,"s__Paraprevotella_clara"
"fixed",NA,"ResponseResponder:Days",0.00169522219788633,0.00160124376683836,1.0586908957863,61.8134757754177,0.29386023057451,-0.00150581062489792,0.00489625502067058,"s__Clostridium_fessum"
"fixed",NA,"ResponseResponder:Days",-0.00356994099422445,0.00424835759842942,-0.840310852255993,59.6116022320313,0.404091959810918,-0.0120690604036824,0.00492917841523351,"s__Bacteroides_finegoldii"
"fixed",NA,"ResponseResponder:Days",0.00368604727134551,0.00341167689036957,1.08042097472666,56.1869353358965,0.284570595334676,-0.00314786105599052,0.0105199555986815,"s__GGB9480_SGB14874"
"fixed",NA,"ResponseResponder:Days",3.55699988577192e-05,4.18880990288791e-05,0.84916717832423,80.5786131309299,0.398304083717532,-4.77807865797621e-05,0.000118920784295201,"s__Tyzzerella_SGB4587"
"fixed",NA,"ResponseResponder:Days",0.0187042819260761,0.0117964621659343,1.58558402196976,53.3702450652316,0.118741680855541,-0.00495259373903875,0.0423611575911909,"s__Phocaeicola_dorei"
"fixed",NA,"ResponseResponder:Days",0.00196091809731204,0.00132027566968672,1.48523383588318,57.1672675968412,0.142975754028697,-0.000682720689131597,0.00460455688375567,"s__Clostridium_sp_AM22_11AC"
"fixed",NA,"ResponseResponder:Days",9.93094994759083e-06,0.00180103007123955,0.0055140389414797,57.39345744736,0.995619577461861,-0.00359603380391481,0.00361589570380999,"s__Oliverpabstia_intestinalis"
"fixed",NA,"ResponseResponder:Days",0.000259247695027078,0.000440411055881508,0.588649380084654,62.9413240091902,0.558203135664994,-0.000620859630188506,0.00113935502024266,"s__Holdemanella_porci"
"fixed",NA,"ResponseResponder:Days",0.00287041482814246,0.00370631562378853,0.774465836022993,62.6122975757596,0.4415701717049,-0.00453696358760136,0.0102777932438863,"s__Faecalimonas_umbilicata"
"fixed",NA,"ResponseResponder:Days",1.3020332744986e-06,5.58989608024864e-06,0.232926203959177,44.0000307362577,0.816898875946247,-9.9636618078712e-06,1.25677283568684e-05,"s__Catenibacterium_tridentinum"
"fixed",NA,"ResponseResponder:Days",0.00389638058272026,0.00304992098754967,1.27753492586398,50.2353030658961,0.207286101988913,-0.00222885513936433,0.0100216163048049,"s__Fusicatenibacter_saccharivorans"
"fixed",NA,"ResponseResponder:Days",0.00137936276864298,0.0008854132575596,1.55787453696461,53.9618558113262,0.125109110261078,-0.000395812671215075,0.00315453820850104,"s__Agathobaculum_butyriciproducens"
"fixed",NA,"ResponseResponder:Days",-1.679255017762e-05,4.41339574709012e-05,-0.380490469015652,83.7286248291851,0.704544963945807,-0.000104561920891807,7.09768205365674e-05,"s__Dielma_fastidiosa"
"fixed",NA,"ResponseResponder:Days",0.000346238674957512,0.000303137760293229,1.14218259916743,44.4288969575237,0.259496430964011,-0.000264528805050422,0.000957006154965445,"s__Coprococcus_catus"
"fixed",NA,"ResponseResponder:Days",-0.00840666863354336,0.00998672871520193,-0.841784018899665,82.3715977065483,0.402346170650484,-0.0282721116494918,0.0114587743824051,"s__Anaerobutyricum_hallii"
"fixed",NA,"ResponseResponder:Days",0.000684679060416869,0.000599607104439284,1.14187949967194,65.0355566811644,0.257690938235101,-0.000512806606531685,0.00188216472736542,"s__Eubacterium_ramulus"
"fixed",NA,"ResponseResponder:Days",-0.00270888399070905,0.0123854285420606,-0.21871540266126,82.5512529328655,0.827411572029181,-0.0273449837680551,0.021927215786637,"s__Blautia_obeum"
"fixed",NA,"ResponseResponder:Days",-0.000288210318541001,0.000243616604843131,-1.18304874467233,46.0087122349665,0.242867137431208,-0.000778582604451361,0.000202161967369359,"s__Tyzzerella_nexilis"
"fixed",NA,"ResponseResponder:Days",-0.000270869751222427,0.000240524469220679,-1.12616297252446,62.7178134156963,0.264387317875611,-0.000751561876032202,0.000209822373587348,"s__Mogibacterium_kristiansenii"
"fixed",NA,"ResponseResponder:Days",-0.00179695683123901,0.00122754704948022,-1.46385984309107,69.4488197544024,0.147744073847545,-0.00424556388018431,0.000651650217706283,"s__Lacrimispora_amygdalina"
"fixed",NA,"ResponseResponder:Days",-0.00130265375274928,0.00134629703240295,-0.967582726097394,79.7454605960525,0.336178194349227,-0.00398200152049522,0.00137669401499665,"s__Evtepia_gabavorous"
"fixed",NA,"ResponseResponder:Days",-6.58562076989885e-06,0.000186075486144783,-0.0353921997268069,57.1802018687207,0.971890270075472,-0.000379169907022363,0.000365998665482566,"s__Hydrogenoanaerobacterium_SGB53821"
"fixed",NA,"ResponseResponder:Days",0.00519226759825093,0.00847118094421524,0.612933147390342,52.0152031237146,0.542591333436458,-0.0118062823176663,0.0221908175141682,"s__Bacteroides_cellulosilyticus"
"fixed",NA,"ResponseResponder:Days",-0.0027670453605817,0.00539568247146286,-0.512825833472649,76.544872368172,0.609549978843068,-0.0135122413920756,0.0079781506709122,"s__Anaerobutyricum_soehngenii"
"fixed",NA,"ResponseResponder:Days",0.000593233004181737,0.000303137752856665,1.95697500094038,53.3983742841558,0.055587358339347,-1.46784584314824e-05,0.00120114446679496,"s__Eubacterium_ventriosum"
"fixed",NA,"ResponseResponder:Days",-0.00017305617068152,0.00020121973269762,-0.860035784569783,79.8800551307556,0.392343197536623,-0.000573505431229142,0.000227393089866102,"s__Dorea_sp_AF36_15AT"
"fixed",NA,"ResponseResponder:Days",-9.03784748273792e-05,0.000835465551058604,-0.108177380518996,46.7866561339336,0.914317586015746,-0.00177132070547594,0.00159056375582118,"s__Intestinibacter_bartlettii"
"fixed",NA,"ResponseResponder:Days",-0.00212662453109655,0.00569906253505433,-0.373153394618133,59.1472097323405,0.7103683182118,-0.0135298284948624,0.0092765794326693,"s__Gemmiger_formicilis"
"fixed",NA,"ResponseResponder:Days",0.00153043135264657,0.00126100157435528,1.21366331634363,47.6334067909644,0.230860008146449,-0.00100548643701386,0.004066349142307,"s__Mediterraneibacter_faecis"
"fixed",NA,"ResponseResponder:Days",0.00115460989637775,0.00191000016523963,0.604507746852939,83.016496458856,0.54715477742983,-0.00264429244839028,0.00495351224114579,"s__Simiaoa_sunii"
"fixed",NA,"ResponseResponder:Days",-5.30419544103453e-06,3.73692772922192e-05,-0.141940005945444,80.8924429771448,0.887480311824187,-7.96588340980263e-05,6.90504432159572e-05,"s__GGB3057_SGB71294"
"fixed",NA,"ResponseResponder:Days",-0.000311355131446659,0.00048733738836439,-0.638890302448647,46.8690023241134,0.52600439081851,-0.0012918238380118,0.000669113575118484,"s__Anaerotignum_faecicola"
"fixed",NA,"ResponseResponder:Days",-0.00063936771654537,0.00074584022204862,-0.857244886564579,73.7721912853205,0.394085863784508,-0.00212556305548751,0.000846827622396774,"s__Lachnospiraceae_bacterium_CLA_AA_H244"
"fixed",NA,"ResponseResponder:Days",-0.000392871412987189,0.000881527492523034,-0.44567119723373,57.9410203773198,0.657495643910424,-0.00215747865173266,0.00137173582575829,"s__Blautia_SGB4815"
"fixed",NA,"ResponseResponder:Days",0.000130396096058414,0.000482495354495282,0.270253578285361,52.4431341708467,0.788025892920011,-0.000837606971376324,0.00109839916349315,"s__Desulfovibrio_fairfieldensis"
"fixed",NA,"ResponseResponder:Days",0.000365263399153696,0.000561170529417278,0.650895547798968,46.2896164140771,0.518332059564448,-0.000764123604902477,0.00149465040320987,"s__Clostridium_sp_AF20_17LB"
"fixed",NA,"ResponseResponder:Days",3.04989842257214e-05,0.000101530463496308,0.30039244553267,75.1611779177362,0.764707132463687,-0.000171752961840848,0.000232750930292291,"s__GGB9614_SGB15049"
"fixed",NA,"ResponseResponder:Days",-0.00345044739214931,0.00258015152752777,-1.33730416812203,71.2282533310081,0.185378335133869,-0.00859483773710096,0.00169394295280234,"c__CFGB658"
"fixed",NA,"ResponseResponder:Days",0.000345690344912477,0.00530851133041202,0.0651200164031007,47.0291895775925,0.948354472264004,-0.0103334819985803,0.0110248626884053,"c__CFGB4806"
"fixed",NA,"ResponseResponder:Days",0.0155661684948929,0.00534956682307698,2.90979980430256,63.8698683309182,0.00497223372894722,0.00487876084637759,0.0262535761434082,"c__CFGB343"
"fixed",NA,"ResponseResponder:Days",0.000551614691372316,0.00460558104144332,0.119770922801838,48.574472808154,0.905158626220329,-0.00870569820742204,0.00980892759016667,"c__CFGB1354"
"fixed",NA,"ResponseResponder:Days",0.00290860378215974,0.000755948481196399,3.84762170241608,49.4126042393095,0.000342653493901055,0.00138978922979492,0.00442741833452457,"c__CFGB1458"
"fixed",NA,"ResponseResponder:Days",0.000336320343536116,0.0029512658304853,0.113957997297998,46.059780253572,0.909766385240037,-0.00560406160102065,0.00627670228809288,"c__CFGB4405"
"fixed",NA,"ResponseResponder:Days",0.000404422698801839,0.00111665954396071,0.362171891145426,52.6979717190007,0.718671947043834,-0.00183561240392507,0.00264445780152875,"c__CFGB3062"
"fixed",NA,"ResponseResponder:Days",0.00830565886341869,0.0075032918647533,1.10693533093581,81.4980986787426,0.271578456465762,-0.00662215526963833,0.0232334729964757,"c__CFGB2982"
"fixed",NA,"ResponseResponder:Days",-0.000266397043537721,0.000108450287622168,-2.45639775955068,83.9999999988747,0.0160933532033237,-0.000482062333889504,-5.07317531859392e-05,"c__CFGB2880"
"fixed",NA,"ResponseResponder:Days",-0.00542470658817114,0.0039053726330398,-1.38903687250677,59.8636039596236,0.169967422715472,-0.0132369810650393,0.00238756788869698,"c__CFGB38642"
"fixed",NA,"ResponseResponder:Days",-0.000132620436994442,0.000223175818691577,-0.594241964796913,53.9463356483767,0.55483430758899,-0.000580071207574824,0.000314830333585939,"c__CFGB3023"
"fixed",NA,"ResponseResponder:Days",-0.000133922224252655,0.000460985282137769,-0.290513015147914,58.5591564286421,0.772450166163492,-0.00105649696143831,0.000788652512932995,"c__CFGB3070"
"fixed",NA,"ResponseResponder:Days",0.00110815024730586,0.00337328280348153,0.328507958526972,66.2206876402638,0.743564197387479,-0.00562640725560913,0.00784270775022085,"c__CFGB3054"
"fixed",NA,"ResponseResponder:Days",-9.54087432420207e-05,0.00010164131919156,-0.938680686170618,56.2491140904779,0.351908089285179,-0.000299000875152239,0.000108183388668198,"c__CFGB1258"
"fixed",NA,"ResponseResponder:Days",-0.000520776292175875,0.00102708036841731,-0.507045318155939,44.4447844778443,0.614629679547372,-0.00259013583686605,0.0015485832525143,"c__CFGB72924"
"fixed",NA,"ResponseResponder:Days",-1.53079224828658e-05,0.000109810311911082,-0.13940332393611,77.1754163267813,0.889494597852727,-0.000233960257467504,0.000203344412501772,"c__CFGB1473"
"fixed",NA,"ResponseResponder:Days",-0.00011261538081256,3.29710212299309e-05,-3.41558667616664,81.4062111829559,0.000995215669715856,-0.000178212408802151,-4.7018352822968e-05,"c__CFGB2881"
"fixed",NA,"ResponseResponder:Days",2.8903455303817e-05,0.000233313539979348,0.123882460085152,55.2629558236252,0.901857832713618,-0.000438617324912489,0.000496424235520123,"c__CFGB2834"
"fixed",NA,"ResponseResponder:Days",0.000193020390803789,0.000650589735520426,0.29668526917257,54.576120727867,0.767832991778982,-0.00111101822477789,0.00149705900638547,"c__CFGB3038"
"fixed",NA,"ResponseResponder:Days",0.00272681713155657,0.00251930455820827,1.08236899055026,82.0633663113728,0.282258812500426,-0.00228482423913273,0.00773845850224586,"c__CFGB79294"
"fixed",NA,"ResponseResponder:Days",-3.61567969029876e-05,5.07324598073641e-05,-0.712695521570971,75.8707370994058,0.478220376184223,-0.000137202031560634,6.48884377546585e-05,"c__CFGB1211"
"fixed",NA,"ResponseResponder:Days",0.00115108618918942,0.00310191315215396,0.371089109438834,78.3763489318406,0.711572352419069,-0.00502388148141623,0.00732605385979506,"c__CFGB1227"
"fixed",NA,"ResponseResponder:Days",-7.28128874169767e-05,3.39378345573169e-05,-2.14547829485127,83.7494700518755,0.0348098543409864,-0.000140304943092392,-5.32083174156112e-06,"c__CFGB2954"
"fixed",NA,"ResponseResponder:Days",-3.4586590033138e-05,4.96279524892603e-05,-0.696917529302114,61.1733504505942,0.488494424542959,-0.000133818127258501,6.46449471922253e-05,"c__CFGB79291"
"fixed",NA,"ResponseResponder:Days",1.32508720124422e-05,3.16986912234908e-05,0.418025839584898,82.1334420191718,0.677019133997262,-4.98063888267848e-05,7.63081328516691e-05,"c__CFGB83839"
"fixed",NA,"ResponseResponder:Days",-3.75829728338674e-05,2.1826367575681e-05,-1.72190689557261,50.4042913543739,0.091218687768299,-8.14138115548108e-05,6.24786588707596e-06,"c__CFGB32970"
"fixed",NA,"ResponseResponder:Days",8.86356182224997e-05,8.93645905191778e-05,0.991842716534111,83.9999999995529,0.324122793887241,-8.90756703692767e-05,0.000266346906814276,"c__CFGB1359"
"fixed",NA,"ResponseResponder:Days",-0.00345044739214931,0.00258015152752777,-1.33730416812203,71.2282533310081,0.185378335133869,-0.00859483773710096,0.00169394295280234,"o__OFGB658"
"fixed",NA,"ResponseResponder:Days",0.000345690344912477,0.00530851133041202,0.0651200164031007,47.0291895775925,0.948354472264004,-0.0103334819985803,0.0110248626884053,"o__OFGB4806"
"fixed",NA,"ResponseResponder:Days",0.0155661684948929,0.00534956682307698,2.90979980430256,63.8698683309182,0.00497223372894722,0.00487876084637759,0.0262535761434082,"o__OFGB343"
"fixed",NA,"ResponseResponder:Days",0.000551614691372316,0.00460558104144332,0.119770922801838,48.574472808154,0.905158626220329,-0.00870569820742204,0.00980892759016667,"o__OFGB1354"
"fixed",NA,"ResponseResponder:Days",0.00290860378215974,0.000755948481196399,3.84762170241608,49.4126042393095,0.000342653493901055,0.00138978922979492,0.00442741833452457,"o__OFGB1458"
"fixed",NA,"ResponseResponder:Days",0.000336320343536116,0.0029512658304853,0.113957997297998,46.059780253572,0.909766385240037,-0.00560406160102065,0.00627670228809288,"o__OFGB4405"
"fixed",NA,"ResponseResponder:Days",0.000404422698801839,0.00111665954396071,0.362171891145426,52.6979717190007,0.718671947043834,-0.00183561240392507,0.00264445780152875,"o__OFGB3062"
"fixed",NA,"ResponseResponder:Days",0.00830565886341869,0.0075032918647533,1.10693533093581,81.4980986787426,0.271578456465762,-0.00662215526963833,0.0232334729964757,"o__OFGB2982"
"fixed",NA,"ResponseResponder:Days",-0.000266397043537721,0.000108450287622168,-2.45639775955068,83.9999999988747,0.0160933532033237,-0.000482062333889504,-5.07317531859392e-05,"o__OFGB2880"
"fixed",NA,"ResponseResponder:Days",-0.00542470658817114,0.0039053726330398,-1.38903687250677,59.8636039596236,0.169967422715472,-0.0132369810650393,0.00238756788869698,"o__OFGB38642"
"fixed",NA,"ResponseResponder:Days",-0.000132620436994442,0.000223175818691577,-0.594241964796913,53.9463356483767,0.55483430758899,-0.000580071207574824,0.000314830333585939,"o__OFGB3023"
"fixed",NA,"ResponseResponder:Days",-0.000133922224252655,0.000460985282137769,-0.290513015147914,58.5591564286421,0.772450166163492,-0.00105649696143831,0.000788652512932995,"o__OFGB3070"
"fixed",NA,"ResponseResponder:Days",0.00110815024730586,0.00337328280348153,0.328507958526972,66.2206876402638,0.743564197387479,-0.00562640725560913,0.00784270775022085,"o__OFGB3054"
"fixed",NA,"ResponseResponder:Days",-9.54087432420207e-05,0.00010164131919156,-0.938680686170618,56.2491140904779,0.351908089285179,-0.000299000875152239,0.000108183388668198,"o__OFGB1258"
"fixed",NA,"ResponseResponder:Days",-0.000520776292175875,0.00102708036841731,-0.507045318155939,44.4447844778443,0.614629679547372,-0.00259013583686605,0.0015485832525143,"o__OFGB72924"
"fixed",NA,"ResponseResponder:Days",-1.53079224828658e-05,0.000109810311911082,-0.13940332393611,77.1754163267813,0.889494597852727,-0.000233960257467504,0.000203344412501772,"o__OFGB1473"
"fixed",NA,"ResponseResponder:Days",-0.00011261538081256,3.29710212299309e-05,-3.41558667616664,81.4062111829559,0.000995215669715856,-0.000178212408802151,-4.7018352822968e-05,"o__OFGB2881"
"fixed",NA,"ResponseResponder:Days",2.8903455303817e-05,0.000233313539979348,0.123882460085152,55.2629558236252,0.901857832713618,-0.000438617324912489,0.000496424235520123,"o__OFGB2834"
"fixed",NA,"ResponseResponder:Days",0.00243281990967422,0.00355775087788635,0.683808392767387,83.8160569738396,0.495982349388144,-0.00464238473848418,0.00950802455783263,"o__Candidatus_Borkfalkiales"
"fixed",NA,"ResponseResponder:Days",0.000193020390803789,0.000650589735520426,0.29668526917257,54.576120727867,0.767832991778982,-0.00111101822477789,0.00149705900638547,"o__OFGB3038"
"fixed",NA,"ResponseResponder:Days",0.00272681713155657,0.00251930455820827,1.08236899055026,82.0633663113728,0.282258812500426,-0.00228482423913273,0.00773845850224586,"o__OFGB79294"
"fixed",NA,"ResponseResponder:Days",-3.61567969029876e-05,5.07324598073641e-05,-0.712695521570971,75.8707370994058,0.478220376184223,-0.000137202031560634,6.48884377546585e-05,"o__OFGB1211"
"fixed",NA,"ResponseResponder:Days",0.00115108618918942,0.00310191315215396,0.371089109438834,78.3763489318406,0.711572352419069,-0.00502388148141623,0.00732605385979506,"o__OFGB1227"
"fixed",NA,"ResponseResponder:Days",-7.28128874169767e-05,3.39378345573169e-05,-2.14547829485127,83.7494700518755,0.0348098543409864,-0.000140304943092392,-5.32083174156112e-06,"o__OFGB2954"
"fixed",NA,"ResponseResponder:Days",-0.000142023781663462,8.26303488930885e-05,-1.71878472699201,44.0285008819191,0.0926785304525697,-0.00030855126280157,2.45036994746469e-05,"o__Pasteurellales"
"fixed",NA,"ResponseResponder:Days",-3.4586590033138e-05,4.96279524892603e-05,-0.696917529302114,61.1733504505942,0.488494424542959,-0.000133818127258501,6.46449471922253e-05,"o__OFGB79291"
"fixed",NA,"ResponseResponder:Days",1.32508720124422e-05,3.16986912234908e-05,0.418025839584898,82.1334420191718,0.677019133997262,-4.98063888267848e-05,7.63081328516691e-05,"o__OFGB83839"
"fixed",NA,"ResponseResponder:Days",-3.75829728338674e-05,2.1826367575681e-05,-1.72190689557261,50.4042913543739,0.091218687768299,-8.14138115548108e-05,6.24786588707596e-06,"o__OFGB32970"
"fixed",NA,"ResponseResponder:Days",8.86356182224997e-05,8.93645905191778e-05,0.991842716534111,83.9999999995529,0.324122793887241,-8.90756703692767e-05,0.000266346906814276,"o__OFGB1359"
"fixed",NA,"ResponseResponder:Days",-0.00345044739214931,0.00258015152752777,-1.33730416812203,71.2282533310081,0.185378335133869,-0.00859483773710096,0.00169394295280234,"f__FGB658"
"fixed",NA,"ResponseResponder:Days",0.000345690344912477,0.00530851133041202,0.0651200164031007,47.0291895775925,0.948354472264004,-0.0103334819985803,0.0110248626884053,"f__FGB4806"
"fixed",NA,"ResponseResponder:Days",0.0155661684948929,0.00534956682307698,2.90979980430256,63.8698683309182,0.00497223372894722,0.00487876084637759,0.0262535761434082,"f__FGB343"
"fixed",NA,"ResponseResponder:Days",0.000551614691372316,0.00460558104144332,0.119770922801838,48.574472808154,0.905158626220329,-0.00870569820742204,0.00980892759016667,"f__FGB1354"
"fixed",NA,"ResponseResponder:Days",0.00290860378215974,0.000755948481196399,3.84762170241608,49.4126042393095,0.000342653493901055,0.00138978922979492,0.00442741833452457,"f__FGB1458"
"fixed",NA,"ResponseResponder:Days",0.000336320343536116,0.0029512658304853,0.113957997297998,46.059780253572,0.909766385240037,-0.00560406160102065,0.00627670228809288,"f__FGB4405"
"fixed",NA,"ResponseResponder:Days",0.000404422698801839,0.00111665954396071,0.362171891145426,52.6979717190007,0.718671947043834,-0.00183561240392507,0.00264445780152875,"f__FGB3062"
"fixed",NA,"ResponseResponder:Days",0.00830565886341869,0.0075032918647533,1.10693533093581,81.4980986787426,0.271578456465762,-0.00662215526963833,0.0232334729964757,"f__FGB2982"
"fixed",NA,"ResponseResponder:Days",-0.00279047343645178,0.00454849005598426,-0.613494456864968,65.682276992385,0.541668267422538,-0.0118726468604111,0.0062916999875075,"f__Barnesiellaceae"
"fixed",NA,"ResponseResponder:Days",0.00574842404736208,0.00530778580518451,1.08301733686148,58.6106469859574,0.283236181676102,-0.00487390725754111,0.0163707553522653,"f__Eubacteriales_incertae_sedis"
"fixed",NA,"ResponseResponder:Days",-0.000266397043537721,0.000108450287622168,-2.45639775955068,83.9999999988747,0.0160933532033237,-0.000482062333889504,-5.07317531859392e-05,"f__FGB2880"
"fixed",NA,"ResponseResponder:Days",-0.00542470658817114,0.0039053726330398,-1.38903687250677,59.8636039596236,0.169967422715472,-0.0132369810650393,0.00238756788869698,"f__FGB38642"
"fixed",NA,"ResponseResponder:Days",-0.000132620436994442,0.000223175818691577,-0.594241964796913,53.9463356483767,0.55483430758899,-0.000580071207574824,0.000314830333585939,"f__FGB3023"
"fixed",NA,"ResponseResponder:Days",-0.000133922224252655,0.000460985282137769,-0.290513015147914,58.5591564286421,0.772450166163492,-0.00105649696143831,0.000788652512932995,"f__FGB3070"
"fixed",NA,"ResponseResponder:Days",0.00110815024730586,0.00337328280348153,0.328507958526972,66.2206876402638,0.743564197387479,-0.00562640725560913,0.00784270775022085,"f__FGB3054"
"fixed",NA,"ResponseResponder:Days",-9.54087432420207e-05,0.00010164131919156,-0.938680686170618,56.2491140904779,0.351908089285179,-0.000299000875152239,0.000108183388668198,"f__FGB1258"
"fixed",NA,"ResponseResponder:Days",-0.000520776292175875,0.00102708036841731,-0.507045318155939,44.4447844778443,0.614629679547372,-0.00259013583686605,0.0015485832525143,"f__FGB72924"
"fixed",NA,"ResponseResponder:Days",-1.53079224828658e-05,0.000109810311911082,-0.13940332393611,77.1754163267813,0.889494597852727,-0.000233960257467504,0.000203344412501772,"f__FGB1473"
"fixed",NA,"ResponseResponder:Days",-0.00011261538081256,3.29710212299309e-05,-3.41558667616664,81.4062111829559,0.000995215669715856,-0.000178212408802151,-4.7018352822968e-05,"f__FGB2881"
"fixed",NA,"ResponseResponder:Days",2.8903455303817e-05,0.000233313539979348,0.123882460085152,55.2629558236252,0.901857832713618,-0.000438617324912489,0.000496424235520123,"f__FGB2834"
"fixed",NA,"ResponseResponder:Days",0.00243281990967422,0.00355775087788635,0.683808392767387,83.8160569738396,0.495982349388144,-0.00464238473848418,0.00950802455783263,"f__Candidatus_Borkfalkiaceae"
"fixed",NA,"ResponseResponder:Days",0.000193020390803789,0.000650589735520426,0.29668526917257,54.576120727867,0.767832991778982,-0.00111101822477789,0.00149705900638547,"f__FGB3038"
"fixed",NA,"ResponseResponder:Days",0.00272681713155657,0.00251930455820827,1.08236899055026,82.0633663113728,0.282258812500426,-0.00228482423913273,0.00773845850224586,"f__FGB79294"
"fixed",NA,"ResponseResponder:Days",-3.61567969029876e-05,5.07324598073641e-05,-0.712695521570971,75.8707370994058,0.478220376184223,-0.000137202031560634,6.48884377546585e-05,"f__FGB1211"
"fixed",NA,"ResponseResponder:Days",0.00115108618918942,0.00310191315215396,0.371089109438834,78.3763489318406,0.711572352419069,-0.00502388148141623,0.00732605385979506,"f__FGB1227"
"fixed",NA,"ResponseResponder:Days",-7.28128874169767e-05,3.39378345573169e-05,-2.14547829485127,83.7494700518755,0.0348098543409864,-0.000140304943092392,-5.32083174156112e-06,"f__FGB2954"
"fixed",NA,"ResponseResponder:Days",-0.000142023781663462,8.26303488930885e-05,-1.71878472699201,44.0285008819191,0.0926785304525697,-0.00030855126280157,2.45036994746469e-05,"f__Pasteurellaceae"
"fixed",NA,"ResponseResponder:Days",-3.4586590033138e-05,4.96279524892603e-05,-0.696917529302114,61.1733504505942,0.488494424542959,-0.000133818127258501,6.46449471922253e-05,"f__FGB79291"
"fixed",NA,"ResponseResponder:Days",1.32508720124422e-05,3.16986912234908e-05,0.418025839584898,82.1334420191718,0.677019133997262,-4.98063888267848e-05,7.63081328516691e-05,"f__FGB83839"
"fixed",NA,"ResponseResponder:Days",-3.75829728338674e-05,2.1826367575681e-05,-1.72190689557261,50.4042913543739,0.091218687768299,-8.14138115548108e-05,6.24786588707596e-06,"f__FGB32970"
"fixed",NA,"ResponseResponder:Days",8.86356182224997e-05,8.93645905191778e-05,0.991842716534111,83.9999999995529,0.324122793887241,-8.90756703692767e-05,0.000266346906814276,"f__FGB1359"
"fixed",NA,"ResponseResponder:Days",1.77927265460515e-06,6.19557035136059e-06,0.287184642203993,44.0443163632412,0.775317775294546,-1.0706724098967e-05,1.42652694081773e-05,"f__Hafniaceae"
"fixed",NA,"ResponseResponder:Days",-0.0563691916629201,0.022861931418707,-2.46563558566165,71.3659758430048,0.0160828416632748,-0.101950537473599,-0.0107878458522415,"g__Segatella"
"fixed",NA,"ResponseResponder:Days",-0.00682088117297448,0.0215135177004158,-0.317050947592948,53.9057699537336,0.752429652169719,-0.0499546140542598,0.0363128517083109,"g__Faecalibacterium"
"fixed",NA,"ResponseResponder:Days",-0.00536535999724162,0.00298139140095402,-1.79961611062699,54.8927005504159,0.0774181825437068,-0.0113404644046477,0.000609744410164506,"g__GGB1146"
"fixed",NA,"ResponseResponder:Days",-0.00693827805456206,0.00291548073248641,-2.37980583347738,79.4042297484987,0.0197203743985095,-0.0127409379797236,-0.00113561812940049,"g__Wujia"
"fixed",NA,"ResponseResponder:Days",0.00901916600270104,0.00998644851003206,0.903140490199362,50.7783850334204,0.370715898707444,-0.0110315906542209,0.029069922659623,"g__Ruminococcus"
"fixed",NA,"ResponseResponder:Days",-0.00345044739214931,0.00258015152752777,-1.33730416812203,71.2282533310081,0.185378335133869,-0.00859483773710096,0.00169394295280234,"g__GGB1627"
"fixed",NA,"ResponseResponder:Days",0.000345690344912477,0.00530851133041202,0.0651200164031007,47.0291895775925,0.948354472264004,-0.0103334819985803,0.0110248626884053,"g__GGB51647"
"fixed",NA,"ResponseResponder:Days",0.0155661684948929,0.00534956682307698,2.90979980430256,63.8698683309182,0.00497223372894722,0.00487876084637759,0.0262535761434082,"g__GGB781"
"fixed",NA,"ResponseResponder:Days",-0.00178643723645272,0.00412188381059853,-0.433403103663253,51.2033137138805,0.666542398558688,-0.0100606665645842,0.00648779209167876,"g__Oscillibacter"
"fixed",NA,"ResponseResponder:Days",-0.0046763059210982,0.0097122652739675,-0.481484575347467,58.1095018568716,0.631980435240536,-0.0241167371518205,0.0147641253096241,"g__Oscillospiraceae_unclassified"
"fixed",NA,"ResponseResponder:Days",-0.00350106704831242,0.00151892172740879,-2.3049687058497,71.6944286965894,0.0240664657959983,-0.0065292026739369,-0.00047293142268795,"g__GGB3278"
"fixed",NA,"ResponseResponder:Days",0.000551614691372316,0.00460558104144332,0.119770922801838,48.574472808154,0.905158626220329,-0.00870569820742204,0.00980892759016667,"g__GGB3304"
"fixed",NA,"ResponseResponder:Days",0.00718451079288132,0.00366406438770349,1.96080364116754,50.6632310520513,0.0554107788992158,-0.000172592793986005,0.0145416143797487,"g__Lachnospira"
"fixed",NA,"ResponseResponder:Days",0.00290860378215974,0.000755948481196399,3.84762170241608,49.4126042393095,0.000342653493901055,0.00138978922979492,0.00442741833452457,"g__GGB1458"
"fixed",NA,"ResponseResponder:Days",-0.00243268818479798,0.000933700916781085,-2.60542550732908,67.5000710798121,0.0112788622344465,-0.00429610925092514,-0.000569267118670823,"g__GGB3345"
"fixed",NA,"ResponseResponder:Days",-0.00297493102630409,0.00206641386551203,-1.43965885825439,81.628200826586,0.153788034764784,-0.0070859668209287,0.00113610476832053,"g__Ligilactobacillus"
"fixed",NA,"ResponseResponder:Days",0.000336320343536116,0.0029512658304853,0.113957997297998,46.059780253572,0.909766385240037,-0.00560406160102065,0.00627670228809288,"g__GGB1266"
"fixed",NA,"ResponseResponder:Days",-0.00367750619233611,0.00128651371234546,-2.85850524331498,67.5048915160913,0.00565601905914463,-0.0062450453125175,-0.00110996707215473,"g__Enterobacter"
"fixed",NA,"ResponseResponder:Days",0.000404422698801839,0.00111665954396071,0.362171891145426,52.6979717190007,0.718671947043834,-0.00183561240392507,0.00264445780152875,"g__GGB9747"
"fixed",NA,"ResponseResponder:Days",-0.00253642715499531,0.00170423039317915,-1.48831235796924,70.9043826852623,0.141102820417156,-0.00593464545873916,0.000861791148748528,"g__GGB9634"
"fixed",NA,"ResponseResponder:Days",0.00358009005110582,0.00172507522833286,2.07532401619706,56.6158316106637,0.0425111660803104,0.000125178418853643,0.00703500168335799,"g__GGB33469"
"fixed",NA,"ResponseResponder:Days",0.000915109260189845,0.00300097234930992,0.304937584779905,67.4824548882862,0.761352211214368,-0.00507406952915773,0.00690428804953742,"g__GGB9635"
"fixed",NA,"ResponseResponder:Days",0.0017061302383831,0.00671199052444704,0.254191395558273,62.7758237504706,0.800178475837445,-0.0117076499984193,0.0151199104751855,"g__GGB9715"
"fixed",NA,"ResponseResponder:Days",0.00325119079149366,0.0026406683860071,1.23119995252782,47.4307818835191,0.2243182315348,-0.00205987545197069,0.00856225703495801,"g__Sutterella"
"fixed",NA,"ResponseResponder:Days",0.00830565886341869,0.0075032918647533,1.10693533093581,81.4980986787426,0.271578456465762,-0.00662215526963833,0.0232334729964757,"g__GGB9342"
"fixed",NA,"ResponseResponder:Days",-0.000566529074089142,0.000363509737439904,-1.558497656979,64.7577270292274,0.123989433938185,-0.00129255964398003,0.000159501495801743,"g__GGB1116"
"fixed",NA,"ResponseResponder:Days",0.00155093943228799,0.00222077314527257,0.698378146182791,70.4961222882092,0.487238182890319,-0.00287770499654551,0.00597958386112149,"g__GGB9602"
"fixed",NA,"ResponseResponder:Days",-0.0025849824472441,0.00441334054692127,-0.585720140959296,64.5240579660336,0.560106771376739,-0.0114002648327935,0.00623029993830526,"g__Barnesiella"
"fixed",NA,"ResponseResponder:Days",0.00574842404736208,0.00530778580518451,1.08301733686148,58.6106469859574,0.283236181676102,-0.00487390725754111,0.0163707553522653,"g__Candidatus_Cibionibacter"
"fixed",NA,"ResponseResponder:Days",-0.000207521027549408,0.000264524968295306,-0.784504498334311,79.4356911637825,0.435077443269667,-0.000733999906970767,0.00031895785187195,"g__GGB13489"
"fixed",NA,"ResponseResponder:Days",-0.000266397043537721,0.000108450287622168,-2.45639775955068,83.9999999988747,0.0160933532033237,-0.000482062333889504,-5.07317531859392e-05,"g__GGB9184"
"fixed",NA,"ResponseResponder:Days",0.00273031721716601,0.00494056673631392,0.552632392777485,69.7651004074981,0.582281524258605,-0.00712391575958915,0.0125845501939212,"g__GGB9708"
"fixed",NA,"ResponseResponder:Days",-0.00552332940138925,0.00390570042500016,-1.41417128821113,59.8481588932868,0.162492905664478,-0.0133363011578828,0.00228964235510433,"g__GGB9758"
"fixed",NA,"ResponseResponder:Days",0.00198287928830873,0.00109722512085694,1.80717634933485,54.8951171004981,0.0762159085524082,-0.000216103426109557,0.00418186200272701,"g__Lawsonibacter"
"fixed",NA,"ResponseResponder:Days",-9.25940466875174e-05,0.000180951692895343,-0.511705887941434,52.4905611347513,0.61100296885617,-0.000455619426378585,0.00027043133300355,"g__GGB9502"
"fixed",NA,"ResponseResponder:Days",0.00178875241263983,0.00161219544657324,1.10951337596311,72.4935571354335,0.27087580239979,-0.00142472668496188,0.00500223151024154,"g__Kineothrix"
"fixed",NA,"ResponseResponder:Days",0.000902101388018211,0.000765684552172696,1.1781632337474,54.8207874950138,0.243820551109754,-0.000632477503468049,0.00243668027950447,"g__Butyricimonas"
"fixed",NA,"ResponseResponder:Days",-0.00010542552804876,0.000538636619019134,-0.195726625940772,79.0952334820881,0.845326105218564,-0.00117753482840609,0.000966683772308574,"g__GGB9627"
"fixed",NA,"ResponseResponder:Days",0.000205313607173383,0.000301650577110556,0.680633894819748,83.3502540391538,0.497989592447031,-0.000394619974898767,0.000805247189245533,"g__GGB9775"
"fixed",NA,"ResponseResponder:Days",-0.000347298233688297,0.000621050319257436,-0.559211102416864,76.04729418451,0.577660866467479,-0.00158421470363921,0.000889618236262618,"g__GGB9691"
"fixed",NA,"ResponseResponder:Days",0.000254745726837496,0.000466190298357216,0.546441501968578,74.3297829338774,0.586399082930223,-0.000674090245520443,0.00118358169919544,"g__GGB9760"
"fixed",NA,"ResponseResponder:Days",0.000314166764588898,0.000788990236173886,0.398188406123265,45.8862552583782,0.692338008408204,-0.00127409445253629,0.00190242798171409,"g__Vescimonas"
"fixed",NA,"ResponseResponder:Days",-0.000247285321806698,0.000139926013509196,-1.7672576785763,44.1529461321584,0.0840962500545016,-0.00052926008411082,3.4689440497425e-05,"g__Coprobacter"
"fixed",NA,"ResponseResponder:Days",-0.000226385596828596,0.000132890610652536,-1.70354847281511,59.5604677774616,0.0936784353379718,-0.000492246748823003,3.94755551658117e-05,"g__GGB3619"
"fixed",NA,"ResponseResponder:Days",-0.000112035839494105,9.79673417814151e-05,-1.14360395471462,54.7808136943694,0.257760845883152,-0.000308384438138075,8.43127591498646e-05,"g__GGB3052"
"fixed",NA,"ResponseResponder:Days",-0.000520776292175875,0.00102708036841731,-0.507045318155939,44.4447844778443,0.614629679547372,-0.00259013583686605,0.0015485832525143,"g__GGB3612"
"fixed",NA,"ResponseResponder:Days",-9.32389290142998e-05,4.08629758515491e-05,-2.28174593433986,82.6638651986543,0.0250750804626328,-0.00017451863230296,-1.19592257256397e-05,"g__Paeniclostridium"
"fixed",NA,"ResponseResponder:Days",-1.53079224828658e-05,0.000109810311911082,-0.13940332393611,77.1754163267813,0.889494597852727,-0.000233960257467504,0.000203344412501772,"g__GGB3730"
"fixed",NA,"ResponseResponder:Days",-0.000108735298902626,2.9567509623579e-05,-3.67752645680765,82.4487691519095,0.00041836177854794,-0.000167549701589267,-4.99208962159854e-05,"g__GGB9185"
"fixed",NA,"ResponseResponder:Days",4.47508575115796e-05,0.000176981821923634,0.252855671984715,80.4678088631051,0.80102457405376,-0.000307422761662487,0.000396924476685647,"g__GGB9616"
"fixed",NA,"ResponseResponder:Days",-9.54276790071924e-05,4.57693202257157e-05,-2.08497042421827,81.7328208765644,0.0401929436630509,-0.000186481893437388,-4.37346457699671e-06,"g__GGB34228"
"fixed",NA,"ResponseResponder:Days",-5.44375107963151e-05,4.50692496152827e-05,-1.20786370443265,44.0546598110188,0.233544100234729,-0.000145265432138014,3.63904105453841e-05,"g__GGB9608"
"fixed",NA,"ResponseResponder:Days",-6.91665793312224e-05,2.81577277386355e-05,-2.45639775955068,83.9999999983982,0.0160933532033357,-0.000125161308912359,-1.31718497500861e-05,"g__GGB9383"
"fixed",NA,"ResponseResponder:Days",0.000134938872915807,0.000250626295382659,0.538406685179547,68.5093744203648,0.592041388028408,-0.000365110792476672,0.000634988538308286,"g__Frisingicoccus"
"fixed",NA,"ResponseResponder:Days",-9.51409012424582e-05,2.41196216613587e-05,-3.94454368224525,82.7935617798142,0.0001667031068924,-0.000143115627696793,-4.71661747881233e-05,"g__GGB79104"
"fixed",NA,"ResponseResponder:Days",-5.43731495610753e-05,4.60357551596632e-05,-1.18110693248098,52.1823612581578,0.242915534633664,-0.000146742966935134,3.79966678129829e-05,"g__GGB9064"
"fixed",NA,"ResponseResponder:Days",-5.20292241503488e-05,4.97825599427014e-05,-1.04512954356372,83.9999999996311,0.298961381672442,-0.000151027304099209,4.69688557985112e-05,"g__Senegalimassilia"
"fixed",NA,"ResponseResponder:Days",0.000269476153795349,0.000236777619239524,1.13809807979675,71.9830994649622,0.258853369831588,-0.000202533296907257,0.000741485604497955,"g__GGB9707"
"fixed",NA,"ResponseResponder:Days",0.0021369317370866,0.00123278143670086,1.73342303304421,81.2666255710246,0.0868131552531621,-0.00031579463892213,0.00458965811309534,"g__GGB3653"
"fixed",NA,"ResponseResponder:Days",0.000185031808140388,0.000504036111685978,0.367100300653986,48.873077736358,0.715128993549159,-0.000827933221130799,0.00119799683741158,"g__Candidatus_Borkfalkia"
"fixed",NA,"ResponseResponder:Days",-8.47707219493259e-06,5.39490945787637e-05,-0.157130944664073,83.3784308335686,0.875521530448749,-0.00011577244952798,9.88183051381145e-05,"g__GGB9533"
"fixed",NA,"ResponseResponder:Days",-3.81322298714709e-05,1.55236381091823e-05,-2.45639775955068,83.999999997564,0.0160933532033566,-6.90026866820363e-05,-7.26177306090546e-06,"g__GGB4487"
"fixed",NA,"ResponseResponder:Days",-4.03870925074922e-05,1.54290346020413e-05,-2.61760334001382,83.9166871430237,0.0105025736601437,-7.10698649314557e-05,-9.70432008352867e-06,"g__GGB2977"
"fixed",NA,"ResponseResponder:Days",0.000300303245364837,0.00020296773208576,1.47956151590614,71.2396915413649,0.143399007226433,-0.000104379322455266,0.00070498581318494,"g__GGB3722"
"fixed",NA,"ResponseResponder:Days",0.00286884446999187,0.00247768525400209,1.15787284335569,82.060253506305,0.250274877908878,-0.00206000660069279,0.00779769554067653,"g__GGB87445"
"fixed",NA,"ResponseResponder:Days",-3.61567969029876e-05,5.07324598073641e-05,-0.712695521570971,75.8707370994058,0.478220376184223,-0.000137202031560634,6.48884377546585e-05,"g__GGB2970"
"fixed",NA,"ResponseResponder:Days",-0.000633341791217457,0.00134027845782405,-0.472544930883761,67.6075439058981,0.638059788061036,-0.00330810695495799,0.00204142337252307,"g__Faecalicatena"
"fixed",NA,"ResponseResponder:Days",0.000165481924774152,0.000531633616827013,0.311270618592198,74.5118490732682,0.756464100146827,-0.0008937002847747,0.001224664134323,"g__GGB3000"
"fixed",NA,"ResponseResponder:Days",0.000896557990589804,0.000696484497343636,1.2872619476948,75.515058973569,0.201934551818888,-0.000490755180901678,0.00228387116208129,"g__Faecalibacillus"
"fixed",NA,"ResponseResponder:Days",-7.28128874169767e-05,3.39378345573169e-05,-2.14547829485127,83.7494700518755,0.0348098543409864,-0.000140304943092392,-5.32083174156112e-06,"g__GGB9297"
"fixed",NA,"ResponseResponder:Days",-0.000142023781663462,8.26303488930885e-05,-1.71878472699201,44.0285008819191,0.0926785304525697,-0.00030855126280157,2.45036994746469e-05,"g__Haemophilus"
"fixed",NA,"ResponseResponder:Days",0.00158656396861248,0.00147315629290606,1.07698278604417,52.900474768113,0.286374932108177,-0.00136834314065345,0.00454147107787841,"g__Intestinimonas"
"fixed",NA,"ResponseResponder:Days",-3.4586590033138e-05,4.96279524892603e-05,-0.696917529302114,61.1733504505942,0.488494424542959,-0.000133818127258501,6.46449471922253e-05,"g__GGB9522"
"fixed",NA,"ResponseResponder:Days",1.32508720124422e-05,3.16986912234908e-05,0.418025839584898,82.1334420191718,0.677019133997262,-4.98063888267848e-05,7.63081328516691e-05,"g__GGB3328"
"fixed",NA,"ResponseResponder:Days",9.11444180749125e-05,7.18599729002975e-05,1.26836143121528,82.7701154453862,0.208224774210962,-5.17880487030024e-05,0.000234076884852827,"g__GGB9597"
"fixed",NA,"ResponseResponder:Days",8.98712719990728e-05,0.00018012299618848,0.498943909999319,83.5022998810246,0.619130816677726,-0.00026835425464253,0.000448096798640675,"g__Anaeromassilibacillus"
"fixed",NA,"ResponseResponder:Days",0.000429705667951567,0.000393751996124937,1.09131044967509,69.9288582005791,0.278882193712242,-0.000355621972297471,0.00121503330820061,"g__GGB3819"
"fixed",NA,"ResponseResponder:Days",-3.75829728338674e-05,2.1826367575681e-05,-1.72190689557261,50.4042913543739,0.091218687768299,-8.14138115548108e-05,6.24786588707596e-06,"g__GGB51884"
"fixed",NA,"ResponseResponder:Days",8.86356182224997e-05,8.93645905191778e-05,0.991842716534111,83.9999999995529,0.324122793887241,-8.90756703692767e-05,0.000266346906814276,"g__GGB3321"
"fixed",NA,"ResponseResponder:Days",-5.12154661683215e-06,4.64364537847102e-05,-0.110291510212575,83.068888637576,0.912444216074952,-9.74806528016344e-05,8.72375595679701e-05,"g__GGB9563"
"fixed",NA,"ResponseResponder:Days",-5.30440756890912e-05,6.88305100714271e-05,-0.770647720524605,44.0607245445511,0.44502864233944,-0.000191757454195746,8.5669302817564e-05,"g__Colidextribacter"
"fixed",NA,"ResponseResponder:Days",1.77927265460515e-06,6.19557035136059e-06,0.287184642203993,44.0443163632412,0.775317775294546,-1.0706724098967e-05,1.42652694081773e-05,"g__Hafnia"
"fixed",NA,"ResponseResponder:Days",-0.0569476795432355,0.0227816566233047,-2.4997163500823,71.2789195462232,0.0147327888533389,-0.102369932539857,-0.0115254265466136,"s__Segatella_copri"
"fixed",NA,"ResponseResponder:Days",-0.00308977194484505,0.0196306235276772,-0.157395507100871,53.6910740486395,0.875523580377817,-0.0424519893756594,0.0362724454859693,"s__Faecalibacterium_prausnitzii"
"fixed",NA,"ResponseResponder:Days",-0.00536535999724162,0.00298139140095402,-1.79961611062699,54.8927005504159,0.0774181825437068,-0.0113404644046477,0.000609744410164506,"s__GGB1146_SGB1472"
"fixed",NA,"ResponseResponder:Days",-0.00693827805456206,0.00291548073248641,-2.37980583347738,79.4042297484987,0.0197203743985095,-0.0127409379797236,-0.00113561812940049,"s__Wujia_chipingensis"
"fixed",NA,"ResponseResponder:Days",-0.00345044739214931,0.00258015152752777,-1.33730416812203,71.2282533310081,0.185378335133869,-0.00859483773710096,0.00169394295280234,"s__GGB1627_SGB2230"
"fixed",NA,"ResponseResponder:Days",0.000345690344912477,0.00530851133041202,0.0651200164031007,47.0291895775925,0.948354472264004,-0.0103334819985803,0.0110248626884053,"s__GGB51647_SGB4348"
"fixed",NA,"ResponseResponder:Days",0.0155661684948929,0.00534956682307698,2.90979980430256,63.8698683309182,0.00497223372894722,0.00487876084637759,0.0262535761434082,"s__GGB781_SGB1024"
"fixed",NA,"ResponseResponder:Days",0.000547958332291276,0.00746356757623828,0.0734177491787986,66.5722775427378,0.941693843297661,-0.0143511445126911,0.0154470611772736,"s__Ruminococcus_bicirculans"
"fixed",NA,"ResponseResponder:Days",-0.00265353101596545,0.00295270116469882,-0.898679164586612,45.3229841920261,0.373573305534578,-0.00859940693746317,0.00329234490553227,"s__Oscillospiraceae_bacterium_CLA_AA_H250"
"fixed",NA,"ResponseResponder:Days",-0.00350106704831242,0.00151892172740879,-2.3049687058497,71.6944286965894,0.0240664657959983,-0.0065292026739369,-0.00047293142268795,"s__GGB3278_SGB4328"
"fixed",NA,"ResponseResponder:Days",-0.00901186943722966,0.0102734917168071,-0.877196350145156,51.2356848708456,0.384474709354994,-0.029634461357978,0.0116107224835186,"s__Phocaeicola_plebeius"
"fixed",NA,"ResponseResponder:Days",0.00225425396290994,0.00409414165355751,0.550604779624848,55.899124542088,0.584098465558118,-0.00594762392783707,0.010456131853657,"s__GGB3304_SGB4367"
"fixed",NA,"ResponseResponder:Days",-0.00304284653174253,0.00192250583499788,-1.58275021919291,44.1782396046405,0.120611974005655,-0.00691696098253551,0.000831267919050445,"s__Faecalibacterium_sp_HTFF"
"fixed",NA,"ResponseResponder:Days",0.00290860378215974,0.000755948481196399,3.84762170241608,49.4126042393095,0.000342653493901055,0.00138978922979492,0.00442741833452457,"s__GGB1458_SGB2021"
"fixed",NA,"ResponseResponder:Days",-0.00243268818479798,0.000933700916781085,-2.60542550732908,67.5000710798121,0.0112788622344465,-0.00429610925092514,-0.000569267118670823,"s__GGB3345_SGB4425"
"fixed",NA,"ResponseResponder:Days",-0.00201498646847682,0.00125316325022439,-1.60792017170629,81.9635376516282,0.111698198639768,-0.00450794398129056,0.000477971044336923,"s__Ligilactobacillus_animalis"
"fixed",NA,"ResponseResponder:Days",0.000336320343536116,0.0029512658304853,0.113957997297998,46.059780253572,0.909766385240037,-0.00560406160102065,0.00627670228809288,"s__GGB1266_SGB1699"
"fixed",NA,"ResponseResponder:Days",-0.00353390178205847,0.00115944790675427,-3.04791768691981,69.6171211312091,0.0032556008208384,-0.00584657133196814,-0.00122123223214881,"s__Enterobacter_hormaechei"
"fixed",NA,"ResponseResponder:Days",0.00423561917604233,0.00593225893203307,0.713997690352117,47.819766350869,0.478699314811138,-0.00769314831522774,0.0161643866673124,"s__Ruminococcus_bromii"
"fixed",NA,"ResponseResponder:Days",0.000404422698801839,0.00111665954396071,0.362171891145426,52.6979717190007,0.718671947043834,-0.00183561240392507,0.00264445780152875,"s__GGB9747_SGB15356"
"fixed",NA,"ResponseResponder:Days",0.00010929466582171,0.00166561236621663,0.0656183083402346,46.9579424283365,0.947960283303051,-0.00324156443425964,0.00346015376590306,"s__Oscillibacter_sp_ER4"
"fixed",NA,"ResponseResponder:Days",-0.00215545757098547,0.000624063427211135,-3.45390785135086,82.201219530409,0.000876109069376822,-0.00339687303043941,-0.000914042111531526,"s__GGB9634_SGB15101"
"fixed",NA,"ResponseResponder:Days",0.00354577311275391,0.00171655118605828,2.06563785662348,56.5845414205244,0.0434534568944852,0.000107891604895449,0.00698365462061238,"s__GGB33469_SGB15236"
"fixed",NA,"ResponseResponder:Days",0.00204911792675915,0.00256976134090021,0.79739619946237,73.5640994065376,0.42778728879626,-0.00307174749663778,0.00716998335015608,"s__Lachnospira_pectinoschiza"
"fixed",NA,"ResponseResponder:Days",0.00165934253573898,0.00254092545287481,0.653046524391967,65.3518656587461,0.516017213622787,-0.00341471809393382,0.00673340316541178,"s__GGB9635_SGB15106"
"fixed",NA,"ResponseResponder:Days",-0.000258307591862551,0.000404959212746931,-0.637860761607055,51.1666445713171,0.526408753566023,-0.00107123285067211,0.000554617666947011,"s__Firmicutes_bacterium_AM41_11"
"fixed",NA,"ResponseResponder:Days",0.00589372211221408,0.00482785027255695,1.22077566193713,77.4899105535873,0.225872633132036,-0.00371878610882961,0.0155062303332578,"s__Clostridiaceae_bacterium_Marseille_Q4149"
"fixed",NA,"ResponseResponder:Days",-0.00131169599489343,0.00143390860205873,-0.914769597595107,56.1307375892041,0.364225688502381,-0.00418401246033064,0.00156062047054379,"s__Clostridium_sp_AF36_4"
"fixed",NA,"ResponseResponder:Days",-0.00382690983492928,0.00191740708888682,-1.99587758755552,72.0707197396869,0.0497267688118282,-0.00764912693134721,-4.69273851135335e-06,"s__Faecalibacterium_SGB15346"
"fixed",NA,"ResponseResponder:Days",0.00209034743868027,0.00195727112451606,1.067990741036,54.0820579495353,0.290268789207876,-0.00183360854543294,0.00601430342279348,"s__Sutterella_sp_AM11_39"
"fixed",NA,"ResponseResponder:Days",-0.00137516973176443,0.00035503916423549,-3.87329024595243,80.3006009004339,0.000217901804996207,-0.00208167958407854,-0.000668659879450313,"s__Clostridium_perfringens"
"fixed",NA,"ResponseResponder:Days",-0.00376063569308603,0.00296743477987097,-1.26730188599109,64.2652042740632,0.209620460930742,-0.00968829703632577,0.00216702565015372,"s__GGB9715_SGB15260"
"fixed",NA,"ResponseResponder:Days",-0.00110256359043474,0.0014418588593172,-0.764682051443554,45.0884503547117,0.448444735259558,-0.0040064591754394,0.00180133199456992,"s__Oscillibacter_sp_MSJ_31"
"fixed",NA,"ResponseResponder:Days",0.000601941818637822,0.00141747943910063,0.42465647263268,51.0256697648631,0.67287243573419,-0.00224373213902266,0.0034476157762983,"s__Lachnospira_eligens"
"fixed",NA,"ResponseResponder:Days",0.00830565886341869,0.0075032918647533,1.10693533093581,81.4980986787426,0.271578456465762,-0.00662215526963833,0.0232334729964757,"s__GGB9342_SGB14306"
"fixed",NA,"ResponseResponder:Days",-0.00115486431497463,0.00232824595124302,-0.496023332224871,68.5710148009284,0.621464147972287,-0.00580010634977113,0.00349037771982188,"s__Oscillibacter_valericigenes"
"fixed",NA,"ResponseResponder:Days",-0.000566529074089142,0.000363509737439904,-1.558497656979,64.7577270292274,0.123989433938185,-0.00129255964398003,0.000159501495801743,"s__GGB1116_SGB1430"
"fixed",NA,"ResponseResponder:Days",0.00174602473750301,0.00219716386798081,0.794672060171648,70.373324037804,0.429476177770812,-0.00263567175821528,0.0061277212332213,"s__GGB9602_SGB15031"
"fixed",NA,"ResponseResponder:Days",0.0143566181502903,0.00740730240414774,1.93817092471495,71.4867724598832,0.0565519079296977,-0.000411380719010368,0.0291246170195909,"s__Roseburia_faecis"
"fixed",NA,"ResponseResponder:Days",0.000932141438336041,0.00252148904934517,0.369678955606854,47.228980832987,0.7132742072874,-0.00413979111692544,0.00600407399359752,"s__Phocaeicola_massiliensis"
"fixed",NA,"ResponseResponder:Days",-0.0025849824472441,0.00441334054692127,-0.585720140959296,64.5240579660336,0.560106771376739,-0.0114002648327935,0.00623029993830526,"s__Barnesiella_intestinihominis"
"fixed",NA,"ResponseResponder:Days",0.00843245540347341,0.00373800485926072,2.25587063713479,76.5114623042699,0.0269354472661805,0.000988378257958566,0.0158765325489883,"s__GGB9715_SGB15267"
"fixed",NA,"ResponseResponder:Days",0.00574842404736208,0.00530778580518451,1.08301733686148,58.6106469859574,0.283236181676102,-0.00487390725754111,0.0163707553522653,"s__Candidatus_Cibionibacter_quicibialis"
"fixed",NA,"ResponseResponder:Days",0.00103797455726986,0.000629971091779718,1.64765426670215,46.2451556528386,0.106202664539872,-0.000229910101052714,0.00230585921559244,"s__Gemmiger_SGB15295"
"fixed",NA,"ResponseResponder:Days",-0.000207521027549408,0.000264524968295306,-0.784504498334311,79.4356911637825,0.435077443269667,-0.000733999906970767,0.00031895785187195,"s__GGB13489_SGB15224"
"fixed",NA,"ResponseResponder:Days",-0.0122736934207097,0.0183287951426342,-0.669639947699572,51.6311081418785,0.506071130913635,-0.049059367545376,0.0245119807039565,"s__Bacteroides_clarus"
"fixed",NA,"ResponseResponder:Days",-0.000266397043537721,0.000108450287622168,-2.45639775955068,83.9999999988747,0.0160933532033237,-0.000482062333889504,-5.07317531859392e-05,"s__GGB9184_SGB14123"
"fixed",NA,"ResponseResponder:Days",0.00132270602682171,0.00427322111301707,0.309533719842506,76.8863664683553,0.7577528977196,-0.00718656499641628,0.0098319770500597,"s__GGB9708_SGB15234"
"fixed",NA,"ResponseResponder:Days",-0.00552332940138925,0.00390570042500016,-1.41417128821113,59.8481588932868,0.162492905664478,-0.0133363011578828,0.00228964235510433,"s__GGB9758_SGB15368"
"fixed",NA,"ResponseResponder:Days",0.000767207634056736,0.000999909220875162,0.767277286817341,51.6111414179933,0.446412640116649,-0.00123961690925861,0.00277403217737208,"s__Oscillospiraceae_unclassified_SGB15256"
"fixed",NA,"ResponseResponder:Days",-0.00125329069307775,0.000294616157740581,-4.25397813442843,81.3760344753543,5.57497694666245e-05,-0.0018394433725129,-0.000667138013642592,"s__Sutterella_SGB9281"
"fixed",NA,"ResponseResponder:Days",-9.25940466875174e-05,0.000180951692895343,-0.511705887941434,52.4905611347513,0.61100296885617,-0.000455619426378585,0.00027043133300355,"s__GGB9502_SGB14899"
"fixed",NA,"ResponseResponder:Days",0.00211380767536692,0.000897756301945174,2.35454507062431,52.4221718258029,0.02232480348472,0.000312673123123572,0.00391494222761027,"s__Lawsonibacter_asaccharolyticus"
"fixed",NA,"ResponseResponder:Days",0.00178875241263983,0.00161219544657324,1.10951337596311,72.4935571354335,0.27087580239979,-0.00142472668496188,0.00500223151024154,"s__Kineothrix_SGB4886"
"fixed",NA,"ResponseResponder:Days",-0.00010542552804876,0.000538636619019134,-0.195726625940772,79.0952334820881,0.845326105218564,-0.00117753482840609,0.000966683772308574,"s__GGB9627_SGB15081"
"fixed",NA,"ResponseResponder:Days",0.000205313607173383,0.000301650577110556,0.680633894819748,83.3502540391538,0.497989592447031,-0.000394619974898767,0.000805247189245533,"s__GGB9775_SGB15395"
"fixed",NA,"ResponseResponder:Days",-0.000347298233688297,0.000621050319257436,-0.559211102416864,76.04729418451,0.577660866467479,-0.00158421470363921,0.000889618236262618,"s__GGB9691_SGB15198"
"fixed",NA,"ResponseResponder:Days",0.000364590046426875,0.000626968878257197,0.581512191546631,82.9678235139227,0.562471905841258,-0.000882432988045726,0.00161161308089948,"s__Lachnospiraceae_bacterium"
"fixed",NA,"ResponseResponder:Days",0.00129956552413158,0.000843914406218229,1.53992574905224,49.2370524824203,0.129981182845635,-0.000396137464521213,0.00299526851278437,"s__Alistipes_communis"
"fixed",NA,"ResponseResponder:Days",0.000117680758531035,0.000131026164941034,0.898147011965088,72.7256025473537,0.372071098833074,-0.000143470611603655,0.000378832128665724,"s__Vescimonas_fastidiosa"
"fixed",NA,"ResponseResponder:Days",-0.000247081979588609,0.000139926467690198,-1.76579873463008,44.1523710521914,0.08434404309536,-0.000529057760509359,3.48938013321404e-05,"s__Coprobacter_fastidiosus"
"fixed",NA,"ResponseResponder:Days",-0.000226385596828596,0.000132890610652536,-1.70354847281511,59.5604677774616,0.0936784353379718,-0.000492246748823003,3.94755551658117e-05,"s__GGB3619_SGB4894"
"fixed",NA,"ResponseResponder:Days",-0.000112035839494105,9.79673417814151e-05,-1.14360395471462,54.7808136943694,0.257760845883152,-0.000308384438138075,8.43127591498646e-05,"s__GGB3052_SGB4053"
"fixed",NA,"ResponseResponder:Days",-0.000355355520411605,0.000150759876750863,-2.3570961191408,75.0690147140129,0.0210270493017308,-0.00065568007005664,-5.50309707665694e-05,"s__GGB9760_SGB15374"
"fixed",NA,"ResponseResponder:Days",-0.000520776292175875,0.00102708036841731,-0.507045318155939,44.4447844778443,0.614629679547372,-0.00259013583686605,0.0015485832525143,"s__GGB3612_SGB4882"
"fixed",NA,"ResponseResponder:Days",-0.000383950233379571,0.00123361529419618,-0.311239845343967,83.1571816167073,0.756397195025281,-0.00283749285227851,0.00206959238551936,"s__Roseburia_inulinivorans"
"fixed",NA,"ResponseResponder:Days",9.74965724159652e-05,8.56860375757689e-05,1.1378349982604,69.7493971512239,0.259082869077254,-7.34096364864905e-05,0.000268402781318421,"s__Butyricimonas_faecalis"
"fixed",NA,"ResponseResponder:Days",0.000829664564940065,0.000674188579494673,1.23061201298,47.4780970246509,0.224530137800119,-0.000526267481912843,0.00218559661179297,"s__Clostridiales_bacterium_KLE1615"
"fixed",NA,"ResponseResponder:Days",-9.32389290142998e-05,4.08629758515491e-05,-2.28174593433986,82.6638651986543,0.0250750804626328,-0.00017451863230296,-1.19592257256397e-05,"s__Paeniclostridium_sordellii"
"fixed",NA,"ResponseResponder:Days",-1.53079224828658e-05,0.000109810311911082,-0.13940332393611,77.1754163267813,0.889494597852727,-0.000233960257467504,0.000203344412501772,"s__GGB3730_SGB5060"
"fixed",NA,"ResponseResponder:Days",-0.000108735298902626,2.9567509623579e-05,-3.67752645680765,82.4487691519095,0.00041836177854794,-0.000167549701589267,-4.99208962159854e-05,"s__GGB9185_SGB14124"
"fixed",NA,"ResponseResponder:Days",-0.00011816401472763,2.84039138767597e-05,-4.16013142556079,83.3174725467713,7.69310832841365e-05,-0.000174655073661614,-6.16729557936457e-05,"s__GGB34228_SGB72916"
"fixed",NA,"ResponseResponder:Days",-6.47008236571096e-05,0.000546676387640105,-0.11835306064052,52.8896484905516,0.906236276483096,-0.00116124820687964,0.00103184655956542,"s__Butyricimonas_virosa"
"fixed",NA,"ResponseResponder:Days",-7.67602408695558e-05,3.07681733318668e-05,-2.49479356611836,83.3379858131777,0.0145772908482036,-0.000137953229899924,-1.5567251839188e-05,"s__GGB9608_SGB15043"
"fixed",NA,"ResponseResponder:Days",2.41044382232334e-05,0.00017698531961614,0.136194562777936,80.7319432046265,0.892006517805724,-0.000328058557387903,0.000376267433834369,"s__GGB9616_SGB15051"
"fixed",NA,"ResponseResponder:Days",-6.91665793312224e-05,2.81577277386355e-05,-2.45639775955068,83.9999999983982,0.0160933532033357,-0.000125161308912359,-1.31718497500861e-05,"s__GGB9383_SGB72489"
"fixed",NA,"ResponseResponder:Days",0.000242950809675549,0.000213038327262588,1.14040892452226,63.3421830798617,0.258409674477711,-0.000182727312999256,0.000668628932350354,"s__Frisingicoccus_SGB4674"
"fixed",NA,"ResponseResponder:Days",-9.51409012424582e-05,2.41196216613587e-05,-3.94454368224525,82.7935617798142,0.0001667031068924,-0.000143115627696793,-4.71661747881233e-05,"s__GGB79104_SGB105821"
"fixed",NA,"ResponseResponder:Days",-5.43731495610753e-05,4.60357551596632e-05,-1.18110693248098,52.1823612581578,0.242915534633664,-0.000146742966935134,3.79966678129829e-05,"s__GGB9064_SGB13983"
"fixed",NA,"ResponseResponder:Days",-0.000124259861141388,0.000105157373574605,-1.18165618745918,46.4998647443159,0.243350207837724,-0.000335869289301341,8.73495670185647e-05,"s__Lawsonibacter_SGB15145"
"fixed",NA,"ResponseResponder:Days",0.000654940633813662,0.000429585879051093,1.52458603914159,72.1189770068092,0.131735877366072,-0.000201399028582257,0.00151128029620958,"s__GGB9760_SGB15373"
"fixed",NA,"ResponseResponder:Days",-4.79982610150694e-05,4.61173628443979e-05,-1.04078503311253,83.9999999967221,0.300961735207378,-0.000139707694582918,4.37111725527789e-05,"s__Senegalimassilia_anaerobia"
"fixed",NA,"ResponseResponder:Days",7.53185829045316e-05,0.000104096988456755,0.723542381207513,44.401032833095,0.473141555513213,-0.000134421605996909,0.000285058771805972,"s__Blautia_luti"
"fixed",NA,"ResponseResponder:Days",0.000269476153795349,0.000236777619239524,1.13809807979675,71.9830994649622,0.258853369831588,-0.000202533296907257,0.000741485604497955,"s__GGB9707_SGB15229"
"fixed",NA,"ResponseResponder:Days",-0.000174588126177577,0.000158856543642966,-1.09903011971586,80.6438583018433,0.275025191815817,-0.00049068398007205,0.000141507727716897,"s__Clostridium_SGB6173"
"fixed",NA,"ResponseResponder:Days",0.0021369317370866,0.00123278143670086,1.73342303304421,81.2666255710246,0.0868131552531621,-0.00031579463892213,0.00458965811309534,"s__GGB3653_SGB4964"
"fixed",NA,"ResponseResponder:Days",0.000185031808140388,0.000504036111685978,0.367100300653986,48.873077736358,0.715128993549159,-0.000827933221130799,0.00119799683741158,"s__Candidatus_Borkfalkia_ceftriaxoniphila"
"fixed",NA,"ResponseResponder:Days",-8.47707219493259e-06,5.39490945787637e-05,-0.157130944664073,83.3784308335686,0.875521530448749,-0.00011577244952798,9.88183051381145e-05,"s__GGB9533_SGB14936"
"fixed",NA,"ResponseResponder:Days",-0.000758632453692641,0.00168227695071557,-0.450955743862479,74.2769866809615,0.653335213227033,-0.00411043476391307,0.00259316985652778,"s__Oscillospiraceae_bacterium"
"fixed",NA,"ResponseResponder:Days",-3.81322298714709e-05,1.55236381091823e-05,-2.45639775955068,83.999999997564,0.0160933532033566,-6.90026866820363e-05,-7.26177306090546e-06,"s__GGB4487_SGB6184"
"fixed",NA,"ResponseResponder:Days",-4.03870925074922e-05,1.54290346020413e-05,-2.61760334001382,83.9166871430237,0.0105025736601437,-7.10698649314557e-05,-9.70432008352867e-06,"s__GGB2977_SGB3959"
"fixed",NA,"ResponseResponder:Days",0.000300303245364837,0.00020296773208576,1.47956151590614,71.2396915413649,0.143399007226433,-0.000104379322455266,0.00070498581318494,"s__GGB3722_SGB5050"
"fixed",NA,"ResponseResponder:Days",0.00286884446999187,0.00247768525400209,1.15787284335569,82.060253506305,0.250274877908878,-0.00206000660069279,0.00779769554067653,"s__GGB87445_SGB15180"
"fixed",NA,"ResponseResponder:Days",-0.000563114334606436,0.00140709162371839,-0.400197346863843,53.2756777951737,0.690611391046053,-0.0033850418512529,0.00225881318204002,"s__Coprococcus_eutactus"
"fixed",NA,"ResponseResponder:Days",-3.61567969029876e-05,5.07324598073641e-05,-0.712695521570971,75.8707370994058,0.478220376184223,-0.000137202031560634,6.48884377546585e-05,"s__GGB2970_SGB3952"
"fixed",NA,"ResponseResponder:Days",-0.000750228374984036,0.00132937327464984,-0.564347417907623,68.2549925350067,0.574367626492446,-0.00340277201018773,0.00190231526021965,"s__Faecalicatena_fissicatena"
"fixed",NA,"ResponseResponder:Days",0.00142260475558773,0.00627607083589223,0.226671239504181,52.6714734078309,0.821556815160977,-0.011167432313834,0.0140126418250095,"s__Eubacterium_siraeum"
"fixed",NA,"ResponseResponder:Days",0.000439161242662746,0.000849261852232824,0.517109347968629,44.4182940844664,0.60764539218881,-0.001271958425714,0.0021502809110395,"s__Faecalibacterium_sp_CLA_AA_H233"
"fixed",NA,"ResponseResponder:Days",1.92928996210932e-05,3.03121490701386e-05,0.636474160128066,72.7151184160553,0.526465938353469,-4.1123113981874e-05,7.97089132240603e-05,"s__GGB33469_SGB15237"
"fixed",NA,"ResponseResponder:Days",-9.96972812702479e-06,3.47527122123218e-05,-0.286876260653117,44.0207590829517,0.775553069402614,-8.00082845762563e-05,6.00688283222068e-05,"s__Blautia_sp_OF03_15BH"
"fixed",NA,"ResponseResponder:Days",0.000165481924774152,0.000531633616827013,0.311270618592198,74.5118490732682,0.756464100146827,-0.0008937002847747,0.001224664134323,"s__GGB3000_SGB3991"
"fixed",NA,"ResponseResponder:Days",0.000385575583001272,0.000487356299312646,0.791157482821248,76.7023596634864,0.431291756910784,-0.000584934890827174,0.00135608605682972,"s__Faecalibacillus_intestinalis"
"fixed",NA,"ResponseResponder:Days",-7.28128874169767e-05,3.39378345573169e-05,-2.14547829485127,83.7494700518755,0.0348098543409864,-0.000140304943092392,-5.32083174156112e-06,"s__GGB9297_SGB14255"
"fixed",NA,"ResponseResponder:Days",1.32381462159314e-05,9.76010438508331e-05,0.135635293370055,75.0178817268354,0.892472902712641,-0.000181192343828153,0.000207668636260016,"s__Clostridiaceae_bacterium_Marseille_Q4143"
"fixed",NA,"ResponseResponder:Days",-0.000142023781663462,8.26303488930885e-05,-1.71878472699201,44.0285008819191,0.0926785304525697,-0.00030855126280157,2.45036994746469e-05,"s__Haemophilus_parainfluenzae"
"fixed",NA,"ResponseResponder:Days",0.000183532974438414,0.00012637115526497,1.45233280532721,83.6904895497798,0.150148015389433,-6.77835059981642e-05,0.000434849454874993,"s__Desulfovibrio_desulfuricans"
"fixed",NA,"ResponseResponder:Days",0.000473345229107141,0.00132243094330471,0.357935687684582,51.7362162329396,0.721847698681019,-0.00218062868650585,0.00312731914472013,"s__Intestinimonas_butyriciproducens"
"fixed",NA,"ResponseResponder:Days",-3.4586590033138e-05,4.96279524892603e-05,-0.696917529302114,61.1733504505942,0.488494424542959,-0.000133818127258501,6.46449471922253e-05,"s__GGB9522_SGB14921"
"fixed",NA,"ResponseResponder:Days",1.32508720124422e-05,3.16986912234908e-05,0.418025839584898,82.1334420191718,0.677019133997262,-4.98063888267848e-05,7.63081328516691e-05,"s__GGB3328_SGB4406"
"fixed",NA,"ResponseResponder:Days",9.11444180749125e-05,7.18599729002975e-05,1.26836143121528,82.7701154453862,0.208224774210962,-5.17880487030024e-05,0.000234076884852827,"s__GGB9597_SGB15022"
"fixed",NA,"ResponseResponder:Days",5.69316355954104e-05,0.000145663201144343,0.390844325458663,81.5373085820908,0.696931677339007,-0.000232863494192708,0.000346726765383529,"s__Anaeromassilibacillus_senegalensis"
"fixed",NA,"ResponseResponder:Days",0.000429705667951567,0.000393751996124937,1.09131044967509,69.9288582005791,0.278882193712242,-0.000355621972297471,0.00121503330820061,"s__GGB3819_SGB5184"
"fixed",NA,"ResponseResponder:Days",-3.75829728338674e-05,2.1826367575681e-05,-1.72190689557261,50.4042913543739,0.091218687768299,-8.14138115548108e-05,6.24786588707596e-06,"s__GGB51884_SGB49168"
"fixed",NA,"ResponseResponder:Days",7.69887139698341e-05,8.79813624602282e-05,0.875057078192403,83.999999998068,0.384038076660317,-9.79718739323283e-05,0.000251949301871996,"s__GGB3321_SGB4394"
"fixed",NA,"ResponseResponder:Days",4.95086209004983e-05,0.000130521617109229,0.37931357270165,62.1067490596239,0.705748854321493,-0.000211391453774678,0.000310408695575675,"s__Lachnospiraceae_bacterium_AM48_27BH"
"fixed",NA,"ResponseResponder:Days",-5.12154661683215e-06,4.64364537847102e-05,-0.110291510212575,83.068888637576,0.912444216074952,-9.74806528016344e-05,8.72375595679701e-05,"s__GGB9563_SGB14975"
"fixed",NA,"ResponseResponder:Days",-5.06628078536002e-06,3.91712589586229e-06,-1.29336685111694,44.0121497919138,0.202631567432506,-1.29606677482523e-05,2.82810617753228e-06,"s__GGB9616_SGB15052"
"fixed",NA,"ResponseResponder:Days",0.000191377590883798,9.601420724182e-05,1.99322159065269,44.5951060640192,0.0523768818300072,-2.05342177852377e-06,0.00038480860354612,"s__Fusicatenibacter_sp_CLA_AA_H277"
"fixed",NA,"ResponseResponder:Days",-5.30440756890912e-05,6.88305100714271e-05,-0.770647720524605,44.0607245445511,0.44502864233944,-0.000191757454195746,8.5669302817564e-05,"s__Colidextribacter_sp_210702_DFI_3_9"
"fixed",NA,"ResponseResponder:Days",-4.55542377596917e-06,0.00011881925861898,-0.0383391028433964,56.7522639912186,0.96955186236336,-0.000242509396584139,0.000233398549032201,"s__Clostridium_sp_AM33_3"
"fixed",NA,"ResponseResponder:Days",0.000623361905871091,0.000466894830158281,1.33512274200973,67.314261031833,0.18633391935349,-0.000308484107187814,0.00155520791893,"s__GGB9634_SGB15093"
"fixed",NA,"ResponseResponder:Days",-5.07069209690435e-06,4.13972770916264e-06,-1.22488541593718,83.867480719104,0.22404757762825,-1.33031846929387e-05,3.16180049912997e-06,"s__Hafnia_alvei"
"fixed",NA,"ResponseResponder:Days",0.000480135164982152,0.000514846025935095,0.932580112879576,52.6469353806394,0.355294140719084,-0.000552676875592507,0.00151294720555681,"s__Clostridium_sp_AF27_2AA"
"fixed",NA,"ResponseResponder:Days",-0.000940744067540227,0.00075190931118817,-1.25114033506735,79.9017228779822,0.214534234745307,-0.00243711953841314,0.000555631403332682,"c__CFGB3072"
"fixed",NA,"ResponseResponder:Days",0.000153759180263279,0.000388508049173044,0.39576832601168,46.9721509422572,0.694067876447631,-0.000627830434459455,0.000935348794986013,"c__CFGB3057"
"fixed",NA,"ResponseResponder:Days",-0.000940744067540227,0.00075190931118817,-1.25114033506735,79.9017228779822,0.214534234745307,-0.00243711953841314,0.000555631403332682,"o__OFGB3072"
"fixed",NA,"ResponseResponder:Days",-1.73516144674307e-06,4.46088028918096e-05,-0.0388972878503686,82.9641376820631,0.969065727281295,-9.04608434366251e-05,8.69905205431389e-05,"o__Micrococcales"
"fixed",NA,"ResponseResponder:Days",-2.57533888699393e-05,0.000139981545271739,-0.183977029400165,67.0892368999934,0.854586424228843,-0.000305150891329929,0.00025364411359005,"o__Actinomycetales"
"fixed",NA,"ResponseResponder:Days",0.000153759180263279,0.000388508049173044,0.39576832601168,46.9721509422572,0.694067876447631,-0.000627830434459455,0.000935348794986013,"o__OFGB3057"
"fixed",NA,"ResponseResponder:Days",-0.00123760373839059,0.00152987090474252,-0.808959589043811,78.8933474826268,0.420971328820605,-0.00428279961128935,0.00180759213450817,"f__Turicibacteraceae"
"fixed",NA,"ResponseResponder:Days",-0.000940744067540227,0.00075190931118817,-1.25114033506735,79.9017228779822,0.214534234745307,-0.00243711953841314,0.000555631403332682,"f__FGB3072"
"fixed",NA,"ResponseResponder:Days",-3.216401239498e-06,4.46027787951017e-05,-0.0721121267863972,82.9598451740768,0.942686246434222,-9.19301693809354e-05,8.54973669019394e-05,"f__Micrococcaceae"
"fixed",NA,"ResponseResponder:Days",-2.57533888699393e-05,0.000139981545271739,-0.183977029400165,67.0892368999934,0.854586424228843,-0.000305150891329929,0.00025364411359005,"f__Actinomycetaceae"
"fixed",NA,"ResponseResponder:Days",-3.54940573280537e-05,0.000186825016058164,-0.189985570867038,56.1014493437774,0.850006199063306,-0.000409734602724729,0.000338746488068622,"f__Christensenellaceae"
"fixed",NA,"ResponseResponder:Days",0.000153759180263279,0.000388508049173044,0.39576832601168,46.9721509422572,0.694067876447631,-0.000627830434459455,0.000935348794986013,"f__FGB3057"
"fixed",NA,"ResponseResponder:Days",-0.00123760373839059,0.00152987090474252,-0.808959589043811,78.8933474826268,0.420971328820605,-0.00428279961128935,0.00180759213450817,"g__Turicibacter"
"fixed",NA,"ResponseResponder:Days",0.000756736048778895,0.00101406262022486,0.746241931894794,56.506482637746,0.458614758684187,-0.00127427375499313,0.00278774585255092,"g__Lachnoclostridium"
"fixed",NA,"ResponseResponder:Days",0.000282058380505926,0.00030979660459825,0.910463111342696,70.8140317655076,0.365667069605988,-0.000335686617837832,0.000899803378849683,"g__Romboutsia"
"fixed",NA,"ResponseResponder:Days",6.08491212770423e-05,0.000323711017224507,0.187973587673233,50.4529834752788,0.851651348822999,-0.000589198984650682,0.000710897227204767,"g__Erysipelatoclostridium"
"fixed",NA,"ResponseResponder:Days",-0.000162612308399084,0.000146797876509865,-1.10772929598989,83.1593882413466,0.271172462695993,-0.000454579104697533,0.000129354487899364,"g__Lentihominibacter"
"fixed",NA,"ResponseResponder:Days",-5.71826636564267e-05,0.000151726569448356,-0.376879697895564,78.7870665415412,0.70727617901959,-0.000359199537258643,0.00024483420994579,"g__Slackia"
"fixed",NA,"ResponseResponder:Days",-0.000107216622407148,0.000587293246318407,-0.182560625512488,73.7284710930871,0.855643837496491,-0.00127749557296378,0.00106306232814948,"g__GGB3537"
"fixed",NA,"ResponseResponder:Days",-0.000116275849285583,0.000154772877474339,-0.751267606980182,73.1765012037171,0.454900953130374,-0.000424725215422374,0.000192173516851207,"g__GGB9365"
"fixed",NA,"ResponseResponder:Days",-0.000104777228703552,7.19233570564698e-05,-1.45679001914896,82.9792902580415,0.148948121706685,-0.000247830421149803,3.82759637426984e-05,"g__Wansuia"
"fixed",NA,"ResponseResponder:Days",-0.00017764078036062,0.000294870424055595,-0.602436751429256,77.8824066240145,0.548633516210507,-0.000764696661262788,0.000409415100541548,"g__Emergencia"
"fixed",NA,"ResponseResponder:Days",0.000172644173895089,0.000994262312888944,0.173640468573581,48.8704591083528,0.862865282120719,-0.00182553472282861,0.00217082307061879,"g__Sellimonas"
"fixed",NA,"ResponseResponder:Days",-3.49445343383024e-05,3.6417764103304e-05,-0.959546397169729,83.6880797838755,0.340047630804685,-0.000107369196006393,3.74801273297886e-05,"g__GGB45491"
"fixed",NA,"ResponseResponder:Days",-3.216401239498e-06,4.46027787951017e-05,-0.0721121267863972,82.9598451740768,0.942686246434222,-9.19301693809354e-05,8.54973669019394e-05,"g__Rothia"
"fixed",NA,"ResponseResponder:Days",-7.11493845059637e-05,0.000192960731924897,-0.36872468194024,83.8354579129823,0.71326247718171,-0.000454883965153464,0.000312585196141537,"g__Gordonibacter"
"fixed",NA,"ResponseResponder:Days",-0.00022475762300784,0.000410613741570093,-0.547369949550199,49.4963592228748,0.586584389885062,-0.00104970757342491,0.000600192327409229,"g__GGB3005"
"fixed",NA,"ResponseResponder:Days",-1.99694902611526e-05,2.31293559885635e-05,-0.863382891898359,83.7504848059221,0.390392819811547,-6.59667533539615e-05,2.60277728316562e-05,"g__Amedibacillus"
"fixed",NA,"ResponseResponder:Days",-8.60553976075465e-05,0.00011140877346048,-0.772429270465607,82.9051706114615,0.442056705398725,-0.000307646715614647,0.000135535920399554,"g__GGB2980"
"fixed",NA,"ResponseResponder:Days",-5.94480195155439e-05,8.84581063788389e-05,-0.672047163896391,56.2490236916724,0.504304826929131,-0.000236633589729186,0.000117737550698098,"g__Schaalia"
"fixed",NA,"ResponseResponder:Days",-3.88231763073383e-05,2.93294848652027e-05,-1.32369103943585,51.9047998028744,0.19140630006972,-9.7679662918407e-05,2.00333103037303e-05,"g__Christensenella"
"fixed",NA,"ResponseResponder:Days",5.61654986566049e-06,2.80110885452122e-05,0.200511660108993,83.9999999980033,0.841565118381163,-5.00865715978804e-05,6.13196713292014e-05,"g__Zhenpiania"
"fixed",NA,"ResponseResponder:Days",-0.000135091623446528,0.000218862264115517,-0.617244932526264,73.6912271792477,0.538975785552472,-0.000571214567716559,0.000301031320823503,"g__Coprobacillus"
"fixed",NA,"ResponseResponder:Days",0.00142948744367365,0.000990547119277561,1.44312917159986,74.0899453001667,0.153198895584196,-0.000544180963416368,0.00340315585076368,"g__GGB32900"
"fixed",NA,"ResponseResponder:Days",0.000160210417503461,0.000388416349850542,0.412470838483261,46.972568249575,0.68187090835465,-0.000621194535727316,0.000941615370734237,"g__GGB9719"
"fixed",NA,"ResponseResponder:Days",1.67128961161577e-05,5.17341243135194e-05,0.323053619596885,83.8335107912215,0.747459039806096,-8.61690687824376e-05,0.000119594861014753,"g__Actinomyces"
"fixed",NA,"ResponseResponder:Days",0.00021726002286324,0.000214394582740086,1.01336526364861,54.4473658050105,0.315367922903047,-0.000212494365614351,0.000647014411340832,"g__GGB9534"
"fixed",NA,"ResponseResponder:Days",-0.000181600391485182,0.000307530602466349,-0.590511610970662,83.6587437246891,0.556439578319993,-0.000793195170228685,0.000429994387258321,"g__GGB9781"
"fixed",NA,"ResponseResponder:Days",-0.000501635800730751,0.00133904119730325,-0.3746231271607,52.003105267285,0.709464166215726,-0.00318861472204877,0.00218534312058727,"g__GGB9469"
"fixed",NA,"ResponseResponder:Days",-5.82913557484276e-07,6.75150692698933e-07,-0.86338289183125,83.750484804466,0.390392819848264,-1.92558319578844e-06,7.59756080819889e-07,"g__GGB50802"
"fixed",NA,"ResponseResponder:Days",-0.00474745487553909,0.00701712151931242,-0.676553037092662,82.4545052963407,0.500583096500068,-0.0187055929977299,0.00921068324665166,"s__Bifidobacterium_pseudocatenulatum"
"fixed",NA,"ResponseResponder:Days",-0.00574519490605299,0.0048478522651208,-1.18510106988787,78.6101993507675,0.239547825553111,-0.0153953474986034,0.0039049576864974,"s__Bifidobacterium_longum"
"fixed",NA,"ResponseResponder:Days",-0.0010841511083264,0.00133516669263593,-0.811996819802357,82.7677482324191,0.419122679498078,-0.00373985416780103,0.00157155195114822,"s__Blautia_hydrogenotrophica"
"fixed",NA,"ResponseResponder:Days",-0.000181035171891801,0.00076002247839709,-0.238197128423898,82.0174799999084,0.812322300212996,-0.00169295716765642,0.00133088682387282,"s__Clostridium_saudiense"
"fixed",NA,"ResponseResponder:Days",-0.00136839223024864,0.00151956536540912,-0.900515543061366,78.3382066492208,0.370606020402466,-0.00439340877817499,0.00165662431767771,"s__Turicibacter_sanguinis"
"fixed",NA,"ResponseResponder:Days",-2.02996560311947e-05,0.000339313320655964,-0.0598256973582741,80.8897257799469,0.952442017565269,-0.000695440682076398,0.000654841370014009,"s__Anaerostipes_caccae"
"fixed",NA,"ResponseResponder:Days",-0.000163306558185372,0.000157625192272702,-1.03604351455978,83.6895196887218,0.303166217127064,-0.000476778530483984,0.000150165414113241,"s__Coprococcus_SGB106014"
"fixed",NA,"ResponseResponder:Days",-0.000254155325992599,0.000358613782199182,-0.708716002028712,49.8093438376409,0.481804698597859,-0.000974520624363206,0.000466209972378008,"s__Clostridium_scindens"
"fixed",NA,"ResponseResponder:Days",0.000268085732610438,0.000308450128012367,0.869138017020663,70.6003351282484,0.387716834440886,-0.00034700669522986,0.000883178160450737,"s__Romboutsia_timonensis"
"fixed",NA,"ResponseResponder:Days",-0.000558887148257142,0.000439757116471456,-1.27089961099792,52.1671647940587,0.209402526161123,-0.00144125705933267,0.000323482762818385,"s__GGB3433_SGB4573"
"fixed",NA,"ResponseResponder:Days",0.000298778367003742,0.000304312051338657,0.981815756850336,84.000000000052,0.329010052531337,-0.000306379520065515,0.000903936254072999,"s__Erysipelatoclostridium_ramosum"
"fixed",NA,"ResponseResponder:Days",2.52018578011476e-05,0.000370684029817751,0.0679874388263726,51.7928739746564,0.946057427708002,-0.000718700878197142,0.000769104593799437,"s__Blautia_hansenii"
"fixed",NA,"ResponseResponder:Days",-9.18304984443561e-05,9.87756616563968e-05,-0.929687505043497,83.8477972778418,0.355201775486352,-0.000288261943672711,0.000104600946783999,"s__Lentihominibacter_faecis"
"fixed",NA,"ResponseResponder:Days",-7.08775869187055e-05,0.000151224443997162,-0.468691337493267,78.666039990953,0.640586506360744,-0.000371902183509933,0.000230147009672522,"s__Slackia_isoflavoniconvertens"
"fixed",NA,"ResponseResponder:Days",-0.000107216622407148,0.000587293246318407,-0.182560625512488,73.7284710930871,0.855643837496491,-0.00127749557296378,0.00106306232814948,"s__GGB3537_SGB4727"
"fixed",NA,"ResponseResponder:Days",0.000118558443714912,0.000749944134984811,0.158089700531245,68.8282114834995,0.874849022922534,-0.0013776057898356,0.00161472267726542,"s__Blautia_producta"
"fixed",NA,"ResponseResponder:Days",-0.000116275849285583,0.000154772877474339,-0.751267606980182,73.1765012037171,0.454900953130374,-0.000424725215422374,0.000192173516851207,"s__GGB9365_SGB14341"
"fixed",NA,"ResponseResponder:Days",-3.98622267937642e-05,0.000756319729557433,-0.0527055228574956,45.6976056629119,0.958196269841165,-0.00156252678417827,0.00148280233059074,"s__Vescimonas_coprocola"
"fixed",NA,"ResponseResponder:Days",-0.000104777228703552,7.19233570564698e-05,-1.45679001914896,82.9792902580415,0.148948121706685,-0.000247830421149803,3.82759637426984e-05,"s__Wansuia_hejianensis"
"fixed",NA,"ResponseResponder:Days",0.000663433654713407,0.00105230578015757,0.630457104031177,47.7304771913528,0.531402659121637,-0.00145267761744547,0.00277954492687229,"s__Streptococcus_parasanguinis"
"fixed",NA,"ResponseResponder:Days",-0.00017764078036062,0.000294870424055595,-0.602436751429256,77.8824066240145,0.548633516210507,-0.000764696661262788,0.000409415100541548,"s__Emergencia_timonensis"
"fixed",NA,"ResponseResponder:Days",0.000172644173895089,0.000994262312888944,0.173640468573581,48.8704591083528,0.862865282120719,-0.00182553472282861,0.00217082307061879,"s__Sellimonas_intestinalis"
"fixed",NA,"ResponseResponder:Days",-9.55677789337962e-05,0.000120586577044457,-0.792524186987769,81.0391382066554,0.43036909069133,-0.000335495485499872,0.00014435992763228,"s__Frisingicoccus_caecimuris"
"fixed",NA,"ResponseResponder:Days",-3.49445343383024e-05,3.6417764103304e-05,-0.959546397169729,83.6880797838755,0.340047630804685,-0.000107369196006393,3.74801273297886e-05,"s__GGB45491_SGB63163"
"fixed",NA,"ResponseResponder:Days",-3.216401239498e-06,4.46027787951017e-05,-0.0721121267863972,82.9598451740768,0.942686246434222,-9.19301693809354e-05,8.54973669019394e-05,"s__Rothia_mucilaginosa"
"fixed",NA,"ResponseResponder:Days",-3.71331276309318e-05,4.07691760022965e-05,-0.910813788064789,82.0956359249452,0.365060105361272,-0.000118234591506695,4.39683362448319e-05,"s__Lentihominibacter_hominis"
"fixed",NA,"ResponseResponder:Days",-4.85056052247501e-05,0.000179872777848205,-0.269666181870411,83.8246530473476,0.788079809639997,-0.000406213282516571,0.000309202072067071,"s__Gordonibacter_pamelaeae"
"fixed",NA,"ResponseResponder:Days",-0.00022475762300784,0.000410613741570093,-0.547369949550199,49.4963592228748,0.586584389885062,-0.00104970757342491,0.000600192327409229,"s__GGB3005_SGB3996"
"fixed",NA,"ResponseResponder:Days",-0.000149691238180456,0.000106997106300491,-1.39902136941968,47.3270489538266,0.168326402253075,-0.000364902393607211,6.55199172462987e-05,"s__Clostridium_innocuum"
"fixed",NA,"ResponseResponder:Days",-1.99694902611526e-05,2.31293559885635e-05,-0.863382891898359,83.7504848059221,0.390392819811547,-6.59667533539615e-05,2.60277728316562e-05,"s__Amedibacillus_dolichus"
"fixed",NA,"ResponseResponder:Days",-8.60553976075465e-05,0.00011140877346048,-0.772429270465607,82.9051706114615,0.442056705398725,-0.000307646715614647,0.000135535920399554,"s__GGB2980_SGB3962"
"fixed",NA,"ResponseResponder:Days",-3.76470396563238e-05,2.91817538014046e-05,-1.29008831725912,51.8264489387428,0.202746730719664,-9.62091805528964e-05,2.09151012402487e-05,"s__Christensenella_minuta"
"fixed",NA,"ResponseResponder:Days",5.61654986566049e-06,2.80110885452122e-05,0.200511660108993,83.9999999980033,0.841565118381163,-5.00865715978804e-05,6.13196713292014e-05,"s__Zhenpiania_hominis"
"fixed",NA,"ResponseResponder:Days",-0.000135091623446528,0.000218862264115517,-0.617244932526264,73.6912271792477,0.538975785552472,-0.000571214567716559,0.000301031320823503,"s__Coprobacillus_cateniformis"
"fixed",NA,"ResponseResponder:Days",0.00142948744367365,0.000990547119277561,1.44312917159986,74.0899453001667,0.153198895584196,-0.000544180963416368,0.00340315585076368,"s__GGB32900_SGB53446"
"fixed",NA,"ResponseResponder:Days",-7.66719364770826e-06,8.88040951444329e-06,-0.86338289188558,83.750484806236,0.390392819818522,-2.53276305837683e-05,9.99324328835176e-06,"s__Schaalia_SGB17158"
"fixed",NA,"ResponseResponder:Days",0.000236956489709771,0.000361577539410668,0.655340732989068,46.5450162671478,0.515474518848547,-0.000490631438072841,0.000964544417492383,"s__GGB9719_SGB15272"
"fixed",NA,"ResponseResponder:Days",-5.56118337518312e-06,6.4411553988913e-06,-0.86338289185514,83.7504848053119,0.390392819835183,-1.8370684843836e-05,7.24831809346981e-06,"s__Schaalia_SGB17153"
"fixed",NA,"ResponseResponder:Days",-3.3330919236319e-06,5.99806231067456e-06,-0.555694781246287,83.6724647755147,0.579902373628982,-1.52615788351232e-05,8.5953949878594e-06,"s__Actinomyces_oris"
"fixed",NA,"ResponseResponder:Days",0.00021726002286324,0.000214394582740086,1.01336526364861,54.4473658050105,0.315367922903047,-0.000212494365614351,0.000647014411340832,"s__GGB9534_SGB14937"
"fixed",NA,"ResponseResponder:Days",-5.87236349963931e-05,6.61392085794348e-05,-0.887879311798304,83.4675847145562,0.377157105505777,-0.000190260963209933,7.28136932171463e-05,"s__GGB9781_SGB15402"
"fixed",NA,"ResponseResponder:Days",-0.000974852644781377,0.000887923244403827,-1.09790193119217,47.8504795524417,0.277741364903261,-0.00276028611068336,0.000810580821120607,"s__Enterocloster_clostridioformis"
"fixed",NA,"ResponseResponder:Days",-0.000599482974727056,0.00137107736568741,-0.437234972824818,50.9817473615005,0.66378753627605,-0.00335205956954475,0.00215309362009064,"s__Enterocloster_bolteae"
"fixed",NA,"ResponseResponder:Days",-0.000474960859347405,0.00133926300939641,-0.354643453910867,52.0019660224821,0.72429093020203,-0.00316238627986963,0.00221246456117482,"s__GGB9469_SGB14862"
"fixed",NA,"ResponseResponder:Days",-5.82913557484276e-07,6.75150692698933e-07,-0.86338289183125,83.750484804466,0.390392819848264,-1.92558319578844e-06,7.59756080819889e-07,"s__GGB50802_SGB106454"
"fixed",NA,"ResponseResponder:Days",-6.19712548006521e-05,0.000261061020902026,-0.237382258701537,84.0000000007166,0.812938264560594,-0.000581119724636904,0.0004571772150356,"o__Propionibacteriales"
"fixed",NA,"ResponseResponder:Days",-6.19712548006521e-05,0.000261061020902026,-0.237382258701537,84.0000000007166,0.812938264560594,-0.000581119724636904,0.0004571772150356,"f__Propionibacteriaceae"
"fixed",NA,"ResponseResponder:Days",-6.19712548006521e-05,0.000261061020902026,-0.237382258701537,84.0000000007166,0.812938264560594,-0.000581119724636904,0.0004571772150356,"g__Propionibacterium"
"fixed",NA,"ResponseResponder:Days",0.00551483059607845,0.00853464728351385,0.646169714210838,55.38295999999,0.520838132707836,-0.0115863268300577,0.0226159880222146,"s__Bacteroides_thetaiotaomicron"
"fixed",NA,"ResponseResponder:Days",-0.000121426437605496,0.000180544266064144,-0.672557707052047,78.0047461290681,0.503216176871625,-0.000480862116022055,0.000238009240811063,"s__Firmicutes_unclassified_SGB47660"
"fixed",NA,"ResponseResponder:Days",0.000129869153861253,0.000348368604072499,0.372792359423485,54.150932546764,0.710758226880907,-0.000568523263490992,0.000828261571213497,"s__Enterocloster_aldenensis"
"fixed",NA,"ResponseResponder:Days",0.00100301259965663,0.000986077509664908,1.0171741975917,75.0608611646862,0.312338042352616,-0.000961328425090658,0.00296735362440391,"s__Clostridium_symbiosum"
"fixed",NA,"ResponseResponder:Days",-0.000180084974148747,0.000227251265719051,-0.79244871784954,83.7450493257142,0.430338255617515,-0.000632019139760286,0.000271849191462792,"s__Bacteroides_acidifaciens"
"fixed",NA,"ResponseResponder:Days",-9.74198155139856e-07,1.05303729583519e-06,-0.925131672916864,44.0964312797426,0.35993279475497,-3.09632430124285e-06,1.14792799096314e-06,"s__Streptococcus_australis"
"fixed",NA,"ResponseResponder:Days",-1.91959983419702e-06,1.96441664912717e-06,-0.97718568769509,44.0056825228203,0.333818858299586,-5.87860701209422e-06,2.03940734370018e-06,"s__Streptococcus_mitis"
"fixed",NA,"ResponseResponder:Days",-0.000566391094803129,0.000841278963634856,-0.673250038674403,63.2363054522973,0.503241423733132,-0.00224743001716289,0.00111464782755663,"s__Firmicutes_unclassified_SGB47659"
"fixed",NA,"ResponseResponder:Days",-0.000526440433878747,0.00115378320291459,-0.456273269145278,77.5003865358802,0.649469579302268,-0.00282367960368238,0.00177079873592489,"s__Enterocloster_asparagiformis"
"fixed",NA,"ResponseResponder:Days",-6.19712548006521e-05,0.000261061020902026,-0.237382258701537,84.0000000007166,0.812938264560594,-0.000581119724636904,0.0004571772150356,"s__Propionibacterium_freudenreichii"
"fixed",NA,"ResponseResponder:Days",0.0039006404475192,0.00853617230627323,0.456954277346607,56.5116816877674,0.649455633186151,-0.013195951438824,0.0209972323338625,"p__Verrucomicrobia"
"fixed",NA,"ResponseResponder:Days",-0.000261295968722635,0.000376628235533477,-0.693776897402608,81.6343081817496,0.489791605814326,-0.00101057975988196,0.00048798782243669,"p__Bacteria_unclassified"
"fixed",NA,"ResponseResponder:Days",0.00117814306624334,0.00182398472028036,0.645917179647342,83.9999999983887,0.520093683470568,-0.00244905058092319,0.00480533671340986,"c__CFGB2983"
"fixed",NA,"ResponseResponder:Days",-0.000179853112349172,0.000300338728152395,-0.598834234451151,74.0993205904341,0.551109792041107,-0.000778277763748873,0.00041857153905053,"c__CFGB1011"
"fixed",NA,"ResponseResponder:Days",0.00052521482262365,0.00127905744475508,0.410626453704135,65.0885424040859,0.68269513500525,-0.0020291734129566,0.0030796030582039,"c__CFGB2979"
"fixed",NA,"ResponseResponder:Days",-0.000440677703532557,0.000319784511746756,-1.37804580067198,55.4624746396533,0.173723658862984,-0.00108142009383942,0.000200064686774301,"c__CFGB2898"
"fixed",NA,"ResponseResponder:Days",0.00375969910844327,0.00863234623147012,0.435536180735765,57.023518278696,0.664817501483651,-0.0135261215454354,0.0210455197623219,"c__Verrucomicrobiae"
"fixed",NA,"ResponseResponder:Days",-5.36504447436627e-06,1.6226963771663e-05,-0.330625282083589,44.6130224009651,0.742475338640886,-3.8055653604419e-05,2.73255646556864e-05,"c__CFGB1814"
"fixed",NA,"ResponseResponder:Days",0.000635695202868395,0.000533266344358598,1.1920782355635,74.5435216999467,0.237011767326923,-0.000426732467757838,0.00169812287349463,"c__CFGB3041"
"fixed",NA,"ResponseResponder:Days",0.000605446881469609,0.000474830712888335,1.27507944418075,62.712903821355,0.206984776297487,-0.000343511602237694,0.00155440536517691,"c__CFGB3069"
"fixed",NA,"ResponseResponder:Days",-0.000251734955011655,0.000359940339280645,-0.69937966807154,81.3167873371506,0.486310573158365,-0.000967861033449632,0.000464391123426321,"c__Bacteria_unclassified"
"fixed",NA,"ResponseResponder:Days",0.000226715901851676,0.000600597794687007,0.377483740128992,55.2329569224326,0.707260809929074,-0.000976794879864415,0.00143022668356777,"c__CFGB75721"
"fixed",NA,"ResponseResponder:Days",-4.94491908682421e-05,0.000119362242538411,-0.414278333052674,81.3894628333888,0.679760080668893,-0.000286925385843463,0.000188027004106979,"c__CFGB1292"
"fixed",NA,"ResponseResponder:Days",3.57731234432477e-05,3.98712225283851e-05,0.897216618270988,54.0600935124972,0.373581730543362,-4.41618297901054e-05,0.000115708076676601,"c__CFGB3004"
"fixed",NA,"ResponseResponder:Days",0.00117814306624334,0.00182398472028036,0.645917179647342,83.9999999983887,0.520093683470568,-0.00244905058092319,0.00480533671340986,"o__OFGB2983"
"fixed",NA,"ResponseResponder:Days",-0.000179853112349172,0.000300338728152395,-0.598834234451151,74.0993205904341,0.551109792041107,-0.000778277763748873,0.00041857153905053,"o__OFGB1011"
"fixed",NA,"ResponseResponder:Days",0.00052521482262365,0.00127905744475508,0.410626453704135,65.0885424040859,0.68269513500525,-0.0020291734129566,0.0030796030582039,"o__OFGB2979"
"fixed",NA,"ResponseResponder:Days",-0.000440677703532557,0.000319784511746756,-1.37804580067198,55.4624746396533,0.173723658862984,-0.00108142009383942,0.000200064686774301,"o__OFGB2898"
"fixed",NA,"ResponseResponder:Days",0.00375969910844327,0.00863234623147012,0.435536180735765,57.023518278696,0.664817501483651,-0.0135261215454354,0.0210455197623219,"o__Verrucomicrobiales"
"fixed",NA,"ResponseResponder:Days",-5.36504447436627e-06,1.6226963771663e-05,-0.330625282083589,44.6130224009651,0.742475338640886,-3.8055653604419e-05,2.73255646556864e-05,"o__OFGB1814"
"fixed",NA,"ResponseResponder:Days",0.000635695202868395,0.000533266344358598,1.1920782355635,74.5435216999467,0.237011767326923,-0.000426732467757838,0.00169812287349463,"o__OFGB3041"
"fixed",NA,"ResponseResponder:Days",0.000605446881469609,0.000474830712888335,1.27507944418075,62.712903821355,0.206984776297487,-0.000343511602237694,0.00155440536517691,"o__OFGB3069"
"fixed",NA,"ResponseResponder:Days",-0.000251734955011655,0.000359940339280645,-0.69937966807154,81.3167873371506,0.486310573158365,-0.000967861033449632,0.000464391123426321,"o__Bacteria_unclassified"
"fixed",NA,"ResponseResponder:Days",0.000226715901851676,0.000600597794687007,0.377483740128992,55.2329569224326,0.707260809929074,-0.000976794879864415,0.00143022668356777,"o__OFGB75721"
"fixed",NA,"ResponseResponder:Days",-4.94491908682421e-05,0.000119362242538411,-0.414278333052674,81.3894628333888,0.679760080668893,-0.000286925385843463,0.000188027004106979,"o__OFGB1292"
"fixed",NA,"ResponseResponder:Days",3.57731234432477e-05,3.98712225283851e-05,0.897216618270988,54.0600935124972,0.373581730543362,-4.41618297901054e-05,0.000115708076676601,"o__OFGB3004"
"fixed",NA,"ResponseResponder:Days",0.00117814306624334,0.00182398472028036,0.645917179647342,83.9999999983887,0.520093683470568,-0.00244905058092319,0.00480533671340986,"f__FGB2983"
"fixed",NA,"ResponseResponder:Days",-0.000179853112349172,0.000300338728152395,-0.598834234451151,74.0993205904341,0.551109792041107,-0.000778277763748873,0.00041857153905053,"f__FGB1011"
"fixed",NA,"ResponseResponder:Days",0.00052521482262365,0.00127905744475508,0.410626453704135,65.0885424040859,0.68269513500525,-0.0020291734129566,0.0030796030582039,"f__FGB2979"
"fixed",NA,"ResponseResponder:Days",-0.000440677703532557,0.000319784511746756,-1.37804580067198,55.4624746396533,0.173723658862984,-0.00108142009383942,0.000200064686774301,"f__FGB2898"
"fixed",NA,"ResponseResponder:Days",0.00375969910844327,0.00863234623147012,0.435536180735765,57.023518278696,0.664817501483651,-0.0135261215454354,0.0210455197623219,"f__Akkermansiaceae"
"fixed",NA,"ResponseResponder:Days",-5.36504447436627e-06,1.6226963771663e-05,-0.330625282083589,44.6130224009651,0.742475338640886,-3.8055653604419e-05,2.73255646556864e-05,"f__FGB1814"
"fixed",NA,"ResponseResponder:Days",0.000635695202868395,0.000533266344358598,1.1920782355635,74.5435216999467,0.237011767326923,-0.000426732467757838,0.00169812287349463,"f__FGB3041"
"fixed",NA,"ResponseResponder:Days",0.000605446881469609,0.000474830712888335,1.27507944418075,62.712903821355,0.206984776297487,-0.000343511602237694,0.00155440536517691,"f__FGB3069"
"fixed",NA,"ResponseResponder:Days",-0.000251734955011655,0.000359940339280645,-0.69937966807154,81.3167873371506,0.486310573158365,-0.000967861033449632,0.000464391123426321,"f__Bacteria_unclassified"
"fixed",NA,"ResponseResponder:Days",0.000226715901851676,0.000600597794687007,0.377483740128992,55.2329569224326,0.707260809929074,-0.000976794879864415,0.00143022668356777,"f__FGB75721"
"fixed",NA,"ResponseResponder:Days",-4.94491908682421e-05,0.000119362242538411,-0.414278333052674,81.3894628333888,0.679760080668893,-0.000286925385843463,0.000188027004106979,"f__FGB1292"
"fixed",NA,"ResponseResponder:Days",3.57731234432477e-05,3.98712225283851e-05,0.897216618270988,54.0600935124972,0.373581730543362,-4.41618297901054e-05,0.000115708076676601,"f__FGB3004"
"fixed",NA,"ResponseResponder:Days",-0.000758213584708836,0.000952282278179833,-0.796206757263262,81.0262177859844,0.428238505915765,-0.00265294731577371,0.00113652014635604,"g__GGB3247"
"fixed",NA,"ResponseResponder:Days",-0.000532662069548385,0.000897938816082928,-0.59320530531469,79.6468166251824,0.554724554525673,-0.0023197389159655,0.00125441477686873,"g__GGB3576"
"fixed",NA,"ResponseResponder:Days",0.00294693206608453,0.0017337424916661,1.69975188371404,70.4229790965682,0.0935908210908747,-0.000510543203825603,0.00640440733599467,"g__GGB33512"
"fixed",NA,"ResponseResponder:Days",-0.00177478612606911,0.00169999458306714,-1.04399516548284,69.337363950712,0.300113837432865,-0.00516588817071277,0.00161631591857454,"g__GGB9699"
"fixed",NA,"ResponseResponder:Days",0.00117814306624334,0.00182398472028036,0.645917179647342,83.9999999983887,0.520093683470568,-0.00244905058092319,0.00480533671340986,"g__GGB9343"
"fixed",NA,"ResponseResponder:Days",-0.000220966100387728,0.000297662758317341,-0.742337071781598,73.5403276976779,0.460247661220928,-0.00081413369885188,0.000372201498076424,"g__GGB2653"
"fixed",NA,"ResponseResponder:Days",0.00052521482262365,0.00127905744475508,0.410626453704135,65.0885424040859,0.68269513500525,-0.0020291734129566,0.0030796030582039,"g__GGB40351"
"fixed",NA,"ResponseResponder:Days",6.0998705760175e-05,0.000570491002454559,0.106923168810246,67.5759161710381,0.915166735473211,-0.00107752773913438,0.00119952515065473,"g__Neglectibacter"
"fixed",NA,"ResponseResponder:Days",-0.000306032339801325,0.000349675519991925,-0.875189489411191,64.1025788976897,0.384738337022882,-0.0010045679672524,0.000392503287649746,"g__GGB9453"
"fixed",NA,"ResponseResponder:Days",-0.00023527639147899,0.000544863476547523,-0.431807969529904,52.542076313422,0.66764782947067,-0.00132835651324505,0.000857803730287067,"g__GGB9531"
"fixed",NA,"ResponseResponder:Days",7.16297246755662e-05,7.50622663624955e-05,0.954270742767709,48.8967622906117,0.344640629008661,-7.9221603277658e-05,0.00022248105262879,"g__GGB9210"
"fixed",NA,"ResponseResponder:Days",-0.00114817420946859,0.00134922092315028,-0.850990515910272,67.7993408691664,0.397770213516713,-0.00384064693087636,0.00154429851193918,"g__Longicatena"
"fixed",NA,"ResponseResponder:Days",-0.000451041301832492,0.000359584522797722,-1.25434014323864,78.916155716034,0.213420964887485,-0.00116678821475603,0.000264705611091042,"g__GGB9782"
"fixed",NA,"ResponseResponder:Days",0.00375969910844327,0.00863234623147012,0.435536180735765,57.023518278696,0.664817501483651,-0.0135261215454354,0.0210455197623219,"g__Akkermansia"
"fixed",NA,"ResponseResponder:Days",-5.36504447436627e-06,1.6226963771663e-05,-0.330625282083589,44.6130224009651,0.742475338640886,-3.8055653604419e-05,2.73255646556864e-05,"g__GGB4802"
"fixed",NA,"ResponseResponder:Days",0.000635695202868395,0.000533266344358598,1.1920782355635,74.5435216999467,0.237011767326923,-0.000426732467757838,0.00169812287349463,"g__GGB9547"
"fixed",NA,"ResponseResponder:Days",0.000621431075173474,0.00047705429427454,1.30264224142136,64.2917752888654,0.197343774359213,-0.000331511144320989,0.00157437329466794,"g__GGB9770"
"fixed",NA,"ResponseResponder:Days",-0.000176917044550326,0.000567119006155507,-0.311957530306813,64.0553561406797,0.756085987551116,-0.00130984864461169,0.000956014555511037,"g__Eisenbergiella"
"fixed",NA,"ResponseResponder:Days",-3.50666581850112e-05,4.88303936731651e-05,-0.718131793483414,81.6510829438129,0.474725861504091,-0.000132212081689439,6.20787653194165e-05,"g__Yanshouia"
"fixed",NA,"ResponseResponder:Days",0.000887473537606413,0.00150810029349101,0.588471165635845,72.758960289789,0.558038490507239,-0.00211833377199349,0.00389328084720632,"g__Anaerotruncus"
"fixed",NA,"ResponseResponder:Days",-6.55663026693762e-05,9.73028175376012e-05,-0.673837657825675,59.748326720981,0.503013130975817,-0.000260217780550014,0.000129085175211261,"g__GGB9818"
"fixed",NA,"ResponseResponder:Days",-0.000187809093289148,0.000273655788170027,-0.686296805724641,79.1069589022316,0.494532653024623,-0.00073249586336281,0.000356877676784514,"g__Bacteria_unclassified"
"fixed",NA,"ResponseResponder:Days",0.000275768866604294,0.000499069481540122,0.552566079082366,49.6296987928672,0.583040822471443,-0.000726827034039767,0.00127836476724836,"g__GGB9524"
"fixed",NA,"ResponseResponder:Days",7.55979278649543e-05,5.63264578705823e-05,1.34213885841447,73.6791258069181,0.183672227592835,-3.66431113632502e-05,0.000187838967093159,"g__GGB3002"
"fixed",NA,"ResponseResponder:Days",-2.60910686458062e-06,0.000469203852175455,-0.00556071066442346,79.6233052827072,0.995577126293059,-0.00093642235063946,0.000931204136910299,"g__Adlercreutzia"
"fixed",NA,"ResponseResponder:Days",4.34466905376577e-05,0.000140495857672329,0.309238231343349,62.697955801032,0.758165654780488,-0.000237338350156499,0.000324231731231814,"g__Holdemania"
"fixed",NA,"ResponseResponder:Days",0.00011966063842483,7.51924655822879e-05,1.59139133819036,80.8072577051424,0.115426255076254,-2.99541917583664e-05,0.000269275468608026,"g__Provencibacterium"
"fixed",NA,"ResponseResponder:Days",8.55808569820881e-05,7.89033890424115e-05,1.08462840469485,81.3520314120606,0.281290148195661,-7.14018392600708e-05,0.000242563553224247,"g__Massilistercora"
"fixed",NA,"ResponseResponder:Days",-6.30570690405293e-06,9.25355530977929e-06,-0.681436128380729,44.8968704313381,0.499095659130217,-2.49445057010028e-05,1.2333091892897e-05,"g__GGB3441"
"fixed",NA,"ResponseResponder:Days",2.84299343377014e-06,9.39357273143651e-05,0.03026530495959,75.7717770348331,0.975935043437096,-0.000184255335147141,0.000189941322014681,"g__GGB3109"
"fixed",NA,"ResponseResponder:Days",-5.24520740375958e-06,4.05222654947796e-06,-1.2944013222645,44.1215306691906,0.202260696011242,-1.34112980903508e-05,2.92088328283168e-06,"g__GGB58071"
"fixed",NA,"ResponseResponder:Days",3.57731234432477e-05,3.98712225283851e-05,0.897216618270988,54.0600935124972,0.373581730543362,-4.41618297901054e-05,0.000115708076676601,"g__GGB58158"
"fixed",NA,"ResponseResponder:Days",-2.03640960293223e-05,0.00100252929802943,-0.0203127191089078,44.4801355188778,0.983884757401217,-0.00204021331639727,0.00199948512433862,"g__GGB3167"
"fixed",NA,"ResponseResponder:Days",0.000157620698729099,0.000170919432695064,0.922192966848355,57.1808327018694,0.360302773725617,-0.000184616105159857,0.000499857502618055,"g__GGB33586"
"fixed",NA,"ResponseResponder:Days",1.67954451706372e-05,1.21104562553276e-05,1.38685486463391,75.0156344953455,0.169593392231359,-7.3297384070184e-06,4.09206287482928e-05,"g__Anaerofilum"
"fixed",NA,"ResponseResponder:Days",-0.000758213584708836,0.000952282278179833,-0.796206757263262,81.0262177859844,0.428238505915765,-0.00265294731577371,0.00113652014635604,"s__GGB3247_SGB4294"
"fixed",NA,"ResponseResponder:Days",-0.000532662069548385,0.000897938816082928,-0.59320530531469,79.6468166251824,0.554724554525673,-0.0023197389159655,0.00125441477686873,"s__GGB3576_SGB4784"
"fixed",NA,"ResponseResponder:Days",0.00285792745045994,0.00173474765344594,1.64746004687362,70.4257438425143,0.103918597334728,-0.000601549966620863,0.00631740486754074,"s__GGB33512_SGB15201"
"fixed",NA,"ResponseResponder:Days",0.000807955816785839,0.000641761259325924,1.258966329059,48.8494468067371,0.214025652567241,-0.000481812264373489,0.00209772389794517,"s__GGB3550_SGB4747"
"fixed",NA,"ResponseResponder:Days",0.000690862038068104,0.000647858747347276,1.06637757211261,54.128084227959,0.290986469222961,-0.000607946158401437,0.00198967023453765,"s__Bilophila_wadsworthia"
"fixed",NA,"ResponseResponder:Days",8.1430253981077e-05,0.000225661089173882,0.36085199393118,46.0997091236094,0.719858476713342,-0.000372775448549106,0.00053563595651126,"s__Anaerotignum_lactatifermentans"
"fixed",NA,"ResponseResponder:Days",-0.000556287362260927,0.00128329149221533,-0.433484804999849,63.7481192443694,0.666125974629358,-0.00312015193192791,0.00200757720740606,"s__Phascolarctobacterium_succinatutens"
"fixed",NA,"ResponseResponder:Days",-0.00177478612606911,0.00169999458306714,-1.04399516548284,69.337363950712,0.300113837432865,-0.00516588817071277,0.00161631591857454,"s__GGB9699_SGB15216"
"fixed",NA,"ResponseResponder:Days",0.00117814306624334,0.00182398472028036,0.645917179647342,83.9999999983887,0.520093683470568,-0.00244905058092319,0.00480533671340986,"s__GGB9343_SGB14307"
"fixed",NA,"ResponseResponder:Days",-0.000220966100387728,0.000297662758317341,-0.742337071781598,73.5403276976779,0.460247661220928,-0.00081413369885188,0.000372201498076424,"s__GGB2653_SGB3574"
"fixed",NA,"ResponseResponder:Days",0.00052521482262365,0.00127905744475508,0.410626453704135,65.0885424040859,0.68269513500525,-0.0020291734129566,0.0030796030582039,"s__GGB40351_SGB14301"
"fixed",NA,"ResponseResponder:Days",6.0998705760175e-05,0.000570491002454559,0.106923168810246,67.5759161710381,0.915166735473211,-0.00107752773913438,0.00119952515065473,"s__Neglectibacter_timonensis"
"fixed",NA,"ResponseResponder:Days",0.00581494527017339,0.00313138747342166,1.85698682118678,70.0612439933757,0.0675168780324343,-0.000430314138198351,0.0120602046785451,"s__Alistipes_shahii"
"fixed",NA,"ResponseResponder:Days",-0.000342150719932058,0.000285393158241342,-1.19887499069869,78.0907439387814,0.234201964259515,-0.000910314453250982,0.000226013013386865,"s__GGB9453_SGB14845"
"fixed",NA,"ResponseResponder:Days",-0.00023527639147899,0.000544863476547523,-0.431807969529904,52.542076313422,0.66764782947067,-0.00132835651324505,0.000857803730287067,"s__GGB9531_SGB14932"
"fixed",NA,"ResponseResponder:Days",0.000373266340432361,0.000455668689927352,0.81916170385082,56.3287373267835,0.416146588095121,-0.000539430189979859,0.00128596287084458,"s__Blautia_stercoris"
"fixed",NA,"ResponseResponder:Days",-8.63554748214996e-05,0.000131523284989253,-0.656579364091735,65.3220912190199,0.513757898350163,-0.000349001061924483,0.000176290112281483,"s__Clostridium_sp_AM29_11AC"
"fixed",NA,"ResponseResponder:Days",0.000153027223312005,0.00028687086668441,0.533435915192993,55.9279523835955,0.595845533216269,-0.000421660514940776,0.000727714961564786,"s__Dorea_phocaeensis"
"fixed",NA,"ResponseResponder:Days",-2.69258366265705e-05,0.000122910270867896,-0.219069052866302,63.0338455413624,0.827304064103132,-0.000272539833030178,0.000218688159777037,"s__GGB9719_SGB15273"
"fixed",NA,"ResponseResponder:Days",1.40086811167299e-05,1.7491513761271e-05,0.800884435042285,44.322874410246,0.427470965062871,-2.12358969577742e-05,4.92532591912339e-05,"s__GGB9210_SGB14150"
"fixed",NA,"ResponseResponder:Days",-0.00114817420946859,0.00134922092315028,-0.850990515910272,67.7993408691664,0.397770213516713,-0.00384064693087636,0.00154429851193918,"s__Longicatena_caecimuris"
"fixed",NA,"ResponseResponder:Days",-0.000451041301832492,0.000359584522797722,-1.25434014323864,78.916155716034,0.213420964887485,-0.00116678821475603,0.000264705611091042,"s__GGB9782_SGB15403"
"fixed",NA,"ResponseResponder:Days",0.00506864893225518,0.00692315928513284,0.732129469148552,67.5256379975583,0.466623093383124,-0.00874805780345985,0.0188853556679702,"s__Akkermansia_muciniphila"
"fixed",NA,"ResponseResponder:Days",-5.36504447436627e-06,1.6226963771663e-05,-0.330625282083589,44.6130224009651,0.742475338640886,-3.8055653604419e-05,2.73255646556864e-05,"s__GGB4802_SGB6641"
"fixed",NA,"ResponseResponder:Days",0.00109506276076895,0.000616051392194851,1.77755098786075,57.5356510596973,0.0807628281505382,-0.000138310016547066,0.00232843553808496,"s__Alistipes_senegalensis"
"fixed",NA,"ResponseResponder:Days",-0.00200866347970753,0.00399863606103094,-0.502337159233654,82.5768544167982,0.616767341448072,-0.00996239253112595,0.00594506557171089,"s__Clostridium_leptum"
"fixed",NA,"ResponseResponder:Days",1.08892309259258e-05,0.000150276686474226,0.0724612125899744,60.5181498118349,0.942473826361224,-0.000289655971426621,0.000311434433278472,"s__GGB9547_SGB14953"
"fixed",NA,"ResponseResponder:Days",0.00022175217849228,0.000233396687907289,0.950108506168544,71.7753952708554,0.345245453746689,-0.000243540491322891,0.000687044848307452,"s__GGB9770_SGB15390"
"fixed",NA,"ResponseResponder:Days",5.5478266936667e-05,0.000332780344681592,0.166711369296012,58.51550302127,0.868171908476162,-0.000610529043976625,0.00072148557784996,"s__Eisenbergiella_massiliensis"
"fixed",NA,"ResponseResponder:Days",0.000132202705685851,0.000108141814384119,1.22249387472146,59.6506094429868,0.22632935917144,-8.41391931319103e-05,0.000348544604503612,"s__Lachnoclostridium_pacaense"
"fixed",NA,"ResponseResponder:Days",-3.50666581850112e-05,4.88303936731651e-05,-0.718131793483414,81.6510829438129,0.474725861504091,-0.000132212081689439,6.20787653194165e-05,"s__Yanshouia_hominis"
"fixed",NA,"ResponseResponder:Days",-6.55663026693762e-05,9.73028175376012e-05,-0.673837657825675,59.748326720981,0.503013130975817,-0.000260217780550014,0.000129085175211261,"s__GGB9818_SGB15459"
"fixed",NA,"ResponseResponder:Days",0.000783326295521828,0.00140482399039523,0.557597464790907,76.143885478439,0.578754914344333,-0.00201453766691739,0.00358119025796104,"s__Anaerotruncus_massiliensis"
"fixed",NA,"ResponseResponder:Days",-3.03225847544744e-06,0.000125328027081412,-0.0241945759943841,66.4084278327029,0.980769959707778,-0.000253229016374537,0.000247164499423642,"s__bacterium_210917_DFI_7_65"
"fixed",NA,"ResponseResponder:Days",-0.0001314060458768,0.000203094422696142,-0.647019470708964,44.9812627494324,0.520907668698476,-0.000540463913920922,0.000277651822167321,"s__Alistipes_indistinctus"
"fixed",NA,"ResponseResponder:Days",0.000358437738292879,0.000486875540658828,0.736199928646754,49.2569907283639,0.465100773718107,-0.000619846187218811,0.00133672166380457,"s__GGB9524_SGB14924"
"fixed",NA,"ResponseResponder:Days",7.55979278649543e-05,5.63264578705823e-05,1.34213885841447,73.6791258069181,0.183672227592835,-3.66431113632502e-05,0.000187838967093159,"s__GGB3002_SGB3993"
"fixed",NA,"ResponseResponder:Days",-2.54675205816548e-05,3.82979130231548e-05,-0.664984553238117,44.3023878305665,0.509507452222897,-0.000102637015576514,5.17019744132048e-05,"s__Parabacteroides_gordonii"
"fixed",NA,"ResponseResponder:Days",3.20479231320321e-05,0.000470147418604406,0.0681656898748136,80.0601654953343,0.945823697270736,-0.000903564463307824,0.000967660309571888,"s__Adlercreutzia_equolifaciens"
"fixed",NA,"ResponseResponder:Days",0.000117790385573986,0.000124375054717936,0.947057959822543,57.3666335204751,0.347581626700709,-0.000131231873354543,0.000366812644502514,"s__Holdemania_filiformis"
"fixed",NA,"ResponseResponder:Days",-0.000124544413212949,0.000246663594000309,-0.50491607291181,83.6674208901334,0.614945152277287,-0.000615090509939723,0.000366001683513825,"s__GGB9781_SGB66170"
"fixed",NA,"ResponseResponder:Days",0.00011966063842483,7.51924655822879e-05,1.59139133819036,80.8072577051424,0.115426255076254,-2.99541917583664e-05,0.000269275468608026,"s__Provencibacterium_massiliense"
"fixed",NA,"ResponseResponder:Days",8.55808569820881e-05,7.89033890424115e-05,1.08462840469485,81.3520314120606,0.281290148195661,-7.14018392600708e-05,0.000242563553224247,"s__Massilistercora_timonensis"
"fixed",NA,"ResponseResponder:Days",-6.30570690405293e-06,9.25355530977929e-06,-0.681436128380729,44.8968704313381,0.499095659130217,-2.49445057010028e-05,1.2333091892897e-05,"s__GGB3441_SGB4591"
"fixed",NA,"ResponseResponder:Days",0.0005492455024061,0.000523735482127606,1.04870783276868,68.8546272277714,0.297979776429424,-0.000495617551972408,0.00159410855678461,"s__Faecalibacillus_faecis"
"fixed",NA,"ResponseResponder:Days",3.6396539253618e-05,0.0001574143524408,0.231214871384145,61.2845490293474,0.817918097234755,-0.00027834335737886,0.000351136435886096,"s__Hydrogenoanaerobacterium_saccharovorans"
"fixed",NA,"ResponseResponder:Days",2.84299343377014e-06,9.39357273143651e-05,0.03026530495959,75.7717770348331,0.975935043437096,-0.000184255335147141,0.000189941322014681,"s__GGB3109_SGB4121"
"fixed",NA,"ResponseResponder:Days",0.001010962165462,0.000571750845407923,1.76818656864551,75.5032063510165,0.081069238695796,-0.000127899515576469,0.00214982384650048,"s__Intestinimonas_massiliensis"
"fixed",NA,"ResponseResponder:Days",9.12190300325484e-06,0.000250803006665029,0.0363707880720823,48.993736361353,0.971134494958819,-0.000494887238445925,0.000513131044452435,"s__Enterocloster_lavalensis"
"fixed",NA,"ResponseResponder:Days",0.000401408548402439,0.000414861090874773,0.967573381143147,54.8724098236294,0.337502908137795,-0.000430035111129957,0.00123285220793483,"s__GGB9770_SGB15389"
"fixed",NA,"ResponseResponder:Days",0.000117981989293459,0.000121224723640405,0.973250222812922,46.876925587402,0.335424534867362,-0.000125907601375447,0.000361871579962366,"s__Lawsonibacter_faecis"
"fixed",NA,"ResponseResponder:Days",-5.24520740375958e-06,4.05222654947796e-06,-1.2944013222645,44.1215306691906,0.202260696011242,-1.34112980903508e-05,2.92088328283168e-06,"s__GGB58071_SGB79702"
"fixed",NA,"ResponseResponder:Days",0.00405569144442362,0.00151653074466271,2.67432194084904,44.2662959438847,0.0104515842787072,0.00099984378338852,0.00711153910545872,"s__Lachnospira_sp_NSJ_43"
"fixed",NA,"ResponseResponder:Days",3.02342638709222e-06,3.51085196664402e-05,0.086116601207264,80.6169259075254,0.93158725317716,-6.68365472940448e-05,7.28834000682292e-05,"s__Anaerotruncus_rubiinfantis"
"fixed",NA,"ResponseResponder:Days",3.57731234432477e-05,3.98712225283851e-05,0.897216618270988,54.0600935124972,0.373581730543362,-4.41618297901054e-05,0.000115708076676601,"s__GGB58158_SGB79798"
"fixed",NA,"ResponseResponder:Days",-2.03640960293223e-05,0.00100252929802943,-0.0203127191089078,44.4801355188778,0.983884757401217,-0.00204021331639727,0.00199948512433862,"s__GGB3167_SGB4181"
"fixed",NA,"ResponseResponder:Days",0.000157620698729099,0.000170919432695064,0.922192966848355,57.1808327018694,0.360302773725617,-0.000184616105159857,0.000499857502618055,"s__GGB33586_SGB53517"
"fixed",NA,"ResponseResponder:Days",1.67954451706372e-05,1.21104562553276e-05,1.38685486463391,75.0156344953455,0.169593392231359,-7.3297384070184e-06,4.09206287482928e-05,"s__Anaerofilum_hominis"
"fixed",NA,"ResponseResponder:Days",-0.0024011161189586,0.00917125648785663,-0.261808850525317,83.5638420335203,0.794113074470474,-0.0206405563378155,0.0158383240998983,"k__Archaea"
"fixed",NA,"ResponseResponder:Days",5.43779132177692e-05,0.000272428828535373,0.19960410764938,83.7399148129781,0.842274115178151,-0.000487401273617897,0.000596157100053435,"p__Elusimicrobia"
"fixed",NA,"ResponseResponder:Days",-0.00211495783047846,0.00910778580391107,-0.232214269858022,83.700886997648,0.816938426561653,-0.0202277344224623,0.0159978187615054,"p__Euryarchaeota"
"fixed",NA,"ResponseResponder:Days",0.0022608741697857,0.00128721334743107,1.75640982460118,51.0463098695728,0.0850162077503882,-0.000323257534338668,0.00484500587391007,"p__Tenericutes"
"fixed",NA,"ResponseResponder:Days",-4.82295220851367e-05,0.000141264051336595,-0.341413980618598,67.4950476414382,0.733852584478087,-0.000330155738322561,0.000233696694152288,"p__Lentisphaerae"
"fixed",NA,"ResponseResponder:Days",0.000840051943746028,0.00485908432176308,0.172882767229119,83.9999999986706,0.86315947133461,-0.00882277011116438,0.0105028739986564,"c__CFGB2831"
"fixed",NA,"ResponseResponder:Days",0.00069121047239351,0.00657669301081328,0.105100005619395,71.5664823228088,0.916590468420485,-0.0124205443920772,0.0138029653368642,"c__CFGB1765"
"fixed",NA,"ResponseResponder:Days",-0.00151287022337192,0.00296467068811581,-0.5102995855278,77.9964026890419,0.611282763613376,-0.0074150804605274,0.00438934001378357,"c__CFGB2875"
"fixed",NA,"ResponseResponder:Days",5.43779132177692e-05,0.000272428828535373,0.19960410764938,83.7399148129781,0.842274115178151,-0.000487401273617897,0.000596157100053435,"c__Elusimicrobia"
"fixed",NA,"ResponseResponder:Days",-0.000494934359044756,0.000655499841658673,-0.755048785049858,78.7824269838044,0.452471057797013,-0.00179973018564205,0.000809861467552535,"c__CFGB74971"
"fixed",NA,"ResponseResponder:Days",0.000162045799272581,0.000223099192757585,0.726339693432494,73.9572705470137,0.469923140666428,-0.000282493313577969,0.000606584912123132,"c__CFGB1249"
"fixed",NA,"ResponseResponder:Days",-0.00211495783047846,0.00910778580391107,-0.232214269858022,83.700886997648,0.816938426561653,-0.0202277344224623,0.0159978187615054,"c__Methanobacteria"
"fixed",NA,"ResponseResponder:Days",0.00244798521301029,0.00136620837534681,1.79180954910255,52.0579167457135,0.0789764651023007,-0.000293439861077795,0.00518941028709837,"c__CFGB1787"
"fixed",NA,"ResponseResponder:Days",-0.00276035635029036,0.00470431356745079,-0.586771334587325,69.0513739952983,0.559270837707116,-0.0121450805695865,0.00662436786900574,"c__CFGB9119"
"fixed",NA,"ResponseResponder:Days",-1.36908661026162e-05,0.000129231768519457,-0.105940406600215,71.0811951295104,0.915928044624468,-0.000271366593136227,0.000243984860930994,"c__Lentisphaeria"
"fixed",NA,"ResponseResponder:Days",0.00167314299309421,0.00215830279089421,0.775212356743054,82.5169269638452,0.440430111131285,-0.00262000614144418,0.0059662921276326,"c__CFGB72899"
"fixed",NA,"ResponseResponder:Days",7.93324956755673e-05,0.000161363460793827,0.491638536291248,83.7351815371459,0.624261208292627,-0.000241571270171894,0.000400236261523029,"c__CFGB2915"
"fixed",NA,"ResponseResponder:Days",-0.00287324530622545,0.00390700248095421,-0.735409132764029,83.8247872087945,0.464143059256373,-0.0106429854892843,0.00489649487683341,"c__CFGB73062"
"fixed",NA,"ResponseResponder:Days",-5.84055784000405e-05,8.79576034268533e-05,-0.664019665435875,72.3912659810461,0.508787158990612,-0.000233729666555137,0.000116918509755056,"c__CFGB3043"
"fixed",NA,"ResponseResponder:Days",7.24609791130166e-05,6.91193212648676e-05,1.04834621907446,64.2642691693928,0.298405895755268,-6.56098037219396e-05,0.000210531761947973,"c__CFGB12107"
"fixed",NA,"ResponseResponder:Days",5.66514250223406e-05,4.03803981417934e-05,1.40294369618181,77.5046223557107,0.164627008336386,-2.37478663635837e-05,0.000137050716408265,"c__CFGB2165"
"fixed",NA,"ResponseResponder:Days",6.05850267141802e-05,6.01302355108369e-05,1.00756343625598,44.2169451173407,0.319146231936919,-6.05827089603229e-05,0.000181752762388683,"c__CFGB3047"
"fixed",NA,"ResponseResponder:Days",0.000833861734472545,0.000614440926993929,1.3571064325941,57.0922056562456,0.180088612534655,-0.000396491934198755,0.00206421540314384,"c__CFGB2932"
"fixed",NA,"ResponseResponder:Days",2.21840664429792e-05,1.03583114301002e-05,2.14166822388778,83.1653484532933,0.0351456760275475,1.5824073721858e-06,4.27857255137726e-05,"c__CFGB2845"
"fixed",NA,"ResponseResponder:Days",8.91228598477293e-05,0.000111107288245523,0.802133336660934,78.7692829848427,0.42488924679732,-0.000132040737745876,0.000310286457441335,"c__CFGB1226"
"fixed",NA,"ResponseResponder:Days",0.00038997382208988,0.000356431553222126,1.09410577869589,74.6520152754941,0.277426347581194,-0.000320128497829637,0.0011000761420094,"c__CFGB667"
"fixed",NA,"ResponseResponder:Days",-8.63915280539125e-05,0.000229057812635956,-0.377160364275439,59.95578173895,0.707386154715136,-0.000544582322131351,0.000371799266023526,"c__CFGB72939"
"fixed",NA,"ResponseResponder:Days",0.000840051943746028,0.00485908432176308,0.172882767229119,83.9999999986706,0.86315947133461,-0.00882277011116438,0.0105028739986564,"o__OFGB2831"
"fixed",NA,"ResponseResponder:Days",0.00069121047239351,0.00657669301081328,0.105100005619395,71.5664823228088,0.916590468420485,-0.0124205443920772,0.0138029653368642,"o__OFGB1765"
"fixed",NA,"ResponseResponder:Days",-0.00151287022337192,0.00296467068811581,-0.5102995855278,77.9964026890419,0.611282763613376,-0.0074150804605274,0.00438934001378357,"o__OFGB2875"
"fixed",NA,"ResponseResponder:Days",5.43779132177692e-05,0.000272428828535373,0.19960410764938,83.7399148129781,0.842274115178151,-0.000487401273617897,0.000596157100053435,"o__Elusimicrobiales"
"fixed",NA,"ResponseResponder:Days",-0.000494934359044756,0.000655499841658673,-0.755048785049858,78.7824269838044,0.452471057797013,-0.00179973018564205,0.000809861467552535,"o__OFGB74971"
"fixed",NA,"ResponseResponder:Days",0.000162045799272581,0.000223099192757585,0.726339693432494,73.9572705470137,0.469923140666428,-0.000282493313577969,0.000606584912123132,"o__OFGB1249"
"fixed",NA,"ResponseResponder:Days",-0.00211495783047846,0.00910778580391107,-0.232214269858022,83.700886997648,0.816938426561653,-0.0202277344224623,0.0159978187615054,"o__Methanobacteriales"
"fixed",NA,"ResponseResponder:Days",0.00244798521301029,0.00136620837534681,1.79180954910255,52.0579167457135,0.0789764651023007,-0.000293439861077795,0.00518941028709837,"o__OFGB1787"
"fixed",NA,"ResponseResponder:Days",-0.00276035635029036,0.00470431356745079,-0.586771334587325,69.0513739952983,0.559270837707116,-0.0121450805695865,0.00662436786900574,"o__OFGB9119"
"fixed",NA,"ResponseResponder:Days",-1.36908661026162e-05,0.000129231768519457,-0.105940406600215,71.0811951295104,0.915928044624468,-0.000271366593136227,0.000243984860930994,"o__Victivallales"
"fixed",NA,"ResponseResponder:Days",0.00167314299309421,0.00215830279089421,0.775212356743054,82.5169269638452,0.440430111131285,-0.00262000614144418,0.0059662921276326,"o__OFGB72899"
"fixed",NA,"ResponseResponder:Days",7.93324956755673e-05,0.000161363460793827,0.491638536291248,83.7351815371459,0.624261208292627,-0.000241571270171894,0.000400236261523029,"o__OFGB2915"
"fixed",NA,"ResponseResponder:Days",-0.00287324530622545,0.00390700248095421,-0.735409132764029,83.8247872087945,0.464143059256373,-0.0106429854892843,0.00489649487683341,"o__OFGB73062"
"fixed",NA,"ResponseResponder:Days",-5.84055784000405e-05,8.79576034268533e-05,-0.664019665435875,72.3912659810461,0.508787158990612,-0.000233729666555137,0.000116918509755056,"o__OFGB3043"
"fixed",NA,"ResponseResponder:Days",7.24609791130166e-05,6.91193212648676e-05,1.04834621907446,64.2642691693928,0.298405895755268,-6.56098037219396e-05,0.000210531761947973,"o__OFGB12107"
"fixed",NA,"ResponseResponder:Days",5.66514250223406e-05,4.03803981417934e-05,1.40294369618181,77.5046223557107,0.164627008336386,-2.37478663635837e-05,0.000137050716408265,"o__OFGB2165"
"fixed",NA,"ResponseResponder:Days",6.05850267141802e-05,6.01302355108369e-05,1.00756343625598,44.2169451173407,0.319146231936919,-6.05827089603229e-05,0.000181752762388683,"o__OFGB3047"
"fixed",NA,"ResponseResponder:Days",0.000833861734472545,0.000614440926993929,1.3571064325941,57.0922056562456,0.180088612534655,-0.000396491934198755,0.00206421540314384,"o__OFGB2932"
"fixed",NA,"ResponseResponder:Days",2.21840664429792e-05,1.03583114301002e-05,2.14166822388778,83.1653484532933,0.0351456760275475,1.5824073721858e-06,4.27857255137726e-05,"o__OFGB2845"
"fixed",NA,"ResponseResponder:Days",8.91228598477293e-05,0.000111107288245523,0.802133336660934,78.7692829848427,0.42488924679732,-0.000132040737745876,0.000310286457441335,"o__OFGB1226"
"fixed",NA,"ResponseResponder:Days",0.00038997382208988,0.000356431553222126,1.09410577869589,74.6520152754941,0.277426347581194,-0.000320128497829637,0.0011000761420094,"o__OFGB667"
"fixed",NA,"ResponseResponder:Days",-8.63915280539125e-05,0.000229057812635956,-0.377160364275439,59.95578173895,0.707386154715136,-0.000544582322131351,0.000371799266023526,"o__OFGB72939"
"fixed",NA,"ResponseResponder:Days",0.000840051943746028,0.00485908432176308,0.172882767229119,83.9999999986706,0.86315947133461,-0.00882277011116438,0.0105028739986564,"f__FGB2831"
"fixed",NA,"ResponseResponder:Days",-0.0334348377267943,0.0412067121792769,-0.811392997852639,83.5113685322892,0.419446609596028,-0.115385909619876,0.0485162341662876,"f__Muribaculaceae"
"fixed",NA,"ResponseResponder:Days",0.00069121047239351,0.00657669301081328,0.105100005619395,71.5664823228088,0.916590468420485,-0.0124205443920772,0.0138029653368642,"f__FGB1765"
"fixed",NA,"ResponseResponder:Days",-0.00151287022337192,0.00296467068811581,-0.5102995855278,77.9964026890419,0.611282763613376,-0.0074150804605274,0.00438934001378357,"f__FGB2875"
"fixed",NA,"ResponseResponder:Days",5.43779132177692e-05,0.000272428828535373,0.19960410764938,83.7399148129781,0.842274115178151,-0.000487401273617897,0.000596157100053435,"f__Elusimicrobiaceae"
"fixed",NA,"ResponseResponder:Days",-0.000494934359044756,0.000655499841658673,-0.755048785049858,78.7824269838044,0.452471057797013,-0.00179973018564205,0.000809861467552535,"f__FGB74971"
"fixed",NA,"ResponseResponder:Days",0.000162045799272581,0.000223099192757585,0.726339693432494,73.9572705470137,0.469923140666428,-0.000282493313577969,0.000606584912123132,"f__FGB1249"
"fixed",NA,"ResponseResponder:Days",-0.00211495783047846,0.00910778580391107,-0.232214269858022,83.700886997648,0.816938426561653,-0.0202277344224623,0.0159978187615054,"f__Methanobacteriaceae"
"fixed",NA,"ResponseResponder:Days",0.00244798521301029,0.00136620837534681,1.79180954910255,52.0579167457135,0.0789764651023007,-0.000293439861077795,0.00518941028709837,"f__FGB1787"
"fixed",NA,"ResponseResponder:Days",-0.00276035635029036,0.00470431356745079,-0.586771334587325,69.0513739952983,0.559270837707116,-0.0121450805695865,0.00662436786900574,"f__FGB9119"
"fixed",NA,"ResponseResponder:Days",-1.36908661026162e-05,0.000129231768519457,-0.105940406600215,71.0811951295104,0.915928044624468,-0.000271366593136227,0.000243984860930994,"f__Victivallaceae"
"fixed",NA,"ResponseResponder:Days",0.00167314299309421,0.00215830279089421,0.775212356743054,82.5169269638452,0.440430111131285,-0.00262000614144418,0.0059662921276326,"f__FGB72899"
"fixed",NA,"ResponseResponder:Days",7.93324956755673e-05,0.000161363460793827,0.491638536291248,83.7351815371459,0.624261208292627,-0.000241571270171894,0.000400236261523029,"f__FGB2915"
"fixed",NA,"ResponseResponder:Days",-0.00287324530622545,0.00390700248095421,-0.735409132764029,83.8247872087945,0.464143059256373,-0.0106429854892843,0.00489649487683341,"f__FGB73062"
"fixed",NA,"ResponseResponder:Days",-5.84055784000405e-05,8.79576034268533e-05,-0.664019665435875,72.3912659810461,0.508787158990612,-0.000233729666555137,0.000116918509755056,"f__FGB3043"
"fixed",NA,"ResponseResponder:Days",7.24609791130166e-05,6.91193212648676e-05,1.04834621907446,64.2642691693928,0.298405895755268,-6.56098037219396e-05,0.000210531761947973,"f__FGB12107"
"fixed",NA,"ResponseResponder:Days",5.66514250223406e-05,4.03803981417934e-05,1.40294369618181,77.5046223557107,0.164627008336386,-2.37478663635837e-05,0.000137050716408265,"f__FGB2165"
"fixed",NA,"ResponseResponder:Days",6.05850267141802e-05,6.01302355108369e-05,1.00756343625598,44.2169451173407,0.319146231936919,-6.05827089603229e-05,0.000181752762388683,"f__FGB3047"
"fixed",NA,"ResponseResponder:Days",0.000833861734472545,0.000614440926993929,1.3571064325941,57.0922056562456,0.180088612534655,-0.000396491934198755,0.00206421540314384,"f__FGB2932"
"fixed",NA,"ResponseResponder:Days",2.21840664429792e-05,1.03583114301002e-05,2.14166822388778,83.1653484532933,0.0351456760275475,1.5824073721858e-06,4.27857255137726e-05,"f__FGB2845"
"fixed",NA,"ResponseResponder:Days",8.91228598477293e-05,0.000111107288245523,0.802133336660934,78.7692829848427,0.42488924679732,-0.000132040737745876,0.000310286457441335,"f__FGB1226"
"fixed",NA,"ResponseResponder:Days",0.00038997382208988,0.000356431553222126,1.09410577869589,74.6520152754941,0.277426347581194,-0.000320128497829637,0.0011000761420094,"f__FGB667"
"fixed",NA,"ResponseResponder:Days",-8.63915280539125e-05,0.000229057812635956,-0.377160364275439,59.95578173895,0.707386154715136,-0.000544582322131351,0.000371799266023526,"f__FGB72939"
"fixed",NA,"ResponseResponder:Days",0.000840051943746028,0.00485908432176308,0.172882767229119,83.9999999986706,0.86315947133461,-0.00882277011116438,0.0105028739986564,"g__GGB9049"
"fixed",NA,"ResponseResponder:Days",0.00171320853871065,0.00557178768757492,0.307479149381642,73.1276719195199,0.759352680293142,-0.009391021701287,0.0128174387787083,"g__Rikenellaceae_unclassified"
"fixed",NA,"ResponseResponder:Days",0.000161371081595558,0.000647178837982934,0.249345423744856,83.2780387503365,0.803707575884449,-0.0011257780440894,0.00144852020728052,"g__GGB1425"
"fixed",NA,"ResponseResponder:Days",0.00010701145594452,0.000618982780410375,0.172882767229119,83.999999998564,0.86315947133461,-0.00112390368487136,0.0013379265967604,"g__GGB4581"
"fixed",NA,"ResponseResponder:Days",0.000358271685212168,0.00037851911874973,0.946508822052529,74.4718031678855,0.346950223667522,-0.000395864737079185,0.00111240810750352,"g__GGB1512"
"fixed",NA,"ResponseResponder:Days",-0.00151287022337192,0.00296467068811581,-0.5102995855278,77.9964026890419,0.611282763613376,-0.0074150804605274,0.00438934001378357,"g__GGB9176"
"fixed",NA,"ResponseResponder:Days",0.00017764261414009,0.000271768565775593,0.653654014889913,77.7444188803658,0.515263447456882,-0.0003634350558217,0.00071872028410188,"g__GGB24147"
"fixed",NA,"ResponseResponder:Days",5.43779132177692e-05,0.000272428828535373,0.19960410764938,83.7399148129781,0.842274115178151,-0.000487401273617897,0.000596157100053435,"g__GGB12693"
"fixed",NA,"ResponseResponder:Days",3.54653351476805e-05,0.000205140950229463,0.172882767229119,84.0000000001217,0.863159471334602,-0.000372479941571203,0.000443410611866564,"g__GGB9333"
"fixed",NA,"ResponseResponder:Days",0.00109365038639145,0.000819906061470996,1.33387279077962,80.3532511508137,0.186014020921606,-0.00053790456336974,0.00272520533615264,"g__GGB9667"
"fixed",NA,"ResponseResponder:Days",0.000718200539331679,0.000397905897835392,1.80495072638704,78.6488403034327,0.0749097601598872,-7.38663267032801e-05,0.00151026740536664,"g__GGB9619"
"fixed",NA,"ResponseResponder:Days",0.000155708669486193,0.00032182953923016,0.483823423600765,78.3656770131012,0.629860464858237,-0.000484957636972078,0.000796374975944463,"g__GGB9495"
"fixed",NA,"ResponseResponder:Days",-0.000820232809457921,0.00157075901641949,-0.522188827747508,80.9807268151435,0.602964398687775,-0.00394556181766019,0.00230509619874435,"g__Pseudoruminococcus"
"fixed",NA,"ResponseResponder:Days",0.000201543086046998,0.000159475063918694,1.26379059581221,73.3075388995067,0.210309259385296,-0.000116267796190871,0.000519353968284866,"g__GGB3033"
"fixed",NA,"ResponseResponder:Days",0.000387228483439505,0.000295289032846488,1.3113540984125,77.5108005322342,0.193609529994959,-0.000200705268773348,0.000975162235652357,"g__Marvinbryantia"
"fixed",NA,"ResponseResponder:Days",-0.00211595997209553,0.00910706371913155,-0.232342721798515,83.7017208757529,0.816838987669977,-0.0202272978985599,0.0159953779543688,"g__Methanobrevibacter"
"fixed",NA,"ResponseResponder:Days",-0.00272187395649902,0.00336191155746475,-0.809620928443344,83.4802553928286,0.420459810239764,-0.00940801197458341,0.00396426406158537,"g__Muribaculum"
"fixed",NA,"ResponseResponder:Days",0.0024201543100802,0.00136429474779699,1.77392335049898,52.0343710934856,0.0819271973063778,-0.000317460343779667,0.00515776896394006,"g__GGB4745"
"fixed",NA,"ResponseResponder:Days",-0.00272102181798284,0.00470571402906975,-0.578237819207374,69.0618774098573,0.564984421699381,-0.0121085143933476,0.00666647075738193,"g__GGB4729"
"fixed",NA,"ResponseResponder:Days",-0.000225219403826898,0.000242986745131985,-0.926879380620386,48.6899987114522,0.358560982950884,-0.000713598200628719,0.000263159392974923,"g__GGB33544"
"fixed",NA,"ResponseResponder:Days",-5.23345396164803e-06,0.000127736871630183,-0.040970581906841,72.6812974991565,0.967431687830788,-0.000259831479899021,0.000249364571975725,"g__Victivallis"
"fixed",NA,"ResponseResponder:Days",0.00167314299309421,0.00215830279089421,0.775212356743054,82.5169269638452,0.440430111131285,-0.00262000614144418,0.0059662921276326,"g__GGB4613"
"fixed",NA,"ResponseResponder:Days",0.00017144140379623,0.000119752014086432,1.4316369132004,78.4585974865485,0.156219394643636,-6.69445950792659e-05,0.000409827402671725,"g__GGB1332"
"fixed",NA,"ResponseResponder:Days",7.93324956755673e-05,0.000161363460793827,0.491638536291248,83.7351815371459,0.624261208292627,-0.000241571270171894,0.000400236261523029,"g__GGB36267"
"fixed",NA,"ResponseResponder:Days",0.000150951723951725,0.000142577407653531,1.0587352262607,76.75322136274,0.29304101428197,-0.00013297073396115,0.0004348741818646,"g__GGB9724"
"fixed",NA,"ResponseResponder:Days",-0.00287324530622545,0.00390700248095421,-0.735409132764029,83.8247872087945,0.464143059256373,-0.0106429854892843,0.00489649487683341,"g__GGB9059"
"fixed",NA,"ResponseResponder:Days",-5.84055784000405e-05,8.79576034268533e-05,-0.664019665435875,72.3912659810461,0.508787158990612,-0.000233729666555137,0.000116918509755056,"g__GGB9551"
"fixed",NA,"ResponseResponder:Days",6.51041930042708e-05,4.8009281994333e-05,1.35607512338876,74.7460280710046,0.179157859275319,-3.05405277777954e-05,0.000160748913786337,"g__GGB9354"
"fixed",NA,"ResponseResponder:Days",0.00018678436978342,0.000134601199161366,1.38768726391133,81.1493061161584,0.169031059810586,-8.10223257690269e-05,0.000454591065335867,"g__Traorella"
"fixed",NA,"ResponseResponder:Days",-0.000465466126547728,0.000425168504810217,-1.09478035480426,82.2030716677347,0.276810293632253,-0.00131123044171802,0.000380298188622563,"g__Limosilactobacillus"
"fixed",NA,"ResponseResponder:Days",0.000534603385544877,0.0003787049316548,1.41166206420618,69.5207941562066,0.162509662993975,-0.000220791327323131,0.00128999809841288,"g__GGB3478"
"fixed",NA,"ResponseResponder:Days",6.24232544303358e-05,4.12469609032261e-05,1.51340251653434,83.9999999986878,0.133931042450989,-1.96008507552074e-05,0.000144447359615879,"g__GGB9062"
"fixed",NA,"ResponseResponder:Days",5.66514250223406e-05,4.03803981417934e-05,1.40294369618181,77.5046223557107,0.164627008336386,-2.37478663635837e-05,0.000137050716408265,"g__GGB6133"
"fixed",NA,"ResponseResponder:Days",6.05850267141802e-05,6.01302355108369e-05,1.00756343625598,44.2169451173407,0.319146231936919,-6.05827089603229e-05,0.000181752762388683,"g__GGB52130"
"fixed",NA,"ResponseResponder:Days",-0.00174744443770934,0.00216602204658278,-0.806752840058207,67.7234333681036,0.422633066006994,-0.00606999376447126,0.00257510488905257,"g__GGB9694"
"fixed",NA,"ResponseResponder:Days",0.000294525582906732,0.00023850268459932,1.23489420423728,45.9161027135805,0.223151999744339,-0.000185579094038737,0.0007746302598522,"g__Turicimonas"
"fixed",NA,"ResponseResponder:Days",0.0005598001774435,0.000731780332440308,0.764983906545703,79.5456411025262,0.44654478174291,-0.000896616802952547,0.00201621715783955,"g__Eubacteriaceae_unclassified"
"fixed",NA,"ResponseResponder:Days",-3.11677393185189e-05,6.46323414025491e-05,-0.482231320143534,81.0505565992124,0.630941383454919,-0.000159764609065531,9.74291304284932e-05,"g__GGB3475"
"fixed",NA,"ResponseResponder:Days",0.000833861734472545,0.000614440926993929,1.3571064325941,57.0922056562456,0.180088612534655,-0.000396491934198755,0.00206421540314384,"g__GGB9261"
"fixed",NA,"ResponseResponder:Days",9.24740852224017e-06,7.87027960087803e-06,1.17497839863383,83.1918770147842,0.243355453624417,-6.4057271380158e-06,2.49005441824961e-05,"g__GGB9115"
"fixed",NA,"ResponseResponder:Days",7.70103657240089e-05,5.75802745758732e-05,1.33744353064056,83.5497469899284,0.184707499944551,-3.75033412727286e-05,0.000191524072720746,"g__GGB2996"
"fixed",NA,"ResponseResponder:Days",0.00038997382208988,0.000356431553222126,1.09410577869589,74.6520152754941,0.277426347581194,-0.000320128497829637,0.0011000761420094,"g__GGB1661"
"fixed",NA,"ResponseResponder:Days",-8.63915280539125e-05,0.000229057812635956,-0.377160364275439,59.95578173895,0.707386154715136,-0.000544582322131351,0.000371799266023526,"g__GGB74511"
"fixed",NA,"ResponseResponder:Days",0.000840051943746028,0.00485908432176308,0.172882767229119,83.9999999986706,0.86315947133461,-0.00882277011116438,0.0105028739986564,"s__GGB9049_SGB13954"
"fixed",NA,"ResponseResponder:Days",0.00252478873300118,0.00339536234070314,0.743599203753412,76.5925568408486,0.459393999281058,-0.00423681547075444,0.0092863929367568,"s__Bacteroides_rodentium"
"fixed",NA,"ResponseResponder:Days",0.0020565464959892,0.00228057015547321,0.901768573553256,73.7136693634547,0.370116902427657,-0.00248788203775582,0.00660097502973423,"s__Roseburia_sp_AF02_12"
"fixed",NA,"ResponseResponder:Days",0.00171320853871065,0.00557178768757492,0.307479149381642,73.1276719195199,0.759352680293142,-0.009391021701287,0.0128174387787083,"s__Rikenellaceae_bacterium"
"fixed",NA,"ResponseResponder:Days",0.000161371081595558,0.000647178837982934,0.249345423744856,83.2780387503365,0.803707575884449,-0.0011257780440894,0.00144852020728052,"s__GGB1425_SGB1964"
"fixed",NA,"ResponseResponder:Days",0.00010701145594452,0.000618982780410375,0.172882767229119,83.999999998564,0.86315947133461,-0.00112390368487136,0.0013379265967604,"s__GGB4581_SGB6331"
"fixed",NA,"ResponseResponder:Days",0.000358271685212168,0.00037851911874973,0.946508822052529,74.4718031678855,0.346950223667522,-0.000395864737079185,0.00111240810750352,"s__GGB1512_SGB2092"
"fixed",NA,"ResponseResponder:Days",-0.00151287022337192,0.00296467068811581,-0.5102995855278,77.9964026890419,0.611282763613376,-0.0074150804605274,0.00438934001378357,"s__GGB9176_SGB14114"
"fixed",NA,"ResponseResponder:Days",0.00017764261414009,0.000271768565775593,0.653654014889913,77.7444188803658,0.515263447456882,-0.0003634350558217,0.00071872028410188,"s__GGB24147_SGB35951"
"fixed",NA,"ResponseResponder:Days",5.43779132177692e-05,0.000272428828535373,0.19960410764938,83.7399148129781,0.842274115178151,-0.000487401273617897,0.000596157100053435,"s__GGB12693_SGB19690"
"fixed",NA,"ResponseResponder:Days",3.54653351476805e-05,0.000205140950229463,0.172882767229119,84.0000000001217,0.863159471334602,-0.000372479941571203,0.000443410611866564,"s__GGB9333_SGB14296"
"fixed",NA,"ResponseResponder:Days",0.00109365038639145,0.000819906061470996,1.33387279077962,80.3532511508137,0.186014020921606,-0.00053790456336974,0.00272520533615264,"s__GGB9667_SGB15164"
"fixed",NA,"ResponseResponder:Days",0.000536632679795874,0.000378142828318455,1.41912695312033,77.3662793996721,0.159878423610503,-0.000216289002772576,0.00128955436236432,"s__GGB9619_SGB15066"
"fixed",NA,"ResponseResponder:Days",0.000155708669486193,0.00032182953923016,0.483823423600765,78.3656770131012,0.629860464858237,-0.000484957636972078,0.000796374975944463,"s__GGB9495_SGB14892"
"fixed",NA,"ResponseResponder:Days",-0.000820232809457921,0.00157075901641949,-0.522188827747508,80.9807268151435,0.602964398687775,-0.00394556181766019,0.00230509619874435,"s__Pseudoruminococcus_massiliensis"
"fixed",NA,"ResponseResponder:Days",0.000121784222152865,0.000183187371329783,0.664806865608781,71.8781256852004,0.508301430715023,-0.000243403707385201,0.000486972151690931,"s__Parabacteroides_goldsteinii"
"fixed",NA,"ResponseResponder:Days",0.000181943039171904,0.00015964194347958,1.13969446378719,73.2759348780672,0.258125437325966,-0.000136202711890257,0.000500088790234065,"s__GGB3033_SGB4029"
"fixed",NA,"ResponseResponder:Days",0.000387228483439505,0.000295289032846488,1.3113540984125,77.5108005322342,0.193609529994959,-0.000200705268773348,0.000975162235652357,"s__Marvinbryantia_SGB4691"
"fixed",NA,"ResponseResponder:Days",-0.00211595997209553,0.00910706371913155,-0.232342721798515,83.7017208757529,0.816838987669977,-0.0202272978985599,0.0159953779543688,"s__Methanobrevibacter_smithii"
"fixed",NA,"ResponseResponder:Days",0.00132841683246768,0.000848309428758497,1.56595787743609,48.2407333319174,0.123895432170718,-0.000377003728744664,0.00303383739368002,"s__Ruminococcus_lactaris"
"fixed",NA,"ResponseResponder:Days",-0.0017168841606065,0.00209425260738049,-0.81980757935118,83.2892542140939,0.414665696285262,-0.00588205444184678,0.00244828612063378,"s__Muribaculum_gordoncarteri"
"fixed",NA,"ResponseResponder:Days",0.0024201543100802,0.00136429474779699,1.77392335049898,52.0343710934856,0.0819271973063778,-0.000317460343779667,0.00515776896394006,"s__GGB4745_SGB6571"
"fixed",NA,"ResponseResponder:Days",-0.00272102181798284,0.00470571402906975,-0.578237819207374,69.0618774098573,0.564984421699381,-0.0121085143933476,0.00666647075738193,"s__GGB4729_SGB6550"
"fixed",NA,"ResponseResponder:Days",-0.000225219403826898,0.000242986745131985,-0.926879380620386,48.6899987114522,0.358560982950884,-0.000713598200628719,0.000263159392974923,"s__GGB33544_SGB53490"
"fixed",NA,"ResponseResponder:Days",5.87565709379424e-05,0.000111311045180784,0.527859304910072,69.8026708252998,0.599271040923322,-0.000163257342776457,0.000280770484652342,"s__Victivallis_lenta"
"fixed",NA,"ResponseResponder:Days",0.00167314299309421,0.00215830279089421,0.775212356743054,82.5169269638452,0.440430111131285,-0.00262000614144418,0.0059662921276326,"s__GGB4613_SGB6388"
"fixed",NA,"ResponseResponder:Days",0.00017144140379623,0.000119752014086432,1.4316369132004,78.4585974865485,0.156219394643636,-6.69445950792659e-05,0.000409827402671725,"s__GGB1332_SGB1789"
"fixed",NA,"ResponseResponder:Days",7.93324956755673e-05,0.000161363460793827,0.491638536291248,83.7351815371459,0.624261208292627,-0.000241571270171894,0.000400236261523029,"s__GGB36267_SGB14177"
"fixed",NA,"ResponseResponder:Days",0.000150951723951725,0.000142577407653531,1.0587352262607,76.75322136274,0.29304101428197,-0.00013297073396115,0.0004348741818646,"s__GGB9724_SGB15278"
"fixed",NA,"ResponseResponder:Days",0.000246272201723015,0.000242699652893416,1.01472004095188,79.2677756567335,0.313326587593219,-0.000236784000650347,0.000729328404096377,"s__Clostridiaceae_bacterium_AF18_31LB"
"fixed",NA,"ResponseResponder:Days",-0.00287324530622545,0.00390700248095421,-0.735409132764029,83.8247872087945,0.464143059256373,-0.0106429854892843,0.00489649487683341,"s__GGB9059_SGB13976"
"fixed",NA,"ResponseResponder:Days",0.000482310327925976,0.000308877003099616,1.56149639852089,46.7909560866327,0.125145500196219,-0.000139143342477302,0.00110376399832925,"s__Alistipes_ihumii"
"fixed",NA,"ResponseResponder:Days",-5.84055784000405e-05,8.79576034268533e-05,-0.664019665435875,72.3912659810461,0.508787158990612,-0.000233729666555137,0.000116918509755056,"s__GGB9551_SGB14958"
"fixed",NA,"ResponseResponder:Days",6.51041930042708e-05,4.8009281994333e-05,1.35607512338876,74.7460280710046,0.179157859275319,-3.05405277777954e-05,0.000160748913786337,"s__GGB9354_SGB14327"
"fixed",NA,"ResponseResponder:Days",0.00018678436978342,0.000134601199161366,1.38768726391133,81.1493061161584,0.169031059810586,-8.10223257690269e-05,0.000454591065335867,"s__Traorella_massiliensis"
"fixed",NA,"ResponseResponder:Days",1.94369112822709e-05,7.66249998173272e-05,0.253662790585425,44.0424893971127,0.800936530723517,-0.000134986420952221,0.000173860243516763,"s__Limosilactobacillus_fermentum"
"fixed",NA,"ResponseResponder:Days",0.00123539741381687,0.000846661908358038,1.45913900415423,51.5429128293535,0.150594656833533,-0.00046391269540837,0.00293470752304211,"s__Clostridium_sp_AM49_4BH"
"fixed",NA,"ResponseResponder:Days",0.000534603385544877,0.0003787049316548,1.41166206420618,69.5207941562066,0.162509662993975,-0.000220791327323131,0.00128999809841288,"s__GGB3478_SGB4643"
"fixed",NA,"ResponseResponder:Days",-8.29972512134159e-05,5.84356436416875e-05,-1.42031893620157,51.8024536305702,0.161505856234977,-0.000200267593500337,3.42730910735057e-05,"s__Butyricimonas_synergistica"
"fixed",NA,"ResponseResponder:Days",6.24232544303358e-05,4.12469609032261e-05,1.51340251653434,83.9999999986878,0.133931042450989,-1.96008507552074e-05,0.000144447359615879,"s__GGB9062_SGB13981"
"fixed",NA,"ResponseResponder:Days",2.31792011895965e-05,2.84948937077723e-05,0.81345104941641,76.1753044980155,0.418494865817811,-3.35711860523602e-05,7.99295884315532e-05,"s__Roseburia_lenta"
"fixed",NA,"ResponseResponder:Days",0.00199214351278023,0.00190888682157434,1.04361531038138,54.9740708479501,0.301231009699031,-0.00183339172059158,0.00581767874615204,"s__Bacteroides_intestinalis"
"fixed",NA,"ResponseResponder:Days",5.66514250223406e-05,4.03803981417934e-05,1.40294369618181,77.5046223557107,0.164627008336386,-2.37478663635837e-05,0.000137050716408265,"s__GGB6133_SGB8780"
"fixed",NA,"ResponseResponder:Days",6.05850267141802e-05,6.01302355108369e-05,1.00756343625598,44.2169451173407,0.319146231936919,-6.05827089603229e-05,0.000181752762388683,"s__GGB52130_SGB14966"
"fixed",NA,"ResponseResponder:Days",-1.52104117455274e-06,1.83515912904713e-05,-0.0828833396776069,55.1593292004155,0.934244354381817,-3.82960643164237e-05,3.52539819673182e-05,"s__Alistipes_timonensis"
"fixed",NA,"ResponseResponder:Days",-0.00174744443770934,0.00216602204658278,-0.806752840058207,67.7234333681036,0.422633066006994,-0.00606999376447126,0.00257510488905257,"s__GGB9694_SGB15204"
"fixed",NA,"ResponseResponder:Days",1.38906752285232e-05,1.54806586706343e-05,0.897292261528436,60.1791974208587,0.373138746459656,-1.70733561787016e-05,4.48547066357481e-05,"s__Slackia_piriformis"
"fixed",NA,"ResponseResponder:Days",0.000294525582906732,0.00023850268459932,1.23489420423728,45.9161027135805,0.223151999744339,-0.000185579094038737,0.0007746302598522,"s__Turicimonas_muris"
"fixed",NA,"ResponseResponder:Days",6.09919478332155e-05,5.35359842488316e-05,1.13927013183748,82.4806631845984,0.257888419615905,-4.54988878071906e-05,0.000167482783473622,"s__Eubacteriaceae_bacterium"
"fixed",NA,"ResponseResponder:Days",-3.11677393185189e-05,6.46323414025491e-05,-0.482231320143534,81.0505565992124,0.630941383454919,-0.000159764609065531,9.74291304284932e-05,"s__GGB3475_SGB4638"
"fixed",NA,"ResponseResponder:Days",7.15594053158914e-05,6.22557247013923e-05,1.14944297346347,73.5206754877241,0.254098911274707,-5.25012732059012e-05,0.000195620083837684,"s__GGB3057_SGB4059"
"fixed",NA,"ResponseResponder:Days",4.160833908559e-05,2.98912457594534e-05,1.39199079959492,80.7656893092724,0.167746560211005,-1.78684795158517e-05,0.000101085157687032,"s__Pseudoflavonifractor_sp_AF19_9AC"
"fixed",NA,"ResponseResponder:Days",0.000833861734472545,0.000614440926993929,1.3571064325941,57.0922056562456,0.180088612534655,-0.000396491934198755,0.00206421540314384,"s__GGB9261_SGB14209"
"fixed",NA,"ResponseResponder:Days",-1.55340417311502e-05,6.5356372242624e-05,-0.237682129501968,72.8513243297379,0.812794833815762,-0.000145793582295768,0.000114725498833468,"s__Lachnospiraceae_bacterium_OM04_12BH"
"fixed",NA,"ResponseResponder:Days",1.86841548399673e-05,4.8241668042454e-05,0.387303250449896,75.6920824545552,0.69961860969866,-7.7403775429747e-05,0.000114772085109682,"s__Roseburia_sp_BX1005"
"fixed",NA,"ResponseResponder:Days",9.24740852224017e-06,7.87027960087803e-06,1.17497839863383,83.1918770147842,0.243355453624417,-6.4057271380158e-06,2.49005441824961e-05,"s__GGB9115_SGB14048"
"fixed",NA,"ResponseResponder:Days",2.13793787370983e-05,1.79968696862297e-05,1.18794985516046,82.8673917511989,0.238246878787551,-1.44165183794849e-05,5.71752758536814e-05,"s__Mediterraneibacter_massiliensis"
"fixed",NA,"ResponseResponder:Days",7.70103657240089e-05,5.75802745758732e-05,1.33744353064056,83.5497469899284,0.184707499944551,-3.75033412727286e-05,0.000191524072720746,"s__GGB2996_SGB3983"
"fixed",NA,"ResponseResponder:Days",0.00038997382208988,0.000356431553222126,1.09410577869589,74.6520152754941,0.277426347581194,-0.000320128497829637,0.0011000761420094,"s__GGB1661_SGB2275"
"fixed",NA,"ResponseResponder:Days",2.77516208538114e-05,2.00378709741358e-05,1.38495855620751,83.2394884984292,0.169765896441253,-1.21012028862523e-05,6.76044445938751e-05,"s__GGB74511_SGB105989"
"fixed",NA,"ResponseResponder:Days",-0.00120514442999165,0.00138775117893476,-0.868415353043847,52.1975911745989,0.389142357017688,-0.00398962000649387,0.00157933114651058,"s__Collinsella_sp_AF08_23"
"fixed",NA,"ResponseResponder:Days",0.000658798125990484,0.00124564436195784,0.528881393526335,52.6519725247277,0.599110352779906,-0.00184003363665411,0.00315762988863508,"p__Fusobacteria"
"fixed",NA,"ResponseResponder:Days",0.000658798125990484,0.00124564436195784,0.528881393526335,52.6519725247277,0.599110352779906,-0.00184003363665411,0.00315762988863508,"c__Fusobacteriia"
"fixed",NA,"ResponseResponder:Days",-0.000155915038311293,6.41467549775352e-05,-2.43059899703261,72.3609030576352,0.0175535267915052,-0.000283778361872136,-2.80517147504506e-05,"c__CFGB1126"
"fixed",NA,"ResponseResponder:Days",0.000658798125990484,0.00124564436195784,0.528881393526335,52.6519725247277,0.599110352779906,-0.00184003363665411,0.00315762988863508,"o__Fusobacteriales"
"fixed",NA,"ResponseResponder:Days",-0.000155915038311293,6.41467549775352e-05,-2.43059899703261,72.3609030576352,0.0175535267915052,-0.000283778361872136,-2.80517147504506e-05,"o__OFGB1126"
"fixed",NA,"ResponseResponder:Days",0.000658798125990484,0.00124564436195784,0.528881393526335,52.6519725247277,0.599110352779906,-0.00184003363665411,0.00315762988863508,"f__Fusobacteriaceae"
"fixed",NA,"ResponseResponder:Days",-0.000155915038311293,6.41467549775352e-05,-2.43059899703261,72.3609030576352,0.0175535267915052,-0.000283778361872136,-2.80517147504506e-05,"f__FGB1126"
"fixed",NA,"ResponseResponder:Days",0.000381195951370461,0.00131609435893265,0.289641809330154,82.9745186167905,0.772812812334117,-0.00223647468402541,0.00299886658676633,"g__GGB3740"
"fixed",NA,"ResponseResponder:Days",0.00140933763163401,0.000511756524726896,2.75392215543537,81.3468913926551,0.00726200548110799,0.000391168492637966,0.00242750677063005,"g__Fusobacterium"
"fixed",NA,"ResponseResponder:Days",2.30012737568128e-06,9.52722930470126e-05,0.0241426683678777,44.4012038306539,0.980846986549964,-0.000189659571781408,0.00019425982653277,"g__Hungatella"
"fixed",NA,"ResponseResponder:Days",0.000624844176092252,0.000605682840276879,1.03163592319474,45.118196124819,0.307741260335451,-0.000594975485396657,0.00184466383758116,"g__Veillonella"
"fixed",NA,"ResponseResponder:Days",-0.000155915038311293,6.41467549775352e-05,-2.43059899703261,72.3609030576352,0.0175535267915052,-0.000283778361872136,-2.80517147504506e-05,"g__GGB2848"
"fixed",NA,"ResponseResponder:Days",0.0021458562730568,0.00180465919140335,1.18906455206544,45.3051883386444,0.240609270460381,-0.0014882382450242,0.00577995079113781,"s__Sutterella_wadsworthensis"
"fixed",NA,"ResponseResponder:Days",0.000228226207827334,0.00129392702975753,0.176382595446747,83.0635989579649,0.86042271239083,-0.00234531347170912,0.00280176588736379,"s__GGB3740_SGB5076"
"fixed",NA,"ResponseResponder:Days",0.00139222772497011,0.00049503695144136,2.81237132080035,80.995098011054,0.00616786376156018,0.000407258569399691,0.00237719688054054,"s__Fusobacterium_SGB6028"
"fixed",NA,"ResponseResponder:Days",0.000204471103049553,0.000235678866802365,0.867583529332811,48.0965169452442,0.3899305369949,-0.000269368453256914,0.00067831065935602,"s__Butyricimonas_faecihominis"
"fixed",NA,"ResponseResponder:Days",2.37792383081692e-05,0.000167011637365764,0.142380726775892,44.2016363905798,0.887426316751394,-0.000312767238172146,0.000360325714788484,"s__Clostridium_SGB48024"
"fixed",NA,"ResponseResponder:Days",-0.000290314106814795,0.000236771787845915,-1.22613470741592,44.8571416524506,0.226545952831884,-0.000767238889052644,0.000186610675423055,"s__Anaerotruncus_colihominis"
"fixed",NA,"ResponseResponder:Days",2.61954926727586e-05,0.00010105430661008,0.259221932755764,50.0328132882539,0.796527617397824,-0.000176774757510412,0.000229165742855929,"s__Bacteroides_nordii"
"fixed",NA,"ResponseResponder:Days",-3.98738839618066e-05,0.0001787366967845,-0.223087282461542,70.1877577515446,0.824115559415209,-0.000396336220596171,0.000316588452672558,"s__Bifidobacterium_dentium"
"fixed",NA,"ResponseResponder:Days",2.30012737568128e-06,9.52722930470126e-05,0.0241426683678777,44.4012038306539,0.980846986549964,-0.000189659571781408,0.00019425982653277,"s__Hungatella_hathewayi"
"fixed",NA,"ResponseResponder:Days",0.000395111093299318,0.000390921578906405,1.01071702003413,49.5770840312297,0.317059479362983,-0.000390243996316071,0.00118046618291471,"s__Veillonella_parvula"
"fixed",NA,"ResponseResponder:Days",-0.000155915038311293,6.41467549775352e-05,-2.43059899703261,72.3609030576352,0.0175535267915052,-0.000283778361872136,-2.80517147504506e-05,"s__GGB2848_SGB3813"
"fixed",NA,"ResponseResponder:Days",-7.98590318289266e-05,7.16590503998256e-05,-1.11443050645171,57.2042857411969,0.269754950003936,-0.00022334270005538,6.36246363975269e-05,"c__CFGB77566"
"fixed",NA,"ResponseResponder:Days",-7.98590318289266e-05,7.16590503998256e-05,-1.11443050645171,57.2042857411969,0.269754950003936,-0.00022334270005538,6.36246363975269e-05,"o__OFGB77566"
"fixed",NA,"ResponseResponder:Days",-7.98590318289266e-05,7.16590503998256e-05,-1.11443050645171,57.2042857411969,0.269754950003936,-0.00022334270005538,6.36246363975269e-05,"f__FGB77566"
"fixed",NA,"ResponseResponder:Days",0.000214684297485279,0.000215828225475467,0.994699822103118,58.3308599821231,0.32399080933205,-0.000217290666548494,0.000646659261519052,"g__GGB9730"
"fixed",NA,"ResponseResponder:Days",-8.38320065735787e-05,0.000850807066515494,-0.0985323346183703,56.299014259543,0.92185958543519,-0.00178800362948126,0.0016203396163341,"g__GGB4566"
"fixed",NA,"ResponseResponder:Days",-7.98590318289266e-05,7.16590503998256e-05,-1.11443050645171,57.2042857411969,0.269754950003936,-0.00022334270005538,6.36246363975269e-05,"g__GGB51139"
"fixed",NA,"ResponseResponder:Days",6.27729260792888e-05,4.05633611016958e-05,1.54752772882681,67.666735582881,0.126400591079317,-1.81772197233737e-05,0.000143723071881951,"g__Drancourtella"
"fixed",NA,"ResponseResponder:Days",0.000118175290903521,8.02816913338608e-05,1.47200798762541,83.9999999991724,0.144755566791194,-4.14736565641775e-05,0.00027782423837122,"g__Massilimicrobiota"
"fixed",NA,"ResponseResponder:Days",9.19349995323168e-07,9.38860371143322e-07,0.979219086863369,80.5427262305805,0.330403911415517,-9.48848431894914e-07,2.78754842254125e-06,"g__Catenibacillus"
"fixed",NA,"ResponseResponder:Days",0.000214684297485279,0.000215828225475467,0.994699822103118,58.3308599821231,0.32399080933205,-0.000217290666548494,0.000646659261519052,"s__GGB9730_SGB15291"
"fixed",NA,"ResponseResponder:Days",-8.38320065735787e-05,0.000850807066515494,-0.0985323346183703,56.299014259543,0.92185958543519,-0.00178800362948126,0.0016203396163341,"s__GGB4566_SGB6305"
"fixed",NA,"ResponseResponder:Days",-7.98590318289266e-05,7.16590503998256e-05,-1.11443050645171,57.2042857411969,0.269754950003936,-0.00022334270005538,6.36246363975269e-05,"s__GGB51139_SGB71360"
"fixed",NA,"ResponseResponder:Days",0.00112210327910836,0.000639881462161881,1.753611169352,47.2867507337406,0.0859772143774679,-0.000164966153172604,0.00240917271138933,"s__Clostridiaceae_unclassified_SGB15090"
"fixed",NA,"ResponseResponder:Days",0.000110004807359693,6.60464532480462e-05,1.66556721746368,44.1129409818203,0.102886827119276,-2.3093448140568e-05,0.000243103062859954,"s__GGB36331_SGB15121"
"fixed",NA,"ResponseResponder:Days",6.27729260792888e-05,4.05633611016958e-05,1.54752772882681,67.666735582881,0.126400591079317,-1.81772197233737e-05,0.000143723071881951,"s__Drancourtella_massiliensis"
"fixed",NA,"ResponseResponder:Days",0.000118175290903521,8.02816913338608e-05,1.47200798762541,83.9999999991724,0.144755566791194,-4.14736565641775e-05,0.00027782423837122,"s__Massilimicrobiota_timonensis"
"fixed",NA,"ResponseResponder:Days",5.53147571686489e-05,8.14528488811584e-05,0.67910156524242,61.7504167327337,0.499611077264945,-0.000107520259577067,0.000218149773914365,"s__Enterocloster_citroniae"
"fixed",NA,"ResponseResponder:Days",9.19349995323168e-07,9.38860371143322e-07,0.979219086863369,80.5427262305805,0.330403911415517,-9.48848431894914e-07,2.78754842254125e-06,"s__Catenibacillus_scindens"
"fixed",NA,"ResponseResponder:Days",-0.0130655461428937,0.00786927867515057,-1.66032322430667,55.1219523903619,0.102528318401036,-0.0288351488191218,0.00270405653333437,"c__CFGB2404"
"fixed",NA,"ResponseResponder:Days",5.7658305908083e-05,0.00109028007271426,0.052883939962823,55.4496804068764,0.95801444744399,-0.00212691357447201,0.00224223018628817,"c__CFGB628"
"fixed",NA,"ResponseResponder:Days",0.000160312213392306,0.00010798419477925,1.4845896079517,45.0885134428287,0.14461064932075,-5.71673355648463e-05,0.000377791762349458,"c__CFGB77988"
"fixed",NA,"ResponseResponder:Days",-0.0130655461428937,0.00786927867515057,-1.66032322430667,55.1219523903619,0.102528318401036,-0.0288351488191218,0.00270405653333437,"o__OFGB2404"
"fixed",NA,"ResponseResponder:Days",5.7658305908083e-05,0.00109028007271426,0.052883939962823,55.4496804068764,0.95801444744399,-0.00212691357447201,0.00224223018628817,"o__OFGB628"
"fixed",NA,"ResponseResponder:Days",0.000160312213392306,0.00010798419477925,1.4845896079517,45.0885134428287,0.14461064932075,-5.71673355648463e-05,0.000377791762349458,"o__OFGB77988"
"fixed",NA,"ResponseResponder:Days",-0.0130655461428937,0.00786927867515057,-1.66032322430667,55.1219523903619,0.102528318401036,-0.0288351488191218,0.00270405653333437,"f__FGB2404"
"fixed",NA,"ResponseResponder:Days",5.7658305908083e-05,0.00109028007271426,0.052883939962823,55.4496804068764,0.95801444744399,-0.00212691357447201,0.00224223018628817,"f__FGB628"
"fixed",NA,"ResponseResponder:Days",0.000160312213392306,0.00010798419477925,1.4845896079517,45.0885134428287,0.14461064932075,-5.71673355648463e-05,0.000377791762349458,"f__FGB77988"
"fixed",NA,"ResponseResponder:Days",-0.000327957269283966,0.0107925404317476,-0.0303874024246635,51.7483427026083,0.975874988074054,-0.021987281210498,0.02133136667193,"g__GGB1153"
"fixed",NA,"ResponseResponder:Days",-0.00780232398634205,0.00643636717732102,-1.21222481120003,51.969669689039,0.230908685124922,-0.0207180190390344,0.00511337106635033,"g__GGB6612"
"fixed",NA,"ResponseResponder:Days",5.7658305908083e-05,0.00109028007271426,0.052883939962823,55.4496804068764,0.95801444744399,-0.00212691357447201,0.00224223018628817,"g__GGB1492"
"fixed",NA,"ResponseResponder:Days",2.73434558588958e-05,3.84897035596096e-05,0.710409624655814,57.5198655264414,0.480320695792055,-4.97157519422478e-05,0.000104402663660039,"g__GGB79097"
"fixed",NA,"ResponseResponder:Days",-3.18239414225379e-06,4.41447466727601e-05,-0.0720899853802426,69.8690802403919,0.942736263369204,-9.12292157281406e-05,8.4864427443633e-05,"g__GGB47740"
"fixed",NA,"ResponseResponder:Days",4.2967314624434e-07,2.3687684822089e-06,0.181390941947888,45.328268352232,0.856869417106834,-4.3403180280571e-06,5.19966432054578e-06,"g__GGB9355"
"fixed",NA,"ResponseResponder:Days",-0.000327957269283966,0.0107925404317476,-0.0303874024246635,51.7483427026083,0.975874988074054,-0.021987281210498,0.02133136667193,"s__GGB1153_SGB1481"
"fixed",NA,"ResponseResponder:Days",-0.00780232398634205,0.00643636717732102,-1.21222481120003,51.969669689039,0.230908685124922,-0.0207180190390344,0.00511337106635033,"s__GGB6612_SGB9346"
"fixed",NA,"ResponseResponder:Days",5.7658305908083e-05,0.00109028007271426,0.052883939962823,55.4496804068764,0.95801444744399,-0.00212691357447201,0.00224223018628817,"s__GGB1492_SGB2067"
"fixed",NA,"ResponseResponder:Days",-6.28359932152838e-05,8.09340090432583e-05,-0.776385526407059,83.321088679492,0.439719789884222,-0.000223801308463312,9.81293220327441e-05,"s__Mediterraneibacter_SGB4586"
"fixed",NA,"ResponseResponder:Days",-7.12940131373653e-05,0.000597526331931694,-0.119315265834201,73.5496948796412,0.905350889901088,-0.00126201235000542,0.00111942432373069,"s__GGB9480_SGB14873"
"fixed",NA,"ResponseResponder:Days",0.000721137834178847,0.00048630890833416,1.48288016489167,49.8400380849193,0.144402469729463,-0.00025572003594451,0.0016979957043022,"s__Butyricimonas_paravirosa"
"fixed",NA,"ResponseResponder:Days",2.73434558588958e-05,3.84897035596096e-05,0.710409624655814,57.5198655264414,0.480320695792055,-4.97157519422478e-05,0.000104402663660039,"s__GGB79097_SGB105802"
"fixed",NA,"ResponseResponder:Days",0.000237105864533353,0.000352887130848577,0.671902837497054,74.3857353230077,0.503727093997505,-0.0004659765126897,0.000940188241756406,"s__Blautia_marasmi"
"fixed",NA,"ResponseResponder:Days",-3.18239414225379e-06,4.41447466727601e-05,-0.0720899853802426,69.8690802403919,0.942736263369204,-9.12292157281406e-05,8.4864427443633e-05,"s__GGB47740_SGB65712"
"fixed",NA,"ResponseResponder:Days",4.2967314624434e-07,2.3687684822089e-06,0.181390941947888,45.328268352232,0.856869417106834,-4.3403180280571e-06,5.19966432054578e-06,"s__GGB9355_SGB14328"
"fixed",NA,"ResponseResponder:Days",-4.93827709723563e-05,0.0015622825485118,-0.0316093724655616,45.2486931153893,0.974922587110816,-0.00319550408705611,0.0030967385451114,"p__Candidatus_Melainabacteria"
"fixed",NA,"ResponseResponder:Days",-6.43269844295902e-05,0.000539927329069712,-0.119140078610995,47.9031015021985,0.905662618308036,-0.00114998037204202,0.00102132640318284,"c__CFGB2107"
"fixed",NA,"ResponseResponder:Days",-4.5492521177743e-05,0.000105919278261251,-0.429501804813429,48.195540806332,0.669472184603314,-0.00025843518386144,0.000167450141505954,"c__CFGB668"
"fixed",NA,"ResponseResponder:Days",0.000536018116235469,0.000681803729182636,0.786176568553037,67.6194567364474,0.434510500547671,-0.000824638694213524,0.00189667492668446,"c__CFGB2106"
"fixed",NA,"ResponseResponder:Days",0.000345291345346133,0.000798221567487307,0.432575815300334,80.3578179097722,0.666481679595714,-0.00124311161872655,0.00193369430941881,"c__CFGB2890"
"fixed",NA,"ResponseResponder:Days",-2.58613531922288e-06,3.52069173790528e-06,-0.734553182086189,83.9258817092196,0.464659124415956,-9.58750728262717e-06,4.41523664418142e-06,"c__CFGB9115"
"fixed",NA,"ResponseResponder:Days",-0.00019493913703993,0.00114015936604757,-0.17097534155747,44.8768649508529,0.865011731575692,-0.00249151190309066,0.0021016336290108,"c__Candidatus_Melainabacteria_unclassified"
"fixed",NA,"ResponseResponder:Days",-6.43269844295902e-05,0.000539927329069712,-0.119140078610995,47.9031015021985,0.905662618308036,-0.00114998037204202,0.00102132640318284,"o__OFGB2107"
"fixed",NA,"ResponseResponder:Days",-4.5492521177743e-05,0.000105919278261251,-0.429501804813429,48.195540806332,0.669472184603314,-0.00025843518386144,0.000167450141505954,"o__OFGB668"
"fixed",NA,"ResponseResponder:Days",0.000536018116235469,0.000681803729182636,0.786176568553037,67.6194567364474,0.434510500547671,-0.000824638694213524,0.00189667492668446,"o__OFGB2106"
"fixed",NA,"ResponseResponder:Days",0.000345291345346133,0.000798221567487307,0.432575815300334,80.3578179097722,0.666481679595714,-0.00124311161872655,0.00193369430941881,"o__OFGB2890"
"fixed",NA,"ResponseResponder:Days",-2.58613531922288e-06,3.52069173790528e-06,-0.734553182086189,83.9258817092196,0.464659124415956,-9.58750728262717e-06,4.41523664418142e-06,"o__OFGB9115"
"fixed",NA,"ResponseResponder:Days",-0.00019493913703993,0.00114015936604757,-0.17097534155747,44.8768649508529,0.865011731575692,-0.00249151190309066,0.0021016336290108,"o__Candidatus_Gastranaerophilales"
"fixed",NA,"ResponseResponder:Days",-6.43269844295902e-05,0.000539927329069712,-0.119140078610995,47.9031015021985,0.905662618308036,-0.00114998037204202,0.00102132640318284,"f__FGB2107"
"fixed",NA,"ResponseResponder:Days",-4.5492521177743e-05,0.000105919278261251,-0.429501804813429,48.195540806332,0.669472184603314,-0.00025843518386144,0.000167450141505954,"f__FGB668"
"fixed",NA,"ResponseResponder:Days",0.000536018116235469,0.000681803729182636,0.786176568553037,67.6194567364474,0.434510500547671,-0.000824638694213524,0.00189667492668446,"f__FGB2106"
"fixed",NA,"ResponseResponder:Days",0.000345291345346133,0.000798221567487307,0.432575815300334,80.3578179097722,0.666481679595714,-0.00124311161872655,0.00193369430941881,"f__FGB2890"
"fixed",NA,"ResponseResponder:Days",-2.58613531922288e-06,3.52069173790528e-06,-0.734553182086189,83.9258817092196,0.464659124415956,-9.58750728262717e-06,4.41523664418142e-06,"f__FGB9115"
"fixed",NA,"ResponseResponder:Days",-0.00019493913703993,0.00114015936604757,-0.17097534155747,44.8768649508529,0.865011731575692,-0.00249151190309066,0.0021016336290108,"f__Candidatus_Gastranaerophilales_unclassified"
"fixed",NA,"ResponseResponder:Days",-0.0272280785489401,0.0101272906904279,-2.68858467493932,68.959352817441,0.00898935047714388,-0.0474316831325591,-0.00702447396532107,"g__Prevotella"
"fixed",NA,"ResponseResponder:Days",0.00191965000332998,0.00169405908022621,1.13316591241531,78.6475216162663,0.26058721088726,-0.00145252524025198,0.00529182524691193,"g__GGB4599"
"fixed",NA,"ResponseResponder:Days",-0.000423523501226745,0.00127685491563244,-0.331692736615239,51.9121318146398,0.741456720888028,-0.00298582357128049,0.002138776568827,"g__GGB4571"
"fixed",NA,"ResponseResponder:Days",-0.000224078874871134,0.000303930691604992,-0.737269650813552,72.5948627063555,0.463334695311011,-0.000829868825884912,0.000381711076142644,"g__GGB5997"
"fixed",NA,"ResponseResponder:Days",-4.5492521177743e-05,0.000105919278261251,-0.429501804813429,48.195540806332,0.669472184603314,-0.00025843518386144,0.000167450141505954,"g__GGB1663"
"fixed",NA,"ResponseResponder:Days",5.94849072698495e-05,0.000436313569828345,0.13633522169217,44.399613500474,0.89217258772077,-0.000819623833273291,0.00093859364781299,"g__GGB6007"
"fixed",NA,"ResponseResponder:Days",0.000536018116235469,0.000681803729182636,0.786176568553037,67.6194567364474,0.434510500547671,-0.000824638694213524,0.00189667492668446,"g__GGB5980"
"fixed",NA,"ResponseResponder:Days",-3.79732563594417e-05,0.000131321221308433,-0.289163137390066,51.7342332123037,0.77361217175621,-0.000301520791546026,0.000225574278827143,"g__GGB9501"
"fixed",NA,"ResponseResponder:Days",-7.16557453336903e-05,0.000270363134735878,-0.265035192034195,79.4367719586169,0.791668882814889,-0.000609754100226593,0.000466442609559213,"g__GGB9523"
"fixed",NA,"ResponseResponder:Days",0.00032921460632448,0.000797759785067034,0.412673855572724,80.2926257859495,0.680945450249312,-0.00125828914216416,0.00191671835481312,"g__GGB9198"
"fixed",NA,"ResponseResponder:Days",0.000303559674673339,0.000515123050169343,0.589295459742184,77.1306773774011,0.557385246184857,-0.000722153630159796,0.00132927297950647,"g__GGB3548"
"fixed",NA,"ResponseResponder:Days",-7.53596290852749e-05,0.000187563689486083,-0.401781545733917,67.1447212860539,0.68912083188609,-0.00044972348804421,0.00029900422987366,"g__GGB9186"
"fixed",NA,"ResponseResponder:Days",-4.20068954326931e-05,3.45659784821534e-05,-1.21526707118624,78.7792542647573,0.22789383629745,-0.000110811752308772,2.67979614433856e-05,"g__GGB4593"
"fixed",NA,"ResponseResponder:Days",-0.000102910318527473,0.000244940505353378,-0.420144142264273,48.4531049221926,0.676237542970384,-0.000595277262530425,0.00038945662547548,"g__GGB9509"
"fixed",NA,"ResponseResponder:Days",-2.58613531922288e-06,3.52069173790528e-06,-0.734553182086189,83.9258817092196,0.464659124415956,-9.58750728262717e-06,4.41523664418142e-06,"g__GGB4617"
"fixed",NA,"ResponseResponder:Days",-0.00019493913703993,0.00114015936604757,-0.17097534155747,44.8768649508529,0.865011731575692,-0.00249151190309066,0.0021016336290108,"g__Candidatus_Gastranaerophilales_unclassified"
"fixed",NA,"ResponseResponder:Days",-0.0231938694963994,0.0100830936973005,-2.30027312972495,68.18119986101,0.0244986452946293,-0.0433134015207367,-0.00307433747206207,"s__Prevotella_stercorea"
"fixed",NA,"ResponseResponder:Days",0.00191965000332998,0.00169405908022621,1.13316591241531,78.6475216162663,0.26058721088726,-0.00145252524025198,0.00529182524691193,"s__GGB4599_SGB6362"
"fixed",NA,"ResponseResponder:Days",0.000137519590539729,0.000947171759502612,0.145189707315539,48.4834050197631,0.885163012634045,-0.00176640645377554,0.002041445634855,"s__GGB4571_SGB6317"
"fixed",NA,"ResponseResponder:Days",-0.000224078874871134,0.000303930691604992,-0.737269650813552,72.5948627063555,0.463334695311011,-0.000829868825884912,0.000381711076142644,"s__GGB5997_SGB8620"
"fixed",NA,"ResponseResponder:Days",-4.5492521177743e-05,0.000105919278261251,-0.429501804813429,48.195540806332,0.669472184603314,-0.00025843518386144,0.000167450141505954,"s__GGB1663_SGB2279"
"fixed",NA,"ResponseResponder:Days",0.000567563359957839,0.000402775450496554,1.40913096679087,69.9670207702642,0.163225503724903,-0.000235753603217009,0.00137088032313269,"s__Clostridia_bacterium"
"fixed",NA,"ResponseResponder:Days",1.56215738553682e-05,0.000321070527578765,0.048654649098977,80.7814347271606,0.961314611928956,-0.000623234266749299,0.000654477414460035,"s__GGB6007_SGB8634"
"fixed",NA,"ResponseResponder:Days",0.000536018116235469,0.000681803729182636,0.786176568553037,67.6194567364474,0.434510500547671,-0.000824638694213524,0.00189667492668446,"s__GGB5980_SGB8599"
"fixed",NA,"ResponseResponder:Days",-3.79732563594417e-05,0.000131321221308433,-0.289163137390066,51.7342332123037,0.77361217175621,-0.000301520791546026,0.000225574278827143,"s__GGB9501_SGB14898"
"fixed",NA,"ResponseResponder:Days",-7.16557453336903e-05,0.000270363134735878,-0.265035192034195,79.4367719586169,0.791668882814889,-0.000609754100226593,0.000466442609559213,"s__GGB9523_SGB14922"
"fixed",NA,"ResponseResponder:Days",-3.60573072387857e-05,3.57398203481663e-05,-1.00888328165969,46.43788538271,0.318258762900197,-0.000107979532842702,3.58649183651306e-05,"s__GGB9719_SGB53514"
"fixed",NA,"ResponseResponder:Days",0.00032921460632448,0.000797759785067034,0.412673855572724,80.2926257859495,0.680945450249312,-0.00125828914216416,0.00191671835481312,"s__GGB9198_SGB14137"
"fixed",NA,"ResponseResponder:Days",0.000183187488208702,0.00015200787127037,1.20511843681354,82.5291665978492,0.231601817168359,-0.000119175564796827,0.000485550541214232,"s__GGB9619_SGB15067"
"fixed",NA,"ResponseResponder:Days",0.000303559674673339,0.000515123050169343,0.589295459742184,77.1306773774011,0.557385246184857,-0.000722153630159796,0.00132927297950647,"s__GGB3548_SGB4744"
"fixed",NA,"ResponseResponder:Days",-7.53596290852749e-05,0.000187563689486083,-0.401781545733917,67.1447212860539,0.68912083188609,-0.00044972348804421,0.00029900422987366,"s__GGB9186_SGB14125"
"fixed",NA,"ResponseResponder:Days",-4.55588666929181e-05,5.03194959251615e-05,-0.905391953064797,79.3548249341295,0.367998533906519,-0.000145710354976198,5.45926215903619e-05,"s__Holdemania_sp_1001095H_141210_F2"
"fixed",NA,"ResponseResponder:Days",-4.20068954326931e-05,3.45659784821534e-05,-1.21526707118624,78.7792542647573,0.22789383629745,-0.000110811752308772,2.67979614433856e-05,"s__GGB4593_SGB6353"
"fixed",NA,"ResponseResponder:Days",1.1955305146006e-05,2.2912042046867e-05,0.521791341057738,59.3723422173761,0.603756851568245,-3.3885569979129e-05,5.7796180271141e-05,"s__Intestinimonas_gabonensis"
"fixed",NA,"ResponseResponder:Days",-0.000102910318527473,0.000244940505353378,-0.420144142264273,48.4531049221926,0.676237542970384,-0.000595277262530425,0.00038945662547548,"s__GGB9509_SGB14906"
"fixed",NA,"ResponseResponder:Days",-2.58613531922288e-06,3.52069173790528e-06,-0.734553182086189,83.9258817092196,0.464659124415956,-9.58750728262717e-06,4.41523664418142e-06,"s__GGB4617_SGB6392"
"fixed",NA,"ResponseResponder:Days",-0.00019493913703993,0.00114015936604757,-0.17097534155747,44.8768649508529,0.865011731575692,-0.00249151190309066,0.0021016336290108,"s__Candidatus_Gastranaerophilales_bacterium"
"fixed",NA,"ResponseResponder:Days",0.00049785813228881,0.00055003350526714,0.905141464149553,82.7134249489934,0.368019445835611,-0.000596192445145837,0.00159190870972346,"s__Streptococcus_vestibularis"
"fixed",NA,"ResponseResponder:Days",0.000211126635724595,0.000280999298351704,0.751342216735163,44.2998826223744,0.45641980026127,-0.000355081980598527,0.000777335252047716,"s__Veillonella_dispar"
"fixed",NA,"ResponseResponder:Days",0.00494496584423822,0.0042214013388229,1.17140386505328,70.009008169369,0.245407879292697,-0.00347433460363068,0.0133642662921071,"c__CFGB14936"
"fixed",NA,"ResponseResponder:Days",0.000490325658548561,0.000527838612989515,0.928931015053083,53.5184531975062,0.357095808600551,-0.000568145161040235,0.00154879647813736,"c__CFGB1380"
"fixed",NA,"ResponseResponder:Days",0.00494496584423822,0.0042214013388229,1.17140386505328,70.009008169369,0.245407879292697,-0.00347433460363068,0.0133642662921071,"o__OFGB14936"
"fixed",NA,"ResponseResponder:Days",0.000490325658548561,0.000527838612989515,0.928931015053083,53.5184531975062,0.357095808600551,-0.000568145161040235,0.00154879647813736,"o__OFGB1380"
"fixed",NA,"ResponseResponder:Days",0.00494496584423822,0.0042214013388229,1.17140386505328,70.009008169369,0.245407879292697,-0.00347433460363068,0.0133642662921071,"f__FGB14936"
"fixed",NA,"ResponseResponder:Days",0.000490325658548561,0.000527838612989515,0.928931015053083,53.5184531975062,0.357095808600551,-0.000568145161040235,0.00154879647813736,"f__FGB1380"
"fixed",NA,"ResponseResponder:Days",-0.00527893462551344,0.00328905096934802,-1.60500237749732,76.6546763423024,0.112605593346227,-0.0118287427072085,0.00127087345618156,"g__GGB6613"
"fixed",NA,"ResponseResponder:Days",0.00494496584423822,0.0042214013388229,1.17140386505328,70.009008169369,0.245407879292697,-0.00347433460363068,0.0133642662921071,"g__GGB3256"
"fixed",NA,"ResponseResponder:Days",-0.000797554742900454,0.000381663160629508,-2.08968227791486,80.97928450786,0.0397848020306077,-0.00155694765864902,-3.81618271518869e-05,"g__Jutongia"
"fixed",NA,"ResponseResponder:Days",-0.000359599279312881,0.000135551958754708,-2.65285195888319,80.8579106484728,0.00960494062965801,-0.000629312342652629,-8.98862159731321e-05,"g__GGB9621"
"fixed",NA,"ResponseResponder:Days",-0.000431293858288008,0.000401547656792445,-1.07407888202654,80.2579070356343,0.286005997016149,-0.00123035974249896,0.000367772025922946,"g__GGB28640"
"fixed",NA,"ResponseResponder:Days",0.000854163932454145,0.000411252673931307,2.07698086018237,45.668735440759,0.0434566012055775,2.6193166298461e-05,0.00168213469860983,"g__GGB3363"
"fixed",NA,"ResponseResponder:Days",-0.000838515846843109,0.000282531479064886,-2.96786697757858,47.6338341308326,0.00468053786252254,-0.00140669629253492,-0.000270335401151302,"s__Bacteroides_propionicigenes"
"fixed",NA,"ResponseResponder:Days",-0.00527893462551344,0.00328905096934802,-1.60500237749732,76.6546763423024,0.112605593346227,-0.0118287427072085,0.00127087345618156,"s__GGB6613_SGB9347"
"fixed",NA,"ResponseResponder:Days",0.00494496584423822,0.0042214013388229,1.17140386505328,70.009008169369,0.245407879292697,-0.00347433460363068,0.0133642662921071,"s__GGB3256_SGB4303"
"fixed",NA,"ResponseResponder:Days",-0.0010092024149349,0.000266958916047477,-3.78036601989881,72.5436454838472,0.000318814200296442,-0.00154130715998223,-0.000477097669887574,"s__Jutongia_hominis"
"fixed",NA,"ResponseResponder:Days",-0.000359599279312881,0.000135551958754708,-2.65285195888319,80.8579106484728,0.00960494062965801,-0.000629312342652629,-8.98862159731321e-05,"s__GGB9621_SGB15073"
"fixed",NA,"ResponseResponder:Days",-0.000431293858288008,0.000401547656792445,-1.07407888202654,80.2579070356343,0.286005997016149,-0.00123035974249896,0.000367772025922946,"s__GGB28640_SGB4673"
"fixed",NA,"ResponseResponder:Days",-1.74388718956391e-05,1.64481439157818e-05,-1.06023342116472,44.6680876372406,0.294737846745069,-5.05739299241452e-05,1.56961861328671e-05,"s__Eubacterium_callanderi"
"fixed",NA,"ResponseResponder:Days",0.000124527005239994,0.000318997276302978,0.390370120658086,82.7116960606668,0.697266443987963,-0.000509978455356982,0.00075903246583697,"s__GGB3363_SGB4447"
"fixed",NA,"ResponseResponder:Days",0.000531484994830947,0.0006281561187408,0.846103347518703,61.6156121331926,0.400769149168248,-0.000724337036636348,0.00178730702629824,"p__Candidatus_Thermoplasmatota"
"fixed",NA,"ResponseResponder:Days",0.000531484994830947,0.0006281561187408,0.846103347518703,61.6156121331926,0.400769149168248,-0.000724337036636348,0.00178730702629824,"c__Thermoplasmata"
"fixed",NA,"ResponseResponder:Days",-0.000166787881333391,0.000286767355061846,-0.581613905451061,82.6888969434288,0.562409006189761,-0.000737188354301534,0.000403612591634752,"c__CFGB2839"
"fixed",NA,"ResponseResponder:Days",0.000868478391357452,0.000434737168438653,1.99770908587496,69.7440835362747,0.0496498278367877,1.36651043927422e-06,0.00173559027227563,"c__CFGB2985"
"fixed",NA,"ResponseResponder:Days",9.60123928856452e-05,0.000460326450219076,0.208574573196807,58.0232792226914,0.83551082831118,-0.000825423239869652,0.00101744802564094,"c__CFGB9989"
"fixed",NA,"ResponseResponder:Days",0.000277775310584573,0.000186348304489745,1.490624298113,64.6577234715616,0.140922745420429,-9.44253045619397e-05,0.000649975925731085,"c__CFGB2960"
"fixed",NA,"ResponseResponder:Days",6.5432510389705e-05,9.14624354045895e-05,0.715403106207051,81.247826506013,0.476410874050813,-0.000116540632045104,0.000247405652824514,"c__CFGB45555"
"fixed",NA,"ResponseResponder:Days",-3.64576682699308e-05,4.17059618241629e-05,-0.87415963270768,70.1145312590141,0.385015728449646,-0.000119635197586765,4.67198610469034e-05,"c__CFGB10021"
"fixed",NA,"ResponseResponder:Days",4.88526137521183e-05,6.23902161100115e-05,0.78301722286035,81.7720243654678,0.435878884750757,-7.52665817374684e-05,0.000172971809241705,"c__CFGB2950"
"fixed",NA,"ResponseResponder:Days",0.000155917885722753,0.000115463969910577,1.35035964763299,74.244008266449,0.181002662817419,-7.41365333800894e-05,0.000385972304825596,"c__CFGB2844"
"fixed",NA,"ResponseResponder:Days",-2.87241825231401e-05,2.5621076519546e-05,-1.12111536379929,72.5172629265781,0.265937664741532,-7.97926416131986e-05,2.23442765669183e-05,"c__CFGB1838"
"fixed",NA,"ResponseResponder:Days",0.000108200413367597,0.000113099439984435,0.956683900313631,45.3339138310491,0.343801036178218,-0.000119547251335194,0.000335948078070387,"c__CFGB2918"
"fixed",NA,"ResponseResponder:Days",-5.11502312975732e-05,3.66977308379238e-05,-1.39382545268205,44.6757520843664,0.170265151368851,-0.000125078064457103,2.27776018619563e-05,"c__CFGB9272"
"fixed",NA,"ResponseResponder:Days",-0.00012940913990293,5.23249311243523e-05,-2.47318318671809,79.0223016275817,0.0155370052834844,-0.000233558853034771,-2.52594267710898e-05,"c__CFGB2997"
"fixed",NA,"ResponseResponder:Days",3.05976646070388e-07,1.80568180026646e-05,0.0169452140474161,43.72679058129,0.986557406121126,-3.6091572023622e-05,3.67035253157627e-05,"c__CFGB3048"
"fixed",NA,"ResponseResponder:Days",-3.82560600776226e-05,4.35746156697998e-05,-0.877943717680033,83.9999999980215,0.382478533711507,-0.000124908962033368,4.83968418781222e-05,"c__CFGB9714"
"fixed",NA,"ResponseResponder:Days",0.000531484994830947,0.0006281561187408,0.846103347518703,61.6156121331926,0.400769149168248,-0.000724337036636348,0.00178730702629824,"o__Methanomassiliicoccales"
"fixed",NA,"ResponseResponder:Days",-0.000166787881333391,0.000286767355061846,-0.581613905451061,82.6888969434288,0.562409006189761,-0.000737188354301534,0.000403612591634752,"o__OFGB2839"
"fixed",NA,"ResponseResponder:Days",0.000868478391357452,0.000434737168438653,1.99770908587496,69.7440835362747,0.0496498278367877,1.36651043927422e-06,0.00173559027227563,"o__OFGB2985"
"fixed",NA,"ResponseResponder:Days",9.60123928856452e-05,0.000460326450219076,0.208574573196807,58.0232792226914,0.83551082831118,-0.000825423239869652,0.00101744802564094,"o__OFGB9989"
"fixed",NA,"ResponseResponder:Days",0.000277775310584573,0.000186348304489745,1.490624298113,64.6577234715616,0.140922745420429,-9.44253045619397e-05,0.000649975925731085,"o__OFGB2960"
"fixed",NA,"ResponseResponder:Days",6.5432510389705e-05,9.14624354045895e-05,0.715403106207051,81.247826506013,0.476410874050813,-0.000116540632045104,0.000247405652824514,"o__OFGB45555"
"fixed",NA,"ResponseResponder:Days",-3.64576682699308e-05,4.17059618241629e-05,-0.87415963270768,70.1145312590141,0.385015728449646,-0.000119635197586765,4.67198610469034e-05,"o__OFGB10021"
"fixed",NA,"ResponseResponder:Days",4.88526137521183e-05,6.23902161100115e-05,0.78301722286035,81.7720243654678,0.435878884750757,-7.52665817374684e-05,0.000172971809241705,"o__OFGB2950"
"fixed",NA,"ResponseResponder:Days",0.000155917885722753,0.000115463969910577,1.35035964763299,74.244008266449,0.181002662817419,-7.41365333800894e-05,0.000385972304825596,"o__OFGB2844"
"fixed",NA,"ResponseResponder:Days",-2.87241825231401e-05,2.5621076519546e-05,-1.12111536379929,72.5172629265781,0.265937664741532,-7.97926416131986e-05,2.23442765669183e-05,"o__OFGB1838"
"fixed",NA,"ResponseResponder:Days",0.000108200413367597,0.000113099439984435,0.956683900313631,45.3339138310491,0.343801036178218,-0.000119547251335194,0.000335948078070387,"o__OFGB2918"
"fixed",NA,"ResponseResponder:Days",-5.11502312975732e-05,3.66977308379238e-05,-1.39382545268205,44.6757520843664,0.170265151368851,-0.000125078064457103,2.27776018619563e-05,"o__OFGB9272"
"fixed",NA,"ResponseResponder:Days",-0.00012940913990293,5.23249311243523e-05,-2.47318318671809,79.0223016275817,0.0155370052834844,-0.000233558853034771,-2.52594267710898e-05,"o__OFGB2997"
"fixed",NA,"ResponseResponder:Days",3.05976646070388e-07,1.80568180026646e-05,0.0169452140474161,43.72679058129,0.986557406121126,-3.6091572023622e-05,3.67035253157627e-05,"o__OFGB3048"
"fixed",NA,"ResponseResponder:Days",-3.82560600776226e-05,4.35746156697998e-05,-0.877943717680033,83.9999999980215,0.382478533711507,-0.000124908962033368,4.83968418781222e-05,"o__OFGB9714"
"fixed",NA,"ResponseResponder:Days",0.000531484994830947,0.0006281561187408,0.846103347518703,61.6156121331926,0.400769149168248,-0.000724337036636348,0.00178730702629824,"f__Methanomassiliicoccaceae"
"fixed",NA,"ResponseResponder:Days",-0.000166787881333391,0.000286767355061846,-0.581613905451061,82.6888969434288,0.562409006189761,-0.000737188354301534,0.000403612591634752,"f__FGB2839"
"fixed",NA,"ResponseResponder:Days",0.000868478391357452,0.000434737168438653,1.99770908587496,69.7440835362747,0.0496498278367877,1.36651043927422e-06,0.00173559027227563,"f__FGB2985"
"fixed",NA,"ResponseResponder:Days",9.60123928856452e-05,0.000460326450219076,0.208574573196807,58.0232792226914,0.83551082831118,-0.000825423239869652,0.00101744802564094,"f__FGB9989"
"fixed",NA,"ResponseResponder:Days",0.000277775310584573,0.000186348304489745,1.490624298113,64.6577234715616,0.140922745420429,-9.44253045619397e-05,0.000649975925731085,"f__FGB2960"
"fixed",NA,"ResponseResponder:Days",6.5432510389705e-05,9.14624354045895e-05,0.715403106207051,81.247826506013,0.476410874050813,-0.000116540632045104,0.000247405652824514,"f__FGB45555"
"fixed",NA,"ResponseResponder:Days",-3.64576682699308e-05,4.17059618241629e-05,-0.87415963270768,70.1145312590141,0.385015728449646,-0.000119635197586765,4.67198610469034e-05,"f__FGB10021"
"fixed",NA,"ResponseResponder:Days",4.88526137521183e-05,6.23902161100115e-05,0.78301722286035,81.7720243654678,0.435878884750757,-7.52665817374684e-05,0.000172971809241705,"f__FGB2950"
"fixed",NA,"ResponseResponder:Days",0.000155917885722753,0.000115463969910577,1.35035964763299,74.244008266449,0.181002662817419,-7.41365333800894e-05,0.000385972304825596,"f__FGB2844"
"fixed",NA,"ResponseResponder:Days",-2.87241825231401e-05,2.5621076519546e-05,-1.12111536379929,72.5172629265781,0.265937664741532,-7.97926416131986e-05,2.23442765669183e-05,"f__FGB1838"
"fixed",NA,"ResponseResponder:Days",0.000108200413367597,0.000113099439984435,0.956683900313631,45.3339138310491,0.343801036178218,-0.000119547251335194,0.000335948078070387,"f__FGB2918"
"fixed",NA,"ResponseResponder:Days",-5.11502312975732e-05,3.66977308379238e-05,-1.39382545268205,44.6757520843664,0.170265151368851,-0.000125078064457103,2.27776018619563e-05,"f__FGB9272"
"fixed",NA,"ResponseResponder:Days",-0.00012940913990293,5.23249311243523e-05,-2.47318318671809,79.0223016275817,0.0155370052834844,-0.000233558853034771,-2.52594267710898e-05,"f__FGB2997"
"fixed",NA,"ResponseResponder:Days",-3.941137684974e-06,2.47415824060886e-05,-0.159292062257268,51.2932288679904,0.874064354055452,-5.36050434915806e-05,4.57227681216326e-05,"f__Oxalobacteraceae"
"fixed",NA,"ResponseResponder:Days",-0.000399017584862204,0.0039179564000504,-0.101843293829679,82.429098002871,0.919128396799054,-0.00819247354818525,0.00739443837846084,"f__Enterococcaceae"
"fixed",NA,"ResponseResponder:Days",3.05976646070388e-07,1.80568180026646e-05,0.0169452140474161,43.72679058129,0.986557406121126,-3.6091572023622e-05,3.67035253157627e-05,"f__FGB3048"
"fixed",NA,"ResponseResponder:Days",-3.82560600776226e-05,4.35746156697998e-05,-0.877943717680033,83.9999999980215,0.382478533711507,-0.000124908962033368,4.83968418781222e-05,"f__FGB9714"
"fixed",NA,"ResponseResponder:Days",0.00126606061994916,0.0059500973624507,0.212779815661319,76.9247783860366,0.832061570882973,-0.0105822818034188,0.0131144030433172,"g__GGB4567"
"fixed",NA,"ResponseResponder:Days",0.000529710504250522,0.000627346573788482,0.844366617086397,61.8580057110509,0.401718372401874,-0.000724394692771222,0.00178381570127227,"g__Methanomassiliicoccaceae_unclassified"
"fixed",NA,"ResponseResponder:Days",0.000168469964866753,0.000652005863413149,0.258387192999828,55.1209426676314,0.797070481641043,-0.00113811454649226,0.00147505447622576,"g__GGB9710"
"fixed",NA,"ResponseResponder:Days",-0.000166787881333391,0.000286767355061846,-0.581613905451061,82.6888969434288,0.562409006189761,-0.000737188354301534,0.000403612591634752,"g__GGB9088"
"fixed",NA,"ResponseResponder:Days",0.000624417812418442,0.000424106084759985,1.47231514674405,70.9367719953574,0.145358880148866,-0.000221238764694485,0.00147007438953137,"g__GGB9349"
"fixed",NA,"ResponseResponder:Days",0.000230196460168198,0.000132358126988841,1.73919399892691,53.600942218908,0.0877411594073977,-3.52108607611688e-05,0.000495603781097565,"g__GGB9642"
"fixed",NA,"ResponseResponder:Days",9.60123928856452e-05,0.000460326450219076,0.208574573196807,58.0232792226914,0.83551082831118,-0.000825423239869652,0.00101744802564094,"g__GGB9712"
"fixed",NA,"ResponseResponder:Days",-6.66863108396419e-05,0.000115927987869032,-0.575239095109457,80.6572572543733,0.566730903862634,-0.000297361502310463,0.000163988880631179,"g__Butyricicoccus"
"fixed",NA,"ResponseResponder:Days",0.000264802761859151,0.00018322287914591,1.44524943114924,64.4075567262818,0.153235955271046,-0.000101182415290359,0.000630787939008662,"g__GGB9302"
"fixed",NA,"ResponseResponder:Days",-0.0012860360908838,0.000694794332082245,-1.85095938682984,71.141282647808,0.0683266749272087,-0.00267136896487045,9.92967831028604e-05,"g__GGB13493"
"fixed",NA,"ResponseResponder:Days",4.63689571085327e-05,9.07829323280339e-05,0.510767342709131,81.7952037351683,0.610889799622771,-0.000134233984912013,0.000226971899129079,"g__GGB9701"
"fixed",NA,"ResponseResponder:Days",3.00893600307185e-06,8.12448285494001e-05,0.0370354157525521,83.7113746452532,0.970544943541183,-0.000158563454594716,0.00016458132660086,"g__GGB9623"
"fixed",NA,"ResponseResponder:Days",2.82913910001178e-05,5.14740084231002e-05,0.549624788642289,48.3359622274936,0.585107432994329,-7.51854588666093e-05,0.000131768240866845,"g__GGB9819"
"fixed",NA,"ResponseResponder:Days",-6.2788470611242e-05,6.04235009771672e-05,-1.03913989748738,78.4754696168115,0.301930803292462,-0.000183070941486579,5.74940002640947e-05,"g__GGB9593"
"fixed",NA,"ResponseResponder:Days",-8.18221018421685e-05,0.00014513459394326,-0.563767049736996,71.6879353786336,0.574672102628533,-0.000371164145972798,0.000207519942288462,"g__GGB6568"
"fixed",NA,"ResponseResponder:Days",-3.64576682699308e-05,4.17059618241629e-05,-0.87415963270768,70.1145312590141,0.385015728449646,-0.000119635197586765,4.67198610469034e-05,"g__GGB71580"
"fixed",NA,"ResponseResponder:Days",4.88526137521183e-05,6.23902161100115e-05,0.78301722286035,81.7720243654678,0.435878884750757,-7.52665817374684e-05,0.000172971809241705,"g__GGB9291"
"fixed",NA,"ResponseResponder:Days",9.00182974667183e-05,5.16178016875902e-05,1.74393900018335,64.0961939798442,0.0859639755926186,-1.30971352422861e-05,0.000193133730175723,"g__GGB9786"
"fixed",NA,"ResponseResponder:Days",0.000155917885722753,0.000115463969910577,1.35035964763299,74.244008266449,0.181002662817419,-7.41365333800894e-05,0.000385972304825596,"g__GGB9110"
"fixed",NA,"ResponseResponder:Days",0.000150444162330403,8.97878320887304e-05,1.67555178503174,82.7482177720545,0.0976010152549798,-2.81482609090143e-05,0.000329036585569819,"g__GGB9348"
"fixed",NA,"ResponseResponder:Days",-2.87241825231401e-05,2.5621076519546e-05,-1.12111536379929,72.5172629265781,0.265937664741532,-7.97926416131986e-05,2.23442765669183e-05,"g__GGB4884"
"fixed",NA,"ResponseResponder:Days",-0.000453124166813242,0.000649006094833123,-0.69818168183729,44.7030234243796,0.488679704130405,-0.00176052926582856,0.000854280932202075,"g__Negativibacillus"
"fixed",NA,"ResponseResponder:Days",-0.00089727994888507,0.000915740556200228,-0.979840788758162,48.5797142649029,0.33201936291949,-0.0027379322886454,0.00094337239087526,"g__GGB41366"
"fixed",NA,"ResponseResponder:Days",6.60710115000507e-05,9.27093940642955e-05,0.712667925045754,71.4613518160283,0.478371878244029,-0.000118765590771078,0.000250907613771179,"g__GGB9637"
"fixed",NA,"ResponseResponder:Days",1.37955011485235e-05,2.0370163584779e-05,0.677240567612906,81.9273708946156,0.500161263039861,-2.67277811319544e-05,5.43187834290013e-05,"g__GGB9199"
"fixed",NA,"ResponseResponder:Days",9.5430777990463e-06,1.89203742233718e-05,0.504381027900495,82.6230357160902,0.615336122918538,-2.80913248890098e-05,4.71774804871024e-05,"g__GGB9640"
"fixed",NA,"ResponseResponder:Days",4.35177954875157e-05,6.55270762419867e-05,0.664119292104651,74.6678785323118,0.508659600269267,-8.7028351837703e-05,0.000174063942812734,"g__GGB9289"
"fixed",NA,"ResponseResponder:Days",1.34576760983215e-07,1.22154506116381e-05,0.0110169297279135,83.9999999962283,0.991236063172224,-2.41571864118007e-05,2.44263399337671e-05,"g__GGB38145"
"fixed",NA,"ResponseResponder:Days",-5.11502312975732e-05,3.66977308379238e-05,-1.39382545268205,44.6757520843664,0.170265151368851,-0.000125078064457103,2.27776018619563e-05,"g__GGB9296"
"fixed",NA,"ResponseResponder:Days",-5.70909227138209e-05,0.000102802631613288,-0.555344953897477,73.087370962344,0.580354612474329,-0.000261972145848447,0.000147790300420805,"g__GGB9590"
"fixed",NA,"ResponseResponder:Days",-5.23201256622538e-05,2.53080426875965e-05,-2.0673319666833,75.9964493662988,0.0421077491688186,-0.000102725499171482,-1.91475215302524e-06,"g__GGB9444"
"fixed",NA,"ResponseResponder:Days",8.17202047257313e-08,7.41769319982852e-06,0.0110169297279133,83.9999999985986,0.991236063172224,-1.46691761991168e-05,1.48326166085683e-05,"g__GGB4564"
"fixed",NA,"ResponseResponder:Days",2.91858692372152e-05,3.53419722576532e-05,0.825813257518335,78.2348303164933,0.411421264007939,-4.11712662576268e-05,9.95430047320573e-05,"g__Ellagibacter"
"fixed",NA,"ResponseResponder:Days",1.9487068635282e-05,5.87028451792895e-05,0.331961229064193,79.5135325937038,0.740791994573347,-9.73462894117193e-05,0.000136320426682283,"g__GGB9636"
"fixed",NA,"ResponseResponder:Days",-6.22785247841921e-06,1.78970053018599e-05,-0.347982937557267,82.080113763971,0.728743855892223,-4.18301769804198e-05,2.93744720235814e-05,"g__GGB6649"
"fixed",NA,"ResponseResponder:Days",-0.000399017584862204,0.0039179564000504,-0.101843293829679,82.429098002871,0.919128396799054,-0.00819247354818525,0.00739443837846084,"g__Enterococcus"
"fixed",NA,"ResponseResponder:Days",3.45347540662524e-06,4.5707805509566e-06,0.755554848482603,83.9999999986276,0.45202961484611,-5.63602298263377e-06,1.25429737958842e-05,"g__GGB9559"
"fixed",NA,"ResponseResponder:Days",-3.82560600776226e-05,4.35746156697998e-05,-0.877943717680033,83.9999999980215,0.382478533711507,-0.000124908962033368,4.83968418781222e-05,"g__GGB9711"
"fixed",NA,"ResponseResponder:Days",-0.00121763124188306,0.00429322614844693,-0.283616841922837,79.953391214869,0.77743715027532,-0.00976150001964839,0.00732623753588227,"s__GGB4567_SGB6308"
"fixed",NA,"ResponseResponder:Days",0.00217338621344091,0.00131517584519529,1.6525441988468,56.314343078153,0.103989036546153,-0.00046090310182183,0.00480767552870365,"s__GGB9708_SGB15233"
"fixed",NA,"ResponseResponder:Days",-0.00362932727052712,0.00148246084939382,-2.44817748273836,45.3789246659294,0.0182869471008011,-0.00661446869508924,-0.00064418584596501,"s__Phocaeicola_coprophilus"
"fixed",NA,"ResponseResponder:Days",0.000529710504250522,0.000627346573788482,0.844366617086397,61.8580057110509,0.401718372401874,-0.000724394692771222,0.00178381570127227,"s__Methanomassiliicoccaceae_unclassified_SGB380"
"fixed",NA,"ResponseResponder:Days",-0.00231543252869124,0.00124305306883519,-1.86269805106626,44.460671122283,0.0691200799557978,-0.00481990843720458,0.000189043379822102,"s__GGB9715_SGB15265"
"fixed",NA,"ResponseResponder:Days",-0.000613661388600221,0.00145768259569046,-0.420984232379853,70.6155237134813,0.675045149131333,-0.00352047219587863,0.00229314941867818,"s__GGB9634_SGB15095"
"fixed",NA,"ResponseResponder:Days",-0.00260105586056972,0.00102901228825728,-2.52772089337712,73.6730048952753,0.0136241787249889,-0.00465155882358204,-0.000550552897557407,"s__Prevotella_lascolaii"
"fixed",NA,"ResponseResponder:Days",0.000168469964866753,0.000652005863413149,0.258387192999828,55.1209426676314,0.797070481641043,-0.00113811454649226,0.00147505447622576,"s__GGB9710_SGB15239"
"fixed",NA,"ResponseResponder:Days",0.000230428935169194,0.000375273676728597,0.614029039227933,44.121927967507,0.542349366705207,-0.000525826437487913,0.000986684307826302,"s__Alistipes_dispar"
"fixed",NA,"ResponseResponder:Days",0.000619961143889158,0.000398621707662706,1.55526187352982,60.364043057355,0.125111487116833,-0.000177302096306842,0.00141722438408516,"s__Phascolarctobacterium_sp_ET69"
"fixed",NA,"ResponseResponder:Days",-0.000166787881333391,0.000286767355061846,-0.581613905451061,82.6888969434288,0.562409006189761,-0.000737188354301534,0.000403612591634752,"s__GGB9088_SGB14017"
"fixed",NA,"ResponseResponder:Days",0.000554700621177826,0.000510541847648561,1.086493935282,75.297215902431,0.280726498194393,-0.000462285095667721,0.00157168633802337,"s__GGB9547_SGB14954"
"fixed",NA,"ResponseResponder:Days",0.000624417812418442,0.000424106084759985,1.47231514674405,70.9367719953574,0.145358880148866,-0.000221238764694485,0.00147007438953137,"s__GGB9349_SGB14316"
"fixed",NA,"ResponseResponder:Days",0.000230196460168198,0.000132358126988841,1.73919399892691,53.600942218908,0.0877411594073977,-3.52108607611688e-05,0.000495603781097565,"s__GGB9642_SGB15119"
"fixed",NA,"ResponseResponder:Days",-6.67816043464794e-05,0.000110646007213514,-0.603560905886198,80.4335249586943,0.547833983181437,-0.000286955958170343,0.000153392749477384,"s__Butyricicoccus_SGB14990"
"fixed",NA,"ResponseResponder:Days",0.00021570090779192,0.000149283816132718,1.44490483549909,59.2166534328789,0.153755731122531,-8.29924528837589e-05,0.000514394268467599,"s__GGB9712_SGB15241"
"fixed",NA,"ResponseResponder:Days",0.000264802761859151,0.00018322287914591,1.44524943114924,64.4075567262818,0.153235955271046,-0.000101182415290359,0.000630787939008662,"s__GGB9302_SGB14263"
"fixed",NA,"ResponseResponder:Days",-0.0012860360908838,0.000694794332082245,-1.85095938682984,71.141282647808,0.0683266749272087,-0.00267136896487045,9.92967831028604e-05,"s__GGB13493_SGB15238"
"fixed",NA,"ResponseResponder:Days",4.63689571085327e-05,9.07829323280339e-05,0.510767342709131,81.7952037351683,0.610889799622771,-0.000134233984912013,0.000226971899129079,"s__GGB9701_SGB15218"
"fixed",NA,"ResponseResponder:Days",3.00893600307185e-06,8.12448285494001e-05,0.0370354157525521,83.7113746452532,0.970544943541183,-0.000158563454594716,0.00016458132660086,"s__GGB9623_SGB15075"
"fixed",NA,"ResponseResponder:Days",2.82913910001178e-05,5.14740084231002e-05,0.549624788642289,48.3359622274936,0.585107432994329,-7.51854588666093e-05,0.000131768240866845,"s__GGB9819_SGB15460"
"fixed",NA,"ResponseResponder:Days",-6.2788470611242e-05,6.04235009771672e-05,-1.03913989748738,78.4754696168115,0.301930803292462,-0.000183070941486579,5.74940002640947e-05,"s__GGB9593_SGB15015"
"fixed",NA,"ResponseResponder:Days",-8.18221018421685e-05,0.00014513459394326,-0.563767049736996,71.6879353786336,0.574672102628533,-0.000371164145972798,0.000207519942288462,"s__GGB6568_SGB9279"
"fixed",NA,"ResponseResponder:Days",-3.64576682699308e-05,4.17059618241629e-05,-0.87415963270768,70.1145312590141,0.385015728449646,-0.000119635197586765,4.67198610469034e-05,"s__GGB71580_SGB98325"
"fixed",NA,"ResponseResponder:Days",4.88526137521183e-05,6.23902161100115e-05,0.78301722286035,81.7720243654678,0.435878884750757,-7.52665817374684e-05,0.000172971809241705,"s__GGB9291_SGB14248"
"fixed",NA,"ResponseResponder:Days",9.00182974667183e-05,5.16178016875902e-05,1.74393900018335,64.0961939798442,0.0859639755926186,-1.30971352422861e-05,0.000193133730175723,"s__GGB9786_SGB15409"
"fixed",NA,"ResponseResponder:Days",0.000155917885722753,0.000115463969910577,1.35035964763299,74.244008266449,0.181002662817419,-7.41365333800894e-05,0.000385972304825596,"s__GGB9110_SGB14043"
"fixed",NA,"ResponseResponder:Days",0.000302004334796695,0.0011165868753507,0.270470969580259,75.0588774473091,0.787540281806609,-0.00192232218599627,0.00252633085558966,"s__Ruminococcus_callidus"
"fixed",NA,"ResponseResponder:Days",0.000150444162330403,8.97878320887304e-05,1.67555178503174,82.7482177720545,0.0976010152549798,-2.81482609090143e-05,0.000329036585569819,"s__GGB9348_SGB14315"
"fixed",NA,"ResponseResponder:Days",-2.87241825231401e-05,2.5621076519546e-05,-1.12111536379929,72.5172629265781,0.265937664741532,-7.97926416131986e-05,2.23442765669183e-05,"s__GGB4884_SGB6823"
"fixed",NA,"ResponseResponder:Days",-0.000453124166813242,0.000649006094833123,-0.69818168183729,44.7030234243796,0.488679704130405,-0.00176052926582856,0.000854280932202075,"s__Negativibacillus_massiliensis"
"fixed",NA,"ResponseResponder:Days",-0.00089727994888507,0.000915740556200228,-0.979840788758162,48.5797142649029,0.33201936291949,-0.0027379322886454,0.00094337239087526,"s__GGB41366_SGB58424"
"fixed",NA,"ResponseResponder:Days",-0.000227112738733543,0.000213692259263099,-1.06280283392915,61.6599464518118,0.292016183051452,-0.000654324345125066,0.000200098867657979,"s__Eubacteriales_bacterium"
"fixed",NA,"ResponseResponder:Days",-0.00038213046362174,0.000176394857701203,-2.16633562112697,72.8620949452573,0.0335571861059097,-0.000733696118107557,-3.0564809135922e-05,"s__GGB9634_SGB15100"
"fixed",NA,"ResponseResponder:Days",6.60710115000507e-05,9.27093940642955e-05,0.712667925045754,71.4613518160283,0.478371878244029,-0.000118765590771078,0.000250907613771179,"s__GGB9637_SGB15111"
"fixed",NA,"ResponseResponder:Days",1.37955011485235e-05,2.0370163584779e-05,0.677240567612906,81.9273708946156,0.500161263039861,-2.67277811319544e-05,5.43187834290013e-05,"s__GGB9199_SGB14138"
"fixed",NA,"ResponseResponder:Days",7.87291346019279e-05,6.88831984625903e-05,1.14293668643573,76.6574537145974,0.256621895241191,-5.8444619203781e-05,0.000215902888407637,"s__Dysosmobacter_SGB15074"
"fixed",NA,"ResponseResponder:Days",9.5430777990463e-06,1.89203742233718e-05,0.504381027900495,82.6230357160902,0.615336122918538,-2.80913248890098e-05,4.71774804871024e-05,"s__GGB9640_SGB15115"
"fixed",NA,"ResponseResponder:Days",4.35177954875157e-05,6.55270762419867e-05,0.664119292104651,74.6678785323118,0.508659600269267,-8.7028351837703e-05,0.000174063942812734,"s__GGB9289_SGB14244"
"fixed",NA,"ResponseResponder:Days",-0.000112212403536273,0.000421414588412178,-0.266275555288846,58.1799065431407,0.790968427359562,-0.000955709819020022,0.000731285011947476,"s__GGB9712_SGB15244"
"fixed",NA,"ResponseResponder:Days",4.40148899087484e-05,3.38956224058064e-05,1.2985420176621,81.7981094434726,0.197750164003293,-2.3416792535322e-05,0.000111446572352819,"s__GGB33512_SGB15202"
"fixed",NA,"ResponseResponder:Days",1.34576760983215e-07,1.22154506116381e-05,0.0110169297279135,83.9999999962283,0.991236063172224,-2.41571864118007e-05,2.44263399337671e-05,"s__GGB38145_SGB53822"
"fixed",NA,"ResponseResponder:Days",-7.14080262258997e-05,8.44772423896007e-05,-0.845293054152655,77.2808999127722,0.400556745851806,-0.000239613949397118,9.67978969453186e-05,"s__GGB9634_SGB15097"
"fixed",NA,"ResponseResponder:Days",-5.11502312975732e-05,3.66977308379238e-05,-1.39382545268205,44.6757520843664,0.170265151368851,-0.000125078064457103,2.27776018619563e-05,"s__GGB9296_SGB14253"
"fixed",NA,"ResponseResponder:Days",-5.70909227138209e-05,0.000102802631613288,-0.555344953897477,73.087370962344,0.580354612474329,-0.000261972145848447,0.000147790300420805,"s__GGB9590_SGB15012"
"fixed",NA,"ResponseResponder:Days",-5.23201256622538e-05,2.53080426875965e-05,-2.0673319666833,75.9964493662988,0.0421077491688186,-0.000102725499171482,-1.91475215302524e-06,"s__GGB9444_SGB14834"
"fixed",NA,"ResponseResponder:Days",0.000231908871283125,0.000208635758087386,1.11154901445988,76.8990018127423,0.269795295573348,-0.000183546706959318,0.000647364449525567,"s__Dysosmobacter_sp_Marseille_Q4140"
"fixed",NA,"ResponseResponder:Days",8.17202047257313e-08,7.41769319982852e-06,0.0110169297279133,83.9999999985986,0.991236063172224,-1.46691761991168e-05,1.48326166085683e-05,"s__GGB4564_SGB6302"
"fixed",NA,"ResponseResponder:Days",2.91858692372152e-05,3.53419722576532e-05,0.825813257518335,78.2348303164933,0.411421264007939,-4.11712662576268e-05,9.95430047320573e-05,"s__Ellagibacter_isourolithinifaciens"
"fixed",NA,"ResponseResponder:Days",-2.54675611495948e-07,5.35467096703692e-06,-0.0475613932328836,83.9048450421185,0.962178827254355,-1.09032024997334e-05,1.03938512767415e-05,"s__Butyricicoccus_intestinisimiae"
"fixed",NA,"ResponseResponder:Days",1.9487068635282e-05,5.87028451792895e-05,0.331961229064193,79.5135325937038,0.740791994573347,-9.73462894117193e-05,0.000136320426682283,"s__GGB9636_SGB15107"
"fixed",NA,"ResponseResponder:Days",-6.22785247841921e-06,1.78970053018599e-05,-0.347982937557267,82.080113763971,0.728743855892223,-4.18301769804198e-05,2.93744720235814e-05,"s__GGB6649_SGB9391"
"fixed",NA,"ResponseResponder:Days",-4.82511932596938e-05,0.00365363579573229,-0.0132063500461799,82.239857804073,0.989495148577276,-0.0073161793190903,0.00721967693257091,"s__Enterococcus_faecalis"
"fixed",NA,"ResponseResponder:Days",3.45347540662524e-06,4.5707805509566e-06,0.755554848482603,83.9999999986276,0.45202961484611,-5.63602298263377e-06,1.25429737958842e-05,"s__GGB9559_SGB14969"
"fixed",NA,"ResponseResponder:Days",0.00022450624463937,0.000132532492262678,1.69397134850826,52.644412615964,0.0961800343942428,-4.13621918511235e-05,0.000490374681129864,"s__Clostridium_sp_1001270J_160509_D11"
"fixed",NA,"ResponseResponder:Days",-3.82560600776226e-05,4.35746156697998e-05,-0.877943717680033,83.9999999980215,0.382478533711507,-0.000124908962033368,4.83968418781222e-05,"s__GGB9711_SGB15240"
"fixed",NA,"ResponseResponder:Days",2.49498485792541e-05,3.4652914466847e-05,0.719992790306974,79.8479799791947,0.473631760004526,-4.40136645582392e-05,9.39133617167473e-05,"s__GGB34228_SGB53814"
"fixed",NA,"ResponseResponder:Days",8.66615638875301e-05,6.6618521503176e-05,1.30086291217674,83.8429204343442,0.196869306031549,-4.58202983425671e-05,0.000219143426117627,"c__CFGB1217"
"fixed",NA,"ResponseResponder:Days",6.49352246792734e-05,8.42019504572486e-05,0.771184329182999,82.2415205135658,0.442807743795426,-0.000102561913377496,0.000232432362736043,"c__CFGB2906"
"fixed",NA,"ResponseResponder:Days",8.66615638875301e-05,6.6618521503176e-05,1.30086291217674,83.8429204343442,0.196869306031549,-4.58202983425671e-05,0.000219143426117627,"o__OFGB1217"
"fixed",NA,"ResponseResponder:Days",6.49352246792734e-05,8.42019504572486e-05,0.771184329182999,82.2415205135658,0.442807743795426,-0.000102561913377496,0.000232432362736043,"o__OFGB2906"
"fixed",NA,"ResponseResponder:Days",8.66615638875301e-05,6.6618521503176e-05,1.30086291217674,83.8429204343442,0.196869306031549,-4.58202983425671e-05,0.000219143426117627,"f__FGB1217"
"fixed",NA,"ResponseResponder:Days",6.49352246792734e-05,8.42019504572486e-05,0.771184329182999,82.2415205135658,0.442807743795426,-0.000102561913377496,0.000232432362736043,"f__FGB2906"
"fixed",NA,"ResponseResponder:Days",0.000155667055896771,7.27857392325083e-05,2.13870268459464,56.901183732268,0.0367650993852954,9.91064133397347e-06,0.000301423470459568,"g__Lachnotalea"
"fixed",NA,"ResponseResponder:Days",7.09280201365148e-05,5.17493830441847e-05,1.37060610125448,82.1930001547805,0.174229304214428,-3.20143688451201e-05,0.00017387040911815,"g__Guopingia"
"fixed",NA,"ResponseResponder:Days",8.66615638875301e-05,6.6618521503176e-05,1.30086291217674,83.8429204343442,0.196869306031549,-4.58202983425671e-05,0.000219143426117627,"g__GGB2982"
"fixed",NA,"ResponseResponder:Days",6.49352246792734e-05,8.42019504572486e-05,0.771184329182999,82.2415205135658,0.442807743795426,-0.000102561913377496,0.000232432362736043,"g__GGB9225"
"fixed",NA,"ResponseResponder:Days",0.000155667055896771,7.27857392325083e-05,2.13870268459464,56.901183732268,0.0367650993852954,9.91064133397347e-06,0.000301423470459568,"s__Lachnotalea_sp_AF33_28"
"fixed",NA,"ResponseResponder:Days",7.09280201365148e-05,5.17493830441847e-05,1.37060610125448,82.1930001547805,0.174229304214428,-3.20143688451201e-05,0.00017387040911815,"s__Guopingia_tenuis"
"fixed",NA,"ResponseResponder:Days",0.000122721520608598,8.33555755485726e-05,1.47226529000554,79.4126157008813,0.144901518023466,-4.31801992372119e-05,0.000288623240454408,"s__Clostridium_spiroforme"
"fixed",NA,"ResponseResponder:Days",1.86416362264699e-05,2.32294259645452e-05,0.802500942335917,81.818815830372,0.424588150994524,-2.75706240562872e-05,6.48538965092271e-05,"s__Pseudoflavonifractor_gallinarum"
"fixed",NA,"ResponseResponder:Days",8.66615638875301e-05,6.6618521503176e-05,1.30086291217674,83.8429204343442,0.196869306031549,-4.58202983425671e-05,0.000219143426117627,"s__GGB2982_SGB3964"
"fixed",NA,"ResponseResponder:Days",6.49352246792734e-05,8.42019504572486e-05,0.771184329182999,82.2415205135658,0.442807743795426,-0.000102561913377496,0.000232432362736043,"s__GGB9225_SGB14166"
"fixed",NA,"ResponseResponder:Days",0.000229967011014706,0.00023104432897636,0.995337180676855,73.4893912424835,0.322838366552851,-0.000230452017899062,0.000690386039928475,"c__CFGB79237"
"fixed",NA,"ResponseResponder:Days",-7.11935890122726e-05,0.000115528796224515,-0.616241070095779,75.4798445688807,0.539589517176865,-0.000301314773962168,0.000158927595937622,"c__Opitutae"
"fixed",NA,"ResponseResponder:Days",0.000275341086558718,0.000315450332078466,0.872850837545574,45.0636297888641,0.387371761350032,-0.000359983736363765,0.000910665909481201,"c__CFGB1670"
"fixed",NA,"ResponseResponder:Days",-3.04089591127409e-05,3.73242072460053e-05,-0.814724849005213,56.1717413011988,0.418670681795147,-0.000105173286532268,4.43553683067858e-05,"c__CFGB2378"
"fixed",NA,"ResponseResponder:Days",5.96978359411768e-05,6.81919475258762e-05,0.875438202120915,67.6326785024523,0.384434042737853,-7.6390459745451e-05,0.000195786131627805,"c__CFGB2992"
"fixed",NA,"ResponseResponder:Days",0.000231934541581706,0.000192707092388499,1.20355996609676,77.0959906956017,0.232442310897257,-0.000151786678676425,0.000615655761839836,"c__CFGB2840"
"fixed",NA,"ResponseResponder:Days",0.000229967011014706,0.00023104432897636,0.995337180676855,73.4893912424835,0.322838366552851,-0.000230452017899062,0.000690386039928475,"o__OFGB79237"
"fixed",NA,"ResponseResponder:Days",-7.11935890122726e-05,0.000115528796224515,-0.616241070095779,75.4798445688807,0.539589517176865,-0.000301314773962168,0.000158927595937622,"o__Puniceicoccales"
"fixed",NA,"ResponseResponder:Days",0.000275341086558718,0.000315450332078466,0.872850837545574,45.0636297888641,0.387371761350032,-0.000359983736363765,0.000910665909481201,"o__OFGB1670"
"fixed",NA,"ResponseResponder:Days",-3.04089591127409e-05,3.73242072460053e-05,-0.814724849005213,56.1717413011988,0.418670681795147,-0.000105173286532268,4.43553683067858e-05,"o__OFGB2378"
"fixed",NA,"ResponseResponder:Days",5.96978359411768e-05,6.81919475258762e-05,0.875438202120915,67.6326785024523,0.384434042737853,-7.6390459745451e-05,0.000195786131627805,"o__OFGB2992"
"fixed",NA,"ResponseResponder:Days",0.000231934541581706,0.000192707092388499,1.20355996609676,77.0959906956017,0.232442310897257,-0.000151786678676425,0.000615655761839836,"o__OFGB2840"
"fixed",NA,"ResponseResponder:Days",0.000229967011014706,0.00023104432897636,0.995337180676855,73.4893912424835,0.322838366552851,-0.000230452017899062,0.000690386039928475,"f__FGB79237"
"fixed",NA,"ResponseResponder:Days",-7.11935890122726e-05,0.000115528796224515,-0.616241070095779,75.4798445688807,0.539589517176865,-0.000301314773962168,0.000158927595937622,"f__Puniceicoccaceae"
"fixed",NA,"ResponseResponder:Days",0.000275341086558718,0.000315450332078466,0.872850837545574,45.0636297888641,0.387371761350032,-0.000359983736363765,0.000910665909481201,"f__FGB1670"
"fixed",NA,"ResponseResponder:Days",-3.04089591127409e-05,3.73242072460053e-05,-0.814724849005213,56.1717413011988,0.418670681795147,-0.000105173286532268,4.43553683067858e-05,"f__FGB2378"
"fixed",NA,"ResponseResponder:Days",5.96978359411768e-05,6.81919475258762e-05,0.875438202120915,67.6326785024523,0.384434042737853,-7.6390459745451e-05,0.000195786131627805,"f__FGB2992"
"fixed",NA,"ResponseResponder:Days",0.000231934541581706,0.000192707092388499,1.20355996609676,77.0959906956017,0.232442310897257,-0.000151786678676425,0.000615655761839836,"f__FGB2840"
"fixed",NA,"ResponseResponder:Days",-0.00182391820917362,0.00205865294630179,-0.885976537448989,81.7855316795015,0.378227836642949,-0.0059193955102605,0.00227155909191326,"g__GGB6608"
"fixed",NA,"ResponseResponder:Days",-0.000479573439408347,0.000592546804990761,-0.809342714143611,76.8369737381038,0.42081725319648,-0.00165952482219348,0.000700377943376782,"g__GGB1550"
"fixed",NA,"ResponseResponder:Days",0.0023007191328003,0.00288278664392858,0.798088591691595,83.5187005660728,0.427082539478322,-0.00343250097135321,0.00803393923695381,"g__GGB3733"
"fixed",NA,"ResponseResponder:Days",-3.75373161574157e-06,0.000144062900308854,-0.0260561991164554,81.3854750714262,0.979276297486187,-0.000290373134563232,0.000282865671331749,"g__GGB6006"
"fixed",NA,"ResponseResponder:Days",-4.35528439144372e-05,0.000106989636615876,-0.40707535133337,58.0039459136781,0.685450995858093,-0.000257715559954935,0.00017060987212606,"g__GGB9759"
"fixed",NA,"ResponseResponder:Days",0.000194680390091581,0.000230006197830779,0.846413670273404,73.407320352673,0.400072869802322,-0.000263678453465731,0.000653039233648893,"g__GGB9061"
"fixed",NA,"ResponseResponder:Days",-6.55502516579876e-05,0.000115413271540314,-0.567961125987929,75.4755362016379,0.571747168285512,-0.000295441537320082,0.000164341034004107,"g__Puniceicoccaceae_unclassified"
"fixed",NA,"ResponseResponder:Days",2.01386471817994e-05,3.80426148422462e-05,0.529370740295051,73.4483954471964,0.598144699857803,-5.56723777066965e-05,9.59496720702952e-05,"g__Jilunia"
"fixed",NA,"ResponseResponder:Days",0.000275341086558718,0.000315450332078466,0.872850837545574,45.0636297888641,0.387371761350032,-0.000359983736363765,0.000910665909481201,"g__GGB47687"
"fixed",NA,"ResponseResponder:Days",1.9654162568342e-05,9.22215885982363e-05,0.213118889699086,75.6980491049698,0.831807148684073,-0.000164032898679079,0.000203341223815763,"g__GGB2998"
"fixed",NA,"ResponseResponder:Days",-2.55624795393825e-05,3.70607725239322e-05,-0.689744918913264,55.9177209149444,0.493207283434676,-9.98065388853267e-05,4.86815798065617e-05,"g__GGB6518"
"fixed",NA,"ResponseResponder:Days",5.96978359411768e-05,6.81919475258762e-05,0.875438202120915,67.6326785024523,0.384434042737853,-7.6390459745451e-05,0.000195786131627805,"g__GGB9412"
"fixed",NA,"ResponseResponder:Days",0.000233138085287686,0.000192695007181655,1.20988129738051,77.0980055908936,0.230021061053234,-0.000150558910902053,0.000616835081477426,"g__GGB9092"
"fixed",NA,"ResponseResponder:Days",1.12076704474683e-05,1.24167127741396e-05,0.902627825201093,78.3757119007123,0.369489199517555,-1.35102394238397e-05,3.59255803187762e-05,"g__Fournierella"
"fixed",NA,"ResponseResponder:Days",-0.00182391820917362,0.00205865294630179,-0.885976537448989,81.7855316795015,0.378227836642949,-0.0059193955102605,0.00227155909191326,"s__GGB6608_SGB9342"
"fixed",NA,"ResponseResponder:Days",-0.000404768115498906,0.000597569587331668,-0.677357288724014,75.2478566553696,0.500256577373816,-0.00159512351106614,0.000785587280068326,"s__Enterobacter_roggenkampii"
"fixed",NA,"ResponseResponder:Days",-0.000479573439408347,0.000592546804990761,-0.809342714143611,76.8369737381038,0.42081725319648,-0.00165952482219348,0.000700377943376782,"s__GGB1550_SGB2135"
"fixed",NA,"ResponseResponder:Days",0.0023007191328003,0.00288278664392858,0.798088591691595,83.5187005660728,0.427082539478322,-0.00343250097135321,0.00803393923695381,"s__GGB3733_SGB5066"
"fixed",NA,"ResponseResponder:Days",-0.000295887263776491,0.000634203009468509,-0.466549763023764,76.9045628376285,0.642140992734711,-0.00155877180464756,0.000966997277094577,"s__GGB9635_SGB15103"
"fixed",NA,"ResponseResponder:Days",-3.75373161574157e-06,0.000144062900308854,-0.0260561991164554,81.3854750714262,0.979276297486187,-0.000290373134563232,0.000282865671331749,"s__GGB6006_SGB8630"
"fixed",NA,"ResponseResponder:Days",-4.35528439144372e-05,0.000106989636615876,-0.40707535133337,58.0039459136781,0.685450995858093,-0.000257715559954935,0.00017060987212606,"s__GGB9759_SGB15370"
"fixed",NA,"ResponseResponder:Days",0.000194680390091581,0.000230006197830779,0.846413670273404,73.407320352673,0.400072869802322,-0.000263678453465731,0.000653039233648893,"s__GGB9061_SGB13979"
"fixed",NA,"ResponseResponder:Days",-6.55502516579876e-05,0.000115413271540314,-0.567961125987929,75.4755362016379,0.571747168285512,-0.000295441537320082,0.000164341034004107,"s__Puniceicoccaceae_unclassified_SGB60941"
"fixed",NA,"ResponseResponder:Days",-8.85512798888235e-05,0.000158314506956175,-0.559337748582552,72.4738494157806,0.57765573526582,-0.000404110232262218,0.000227007672484571,"s__Blautia_sp_MCC283"
"fixed",NA,"ResponseResponder:Days",2.01386471817994e-05,3.80426148422462e-05,0.529370740295051,73.4483954471964,0.598144699857803,-5.56723777066965e-05,9.59496720702952e-05,"s__Jilunia_laotingensis"
"fixed",NA,"ResponseResponder:Days",-0.000370541222330885,0.000436557018266647,-0.848780816311515,74.7716057249906,0.398712504784317,-0.00124025094225851,0.000499168497596738,"s__Enterococcus_faecium"
"fixed",NA,"ResponseResponder:Days",0.000275341086558718,0.000315450332078466,0.872850837545574,45.0636297888641,0.387371761350032,-0.000359983736363765,0.000910665909481201,"s__GGB47687_SGB2286"
"fixed",NA,"ResponseResponder:Days",1.9654162568342e-05,9.22215885982363e-05,0.213118889699086,75.6980491049698,0.831807148684073,-0.000164032898679079,0.000203341223815763,"s__GGB2998_SGB3988"
"fixed",NA,"ResponseResponder:Days",-1.87842610901186e-05,2.11964564204653e-05,-0.886198179426929,80.8938476238822,0.378137680453853,-6.09593995121946e-05,2.33908773319574e-05,"s__GGB6518_SGB9206"
"fixed",NA,"ResponseResponder:Days",0.000337703807121662,0.000373771642526484,0.903503018150269,80.1551681010053,0.368966346162075,-0.000406103361915029,0.00108151097615835,"s__Bacteroides_pectinophilus"
"fixed",NA,"ResponseResponder:Days",5.96978359411768e-05,6.81919475258762e-05,0.875438202120915,67.6326785024523,0.384434042737853,-7.6390459745451e-05,0.000195786131627805,"s__GGB9412_SGB14770"
"fixed",NA,"ResponseResponder:Days",0.000233138085287686,0.000192695007181655,1.20988129738051,77.0980055908936,0.230021061053234,-0.000150558910902053,0.000616835081477426,"s__GGB9092_SGB14022"
"fixed",NA,"ResponseResponder:Days",0.000205215203907696,0.000560726396636385,0.365980993829994,67.1838979235873,0.715529170834556,-0.000913943057077041,0.00132437346489243,"s__Lawsonibacter_hominis"
"fixed",NA,"ResponseResponder:Days",3.68858243214376e-06,0.000218779494379374,0.0168598178847035,81.091538689313,0.986589862083512,-0.000431606536482109,0.000438983701346396,"s__Eubacterium_sp_AF16_48"
"fixed",NA,"ResponseResponder:Days",1.12076704474683e-05,1.24167127741396e-05,0.902627825201093,78.3757119007123,0.369489199517555,-1.35102394238397e-05,3.59255803187762e-05,"s__Fournierella_massiliensis"
"fixed",NA,"ResponseResponder:Days",7.13423003066892e-05,4.24171485281758e-05,1.68192117533077,83.9999999994245,0.0962983805123913,-1.30088513019942e-05,0.000155693451915373,"c__CFGB10318"
"fixed",NA,"ResponseResponder:Days",3.13084795046636e-05,7.52357083198107e-05,0.41613856244402,65.481046738178,0.678669396813373,-0.000118926682480134,0.000181543641489461,"c__CFGB2846"
"fixed",NA,"ResponseResponder:Days",4.00625697941106e-05,6.01118307461351e-05,0.666467304303262,82.8965710966019,0.506963109941359,-7.9499650023884e-05,0.000159624789612105,"c__CFGB9512"
"fixed",NA,"ResponseResponder:Days",7.13423003066892e-05,4.24171485281758e-05,1.68192117533077,83.9999999994245,0.0962983805123913,-1.30088513019942e-05,0.000155693451915373,"o__OFGB10318"
"fixed",NA,"ResponseResponder:Days",3.13084795046636e-05,7.52357083198107e-05,0.41613856244402,65.481046738178,0.678669396813373,-0.000118926682480134,0.000181543641489461,"o__OFGB2846"
"fixed",NA,"ResponseResponder:Days",4.00625697941106e-05,6.01118307461351e-05,0.666467304303262,82.8965710966019,0.506963109941359,-7.9499650023884e-05,0.000159624789612105,"o__OFGB9512"
"fixed",NA,"ResponseResponder:Days",7.13423003066892e-05,4.24171485281758e-05,1.68192117533077,83.9999999994245,0.0962983805123913,-1.30088513019942e-05,0.000155693451915373,"f__FGB10318"
"fixed",NA,"ResponseResponder:Days",3.13084795046636e-05,7.52357083198107e-05,0.41613856244402,65.481046738178,0.678669396813373,-0.000118926682480134,0.000181543641489461,"f__FGB2846"
"fixed",NA,"ResponseResponder:Days",4.00625697941106e-05,6.01118307461351e-05,0.666467304303262,82.8965710966019,0.506963109941359,-7.9499650023884e-05,0.000159624789612105,"f__FGB9512"
"fixed",NA,"ResponseResponder:Days",0.00392695502825682,0.00453998603616051,0.864970728319213,53.9710886351169,0.390883313916953,-0.00517528061357487,0.0130291906700885,"g__GGB3220"
"fixed",NA,"ResponseResponder:Days",0.000394787735197414,0.000234264168401817,1.68522458167936,83.9999999980556,0.0956570616975463,-7.10722547126217e-05,0.00086064772510745,"g__GGB9620"
"fixed",NA,"ResponseResponder:Days",-1.24639024272946e-06,0.000461667892373264,-0.00269975509087761,73.2069304389536,0.997853253142451,-0.00092130535894947,0.000918812578464011,"g__GGB9695"
"fixed",NA,"ResponseResponder:Days",0.000339650415826208,0.00020194193450205,1.68192117533053,83.9999999977181,0.0962983805125131,-6.19332672925029e-05,0.00074123409894492,"g__GGB32451"
"fixed",NA,"ResponseResponder:Days",0.000378012640256218,0.000768332929332784,0.491990679853435,81.2609293940228,0.6240524237939,-0.00115065447063435,0.00190667975114679,"g__GGB9716"
"fixed",NA,"ResponseResponder:Days",3.77345226635078e-05,0.000227322206810135,0.16599576078823,73.6732590754093,0.868614985862472,-0.000415248242557373,0.000490717287884388,"g__GGB9668"
"fixed",NA,"ResponseResponder:Days",0.000208383231059396,0.000144020230752215,1.44690249398306,81.6354374904644,0.151753277249999,-7.81380434202692e-05,0.00049490450553906,"g__GGB3678"
"fixed",NA,"ResponseResponder:Days",0.00192201197131425,0.00350964059643974,0.547637833134248,83.8177833144373,0.585395994875189,-0.00505751493336869,0.00890153887599719,"g__GGB74708"
"fixed",NA,"ResponseResponder:Days",0.000108619749320555,5.97890556593454e-05,1.81671625555399,82.381552255061,0.0728974457945677,-1.03114816292903e-05,0.0002275509802704,"g__GGB9765"
"fixed",NA,"ResponseResponder:Days",7.13423003066892e-05,4.24171485281758e-05,1.68192117533077,83.9999999994245,0.0962983805123913,-1.30088513019942e-05,0.000155693451915373,"g__GGB4658"
"fixed",NA,"ResponseResponder:Days",-0.000196535132480437,0.000288062974577648,-0.682264469318188,77.984607591028,0.497093275557185,-0.000770026243978387,0.000376955979017513,"g__GGB3365"
"fixed",NA,"ResponseResponder:Days",3.13084795046636e-05,7.52357083198107e-05,0.41613856244402,65.481046738178,0.678669396813373,-0.000118926682480134,0.000181543641489461,"g__GGB9117"
"fixed",NA,"ResponseResponder:Days",-0.000103271708120075,9.8265408740014e-05,-1.05094671099681,44.4449719935673,0.298963929313958,-0.000301256640710593,9.47132244704433e-05,"g__GGB9580"
"fixed",NA,"ResponseResponder:Days",-0.000260015373652315,0.000347727499684297,-0.747756142060619,81.6239191536526,0.456756200005431,-0.000951803862742389,0.000431773115437758,"g__GGB45495"
"fixed",NA,"ResponseResponder:Days",-5.68497556775004e-05,0.000153258128815814,-0.370941209557782,70.4386246789923,0.711794614627743,-0.00036247999561014,0.000248780484255139,"g__GGB3032"
"fixed",NA,"ResponseResponder:Days",2.47438293642641e-05,2.89063591560394e-05,0.855999513141535,81.4635313470848,0.394508895758048,-3.27657974805137e-05,8.22534562090419e-05,"g__GGB3816"
"fixed",NA,"ResponseResponder:Days",1.27533756369827e-05,7.34599118292726e-06,1.73610004686946,81.9621102025038,0.0863038171633881,-1.86024208805972e-06,2.7366993362025e-05,"g__GGB9116"
"fixed",NA,"ResponseResponder:Days",3.9561041379423e-05,6.00305644419392e-05,0.659014982570853,82.7974263933412,0.511714804119395,-7.98416571968096e-05,0.000158963739955656,"g__GGB74699"
"fixed",NA,"ResponseResponder:Days",0.00392695502825682,0.00453998603616051,0.864970728319213,53.9710886351169,0.390883313916953,-0.00517528061357487,0.0130291906700885,"s__GGB3220_SGB4252"
"fixed",NA,"ResponseResponder:Days",0.00646950964035008,0.00662344685842134,0.976758744900998,45.1339451876423,0.333895120542164,-0.00686970449061362,0.0198087237713138,"s__Odoribacter_laneus"
"fixed",NA,"ResponseResponder:Days",0.00062609956378669,0.000406639878887072,1.53969051313967,53.7051912299173,0.129507635088573,-0.000189266814147396,0.00144146594172078,"s__Flavonifractor_sp_An10"
"fixed",NA,"ResponseResponder:Days",0.00043383561723544,0.000375261153732348,1.15608986680478,75.5451873560747,0.251287466546617,-0.000313634518524677,0.00118130575299556,"s__Eubacteriaceae_bacterium_Marseille_Q4139"
"fixed",NA,"ResponseResponder:Days",0.000300928027064014,0.00021818842741227,1.37921167787422,55.1546625217807,0.173396716774359,-0.000136303794158206,0.000738159848286234,"s__Lachnoclostridium_sp_An14"
"fixed",NA,"ResponseResponder:Days",0.000394787735197414,0.000234264168401817,1.68522458167936,83.9999999980556,0.0956570616975463,-7.10722547126217e-05,0.00086064772510745,"s__GGB9620_SGB15068"
"fixed",NA,"ResponseResponder:Days",5.57052961829238e-05,0.000411045816049565,0.135520893311335,71.9462559007904,0.892578502792825,-0.000763710020044204,0.000875120612410052,"s__GGB9695_SGB15211"
"fixed",NA,"ResponseResponder:Days",0.000339650415826208,0.00020194193450205,1.68192117533053,83.9999999977181,0.0962983805125131,-6.19332672925029e-05,0.00074123409894492,"s__GGB32451_SGB47419"
"fixed",NA,"ResponseResponder:Days",0.000378012640256218,0.000768332929332784,0.491990679853435,81.2609293940228,0.6240524237939,-0.00115065447063435,0.00190667975114679,"s__GGB9716_SGB15269"
"fixed",NA,"ResponseResponder:Days",3.77345226635078e-05,0.000227322206810135,0.16599576078823,73.6732590754093,0.868614985862472,-0.000415248242557373,0.000490717287884388,"s__GGB9668_SGB15165"
"fixed",NA,"ResponseResponder:Days",0.000208383231059396,0.000144020230752215,1.44690249398306,81.6354374904644,0.151753277249999,-7.81380434202692e-05,0.00049490450553906,"s__GGB3678_SGB4991"
"fixed",NA,"ResponseResponder:Days",0.00192201197131425,0.00350964059643974,0.547637833134248,83.8177833144373,0.585395994875189,-0.00505751493336869,0.00890153887599719,"s__GGB74708_SGB54312"
"fixed",NA,"ResponseResponder:Days",0.000108619749320555,5.97890556593454e-05,1.81671625555399,82.381552255061,0.0728974457945677,-1.03114816292903e-05,0.0002275509802704,"s__GGB9765_SGB15382"
"fixed",NA,"ResponseResponder:Days",0.00107228376563513,0.000602729524397824,1.7790463586572,62.3627935073956,0.0801055551251035,-0.000132415976404224,0.00227698350767449,"s__Pseudoflavonifractor_capillosus"
"fixed",NA,"ResponseResponder:Days",7.13423003066892e-05,4.24171485281758e-05,1.68192117533077,83.9999999994245,0.0962983805123913,-1.30088513019942e-05,0.000155693451915373,"s__GGB4658_SGB6445"
"fixed",NA,"ResponseResponder:Days",-0.000196535132480437,0.000288062974577648,-0.682264469318188,77.984607591028,0.497093275557185,-0.000770026243978387,0.000376955979017513,"s__GGB3365_SGB4451"
"fixed",NA,"ResponseResponder:Days",6.47267772773741e-05,3.84838351682236e-05,1.68192117533077,83.9999999989532,0.096298380512412,-1.1802549360469e-05,0.000141256103915217,"s__Erysipelatoclostridium_sp_An15"
"fixed",NA,"ResponseResponder:Days",3.13084795046636e-05,7.52357083198107e-05,0.41613856244402,65.481046738178,0.678669396813373,-0.000118926682480134,0.000181543641489461,"s__GGB9117_SGB14050"
"fixed",NA,"ResponseResponder:Days",-7.62580976827876e-05,8.56344288522897e-05,-0.890507459497684,66.7085793625994,0.376393955527753,-0.000247198859977176,9.46826646116005e-05,"s__GGB9580_SGB14996"
"fixed",NA,"ResponseResponder:Days",-0.000260015373652315,0.000347727499684297,-0.747756142060619,81.6239191536526,0.456756200005431,-0.000951803862742389,0.000431773115437758,"s__GGB45495_SGB63167"
"fixed",NA,"ResponseResponder:Days",-5.68497556775004e-05,0.000153258128815814,-0.370941209557782,70.4386246789923,0.711794614627743,-0.00036247999561014,0.000248780484255139,"s__GGB3032_SGB4027"
"fixed",NA,"ResponseResponder:Days",2.47438293642641e-05,2.89063591560394e-05,0.855999513141535,81.4635313470848,0.394508895758048,-3.27657974805137e-05,8.22534562090419e-05,"s__GGB3816_SGB5181"
"fixed",NA,"ResponseResponder:Days",6.70939652744516e-05,6.92168907683988e-05,0.969329372204098,59.6466400899082,0.336295189002925,-7.13773030607796e-05,0.000205565233609683,"s__GGB9210_SGB14149"
"fixed",NA,"ResponseResponder:Days",-1.11509036049787e-05,2.99688457441044e-05,-0.372083185992317,76.106587975989,0.710864957305875,-7.08376809781792e-05,4.85358737682218e-05,"s__Eubacteriales_unclassified_SGB15150"
"fixed",NA,"ResponseResponder:Days",1.27533756369827e-05,7.34599118292726e-06,1.73610004686946,81.9621102025038,0.0863038171633881,-1.86024208805972e-06,2.7366993362025e-05,"s__GGB9116_SGB14049"
"fixed",NA,"ResponseResponder:Days",3.9561041379423e-05,6.00305644419392e-05,0.659014982570853,82.7974263933412,0.511714804119395,-7.98416571968096e-05,0.000158963739955656,"s__GGB74699_SGB54317"
"fixed",NA,"ResponseResponder:Days",1.03116452076368e-05,6.13087305093769e-06,1.68192117533077,83.9999999995574,0.0962983805123855,-1.88026820845964e-06,2.25035586237333e-05,"s__Lachnoclostridium_sp_An118"
"fixed",NA,"ResponseResponder:Days",-4.08894433234593e-06,8.11835044398449e-06,-0.503666891514365,77.6168085708138,0.615922038326015,-2.0252595437566e-05,1.20747067728742e-05,"s__Clostridium_sp_Marseille_P3244"
"fixed",NA,"ResponseResponder:Days",1.22051596745531e-06,1.83730028455355e-06,0.664298578580956,82.7320938530232,0.508346501470183,-2.43397541599262e-06,4.87500735090324e-06,"s__Flavonifractor_sp_An135"
"fixed",NA,"ResponseResponder:Days",-9.54516465245216e-05,0.000694090133118298,-0.137520535115074,72.7258398567364,0.89099939349151,-0.00147885914639018,0.00128795585334114,"g__Longibaculum"
"fixed",NA,"ResponseResponder:Days",-0.000328179887335597,0.000440073819643435,-0.745738266369723,82.7667192826678,0.457938265908488,-0.00120350550109684,0.000547145726425646,"g__GGB3602"
"fixed",NA,"ResponseResponder:Days",0.000246649394080465,0.000168948395913855,1.45990965315959,46.1362739626506,0.15109119116708,-9.33989838650812e-05,0.000586697772026012,"g__GGB9574"
"fixed",NA,"ResponseResponder:Days",-9.54516465245216e-05,0.000694090133118298,-0.137520535115074,72.7258398567364,0.89099939349151,-0.00147885914639018,0.00128795585334114,"s__Longibaculum_muris"
"fixed",NA,"ResponseResponder:Days",-0.000328179887335597,0.000440073819643435,-0.745738266369723,82.7667192826678,0.457938265908488,-0.00120350550109684,0.000547145726425646,"s__GGB3602_SGB4865"
"fixed",NA,"ResponseResponder:Days",0.000246649394080465,0.000168948395913855,1.45990965315959,46.1362739626506,0.15109119116708,-9.33989838650812e-05,0.000586697772026012,"s__GGB9574_SGB14987"
"fixed",NA,"ResponseResponder:Days",0.00011223743839183,0.00021253139322814,0.528098163226875,56.730857059833,0.599490954210947,-0.000313393098083019,0.000537867974866678,"g__GGB41473"
"fixed",NA,"ResponseResponder:Days",-0.00107649685423795,0.00465234363261199,-0.231388078621692,44.1520712296063,0.818082334096529,-0.0104517673180179,0.00829877360954204,"g__Klebsiella"
"fixed",NA,"ResponseResponder:Days",1.74855480734728e-05,2.62754208326402e-05,0.665471665890568,80.8527783439371,0.507642874023719,-3.47957405188547e-05,6.97668366658003e-05,"g__Veillonellaceae_unclassified"
"fixed",NA,"ResponseResponder:Days",0.00011223743839183,0.00021253139322814,0.528098163226875,56.730857059833,0.599490954210947,-0.000313393098083019,0.000537867974866678,"s__GGB41473_SGB58537"
"fixed",NA,"ResponseResponder:Days",-1.89368435319952e-05,8.26356816898553e-05,-0.229160613729408,54.9228880651398,0.819595303060566,-0.000184547676665045,0.000146673989601055,"s__Schaalia_odontolytica"
"fixed",NA,"ResponseResponder:Days",-8.45260183267846e-06,8.01805907167956e-05,-0.105419550506104,44.049183029739,0.916521502524753,-0.000170040868577755,0.000153135664912398,"s__Veillonella_atypica"
"fixed",NA,"ResponseResponder:Days",1.21774455585609e-13,6.7722510071197e-09,1.79813854296875e-05,1.47016619916886,0.999987781854289,-4.19246427993075e-08,4.19248863482187e-08,"s__Klebsiella_oxytoca"
"fixed",NA,"ResponseResponder:Days",1.74855480734728e-05,2.62754208326402e-05,0.665471665890568,80.8527783439371,0.507642874023719,-3.47957405188547e-05,6.97668366658003e-05,"s__Veillonellaceae_bacterium"
"fixed",NA,"ResponseResponder:Days",-3.00763188068558e-06,1.98334977649116e-05,-0.151644047678092,83.9999999983853,0.879831303528933,-4.24487172659411e-05,3.64334535045699e-05,"s__Actinomyces_graevenitzii"
"fixed",NA,"ResponseResponder:Days",3.4954348857415e-05,3.72696156099732e-05,0.937877900947853,79.9874141435281,0.351130516704996,-3.92147290501756e-05,0.000109123426765006,"c__CFGB45628"
"fixed",NA,"ResponseResponder:Days",3.4954348857415e-05,3.72696156099732e-05,0.937877900947853,79.9874141435281,0.351130516704996,-3.92147290501756e-05,0.000109123426765006,"o__OFGB45628"
"fixed",NA,"ResponseResponder:Days",3.4954348857415e-05,3.72696156099732e-05,0.937877900947853,79.9874141435281,0.351130516704996,-3.92147290501756e-05,0.000109123426765006,"f__FGB45628"
"fixed",NA,"ResponseResponder:Days",-5.1575436391149e-05,6.85673389643783e-05,-0.752186641192873,82.1880725634664,0.454087670915791,-0.000187973043179053,8.4822170396755e-05,"g__GGB6002"
"fixed",NA,"ResponseResponder:Days",3.41998514175791e-05,3.64079436250776e-05,0.939351361608418,79.875611344745,0.350382351495193,-3.82559976093421e-05,0.0001066557004445,"g__GGB45613"
"fixed",NA,"ResponseResponder:Days",1.93842067017779e-05,1.28375167179609e-05,1.50996544952168,77.8253185849084,0.135101821154248,-6.17422941159502e-06,4.49426428151508e-05,"g__GGB2987"
"fixed",NA,"ResponseResponder:Days",2.02041831293344e-07,4.94612131994297e-06,0.0408485393349943,83.9999999977994,0.967513578139066,-9.63386283958366e-06,1.00379465021704e-05,"g__GGB79342"
"fixed",NA,"ResponseResponder:Days",4.8460731043221e-05,5.7060880327759e-05,0.849281167147466,80.8811011878282,0.398231659670058,-6.50750522759682e-05,0.00016199651436241,"g__Merdimonas"
"fixed",NA,"ResponseResponder:Days",6.4720733290968e-07,1.5844075294884e-05,0.0408485393349943,83.9999999985819,0.967513578139065,-3.08604739627954e-05,3.21548886286147e-05,"s__GGB6002_SGB24096"
"fixed",NA,"ResponseResponder:Days",3.41998514175791e-05,3.64079436250776e-05,0.939351361608418,79.875611344745,0.350382351495193,-3.82559976093421e-05,0.0001066557004445,"s__GGB45613_SGB63326"
"fixed",NA,"ResponseResponder:Days",1.93842067017779e-05,1.28375167179609e-05,1.50996544952168,77.8253185849084,0.135101821154248,-6.17422941159502e-06,4.49426428151508e-05,"s__GGB2987_SGB3969"
"fixed",NA,"ResponseResponder:Days",2.02041831293344e-07,4.94612131994297e-06,0.0408485393349943,83.9999999977994,0.967513578139066,-9.63386283958366e-06,1.00379465021704e-05,"s__GGB79342_SGB106059"
"fixed",NA,"ResponseResponder:Days",4.8460731043221e-05,5.7060880327759e-05,0.849281167147466,80.8811011878282,0.398231659670058,-6.50750522759682e-05,0.00016199651436241,"s__Merdimonas_faecis"
"fixed",NA,"ResponseResponder:Days",-8.21078165914204e-05,0.000441306043209241,-0.186056406557047,83.6032148355151,0.852851228802149,-0.000959754137669259,0.000795538504486419,"c__CFGB1325"
"fixed",NA,"ResponseResponder:Days",-8.21078165914204e-05,0.000441306043209241,-0.186056406557047,83.6032148355151,0.852851228802149,-0.000959754137669259,0.000795538504486419,"o__OFGB1325"
"fixed",NA,"ResponseResponder:Days",-8.21078165914204e-05,0.000441306043209241,-0.186056406557047,83.6032148355151,0.852851228802149,-0.000959754137669259,0.000795538504486419,"f__FGB1325"
"fixed",NA,"ResponseResponder:Days",0.00132759214371712,0.000718507556819559,1.84770797623012,82.8222561821651,0.0682146031209416,-0.000101535846598892,0.00275672013403313,"g__GGB3480"
"fixed",NA,"ResponseResponder:Days",-8.21078165914204e-05,0.000441306043209241,-0.186056406557047,83.6032148355151,0.852851228802149,-0.000959754137669259,0.000795538504486419,"g__GGB3175"
"fixed",NA,"ResponseResponder:Days",8.81309191533905e-14,5.57502323956933e-09,1.5808170722567e-05,1.09677679606474,0.999989760645475,-5.76472093434594e-08,5.76473856052977e-08,"g__GGB3004"
"fixed",NA,"ResponseResponder:Days",1.63559720820941e-07,7.48923774092937e-05,0.00218393014721741,56.2306830374665,0.998265206866625,-0.000149850319396714,0.000150177438838356,"g__GGB9240"
"fixed",NA,"ResponseResponder:Days",7.57410977488926e-06,2.69078233588044e-05,0.281483554945777,83.2756150104726,0.779037809308264,-4.59418492382236e-05,6.10900687880021e-05,"g__GGB3518"
"fixed",NA,"ResponseResponder:Days",-4.45425757145788e-06,4.63384681915089e-06,-0.961244025816563,62.6330599344385,0.340125860273708,-1.37153233606873e-05,4.80680821777153e-06,"g__Youxingia"
"fixed",NA,"ResponseResponder:Days",3.23525453767082e-06,3.4991645048578e-06,0.924579148302231,44.0784508634319,0.360219084603501,-3.81649365559177e-06,1.02870027309334e-05,"g__GGB51441"
"fixed",NA,"ResponseResponder:Days",0.00132759214371712,0.000718507556819559,1.84770797623012,82.8222561821651,0.0682146031209416,-0.000101535846598892,0.00275672013403313,"s__GGB3480_SGB4648"
"fixed",NA,"ResponseResponder:Days",-0.00313747626716867,0.00426242960119241,-0.736076970348311,44.4449399423464,0.46555118249254,-0.0117254103641897,0.00545045782985233,"s__Akkermansia_sp_BIOML_A66"
"fixed",NA,"ResponseResponder:Days",-8.21078165914204e-05,0.000441306043209241,-0.186056406557047,83.6032148355151,0.852851228802149,-0.000959754137669259,0.000795538504486419,"s__GGB3175_SGB4191"
"fixed",NA,"ResponseResponder:Days",8.81309191533905e-14,5.57502323956933e-09,1.5808170722567e-05,1.09677679606474,0.999989760645475,-5.76472093434594e-08,5.76473856052977e-08,"s__GGB3004_SGB106198"
"fixed",NA,"ResponseResponder:Days",1.63559720820941e-07,7.48923774092937e-05,0.00218393014721741,56.2306830374665,0.998265206866625,-0.000149850319396714,0.000150177438838356,"s__GGB9240_SGB14182"
"fixed",NA,"ResponseResponder:Days",1.11395405664179e-19,1.93510676943749e-12,5.75655087479027e-08,6.27576081974604e-07,0.999999999954397,-Inf,Inf,"s__Clostridium_SGB4751"
"fixed",NA,"ResponseResponder:Days",-1.44339555692887e-05,0.000166380078808491,-0.0867529073952577,70.2866746672069,0.931114594390774,-0.000346244766253391,0.000317376855114813,"s__bacterium_210917_SL_2_15"
"fixed",NA,"ResponseResponder:Days",7.57410977488926e-06,2.69078233588044e-05,0.281483554945777,83.2756150104726,0.779037809308264,-4.59418492382236e-05,6.10900687880021e-05,"s__GGB3518_SGB4697"
"fixed",NA,"ResponseResponder:Days",3.71281084383393e-05,4.05677731854303e-05,0.915211891681391,62.7664506457342,0.363583175183935,-4.39460212627963e-05,0.000118202238139475,"s__Clostridiales_bacterium_Marseille_P2846"
"fixed",NA,"ResponseResponder:Days",1.12906260147376e-05,8.15271815022612e-06,1.38489100281536,83.9999999974131,0.169753076308339,-4.92194811093763e-06,2.75032001404129e-05,"s__Anaerotignum_sp_MSJ_24"
"fixed",NA,"ResponseResponder:Days",0.000148313825229956,0.000157835187620121,0.939675287027374,51.0633519864305,0.351808096180548,-0.000168543991061557,0.00046517164152147,"s__GGB3740_SGB5077"
"fixed",NA,"ResponseResponder:Days",3.43735131814167e-05,3.08611911892487e-05,1.1138103182936,54.598164870554,0.270239993810817,-2.74839289508552e-05,9.62309553136885e-05,"s__Streptococcus_mutans"
"fixed",NA,"ResponseResponder:Days",-4.45425757145788e-06,4.63384681915089e-06,-0.961244025816563,62.6330599344385,0.340125860273708,-1.37153233606873e-05,4.80680821777153e-06,"s__Youxingia_wuxianensis"
"fixed",NA,"ResponseResponder:Days",3.23525453767082e-06,3.4991645048578e-06,0.924579148302231,44.0784508634319,0.360219084603501,-3.81649365559177e-06,1.02870027309334e-05,"s__GGB51441_SGB71759"
"fixed",NA,"ResponseResponder:Days",-7.415458011749e-05,0.000132259451853351,-0.560675090349782,80.1625092190582,0.576582827678554,-0.000337351086320278,0.000189041926085298,"g__GGB4603"
"fixed",NA,"ResponseResponder:Days",-7.86963753242955e-06,0.000553856753768194,-0.0142087958283221,57.6185379601883,0.988712488367302,-0.00111669068228171,0.00110095140721685,"g__GGB4596"
"fixed",NA,"ResponseResponder:Days",4.90158097170369e-05,3.90473294508464e-05,1.25529224165609,83.312276473438,0.212882244464784,-2.86434532108978e-05,0.000126675072644972,"g__GGB3474"
"fixed",NA,"ResponseResponder:Days",4.88672769672844e-05,3.89290042099929e-05,1.25529224183804,83.3122764720928,0.212882244399146,-2.85566548607015e-05,0.00012629120879527,"g__GGB13727"
"fixed",NA,"ResponseResponder:Days",5.14627733669515e-05,7.75768955239478e-05,0.663377581938235,47.0277172081101,0.510327704713429,-0.000104599382265908,0.000207524928999811,"g__GGB27848"
"fixed",NA,"ResponseResponder:Days",-0.0001573885564524,9.34354942175909e-05,-1.68446218185432,82.5634388944113,0.0958693049289278,-0.000343242529796628,2.84654168918285e-05,"g__GGB9603"
"fixed",NA,"ResponseResponder:Days",1.82290201450474e-05,1.45217340932585e-05,1.25529224182048,83.3122764732385,0.212882244405435,-1.0652523918999e-05,4.71105642090939e-05,"g__GGB4588"
"fixed",NA,"ResponseResponder:Days",-4.0412573881265e-05,3.25743937917782e-05,-1.24062397414331,81.9001701173845,0.218286911588675,-0.000105214602540897,2.43894547783666e-05,"g__GGB9618"
"fixed",NA,"ResponseResponder:Days",1.09306605954924e-05,8.7076620359553e-06,1.25529224151764,83.3122764757092,0.21288224451468,-6.3875689748251e-06,2.82488901658099e-05,"g__GGB9737"
"fixed",NA,"ResponseResponder:Days",1.07652541514319e-05,6.53148434937732e-06,1.64820943840403,83.3001159015245,0.10307666748261,-2.22491338273045e-06,2.37554216855943e-05,"g__GGB9697"
"fixed",NA,"ResponseResponder:Days",3.87846023038361e-06,3.54781069804199e-06,1.09319818910409,83.3388760147415,0.27745670876355,-3.17756823873705e-06,1.09344886995043e-05,"g__GGB51960"
"fixed",NA,"ResponseResponder:Days",3.55803467313786e-06,2.83442735819756e-06,1.25529224195763,83.3122764784478,0.212882244355697,-2.07921485342174e-06,9.19528419969747e-06,"g__GGB35068"
"fixed",NA,"ResponseResponder:Days",0.00220061128851208,0.000594270447548328,3.70304681579025,44.8124375609047,0.000581673701420177,0.00100355087947608,0.00339767169754809,"s__Ruminococcus_SGB4421"
"fixed",NA,"ResponseResponder:Days",0.000240742006496794,0.000214889289630822,1.12030714471804,83.246316868357,0.265804616949934,-0.000186645445789781,0.00066812945878337,"s__Jutongia_huaianensis"
"fixed",NA,"ResponseResponder:Days",-7.415458011749e-05,0.000132259451853351,-0.560675090349782,80.1625092190582,0.576582827678554,-0.000337351086320278,0.000189041926085298,"s__GGB4603_SGB6367"
"fixed",NA,"ResponseResponder:Days",-7.86963753242955e-06,0.000553856753768194,-0.0142087958283221,57.6185379601883,0.988712488367302,-0.00111669068228171,0.00110095140721685,"s__GGB4596_SGB6358"
"fixed",NA,"ResponseResponder:Days",4.90158097170369e-05,3.90473294508464e-05,1.25529224165609,83.312276473438,0.212882244464784,-2.86434532108978e-05,0.000126675072644972,"s__GGB3474_SGB4637"
"fixed",NA,"ResponseResponder:Days",4.88672769672844e-05,3.89290042099929e-05,1.25529224183804,83.3122764720928,0.212882244399146,-2.85566548607015e-05,0.00012629120879527,"s__GGB13727_SGB8655"
"fixed",NA,"ResponseResponder:Days",5.14627733669515e-05,7.75768955239478e-05,0.663377581938235,47.0277172081101,0.510327704713429,-0.000104599382265908,0.000207524928999811,"s__GGB27848_SGB40282"
"fixed",NA,"ResponseResponder:Days",-0.0001573885564524,9.34354942175909e-05,-1.68446218185432,82.5634388944113,0.0958693049289278,-0.000343242529796628,2.84654168918285e-05,"s__GGB9603_SGB15035"
"fixed",NA,"ResponseResponder:Days",1.82290201450474e-05,1.45217340932585e-05,1.25529224182048,83.3122764732385,0.212882244405435,-1.0652523918999e-05,4.71105642090939e-05,"s__GGB4588_SGB6347"
"fixed",NA,"ResponseResponder:Days",1.6480608670957e-05,1.4000397070162e-05,1.17715294704612,82.2106536443367,0.242531316245802,-1.13695726033954e-05,4.43307899453094e-05,"s__Blautia_schinkii"
"fixed",NA,"ResponseResponder:Days",-4.0412573881265e-05,3.25743937917782e-05,-1.24062397414331,81.9001701173845,0.218286911588675,-0.000105214602540897,2.43894547783666e-05,"s__GGB9618_SGB15065"
"fixed",NA,"ResponseResponder:Days",1.09306605954924e-05,8.7076620359553e-06,1.25529224151764,83.3122764757092,0.21288224451468,-6.3875689748251e-06,2.82488901658099e-05,"s__GGB9737_SGB15309"
"fixed",NA,"ResponseResponder:Days",1.07652541514319e-05,6.53148434937732e-06,1.64820943840403,83.3001159015245,0.10307666748261,-2.22491338273045e-06,2.37554216855943e-05,"s__GGB9697_SGB15213"
"fixed",NA,"ResponseResponder:Days",3.87846023038361e-06,3.54781069804199e-06,1.09319818910409,83.3388760147415,0.27745670876355,-3.17756823873705e-06,1.09344886995043e-05,"s__GGB51960_SGB72480"
"fixed",NA,"ResponseResponder:Days",3.55803467313786e-06,2.83442735819756e-06,1.25529224195763,83.3122764784478,0.212882244355697,-2.07921485342174e-06,9.19528419969747e-06,"s__GGB35068_SGB47850"
"fixed",NA,"ResponseResponder:Days",7.17945983111162e-05,0.000119695504908987,0.599810313392362,44.0735008742873,0.55170415655662,-0.00016942447897232,0.000313013675594552,"s__Clostridium_SGB6177"
"fixed",NA,"ResponseResponder:Days",-0.000817038024535582,0.000315118989522862,-2.59279209346508,73.250856549127,0.0114873492423208,-0.00144503303289299,-0.000189043016178179,"s__Dialister_hominis"
"fixed",NA,"ResponseResponder:Days",-0.00155541626584571,0.00448842901796739,-0.34653912529736,44.1138936081786,0.730585161145202,-0.010600590979004,0.00748975844731253,"s__Klebsiella_pneumoniae"
"fixed",NA,"ResponseResponder:Days",-2.39866591625252e-06,7.00636275359371e-06,-0.342355370484093,44.0001026423225,0.733713511291123,-1.65190612942747e-05,1.17217294617696e-05,"s__Bifidobacterium_catenulatum"
"fixed",NA,"ResponseResponder:Days",1.1317752919413e-05,2.18492426177359e-05,0.517992917073744,71.1352055524835,0.60607056251003,-3.22469645703743e-05,5.48824704092003e-05,"s__Eubacterium_maltosivorans"
"fixed",NA,"ResponseResponder:Days",3.67653011438137e-15,1.72950333814511e-10,2.12577219904325e-05,0.00278157236776591,0.999998881010696,-Inf,Inf,"s__Aeromonas_caviae"
"fixed",NA,"ResponseResponder:Days",-0.000163506678511087,0.00103456934159078,-0.158043228170356,77.3524338075767,0.874834592789158,-0.00222344764646056,0.00189643428943839,"s__Gemmiger_SGB72777"
"fixed",NA,"ResponseResponder:Days",-0.000589580475492773,0.00049390284111294,-1.19371752177865,68.9550177056577,0.236679149460855,-0.00157490115090142,0.000395740199915871,"p__Synergistetes"
"fixed",NA,"ResponseResponder:Days",0.0025493056858812,0.00290055895279472,0.878901524626803,52.6734828209362,0.383446590344077,-0.00326932080269824,0.00836793217446063,"c__CFGB2984"
"fixed",NA,"ResponseResponder:Days",-0.00154613461067819,0.00103366758140201,-1.49577546833876,53.5377136826833,0.140584118032268,-0.00361892323919381,0.000526654017837429,"c__CFGB10477"
"fixed",NA,"ResponseResponder:Days",-0.000262853400210766,0.0002309182206334,-1.1382964908086,61.3738364595416,0.259420681985901,-0.000724546044713112,0.000198839244291581,"c__CFGB2937"
"fixed",NA,"ResponseResponder:Days",-8.13341748690882e-05,7.7752638638964e-05,-1.04606321139473,69.181609065731,0.299173031135279,-0.000236439180919737,7.37708311815601e-05,"c__CFGB77857"
"fixed",NA,"ResponseResponder:Days",0.000100835829352607,0.000122443071985116,0.823532338071884,53.5109349693339,0.413860693703942,-0.000144699143704867,0.00034637080241008,"c__CFGB2837"
"fixed",NA,"ResponseResponder:Days",-4.90089405030235e-05,6.32922913910225e-05,-0.774327164112992,80.5899518369326,0.441003141661461,-0.000174950461135554,7.69325801295073e-05,"c__CFGB7536"
"fixed",NA,"ResponseResponder:Days",-1.54926569644178e-05,1.36690101618948e-05,-1.13341469359697,44.7160923707734,0.263080535406608,-4.30282819543422e-05,1.20429680255066e-05,"c__CFGB544"
"fixed",NA,"ResponseResponder:Days",1.55221893168768e-05,1.51431166887426e-05,1.02503266902883,44.8658960293064,0.3108428420702,-1.49801297013956e-05,4.60245083351491e-05,"c__CFGB4448"
"fixed",NA,"ResponseResponder:Days",1.33100911844884e-05,1.93956095955477e-05,0.686242477655552,45.9727128941472,0.496006885918661,-2.57318713542199e-05,5.23520537231967e-05,"c__CFGB1201"
"fixed",NA,"ResponseResponder:Days",-0.000589580475492773,0.00049390284111294,-1.19371752177865,68.9550177056577,0.236679149460855,-0.00157490115090142,0.000395740199915871,"c__Synergistia"
"fixed",NA,"ResponseResponder:Days",3.18137889717343e-06,3.0114841151305e-06,1.05641563280687,44.1121576484229,0.296529795315031,-2.88743271929443e-06,9.2501905136413e-06,"c__CFGB45503"
"fixed",NA,"ResponseResponder:Days",-0.000212434523339054,0.000118321446882941,-1.79540167007273,79.6918068924788,0.0763805978624574,-0.000447915687043251,2.30466403651418e-05,"c__CFGB73223"
"fixed",NA,"ResponseResponder:Days",-1.39259785915705e-05,1.75320221870449e-05,-0.794316733289386,70.6518476266962,0.429671095329956,-4.8886823402409e-05,2.1034866219268e-05,"c__CFGB11916"
"fixed",NA,"ResponseResponder:Days",2.7697335208418e-05,3.46205752907605e-05,0.800025273289141,61.2093598230379,0.426790244377111,-4.15259951353049e-05,9.69206655521408e-05,"c__CFGB9536"
"fixed",NA,"ResponseResponder:Days",-7.0971912780024e-05,4.88410162356357e-05,-1.45312113158368,83.5980775743558,0.149933687629517,-0.000168104452766027,2.61606272059791e-05,"c__CFGB78183"
"fixed",NA,"ResponseResponder:Days",-2.69688010278606e-06,2.50659551885315e-06,-1.07591355785235,44.0005450200903,0.287830137714215,-7.74858966636986e-06,2.35482946079774e-06,"c__CFGB2949"
"fixed",NA,"ResponseResponder:Days",6.8031745408488e-06,9.18809067781075e-06,0.740433979094098,79.0223485267469,0.461231084334759,-1.14851820595831e-05,2.50915311412807e-05,"c__CFGB7511"
"fixed",NA,"ResponseResponder:Days",0.0025493056858812,0.00290055895279472,0.878901524626803,52.6734828209362,0.383446590344077,-0.00326932080269824,0.00836793217446063,"o__OFGB2984"
"fixed",NA,"ResponseResponder:Days",-0.00154613461067819,0.00103366758140201,-1.49577546833876,53.5377136826833,0.140584118032268,-0.00361892323919381,0.000526654017837429,"o__OFGB10477"
"fixed",NA,"ResponseResponder:Days",-0.000262853400210766,0.0002309182206334,-1.1382964908086,61.3738364595416,0.259420681985901,-0.000724546044713112,0.000198839244291581,"o__OFGB2937"
"fixed",NA,"ResponseResponder:Days",-8.13341748690882e-05,7.7752638638964e-05,-1.04606321139473,69.181609065731,0.299173031135279,-0.000236439180919737,7.37708311815601e-05,"o__OFGB77857"
"fixed",NA,"ResponseResponder:Days",0.000100835829352607,0.000122443071985116,0.823532338071884,53.5109349693339,0.413860693703942,-0.000144699143704867,0.00034637080241008,"o__OFGB2837"
"fixed",NA,"ResponseResponder:Days",-4.90089405030235e-05,6.32922913910225e-05,-0.774327164112992,80.5899518369326,0.441003141661461,-0.000174950461135554,7.69325801295073e-05,"o__OFGB7536"
"fixed",NA,"ResponseResponder:Days",-1.54926569644178e-05,1.36690101618948e-05,-1.13341469359697,44.7160923707734,0.263080535406608,-4.30282819543422e-05,1.20429680255066e-05,"o__OFGB544"
"fixed",NA,"ResponseResponder:Days",1.55221893168768e-05,1.51431166887426e-05,1.02503266902883,44.8658960293064,0.3108428420702,-1.49801297013956e-05,4.60245083351491e-05,"o__OFGB4448"
"fixed",NA,"ResponseResponder:Days",1.33100911844884e-05,1.93956095955477e-05,0.686242477655552,45.9727128941472,0.496006885918661,-2.57318713542199e-05,5.23520537231967e-05,"o__OFGB1201"
"fixed",NA,"ResponseResponder:Days",-0.000589580475492773,0.00049390284111294,-1.19371752177865,68.9550177056577,0.236679149460855,-0.00157490115090142,0.000395740199915871,"o__Synergistales"
"fixed",NA,"ResponseResponder:Days",3.18137889717343e-06,3.0114841151305e-06,1.05641563280687,44.1121576484229,0.296529795315031,-2.88743271929443e-06,9.2501905136413e-06,"o__OFGB45503"
"fixed",NA,"ResponseResponder:Days",-0.000212434523339054,0.000118321446882941,-1.79540167007273,79.6918068924788,0.0763805978624574,-0.000447915687043251,2.30466403651418e-05,"o__OFGB73223"
"fixed",NA,"ResponseResponder:Days",-1.39259785915705e-05,1.75320221870449e-05,-0.794316733289386,70.6518476266962,0.429671095329956,-4.8886823402409e-05,2.1034866219268e-05,"o__OFGB11916"
"fixed",NA,"ResponseResponder:Days",2.7697335208418e-05,3.46205752907605e-05,0.800025273289141,61.2093598230379,0.426790244377111,-4.15259951353049e-05,9.69206655521408e-05,"o__OFGB9536"
"fixed",NA,"ResponseResponder:Days",-7.0971912780024e-05,4.88410162356357e-05,-1.45312113158368,83.5980775743558,0.149933687629517,-0.000168104452766027,2.61606272059791e-05,"o__OFGB78183"
"fixed",NA,"ResponseResponder:Days",-2.69688010278606e-06,2.50659551885315e-06,-1.07591355785235,44.0005450200903,0.287830137714215,-7.74858966636986e-06,2.35482946079774e-06,"o__OFGB2949"
"fixed",NA,"ResponseResponder:Days",6.8031745408488e-06,9.18809067781075e-06,0.740433979094098,79.0223485267469,0.461231084334759,-1.14851820595831e-05,2.50915311412807e-05,"o__OFGB7511"
"fixed",NA,"ResponseResponder:Days",0.0025493056858812,0.00290055895279472,0.878901524626803,52.6734828209362,0.383446590344077,-0.00326932080269824,0.00836793217446063,"f__FGB2984"
"fixed",NA,"ResponseResponder:Days",-0.00154613461067819,0.00103366758140201,-1.49577546833876,53.5377136826833,0.140584118032268,-0.00361892323919381,0.000526654017837429,"f__FGB10477"
"fixed",NA,"ResponseResponder:Days",-0.000262853400210766,0.0002309182206334,-1.1382964908086,61.3738364595416,0.259420681985901,-0.000724546044713112,0.000198839244291581,"f__FGB2937"
"fixed",NA,"ResponseResponder:Days",-8.13341748690882e-05,7.7752638638964e-05,-1.04606321139473,69.181609065731,0.299173031135279,-0.000236439180919737,7.37708311815601e-05,"f__FGB77857"
"fixed",NA,"ResponseResponder:Days",0.000100835829352607,0.000122443071985116,0.823532338071884,53.5109349693339,0.413860693703942,-0.000144699143704867,0.00034637080241008,"f__FGB2837"
"fixed",NA,"ResponseResponder:Days",-4.90089405030235e-05,6.32922913910225e-05,-0.774327164112992,80.5899518369326,0.441003141661461,-0.000174950461135554,7.69325801295073e-05,"f__FGB7536"
"fixed",NA,"ResponseResponder:Days",-1.54926569644178e-05,1.36690101618948e-05,-1.13341469359697,44.7160923707734,0.263080535406608,-4.30282819543422e-05,1.20429680255066e-05,"f__FGB544"
"fixed",NA,"ResponseResponder:Days",1.55221893168768e-05,1.51431166887426e-05,1.02503266902883,44.8658960293064,0.3108428420702,-1.49801297013956e-05,4.60245083351491e-05,"f__FGB4448"
"fixed",NA,"ResponseResponder:Days",1.33100911844884e-05,1.93956095955477e-05,0.686242477655552,45.9727128941472,0.496006885918661,-2.57318713542199e-05,5.23520537231967e-05,"f__FGB1201"
"fixed",NA,"ResponseResponder:Days",-0.000589580475492773,0.00049390284111294,-1.19371752177865,68.9550177056577,0.236679149460855,-0.00157490115090142,0.000395740199915871,"f__Synergistaceae"
"fixed",NA,"ResponseResponder:Days",3.18137889717343e-06,3.0114841151305e-06,1.05641563280687,44.1121576484229,0.296529795315031,-2.88743271929443e-06,9.2501905136413e-06,"f__FGB45503"
"fixed",NA,"ResponseResponder:Days",-0.000212434523339054,0.000118321446882941,-1.79540167007273,79.6918068924788,0.0763805978624574,-0.000447915687043251,2.30466403651418e-05,"f__FGB73223"
"fixed",NA,"ResponseResponder:Days",1.52551406678888e-05,1.64446140318101e-05,0.927667906244536,48.0070326542749,0.358220580745054,-1.78088467497097e-05,4.83191280854872e-05,"f__Porphyromonadaceae"
"fixed",NA,"ResponseResponder:Days",-1.39259785915705e-05,1.75320221870449e-05,-0.794316733289386,70.6518476266962,0.429671095329956,-4.8886823402409e-05,2.1034866219268e-05,"f__FGB11916"
"fixed",NA,"ResponseResponder:Days",2.7697335208418e-05,3.46205752907605e-05,0.800025273289141,61.2093598230379,0.426790244377111,-4.15259951353049e-05,9.69206655521408e-05,"f__FGB9536"
"fixed",NA,"ResponseResponder:Days",-7.0971912780024e-05,4.88410162356357e-05,-1.45312113158368,83.5980775743558,0.149933687629517,-0.000168104452766027,2.61606272059791e-05,"f__FGB78183"
"fixed",NA,"ResponseResponder:Days",-2.69688010278606e-06,2.50659551885315e-06,-1.07591355785235,44.0005450200903,0.287830137714215,-7.74858966636986e-06,2.35482946079774e-06,"f__FGB2949"
"fixed",NA,"ResponseResponder:Days",6.8031745408488e-06,9.18809067781075e-06,0.740433979094098,79.0223485267469,0.461231084334759,-1.14851820595831e-05,2.50915311412807e-05,"f__FGB7511"
"fixed",NA,"ResponseResponder:Days",0.0025493056858812,0.00290055895279472,0.878901524626803,52.6734828209362,0.383446590344077,-0.00326932080269824,0.00836793217446063,"g__GGB9347"
"fixed",NA,"ResponseResponder:Days",-0.00154613461067819,0.00103366758140201,-1.49577546833876,53.5377136826833,0.140584118032268,-0.00361892323919381,0.000526654017837429,"g__GGB9345"
"fixed",NA,"ResponseResponder:Days",0.000469300433861175,0.000467984314540305,1.00281231502847,45.5444172858728,0.321249792976186,-0.000472957481671419,0.00141155834939377,"g__Butyrivibrio"
"fixed",NA,"ResponseResponder:Days",-0.00054467837340112,0.000619416666821472,-0.879340842079903,77.1920206272767,0.381945734658993,-0.00177804557108788,0.000688688824285642,"g__GGB9334"
"fixed",NA,"ResponseResponder:Days",-0.000165703288955005,0.000165781103192857,-0.999530620581279,46.209458194345,0.322743235331516,-0.000499362528558402,0.000167955950648391,"g__GGB9677"
"fixed",NA,"ResponseResponder:Days",0.0003868879962673,0.0004290187371973,0.901797433824843,50.8903493464651,0.37141287373828,-0.000474448118285063,0.00124822411081966,"g__GGB9687"
"fixed",NA,"ResponseResponder:Days",-0.000262318212555198,0.000305930891191615,-0.857442710454824,74.6128412715977,0.393946084324851,-0.000871815637770318,0.000347179212659921,"g__GGB3497"
"fixed",NA,"ResponseResponder:Days",-0.000262853400210766,0.0002309182206334,-1.1382964908086,61.3738364595416,0.259420681985901,-0.000724546044713112,0.000198839244291581,"g__GGB9271"
"fixed",NA,"ResponseResponder:Days",-0.000511324896088769,0.000309933335870502,-1.64978992870394,56.5250625248092,0.10453275853429,-0.00113206873076975,0.000109418938592211,"g__GGB9211"
"fixed",NA,"ResponseResponder:Days",1.31895772400561e-05,1.2342347266634e-05,1.06864415294103,44.0820670059815,0.291047210405491,-1.16834813516548e-05,3.80626358317671e-05,"g__GGB1582"
"fixed",NA,"ResponseResponder:Days",-2.76272497895091e-05,2.45485008579494e-05,-1.1254149468994,44.4694641695418,0.266450741201857,-7.70867546335569e-05,2.18322550545387e-05,"g__GGB1239"
"fixed",NA,"ResponseResponder:Days",-0.000107363871013898,0.000102748689029721,-1.04491718607565,69.255213380376,0.299694789847335,-0.000312328422125637,9.76006800978414e-05,"g__GGB1672"
"fixed",NA,"ResponseResponder:Days",-8.13341748690882e-05,7.7752638638964e-05,-1.04606321139473,69.181609065731,0.299173031135279,-0.000236439180919737,7.37708311815601e-05,"g__GGB12893"
"fixed",NA,"ResponseResponder:Days",2.06611518252249e-05,1.98772639301441e-05,1.03943640824188,44.5233242474289,0.304213817275708,-1.93855464085098e-05,6.07078500589597e-05,"g__Methanomassiliicoccus"
"fixed",NA,"ResponseResponder:Days",0.000106303614640215,0.000122227945870679,0.86971611838006,53.4603261110118,0.38834383615209,-0.000138805329978103,0.000351412559258532,"g__GGB9080"
"fixed",NA,"ResponseResponder:Days",-4.90089405030235e-05,6.32922913910225e-05,-0.774327164112992,80.5899518369326,0.441003141661461,-0.000174950461135554,7.69325801295073e-05,"g__GGB12868"
"fixed",NA,"ResponseResponder:Days",-1.54926569644178e-05,1.36690101618948e-05,-1.13341469359697,44.7160923707734,0.263080535406608,-4.30282819543422e-05,1.20429680255066e-05,"g__GGB1123"
"fixed",NA,"ResponseResponder:Days",1.55221893168768e-05,1.51431166887426e-05,1.02503266902883,44.8658960293064,0.3108428420702,-1.49801297013956e-05,4.60245083351491e-05,"g__GGB1617"
"fixed",NA,"ResponseResponder:Days",1.33100911844884e-05,1.93956095955477e-05,0.686242477655552,45.9727128941472,0.496006885918661,-2.57318713542199e-05,5.23520537231967e-05,"g__GGB2958"
"fixed",NA,"ResponseResponder:Days",3.94705933562654e-05,0.000222430409342117,0.177451426147206,54.2301835195206,0.859814963032512,-0.000406432180996121,0.000485373367708652,"g__GGB9063"
"fixed",NA,"ResponseResponder:Days",0.000145038332195537,0.000317579315264773,0.456699555745988,66.3844832539082,0.649377873132388,-0.000488960690258894,0.000779037354649968,"g__GGB6610"
"fixed",NA,"ResponseResponder:Days",-0.000590461564193333,0.000493752094063712,-1.19586645057781,68.9249566387832,0.235846634390264,-0.00157548917337175,0.000394566044985087,"g__Cloacibacillus"
"fixed",NA,"ResponseResponder:Days",0.00014919723558058,0.000199435847213264,0.74809638119389,71.7168058826112,0.456848272205736,-0.000248397683080435,0.000546792154241595,"g__GGB1246"
"fixed",NA,"ResponseResponder:Days",3.18137889717343e-06,3.0114841151305e-06,1.05641563280687,44.1121576484229,0.296529795315031,-2.88743271929443e-06,9.2501905136413e-06,"g__GGB9790"
"fixed",NA,"ResponseResponder:Days",-7.85710367340787e-07,7.19068043700035e-07,-1.09267874469548,44.009654503772,0.280480259226372,-2.23488780727542e-06,6.63467072593843e-07,"g__GGB6512"
"fixed",NA,"ResponseResponder:Days",-0.000212434523339054,0.000118321446882941,-1.79540167007273,79.6918068924788,0.0763805978624574,-0.000447915687043251,2.30466403651418e-05,"g__GGB9249"
"fixed",NA,"ResponseResponder:Days",1.52551406678888e-05,1.64446140318101e-05,0.927667906244536,48.0070326542749,0.358220580745054,-1.78088467497097e-05,4.83191280854872e-05,"g__Sanguibacteroides"
"fixed",NA,"ResponseResponder:Days",-1.14265789569811e-06,1.04078992977456e-06,-1.09787562601188,44.0344562928287,0.278225962685914,-3.24018581490992e-06,9.54870023513706e-07,"g__Methanosphaera"
"fixed",NA,"ResponseResponder:Days",-1.39259785915705e-05,1.75320221870449e-05,-0.794316733289386,70.6518476266962,0.429671095329956,-4.8886823402409e-05,2.1034866219268e-05,"g__GGB34540"
"fixed",NA,"ResponseResponder:Days",2.7697335208418e-05,3.46205752907605e-05,0.800025273289141,61.2093598230379,0.426790244377111,-4.15259951353049e-05,9.69206655521408e-05,"g__GGB28474"
"fixed",NA,"ResponseResponder:Days",-4.42581403610757e-07,4.04022029038626e-07,-1.09543879244378,44.0208626926955,0.279281688119154,-1.25682340102567e-06,3.7166059380416e-07,"g__GGB31790"
"fixed",NA,"ResponseResponder:Days",-6.84020488684095e-06,8.83374005606354e-06,-0.774327164194263,80.5899518329935,0.441003141613797,-2.44179324597089e-05,1.0737522686027e-05,"g__GGB9784"
"fixed",NA,"ResponseResponder:Days",1.70260912295482e-05,2.09983425411945e-05,0.81083024510846,59.744631839078,0.420681486471136,-2.49805405785182e-05,5.90327230376145e-05,"g__GGB9767"
"fixed",NA,"ResponseResponder:Days",-3.98803154241516e-06,5.15031853087368e-06,-0.774327164137292,80.5899518266388,0.441003141647465,-1.42363403532635e-05,6.26027726843318e-06,"g__GGB6128"
"fixed",NA,"ResponseResponder:Days",-7.0971912780024e-05,4.88410162356357e-05,-1.45312113158368,83.5980775743558,0.149933687629517,-0.000168104452766027,2.61606272059791e-05,"g__GGB9109"
"fixed",NA,"ResponseResponder:Days",-4.37621592152936e-06,4.26852121896934e-06,-1.02522997943209,70.463759012122,0.308761454217478,-1.28885280903966e-05,4.13609624733791e-06,"g__GGB6519"
"fixed",NA,"ResponseResponder:Days",-1.69838989091978e-05,2.19940329641136e-05,-0.772204849238401,71.1670127067259,0.442549967344124,-6.08369716493037e-05,2.68691738309081e-05,"g__Cuneatibacter"
"fixed",NA,"ResponseResponder:Days",-2.69688010278606e-06,2.50659551885315e-06,-1.07591355785235,44.0005450200903,0.287830137714215,-7.74858966636986e-06,2.35482946079774e-06,"g__GGB9290"
"fixed",NA,"ResponseResponder:Days",-1.52839742859805e-06,1.9738393532083e-06,-0.77432716401858,80.5899518220139,0.44100314171738,-5.4560215383383e-06,2.3992266811422e-06,"g__GGB9582"
"fixed",NA,"ResponseResponder:Days",6.8031745408488e-06,9.18809067781075e-06,0.740433979094098,79.0223485267469,0.461231084334759,-1.14851820595831e-05,2.50915311412807e-05,"g__GGB1158"
"fixed",NA,"ResponseResponder:Days",-0.00204882893701262,0.00179707643647258,-1.14009003480909,44.9772861383199,0.260283782464686,-0.00566837712890188,0.00157071925487665,"s__GGB3304_SGB4365"
"fixed",NA,"ResponseResponder:Days",0.0025493056858812,0.00290055895279472,0.878901524626803,52.6734828209362,0.383446590344077,-0.00326932080269824,0.00836793217446063,"s__GGB9347_SGB14313"
"fixed",NA,"ResponseResponder:Days",-0.00154613461067819,0.00103366758140201,-1.49577546833876,53.5377136826833,0.140584118032268,-0.00361892323919381,0.000526654017837429,"s__GGB9345_SGB14311"
"fixed",NA,"ResponseResponder:Days",0.000469300433861175,0.000467984314540305,1.00281231502847,45.5444172858728,0.321249792976186,-0.000472957481671419,0.00141155834939377,"s__Butyrivibrio_crossotus"
"fixed",NA,"ResponseResponder:Days",0.00107664581327061,0.00119860547144943,0.898248705613415,51.1509725706174,0.373261829883672,-0.0013294826480739,0.00348277427461511,"s__Segatella_hominis"
"fixed",NA,"ResponseResponder:Days",7.27976545913781e-06,6.71162563335723e-06,1.08465010666818,44.0011335254936,0.283983979855229,-6.24661737218882e-06,2.08061482904644e-05,"s__Holdemanella_biformis"
"fixed",NA,"ResponseResponder:Days",-0.00054467837340112,0.000619416666821472,-0.879340842079903,77.1920206272767,0.381945734658993,-0.00177804557108788,0.000688688824285642,"s__GGB9334_SGB14297"
"fixed",NA,"ResponseResponder:Days",-0.000255407539821587,0.000228662953460978,-1.11696073174868,44.1377676788228,0.270054634914043,-0.0007162068177633,0.000205391738120125,"s__Desulfovibrio_piger"
"fixed",NA,"ResponseResponder:Days",-0.000165703288955005,0.000165781103192857,-0.999530620581279,46.209458194345,0.322743235331516,-0.000499362528558402,0.000167955950648391,"s__GGB9677_SGB15179"
"fixed",NA,"ResponseResponder:Days",0.0003868879962673,0.0004290187371973,0.901797433824843,50.8903493464651,0.37141287373828,-0.000474448118285063,0.00124822411081966,"s__GGB9687_SGB15191"
"fixed",NA,"ResponseResponder:Days",-0.000262318212555198,0.000305930891191615,-0.857442710454824,74.6128412715977,0.393946084324851,-0.000871815637770318,0.000347179212659921,"s__GGB3497_SGB4672"
"fixed",NA,"ResponseResponder:Days",0.000247561874768363,0.000265519880100123,0.932366626088454,48.8649475047555,0.355731191051217,-0.000286057605725753,0.000781181355262478,"s__Segatella_sinensis"
"fixed",NA,"ResponseResponder:Days",-0.000262853400210766,0.0002309182206334,-1.1382964908086,61.3738364595416,0.259420681985901,-0.000724546044713112,0.000198839244291581,"s__GGB9271_SGB14222"
"fixed",NA,"ResponseResponder:Days",-0.000511324896088769,0.000309933335870502,-1.64978992870394,56.5250625248092,0.10453275853429,-0.00113206873076975,0.000109418938592211,"s__GGB9211_SGB14151"
"fixed",NA,"ResponseResponder:Days",-0.000176644261779517,0.000187718352569235,-0.94100688271471,57.5464419105647,0.350634836664158,-0.000552466436406256,0.000199177912847221,"s__GGB9602_SGB15028"
"fixed",NA,"ResponseResponder:Days",-0.000877938432329641,0.00058799716743591,-1.49309976467758,84.0000000000747,0.139157774398358,-0.00204723528364701,0.000291358418987729,"s__GGB4571_SGB6321"
"fixed",NA,"ResponseResponder:Days",1.31895772400561e-05,1.2342347266634e-05,1.06864415294103,44.0820670059815,0.291047210405491,-1.16834813516548e-05,3.80626358317671e-05,"s__GGB1582_SGB2173"
"fixed",NA,"ResponseResponder:Days",0.00029687895670323,0.000368676514169357,0.805255950116893,60.4842121412648,0.423826327877826,-0.000440462461698893,0.00103422037510535,"s__Prevotella_dentalis"
"fixed",NA,"ResponseResponder:Days",-2.76272497895091e-05,2.45485008579494e-05,-1.1254149468994,44.4694641695418,0.266450741201857,-7.70867546335569e-05,2.18322550545387e-05,"s__GGB1239_SGB1657"
"fixed",NA,"ResponseResponder:Days",0.000106934332577328,0.000114170682096214,0.936618145867005,48.6128662824713,0.353584950503307,-0.000122546468119335,0.00033641513327399,"s__Parabacteroides_sp_AGMB00274"
"fixed",NA,"ResponseResponder:Days",-0.000107363871013898,0.000102748689029721,-1.04491718607565,69.255213380376,0.299694789847335,-0.000312328422125637,9.76006800978414e-05,"s__GGB1672_SGB2289"
"fixed",NA,"ResponseResponder:Days",-6.20307214043004e-05,5.27910027748457e-05,-1.17502449553501,48.0034548711826,0.245780565990079,-0.000168173949119629,4.4112506311028e-05,"s__Segatella_brunsvicensis"
"fixed",NA,"ResponseResponder:Days",-8.13341748690882e-05,7.7752638638964e-05,-1.04606321139473,69.181609065731,0.299173031135279,-0.000236439180919737,7.37708311815601e-05,"s__GGB12893_SGB20033"
"fixed",NA,"ResponseResponder:Days",2.06611518252249e-05,1.98772639301441e-05,1.03943640824188,44.5233242474289,0.304213817275708,-1.93855464085098e-05,6.07078500589597e-05,"s__Candidatus_Methanomassiliicoccus_intestinalis"
"fixed",NA,"ResponseResponder:Days",0.000106303614640215,0.000122227945870679,0.86971611838006,53.4603261110118,0.38834383615209,-0.000138805329978103,0.000351412559258532,"s__GGB9080_SGB14004"
"fixed",NA,"ResponseResponder:Days",-4.90089405030235e-05,6.32922913910225e-05,-0.774327164112992,80.5899518369326,0.441003141661461,-0.000174950461135554,7.69325801295073e-05,"s__GGB12868_SGB20003"
"fixed",NA,"ResponseResponder:Days",-1.54926569644178e-05,1.36690101618948e-05,-1.13341469359697,44.7160923707734,0.263080535406608,-4.30282819543422e-05,1.20429680255066e-05,"s__GGB1123_SGB1437"
"fixed",NA,"ResponseResponder:Days",1.55221893168768e-05,1.51431166887426e-05,1.02503266902883,44.8658960293064,0.3108428420702,-1.49801297013956e-05,4.60245083351491e-05,"s__GGB1617_SGB2214"
"fixed",NA,"ResponseResponder:Days",1.33100911844884e-05,1.93956095955477e-05,0.686242477655552,45.9727128941472,0.496006885918661,-2.57318713542199e-05,5.23520537231967e-05,"s__GGB2958_SGB3940"
"fixed",NA,"ResponseResponder:Days",3.94705933562654e-05,0.000222430409342117,0.177451426147206,54.2301835195206,0.859814963032512,-0.000406432180996121,0.000485373367708652,"s__GGB9063_SGB13982"
"fixed",NA,"ResponseResponder:Days",-9.8998614950434e-07,5.33803588100118e-05,-0.0185458878803689,72.2779099091194,0.98525447191101,-0.000107394796722722,0.000105414824423713,"s__GGB9770_SGB73065"
"fixed",NA,"ResponseResponder:Days",0.000145038332195537,0.000317579315264773,0.456699555745988,66.3844832539082,0.649377873132388,-0.000488960690258894,0.000779037354649968,"s__GGB6610_SGB9344"
"fixed",NA,"ResponseResponder:Days",-0.000590461564193333,0.000493752094063712,-1.19586645057781,68.9249566387832,0.235846634390264,-0.00157548917337175,0.000394566044985087,"s__Cloacibacillus_evryensis"
"fixed",NA,"ResponseResponder:Days",0.00014919723558058,0.000199435847213264,0.74809638119389,71.7168058826112,0.456848272205736,-0.000248397683080435,0.000546792154241595,"s__GGB1246_SGB1667"
"fixed",NA,"ResponseResponder:Days",3.18137889717343e-06,3.0114841151305e-06,1.05641563280687,44.1121576484229,0.296529795315031,-2.88743271929443e-06,9.2501905136413e-06,"s__GGB9790_SGB15413"
"fixed",NA,"ResponseResponder:Days",-7.85710367340787e-07,7.19068043700035e-07,-1.09267874469548,44.009654503772,0.280480259226372,-2.23488780727542e-06,6.63467072593843e-07,"s__GGB6512_SGB9197"
"fixed",NA,"ResponseResponder:Days",-0.000212434523339054,0.000118321446882941,-1.79540167007273,79.6918068924788,0.0763805978624574,-0.000447915687043251,2.30466403651418e-05,"s__GGB9249_SGB14193"
"fixed",NA,"ResponseResponder:Days",1.52551406678888e-05,1.64446140318101e-05,0.927667906244536,48.0070326542749,0.358220580745054,-1.78088467497097e-05,4.83191280854872e-05,"s__Sanguibacteroides_justesenii"
"fixed",NA,"ResponseResponder:Days",-1.14265789569811e-06,1.04078992977456e-06,-1.09787562601188,44.0344562928287,0.278225962685914,-3.24018581490992e-06,9.54870023513706e-07,"s__Methanosphaera_stadtmanae"
"fixed",NA,"ResponseResponder:Days",-1.39259785915705e-05,1.75320221870449e-05,-0.794316733289386,70.6518476266962,0.429671095329956,-4.8886823402409e-05,2.1034866219268e-05,"s__GGB34540_SGB54300"
"fixed",NA,"ResponseResponder:Days",2.7697335208418e-05,3.46205752907605e-05,0.800025273289141,61.2093598230379,0.426790244377111,-4.15259951353049e-05,9.69206655521408e-05,"s__GGB28474_SGB41058"
"fixed",NA,"ResponseResponder:Days",-4.42581403610757e-07,4.04022029038626e-07,-1.09543879244378,44.0208626926955,0.279281688119154,-1.25682340102567e-06,3.7166059380416e-07,"s__GGB31790_SGB47293"
"fixed",NA,"ResponseResponder:Days",-6.84020488684095e-06,8.83374005606354e-06,-0.774327164194263,80.5899518329935,0.441003141613797,-2.44179324597089e-05,1.0737522686027e-05,"s__GGB9784_SGB15407"
"fixed",NA,"ResponseResponder:Days",1.70260912295482e-05,2.09983425411945e-05,0.81083024510846,59.744631839078,0.420681486471136,-2.49805405785182e-05,5.90327230376145e-05,"s__GGB9767_SGB15385"
"fixed",NA,"ResponseResponder:Days",-5.02366695869257e-06,6.48778344778985e-06,-0.774327164141699,80.5899518230948,0.441003141644974,-1.79333166963422e-05,7.88598277895704e-06,"s__Victivallis_sp_Marseille_Q1083"
"fixed",NA,"ResponseResponder:Days",-4.98608341532124e-06,6.43924641451724e-06,-0.774327164135254,80.5899518307494,0.441003141648548,-1.7799152232227e-05,7.8269854015845e-06,"s__Senegalimassilia_SGB14826"
"fixed",NA,"ResponseResponder:Days",-3.98803154241516e-06,5.15031853087368e-06,-0.774327164137292,80.5899518266388,0.441003141647465,-1.42363403532635e-05,6.26027726843318e-06,"s__GGB6128_SGB8774"
"fixed",NA,"ResponseResponder:Days",-7.0971912780024e-05,4.88410162356357e-05,-1.45312113158368,83.5980775743558,0.149933687629517,-0.000168104452766027,2.61606272059791e-05,"s__GGB9109_SGB14042"
"fixed",NA,"ResponseResponder:Days",-4.37621592152936e-06,4.26852121896934e-06,-1.02522997943209,70.463759012122,0.308761454217478,-1.28885280903966e-05,4.13609624733791e-06,"s__GGB6519_SGB9208"
"fixed",NA,"ResponseResponder:Days",-1.80674661567335e-05,1.95463352468802e-05,-0.924340339431009,80.7009341854861,0.358064832817459,-5.69607270196576e-05,2.08257947061905e-05,"s__Cuneatibacter_sp_NSJ_177"
"fixed",NA,"ResponseResponder:Days",-2.69688010278606e-06,2.50659551885315e-06,-1.07591355785235,44.0005450200903,0.287830137714215,-7.74858966636986e-06,2.35482946079774e-06,"s__GGB9290_SGB14247"
"fixed",NA,"ResponseResponder:Days",-1.52839742859805e-06,1.9738393532083e-06,-0.77432716401858,80.5899518220139,0.44100314171738,-5.4560215383383e-06,2.3992266811422e-06,"s__GGB9582_SGB15003"
"fixed",NA,"ResponseResponder:Days",6.8031745408488e-06,9.18809067781075e-06,0.740433979094098,79.0223485267469,0.461231084334759,-1.14851820595831e-05,2.50915311412807e-05,"s__GGB1158_SGB1488"
"fixed",NA,"ResponseResponder:Days",-3.06311443761481e-05,0.000205165010453934,-0.149300040530185,82.9603457821502,0.881679233615787,-0.000438698983079491,0.000377436694327195,"s__Clostridium_SGB4909"
"fixed",NA,"ResponseResponder:Days",1.90718425476635e-05,2.05385688378051e-05,0.928586733490322,77.0561096374942,0.356003024770437,-2.18251976785841e-05,5.99688827739112e-05,"c__CFGB30328"
"fixed",NA,"ResponseResponder:Days",-9.16355619279308e-07,1.09904398511013e-06,-0.833775200714541,80.2112947271341,0.406883774471298,-3.10343440802488e-06,1.27072316946626e-06,"c__Epsilonproteobacteria"
"fixed",NA,"ResponseResponder:Days",1.90718425476635e-05,2.05385688378051e-05,0.928586733490322,77.0561096374942,0.356003024770437,-2.18251976785841e-05,5.99688827739112e-05,"o__OFGB30328"
"fixed",NA,"ResponseResponder:Days",-9.16355619279308e-07,1.09904398511013e-06,-0.833775200714541,80.2112947271341,0.406883774471298,-3.10343440802488e-06,1.27072316946626e-06,"o__Campylobacterales"
"fixed",NA,"ResponseResponder:Days",1.90718425476635e-05,2.05385688378051e-05,0.928586733490322,77.0561096374942,0.356003024770437,-2.18251976785841e-05,5.99688827739112e-05,"f__FGB30328"
"fixed",NA,"ResponseResponder:Days",-9.16355619279308e-07,1.09904398511013e-06,-0.833775200714541,80.2112947271341,0.406883774471298,-3.10343440802488e-06,1.27072316946626e-06,"f__Campylobacteraceae"
"fixed",NA,"ResponseResponder:Days",1.90718425476635e-05,2.05385688378051e-05,0.928586733490322,77.0561096374942,0.356003024770437,-2.18251976785841e-05,5.99688827739112e-05,"g__GGB52106"
"fixed",NA,"ResponseResponder:Days",-9.16355619279308e-07,1.09904398511013e-06,-0.833775200714541,80.2112947271341,0.406883774471298,-3.10343440802488e-06,1.27072316946626e-06,"g__Campylobacter"
"fixed",NA,"ResponseResponder:Days",-8.60908993794414e-05,8.71708101243432e-05,-0.987611555480999,66.1778719124235,0.32694015950025,-0.000260124306280072,8.79425075211892e-05,"s__GGB9524_SGB14923"
"fixed",NA,"ResponseResponder:Days",-5.13339709475471e-05,6.15681192053649e-05,-0.83377520070605,80.2112947239187,0.406883774476154,-0.000173853478266084,7.118553637099e-05,"s__Victivallis_vadensis"
"fixed",NA,"ResponseResponder:Days",5.25588447985342e-05,5.71606411829472e-05,0.919493618525298,54.2590474083664,0.3619072791891,-6.20288115663765e-05,0.000167146501163445,"s__Clostridia_bacterium_UC5_1_1E11"
"fixed",NA,"ResponseResponder:Days",-3.5034889820335e-06,9.29758359609243e-05,-0.0376817153169339,75.2019222818639,0.970041306196882,-0.000188712700908961,0.000181705722944894,"s__Clostridium_transplantifaecale"
"fixed",NA,"ResponseResponder:Days",-0.000199354607686969,0.00029677980969376,-0.671725640274109,77.3226893583228,0.50376042590046,-0.000790279352499911,0.000391570137125972,"s__Eisenbergiella_tayi"
"fixed",NA,"ResponseResponder:Days",-6.0756004771148e-05,8.0995899004839e-05,-0.750112110830676,81.3845442294525,0.45535028136462,-0.000221900894746323,0.000100388885204027,"s__Clostridium_saccharogumia"
"fixed",NA,"ResponseResponder:Days",1.90718425476635e-05,2.05385688378051e-05,0.928586733490322,77.0561096374942,0.356003024770437,-2.18251976785841e-05,5.99688827739112e-05,"s__GGB52106_SGB72838"
"fixed",NA,"ResponseResponder:Days",-9.16355619279308e-07,1.09904398511013e-06,-0.833775200714541,80.2112947271341,0.406883774471298,-3.10343440802488e-06,1.27072316946626e-06,"s__Campylobacter_gracilis"
"fixed",NA,"ResponseResponder:Days",0.000979800716106419,0.000738988300431422,1.32586769714001,83.7942168734782,0.188486604622584,-0.000489811292258494,0.00244941272447133,"c__CFGB2833"
"fixed",NA,"ResponseResponder:Days",-7.74853148436646e-06,0.000514846557077738,-0.0150501763638996,72.652242726221,0.988033403475545,-0.00103391899025962,0.00101842192729089,"c__CFGB72904"
"fixed",NA,"ResponseResponder:Days",0.000979800716106419,0.000738988300431422,1.32586769714001,83.7942168734782,0.188486604622584,-0.000489811292258494,0.00244941272447133,"o__OFGB2833"
"fixed",NA,"ResponseResponder:Days",-7.74853148436646e-06,0.000514846557077738,-0.0150501763638996,72.652242726221,0.988033403475545,-0.00103391899025962,0.00101842192729089,"o__OFGB72904"
"fixed",NA,"ResponseResponder:Days",0.000979800716106419,0.000738988300431422,1.32586769714001,83.7942168734782,0.188486604622584,-0.000489811292258494,0.00244941272447133,"f__FGB2833"
"fixed",NA,"ResponseResponder:Days",-7.74853148436646e-06,0.000514846557077738,-0.0150501763638996,72.652242726221,0.988033403475545,-0.00103391899025962,0.00101842192729089,"f__FGB72904"
"fixed",NA,"ResponseResponder:Days",0.000979800716106419,0.000738988300431422,1.32586769714001,83.7942168734782,0.188486604622584,-0.000489811292258494,0.00244941272447133,"g__GGB74665"
"fixed",NA,"ResponseResponder:Days",3.78126439183222e-05,2.85191682395235e-05,1.32586769714831,83.7942168765789,0.188486604619714,-1.89028847157468e-05,9.45281725523912e-05,"g__GGB9646"
"fixed",NA,"ResponseResponder:Days",-7.74853148436646e-06,0.000514846557077738,-0.0150501763638996,72.652242726221,0.988033403475545,-0.00103391899025962,0.00101842192729089,"g__GGB47150"
"fixed",NA,"ResponseResponder:Days",7.9373817606598e-05,5.249125652389e-05,1.51213407456674,83.8465432141461,0.134259850848065,-2.50135938797521e-05,0.000183761229092948,"g__GGB9237"
"fixed",NA,"ResponseResponder:Days",2.24969689677596e-07,2.35518328210809e-07,0.955210965476238,44.0000827709722,0.344689845902241,-2.49686286966232e-07,6.99625666321424e-07,"g__Angelakisella"
"fixed",NA,"ResponseResponder:Days",0.000979800716106419,0.000738988300431422,1.32586769714001,83.7942168734782,0.188486604622584,-0.000489811292258494,0.00244941272447133,"s__GGB74665_SGB13972"
"fixed",NA,"ResponseResponder:Days",5.60371899845419e-05,6.16243385347681e-05,0.909335358673684,79.2834076831383,0.3659292261022,-6.66161704349239e-05,0.000178690550404008,"s__Clostridium_sp_AF12_28"
"fixed",NA,"ResponseResponder:Days",7.63557412212952e-05,5.48213166311118e-05,1.39281115291496,44.867109883644,0.170540555202089,-3.40690855023009e-05,0.000186780567944891,"s__Clostridiaceae_bacterium_Marseille_Q4145"
"fixed",NA,"ResponseResponder:Days",3.78126439183222e-05,2.85191682395235e-05,1.32586769714831,83.7942168765789,0.188486604619714,-1.89028847157468e-05,9.45281725523912e-05,"s__GGB9646_SGB15123"
"fixed",NA,"ResponseResponder:Days",-7.74853148436646e-06,0.000514846557077738,-0.0150501763638996,72.652242726221,0.988033403475545,-0.00103391899025962,0.00101842192729089,"s__GGB47150_SGB65079"
"fixed",NA,"ResponseResponder:Days",7.9373817606598e-05,5.249125652389e-05,1.51213407456674,83.8465432141461,0.134259850848065,-2.50135938797521e-05,0.000183761229092948,"s__GGB9237_SGB14179"
"fixed",NA,"ResponseResponder:Days",1.16302741941962e-05,8.77182106426003e-06,1.32586769714019,83.7942168680421,0.188486604622759,-5.81407988252082e-06,2.90746282709133e-05,"s__Enterobacter_ludwigii"
"fixed",NA,"ResponseResponder:Days",8.8047226423495e-06,6.68003626857175e-06,1.31806509551063,83.7299402868086,0.191076494069561,-4.47988807956117e-06,2.20893333642602e-05,"s__Lachnoclostridium_sp_An131"
"fixed",NA,"ResponseResponder:Days",3.9694011802475e-06,2.9938139294078e-06,1.32586769713931,83.7942168571254,0.188486604623517,-1.98433976384032e-06,9.92314212433532e-06,"s__Lachnoclostridium_sp_An138"
"fixed",NA,"ResponseResponder:Days",-2.6784650153632e-05,2.7219238601563e-05,-0.98403377646625,79.6179659749654,0.328079842342796,-8.09566516554884e-05,2.73873513482245e-05,"s__Mediterraneibacter_butyricigenes"
"fixed",NA,"ResponseResponder:Days",2.24969689677596e-07,2.35518328210809e-07,0.955210965476238,44.0000827709722,0.344689845902241,-2.49686286966232e-07,6.99625666321424e-07,"s__Angelakisella_massiliensis"
"fixed",NA,"ResponseResponder:Days",-0.000282785575436299,0.000788034383416568,-0.358849285497246,75.3231163278798,0.720711756382075,-0.00185252019610603,0.00128694904523344,"g__GGB3637"
"fixed",NA,"ResponseResponder:Days",-0.000282785575436299,0.000788034383416568,-0.358849285497246,75.3231163278798,0.720711756382075,-0.00185252019610603,0.00128694904523344,"s__GGB3637_SGB4930"
"fixed",NA,"ResponseResponder:Days",1.63380553668109e-06,1.675586788032e-05,0.097506470470564,68.53579619242,0.922608792030055,-3.17972758602944e-05,3.50648869336565e-05,"g__GGB79118"
"fixed",NA,"ResponseResponder:Days",-7.47147555370664e-06,1.50023075485653e-05,-0.498021756287828,81.0757374588911,0.61981694592057,-3.73209389999066e-05,2.23779878924934e-05,"g__GGB9513"
"fixed",NA,"ResponseResponder:Days",1.79914930553262e-06,1.06709857736764e-05,0.168601977707704,83.4860819986686,0.866517532892026,-1.94231848461088e-05,2.30214834571741e-05,"g__Pyramidobacter"
"fixed",NA,"ResponseResponder:Days",-0.00017779586839113,0.000262940487821869,-0.676182925893022,47.9233361714697,0.502174946940457,-0.000706495002060786,0.000350903265278526,"s__Collinsella_intestinalis"
"fixed",NA,"ResponseResponder:Days",1.82625512619541e-05,8.84581435343375e-05,0.206454154838384,82.5815843675375,0.836944336929549,-0.000157690322734884,0.000194215425258793,"s__Lachnospiraceae_unclassified_SGB4550"
"fixed",NA,"ResponseResponder:Days",-0.000381065475579305,0.000504447943612903,-0.755410900974397,72.7324544219505,0.452441915690613,-0.00138649108514249,0.000624360133983877,"s__Blautia_argi"
"fixed",NA,"ResponseResponder:Days",-0.00011538754859162,0.000227024126921181,-0.508261170988581,59.7069847680769,0.613142991809212,-0.00056954925725621,0.00033877416007297,"s__GGB74511_SGB47635"
"fixed",NA,"ResponseResponder:Days",1.63380553668109e-06,1.675586788032e-05,0.097506470470564,68.53579619242,0.922608792030055,-3.17972758602944e-05,3.50648869336565e-05,"s__GGB79118_SGB105839"
"fixed",NA,"ResponseResponder:Days",-7.47147555370664e-06,1.50023075485653e-05,-0.498021756287828,81.0757374588911,0.61981694592057,-3.73209389999066e-05,2.23779878924934e-05,"s__GGB9513_SGB14911"
"fixed",NA,"ResponseResponder:Days",1.79914930553262e-06,1.06709857736764e-05,0.168601977707704,83.4860819986686,0.866517532892026,-1.94231848461088e-05,2.30214834571741e-05,"s__Pyramidobacter_piscolens"
"fixed",NA,"ResponseResponder:Days",-0.000129051684270979,0.000162851780019551,-0.792448717818655,83.7450493035948,0.430338255636007,-0.000452914713543447,0.00019481134500149,"p__Candidatus_Saccharibacteria"
"fixed",NA,"ResponseResponder:Days",-1.17001677615492e-05,1.47645740318518e-05,-0.792448717877558,83.7450493060758,0.430338255601798,-4.10624484274222e-05,1.76621129043238e-05,"c__CFGB8118"
"fixed",NA,"ResponseResponder:Days",-3.92985701225891e-05,4.95913101202773e-05,-0.792448717875684,83.7450493098728,0.430338255602783,-0.000137920715481993,5.93235752368145e-05,"c__CFGB28310"
"fixed",NA,"ResponseResponder:Days",-0.000101442117044232,0.000126150530075992,-0.804135479915332,83.7665764417176,0.423594982175556,-0.000352316494565699,0.000149432260477236,"c__CFGB2838"
"fixed",NA,"ResponseResponder:Days",-0.000475742037313021,0.000600344257727412,-0.792448717863864,83.7450493107,0.430338255609612,-0.00166964553588299,0.000718161461256952,"c__CFGB9395"
"fixed",NA,"ResponseResponder:Days",-5.72742431440221e-05,7.22750152221548e-05,-0.792448717831131,83.7450493046531,0.430338255628747,-0.000201007430265135,8.64589439770913e-05,"c__CFGB28682"
"fixed",NA,"ResponseResponder:Days",-0.000124166896630343,0.000156687611237343,-0.792448717864881,83.7450492983827,0.430338255609351,-0.000435771255015292,0.000187437461754606,"c__CFGB77305"
"fixed",NA,"ResponseResponder:Days",-4.1168696604656e-05,5.19512438802746e-05,-0.792448717869629,83.7450493040082,0.430338255606449,-0.000144484037803367,6.21466445940549e-05,"c__CFGB78137"
"fixed",NA,"ResponseResponder:Days",-2.67777925880264e-07,3.37911993346299e-07,-0.792448717870276,83.7450493100344,0.430338255605913,-9.39782872828766e-07,4.04227021068238e-07,"c__CFGB9827"
"fixed",NA,"ResponseResponder:Days",-1.65935934066393e-05,2.09396432006046e-05,-0.792448717853999,83.7450493144791,0.43033825561523,-5.82362225385124e-05,2.50490357252338e-05,"c__CFGB77359"
"fixed",NA,"ResponseResponder:Days",-6.34676874337951e-05,8.00905926164467e-05,-0.792448717888023,83.7450493173506,0.430338255595431,-0.000222743698649719,9.58083237821289e-05,"c__CFGB9633"
"fixed",NA,"ResponseResponder:Days",-2.36940274421479e-05,2.98997612176794e-05,-0.792448717889355,83.7450493111691,0.430338255594824,-8.31556264575578e-05,3.5767571573262e-05,"c__CFGB50354"
"fixed",NA,"ResponseResponder:Days",-3.06217015225132e-06,3.86418714972574e-06,-0.792448717828964,83.7450493221207,0.430338255629537,-1.07468718842903e-05,4.62253157978762e-06,"c__CFGB77250"
"fixed",NA,"ResponseResponder:Days",-9.61841033695458e-06,1.21375807932965e-05,-0.792448717809296,83.7450493132975,0.430338255641173,-3.37563944798221e-05,1.4519573805913e-05,"c__CFGB10290"
"fixed",NA,"ResponseResponder:Days",-0.000109845096594759,0.000138614769786747,-0.792448717865715,83.7450493230431,0.43033825560821,-0.000385508029106146,0.000165817835916629,"c__CFGB37573"
"fixed",NA,"ResponseResponder:Days",-8.24842391658845e-05,0.000104087794337683,-0.792448717841866,83.7450493102999,0.430338255622374,-0.000289483440405226,0.000124514962073457,"c__CFGB9388"
"fixed",NA,"ResponseResponder:Days",-0.000129051684270979,0.000162851780019551,-0.792448717818655,83.7450493035948,0.430338255636007,-0.000452914713543447,0.00019481134500149,"c__CFGB9318"
"fixed",NA,"ResponseResponder:Days",-8.11971775233089e-06,1.02463636692186e-05,-0.792448717853295,83.7450493053572,0.430338255615881,-2.84966419501573e-05,1.22572064454955e-05,"c__CFGB9375"
"fixed",NA,"ResponseResponder:Days",-1.00157582271052e-05,1.26389985898683e-05,-0.792448717822791,83.7450493022314,0.430338255633646,-3.51509110009635e-05,1.51193945467531e-05,"c__CFGB10197"
"fixed",NA,"ResponseResponder:Days",-1.00200772268802e-05,1.26444487832615e-05,-0.792448717902566,83.7450493021146,0.430338255587407,-3.51660687901109e-05,1.51259143363504e-05,"c__CFGB9656"
"fixed",NA,"ResponseResponder:Days",-1.75999201292727e-05,2.22095382723156e-05,-0.79244871791014,83.7450493082825,0.430338255582853,-6.17679872068663e-05,2.6568146948321e-05,"c__CFGB40333"
"fixed",NA,"ResponseResponder:Days",-1.17001677615492e-05,1.47645740318518e-05,-0.792448717877558,83.7450493060758,0.430338255601798,-4.10624484274222e-05,1.76621129043238e-05,"o__OFGB8118"
"fixed",NA,"ResponseResponder:Days",-3.92985701225891e-05,4.95913101202773e-05,-0.792448717875684,83.7450493098728,0.430338255602783,-0.000137920715481993,5.93235752368145e-05,"o__OFGB28310"
"fixed",NA,"ResponseResponder:Days",-0.000101442117044232,0.000126150530075992,-0.804135479915332,83.7665764417176,0.423594982175556,-0.000352316494565699,0.000149432260477236,"o__OFGB2838"
"fixed",NA,"ResponseResponder:Days",-0.000475742037313021,0.000600344257727412,-0.792448717863864,83.7450493107,0.430338255609612,-0.00166964553588299,0.000718161461256952,"o__OFGB9395"
"fixed",NA,"ResponseResponder:Days",-5.72742431440221e-05,7.22750152221548e-05,-0.792448717831131,83.7450493046531,0.430338255628747,-0.000201007430265135,8.64589439770913e-05,"o__OFGB28682"
"fixed",NA,"ResponseResponder:Days",-0.000124166896630343,0.000156687611237343,-0.792448717864881,83.7450492983827,0.430338255609351,-0.000435771255015292,0.000187437461754606,"o__OFGB77305"
"fixed",NA,"ResponseResponder:Days",-4.1168696604656e-05,5.19512438802746e-05,-0.792448717869629,83.7450493040082,0.430338255606449,-0.000144484037803367,6.21466445940549e-05,"o__OFGB78137"
"fixed",NA,"ResponseResponder:Days",-2.67777925880264e-07,3.37911993346299e-07,-0.792448717870276,83.7450493100344,0.430338255605913,-9.39782872828766e-07,4.04227021068238e-07,"o__OFGB9827"
"fixed",NA,"ResponseResponder:Days",-1.65935934066393e-05,2.09396432006046e-05,-0.792448717853999,83.7450493144791,0.43033825561523,-5.82362225385124e-05,2.50490357252338e-05,"o__OFGB77359"
"fixed",NA,"ResponseResponder:Days",-6.34676874337951e-05,8.00905926164467e-05,-0.792448717888023,83.7450493173506,0.430338255595431,-0.000222743698649719,9.58083237821289e-05,"o__OFGB9633"
"fixed",NA,"ResponseResponder:Days",-2.36940274421479e-05,2.98997612176794e-05,-0.792448717889355,83.7450493111691,0.430338255594824,-8.31556264575578e-05,3.5767571573262e-05,"o__OFGB50354"
"fixed",NA,"ResponseResponder:Days",-3.06217015225132e-06,3.86418714972574e-06,-0.792448717828964,83.7450493221207,0.430338255629537,-1.07468718842903e-05,4.62253157978762e-06,"o__OFGB77250"
"fixed",NA,"ResponseResponder:Days",-9.61841033695458e-06,1.21375807932965e-05,-0.792448717809296,83.7450493132975,0.430338255641173,-3.37563944798221e-05,1.4519573805913e-05,"o__OFGB10290"
"fixed",NA,"ResponseResponder:Days",-0.000109845096594759,0.000138614769786747,-0.792448717865715,83.7450493230431,0.43033825560821,-0.000385508029106146,0.000165817835916629,"o__OFGB37573"
"fixed",NA,"ResponseResponder:Days",-8.24842391658845e-05,0.000104087794337683,-0.792448717841866,83.7450493102999,0.430338255622374,-0.000289483440405226,0.000124514962073457,"o__OFGB9388"
"fixed",NA,"ResponseResponder:Days",-0.000129051684270979,0.000162851780019551,-0.792448717818655,83.7450493035948,0.430338255636007,-0.000452914713543447,0.00019481134500149,"o__OFGB9318"
"fixed",NA,"ResponseResponder:Days",-8.11971775233089e-06,1.02463636692186e-05,-0.792448717853295,83.7450493053572,0.430338255615881,-2.84966419501573e-05,1.22572064454955e-05,"o__OFGB9375"
"fixed",NA,"ResponseResponder:Days",-1.00157582271052e-05,1.26389985898683e-05,-0.792448717822791,83.7450493022314,0.430338255633646,-3.51509110009635e-05,1.51193945467531e-05,"o__OFGB10197"
"fixed",NA,"ResponseResponder:Days",-1.00200772268802e-05,1.26444487832615e-05,-0.792448717902566,83.7450493021146,0.430338255587407,-3.51660687901109e-05,1.51259143363504e-05,"o__OFGB9656"
"fixed",NA,"ResponseResponder:Days",-1.75999201292727e-05,2.22095382723156e-05,-0.79244871791014,83.7450493082825,0.430338255582853,-6.17679872068663e-05,2.6568146948321e-05,"o__OFGB40333"
"fixed",NA,"ResponseResponder:Days",-0.00122543243334565,0.00243502952821646,-0.503251570112673,83.778064648868,0.616108003921062,-0.00606794311813358,0.00361707825144227,"f__Bacteroidales_unclassified"
"fixed",NA,"ResponseResponder:Days",-1.17001677615492e-05,1.47645740318518e-05,-0.792448717877558,83.7450493060758,0.430338255601798,-4.10624484274222e-05,1.76621129043238e-05,"f__FGB8118"
"fixed",NA,"ResponseResponder:Days",-3.92985701225891e-05,4.95913101202773e-05,-0.792448717875684,83.7450493098728,0.430338255602783,-0.000137920715481993,5.93235752368145e-05,"f__FGB28310"
"fixed",NA,"ResponseResponder:Days",-0.000101442117044232,0.000126150530075992,-0.804135479915332,83.7665764417176,0.423594982175556,-0.000352316494565699,0.000149432260477236,"f__FGB2838"
"fixed",NA,"ResponseResponder:Days",-0.000475742037313021,0.000600344257727412,-0.792448717863864,83.7450493107,0.430338255609612,-0.00166964553588299,0.000718161461256952,"f__FGB9395"
"fixed",NA,"ResponseResponder:Days",-5.72742431440221e-05,7.22750152221548e-05,-0.792448717831131,83.7450493046531,0.430338255628747,-0.000201007430265135,8.64589439770913e-05,"f__FGB28682"
"fixed",NA,"ResponseResponder:Days",-0.000124166896630343,0.000156687611237343,-0.792448717864881,83.7450492983827,0.430338255609351,-0.000435771255015292,0.000187437461754606,"f__FGB77305"
"fixed",NA,"ResponseResponder:Days",-4.1168696604656e-05,5.19512438802746e-05,-0.792448717869629,83.7450493040082,0.430338255606449,-0.000144484037803367,6.21466445940549e-05,"f__FGB78137"
"fixed",NA,"ResponseResponder:Days",-2.67777925880264e-07,3.37911993346299e-07,-0.792448717870276,83.7450493100344,0.430338255605913,-9.39782872828766e-07,4.04227021068238e-07,"f__FGB9827"
"fixed",NA,"ResponseResponder:Days",-1.65935934066393e-05,2.09396432006046e-05,-0.792448717853999,83.7450493144791,0.43033825561523,-5.82362225385124e-05,2.50490357252338e-05,"f__FGB77359"
"fixed",NA,"ResponseResponder:Days",-6.34676874337951e-05,8.00905926164467e-05,-0.792448717888023,83.7450493173506,0.430338255595431,-0.000222743698649719,9.58083237821289e-05,"f__FGB9633"
"fixed",NA,"ResponseResponder:Days",-0.000277988039052432,0.000350796250641072,-0.792448717865185,83.7450493176909,0.43033825560866,-0.000975615884299946,0.000419639806195083,"f__Burkholderiaceae"
"fixed",NA,"ResponseResponder:Days",-2.36940274421479e-05,2.98997612176794e-05,-0.792448717889355,83.7450493111691,0.430338255594824,-8.31556264575578e-05,3.5767571573262e-05,"f__FGB50354"
"fixed",NA,"ResponseResponder:Days",-3.06217015225132e-06,3.86418714972574e-06,-0.792448717828964,83.7450493221207,0.430338255629537,-1.07468718842903e-05,4.62253157978762e-06,"f__FGB77250"
"fixed",NA,"ResponseResponder:Days",-9.61841033695458e-06,1.21375807932965e-05,-0.792448717809296,83.7450493132975,0.430338255641173,-3.37563944798221e-05,1.4519573805913e-05,"f__FGB10290"
"fixed",NA,"ResponseResponder:Days",-0.000109845096594759,0.000138614769786747,-0.792448717865715,83.7450493230431,0.43033825560821,-0.000385508029106146,0.000165817835916629,"f__FGB37573"
"fixed",NA,"ResponseResponder:Days",-8.24842391658845e-05,0.000104087794337683,-0.792448717841866,83.7450493102999,0.430338255622374,-0.000289483440405226,0.000124514962073457,"f__FGB9388"
"fixed",NA,"ResponseResponder:Days",-0.000129051684270979,0.000162851780019551,-0.792448717818655,83.7450493035948,0.430338255636007,-0.000452914713543447,0.00019481134500149,"f__FGB9318"
"fixed",NA,"ResponseResponder:Days",-8.11971775233089e-06,1.02463636692186e-05,-0.792448717853295,83.7450493053572,0.430338255615881,-2.84966419501573e-05,1.22572064454955e-05,"f__FGB9375"
"fixed",NA,"ResponseResponder:Days",-1.00157582271052e-05,1.26389985898683e-05,-0.792448717822791,83.7450493022314,0.430338255633646,-3.51509110009635e-05,1.51193945467531e-05,"f__FGB10197"
"fixed",NA,"ResponseResponder:Days",-1.00200772268802e-05,1.26444487832615e-05,-0.792448717902566,83.7450493021146,0.430338255587407,-3.51660687901109e-05,1.51259143363504e-05,"f__FGB9656"
"fixed",NA,"ResponseResponder:Days",1.08605166853708e-05,3.58158339982103e-05,0.303232271121021,75.160320301409,0.762550609705394,-6.04857889309991e-05,8.22068223017407e-05,"f__Atopobiaceae"
"fixed",NA,"ResponseResponder:Days",-1.75999201292727e-05,2.22095382723156e-05,-0.79244871791014,83.7450493082825,0.430338255582853,-6.17679872068663e-05,2.6568146948321e-05,"f__FGB40333"
"fixed",NA,"ResponseResponder:Days",-0.00566747229217083,0.00715184738705141,-0.792448717856022,83.7450493157845,0.430338255614022,-0.0198903377676471,0.00855539318330539,"g__GGB24148"
"fixed",NA,"ResponseResponder:Days",-0.00122543243334565,0.00243502952821646,-0.503251570112673,83.778064648868,0.616108003921062,-0.00606794311813358,0.00361707825144227,"g__Bacteroidales_unclassified"
"fixed",NA,"ResponseResponder:Days",-0.00502202815391663,0.00633735412863326,-0.792448717868903,83.7450493084796,0.430338255606751,-0.0176251124150982,0.0075810561072649,"g__GGB27851"
"fixed",NA,"ResponseResponder:Days",-0.00321451851625259,0.00405643727315761,-0.792448717874626,83.7450493107032,0.430338255603374,-0.0112815477079459,0.00485251067544076,"g__Paramuribaculum"
"fixed",NA,"ResponseResponder:Days",-0.00238447604995973,0.00300899729688135,-0.79244871786063,83.7450493116759,0.430338255611461,-0.00836846332674782,0.00359951122682837,"g__Duncaniella"
"fixed",NA,"ResponseResponder:Days",-0.00309159117225249,0.00390131386743917,-0.792448717867917,83.7450493180898,0.430338255607066,-0.0108501267381311,0.00466694439362617,"g__Muribaculaceae_unclassified"
"fixed",NA,"ResponseResponder:Days",-0.00212466667689496,0.00268114091043278,-0.792448717867648,83.7450493151376,0.4303382556073,-0.00745664657329588,0.00320731321950597,"g__GGB27876"
"fixed",NA,"ResponseResponder:Days",-0.00136437172230254,0.00172171610803605,-0.792448717842848,83.7450493074487,0.430338255621881,-0.00478834531490583,0.00205960187030075,"g__GGB1503"
"fixed",NA,"ResponseResponder:Days",-0.00126395931913636,0.00159500456072265,-0.792448717866797,83.7450493164336,0.430338255607759,-0.00443594189541439,0.00190802325714168,"g__GGB24132"
"fixed",NA,"ResponseResponder:Days",-0.00217545810279751,0.00274523518530166,-0.792448717853096,83.745049312959,0.430338255615794,-0.00763490216333506,0.00328398595774005,"g__GGB14001"
"fixed",NA,"ResponseResponder:Days",-0.00288513439132005,0.00364078372057305,-0.792448717845271,83.7450493075792,0.430338255620472,-0.0101255541431232,0.00435528536048308,"g__Heminiphilus"
"fixed",NA,"ResponseResponder:Days",-0.000381842684303388,0.000481851602125151,-0.792448717861089,83.7450493149063,0.430338255611108,-0.00134010006107262,0.000576414692465844,"g__Faecalibaculum"
"fixed",NA,"ResponseResponder:Days",-5.8198508890561e-05,7.34413566184267e-05,-0.792448717865306,83.7450493165151,0.430338255608621,-0.00020425119695706,8.78541791759378e-05,"g__GGB25041"
"fixed",NA,"ResponseResponder:Days",-3.92985701225891e-05,4.95913101202773e-05,-0.792448717875684,83.7450493098728,0.430338255602783,-0.000137920715481993,5.93235752368145e-05,"g__GGB28310"
"fixed",NA,"ResponseResponder:Days",-3.98816349610638e-05,5.03270862348283e-05,-0.792448717872805,83.7450493079246,0.430338255604504,-0.000139967016898548,6.02037469764204e-05,"g__GGB28835"
"fixed",NA,"ResponseResponder:Days",-4.54142724284289e-05,5.73087840328985e-05,-0.792448717850277,83.74504931461,0.430338255617384,-0.000159384143673018,6.85555988161606e-05,"g__GGB42333"
"fixed",NA,"ResponseResponder:Days",-0.000475742037313021,0.000600344257727412,-0.792448717863864,83.7450493107,0.430338255609612,-0.00166964553588299,0.000718161461256952,"g__GGB27929"
"fixed",NA,"ResponseResponder:Days",-4.07497537212103e-05,5.14225751164616e-05,-0.7924487178816,83.7450493148528,0.430338255599221,-0.000143013732341377,6.15142248989569e-05,"g__GGB3793"
"fixed",NA,"ResponseResponder:Days",-6.32344614975901e-05,7.97962821706664e-05,-0.792448717878181,83.7450493061279,0.430338255601435,-0.000221925178082688,9.54562550875075e-05,"g__GGB27778"
"fixed",NA,"ResponseResponder:Days",-1.72759952183431e-06,2.18007737642645e-06,-0.792448717882744,83.7450493196125,0.430338255598431,-6.06311530858901e-06,2.60791626492038e-06,"g__GGB24130"
"fixed",NA,"ResponseResponder:Days",-5.72742431440221e-05,7.22750152221548e-05,-0.792448717831131,83.7450493046531,0.430338255628747,-0.000201007430265135,8.64589439770913e-05,"g__GGB28682"
"fixed",NA,"ResponseResponder:Days",-0.000245474616058359,0.000309767194416389,-0.792448717885832,83.7450493159249,0.430338255596739,-0.000861508054198641,0.000370558822081924,"g__GGB27849"
"fixed",NA,"ResponseResponder:Days",-4.57684303309797e-05,5.77556998950376e-05,-0.79244871786087,83.7450493077693,0.430338255611426,-0.000160627082311936,6.90902216499763e-05,"g__GGB28415"
"fixed",NA,"ResponseResponder:Days",-0.000124166896630343,0.000156687611237343,-0.792448717864881,83.7450492983827,0.430338255609351,-0.000435771255015292,0.000187437461754606,"g__GGB28828"
"fixed",NA,"ResponseResponder:Days",-1.94138996264339e-05,2.44986195176011e-05,-0.792448717875142,83.7450493095201,0.430338255603106,-6.81342582801934e-05,2.93064590273257e-05,"g__GGB28761"
"fixed",NA,"ResponseResponder:Days",-2.70542085107952e-05,3.41400117148939e-05,-0.792448717848345,83.7450493102207,0.43033825561862,-9.49483857315961e-05,4.08399687100058e-05,"g__GGB30454"
"fixed",NA,"ResponseResponder:Days",-4.88046864928842e-06,6.15871858839947e-06,-0.792448717900709,83.7450493146667,0.430338255588149,-1.71283007468706e-05,7.36736344829377e-06,"g__GGB30450"
"fixed",NA,"ResponseResponder:Days",-1.19031607054381e-05,1.50207331235782e-05,-0.792448717882722,83.7450493179106,0.430338255598489,-4.17748644761869e-05,1.79685430653107e-05,"g__GGB70448"
"fixed",NA,"ResponseResponder:Days",-6.0319137303404e-05,7.61174015980005e-05,-0.792448717863071,83.7450493086828,0.430338255610126,-0.000211693670998375,9.10553963915672e-05,"g__GGB28893"
"fixed",NA,"ResponseResponder:Days",-1.20629636607859e-05,1.52223902809185e-05,-0.792448717853922,83.7450493162426,0.430338255615227,-4.23357026418598e-05,1.82097753202881e-05,"g__GGB28787"
"fixed",NA,"ResponseResponder:Days",-5.00140061570062e-06,6.31132400475505e-06,-0.792448717881143,83.7450493177477,0.430338255599409,-1.75527188183605e-05,7.54991758695928e-06,"g__GGB74395"
"fixed",NA,"ResponseResponder:Days",-2.94771668408434e-05,3.71975702352987e-05,-0.792448717870044,83.7450493065908,0.430338255606139,-0.000103451904952559,4.44975712708718e-05,"g__GGB27885"
"fixed",NA,"ResponseResponder:Days",-1.80275010097475e-05,2.27491074230392e-05,-0.792448717855632,83.7450493157343,0.43033825561425,-6.32686082446217e-05,2.72136062251267e-05,"g__GGB29551"
"fixed",NA,"ResponseResponder:Days",-0.000269086582515247,0.00033956340195908,-0.79244871786175,83.7450493208316,0.430338255610567,-0.00094437568267122,0.000406202517640725,"g__GGB24127"
"fixed",NA,"ResponseResponder:Days",-8.52570363968275e-06,1.07586818526926e-05,-0.792448717827733,83.7450493144088,0.430338255630457,-2.99214740473925e-05,1.2870066768027e-05,"g__GGB28864"
"fixed",NA,"ResponseResponder:Days",-1.65935934066393e-05,2.09396432006046e-05,-0.792448717853999,83.7450493144791,0.43033825561523,-5.82362225385124e-05,2.50490357252338e-05,"g__GGB28927"
"fixed",NA,"ResponseResponder:Days",0.00036178469861417,0.000466590098101082,0.775380146485221,44.2736447575927,0.442237092676303,-0.000578401724720816,0.00130197112194916,"g__Lactobacillus"
"fixed",NA,"ResponseResponder:Days",-3.64955398972364e-05,4.60541345770833e-05,-0.792448717848596,83.7450493058581,0.430338255618592,-0.000128083310892798,5.50922310983255e-05,"g__GGB28895"
"fixed",NA,"ResponseResponder:Days",-0.000118556517179917,0.000149607809957559,-0.792448717841334,83.7450493075593,0.430338255622756,-0.000416081288047171,0.000178968253687336,"g__GGB24146"
"fixed",NA,"ResponseResponder:Days",-0.000277988039052432,0.000350796250641072,-0.792448717865185,83.7450493176909,0.43033825560866,-0.000975615884299946,0.000419639806195083,"g__Burkholderiaceae_unclassified"
"fixed",NA,"ResponseResponder:Days",-6.34676874337951e-05,8.00905926164467e-05,-0.792448717888023,83.7450493173506,0.430338255595431,-0.000222743698649719,9.58083237821289e-05,"g__GGB28885"
"fixed",NA,"ResponseResponder:Days",-0.00118930542480442,0.00150079796709356,-0.792448717869489,83.7450492964434,0.430338255606732,-0.00417393952515714,0.00179532867554829,"g__GGB29472"
"fixed",NA,"ResponseResponder:Days",-3.91819571540025e-05,4.9444154897411e-05,-0.792448717857531,83.7450493149811,0.430338255613169,-0.000137511455197796,5.91475408897914e-05,"g__GGB27892"
"fixed",NA,"ResponseResponder:Days",-4.14278365335656e-05,5.22782554867073e-05,-0.79244871788232,83.7450493144099,0.430338255598815,-0.00014539350510004,6.25378320329088e-05,"g__GGB27914"
"fixed",NA,"ResponseResponder:Days",-6.08115031684377e-06,7.67387236502174e-06,-0.792448717880981,83.7450493107825,0.430338255599688,-2.13421658862452e-05,9.17986525255762e-06,"g__GGB28926"
"fixed",NA,"ResponseResponder:Days",-2.70628465088509e-05,3.4150912101754e-05,-0.792448717861942,83.7450493210289,0.430338255610451,-9.49787013084134e-05,4.08530082907117e-05,"g__GGB1690"
"fixed",NA,"ResponseResponder:Days",-2.67777925880264e-07,3.37911993346299e-07,-0.792448717870276,83.7450493100344,0.430338255605913,-9.39782872828766e-07,4.04227021068238e-07,"g__GGB29531"
"fixed",NA,"ResponseResponder:Days",-3.06217015225132e-06,3.86418714972574e-06,-0.792448717828964,83.7450493221207,0.430338255629537,-1.07468718842903e-05,4.62253157978762e-06,"g__GGB30408"
"fixed",NA,"ResponseResponder:Days",-3.31742298169472e-05,4.18629358208819e-05,-0.792448717856031,83.7450493155019,0.430338255614025,-0.00011642697171227,5.00785120783753e-05,"g__GGB14013"
"fixed",NA,"ResponseResponder:Days",-8.28772680591224e-05,0.00010458376194072,-0.792448717862136,83.7450493171515,0.430338255610442,-0.000290862799139505,0.00012510826302126,"g__GGB27893"
"fixed",NA,"ResponseResponder:Days",-5.83064838578723e-07,7.35776114545916e-07,-0.792448717825749,83.7450493134935,0.430338255631631,-2.04630141661396e-06,8.80171739456512e-07,"g__GGB30471"
"fixed",NA,"ResponseResponder:Days",-9.61841033695458e-06,1.21375807932965e-05,-0.792448717809296,83.7450493132975,0.430338255641173,-3.37563944798221e-05,1.4519573805913e-05,"g__GGB31438"
"fixed",NA,"ResponseResponder:Days",-0.000109845096594759,0.000138614769786747,-0.792448717865715,83.7450493230431,0.43033825560821,-0.000385508029106146,0.000165817835916629,"g__GGB27861"
"fixed",NA,"ResponseResponder:Days",-8.50842764447596e-07,1.07368810789278e-06,-0.79244871782874,83.7450493162455,0.430338255629824,-2.98608428943101e-06,1.28439876053582e-06,"g__GGB30290"
"fixed",NA,"ResponseResponder:Days",-9.58817734648966e-06,1.20994294391515e-05,-0.792448717909298,83.7450493064346,0.43033825558339,-3.36502899630034e-05,1.44739352700241e-05,"g__GGB30473"
"fixed",NA,"ResponseResponder:Days",-6.73331913628247e-06,8.49685157462538e-06,-0.792448717874578,83.7450493111035,0.430338255603391,-2.36309919151906e-05,1.01643536426257e-05,"g__GGB27697"
"fixed",NA,"ResponseResponder:Days",-1.31038423729788e-05,1.65358869002012e-05,-0.792448717874295,83.7450493120601,0.43033825560353,-4.59887296155699e-05,1.97810448696122e-05,"g__GGB29685"
"fixed",NA,"ResponseResponder:Days",-1.05254000870358e-05,1.32821214158653e-05,-0.792448717903099,83.7450493202196,0.430338255586616,-3.69395300178104e-05,1.58887298437389e-05,"g__GGB28248"
"fixed",NA,"ResponseResponder:Days",-2.31411955939781e-05,2.92021364572812e-05,-0.792448717847426,83.7450493102012,0.430338255619154,-8.12154295577502e-05,3.49330383697941e-05,"g__GGB29549"
"fixed",NA,"ResponseResponder:Days",-1.69650273047891e-05,2.14083598364892e-05,-0.792448717901002,83.7450493197464,0.430338255587844,-5.95397923306824e-05,2.56097377211041e-05,"g__GGB23844"
"fixed",NA,"ResponseResponder:Days",-4.54488244183064e-05,5.73523855804546e-05,-0.792448717840171,83.745049315531,0.430338255623217,-0.000159505405978667,6.86077571420547e-05,"g__GGB27792"
"fixed",NA,"ResponseResponder:Days",-8.24842391658845e-05,0.000104087794337683,-0.792448717841866,83.7450493102999,0.430338255622374,-0.000289483440405226,0.000124514962073457,"g__GGB27866"
"fixed",NA,"ResponseResponder:Days",-8.86085794715407e-05,0.000111816168637077,-0.792448717851695,83.7450493121424,0.430338255616628,-0.000310977184174807,0.000133760025231726,"g__GGB73359"
"fixed",NA,"ResponseResponder:Days",-8.11971775233089e-06,1.02463636692186e-05,-0.792448717853295,83.7450493053572,0.430338255615881,-2.84966419501573e-05,1.22572064454955e-05,"g__GGB27770"
"fixed",NA,"ResponseResponder:Days",-2.46182931857453e-07,3.10661026140963e-07,-0.792448717869576,83.7450493105735,0.430338255606304,-8.63993931471361e-07,3.71628067756455e-07,"g__GGB31701"
"fixed",NA,"ResponseResponder:Days",-1.00157582271052e-05,1.26389985898683e-05,-0.792448717822791,83.7450493022314,0.430338255633646,-3.51509110009635e-05,1.51193945467531e-05,"g__GGB31108"
"fixed",NA,"ResponseResponder:Days",-1.17001677615492e-05,1.47645740318518e-05,-0.792448717877558,83.7450493060758,0.430338255601798,-4.10624484274222e-05,1.76621129043238e-05,"g__GGB29006"
"fixed",NA,"ResponseResponder:Days",-4.9551873283938e-05,6.25300693494046e-05,-0.792448717864885,83.74504929838,0.430338255609349,-0.000173905304838097,7.48015582702211e-05,"g__GGB3171"
"fixed",NA,"ResponseResponder:Days",-2.21132738781915e-06,2.7904990418322e-06,-0.792448717834793,83.7450492992417,0.430338255626769,-7.76078759489757e-06,3.33813281925928e-06,"g__GGB28405"
"fixed",NA,"ResponseResponder:Days",-2.94987618328919e-06,3.72248212026014e-06,-0.79244871781494,83.7450493034151,0.430338255638165,-1.03527693892176e-05,4.45301702263926e-06,"g__GGB28793"
"fixed",NA,"ResponseResponder:Days",-1.27064944823306e-05,1.6034469103654e-05,-0.792448717833444,83.745049320705,0.430338255626978,-4.45942130939799e-05,1.91812241293187e-05,"g__GGB24134"
"fixed",NA,"ResponseResponder:Days",-6.16753029284208e-06,7.78287623384767e-06,-0.792448717868535,83.7450493146594,0.430338255606799,-2.16453216515802e-05,9.31026106589604e-06,"g__GGB30461"
"fixed",NA,"ResponseResponder:Days",-6.53032619242772e-06,8.2406924828972e-06,-0.79244871786938,83.7450493156443,0.430338255606283,-2.29185758663823e-05,9.85792348152681e-06,"g__GGB28399"
"fixed",NA,"ResponseResponder:Days",-1.31729463531093e-06,1.66230899952949e-06,-0.792448717827904,83.7450493238144,0.430338255630106,-4.62312542271756e-06,1.9885361520957e-06,"g__GGB31823"
"fixed",NA,"ResponseResponder:Days",-1.00200772268802e-05,1.26444487832615e-05,-0.792448717902566,83.7450493021146,0.430338255587407,-3.51660687901109e-05,1.51259143363504e-05,"g__GGB28996"
"fixed",NA,"ResponseResponder:Days",-3.23061110569534e-06,4.0767446939241e-06,-0.792448717848379,83.7450493021377,0.430338255618817,-1.13380256269646e-05,4.87680341557396e-06,"g__Granulimonas"
"fixed",NA,"ResponseResponder:Days",-1.98242045122089e-06,2.50163878945349e-06,-0.792448717847861,83.7450493245082,0.43033825561852,-6.95742481652588e-06,2.99258391408409e-06,"g__GGB30456"
"fixed",NA,"ResponseResponder:Days",-8.07652776457845e-07,1.01918617347935e-06,-0.792448717883053,83.7450493119526,0.430338255598456,-2.83450640676835e-06,1.21920085385266e-06,"g__GGB33406"
"fixed",NA,"ResponseResponder:Days",-1.75999201292727e-05,2.22095382723156e-05,-0.79244871791014,83.7450493082825,0.430338255582853,-6.17679872068663e-05,2.6568146948321e-05,"g__GGB42696"
"fixed",NA,"ResponseResponder:Days",-5.10505658671836e-06,6.44212864735505e-06,-0.792448717834027,83.7450492981905,0.430338255627241,-1.79165057366561e-05,7.70639256321941e-06,"g__GGB28904"
"fixed",NA,"ResponseResponder:Days",-2.94037438608264e-05,3.71049169468173e-05,-0.792448717860519,83.7450493069867,0.43033825561165,-0.000103194222551632,4.43867348299794e-05,"g__GGB75725"
"fixed",NA,"ResponseResponder:Days",-0.00566747229217083,0.00715184738705141,-0.792448717856022,83.7450493157845,0.430338255614022,-0.0198903377676471,0.00855539318330539,"s__GGB24148_SGB35952"
"fixed",NA,"ResponseResponder:Days",-0.00122543243334565,0.00243502952821646,-0.503251570112673,83.778064648868,0.616108003921062,-0.00606794311813358,0.00361707825144227,"s__Bacteroidales_bacterium"
"fixed",NA,"ResponseResponder:Days",-0.00502202815391663,0.00633735412863326,-0.792448717868903,83.7450493084796,0.430338255606751,-0.0176251124150982,0.0075810561072649,"s__GGB27851_SGB40285"
"fixed",NA,"ResponseResponder:Days",-0.00321451851625259,0.00405643727315761,-0.792448717874626,83.7450493107032,0.430338255603374,-0.0112815477079459,0.00485251067544076,"s__Paramuribaculum_intestinale"
"fixed",NA,"ResponseResponder:Days",-0.00212466667689496,0.00268114091043278,-0.792448717867648,83.7450493151376,0.4303382556073,-0.00745664657329588,0.00320731321950597,"s__GGB27876_SGB40310"
"fixed",NA,"ResponseResponder:Days",-0.00285176580663598,0.00359867552604342,-0.792448717867977,83.7450493137258,0.430338255607147,-0.0100084450710022,0.00430491345773025,"s__Muribaculaceae_bacterium"
"fixed",NA,"ResponseResponder:Days",-0.000754675937096972,0.000952334100732407,-0.792448717857081,83.7450493223477,0.430338255613233,-0.00264858097580536,0.00113922910161142,"s__Duncaniella_muris"
"fixed",NA,"ResponseResponder:Days",-0.00136437172230254,0.00172171610803605,-0.792448717842848,83.7450493074487,0.430338255621881,-0.00478834531490583,0.00205960187030075,"s__GGB1503_SGB2082"
"fixed",NA,"ResponseResponder:Days",-0.00126395931913636,0.00159500456072265,-0.792448717866797,83.7450493164336,0.430338255607759,-0.00443594189541439,0.00190802325714168,"s__GGB24132_SGB35935"
"fixed",NA,"ResponseResponder:Days",-0.00217545810279751,0.00274523518530166,-0.792448717853096,83.745049312959,0.430338255615794,-0.00763490216333506,0.00328398595774005,"s__GGB14001_SGB21428"
"fixed",NA,"ResponseResponder:Days",-0.00100441340497002,0.0012674806360754,-0.792448717859756,83.7450493160021,0.430338255611852,-0.00352504976702514,0.00151622295708511,"s__Muribaculum_intestinale"
"fixed",NA,"ResponseResponder:Days",-0.00288513439132005,0.00364078372057305,-0.792448717845271,83.7450493075792,0.430338255620472,-0.0101255541431232,0.00435528536048308,"s__Heminiphilus_faecis"
"fixed",NA,"ResponseResponder:Days",-0.000381842684303388,0.000481851602125151,-0.792448717861089,83.7450493149063,0.430338255611108,-0.00134010006107262,0.000576414692465844,"s__Faecalibaculum_rodentium"
"fixed",NA,"ResponseResponder:Days",-5.8198508890561e-05,7.34413566184267e-05,-0.792448717865306,83.7450493165151,0.430338255608621,-0.00020425119695706,8.78541791759378e-05,"s__GGB25041_SGB36960"
"fixed",NA,"ResponseResponder:Days",-3.92985701225891e-05,4.95913101202773e-05,-0.792448717875684,83.7450493098728,0.430338255602783,-0.000137920715481993,5.93235752368145e-05,"s__GGB28310_SGB40880"
"fixed",NA,"ResponseResponder:Days",-0.00143808839388845,0.00181474000968869,-0.792448717838729,83.7450493120317,0.430338255624146,-0.00504705844511112,0.00217088165733422,"s__Duncaniella_dubosii"
"fixed",NA,"ResponseResponder:Days",-0.000940056003775239,0.00118626730361045,-0.792448717851486,83.7450493100505,0.430338255616804,-0.00329918356398739,0.00141907155643691,"s__Prevotella_sp_MGM1"
"fixed",NA,"ResponseResponder:Days",-3.98816349610638e-05,5.03270862348283e-05,-0.792448717872805,83.7450493079246,0.430338255604504,-0.000139967016898548,6.02037469764204e-05,"s__GGB28835_SGB41494"
"fixed",NA,"ResponseResponder:Days",-4.54142724284289e-05,5.73087840328985e-05,-0.792448717850277,83.74504931461,0.430338255617384,-0.000159384143673018,6.85555988161606e-05,"s__GGB42333_SGB59501"
"fixed",NA,"ResponseResponder:Days",-1.51596858031195e-06,1.91301789781902e-06,-0.792448717829698,83.7450493084758,0.430338255629476,-5.32038368320619e-06,2.28844652258229e-06,"s__Lachnospiraceae_unclassified_SGB41589"
"fixed",NA,"ResponseResponder:Days",-0.000475742037313021,0.000600344257727412,-0.792448717863864,83.7450493107,0.430338255609612,-0.00166964553588299,0.000718161461256952,"s__GGB27929_SGB40368"
"fixed",NA,"ResponseResponder:Days",-6.32344614975901e-05,7.97962821706664e-05,-0.792448717878181,83.7450493061279,0.430338255601435,-0.000221925178082688,9.54562550875075e-05,"s__GGB27778_SGB40192"
"fixed",NA,"ResponseResponder:Days",-5.11499028408301e-05,6.45466409226387e-05,-0.79244871785249,83.7450493087149,0.430338255616258,-0.000179513686497599,7.72138808159386e-05,"s__Lachnospiraceae_bacterium_A2"
"fixed",NA,"ResponseResponder:Days",-1.72759952183431e-06,2.18007737642645e-06,-0.792448717882744,83.7450493196125,0.430338255598431,-6.06311530858901e-06,2.60791626492038e-06,"s__GGB24130_SGB35933"
"fixed",NA,"ResponseResponder:Days",-5.72742431440221e-05,7.22750152221548e-05,-0.792448717831131,83.7450493046531,0.430338255628747,-0.000201007430265135,8.64589439770913e-05,"s__GGB28682_SGB41310"
"fixed",NA,"ResponseResponder:Days",-0.000245474616058359,0.000309767194416389,-0.792448717885832,83.7450493159249,0.430338255596739,-0.000861508054198641,0.000370558822081924,"s__GGB27849_SGB40283"
"fixed",NA,"ResponseResponder:Days",-0.000135672709446217,0.00017120692656432,-0.79244871786917,83.7450493092621,0.430338255606575,-0.000476151602970366,0.000204806184077932,"s__Bacteroides_muris"
"fixed",NA,"ResponseResponder:Days",-4.57684303309797e-05,5.77556998950376e-05,-0.79244871786087,83.7450493077693,0.430338255611426,-0.000160627082311936,6.90902216499763e-05,"s__GGB28415_SGB40997"
"fixed",NA,"ResponseResponder:Days",-0.000124166896630343,0.000156687611237343,-0.792448717864881,83.7450492983827,0.430338255609351,-0.000435771255015292,0.000187437461754606,"s__GGB28828_SGB41484"
"fixed",NA,"ResponseResponder:Days",-1.94138996264339e-05,2.44986195176011e-05,-0.792448717875142,83.7450493095201,0.430338255603106,-6.81342582801934e-05,2.93064590273257e-05,"s__GGB28761_SGB41409"
"fixed",NA,"ResponseResponder:Days",-9.18219145855844e-06,1.15871112557061e-05,-0.792448717883556,83.7450493207458,0.43033825559793,-3.22254578651542e-05,1.38610749480373e-05,"s__GGB30454_SGB43514"
"fixed",NA,"ResponseResponder:Days",-4.88046864928842e-06,6.15871858839947e-06,-0.792448717900709,83.7450493146667,0.430338255588149,-1.71283007468706e-05,7.36736344829377e-06,"s__GGB30450_SGB43507"
"fixed",NA,"ResponseResponder:Days",-0.000239825365615433,0.000302638341395796,-0.792448717863493,83.7450493085526,0.430338255609885,-0.000841681667134434,0.000362030935903569,"s__Muribaculaceae_bacterium_Isolate_013_NCI"
"fixed",NA,"ResponseResponder:Days",-1.19031607054381e-05,1.50207331235782e-05,-0.792448717882722,83.7450493179106,0.430338255598489,-4.17748644761869e-05,1.79685430653107e-05,"s__GGB70448_SGB94871"
"fixed",NA,"ResponseResponder:Days",-6.0319137303404e-05,7.61174015980005e-05,-0.792448717863071,83.7450493086828,0.430338255610126,-0.000211693670998375,9.10553963915672e-05,"s__GGB28893_SGB41574"
"fixed",NA,"ResponseResponder:Days",-1.20629636607859e-05,1.52223902809185e-05,-0.792448717853922,83.7450493162426,0.430338255615227,-4.23357026418598e-05,1.82097753202881e-05,"s__GGB28787_SGB41440"
"fixed",NA,"ResponseResponder:Days",-0.0010371470968963,0.00130878765216591,-0.792448717849624,83.745049304073,0.430338255618043,-0.00363993064432778,0.00156563645053519,"s__Ligilactobacillus_murinus"
"fixed",NA,"ResponseResponder:Days",-2.94771668408434e-05,3.71975702352987e-05,-0.792448717870044,83.7450493065908,0.430338255606139,-0.000103451904952559,4.44975712708718e-05,"s__GGB27885_SGB40319"
"fixed",NA,"ResponseResponder:Days",-1.80275010097475e-05,2.27491074230392e-05,-0.792448717855632,83.7450493157343,0.43033825561425,-6.32686082446217e-05,2.72136062251267e-05,"s__GGB29551_SGB42345"
"fixed",NA,"ResponseResponder:Days",-5.00140061570062e-06,6.31132400475505e-06,-0.792448717881143,83.7450493177477,0.430338255599409,-1.75527188183605e-05,7.54991758695928e-06,"s__GGB74395_SGB43523"
"fixed",NA,"ResponseResponder:Days",-0.000306914441328434,0.000347799220148399,-0.882447180869122,84.0000000005782,0.380053386841048,-0.000998551332682083,0.000384722450025215,"s__Limosilactobacillus_reuteri"
"fixed",NA,"ResponseResponder:Days",-9.69485661640439e-05,0.000122340492171734,-0.792448717861568,83.7450493093634,0.430338255610979,-0.000340246873327931,0.000146349740999844,"s__bacterium_1xD42_87"
"fixed",NA,"ResponseResponder:Days",-0.000269086582515247,0.00033956340195908,-0.79244871786175,83.7450493208316,0.430338255610567,-0.00094437568267122,0.000406202517640725,"s__GGB24127_SGB35930"
"fixed",NA,"ResponseResponder:Days",-0.00010336227938783,0.000130434029431768,-0.792448717854723,83.7450493151624,0.430338255614792,-0.00036275618890991,0.000156031630134251,"s__Odoribacter_sp_Z80"
"fixed",NA,"ResponseResponder:Days",-8.52570363968275e-06,1.07586818526926e-05,-0.792448717827733,83.7450493144088,0.430338255630457,-2.99214740473925e-05,1.2870066768027e-05,"s__GGB28864_SGB41534"
"fixed",NA,"ResponseResponder:Days",-1.65935934066393e-05,2.09396432006046e-05,-0.792448717853999,83.7450493144791,0.43033825561523,-5.82362225385124e-05,2.50490357252338e-05,"s__GGB28927_SGB41625"
"fixed",NA,"ResponseResponder:Days",-0.000827390600970455,0.00104409355750622,-0.792448717858816,83.7450493105363,0.430338255612543,-0.0029037774991476,0.00124899629720669,"s__Bifidobacterium_pseudolongum"
"fixed",NA,"ResponseResponder:Days",-3.64955398972364e-05,4.60541345770833e-05,-0.792448717848596,83.7450493058581,0.430338255618592,-0.000128083310892798,5.50922310983255e-05,"s__GGB28895_SGB41576"
"fixed",NA,"ResponseResponder:Days",-0.000118556517179917,0.000149607809957559,-0.792448717841334,83.7450493075593,0.430338255622756,-0.000416081288047171,0.000178968253687336,"s__GGB24146_SGB35950"
"fixed",NA,"ResponseResponder:Days",-6.60634057114461e-05,8.33661588747198e-05,-0.792448717839144,83.7450493188878,0.430338255623723,-0.00023185352939731,9.97267179744175e-05,"s__Alistipes_sp_DSM_112343"
"fixed",NA,"ResponseResponder:Days",-4.07497537212103e-05,5.14225751164616e-05,-0.7924487178816,83.7450493148528,0.430338255599221,-0.000143013732341377,6.15142248989569e-05,"s__GGB3793_SGB41498"
"fixed",NA,"ResponseResponder:Days",-0.000277988039052432,0.000350796250641072,-0.792448717865185,83.7450493176909,0.43033825560866,-0.000975615884299946,0.000419639806195083,"s__Burkholderiaceae_bacterium"
"fixed",NA,"ResponseResponder:Days",-2.28129516857995e-05,2.87879217557124e-05,-0.792448717881927,83.7450492971068,0.430338255599504,-8.0063437650123e-05,3.4437534278524e-05,"s__Lactobacillus_johnsonii"
"fixed",NA,"ResponseResponder:Days",-6.34676874337951e-05,8.00905926164467e-05,-0.792448717888023,83.7450493173506,0.430338255595431,-0.000222743698649719,9.58083237821289e-05,"s__GGB28885_SGB41566"
"fixed",NA,"ResponseResponder:Days",-0.00118930542480442,0.00150079796709356,-0.792448717869489,83.7450492964434,0.430338255606732,-0.00417393952515714,0.00179532867554829,"s__GGB29472_SGB42251"
"fixed",NA,"ResponseResponder:Days",-3.91819571540025e-05,4.9444154897411e-05,-0.792448717857531,83.7450493149811,0.430338255613169,-0.000137511455197796,5.91475408897914e-05,"s__GGB27892_SGB40326"
"fixed",NA,"ResponseResponder:Days",-4.14278365335656e-05,5.22782554867073e-05,-0.79244871788232,83.7450493144099,0.430338255598815,-0.00014539350510004,6.25378320329088e-05,"s__GGB27914_SGB40352"
"fixed",NA,"ResponseResponder:Days",-6.08115031684377e-06,7.67387236502174e-06,-0.792448717880981,83.7450493107825,0.430338255599688,-2.13421658862452e-05,9.17986525255762e-06,"s__GGB28926_SGB41623"
"fixed",NA,"ResponseResponder:Days",-2.70628465088509e-05,3.4150912101754e-05,-0.792448717861942,83.7450493210289,0.430338255610451,-9.49787013084134e-05,4.08530082907117e-05,"s__GGB1690_SGB40190"
"fixed",NA,"ResponseResponder:Days",-2.67777925880264e-07,3.37911993346299e-07,-0.792448717870276,83.7450493100344,0.430338255605913,-9.39782872828766e-07,4.04227021068238e-07,"s__GGB29531_SGB42317"
"fixed",NA,"ResponseResponder:Days",-3.06217015225132e-06,3.86418714972574e-06,-0.792448717828964,83.7450493221207,0.430338255629537,-1.07468718842903e-05,4.62253157978762e-06,"s__GGB30408_SGB43438"
"fixed",NA,"ResponseResponder:Days",-3.31742298169472e-05,4.18629358208819e-05,-0.792448717856031,83.7450493155019,0.430338255614025,-0.00011642697171227,5.00785120783753e-05,"s__GGB14013_SGB21440"
"fixed",NA,"ResponseResponder:Days",-8.28772680591224e-05,0.00010458376194072,-0.792448717862136,83.7450493171515,0.430338255610442,-0.000290862799139505,0.00012510826302126,"s__GGB27893_SGB40327"
"fixed",NA,"ResponseResponder:Days",-5.83064838578723e-07,7.35776114545916e-07,-0.792448717825749,83.7450493134935,0.430338255631631,-2.04630141661396e-06,8.80171739456512e-07,"s__GGB30471_SGB43555"
"fixed",NA,"ResponseResponder:Days",-9.61841033695458e-06,1.21375807932965e-05,-0.792448717809296,83.7450493132975,0.430338255641173,-3.37563944798221e-05,1.4519573805913e-05,"s__GGB31438_SGB44768"
"fixed",NA,"ResponseResponder:Days",-0.000109845096594759,0.000138614769786747,-0.792448717865715,83.7450493230431,0.43033825560821,-0.000385508029106146,0.000165817835916629,"s__GGB27861_SGB40295"
"fixed",NA,"ResponseResponder:Days",-4.96684862526856e-07,6.26772245722629e-07,-0.792448717881899,83.7450493167634,0.430338255598996,-1.7431456512195e-06,7.49775926165791e-07,"s__Oscillospiraceae_unclassified_SGB43526"
"fixed",NA,"ResponseResponder:Days",-0.000191707399933651,0.000241917736268873,-0.79244871785913,83.7450493050915,0.430338255612506,-0.000672808748002115,0.000289393948134812,"s__Duncaniella_freteri"
"fixed",NA,"ResponseResponder:Days",-8.50842764447596e-07,1.07368810789278e-06,-0.79244871782874,83.7450493162455,0.430338255629824,-2.98608428943101e-06,1.28439876053582e-06,"s__GGB30290_SGB43252"
"fixed",NA,"ResponseResponder:Days",-9.58817734648966e-06,1.20994294391515e-05,-0.792448717909298,83.7450493064346,0.43033825558339,-3.36502899630034e-05,1.44739352700241e-05,"s__GGB30473_SGB43557"
"fixed",NA,"ResponseResponder:Days",-6.73331913628247e-06,8.49685157462538e-06,-0.792448717874578,83.7450493111035,0.430338255603391,-2.36309919151906e-05,1.01643536426257e-05,"s__GGB27697_SGB40070"
"fixed",NA,"ResponseResponder:Days",-1.31038423729788e-05,1.65358869002012e-05,-0.792448717874295,83.7450493120601,0.43033825560353,-4.59887296155699e-05,1.97810448696122e-05,"s__GGB29685_SGB42494"
"fixed",NA,"ResponseResponder:Days",-1.05254000870358e-05,1.32821214158653e-05,-0.792448717903099,83.7450493202196,0.430338255586616,-3.69395300178104e-05,1.58887298437389e-05,"s__GGB28248_SGB40791"
"fixed",NA,"ResponseResponder:Days",-2.31411955939781e-05,2.92021364572812e-05,-0.792448717847426,83.7450493102012,0.430338255619154,-8.12154295577502e-05,3.49330383697941e-05,"s__GGB29549_SGB42343"
"fixed",NA,"ResponseResponder:Days",-1.69650273047891e-05,2.14083598364892e-05,-0.792448717901002,83.7450493197464,0.430338255587844,-5.95397923306824e-05,2.56097377211041e-05,"s__GGB23844_SGB35575"
"fixed",NA,"ResponseResponder:Days",-4.54488244183064e-05,5.73523855804546e-05,-0.792448717840171,83.745049315531,0.430338255623217,-0.000159505405978667,6.86077571420547e-05,"s__GGB27792_SGB40208"
"fixed",NA,"ResponseResponder:Days",-8.24842391658845e-05,0.000104087794337683,-0.792448717841866,83.7450493102999,0.430338255622374,-0.000289483440405226,0.000124514962073457,"s__GGB27866_SGB40300"
"fixed",NA,"ResponseResponder:Days",-5.29941153282925e-06,6.68738735220773e-06,-0.79244871782098,83.7450493236689,0.430338255634124,-1.85986062087288e-05,7.99978314307031e-06,"s__Clostridiaceae_unclassified_SGB41663"
"fixed",NA,"ResponseResponder:Days",-8.86085794715407e-05,0.000111816168637077,-0.792448717851695,83.7450493121424,0.430338255616628,-0.000310977184174807,0.000133760025231726,"s__GGB73359_SGB46611"
"fixed",NA,"ResponseResponder:Days",-8.11971775233089e-06,1.02463636692186e-05,-0.792448717853295,83.7450493053572,0.430338255615881,-2.84966419501573e-05,1.22572064454955e-05,"s__GGB27770_SGB40184"
"fixed",NA,"ResponseResponder:Days",-2.46182931857453e-07,3.10661026140963e-07,-0.792448717869576,83.7450493105735,0.430338255606304,-8.63993931471361e-07,3.71628067756455e-07,"s__GGB31701_SGB45057"
"fixed",NA,"ResponseResponder:Days",-1.00157582271052e-05,1.26389985898683e-05,-0.792448717822791,83.7450493022314,0.430338255633646,-3.51509110009635e-05,1.51193945467531e-05,"s__GGB31108_SGB44379"
"fixed",NA,"ResponseResponder:Days",-1.17001677615492e-05,1.47645740318518e-05,-0.792448717877558,83.7450493060758,0.430338255601798,-4.10624484274222e-05,1.76621129043238e-05,"s__GGB29006_SGB41724"
"fixed",NA,"ResponseResponder:Days",-2.11414991482916e-05,2.66786968940263e-05,-0.792448717876675,83.7450492937556,0.430338255602638,-7.41973735889576e-05,3.19143752923744e-05,"s__Adlercreutzia_muris"
"fixed",NA,"ResponseResponder:Days",-4.9551873283938e-05,6.25300693494046e-05,-0.792448717864885,83.74504929838,0.430338255609349,-0.000173905304838097,7.48015582702211e-05,"s__GGB3171_SGB4185"
"fixed",NA,"ResponseResponder:Days",-2.21132738781915e-06,2.7904990418322e-06,-0.792448717834793,83.7450492992417,0.430338255626769,-7.76078759489757e-06,3.33813281925928e-06,"s__GGB28405_SGB40987"
"fixed",NA,"ResponseResponder:Days",-1.8874024775422e-05,2.38173453374894e-05,-0.792448717855786,83.7450493157994,0.430338255614159,-6.62395347458092e-05,2.84914851949653e-05,"s__bacterium_c_19"
"fixed",NA,"ResponseResponder:Days",-7.48482492815974e-06,9.44518523337683e-06,-0.792448717862125,83.7450493113392,0.430338255610603,-2.626844707432e-05,1.12987972180006e-05,"s__Oscillospiraceae_unclassified_SGB43502"
"fixed",NA,"ResponseResponder:Days",-8.96624151804543e-06,1.13146015836668e-05,-0.792448717857521,83.7450493025351,0.430338255613507,-3.14675684513965e-05,1.35350854153056e-05,"s__Adlercreutzia_mucosicola"
"fixed",NA,"ResponseResponder:Days",-2.94987618328919e-06,3.72248212026014e-06,-0.79244871781494,83.7450493034151,0.430338255638165,-1.03527693892176e-05,4.45301702263926e-06,"s__GGB28793_SGB41446"
"fixed",NA,"ResponseResponder:Days",-8.94896552302859e-06,1.12928008098926e-05,-0.792448717876012,83.745049325325,0.43033825560218,-3.14069372984027e-05,1.35090062523455e-05,"s__bacterium_0_1xD8_82"
"fixed",NA,"ResponseResponder:Days",-1.27064944823306e-05,1.6034469103654e-05,-0.792448717833444,83.745049320705,0.430338255626978,-4.45942130939799e-05,1.91812241293187e-05,"s__GGB24134_SGB35937"
"fixed",NA,"ResponseResponder:Days",-6.53032619242772e-06,8.2406924828972e-06,-0.79244871786938,83.7450493156443,0.430338255606283,-2.29185758663823e-05,9.85792348152681e-06,"s__GGB28399_SGB40980"
"fixed",NA,"ResponseResponder:Days",-1.31729463531093e-06,1.66230899952949e-06,-0.792448717827904,83.7450493238144,0.430338255630106,-4.62312542271756e-06,1.9885361520957e-06,"s__GGB31823_SGB45199"
"fixed",NA,"ResponseResponder:Days",-1.00200772268802e-05,1.26444487832615e-05,-0.792448717902566,83.7450493021146,0.430338255587407,-3.51660687901109e-05,1.51259143363504e-05,"s__GGB28996_SGB41712"
"fixed",NA,"ResponseResponder:Days",-3.23061110569534e-06,4.0767446939241e-06,-0.792448717848379,83.7450493021377,0.430338255618817,-1.13380256269646e-05,4.87680341557396e-06,"s__Granulimonas_faecalis"
"fixed",NA,"ResponseResponder:Days",-1.98242045122089e-06,2.50163878945349e-06,-0.792448717847861,83.7450493245082,0.43033825561852,-6.95742481652588e-06,2.99258391408409e-06,"s__GGB30456_SGB43520"
"fixed",NA,"ResponseResponder:Days",-8.07652776457845e-07,1.01918617347935e-06,-0.792448717883053,83.7450493119526,0.430338255598456,-2.83450640676835e-06,1.21920085385266e-06,"s__GGB33406_SGB48104"
"fixed",NA,"ResponseResponder:Days",-1.75999201292727e-05,2.22095382723156e-05,-0.79244871791014,83.7450493082825,0.430338255582853,-6.17679872068663e-05,2.6568146948321e-05,"s__GGB42696_SGB59900"
"fixed",NA,"ResponseResponder:Days",-5.10505658671836e-06,6.44212864735505e-06,-0.792448717834027,83.7450492981905,0.430338255627241,-1.79165057366561e-05,7.70639256321941e-06,"s__GGB28904_SGB41597"
"fixed",NA,"ResponseResponder:Days",-2.94037438608264e-05,3.71049169468173e-05,-0.792448717860519,83.7450493069867,0.43033825561165,-0.000103194222551632,4.43867348299794e-05,"s__GGB75725_SGB102612"
"fixed",NA,"ResponseResponder:Days",1.75580568065648e-05,1.60972339247057e-05,1.09074993186358,83.9999999973122,0.278501878668434,-1.44530581876892e-05,4.95691718008189e-05,"g__Congzhengia"
"fixed",NA,"ResponseResponder:Days",1.75580568065648e-05,1.60972339247057e-05,1.09074993186358,83.9999999973122,0.278501878668434,-1.44530581876892e-05,4.95691718008189e-05,"s__Congzhengia_minquanensis"
"fixed",NA,"ResponseResponder:Days",-0.00137612984981191,0.00154721168959444,-0.889425706299196,80.1510768806258,0.376436081756282,-0.00445509014487115,0.00170283044524734,"c__CFGB3002"
"fixed",NA,"ResponseResponder:Days",-0.00137612984981191,0.00154721168959444,-0.889425706299196,80.1510768806258,0.376436081756282,-0.00445509014487115,0.00170283044524734,"o__OFGB3002"
"fixed",NA,"ResponseResponder:Days",-0.00137612984981191,0.00154721168959444,-0.889425706299196,80.1510768806258,0.376436081756282,-0.00445509014487115,0.00170283044524734,"f__FGB3002"
"fixed",NA,"ResponseResponder:Days",-0.00137612984981191,0.00154721168959444,-0.889425706299196,80.1510768806258,0.376436081756282,-0.00445509014487115,0.00170283044524734,"g__GGB9464"
"fixed",NA,"ResponseResponder:Days",-0.00137612984981191,0.00154721168959444,-0.889425706299196,80.1510768806258,0.376436081756282,-0.00445509014487115,0.00170283044524734,"s__GGB9464_SGB14857"
"fixed",NA,"ResponseResponder:Days",-2.97721783578684e-05,3.29124221266795e-05,-0.904587886095883,49.0911653326283,0.370101808209593,-9.59090601817664e-05,3.63647034660296e-05,"s__Flavonifractor_SGB105860"
"fixed",NA,"ResponseResponder:Days",-1.6545732847035e-05,1.79786954100507e-05,-0.920296632745966,46.5321697715488,0.362164374459236,-5.27238042108205e-05,1.96323385167504e-05,"s__Lachnospiraceae_bacterium_EP_SM_12S_S03"
"fixed",NA,"ResponseResponder:Days",-4.08452369835979e-05,3.76146352809402e-05,-1.08588682778734,74.6153607946815,0.281024840790402,-0.000115783764796865,3.40932908296689e-05,"s__GGB3600_SGB4859"
"fixed",NA,"ResponseResponder:Days",-1.00481856827992e-05,1.21314028057738e-05,-0.82827895863922,80.3194641080974,0.409966995008328,-3.41889726276036e-05,1.40926012620052e-05,"s__Holdemania_massiliensis"
"fixed",NA,"ResponseResponder:Days",1.15668501510892e-05,9.97134890318101e-06,1.16000856688499,80.404693839821,0.249478268736024,-8.27523340854326e-06,3.14089337107217e-05,"c__CFGB2957"
"fixed",NA,"ResponseResponder:Days",1.15668501510892e-05,9.97134890318101e-06,1.16000856688499,80.404693839821,0.249478268736024,-8.27523340854326e-06,3.14089337107217e-05,"o__OFGB2957"
"fixed",NA,"ResponseResponder:Days",1.15668501510892e-05,9.97134890318101e-06,1.16000856688499,80.404693839821,0.249478268736024,-8.27523340854326e-06,3.14089337107217e-05,"f__FGB2957"
"fixed",NA,"ResponseResponder:Days",-1.13259815433924e-05,4.51227346577641e-05,-0.251003881508843,83.9999999968176,0.802424090385536,-0.000101057487884252,7.84055247974669e-05,"g__Lactococcus"
"fixed",NA,"ResponseResponder:Days",1.15668501510892e-05,9.97134890318101e-06,1.16000856688499,80.404693839821,0.249478268736024,-8.27523340854326e-06,3.14089337107217e-05,"g__GGB9299"
"fixed",NA,"ResponseResponder:Days",-1.51814059348493e-05,4.18736031978559e-05,-0.36255313074244,84.0000000000076,0.71784934427288,-9.84516580452105e-05,6.80888461755119e-05,"s__Lactococcus_lactis"
"fixed",NA,"ResponseResponder:Days",1.15668501510892e-05,9.97134890318101e-06,1.16000856688499,80.404693839821,0.249478268736024,-8.27523340854326e-06,3.14089337107217e-05,"s__GGB9299_SGB14259"
"fixed",NA,"ResponseResponder:Days",3.86627724208483e-06,5.5429098617004e-06,0.697517610524299,83.5361077243351,0.48741577291737,-7.15730128258361e-06,1.48898557667533e-05,"s__Lactococcus_cremoris"
"fixed",NA,"ResponseResponder:Days",2.85726533862693e-06,6.91479674169533e-06,0.413210314830802,44.9612109396321,0.681416693252106,-1.10701818479463e-05,1.67847125252002e-05,"g__GGB55957"
"fixed",NA,"ResponseResponder:Days",5.35100019340757e-07,1.18623680613587e-06,0.451090386483479,83.9999999994214,0.653086772973443,-1.82386196066366e-06,2.89406199934517e-06,"g__GGB58233"
"fixed",NA,"ResponseResponder:Days",1.86859312658312e-05,0.000339906795407779,0.0549736913715246,44.2352874310961,0.956406968498064,-0.000666248303098845,0.000703620165630508,"s__Lactobacillus_crispatus"
"fixed",NA,"ResponseResponder:Days",5.26087089416199e-05,0.000207403914683262,0.253653403900122,44.018931099615,0.800944366714044,-0.000365381338205424,0.000470598756088664,"s__Ligilactobacillus_salivarius"
"fixed",NA,"ResponseResponder:Days",8.6396955030275e-07,8.90475410702253e-06,0.0970234034448408,44.134001786388,0.923147081461594,-1.70808442386619e-05,1.88087833392674e-05,"s__Limosilactobacillus_oris"
"fixed",NA,"ResponseResponder:Days",0.000286795501977444,0.000264295627988587,1.0851314649436,76.4242282638625,0.281274611993528,-0.000239547611458939,0.000813138615413826,"s__Lactobacillus_gasseri"
"fixed",NA,"ResponseResponder:Days",2.85726533862693e-06,6.91479674169533e-06,0.413210314830802,44.9612109396321,0.681416693252106,-1.10701818479463e-05,1.67847125252002e-05,"s__GGB55957_SGB77276"
"fixed",NA,"ResponseResponder:Days",5.35100019340757e-07,1.18623680613587e-06,0.451090386483479,83.9999999994214,0.653086772973443,-1.82386196066366e-06,2.89406199934517e-06,"s__GGB58233_SGB79883"
"fixed",NA,"ResponseResponder:Days",-0.000124137801272938,0.00025491644953608,-0.486974463589365,62.50094369307,0.627979946602528,-0.000633627292756,0.000385351690210124,"c__CFGB1798"
"fixed",NA,"ResponseResponder:Days",-7.13458992468805e-05,4.21353027255374e-05,-1.69325707024383,44.000132284577,0.0974761126742075,-0.000156264014888433,1.35722163946723e-05,"c__CFGB1776"
"fixed",NA,"ResponseResponder:Days",2.53745885517023e-07,4.29772533949429e-06,0.0590419036752313,44.0035528833854,0.953186053474116,-8.4077306552915e-06,8.91522242632554e-06,"c__CFGB4605"
"fixed",NA,"ResponseResponder:Days",-0.000146660532839875,0.000381549257804682,-0.384381648869442,83.3749777794839,0.70167424972223,-0.000905496188308274,0.000612175122628524,"c__CFGB82363"
"fixed",NA,"ResponseResponder:Days",-0.000124137801272938,0.00025491644953608,-0.486974463589365,62.50094369307,0.627979946602528,-0.000633627292756,0.000385351690210124,"o__OFGB1798"
"fixed",NA,"ResponseResponder:Days",-7.13458992468805e-05,4.21353027255374e-05,-1.69325707024383,44.000132284577,0.0974761126742075,-0.000156264014888433,1.35722163946723e-05,"o__OFGB1776"
"fixed",NA,"ResponseResponder:Days",2.53745885517023e-07,4.29772533949429e-06,0.0590419036752313,44.0035528833854,0.953186053474116,-8.4077306552915e-06,8.91522242632554e-06,"o__OFGB4605"
"fixed",NA,"ResponseResponder:Days",-0.000146660532839875,0.000381549257804682,-0.384381648869442,83.3749777794839,0.70167424972223,-0.000905496188308274,0.000612175122628524,"o__OFGB82363"
"fixed",NA,"ResponseResponder:Days",-0.000124137801272938,0.00025491644953608,-0.486974463589365,62.50094369307,0.627979946602528,-0.000633627292756,0.000385351690210124,"f__FGB1798"
"fixed",NA,"ResponseResponder:Days",-7.13458992468805e-05,4.21353027255374e-05,-1.69325707024383,44.000132284577,0.0974761126742075,-0.000156264014888433,1.35722163946723e-05,"f__FGB1776"
"fixed",NA,"ResponseResponder:Days",2.53745885517023e-07,4.29772533949429e-06,0.0590419036752313,44.0035528833854,0.953186053474116,-8.4077306552915e-06,8.91522242632554e-06,"f__FGB4605"
"fixed",NA,"ResponseResponder:Days",-0.000146660532839875,0.000381549257804682,-0.384381648869442,83.3749777794839,0.70167424972223,-0.000905496188308274,0.000612175122628524,"f__FGB82363"
"fixed",NA,"ResponseResponder:Days",-0.00168598868661516,0.000933364946876938,-1.8063552657045,76.6263642699078,0.0747892294088933,-0.00354470037620895,0.00017272300297864,"g__GGB4552"
"fixed",NA,"ResponseResponder:Days",0.000124177545480846,0.000228369337966675,0.543757522732614,60.0758369004634,0.588620652367101,-0.000332617283669838,0.000580972374631531,"g__GGB4768"
"fixed",NA,"ResponseResponder:Days",3.68010710263289e-05,7.5438945309088e-05,0.487825895173213,80.8217940766279,0.626993919361335,-0.000113303783979117,0.000186905926031775,"g__GGB9350"
"fixed",NA,"ResponseResponder:Days",-7.13458992468805e-05,4.21353027255374e-05,-1.69325707024383,44.000132284577,0.0974761126742075,-0.000156264014888433,1.35722163946723e-05,"g__GGB4684"
"fixed",NA,"ResponseResponder:Days",0.000595897660836188,0.00071730509188341,0.830745058942149,44.6178472366069,0.41054117893965,-0.000849170566699224,0.0020409658883716,"g__GGB3486"
"fixed",NA,"ResponseResponder:Days",2.53745885517023e-07,4.29772533949429e-06,0.0590419036752313,44.0035528833854,0.953186053474116,-8.4077306552915e-06,8.91522242632554e-06,"g__GGB13404"
"fixed",NA,"ResponseResponder:Days",-0.000146660532839875,0.000381549257804682,-0.384381648869442,83.3749777794839,0.70167424972223,-0.000905496188308274,0.000612175122628524,"g__GGB9545"
"fixed",NA,"ResponseResponder:Days",-0.00168598868661516,0.000933364946876938,-1.8063552657045,76.6263642699078,0.0747892294088933,-0.00354470037620895,0.00017272300297864,"s__GGB4552_SGB6276"
"fixed",NA,"ResponseResponder:Days",0.000124177545480846,0.000228369337966675,0.543757522732614,60.0758369004634,0.588620652367101,-0.000332617283669838,0.000580972374631531,"s__GGB4768_SGB6601"
"fixed",NA,"ResponseResponder:Days",3.68010710263289e-05,7.5438945309088e-05,0.487825895173213,80.8217940766279,0.626993919361335,-0.000113303783979117,0.000186905926031775,"s__GGB9350_SGB14317"
"fixed",NA,"ResponseResponder:Days",-7.13458992468805e-05,4.21353027255374e-05,-1.69325707024383,44.000132284577,0.0974761126742075,-0.000156264014888433,1.35722163946723e-05,"s__GGB4684_SGB6478"
"fixed",NA,"ResponseResponder:Days",0.000595897660836188,0.00071730509188341,0.830745058942149,44.6178472366069,0.41054117893965,-0.000849170566699224,0.0020409658883716,"s__GGB3486_SGB4658"
"fixed",NA,"ResponseResponder:Days",2.62664134389171e-06,2.50945235102671e-05,0.104669903089296,46.2672984109723,0.917090189649844,-4.78781407147682e-05,5.31314234025516e-05,"s__GGB6518_SGB9205"
"fixed",NA,"ResponseResponder:Days",2.53745885517023e-07,4.29772533949429e-06,0.0590419036752313,44.0035528833854,0.953186053474116,-8.4077306552915e-06,8.91522242632554e-06,"s__GGB13404_SGB14252"
"fixed",NA,"ResponseResponder:Days",0.000250022686324011,0.000219592082224218,1.13857787490134,81.0309888314593,0.258234288356531,-0.000186894143434357,0.000686939516082378,"s__GGB9545_SGB14952"
"fixed",NA,"ResponseResponder:Days",-9.11308747711227e-07,1.14999081606773e-06,-0.792448717831808,83.7450493133357,0.430338255628123,-3.19829332523237e-06,1.37567582980991e-06,"c__CFGB10667"
"fixed",NA,"ResponseResponder:Days",-9.11308747711227e-07,1.14999081606773e-06,-0.792448717831808,83.7450493133357,0.430338255628123,-3.19829332523237e-06,1.37567582980991e-06,"o__OFGB10667"
"fixed",NA,"ResponseResponder:Days",-9.11308747711227e-07,1.14999081606773e-06,-0.792448717831808,83.7450493133357,0.430338255628123,-3.19829332523237e-06,1.37567582980991e-06,"f__FGB10667"
"fixed",NA,"ResponseResponder:Days",-0.000504886641237563,0.00063712216306816,-0.792448717850598,83.7450493089592,0.430338255617348,-0.00177193029113145,0.000762157008656325,"g__GGB28833"
"fixed",NA,"ResponseResponder:Days",-6.11872560630275e-05,7.72128904796596e-05,-0.792448717862029,83.745049309699,0.430338255610703,-0.000214740386440829,9.23658743147743e-05,"g__GGB31232"
"fixed",NA,"ResponseResponder:Days",-2.76415923484511e-05,3.48812380228674e-05,-0.792448717855996,83.7450493165175,0.430338255614018,-9.70098449366519e-05,4.17266602397497e-05,"g__GGB75959"
"fixed",NA,"ResponseResponder:Days",-2.20959978829684e-05,2.7883189644558e-05,-0.792448717834578,83.7450493004492,0.430338255626861,-7.75472447958736e-05,3.33552490299369e-05,"g__GGB31841"
"fixed",NA,"ResponseResponder:Days",-1.93750286372226e-05,2.444956777663e-05,-0.792448717876402,83.7450492928726,0.43033825560282,-6.79978381859187e-05,2.92477809114735e-05,"g__GGB28875"
"fixed",NA,"ResponseResponder:Days",-1.10436799432409e-05,1.39361446288103e-05,-0.792448717876411,83.7450493178053,0.430338255602149,-3.87584646100874e-05,1.66711047236056e-05,"g__GGB27480"
"fixed",NA,"ResponseResponder:Days",-4.14623885253471e-06,5.23218570341695e-06,-0.792448717909028,83.7450493112305,0.430338255583419,-1.45514767407483e-05,6.25899903567886e-06,"g__GGB30311"
"fixed",NA,"ResponseResponder:Days",-4.12464385824262e-06,5.20493473622489e-06,-0.792448717855433,83.7450493176076,0.430338255614315,-1.44756877991365e-05,6.22640008265126e-06,"g__GGB28987"
"fixed",NA,"ResponseResponder:Days",-2.86349620741705e-06,3.61347825142799e-06,-0.792448717876036,83.7450492985348,0.430338255602882,-1.00496136239918e-05,4.32262120915766e-06,"g__GGB28392"
"fixed",NA,"ResponseResponder:Days",-2.51797630297026e-06,3.17746277614664e-06,-0.79244871784898,83.7450493172692,0.430338255618065,-8.83699056217795e-06,3.80103795623742e-06,"g__GGB28964"
"fixed",NA,"ResponseResponder:Days",-9.11308747711227e-07,1.14999081606773e-06,-0.792448717831808,83.7450493133357,0.430338255628123,-3.19829332523237e-06,1.37567582980991e-06,"g__GGB28981"
"fixed",NA,"ResponseResponder:Days",-0.000504886641237563,0.00063712216306816,-0.792448717850598,83.7450493089592,0.430338255617348,-0.00177193029113145,0.000762157008656325,"s__GGB28833_SGB41490"
"fixed",NA,"ResponseResponder:Days",-6.11872560630275e-05,7.72128904796596e-05,-0.792448717862029,83.745049309699,0.430338255610703,-0.000214740386440829,9.23658743147743e-05,"s__GGB31232_SGB44532"
"fixed",NA,"ResponseResponder:Days",-2.76415923484511e-05,3.48812380228674e-05,-0.792448717855996,83.7450493165175,0.430338255614018,-9.70098449366519e-05,4.17266602397497e-05,"s__GGB75959_SGB102469"
"fixed",NA,"ResponseResponder:Days",-2.20959978829684e-05,2.7883189644558e-05,-0.792448717834578,83.7450493004492,0.430338255626861,-7.75472447958736e-05,3.33552490299369e-05,"s__GGB31841_SGB45219"
"fixed",NA,"ResponseResponder:Days",-1.93750286372226e-05,2.444956777663e-05,-0.792448717876402,83.7450492928726,0.43033825560282,-6.79978381859187e-05,2.92477809114735e-05,"s__GGB28875_SGB41555"
"fixed",NA,"ResponseResponder:Days",-1.78763360521405e-05,2.25583506525746e-05,-0.792448717880898,83.7450493226632,0.43033825559942,-6.27380856555647e-05,2.69854135512837e-05,"s__GGB30454_SGB100837"
"fixed",NA,"ResponseResponder:Days",-1.10436799432409e-05,1.39361446288103e-05,-0.792448717876411,83.7450493178053,0.430338255602149,-3.87584646100874e-05,1.66711047236056e-05,"s__GGB27480_SGB39776"
"fixed",NA,"ResponseResponder:Days",-6.16753029284208e-06,7.78287623384767e-06,-0.792448717868535,83.7450493146594,0.430338255606799,-2.16453216515802e-05,9.31026106589604e-06,"s__GGB30461_SGB43530"
"fixed",NA,"ResponseResponder:Days",-4.23261882858873e-06,5.34118957224013e-06,-0.792448717901158,83.7450493180629,0.430338255587798,-1.48546325061313e-05,6.38939484895388e-06,"s__Lachnospiraceae_unclassified_SGB41587"
"fixed",NA,"ResponseResponder:Days",-4.14623885253471e-06,5.23218570341695e-06,-0.792448717909028,83.7450493112305,0.430338255583419,-1.45514767407483e-05,6.25899903567886e-06,"s__GGB30311_SGB43288"
"fixed",NA,"ResponseResponder:Days",-4.12464385824262e-06,5.20493473622489e-06,-0.792448717855433,83.7450493176076,0.430338255614315,-1.44756877991365e-05,6.22640008265126e-06,"s__GGB28987_SGB41700"
"fixed",NA,"ResponseResponder:Days",-2.86349620741705e-06,3.61347825142799e-06,-0.792448717876036,83.7450492985348,0.430338255602882,-1.00496136239918e-05,4.32262120915766e-06,"s__GGB28392_SGB40972"
"fixed",NA,"ResponseResponder:Days",-2.51797630297026e-06,3.17746277614664e-06,-0.79244871784898,83.7450493172692,0.430338255618065,-8.83699056217795e-06,3.80103795623742e-06,"s__GGB28964_SGB94886"
"fixed",NA,"ResponseResponder:Days",-2.41000133297981e-06,3.04120794011386e-06,-0.792448717889897,83.7450493199194,0.430338255594276,-8.45804585550023e-06,3.63804318954062e-06,"s__Lachnospiraceae_unclassified_SGB41414"
"fixed",NA,"ResponseResponder:Days",-9.11308747711227e-07,1.14999081606773e-06,-0.792448717831808,83.7450493133357,0.430338255628123,-3.19829332523237e-06,1.37567582980991e-06,"s__GGB28981_SGB41693"
"fixed",NA,"ResponseResponder:Days",0.00010936092614594,0.000216829032737462,0.504364774242917,83.9999999983453,0.615325528678063,-0.000321827384436893,0.000540549236728773,"s__Oscillospiraceae_unclassified_SGB4281"
"fixed",NA,"ResponseResponder:Days",-7.88301103535385e-06,1.67240600677643e-05,-0.471357493540003,43.8580371173045,0.639721854739418,-4.15912211192767e-05,2.5825199048569e-05,"g__GGB9561"
"fixed",NA,"ResponseResponder:Days",-4.11232835078606e-07,8.05216469506361e-07,-0.510710908994091,83.9999999986718,0.610893107357567,-2.01249409034738e-06,1.19002842019016e-06,"g__Enorma"
"fixed",NA,"ResponseResponder:Days",-5.03282084575881e-05,0.000217985776070229,-0.23087840576063,82.0614223836897,0.817983919774337,-0.000483966498504684,0.000383310081589508,"s__Akkermansia_sp_KLE1798"
"fixed",NA,"ResponseResponder:Days",-7.88301103535385e-06,1.67240600677643e-05,-0.471357493540003,43.8580371173045,0.639721854739418,-4.15912211192767e-05,2.5825199048569e-05,"s__GGB9561_SGB14972"
"fixed",NA,"ResponseResponder:Days",-1.67086167559298e-06,7.15423909302216e-06,-0.233548481378354,76.7561752186798,0.815957278899446,-1.59174939412388e-05,1.25757705900528e-05,"s__Flavonifractor_sp_An100"
"fixed",NA,"ResponseResponder:Days",-4.11232835078606e-07,8.05216469506361e-07,-0.510710908994091,83.9999999986718,0.610893107357567,-2.01249409034738e-06,1.19002842019016e-06,"s__Collinsella_massiliensis"
"fixed",NA,"ResponseResponder:Days",0.000782635962033232,0.00294783114676416,0.265495519610183,78.5248960279092,0.791323530518833,-0.00508542720282145,0.00665069912688791,"g__GGB3001"
"fixed",NA,"ResponseResponder:Days",-6.86308383726204e-05,0.000281448601215094,-0.243848568002547,61.3972035685574,0.808161089491996,-0.000631348473454372,0.000494086796709131,"s__Parabacteroides_johnsonii"
"fixed",NA,"ResponseResponder:Days",0.000782635962033232,0.00294783114676416,0.265495519610183,78.5248960279092,0.791323530518833,-0.00508542720282145,0.00665069912688791,"s__GGB3001_SGB3992"
"fixed",NA,"ResponseResponder:Days",-4.51466586578673e-05,0.000182045988611055,-0.247995899290724,83.7920473932121,0.80474431556242,-0.000407178198585748,0.000316884881270014,"c__CFGB77241"
"fixed",NA,"ResponseResponder:Days",5.49330699248766e-05,6.4618957505465e-05,0.850107647128642,83.5826138717602,0.397693866414672,-7.35781898005736e-05,0.000183444329650327,"c__CFGB1374"
"fixed",NA,"ResponseResponder:Days",-4.41362970740199e-06,1.19320124409247e-05,-0.369898181824217,83.9999999998754,0.712389324036893,-2.81417449938998e-05,1.93144855790958e-05,"c__CFGB3022"
"fixed",NA,"ResponseResponder:Days",1.09415479577737e-05,1.88779986827028e-05,0.579592579789668,58.7547291822246,0.564405277508338,-2.6836539842036e-05,4.87196357575834e-05,"c__CFGB3009"
"fixed",NA,"ResponseResponder:Days",-4.51466586578673e-05,0.000182045988611055,-0.247995899290724,83.7920473932121,0.80474431556242,-0.000407178198585748,0.000316884881270014,"o__OFGB77241"
"fixed",NA,"ResponseResponder:Days",5.49330699248766e-05,6.4618957505465e-05,0.850107647128642,83.5826138717602,0.397693866414672,-7.35781898005736e-05,0.000183444329650327,"o__OFGB1374"
"fixed",NA,"ResponseResponder:Days",-4.41362970740199e-06,1.19320124409247e-05,-0.369898181824217,83.9999999998754,0.712389324036893,-2.81417449938998e-05,1.93144855790958e-05,"o__OFGB3022"
"fixed",NA,"ResponseResponder:Days",1.09415479577737e-05,1.88779986827028e-05,0.579592579789668,58.7547291822246,0.564405277508338,-2.6836539842036e-05,4.87196357575834e-05,"o__OFGB3009"
"fixed",NA,"ResponseResponder:Days",-4.51466586578673e-05,0.000182045988611055,-0.247995899290724,83.7920473932121,0.80474431556242,-0.000407178198585748,0.000316884881270014,"f__FGB77241"
"fixed",NA,"ResponseResponder:Days",5.49330699248766e-05,6.4618957505465e-05,0.850107647128642,83.5826138717602,0.397693866414672,-7.35781898005736e-05,0.000183444329650327,"f__FGB1374"
"fixed",NA,"ResponseResponder:Days",-4.41362970740199e-06,1.19320124409247e-05,-0.369898181824217,83.9999999998754,0.712389324036893,-2.81417449938998e-05,1.93144855790958e-05,"f__FGB3022"
"fixed",NA,"ResponseResponder:Days",1.09415479577737e-05,1.88779986827028e-05,0.579592579789668,58.7547291822246,0.564405277508338,-2.6836539842036e-05,4.87196357575834e-05,"f__FGB3009"
"fixed",NA,"ResponseResponder:Days",2.12691777298364e-19,2.93490023205294e-12,7.24698492219574e-08,1.38402052639849e-06,0.999999999914743,-Inf,Inf,"g__GGB81342"
"fixed",NA,"ResponseResponder:Days",-0.00273959057942077,0.00344676150716922,-0.794830328040526,70.8879073040862,0.42936536034701,-0.00961242615883405,0.00413324499999252,"g__GGB3496"
"fixed",NA,"ResponseResponder:Days",-7.86595560724955e-05,9.56922572962176e-05,-0.822005440095357,83.5975939234594,0.41341213835671,-0.000268967488094965,0.000111648375949974,"g__Paraeggerthella"
"fixed",NA,"ResponseResponder:Days",-4.51466586578673e-05,0.000182045988611055,-0.247995899290724,83.7920473932121,0.80474431556242,-0.000407178198585748,0.000316884881270014,"g__GGB45497"
"fixed",NA,"ResponseResponder:Days",-2.43898801409098e-05,3.28495609908809e-05,-0.74247202718114,80.3811730482741,0.459965644742671,-8.97578312014678e-05,4.09780709196482e-05,"g__GGB9641"
"fixed",NA,"ResponseResponder:Days",-2.20246621948764e-06,3.54262198273981e-06,-0.62170511847394,82.5464241498288,0.535849089846205,-9.24917148806251e-06,4.84423904908723e-06,"g__GGB9532"
"fixed",NA,"ResponseResponder:Days",-2.07470006479899e-05,2.52394931183223e-05,-0.82200544007474,83.5975939275177,0.413412138368264,-7.0942030803577e-05,2.94480295075972e-05,"g__Massilicoli"
"fixed",NA,"ResponseResponder:Days",-1.69214350841323e-07,2.23705791169269e-07,-0.756414708608441,84.0000000001843,0.451516847037249,-6.14077849718965e-07,2.75649148036319e-07,"g__GGB9529"
"fixed",NA,"ResponseResponder:Days",-0.00014621259404682,0.000143837416716205,-1.01651293095246,83.5857047029804,0.312318563301977,-0.000432269786769291,0.000139844598675651,"g__Fumia"
"fixed",NA,"ResponseResponder:Days",8.19820347494239e-05,6.0256054092107e-05,1.36056095913792,83.4706997804695,0.177315152750996,-3.78548393929393e-05,0.000201818908891787,"g__GGB3353"
"fixed",NA,"ResponseResponder:Days",-1.8062539717625e-06,7.36424382194823e-06,-0.245273515575241,83.9999999979976,0.806842894617364,-1.645086042606e-05,1.2838352482535e-05,"g__GGB9086"
"fixed",NA,"ResponseResponder:Days",-4.41362970740199e-06,1.19320124409247e-05,-0.369898181824217,83.9999999998754,0.712389324036893,-2.81417449938998e-05,1.93144855790958e-05,"g__GGB9499"
"fixed",NA,"ResponseResponder:Days",0.00010322591693376,8.04017739752742e-05,1.28387611155825,82.6656343162849,0.202772247240378,-5.66995441852601e-05,0.000263151378052781,"g__GGB9454"
"fixed",NA,"ResponseResponder:Days",1.15112038239439e-07,1.80429841259103e-07,0.637987804213239,83.9999999987913,0.525217044019,-2.43692488299382e-07,4.7391656477826e-07,"g__Neobittarella"
"fixed",NA,"ResponseResponder:Days",-2.07636835852237e-07,1.83530074558959e-06,-0.113135046858783,83.9999999983065,0.910193437972161,-3.85733364034049e-06,3.44205996863602e-06,"g__GGB74700"
"fixed",NA,"ResponseResponder:Days",3.85430293202541e-06,1.5420624131776e-05,0.2499446779254,82.8649414919774,0.803248730016187,-2.68174375593216e-05,3.45260434233724e-05,"g__GGB9474"
"fixed",NA,"ResponseResponder:Days",6.21313672362104e-06,1.15290047419139e-05,0.538913537005762,84.0000000002851,0.59137196016244,-1.67135535567566e-05,2.91398270039987e-05,"g__GGB3583"
"fixed",NA,"ResponseResponder:Days",2.12691777298364e-19,2.93490023205294e-12,7.24698492219574e-08,1.38402052639849e-06,0.999999999914743,-Inf,Inf,"s__GGB81342_SGB47944"
"fixed",NA,"ResponseResponder:Days",-0.00273959057942077,0.00344676150716922,-0.794830328040526,70.8879073040862,0.42936536034701,-0.00961242615883405,0.00413324499999252,"s__GGB3496_SGB4671"
"fixed",NA,"ResponseResponder:Days",-7.86595560724955e-05,9.56922572962176e-05,-0.822005440095357,83.5975939234594,0.41341213835671,-0.000268967488094965,0.000111648375949974,"s__Paraeggerthella_hongkongensis"
"fixed",NA,"ResponseResponder:Days",-2.00035156087204e-05,0.000644680157412646,-0.0310285889502205,82.944974531033,0.975321281032197,-0.00130225899988541,0.00126225196866796,"s__Eubacteriaceae_bacterium_CHKCI004"
"fixed",NA,"ResponseResponder:Days",-1.83397665825371e-05,2.01970943021976e-05,-0.908039855046948,72.9968809755424,0.366845261400361,-5.85925464538421e-05,2.19130132887679e-05,"s__GGB9469_SGB14863"
"fixed",NA,"ResponseResponder:Days",-4.51466586578673e-05,0.000182045988611055,-0.247995899290724,83.7920473932121,0.80474431556242,-0.000407178198585748,0.000316884881270014,"s__GGB45497_SGB63169"
"fixed",NA,"ResponseResponder:Days",-2.38019983819043e-05,3.05435149896947e-05,-0.779281572207227,81.8477222695928,0.438061319515268,-8.45644720930468e-05,3.69604753292382e-05,"s__Gordonibacter_urolithinfaciens"
"fixed",NA,"ResponseResponder:Days",-2.43898801409098e-05,3.28495609908809e-05,-0.74247202718114,80.3811730482741,0.459965644742671,-8.97578312014678e-05,4.09780709196482e-05,"s__GGB9641_SGB15117"
"fixed",NA,"ResponseResponder:Days",-2.20246621948764e-06,3.54262198273981e-06,-0.62170511847394,82.5464241498288,0.535849089846205,-9.24917148806251e-06,4.84423904908723e-06,"s__GGB9532_SGB14933"
"fixed",NA,"ResponseResponder:Days",-2.07470006479899e-05,2.52394931183223e-05,-0.82200544007474,83.5975939275177,0.413412138368264,-7.0942030803577e-05,2.94480295075972e-05,"s__Massilicoli_timonensis"
"fixed",NA,"ResponseResponder:Days",-1.69214350841323e-07,2.23705791169269e-07,-0.756414708608441,84.0000000001843,0.451516847037249,-6.14077849718965e-07,2.75649148036319e-07,"s__GGB9529_SGB53518"
"fixed",NA,"ResponseResponder:Days",-0.00014621259404682,0.000143837416716205,-1.01651293095246,83.5857047029804,0.312318563301977,-0.000432269786769291,0.000139844598675651,"s__Fumia_xinanensis"
"fixed",NA,"ResponseResponder:Days",-4.40275077406058e-05,5.35610904663811e-05,-0.822005440091642,83.5975939262439,0.413412138358735,-0.000150547101399761,6.2492085918549e-05,"s__GGB9695_SGB15209"
"fixed",NA,"ResponseResponder:Days",8.19820347494239e-05,6.0256054092107e-05,1.36056095913792,83.4706997804695,0.177315152750996,-3.78548393929393e-05,0.000201818908891787,"s__GGB3353_SGB4437"
"fixed",NA,"ResponseResponder:Days",-1.8062539717625e-06,7.36424382194823e-06,-0.245273515575241,83.9999999979976,0.806842894617364,-1.645086042606e-05,1.2838352482535e-05,"s__GGB9086_SGB14014"
"fixed",NA,"ResponseResponder:Days",-4.41362970740199e-06,1.19320124409247e-05,-0.369898181824217,83.9999999998754,0.712389324036893,-2.81417449938998e-05,1.93144855790958e-05,"s__GGB9499_SGB72735"
"fixed",NA,"ResponseResponder:Days",0.00010322591693376,8.04017739752742e-05,1.28387611155825,82.6656343162849,0.202772247240378,-5.66995441852601e-05,0.000263151378052781,"s__GGB9454_SGB14846"
"fixed",NA,"ResponseResponder:Days",1.15112038239439e-07,1.80429841259103e-07,0.637987804213239,83.9999999987913,0.525217044019,-2.43692488299382e-07,4.7391656477826e-07,"s__Neobittarella_massiliensis"
"fixed",NA,"ResponseResponder:Days",-2.07636835852237e-07,1.83530074558959e-06,-0.113135046858783,83.9999999983065,0.910193437972161,-3.85733364034049e-06,3.44205996863602e-06,"s__GGB74700_SGB54319"
"fixed",NA,"ResponseResponder:Days",3.85430293202541e-06,1.5420624131776e-05,0.2499446779254,82.8649414919774,0.803248730016187,-2.68174375593216e-05,3.45260434233724e-05,"s__GGB9474_SGB14868"
"fixed",NA,"ResponseResponder:Days",6.21313672362104e-06,1.15290047419139e-05,0.538913537005762,84.0000000002851,0.59137196016244,-1.67135535567566e-05,2.91398270039987e-05,"s__GGB3583_SGB4799"
"fixed",NA,"ResponseResponder:Days",3.89313551685863e-05,5.25033541560553e-05,0.741502248653886,80.8743669922933,0.460536801993864,-6.55363106370833e-05,0.000143399020974256,"c__CFGB2897"
"fixed",NA,"ResponseResponder:Days",3.43867797177757e-05,4.60073149136072e-05,0.747419834918586,82.4297229734836,0.456937053120094,-5.71292826557063e-05,0.000125902842091258,"c__CFGB79253"
"fixed",NA,"ResponseResponder:Days",7.82051305647114e-06,1.04633469585773e-05,0.747419834918146,82.4297229802382,0.456937053120184,-1.29927927122636e-05,2.86338188252059e-05,"c__CFGB3176"
"fixed",NA,"ResponseResponder:Days",7.73145959519672e-06,1.03441991153253e-05,0.74741983492393,82.4297229883994,0.456937053116503,-1.28448416563961e-05,2.83077608467895e-05,"c__CFGB28372"
"fixed",NA,"ResponseResponder:Days",7.04331921234733e-06,9.42351123598881e-06,0.747419834917644,82.4297229658684,0.456937053120855,-1.17015834986797e-05,2.57882219233743e-05,"c__CFGB79211"
"fixed",NA,"ResponseResponder:Days",6.42804075244018e-06,8.60030795557643e-06,0.747419834922567,82.4297229640232,0.456937053117948,-1.06793762044718e-05,2.35354577093521e-05,"c__CFGB1311"
"fixed",NA,"ResponseResponder:Days",-3.49354423243425e-05,3.89954640461952e-05,-0.895884769648003,83.2909785679533,0.372896237884067,-0.000112491844938769,4.26209602900843e-05,"c__CFGB2952"
"fixed",NA,"ResponseResponder:Days",0.000145137659654488,0.000134534368183681,1.07881474164527,44.000484606325,0.286548950364173,-0.000125998459287818,0.000416273778596794,"o__Selenomonadales"
"fixed",NA,"ResponseResponder:Days",3.89313551685863e-05,5.25033541560553e-05,0.741502248653886,80.8743669922933,0.460536801993864,-6.55363106370833e-05,0.000143399020974256,"o__OFGB2897"
"fixed",NA,"ResponseResponder:Days",3.43867797177757e-05,4.60073149136072e-05,0.747419834918586,82.4297229734836,0.456937053120094,-5.71292826557063e-05,0.000125902842091258,"o__OFGB79253"
"fixed",NA,"ResponseResponder:Days",7.82051305647114e-06,1.04633469585773e-05,0.747419834918146,82.4297229802382,0.456937053120184,-1.29927927122636e-05,2.86338188252059e-05,"o__OFGB3176"
"fixed",NA,"ResponseResponder:Days",7.73145959519672e-06,1.03441991153253e-05,0.74741983492393,82.4297229883994,0.456937053116503,-1.28448416563961e-05,2.83077608467895e-05,"o__OFGB28372"
"fixed",NA,"ResponseResponder:Days",7.04331921234733e-06,9.42351123598881e-06,0.747419834917644,82.4297229658684,0.456937053120855,-1.17015834986797e-05,2.57882219233743e-05,"o__OFGB79211"
"fixed",NA,"ResponseResponder:Days",6.42804075244018e-06,8.60030795557643e-06,0.747419834922567,82.4297229640232,0.456937053117948,-1.06793762044718e-05,2.35354577093521e-05,"o__OFGB1311"
"fixed",NA,"ResponseResponder:Days",-3.49354423243425e-05,3.89954640461952e-05,-0.895884769648003,83.2909785679533,0.372896237884067,-0.000112491844938769,4.26209602900843e-05,"o__OFGB2952"
"fixed",NA,"ResponseResponder:Days",0.000145137659654488,0.000134534368183681,1.07881474164527,44.000484606325,0.286548950364173,-0.000125998459287818,0.000416273778596794,"f__Selenomonadaceae"
"fixed",NA,"ResponseResponder:Days",3.89313551685863e-05,5.25033541560553e-05,0.741502248653886,80.8743669922933,0.460536801993864,-6.55363106370833e-05,0.000143399020974256,"f__FGB2897"
"fixed",NA,"ResponseResponder:Days",3.43867797177757e-05,4.60073149136072e-05,0.747419834918586,82.4297229734836,0.456937053120094,-5.71292826557063e-05,0.000125902842091258,"f__FGB79253"
"fixed",NA,"ResponseResponder:Days",7.82051305647114e-06,1.04633469585773e-05,0.747419834918146,82.4297229802382,0.456937053120184,-1.29927927122636e-05,2.86338188252059e-05,"f__FGB3176"
"fixed",NA,"ResponseResponder:Days",7.73145959519672e-06,1.03441991153253e-05,0.74741983492393,82.4297229883994,0.456937053116503,-1.28448416563961e-05,2.83077608467895e-05,"f__FGB28372"
"fixed",NA,"ResponseResponder:Days",7.04331921234733e-06,9.42351123598881e-06,0.747419834917644,82.4297229658684,0.456937053120855,-1.17015834986797e-05,2.57882219233743e-05,"f__FGB79211"
"fixed",NA,"ResponseResponder:Days",6.42804075244018e-06,8.60030795557643e-06,0.747419834922567,82.4297229640232,0.456937053117948,-1.06793762044718e-05,2.35354577093521e-05,"f__FGB1311"
"fixed",NA,"ResponseResponder:Days",-3.49354423243425e-05,3.89954640461952e-05,-0.895884769648003,83.2909785679533,0.372896237884067,-0.000112491844938769,4.26209602900843e-05,"f__FGB2952"
"fixed",NA,"ResponseResponder:Days",7.95166451766222e-05,0.000106388192367701,0.747419834917351,82.4297229621521,0.456937053121126,-0.000132106842671499,0.000291140133024743,"g__Mitsuokella"
"fixed",NA,"ResponseResponder:Days",7.34205309619369e-05,9.82319809184486e-05,0.747419834920055,82.4297229491259,0.456937053119839,-0.000121978920401919,0.000268819982325793,"g__GGB4558"
"fixed",NA,"ResponseResponder:Days",3.89313551685863e-05,5.25033541560553e-05,0.741502248653886,80.8743669922933,0.460536801993864,-6.55363106370833e-05,0.000143399020974256,"g__GGB9209"
"fixed",NA,"ResponseResponder:Days",3.43867797177757e-05,4.60073149136072e-05,0.747419834918586,82.4297229734836,0.456937053120094,-5.71292826557063e-05,0.000125902842091258,"g__GGB9058"
"fixed",NA,"ResponseResponder:Days",1.97909293722427e-05,4.57485806149673e-05,0.43260204155422,49.4395962432693,0.667185174627706,-7.212361292595e-05,0.000111705471670435,"g__GGB34797"
"fixed",NA,"ResponseResponder:Days",1.8215480721612e-05,2.43711497482172e-05,0.747419834919548,82.4297229482015,0.456937053120167,-3.02627159449326e-05,6.66936773881567e-05,"g__GGB24836"
"fixed",NA,"ResponseResponder:Days",1.05469960970326e-05,2.23801186773059e-05,0.471266316729929,80.65425557755,0.638722823656428,-3.39853138401083e-05,5.50793060341736e-05,"g__GGB74220"
"fixed",NA,"ResponseResponder:Days",3.33615248252839e-05,3.17065852706922e-05,1.05219545215805,83.8877173158385,0.295731366353006,-2.96917302111079e-05,9.64147798616756e-05,"g__GGB2652"
"fixed",NA,"ResponseResponder:Days",7.82051305647114e-06,1.04633469585773e-05,0.747419834918146,82.4297229802382,0.456937053120184,-1.29927927122636e-05,2.86338188252059e-05,"g__GGB10708"
"fixed",NA,"ResponseResponder:Days",7.73145959519672e-06,1.03441991153253e-05,0.74741983492393,82.4297229883994,0.456937053116503,-1.28448416563961e-05,2.83077608467895e-05,"g__GGB9083"
"fixed",NA,"ResponseResponder:Days",7.04331921234733e-06,9.42351123598881e-06,0.747419834917644,82.4297229658684,0.456937053120855,-1.17015834986797e-05,2.57882219233743e-05,"g__GGB9267"
"fixed",NA,"ResponseResponder:Days",5.35535133213223e-06,7.16511802600259e-06,0.747419834913728,82.4297229644017,0.456937053123243,-8.89723848784336e-06,1.96079411521078e-05,"g__GGB3142"
"fixed",NA,"ResponseResponder:Days",1.0767373048791e-06,1.44060574067043e-06,0.747419834921669,82.4297229366109,0.456937053119193,-1.78886276474541e-06,3.94233737450362e-06,"g__GGB3140"
"fixed",NA,"ResponseResponder:Days",-9.46520298999177e-06,1.2363277451644e-05,-0.765590113706712,80.752866199011,0.446152162193402,-3.4065388326342e-05,1.51349823463585e-05,"g__GGB9293"
"fixed",NA,"ResponseResponder:Days",0.000159158774776197,0.000212944274877859,0.747419834919197,82.4297229713194,0.456937053119782,-0.00026442216182921,0.000582739711381605,"s__Megasphaera_elsdenii"
"fixed",NA,"ResponseResponder:Days",7.95166451766222e-05,0.000106388192367701,0.747419834917351,82.4297229621521,0.456937053121126,-0.000132106842671499,0.000291140133024743,"s__Mitsuokella_jalaludinii"
"fixed",NA,"ResponseResponder:Days",7.34205309619369e-05,9.82319809184486e-05,0.747419834920055,82.4297229491259,0.456937053119839,-0.000121978920401919,0.000268819982325793,"s__GGB4558_SGB6291"
"fixed",NA,"ResponseResponder:Days",3.89313551685863e-05,5.25033541560553e-05,0.741502248653886,80.8743669922933,0.460536801993864,-6.55363106370833e-05,0.000143399020974256,"s__GGB9209_SGB14148"
"fixed",NA,"ResponseResponder:Days",3.43867797177757e-05,4.60073149136072e-05,0.747419834918586,82.4297229734836,0.456937053120094,-5.71292826557063e-05,0.000125902842091258,"s__GGB9058_SGB13975"
"fixed",NA,"ResponseResponder:Days",2.6703894737945e-05,3.57281055308104e-05,0.747419834922864,82.4297229501246,0.456937053118128,-4.43651415750337e-05,9.77729310509236e-05,"s__GGB34797_SGB14322"
"fixed",NA,"ResponseResponder:Days",1.8215480721612e-05,2.43711497482172e-05,0.747419834919548,82.4297229482015,0.456937053120167,-3.02627159449326e-05,6.66936773881567e-05,"s__GGB24836_SGB36733"
"fixed",NA,"ResponseResponder:Days",1.05469960970326e-05,2.23801186773059e-05,0.471266316729929,80.65425557755,0.638722823656428,-3.39853138401083e-05,5.50793060341736e-05,"s__GGB74220_SGB4052"
"fixed",NA,"ResponseResponder:Days",3.33615248252839e-05,3.17065852706922e-05,1.05219545215805,83.8877173158385,0.295731366353006,-2.96917302111079e-05,9.64147798616756e-05,"s__GGB2652_SGB3573"
"fixed",NA,"ResponseResponder:Days",7.82051305647114e-06,1.04633469585773e-05,0.747419834918146,82.4297229802382,0.456937053120184,-1.29927927122636e-05,2.86338188252059e-05,"s__GGB10708_SGB17364"
"fixed",NA,"ResponseResponder:Days",7.73145959519672e-06,1.03441991153253e-05,0.74741983492393,82.4297229883994,0.456937053116503,-1.28448416563961e-05,2.83077608467895e-05,"s__GGB9083_SGB14011"
"fixed",NA,"ResponseResponder:Days",7.04331921234733e-06,9.42351123598881e-06,0.747419834917644,82.4297229658684,0.456937053120855,-1.17015834986797e-05,2.57882219233743e-05,"s__GGB9267_SGB14218"
"fixed",NA,"ResponseResponder:Days",5.35535133213223e-06,7.16511802600259e-06,0.747419834913728,82.4297229644017,0.456937053123243,-8.89723848784336e-06,1.96079411521078e-05,"s__GGB3142_SGB4155"
"fixed",NA,"ResponseResponder:Days",4.01954941257086e-06,5.37790037777103e-06,0.747419834920191,82.4297229552908,0.456937053119599,-6.67797265182854e-06,1.47170714769703e-05,"s__GGB9708_SGB15235"
"fixed",NA,"ResponseResponder:Days",1.0767373048791e-06,1.44060574067043e-06,0.747419834921669,82.4297229366109,0.456937053119193,-1.78886276474541e-06,3.94233737450362e-06,"s__GGB3140_SGB4153"
"fixed",NA,"ResponseResponder:Days",-9.46520298999177e-06,1.2363277451644e-05,-0.765590113706712,80.752866199011,0.446152162193402,-3.4065388326342e-05,1.51349823463585e-05,"s__GGB9293_SGB14250"
"fixed",NA,"ResponseResponder:Days",0.000254462512724198,0.000211207453784693,1.20479892240735,80.3886622743782,0.231815884023451,-0.000165822521098848,0.000674747546547244,"c__CFGB2164"
"fixed",NA,"ResponseResponder:Days",0.000254462512724198,0.000211207453784693,1.20479892240735,80.3886622743782,0.231815884023451,-0.000165822521098848,0.000674747546547244,"o__OFGB2164"
"fixed",NA,"ResponseResponder:Days",0.000254462512724198,0.000211207453784693,1.20479892240735,80.3886622743782,0.231815884023451,-0.000165822521098848,0.000674747546547244,"f__FGB2164"
"fixed",NA,"ResponseResponder:Days",5.04776310238245e-06,3.96764389676438e-06,1.27223189220658,80.3685268766769,0.20695946007772,-2.84754410222523e-06,1.29430703069901e-05,"g__GGB48168"
"fixed",NA,"ResponseResponder:Days",-2.55963541251232e-05,3.7370016922641e-05,-0.684943605407237,83.3297844811366,0.495280352398783,-9.99194647543699e-05,4.87267565041235e-05,"g__GGB84235"
"fixed",NA,"ResponseResponder:Days",0.000254462512724198,0.000211207453784693,1.20479892240735,80.3886622743782,0.231815884023451,-0.000165822521098848,0.000674747546547244,"g__GGB6132"
"fixed",NA,"ResponseResponder:Days",-7.17834453886589e-05,0.000115502797736049,-0.621486637515924,81.408990975768,0.536015960057239,-0.000301580281255098,0.00015801339047778,"g__GGB51959"
"fixed",NA,"ResponseResponder:Days",-1.02980551513181e-05,4.35734535386661e-05,-0.236337823032086,77.5122999200819,0.813793954393859,-9.70547353211503e-05,7.64586250185141e-05,"g__GGB29535"
"fixed",NA,"ResponseResponder:Days",-2.2019056076393e-05,9.5480419591972e-05,-0.230613314965411,44.7137517434018,0.818667140579492,-0.00021436047801802,0.000170322365865234,"g__Lacticaseibacillus"
"fixed",NA,"ResponseResponder:Days",5.04776310238245e-06,3.96764389676438e-06,1.27223189220658,80.3685268766769,0.20695946007772,-2.84754410222523e-06,1.29430703069901e-05,"s__GGB48168_SGB66171"
"fixed",NA,"ResponseResponder:Days",-2.55963541251232e-05,3.7370016922641e-05,-0.684943605407237,83.3297844811366,0.495280352398783,-9.99194647543699e-05,4.87267565041235e-05,"s__GGB84235_SGB119956"
"fixed",NA,"ResponseResponder:Days",0.000254462512724198,0.000211207453784693,1.20479892240735,80.3886622743782,0.231815884023451,-0.000165822521098848,0.000674747546547244,"s__GGB6132_SGB8779"
"fixed",NA,"ResponseResponder:Days",-7.17834453886589e-05,0.000115502797736049,-0.621486637515924,81.408990975768,0.536015960057239,-0.000301580281255098,0.00015801339047778,"s__GGB51959_SGB72479"
"fixed",NA,"ResponseResponder:Days",-1.02980551513181e-05,4.35734535386661e-05,-0.236337823032086,77.5122999200819,0.813793954393859,-9.70547353211503e-05,7.64586250185141e-05,"s__GGB29535_SGB36365"
"fixed",NA,"ResponseResponder:Days",-2.53036658717005e-05,4.31773927406551e-05,-0.586039690346449,44.082416380645,0.560837649561367,-0.000112317388328955,6.17100565855536e-05,"s__Lacticaseibacillus_rhamnosus"
"fixed",NA,"ResponseResponder:Days",-5.14875613565669e-05,4.98579662035931e-05,-1.03268474984157,76.329236128743,0.30501243349205,-0.000150781380738998,4.78062580258643e-05,"c__CFGB9718"
"fixed",NA,"ResponseResponder:Days",-5.07470606168081e-06,8.13793253359672e-06,-0.623586646943845,44.0146481067822,0.536117523200825,-2.14754772497468e-05,1.13260651263852e-05,"c__CFGB9491"
"fixed",NA,"ResponseResponder:Days",-5.14875613565669e-05,4.98579662035931e-05,-1.03268474984157,76.329236128743,0.30501243349205,-0.000150781380738998,4.78062580258643e-05,"o__OFGB9718"
"fixed",NA,"ResponseResponder:Days",-5.07470606168081e-06,8.13793253359672e-06,-0.623586646943845,44.0146481067822,0.536117523200825,-2.14754772497468e-05,1.13260651263852e-05,"o__OFGB9491"
"fixed",NA,"ResponseResponder:Days",-5.14875613565669e-05,4.98579662035931e-05,-1.03268474984157,76.329236128743,0.30501243349205,-0.000150781380738998,4.78062580258643e-05,"f__FGB9718"
"fixed",NA,"ResponseResponder:Days",-5.07470606168081e-06,8.13793253359672e-06,-0.623586646943845,44.0146481067822,0.536117523200825,-2.14754772497468e-05,1.13260651263852e-05,"f__FGB9491"
"fixed",NA,"ResponseResponder:Days",-6.2514047695763e-05,7.60506495986603e-05,-0.822005440133206,83.5975939257926,0.413412138335226,-0.000213759741579636,8.87316461881101e-05,"g__Mordavella"
"fixed",NA,"ResponseResponder:Days",-5.14875613565669e-05,4.98579662035931e-05,-1.03268474984157,76.329236128743,0.30501243349205,-0.000150781380738998,4.78062580258643e-05,"g__GGB3569"
"fixed",NA,"ResponseResponder:Days",5.38991260892865e-05,0.000130837198088429,0.411955673743926,45.7028692811897,0.682297736639571,-0.000209508706822387,0.00031730695900096,"g__GGB3532"
"fixed",NA,"ResponseResponder:Days",-4.74327494662059e-05,4.93128626678043e-05,-0.961873776944085,82.0357269160178,0.338939670373401,-0.000145531102646804,5.06656037143923e-05,"g__GGB3451"
"fixed",NA,"ResponseResponder:Days",-8.61659842315037e-06,2.06995133781354e-05,-0.416270579203661,83.3369861596879,0.678282137185174,-4.97846360963438e-05,3.2551439250043e-05,"g__GGB3446"
"fixed",NA,"ResponseResponder:Days",-1.49279929145472e-05,1.81604551347743e-05,-0.822005440048829,83.597593933036,0.413412138382775,-5.10445895852846e-05,2.11886037561902e-05,"g__GGB3677"
"fixed",NA,"ResponseResponder:Days",-1.05919602433192e-05,2.01453528943448e-05,-0.525776852799268,73.8028903463154,0.60061955356873,-5.07342334943023e-05,2.95503130076639e-05,"g__GGB33516"
"fixed",NA,"ResponseResponder:Days",-1.09218298989203e-06,1.32868097537632e-06,-0.822005440081424,83.5975939330604,0.413412138364327,-3.73459665935235e-06,1.55023067956828e-06,"g__GGB3003"
"fixed",NA,"ResponseResponder:Days",-5.07470606168081e-06,8.13793253359672e-06,-0.623586646943845,44.0146481067822,0.536117523200825,-2.14754772497468e-05,1.13260651263852e-05,"g__GGB9491"
"fixed",NA,"ResponseResponder:Days",-8.01259912137707e-08,1.94769883731585e-07,-0.411387991195772,84.0000000012063,0.681835799674243,-4.67447264838054e-07,3.07195282410512e-07,"g__Murimonas"
"fixed",NA,"ResponseResponder:Days",-6.2514047695763e-05,7.60506495986603e-05,-0.822005440133206,83.5975939257926,0.413412138335226,-0.000213759741579636,8.87316461881101e-05,"s__Mordavella_massiliensis"
"fixed",NA,"ResponseResponder:Days",-5.14875613565669e-05,4.98579662035931e-05,-1.03268474984157,76.329236128743,0.30501243349205,-0.000150781380738998,4.78062580258643e-05,"s__GGB3569_SGB4776"
"fixed",NA,"ResponseResponder:Days",5.38991260892865e-05,0.000130837198088429,0.411955673743926,45.7028692811897,0.682297736639571,-0.000209508706822387,0.00031730695900096,"s__GGB3532_SGB4720"
"fixed",NA,"ResponseResponder:Days",-4.74327494662059e-05,4.93128626678043e-05,-0.961873776944085,82.0357269160178,0.338939670373401,-0.000145531102646804,5.06656037143923e-05,"s__GGB3451_SGB4605"
"fixed",NA,"ResponseResponder:Days",-8.61659842315037e-06,2.06995133781354e-05,-0.416270579203661,83.3369861596879,0.678282137185174,-4.97846360963438e-05,3.2551439250043e-05,"s__GGB3446_SGB4597"
"fixed",NA,"ResponseResponder:Days",-1.49279929145472e-05,1.81604551347743e-05,-0.822005440048829,83.597593933036,0.413412138382775,-5.10445895852846e-05,2.11886037561902e-05,"s__GGB3677_SGB4990"
"fixed",NA,"ResponseResponder:Days",-1.05919602433192e-05,2.01453528943448e-05,-0.525776852799268,73.8028903463154,0.60061955356873,-5.07342334943023e-05,2.95503130076639e-05,"s__GGB33516_SGB54324"
"fixed",NA,"ResponseResponder:Days",8.51620366583485e-06,0.000126221984995847,0.0674700502144302,46.249109446805,0.946498348910758,-0.000245518550021491,0.000262550957353161,"s__GGB9453_SGB14844"
"fixed",NA,"ResponseResponder:Days",-1.93817719109083e-06,2.35786418990921e-06,-0.822005440086633,83.5975939402063,0.41341213836118,-6.62737849795427e-06,2.75102411577261e-06,"s__GGB9695_SGB15210"
"fixed",NA,"ResponseResponder:Days",-1.09218298989203e-06,1.32868097537632e-06,-0.822005440081424,83.5975939330604,0.413412138364327,-3.73459665935235e-06,1.55023067956828e-06,"s__GGB3003_SGB3994"
"fixed",NA,"ResponseResponder:Days",-5.07470606168081e-06,8.13793253359672e-06,-0.623586646943845,44.0146481067822,0.536117523200825,-2.14754772497468e-05,1.13260651263852e-05,"s__GGB9491_SGB14888"
"fixed",NA,"ResponseResponder:Days",-8.01259912137707e-08,1.94769883731585e-07,-0.411387991195772,84.0000000012063,0.681835799674243,-4.67447264838054e-07,3.07195282410512e-07,"s__Murimonas_intestini"
"fixed",NA,"ResponseResponder:Days",4.34190875326352e-05,0.000103455743883727,0.41968754853702,67.4642019510481,0.676047239009235,-0.000163053326721384,0.000249891501786655,"f__Bianqueaceae"
"fixed",NA,"ResponseResponder:Days",2.82517648775619e-06,1.87950963655347e-05,0.150314551881565,44.0450652647494,0.881202719208017,-3.50527566660802e-05,4.07031096415925e-05,"g__GGB9537"
"fixed",NA,"ResponseResponder:Days",-0.000318088225217656,0.000407100515815288,-0.781350582621174,55.3813144064872,0.43792385759594,-0.00113380964812455,0.000497633197689239,"g__Peptacetobacter"
"fixed",NA,"ResponseResponder:Days",-2.08102107071071e-05,3.73525997926115e-05,-0.557128843043032,62.7461099362058,0.579421405333666,-9.54593365495999e-05,5.38389151353858e-05,"g__Massiliimalia"
"fixed",NA,"ResponseResponder:Days",-2.75100382176597e-05,4.09826698815673e-05,-0.671260274090461,44.8965248785312,0.505493916159702,-0.000110058623617006,5.5038547181687e-05,"g__GGB74505"
"fixed",NA,"ResponseResponder:Days",4.34190875326352e-05,0.000103455743883727,0.41968754853702,67.4642019510481,0.676047239009235,-0.000163053326721384,0.000249891501786655,"g__Bianquea"
"fixed",NA,"ResponseResponder:Days",-9.32570015954346e-06,1.1321517264626e-05,-0.823714696675999,68.0576757202175,0.412978973248381,-3.19170894575025e-05,1.32656891384156e-05,"g__Anaerovorax"
"fixed",NA,"ResponseResponder:Days",2.82517648775619e-06,1.87950963655347e-05,0.150314551881565,44.0450652647494,0.881202719208017,-3.50527566660802e-05,4.07031096415925e-05,"s__GGB9537_SGB14940"
"fixed",NA,"ResponseResponder:Days",-0.000318088225217656,0.000407100515815288,-0.781350582621174,55.3813144064872,0.43792385759594,-0.00113380964812455,0.000497633197689239,"s__Peptacetobacter_hiranonis"
"fixed",NA,"ResponseResponder:Days",-2.08102107071071e-05,3.73525997926115e-05,-0.557128843043032,62.7461099362058,0.579421405333666,-9.54593365495999e-05,5.38389151353858e-05,"s__Massiliimalia_timonensis"
"fixed",NA,"ResponseResponder:Days",-2.75100382176597e-05,4.09826698815673e-05,-0.671260274090461,44.8965248785312,0.505493916159702,-0.000110058623617006,5.5038547181687e-05,"s__GGB74505_SGB47518"
"fixed",NA,"ResponseResponder:Days",4.89004932843222e-06,2.08569248275623e-05,0.234456870744917,80.5884526653529,0.815224962727898,-3.66119016256913e-05,4.63920002825557e-05,"s__Bianquea_SGB71281"
"fixed",NA,"ResponseResponder:Days",-1.80821201707084e-06,1.27642300688909e-05,-0.141662443195679,77.2093741281025,0.887715629037915,-2.72239413458111e-05,2.36075173116694e-05,"s__Clostridium_methylpentosum"
"fixed",NA,"ResponseResponder:Days",-9.32570015954346e-06,1.1321517264626e-05,-0.823714696675999,68.0576757202175,0.412978973248381,-3.19170894575025e-05,1.32656891384156e-05,"s__Anaerovorax_odorimutans"
"fixed",NA,"ResponseResponder:Days",-3.29820128326296e-05,4.99204138255581e-05,-0.660691895461484,83.4026406157932,0.510630743194687,-0.000132264619745587,6.63005940803277e-05,"s__Faecalicatena_contorta"
"fixed",NA,"ResponseResponder:Days",1.39501931097721e-13,6.50791481799065e-09,2.14357340252946e-05,1.38565382964296,0.999985562982709,-4.40173687665275e-08,4.40176477703897e-08,"c__CFGB28369"
"fixed",NA,"ResponseResponder:Days",1.39501931097721e-13,6.50791481799065e-09,2.14357340252946e-05,1.38565382964296,0.999985562982709,-4.40173687665275e-08,4.40176477703897e-08,"o__OFGB28369"
"fixed",NA,"ResponseResponder:Days",-1.72723252926454e-05,3.46428758534854e-05,-0.498582316482472,75.9314117587432,0.619514917371506,-8.62706001704384e-05,5.17259495851475e-05,"o__Pseudomonadales"
"fixed",NA,"ResponseResponder:Days",1.39501931097721e-13,6.50791481799065e-09,2.14357340252946e-05,1.38565382964296,0.999985562982709,-4.40173687665275e-08,4.40176477703897e-08,"f__FGB28369"
"fixed",NA,"ResponseResponder:Days",-1.72723252926454e-05,3.46428758534854e-05,-0.498582316482472,75.9314117587432,0.619514917371506,-8.62706001704384e-05,5.17259495851475e-05,"f__Pseudomonadaceae"
"fixed",NA,"ResponseResponder:Days",1.39501931097721e-13,6.50791481799065e-09,2.14357340252946e-05,1.38565382964296,0.999985562982709,-4.40173687665275e-08,4.40176477703897e-08,"g__GGB28369"
"fixed",NA,"ResponseResponder:Days",-1.72723252926454e-05,3.46428758534854e-05,-0.498582316482472,75.9314117587432,0.619514917371506,-8.62706001704384e-05,5.17259495851475e-05,"g__Pseudomonas"
"fixed",NA,"ResponseResponder:Days",-6.01665001363809e-06,3.67076738178989e-05,-0.163907144960636,76.997899038066,0.870233727928622,-7.91109986768006e-05,6.70776986495244e-05,"g__Hydrogeniiclostridium"
"fixed",NA,"ResponseResponder:Days",1.59985068570342e-12,6.86555872166135e-08,2.33025562894943e-05,416.021911082863,0.999981418419683,-1.34953493528934e-07,1.34956693230305e-07,"s__Bacteroides_stercorirosoris"
"fixed",NA,"ResponseResponder:Days",0.000715177994895514,0.000688333048625093,1.03899993807364,44.9848980577348,0.304357284721762,-0.00067120877705666,0.00210156476684769,"s__Streptococcus_lutetiensis"
"fixed",NA,"ResponseResponder:Days",5.54759528903045e-13,2.23711081565444e-08,2.47980352614208e-05,6.19179447869535,0.999980993757646,-5.43311705103021e-08,5.43322800293599e-08,"s__GGB6007_SGB8633"
"fixed",NA,"ResponseResponder:Days",1.39501931097721e-13,6.50791481799065e-09,2.14357340252946e-05,1.38565382964296,0.999985562982709,-4.40173687665275e-08,4.40176477703897e-08,"s__GGB28369_SGB40949"
"fixed",NA,"ResponseResponder:Days",-0.000606372437179412,0.000321099509291523,-1.88842530004894,56.7332449439228,0.0640855315632934,-0.00124942864197897,3.66837676201441e-05,"s__Dysosmobacter_SGB15077"
"fixed",NA,"ResponseResponder:Days",-0.000359088330854908,0.000412513885871043,-0.8704878627217,46.1847218104113,0.388536014837001,-0.00118934610431651,0.000471169442606697,"s__Collinsella_tanakaei"
"fixed",NA,"ResponseResponder:Days",2.42481043746076e-05,2.45363740870372e-05,0.988251332026196,83.9028775240785,0.325870992482601,-2.45459915528167e-05,7.30422003020319e-05,"s__GGB33512_SGB15203"
"fixed",NA,"ResponseResponder:Days",3.04835899342867e-21,7.91214549541734e-14,3.85275902117101e-08,1.38145618654328e-09,0.999999999998568,-Inf,Inf,"s__Clostridium_sp_MCC353"
"fixed",NA,"ResponseResponder:Days",-6.01665001363809e-06,3.67076738178989e-05,-0.163907144960636,76.997899038066,0.870233727928622,-7.91109986768006e-05,6.70776986495244e-05,"s__Hydrogeniiclostridium_mannosilyticum"
"fixed",NA,"ResponseResponder:Days",5.2586959939525e-05,6.66579749468621e-05,0.788907253504864,76.2488893256241,0.432612371729914,-8.01668951908717e-05,0.000185340815069922,"g__GGB3818"
"fixed",NA,"ResponseResponder:Days",-2.04544963515467e-05,2.55344711034416e-05,-0.801054240312415,62.9065448247114,0.42611554812022,-7.14825487905272e-05,3.05735560874337e-05,"g__GGB9423"
"fixed",NA,"ResponseResponder:Days",5.2586959939525e-05,6.66579749468621e-05,0.788907253504864,76.2488893256241,0.432612371729914,-8.01668951908717e-05,0.000185340815069922,"s__GGB3818_SGB5183"
"fixed",NA,"ResponseResponder:Days",-2.04544963515467e-05,2.55344711034416e-05,-0.801054240312415,62.9065448247114,0.42611554812022,-7.14825487905272e-05,3.05735560874337e-05,"s__GGB9423_SGB14792"
"fixed",NA,"ResponseResponder:Days",-5.72565678605299e-13,3.59638907530038e-08,-1.59205710677307e-05,6.88060895391655,0.999987748951067,-8.53417113222733e-08,8.53405661909161e-08,"c__CFGB10055"
"fixed",NA,"ResponseResponder:Days",-5.72565678605299e-13,3.59638907530038e-08,-1.59205710677307e-05,6.88060895391655,0.999987748951067,-8.53417113222733e-08,8.53405661909161e-08,"o__OFGB10055"
"fixed",NA,"ResponseResponder:Days",-5.72565678605299e-13,3.59638907530038e-08,-1.59205710677307e-05,6.88060895391655,0.999987748951067,-8.53417113222733e-08,8.53405661909161e-08,"f__FGB10055"
"fixed",NA,"ResponseResponder:Days",-5.72565678605299e-13,3.59638907530038e-08,-1.59205710677307e-05,6.88060895391655,0.999987748951067,-8.53417113222733e-08,8.53405661909161e-08,"g__GGB6606"
"fixed",NA,"ResponseResponder:Days",1.59344055136336e-05,2.81092290018748e-05,0.566874513440791,42.3390905053937,0.573792665030655,-4.07788584667068e-05,7.26476694939739e-05,"g__GGB3034"
"fixed",NA,"ResponseResponder:Days",2.24143806508529e-06,4.41942776623385e-06,0.507178346077008,44.1122427066746,0.614555934753125,-6.6646932919505e-06,1.11475694221211e-05,"g__Oxalobacter"
"fixed",NA,"ResponseResponder:Days",-5.72565678605299e-13,3.59638907530038e-08,-1.59205710677307e-05,6.88060895391655,0.999987748951067,-8.53417113222733e-08,8.53405661909161e-08,"s__GGB6606_SGB9340"
"fixed",NA,"ResponseResponder:Days",-3.85296174773808e-20,1.24846628546343e-11,-3.08615602407546e-09,2.12974624315824e-05,0.999999999985758,-Inf,Inf,"s__Desulfovibrio_legallii"
"fixed",NA,"ResponseResponder:Days",1.59344055136336e-05,2.81092290018748e-05,0.566874513440791,42.3390905053937,0.573792665030655,-4.07788584667068e-05,7.26476694939739e-05,"s__GGB3034_SGB4030"
"fixed",NA,"ResponseResponder:Days",3.27481190111103e-06,3.96108835202558e-06,0.826745482573341,44.0898194628265,0.412833353276195,-4.7077778100612e-06,1.12574016122833e-05,"s__Oxalobacter_formigenes"
"fixed",NA,"ResponseResponder:Days",2.42139995524234e-05,2.70978159746707e-05,0.893577533150904,81.7371758369159,0.374171481708245,-2.96947838736053e-05,7.81227829784521e-05,"g__GGB9787"
"fixed",NA,"ResponseResponder:Days",0.000618545688358423,0.000711503958050912,0.869349609878295,82.1743996930875,0.387188130351383,-0.000796817365860871,0.00203390874257772,"s__Klebsiella_variicola"
"fixed",NA,"ResponseResponder:Days",2.42139995524234e-05,2.70978159746707e-05,0.893577533150904,81.7371758369159,0.374171481708245,-2.96947838736053e-05,7.81227829784521e-05,"s__GGB9787_SGB15410"
"fixed",NA,"ResponseResponder:Days",-1.10103651423339e-06,3.26514952512193e-07,-3.37208604311091,83.9999999990833,0.00112977477978987,-1.75034730521135e-06,-4.51725723255422e-07,"s__Collinsella_bouchesdurhonensis"
"fixed",NA,"ResponseResponder:Days",2.67703627668404e-05,2.78027749105206e-05,0.962866579073389,83.6223286719545,0.338390625266039,-2.85221527361183e-05,8.20628782697992e-05,"c__CFGB79244"
"fixed",NA,"ResponseResponder:Days",-0.000134419670005959,7.10904074385863e-05,-1.89082711506586,77.4967607529458,0.0623849976476748,-0.000275964276730886,7.12493671896832e-06,"c__CFGB36753"
"fixed",NA,"ResponseResponder:Days",1.13096129995578e-05,1.42047262414694e-05,0.796186621783696,81.6522592742517,0.428232348611557,-1.69499143923075e-05,3.9569140391423e-05,"c__CFGB13532"
"fixed",NA,"ResponseResponder:Days",1.14114495908406e-05,1.16655051316415e-05,0.97822164253207,83.9999999974156,0.330773643306021,-1.17866866841068e-05,3.4609585865788e-05,"c__CFGB1677"
"fixed",NA,"ResponseResponder:Days",2.67703627668404e-05,2.78027749105206e-05,0.962866579073389,83.6223286719545,0.338390625266039,-2.85221527361183e-05,8.20628782697992e-05,"o__OFGB79244"
"fixed",NA,"ResponseResponder:Days",-0.000134419670005959,7.10904074385863e-05,-1.89082711506586,77.4967607529458,0.0623849976476748,-0.000275964276730886,7.12493671896832e-06,"o__OFGB36753"
"fixed",NA,"ResponseResponder:Days",1.13096129995578e-05,1.42047262414694e-05,0.796186621783696,81.6522592742517,0.428232348611557,-1.69499143923075e-05,3.9569140391423e-05,"o__OFGB13532"
"fixed",NA,"ResponseResponder:Days",1.14114495908406e-05,1.16655051316415e-05,0.97822164253207,83.9999999974156,0.330773643306021,-1.17866866841068e-05,3.4609585865788e-05,"o__OFGB1677"
"fixed",NA,"ResponseResponder:Days",2.67703627668404e-05,2.78027749105206e-05,0.962866579073389,83.6223286719545,0.338390625266039,-2.85221527361183e-05,8.20628782697992e-05,"f__FGB79244"
"fixed",NA,"ResponseResponder:Days",-0.000134419670005959,7.10904074385863e-05,-1.89082711506586,77.4967607529458,0.0623849976476748,-0.000275964276730886,7.12493671896832e-06,"f__FGB36753"
"fixed",NA,"ResponseResponder:Days",1.13096129995578e-05,1.42047262414694e-05,0.796186621783696,81.6522592742517,0.428232348611557,-1.69499143923075e-05,3.9569140391423e-05,"f__FGB13532"
"fixed",NA,"ResponseResponder:Days",1.14114495908406e-05,1.16655051316415e-05,0.97822164253207,83.9999999974156,0.330773643306021,-1.17866866841068e-05,3.4609585865788e-05,"f__FGB1677"
"fixed",NA,"ResponseResponder:Days",2.67703627668404e-05,2.78027749105206e-05,0.962866579073389,83.6223286719545,0.338390625266039,-2.85221527361183e-05,8.20628782697992e-05,"g__GGB3325"
"fixed",NA,"ResponseResponder:Days",1.91775750068293e-05,1.96045294573419e-05,0.97822164253207,83.9999999998818,0.330773643305939,-1.98081817885516e-05,5.81633318022103e-05,"g__GGB9060"
"fixed",NA,"ResponseResponder:Days",-0.000134419670005959,7.10904074385863e-05,-1.89082711506586,77.4967607529458,0.0623849976476748,-0.000275964276730886,7.12493671896832e-06,"g__GGB2658"
"fixed",NA,"ResponseResponder:Days",1.13096129995578e-05,1.42047262414694e-05,0.796186621783696,81.6522592742517,0.428232348611557,-1.69499143923075e-05,3.9569140391423e-05,"g__GGB13532"
"fixed",NA,"ResponseResponder:Days",1.14114495908406e-05,1.16655051316415e-05,0.97822164253207,83.9999999974156,0.330773643306021,-1.17866866841068e-05,3.4609585865788e-05,"g__GGB4716"
"fixed",NA,"ResponseResponder:Days",6.44535578741923e-07,6.58885012064935e-07,0.97822164253207,84.0000000017205,0.330773643305878,-6.6572952567542e-07,1.95480068315927e-06,"g__GGB9696"
"fixed",NA,"ResponseResponder:Days",0.000320420597991681,0.000206367530553654,1.55266963330927,84.0000000003402,0.124261819189007,-8.99638682171955e-05,0.000730805064200557,"s__Clostridium_SGB6179"
"fixed",NA,"ResponseResponder:Days",2.67703627668404e-05,2.78027749105206e-05,0.962866579073389,83.6223286719545,0.338390625266039,-2.85221527361183e-05,8.20628782697992e-05,"s__GGB3325_SGB4402"
"fixed",NA,"ResponseResponder:Days",1.91775750068293e-05,1.96045294573419e-05,0.97822164253207,83.9999999998818,0.330773643305939,-1.98081817885516e-05,5.81633318022103e-05,"s__GGB9060_SGB13977"
"fixed",NA,"ResponseResponder:Days",-0.000134419670005959,7.10904074385863e-05,-1.89082711506586,77.4967607529458,0.0623849976476748,-0.000275964276730886,7.12493671896832e-06,"s__GGB2658_SGB3579"
"fixed",NA,"ResponseResponder:Days",1.13096129995578e-05,1.42047262414694e-05,0.796186621783696,81.6522592742517,0.428232348611557,-1.69499143923075e-05,3.9569140391423e-05,"s__GGB13532_SGB14832"
"fixed",NA,"ResponseResponder:Days",1.14114495908406e-05,1.16655051316415e-05,0.97822164253207,83.9999999974156,0.330773643306021,-1.17866866841068e-05,3.4609585865788e-05,"s__GGB4716_SGB6531"
"fixed",NA,"ResponseResponder:Days",-0.00011361405616654,4.92563379998372e-05,-2.30658755360408,79.0558427525263,0.0236968759283161,-0.000211655267689892,-1.55728446431892e-05,"s__Collinsella_SGB63083"
"fixed",NA,"ResponseResponder:Days",1.77269061113034e-05,1.15159524030306e-05,1.53933478455835,80.3756475780503,0.127650407113284,-5.18892536437727e-06,4.0642737586984e-05,"s__GGB3033_SGB4028"
"fixed",NA,"ResponseResponder:Days",6.44535578741923e-07,6.58885012064935e-07,0.97822164253207,84.0000000017205,0.330773643305878,-6.6572952567542e-07,1.95480068315927e-06,"s__GGB9696_SGB15212"
"fixed",NA,"ResponseResponder:Days",-4.47028568432703e-05,5.36379517609534e-05,-0.833418416916741,44.1127816847299,0.40909885292623,-0.000152795240054425,6.33895263678845e-05,"g__GGB4605"
"fixed",NA,"ResponseResponder:Days",-5.19918683471383e-05,5.35997053097024e-05,-0.970002876820426,44.2388157268609,0.337318799204205,-0.000159998508303024,5.60147716087474e-05,"s__GGB4605_SGB6376"
"fixed",NA,"ResponseResponder:Days",3.61123760829163e-05,3.24135037180739e-05,1.1141151662287,44.0195494444294,0.271276120219257,-2.92119288850314e-05,0.000101436681050864,"s__Eubacterium_sp_AF34_35BH"
"fixed",NA,"ResponseResponder:Days",-4.01063558182999e-05,7.86196901384802e-05,-0.510131186572433,44.0064329168051,0.612508830049602,-0.000198553275840717,0.000118340564204117,"g__Faecalitalea"
"fixed",NA,"ResponseResponder:Days",6.52041115534301e-07,9.1377604920672e-07,0.713567745729778,59.5172060061284,0.478283386865073,-1.17608813523715e-06,2.48017036630576e-06,"g__Luoshenia"
"fixed",NA,"ResponseResponder:Days",-4.01063558182999e-05,7.86196901384802e-05,-0.510131186572433,44.0064329168051,0.612508830049602,-0.000198553275840717,0.000118340564204117,"s__Faecalitalea_cylindroides"
"fixed",NA,"ResponseResponder:Days",3.18664873462924e-06,2.7537230936426e-06,1.15721466039418,80.4632760314354,0.250608491940086,-2.29295053321903e-06,8.66624800247752e-06,"s__Eubacterium_hominis"
"fixed",NA,"ResponseResponder:Days",-1.38565322640486e-05,1.38818702167727e-05,-0.998174745021497,44.0035375539666,0.32365221284552,-4.18335398459814e-05,1.41204753178841e-05,"s__GGB9580_SGB14998"
"fixed",NA,"ResponseResponder:Days",6.52041115534301e-07,9.1377604920672e-07,0.713567745729778,59.5172060061284,0.478283386865073,-1.17608813523715e-06,2.48017036630576e-06,"s__Luoshenia_tenuis"
"fixed",NA,"ResponseResponder:Days",3.80667532395768e-06,7.2290113834482e-06,0.52658311379528,84.0000000000611,0.599870887037817,-1.05690065958447e-05,1.81823572437601e-05,"g__GGB3152"
"fixed",NA,"ResponseResponder:Days",3.80667532395768e-06,7.2290113834482e-06,0.52658311379528,84.0000000000611,0.599870887037817,-1.05690065958447e-05,1.81823572437601e-05,"s__GGB3152_SGB4165"
"fixed",NA,"ResponseResponder:Days",1.41020017682977e-06,2.67802012614104e-06,0.52658311379528,83.9999999968687,0.59987088703787,-3.9153365343727e-06,6.73573688803225e-06,"s__Eubacteriales_unclassified_SGB15148"
"fixed",NA,"ResponseResponder:Days",0.000110251432052085,0.000172738677796312,0.638255620910159,82.4519666198397,0.525076100375956,-0.000233352625872206,0.000453855489976376,"s__Turicibacter_bilis"
"fixed",NA,"ResponseResponder:Days",-0.000133545533018571,0.000260701413432304,-0.512254733337873,81.0363779898243,0.609866080218978,-0.000652256039925032,0.000385164973887889,"g__GGB9613"
"fixed",NA,"ResponseResponder:Days",-0.000133545533018571,0.000260701413432304,-0.512254733337873,81.0363779898243,0.609866080218978,-0.000652256039925032,0.000385164973887889,"s__GGB9613_SGB15048"
"fixed",NA,"ResponseResponder:Days",-9.49258116018106e-05,0.000154777619166237,-0.613304508191569,44.2327837180908,0.542816036333877,-0.000406813246840299,0.000216961623636678,"g__GGB3277"
"fixed",NA,"ResponseResponder:Days",-9.49258116018106e-05,0.000154777619166237,-0.613304508191569,44.2327837180908,0.542816036333877,-0.000406813246840299,0.000216961623636678,"s__GGB3277_SGB4327"
"fixed",NA,"ResponseResponder:Days",4.47302889293212e-14,2.47399895448493e-09,1.80801567632973e-05,0.298640300638383,0.999991720836558,-1.69962707985924e-05,1.6996270888053e-05,"s__Veillonella_rogosae"
"fixed",NA,"ResponseResponder:Days",1.10946020362673e-05,1.34463088080805e-05,0.825103914733838,73.301998255714,0.411989724486872,-1.57019928589654e-05,3.78911969315001e-05,"s__Lachnospiraceae_bacterium_OF09_6"
"fixed",NA,"ResponseResponder:Days",-0.000234993377861606,0.000151682973304571,-1.54924031842224,82.6151820531838,0.125146424788484,-0.000536705494835759,6.67187391125474e-05,"c__CFGB79093"
"fixed",NA,"ResponseResponder:Days",-9.18457292770014e-06,8.00625525738598e-06,-1.14717463188888,83.6570272878392,0.254579752801293,-2.51068432557739e-05,6.73769740037366e-06,"c__CFGB77220"
"fixed",NA,"ResponseResponder:Days",-1.80993115676226e-06,2.06187872235932e-06,-0.877806796847502,83.9999999993928,0.382552417501664,-5.91020311617796e-06,2.29034080265345e-06,"c__CFGB1262"
"fixed",NA,"ResponseResponder:Days",-0.000234993377861606,0.000151682973304571,-1.54924031842224,82.6151820531838,0.125146424788484,-0.000536705494835759,6.67187391125474e-05,"o__OFGB79093"
"fixed",NA,"ResponseResponder:Days",-9.18457292770014e-06,8.00625525738598e-06,-1.14717463188888,83.6570272878392,0.254579752801293,-2.51068432557739e-05,6.73769740037366e-06,"o__OFGB77220"
"fixed",NA,"ResponseResponder:Days",-1.80993115676226e-06,2.06187872235932e-06,-0.877806796847502,83.9999999993928,0.382552417501664,-5.91020311617796e-06,2.29034080265345e-06,"o__OFGB1262"
"fixed",NA,"ResponseResponder:Days",-0.000234993377861606,0.000151682973304571,-1.54924031842224,82.6151820531838,0.125146424788484,-0.000536705494835759,6.67187391125474e-05,"f__FGB79093"
"fixed",NA,"ResponseResponder:Days",-9.18457292770014e-06,8.00625525738598e-06,-1.14717463188888,83.6570272878392,0.254579752801293,-2.51068432557739e-05,6.73769740037366e-06,"f__FGB77220"
"fixed",NA,"ResponseResponder:Days",-1.80993115676226e-06,2.06187872235932e-06,-0.877806796847502,83.9999999993928,0.382552417501664,-5.91020311617796e-06,2.29034080265345e-06,"f__FGB1262"
"fixed",NA,"ResponseResponder:Days",-0.000234993377861606,0.000151682973304571,-1.54924031842224,82.6151820531838,0.125146424788484,-0.000536705494835759,6.67187391125474e-05,"g__GGB4751"
"fixed",NA,"ResponseResponder:Days",-0.000216482733422995,9.92698556743223e-05,-2.18074995629304,80.6673181922923,0.0321149669391084,-0.000414010956799139,-1.89545100468501e-05,"g__GGB4769"
"fixed",NA,"ResponseResponder:Days",0.000238615129836391,0.000273685165535937,0.871859932083379,53.8546771395928,0.387155194276425,-0.000310124502103598,0.000787354761776379,"g__GGB4456"
"fixed",NA,"ResponseResponder:Days",-9.18457292770014e-06,8.00625525738598e-06,-1.14717463188888,83.6570272878392,0.254579752801293,-2.51068432557739e-05,6.73769740037366e-06,"g__GGB4773"
"fixed",NA,"ResponseResponder:Days",-1.80993115676226e-06,2.06187872235932e-06,-0.877806796847502,83.9999999993928,0.382552417501664,-5.91020311617796e-06,2.29034080265345e-06,"g__GGB3061"
"fixed",NA,"ResponseResponder:Days",-0.000234993377861606,0.000151682973304571,-1.54924031842224,82.6151820531838,0.125146424788484,-0.000536705494835759,6.67187391125474e-05,"s__GGB4751_SGB6580"
"fixed",NA,"ResponseResponder:Days",-0.000216482733422995,9.92698556743223e-05,-2.18074995629304,80.6673181922923,0.0321149669391084,-0.000414010956799139,-1.89545100468501e-05,"s__GGB4769_SGB6602"
"fixed",NA,"ResponseResponder:Days",0.000238615129836391,0.000273685165535937,0.871859932083379,53.8546771395928,0.387155194276425,-0.000310124502103598,0.000787354761776379,"s__GGB4456_SGB6141"
"fixed",NA,"ResponseResponder:Days",-9.18457292770014e-06,8.00625525738598e-06,-1.14717463188888,83.6570272878392,0.254579752801293,-2.51068432557739e-05,6.73769740037366e-06,"s__GGB4773_SGB6607"
"fixed",NA,"ResponseResponder:Days",-1.80993115676226e-06,2.06187872235932e-06,-0.877806796847502,83.9999999993928,0.382552417501664,-5.91020311617796e-06,2.29034080265345e-06,"s__GGB3061_SGB4063"
"fixed",NA,"ResponseResponder:Days",-6.54851154631843e-05,3.84362631879031e-05,-1.70373262205662,83.9999999996606,0.0921280396356813,-0.000141919840001075,1.09496090747069e-05,"g__GGB9445"
"fixed",NA,"ResponseResponder:Days",2.70129089301214e-05,4.85913232565029e-05,0.555920421996457,65.5830955467187,0.580156962977422,-7.00143106920878e-05,0.000124040128552331,"s__Clostridiaceae_unclassified_SGB4771"
"fixed",NA,"ResponseResponder:Days",-6.54851154631843e-05,3.84362631879031e-05,-1.70373262205662,83.9999999996606,0.0921280396356813,-0.000141919840001075,1.09496090747069e-05,"s__GGB9445_SGB14835"
"fixed",NA,"ResponseResponder:Days",6.7491924472679e-06,5.58326343769033e-06,1.20882572040339,44.1206315664849,0.233168364997387,-4.5022667618224e-06,1.80006516563582e-05,"s__Oscillospiraceae_bacterium_Marseille_Q3528"
"fixed",NA,"ResponseResponder:Days",0.000217819592201647,0.000171918400661748,1.26699405859533,74.3596649202179,0.209111340746326,-0.00012470777050679,0.000560346954910085,"c__CFGB11739"
"fixed",NA,"ResponseResponder:Days",0.000217819592201647,0.000171918400661748,1.26699405859533,74.3596649202179,0.209111340746326,-0.00012470777050679,0.000560346954910085,"o__OFGB11739"
"fixed",NA,"ResponseResponder:Days",0.000217819592201647,0.000171918400661748,1.26699405859533,74.3596649202179,0.209111340746326,-0.00012470777050679,0.000560346954910085,"f__FGB11739"
"fixed",NA,"ResponseResponder:Days",0.000217819592201647,0.000171918400661748,1.26699405859533,74.3596649202179,0.209111340746326,-0.00012470777050679,0.000560346954910085,"g__GGB34231"
"fixed",NA,"ResponseResponder:Days",-2.73206629948987e-05,3.24294576579453e-05,-0.84246438170714,80.0450390598651,0.402038293719238,-9.18567829958435e-05,3.7215457006046e-05,"s__Pseudomonas_fragi"
"fixed",NA,"ResponseResponder:Days",0.000217819592201647,0.000171918400661748,1.26699405859533,74.3596649202179,0.209111340746326,-0.00012470777050679,0.000560346954910085,"s__GGB34231_SGB47113"
"fixed",NA,"ResponseResponder:Days",5.77108757152453e-07,1.68026811961301e-06,0.343462302483825,65.1838020368841,0.732356052416859,-2.7784390277792e-06,3.93265654208411e-06,"g__Diplocloster"
"fixed",NA,"ResponseResponder:Days",-3.05913035868166e-07,4.25009017547248e-07,-0.719780106393056,82.2844128372656,0.473699918976849,-1.15134761054867e-06,5.39521538812337e-07,"s__Diplocloster_agilis"
"fixed",NA,"ResponseResponder:Days",7.4509588613153e-06,6.18440033664936e-06,1.20479892240484,80.3886622680509,0.231815884024691,-4.85547662706819e-06,1.97573943496988e-05,"g__GGB32387"
"fixed",NA,"ResponseResponder:Days",5.30591268730722e-05,4.74055899912254e-05,1.11925886552394,53.1118211435544,0.268066132155712,-4.20197724761574e-05,0.000148138026222302,"g__GGB9361"
"fixed",NA,"ResponseResponder:Days",-0.000389144655702911,0.000313191868729075,-1.24251200161119,83.6175702923524,0.217520966487465,-0.00101200265375306,0.000233713342347241,"s__GGB9545_SGB14951"
"fixed",NA,"ResponseResponder:Days",7.4509588613153e-06,6.18440033664936e-06,1.20479892240484,80.3886622680509,0.231815884024691,-4.85547662706819e-06,1.97573943496988e-05,"s__GGB32387_SGB47381"
"fixed",NA,"ResponseResponder:Days",5.30591268730722e-05,4.74055899912254e-05,1.11925886552394,53.1118211435544,0.268066132155712,-4.20197724761574e-05,0.000148138026222302,"s__GGB9361_SGB14336"
"fixed",NA,"ResponseResponder:Days",-0.000277007707326946,0.000386267007002626,-0.717140481338243,81.4100432918872,0.475340007029891,-0.00104549921094481,0.000491483796290919,"g__Caproicibacterium"
"fixed",NA,"ResponseResponder:Days",-3.45675993027839e-05,0.000104281540547594,-0.331483396977697,82.2815190514813,0.741122184136435,-0.00024200617707277,0.000172870978467202,"g__Leuconostoc"
"fixed",NA,"ResponseResponder:Days",-2.7849007500377e-05,3.88334060413849e-05,-0.717140481334505,81.410043351342,0.475340007030689,-0.000105109405251136,4.94113902503823e-05,"g__Candidatus_Galacturonibacter"
"fixed",NA,"ResponseResponder:Days",-2.21809016174758e-05,3.09296465543205e-05,-0.717140481334644,81.4100433274868,0.475340007031204,-8.37164978652301e-05,3.93546946302785e-05,"g__Terrisporobacter"
"fixed",NA,"ResponseResponder:Days",-2.12212635946239e-06,2.95915014519085e-06,-0.717140481334217,81.4100433170646,0.475340007031728,-8.00945741096654e-06,3.76520469204177e-06,"g__Luxibacter"
"fixed",NA,"ResponseResponder:Days",-0.00044580647515782,0.000621644554673494,-0.717140481334982,81.4100433383169,0.475340007030724,-0.00168258971025699,0.000790976759941351,"s__Oscillibacter_ruminantium"
"fixed",NA,"ResponseResponder:Days",-0.000277007707326946,0.000386267007002626,-0.717140481338243,81.4100432918872,0.475340007029891,-0.00104549921094481,0.000491483796290919,"s__Caproicibacterium_amylolyticum"
"fixed",NA,"ResponseResponder:Days",-0.000197326543689774,0.000275157446588385,-0.717140481336706,81.4100433377501,0.47534000702968,-0.000744761753078822,0.000350108665699275,"s__GGB9480_SGB14876"
"fixed",NA,"ResponseResponder:Days",-5.45295408103089e-05,8.23907434661317e-05,-0.661840620879023,54.1450750460939,0.510880406872922,-0.000219702900242004,0.000110643818621386,"s__Lachnoclostridium_phytofermentans"
"fixed",NA,"ResponseResponder:Days",-8.10855119628833e-05,0.000113067821540269,-0.717140481334955,81.410043336883,0.475340007030777,-0.000306037834087984,0.000143866810162218,"s__Clostridium_sporosphaeroides"
"fixed",NA,"ResponseResponder:Days",-6.34102278918903e-05,8.84209294299804e-05,-0.717140481339366,81.4100433260352,0.475340007028343,-0.000239326709953851,0.000112506254170071,"s__Lachnospiraceae_bacterium_MD329"
"fixed",NA,"ResponseResponder:Days",-5.19218783906212e-05,7.24012655007712e-05,-0.717140481336865,81.4100433231315,0.475340007029951,-0.000195966687756966,9.21229309757235e-05,"s__Leuconostoc_lactis"
"fixed",NA,"ResponseResponder:Days",-2.7849007500377e-05,3.88334060413849e-05,-0.717140481334505,81.410043351342,0.475340007030689,-0.000105109405251136,4.94113902503823e-05,"s__Candidatus_Galacturonibacter_soehngenii"
"fixed",NA,"ResponseResponder:Days",-2.33895905795587e-05,3.84222787162424e-05,-0.608750739441988,81.7092009469602,0.544378395881425,-9.98278155632701e-05,5.30486344041527e-05,"s__Lacticaseibacillus_paracasei"
"fixed",NA,"ResponseResponder:Days",-2.21809016174758e-05,3.09296465543205e-05,-0.717140481334644,81.4100433274868,0.475340007031204,-8.37164978652301e-05,3.93546946302785e-05,"s__Terrisporobacter_mayombei"
"fixed",NA,"ResponseResponder:Days",-2.20696281643643e-06,7.32790482174661e-05,-0.0301172418327126,79.6047551627276,0.976048930550859,-0.000148048032468115,0.000143634106835242,"s__Streptococcus_anginosus"
"fixed",NA,"ResponseResponder:Days",-6.66675358150365e-06,9.29630073181808e-06,-0.717140481340671,81.4100433359704,0.475340007027292,-2.51620638148517e-05,1.18285566518444e-05,"s__Clostridium_cuniculi"
"fixed",NA,"ResponseResponder:Days",-2.12212635946239e-06,2.95915014519085e-06,-0.717140481334217,81.4100433170646,0.475340007031728,-8.00945741096654e-06,3.76520469204177e-06,"s__Luxibacter_massiliensis"
"fixed",NA,"ResponseResponder:Days",-2.46729387832942e-05,1.44816965196751e-05,-1.70373262205662,83.9999999993303,0.0921280396356956,-5.34713804765318e-05,4.12550290994349e-06,"c__CFGB9583"
"fixed",NA,"ResponseResponder:Days",-2.46729387832942e-05,1.44816965196751e-05,-1.70373262205662,83.9999999993303,0.0921280396356956,-5.34713804765318e-05,4.12550290994349e-06,"o__OFGB9583"
"fixed",NA,"ResponseResponder:Days",-2.46729387832942e-05,1.44816965196751e-05,-1.70373262205662,83.9999999993303,0.0921280396356956,-5.34713804765318e-05,4.12550290994349e-06,"f__FGB9583"
"fixed",NA,"ResponseResponder:Days",2.17646619186526e-05,0.000140999097345471,0.154360292572126,44.1026368436171,0.878029893083343,-0.000262381669613582,0.000305910993450887,"g__GGB6572"
"fixed",NA,"ResponseResponder:Days",-2.46729387832942e-05,1.44816965196751e-05,-1.70373262205662,83.9999999993303,0.0921280396356956,-5.34713804765318e-05,4.12550290994349e-06,"g__GGB3490"
"fixed",NA,"ResponseResponder:Days",2.17646619186526e-05,0.000140999097345471,0.154360292572126,44.1026368436171,0.878029893083343,-0.000262381669613582,0.000305910993450887,"s__GGB6572_SGB9284"
"fixed",NA,"ResponseResponder:Days",-2.46729387832942e-05,1.44816965196751e-05,-1.70373262205662,83.9999999993303,0.0921280396356956,-5.34713804765318e-05,4.12550290994349e-06,"s__GGB3490_SGB4664"
"fixed",NA,"ResponseResponder:Days",8.28534330410375e-20,1.63131849184302e-12,5.07892440717887e-08,4.5354474471806e-07,0.999999999965796,-Inf,Inf,"s__GGB3321_SGB4395"
"fixed",NA,"ResponseResponder:Days",-1.51950091924818e-05,1.60789918107116e-05,-0.945022509580429,44.0020947150515,0.34980797540149,-4.76000443466866e-05,1.7210025961723e-05,"c__CFGB75783"
"fixed",NA,"ResponseResponder:Days",-2.46996376581273e-06,3.81929110253835e-06,-0.64670738613539,83.9999999983048,0.519584552978916,-1.0065042973317e-05,5.12511544169159e-06,"c__CFGB77508"
"fixed",NA,"ResponseResponder:Days",-1.51950091924818e-05,1.60789918107116e-05,-0.945022509580429,44.0020947150515,0.34980797540149,-4.76000443466866e-05,1.7210025961723e-05,"o__OFGB75783"
"fixed",NA,"ResponseResponder:Days",-2.46996376581273e-06,3.81929110253835e-06,-0.64670738613539,83.9999999983048,0.519584552978916,-1.0065042973317e-05,5.12511544169159e-06,"o__OFGB77508"
"fixed",NA,"ResponseResponder:Days",-1.51950091924818e-05,1.60789918107116e-05,-0.945022509580429,44.0020947150515,0.34980797540149,-4.76000443466866e-05,1.7210025961723e-05,"f__FGB75783"
"fixed",NA,"ResponseResponder:Days",-2.46996376581273e-06,3.81929110253835e-06,-0.64670738613539,83.9999999983048,0.519584552978916,-1.0065042973317e-05,5.12511544169159e-06,"f__FGB77508"
"fixed",NA,"ResponseResponder:Days",-1.51950091924818e-05,1.60789918107116e-05,-0.945022509580429,44.0020947150515,0.34980797540149,-4.76000443466866e-05,1.7210025961723e-05,"g__GGB79420"
"fixed",NA,"ResponseResponder:Days",-2.46996376581273e-06,3.81929110253835e-06,-0.64670738613539,83.9999999983048,0.519584552978916,-1.0065042973317e-05,5.12511544169159e-06,"g__GGB3257"
"fixed",NA,"ResponseResponder:Days",-1.51950091924818e-05,1.60789918107116e-05,-0.945022509580429,44.0020947150515,0.34980797540149,-4.76000443466866e-05,1.7210025961723e-05,"s__GGB79420_SGB105987"
"fixed",NA,"ResponseResponder:Days",-2.46996376581273e-06,3.81929110253835e-06,-0.64670738613539,83.9999999983048,0.519584552978916,-1.0065042973317e-05,5.12511544169159e-06,"s__GGB3257_SGB4304"
"fixed",NA,"ResponseResponder:Days",-7.46495798511864e-05,0.000142448825131594,-0.524044896700448,44.0007172407333,0.602877249386038,-0.000361736190863789,0.000212437031161416,"s__GGB9715_SGB15266"
"fixed",NA,"ResponseResponder:Days",-2.04385830494006e-13,1.07732003360179e-08,-1.89716912448648e-05,2.8261228883136,0.999986121631677,-3.55101123421162e-08,3.55097035704552e-08,"s__Acidaminococcus_timonensis"
"fixed",NA,"ResponseResponder:Days",1.85234771701162e-05,1.30087992224662e-05,1.42391906073284,44.1529663316471,0.161499037227705,-7.69146978216291e-06,4.47384241223953e-05,"g__GGB3534"
"fixed",NA,"ResponseResponder:Days",1.02205536982289e-06,1.60199828754295e-06,0.637987804213239,83.9999999968739,0.525217044019039,-2.16369391126528e-06,4.20780465091106e-06,"g__GGB45656"
"fixed",NA,"ResponseResponder:Days",1.85234771701162e-05,1.30087992224662e-05,1.42391906073284,44.1529663316471,0.161499037227705,-7.69146978216291e-06,4.47384241223953e-05,"s__GGB3534_SGB4722"
"fixed",NA,"ResponseResponder:Days",1.02205536982289e-06,1.60199828754295e-06,0.637987804213239,83.9999999968739,0.525217044019039,-2.16369391126528e-06,4.20780465091106e-06,"s__GGB45656_SGB63370"
"fixed",NA,"ResponseResponder:Days",3.61797044037505e-19,6.2812662150462e-12,5.75993807062107e-08,5.84098533959968e-06,0.999999999860794,-Inf,Inf,"s__GGB4605_SGB6378"
"fixed",NA,"ResponseResponder:Days",1.26733760671953e-07,9.83541746697028e-07,0.128854480348756,83.9999999979068,0.897780818493021,-1.82914686468464e-06,2.08261438602855e-06,"s__Oscillibacter_sp_PC13"
"fixed",NA,"ResponseResponder:Days",-1.88615547205261e-06,7.05570104933652e-06,-0.267323609498729,83.9999999981385,0.789875257957672,-1.59171907860584e-05,1.21448798419532e-05,"c__CFGB3071"
"fixed",NA,"ResponseResponder:Days",-1.88615547205261e-06,7.05570104933652e-06,-0.267323609498729,83.9999999981385,0.789875257957672,-1.59171907860584e-05,1.21448798419532e-05,"o__OFGB3071"
"fixed",NA,"ResponseResponder:Days",-1.88615547205261e-06,7.05570104933652e-06,-0.267323609498729,83.9999999981385,0.789875257957672,-1.59171907860584e-05,1.21448798419532e-05,"f__FGB3071"
"fixed",NA,"ResponseResponder:Days",-0.000145867451121422,0.000313283846360114,-0.465607955265429,83.2488626443824,0.642711971887107,-0.000768948875034227,0.000477213972791384,"g__Bariatricus"
"fixed",NA,"ResponseResponder:Days",4.108300831307e-06,2.74390780649781e-05,0.149724448524771,84.0000000005474,0.881340930065172,-5.04573150616044e-05,5.86739167242185e-05,"g__Lactonifactor"
"fixed",NA,"ResponseResponder:Days",-3.04505867167072e-05,2.84704470431594e-05,-1.06955070535233,74.5685693986034,0.28827155535329,-8.71720046038386e-05,2.62708311704242e-05,"g__GGB9769"
"fixed",NA,"ResponseResponder:Days",-1.88615547205261e-06,7.05570104933652e-06,-0.267323609498729,83.9999999981385,0.789875257957672,-1.59171907860584e-05,1.21448798419532e-05,"g__GGB34197"
"fixed",NA,"ResponseResponder:Days",-5.40159699389385e-07,2.02062100089949e-06,-0.267323609498729,84.0000000010213,0.789875257957649,-4.55838615507152e-06,3.47806675629275e-06,"g__GGB3538"
"fixed",NA,"ResponseResponder:Days",0.0021788509186832,0.00405569289961978,0.537232717715749,72.9376991457239,0.59274209857801,-0.00590424969078572,0.0102619515281521,"s__GGB4567_SGB6307"
"fixed",NA,"ResponseResponder:Days",-0.000642918277822391,0.00131083861151398,-0.490463335589297,80.86245627167,0.625134339797572,-0.00325114318937671,0.00196530663373193,"s__Eubacterium_coprostanoligenes"
"fixed",NA,"ResponseResponder:Days",-0.000319824558133589,0.000671852120892076,-0.476034157202526,79.6298020735398,0.635353527460807,-0.00165694831761005,0.00101729920134287,"s__Desulfovibrio_sp_86"
"fixed",NA,"ResponseResponder:Days",-0.000145867451121422,0.000313283846360114,-0.465607955265429,83.2488626443824,0.642711971887107,-0.000768948875034227,0.000477213972791384,"s__Bariatricus_massiliensis"
"fixed",NA,"ResponseResponder:Days",4.108300831307e-06,2.74390780649781e-05,0.149724448524771,84.0000000005474,0.881340930065172,-5.04573150616044e-05,5.86739167242185e-05,"s__Lactonifactor_longoviformis"
"fixed",NA,"ResponseResponder:Days",2.12951305233045e-05,3.52104792216677e-05,0.60479524829074,82.5572080405025,0.546973782331611,-4.87426518512668e-05,9.13329128978757e-05,"s__Actinomyces_sp_ICM47"
"fixed",NA,"ResponseResponder:Days",0.000154473007971283,0.000196356973531337,0.786694789562085,81.0858324546465,0.433753796742112,-0.000236209507609829,0.000545155523552395,"s__Clostridium_sp_NSJ_42"
"fixed",NA,"ResponseResponder:Days",-3.04505867167072e-05,2.84704470431594e-05,-1.06955070535233,74.5685693986034,0.28827155535329,-8.71720046038386e-05,2.62708311704242e-05,"s__GGB9769_SGB15388"
"fixed",NA,"ResponseResponder:Days",-3.84423438233912e-06,1.43804521775972e-05,-0.267323609498729,84.0000000016205,0.789875257957645,-3.24413405981826e-05,2.47528718335044e-05,"s__Clostridium_thermobutyricum"
"fixed",NA,"ResponseResponder:Days",-3.24095819633631e-06,1.21237260053969e-05,-0.267323609498729,83.9999999978563,0.789875257957674,-2.73503169304424e-05,2.08684005377698e-05,"s__Ruminococcus_gauvreauii"
"fixed",NA,"ResponseResponder:Days",-1.88615547205261e-06,7.05570104933652e-06,-0.267323609498729,83.9999999981385,0.789875257957672,-1.59171907860584e-05,1.21448798419532e-05,"s__GGB34197_SGB53486"
"fixed",NA,"ResponseResponder:Days",-7.38316110850164e-07,2.76188142242511e-06,-0.267323609498729,83.9999999996214,0.78987525795766,-6.23062020652573e-06,4.7539879848254e-06,"s__Christensenella_hongkongensis"
"fixed",NA,"ResponseResponder:Days",-5.40159699389385e-07,2.02062100089949e-06,-0.267323609498729,84.0000000010213,0.789875257957649,-4.55838615507152e-06,3.47806675629275e-06,"s__GGB3538_SGB4728"
"fixed",NA,"ResponseResponder:Days",-1.248113747932e-05,3.35561142107455e-05,-0.371948235750231,44.3609745719288,0.711702287526309,-8.0093502481113e-05,5.51312275224729e-05,"c__CFGB2964"
"fixed",NA,"ResponseResponder:Days",-1.248113747932e-05,3.35561142107455e-05,-0.371948235750231,44.3609745719288,0.711702287526309,-8.0093502481113e-05,5.51312275224729e-05,"o__OFGB2964"
"fixed",NA,"ResponseResponder:Days",-1.248113747932e-05,3.35561142107455e-05,-0.371948235750231,44.3609745719288,0.711702287526309,-8.0093502481113e-05,5.51312275224729e-05,"f__FGB2964"
"fixed",NA,"ResponseResponder:Days",-0.000490642590117955,0.0010409897768433,-0.471323159009095,50.2101524025156,0.639451545343183,-0.00258131528331239,0.00160003010307648,"g__GGB4386"
"fixed",NA,"ResponseResponder:Days",4.63148892209387e-05,0.000193396056570263,0.239482076534027,45.0330794187563,0.811818458470853,-0.000343196866643805,0.000435826645085682,"g__GGB4249"
"fixed",NA,"ResponseResponder:Days",-1.248113747932e-05,3.35561142107455e-05,-0.371948235750231,44.3609745719288,0.711702287526309,-8.0093502481113e-05,5.51312275224729e-05,"g__GGB9309"
"fixed",NA,"ResponseResponder:Days",-0.000490642590117955,0.0010409897768433,-0.471323159009095,50.2101524025156,0.639451545343183,-0.00258131528331239,0.00160003010307648,"s__GGB4386_SGB6036"
"fixed",NA,"ResponseResponder:Days",-1.85441218754103e-05,0.000474951839635466,-0.0390442152822132,74.8399935582143,0.96895910359313,-0.000964729862082025,0.000927641618331205,"s__Blautia_faecicola"
"fixed",NA,"ResponseResponder:Days",4.63148892209387e-05,0.000193396056570263,0.239482076534027,45.0330794187563,0.811818458470853,-0.000343196866643805,0.000435826645085682,"s__GGB4249_SGB5749"
"fixed",NA,"ResponseResponder:Days",-1.248113747932e-05,3.35561142107455e-05,-0.371948235750231,44.3609745719288,0.711702287526309,-8.0093502481113e-05,5.51312275224729e-05,"s__GGB9309_SGB14270"
"fixed",NA,"ResponseResponder:Days",2.47059888739499e-05,2.2783344008267e-05,1.08438817695002,83.240909639201,0.281323504830163,-2.06072265649356e-05,7.00192043128354e-05,"c__CFGB2959"
"fixed",NA,"ResponseResponder:Days",2.47059888739499e-05,2.2783344008267e-05,1.08438817695002,83.240909639201,0.281323504830163,-2.06072265649356e-05,7.00192043128354e-05,"o__OFGB2959"
"fixed",NA,"ResponseResponder:Days",2.47059888739499e-05,2.2783344008267e-05,1.08438817695002,83.240909639201,0.281323504830163,-2.06072265649356e-05,7.00192043128354e-05,"f__FGB2959"
"fixed",NA,"ResponseResponder:Days",0.000375354891076239,0.000469408512582279,0.799633754001098,83.9131565886053,0.426180838511634,-0.000558129529657888,0.00130883931181037,"g__Citrobacter"
"fixed",NA,"ResponseResponder:Days",9.83051673257931e-05,9.70847295637895e-05,1.01257085195053,43.9303858287493,0.316809924440436,-9.73650062789992e-05,0.000293975340930585,"g__GGB9359"
"fixed",NA,"ResponseResponder:Days",2.47059888739499e-05,2.2783344008267e-05,1.08438817695002,83.240909639201,0.281323504830163,-2.06072265649356e-05,7.00192043128354e-05,"g__GGB9301"
"fixed",NA,"ResponseResponder:Days",8.25368560216621e-07,1.35663901855049e-06,0.608392172811375,44.0348192958018,0.546052994394143,-1.90869666685702e-06,3.55943378729026e-06,"g__Ligaoa"
"fixed",NA,"ResponseResponder:Days",0.000195452021914517,0.000244426927876441,0.79963375399178,83.9131566151925,0.426180838516291,-0.00029062507950897,0.000681529123338004,"s__Citrobacter_braakii"
"fixed",NA,"ResponseResponder:Days",0.000184074593070541,0.000230198627995525,0.799633754003607,83.91315659399,0.426180838510044,-0.000273707545829902,0.000641856731970984,"s__Enterobacter_kobei"
"fixed",NA,"ResponseResponder:Days",0.000179902869159017,0.00022498158470591,0.799633753998942,83.9131565899862,0.42618083851284,-0.000267504450149405,0.00062731018846744,"s__Citrobacter_portucalensis"
"fixed",NA,"ResponseResponder:Days",0.000126169012139722,0.000146128369937932,0.863412164204062,83.912897712112,0.390372063593608,-0.000164427684048994,0.000416765708328438,"s__Klebsiella_michiganensis"
"fixed",NA,"ResponseResponder:Days",9.83051673257931e-05,9.70847295637895e-05,1.01257085195053,43.9303858287493,0.316809924440436,-9.73650062789992e-05,0.000293975340930585,"s__GGB9359_SGB14334"
"fixed",NA,"ResponseResponder:Days",2.00478142781868e-05,2.50712456521085e-05,0.799633753997411,83.9131566084355,0.426180838513227,-2.98098610669283e-05,6.99054896233019e-05,"s__Alistipes_provencensis"
"fixed",NA,"ResponseResponder:Days",2.47059888739499e-05,2.2783344008267e-05,1.08438817695002,83.240909639201,0.281323504830163,-2.06072265649356e-05,7.00192043128354e-05,"s__GGB9301_SGB14262"
"fixed",NA,"ResponseResponder:Days",8.25368560216621e-07,1.35663901855049e-06,0.608392172811375,44.0348192958018,0.546052994394143,-1.90869666685702e-06,3.55943378729026e-06,"s__Ligaoa_zhengdingensis"
"fixed",NA,"ResponseResponder:Days",-5.99787942419804e-07,3.06092105485319e-06,-0.195950150843917,83.9999999991598,0.845122441165654,-6.68676514195123e-06,5.48718925711162e-06,"g__GGB45432"
"fixed",NA,"ResponseResponder:Days",-5.99787942419804e-07,3.06092105485319e-06,-0.195950150843917,83.9999999991598,0.845122441165654,-6.68676514195123e-06,5.48718925711162e-06,"s__GGB45432_SGB63101"
"fixed",NA,"ResponseResponder:Days",0.000287078392527057,0.000506849173541655,0.566398067734965,80.5634636950816,0.572697710155783,-0.000721475319846278,0.00129563210490039,"g__Amedibacterium"
"fixed",NA,"ResponseResponder:Days",0.000287078392527057,0.000506849173541655,0.566398067734965,80.5634636950816,0.572697710155783,-0.000721475319846278,0.00129563210490039,"s__Amedibacterium_intestinale"
"fixed",NA,"ResponseResponder:Days",6.88772821681057e-05,0.000242212977410464,0.284366605392012,59.7819844748527,0.777112135729544,-0.000415657152818901,0.000553411717155113,"g__GGB4585"
"fixed",NA,"ResponseResponder:Days",1.96814430474227e-05,3.4597811320298e-05,0.568863818153603,76.3826549070716,0.571117471096502,-4.92204879154799e-05,8.85833740103253e-05,"g__Paratractidigestivibacter"
"fixed",NA,"ResponseResponder:Days",0.000259705524175506,0.000269174491741428,0.964822195800714,82.8282486933446,0.337442429908522,-0.000275688132138789,0.000795099180489801,"g__GGB3340"
"fixed",NA,"ResponseResponder:Days",-0.000268132871987102,0.00014857446796261,-1.80470356491251,77.5040226663913,0.0750054089909755,-0.00056395173354349,2.76859895692864e-05,"g__Enteroscipio"
"fixed",NA,"ResponseResponder:Days",-0.000143623660371937,8.78419257881823e-05,-1.63502403986752,81.2882017128659,0.105910858216773,-0.000318392145570666,3.11448248267921e-05,"g__GGB25442"
"fixed",NA,"ResponseResponder:Days",-3.00221831832036e-05,2.25872015157451e-05,-1.32916789901023,79.1190903414634,0.18761276966661,-7.49798309992246e-05,1.49354646328174e-05,"g__GGB3352"
"fixed",NA,"ResponseResponder:Days",-0.00108625696968342,0.000658257737557292,-1.65020007773,65.8551231254393,0.103663963341998,-0.00240056491551093,0.000228050976144094,"s__Alistipes_montrealensis"
"fixed",NA,"ResponseResponder:Days",6.88772821681057e-05,0.000242212977410464,0.284366605392012,59.7819844748527,0.777112135729544,-0.000415657152818901,0.000553411717155113,"s__GGB4585_SGB6340"
"fixed",NA,"ResponseResponder:Days",1.96814430474227e-05,3.4597811320298e-05,0.568863818153603,76.3826549070716,0.571117471096502,-4.92204879154799e-05,8.85833740103253e-05,"s__Paratractidigestivibacter_faecalis"
"fixed",NA,"ResponseResponder:Days",0.000259705524175506,0.000269174491741428,0.964822195800714,82.8282486933446,0.337442429908522,-0.000275688132138789,0.000795099180489801,"s__GGB3340_SGB4419"
"fixed",NA,"ResponseResponder:Days",-0.000268132871987102,0.00014857446796261,-1.80470356491251,77.5040226663913,0.0750054089909755,-0.00056395173354349,2.76859895692864e-05,"s__Enteroscipio_rubneri"
"fixed",NA,"ResponseResponder:Days",-0.000143623660371937,8.78419257881823e-05,-1.63502403986752,81.2882017128659,0.105910858216773,-0.000318392145570666,3.11448248267921e-05,"s__GGB25442_SGB37397"
"fixed",NA,"ResponseResponder:Days",-3.00221831832036e-05,2.25872015157451e-05,-1.32916789901023,79.1190903414634,0.18761276966661,-7.49798309992246e-05,1.49354646328174e-05,"s__GGB3352_SGB62935"
"fixed",NA,"ResponseResponder:Days",-0.000134511671737849,7.89511628740648e-05,-1.70373262205662,83.9999999992229,0.0921280396357005,-0.00029151471744821,2.24913739725108e-05,"c__CFGB58291"
"fixed",NA,"ResponseResponder:Days",-4.41553688963263e-06,2.59168418357954e-06,-1.70373262205662,83.9999999991947,0.0921280396357019,-9.56938511084767e-06,7.38311331582416e-07,"c__CFGB2924"
"fixed",NA,"ResponseResponder:Days",-3.88387020292176e-06,2.27962425127098e-06,-1.70373262205662,83.9999999976067,0.0921280396357714,-8.41715302607338e-06,6.49412620229862e-07,"c__CFGB38791"
"fixed",NA,"ResponseResponder:Days",-0.000134511671737849,7.89511628740648e-05,-1.70373262205662,83.9999999992229,0.0921280396357005,-0.00029151471744821,2.24913739725108e-05,"o__OFGB58291"
"fixed",NA,"ResponseResponder:Days",-4.41553688963263e-06,2.59168418357954e-06,-1.70373262205662,83.9999999991947,0.0921280396357019,-9.56938511084767e-06,7.38311331582416e-07,"o__OFGB2924"
"fixed",NA,"ResponseResponder:Days",-3.88387020292176e-06,2.27962425127098e-06,-1.70373262205662,83.9999999976067,0.0921280396357714,-8.41715302607338e-06,6.49412620229862e-07,"o__OFGB38791"
"fixed",NA,"ResponseResponder:Days",-0.000134511671737849,7.89511628740648e-05,-1.70373262205662,83.9999999992229,0.0921280396357005,-0.00029151471744821,2.24913739725108e-05,"f__FGB58291"
"fixed",NA,"ResponseResponder:Days",-4.41553688963263e-06,2.59168418357954e-06,-1.70373262205662,83.9999999991947,0.0921280396357019,-9.56938511084767e-06,7.38311331582416e-07,"f__FGB2924"
"fixed",NA,"ResponseResponder:Days",-3.88387020292176e-06,2.27962425127098e-06,-1.70373262205662,83.9999999976067,0.0921280396357714,-8.41715302607338e-06,6.49412620229862e-07,"f__FGB38791"
"fixed",NA,"ResponseResponder:Days",-0.000134511671737849,7.89511628740648e-05,-1.70373262205662,83.9999999992229,0.0921280396357005,-0.00029151471744821,2.24913739725108e-05,"g__GGB9263"
"fixed",NA,"ResponseResponder:Days",-9.23387887919705e-05,5.41979343451828e-05,-1.70373262205662,83.9999999987559,0.0921280396357212,-0.000200117324960939,1.5439747376998e-05,"g__GGB3204"
"fixed",NA,"ResponseResponder:Days",-4.6948871826502e-06,2.75564787682641e-06,-1.70373262205661,83.9999999993832,0.0921280396356936,-1.01747951892889e-05,7.8502082398847e-07,"g__GGB4584"
"fixed",NA,"ResponseResponder:Days",-4.41553688963263e-06,2.59168418357954e-06,-1.70373262205662,83.9999999991947,0.0921280396357019,-9.56938511084767e-06,7.38311331582416e-07,"g__GGB9247"
"fixed",NA,"ResponseResponder:Days",-3.88387020292176e-06,2.27962425127098e-06,-1.70373262205662,83.9999999976067,0.0921280396357714,-8.41715302607338e-06,6.49412620229862e-07,"g__GGB9252"
"fixed",NA,"ResponseResponder:Days",-3.73067810675083e-06,2.18970867755496e-06,-1.70373262205662,83.9999999976422,0.0921280396357701,-8.085153950799e-06,6.23797737297338e-07,"g__GGB9079"
"fixed",NA,"ResponseResponder:Days",-0.000134511671737849,7.89511628740648e-05,-1.70373262205662,83.9999999992229,0.0921280396357005,-0.00029151471744821,2.24913739725108e-05,"s__GGB9263_SGB14211"
"fixed",NA,"ResponseResponder:Days",-9.23387887919705e-05,5.41979343451828e-05,-1.70373262205662,83.9999999987559,0.0921280396357212,-0.000200117324960939,1.5439747376998e-05,"s__GGB3204_SGB4228"
"fixed",NA,"ResponseResponder:Days",-4.6948871826502e-06,2.75564787682641e-06,-1.70373262205661,83.9999999993832,0.0921280396356936,-1.01747951892889e-05,7.8502082398847e-07,"s__GGB4584_SGB6338"
"fixed",NA,"ResponseResponder:Days",-4.41553688963263e-06,2.59168418357954e-06,-1.70373262205662,83.9999999991947,0.0921280396357019,-9.56938511084767e-06,7.38311331582416e-07,"s__GGB9247_SGB14190"
"fixed",NA,"ResponseResponder:Days",-3.88387020292176e-06,2.27962425127098e-06,-1.70373262205662,83.9999999976067,0.0921280396357714,-8.41715302607338e-06,6.49412620229862e-07,"s__GGB9252_SGB14196"
"fixed",NA,"ResponseResponder:Days",-3.73067810675083e-06,2.18970867755496e-06,-1.70373262205662,83.9999999976422,0.0921280396357701,-8.085153950799e-06,6.23797737297338e-07,"s__GGB9079_SGB14003"
"fixed",NA,"ResponseResponder:Days",0.000133080294808999,9.33353731123042e-05,1.42582914035038,68.6001272611186,0.158452426772604,-5.31380447588617e-05,0.000319298634376859,"c__CFGB1780"
"fixed",NA,"ResponseResponder:Days",6.56237103869203e-06,4.99360707475533e-06,1.31415446599061,83.6893251278211,0.192384855837323,-3.36850288702549e-06,1.64932449644095e-05,"c__CFGB2930"
"fixed",NA,"ResponseResponder:Days",1.44308558438084e-06,1.88801866710349e-06,0.76433862097071,43.6480113506516,0.448778036141655,-2.36283288343332e-06,5.24900405219501e-06,"c__CFGB79245"
"fixed",NA,"ResponseResponder:Days",0.000133080294808999,9.33353731123042e-05,1.42582914035038,68.6001272611186,0.158452426772604,-5.31380447588617e-05,0.000319298634376859,"o__OFGB1780"
"fixed",NA,"ResponseResponder:Days",6.56237103869203e-06,4.99360707475533e-06,1.31415446599061,83.6893251278211,0.192384855837323,-3.36850288702549e-06,1.64932449644095e-05,"o__OFGB2930"
"fixed",NA,"ResponseResponder:Days",1.44308558438084e-06,1.88801866710349e-06,0.76433862097071,43.6480113506516,0.448778036141655,-2.36283288343332e-06,5.24900405219501e-06,"o__OFGB79245"
"fixed",NA,"ResponseResponder:Days",0.000133080294808999,9.33353731123042e-05,1.42582914035038,68.6001272611186,0.158452426772604,-5.31380447588617e-05,0.000319298634376859,"f__FGB1780"
"fixed",NA,"ResponseResponder:Days",6.56237103869203e-06,4.99360707475533e-06,1.31415446599061,83.6893251278211,0.192384855837323,-3.36850288702549e-06,1.64932449644095e-05,"f__FGB2930"
"fixed",NA,"ResponseResponder:Days",1.44308558438084e-06,1.88801866710349e-06,0.76433862097071,43.6480113506516,0.448778036141655,-2.36283288343332e-06,5.24900405219501e-06,"f__FGB79245"
"fixed",NA,"ResponseResponder:Days",9.71428703179803e-05,7.39204354057333e-05,1.31415446601179,83.6893251396049,0.192384855829725,-4.98639953719748e-05,0.000244149736007935,"g__GGB4722"
"fixed",NA,"ResponseResponder:Days",1.56298590831226e-05,3.30582704697441e-05,0.472797241387068,73.6029558173736,0.637756895495229,-5.02460873072077e-05,8.15058054734529e-05,"g__GGB9303"
"fixed",NA,"ResponseResponder:Days",6.56237103869203e-06,4.99360707475533e-06,1.31415446599061,83.6893251278211,0.192384855837323,-3.36850288702549e-06,1.64932449644095e-05,"g__GGB9253"
"fixed",NA,"ResponseResponder:Days",3.31297310784713e-06,2.52099216152491e-06,1.31415446601118,83.689325129505,0.192384855830361,-1.70056819586972e-06,8.32651441156398e-06,"g__GGB37488"
"fixed",NA,"ResponseResponder:Days",1.44308558438084e-06,1.88801866710349e-06,0.76433862097071,43.6480113506516,0.448778036141655,-2.36283288343332e-06,5.24900405219501e-06,"g__GGB3510"
"fixed",NA,"ResponseResponder:Days",9.71428703179803e-05,7.39204354057333e-05,1.31415446601179,83.6893251396049,0.192384855829725,-4.98639953719748e-05,0.000244149736007935,"s__GGB4722_SGB6538"
"fixed",NA,"ResponseResponder:Days",1.56298590831226e-05,3.30582704697441e-05,0.472797241387068,73.6029558173736,0.637756895495229,-5.02460873072077e-05,8.15058054734529e-05,"s__GGB9303_SGB14264"
"fixed",NA,"ResponseResponder:Days",9.8820923764827e-06,8.59993598779588e-06,1.14908906188445,44.0289444861522,0.25672343345737,-7.44961794438521e-06,2.72138026973506e-05,"s__Eubacterium_sp_c_25"
"fixed",NA,"ResponseResponder:Days",6.56237103869203e-06,4.99360707475533e-06,1.31415446599061,83.6893251278211,0.192384855837323,-3.36850288702549e-06,1.64932449644095e-05,"s__GGB9253_SGB14199"
"fixed",NA,"ResponseResponder:Days",3.31297310784713e-06,2.52099216152491e-06,1.31415446601118,83.689325129505,0.192384855830361,-1.70056819586972e-06,8.32651441156398e-06,"s__GGB37488_SGB54315"
"fixed",NA,"ResponseResponder:Days",1.44308558438084e-06,1.88801866710349e-06,0.76433862097071,43.6480113506516,0.448778036141655,-2.36283288343332e-06,5.24900405219501e-06,"s__GGB3510_SGB4687"
"fixed",NA,"ResponseResponder:Days",2.19023767546622e-06,1.99678488081296e-06,1.09688214114207,44.2304147682578,0.278629036191122,-1.8334257945251e-06,6.21390114545755e-06,"s__Cuneatibacter_caecimuris"
"fixed",NA,"ResponseResponder:Days",9.37893746034953e-16,4.66664112454105e-11,2.00978331310444e-05,0.000249886895738714,0.999999682352349,-Inf,Inf,"f__Tropherymataceae"
"fixed",NA,"ResponseResponder:Days",1.25925615070935e-13,5.43476955509284e-09,2.31703688251018e-05,1.05479362829219,0.999985099246769,-6.11291708276212e-08,6.11294226788513e-08,"g__GGB9239"
"fixed",NA,"ResponseResponder:Days",9.37893746034953e-16,4.66664112454105e-11,2.00978331310444e-05,0.000249886895738714,0.999999682352349,-Inf,Inf,"g__Tropheryma"
"fixed",NA,"ResponseResponder:Days",3.24150618756901e-13,1.70615252430761e-08,1.89989238440711e-05,4.87984417813926,0.999985593172386,-4.41845345591905e-08,4.4185182860428e-08,"s__Parasutterella_secunda"
"fixed",NA,"ResponseResponder:Days",1.25925615070935e-13,5.43476955509284e-09,2.31703688251018e-05,1.05479362829219,0.999985099246769,-6.11291708276212e-08,6.11294226788513e-08,"s__GGB9239_SGB14181"
"fixed",NA,"ResponseResponder:Days",-2.61100746519425e-05,3.13763487595568e-05,-0.832157841310001,44.0027187688891,0.409813457317146,-8.9344840194284e-05,3.71246908903989e-05,"s__GGB3363_SGB4448"
"fixed",NA,"ResponseResponder:Days",9.37893746034953e-16,4.66664112454105e-11,2.00978331310444e-05,0.000249886895738714,0.999999682352349,-Inf,Inf,"s__Tropheryma_whipplei"
"fixed",NA,"ResponseResponder:Days",-2.92015353071134e-05,2.11476300896037e-05,-1.38084197536011,83.6258519730818,0.171006820428297,-7.12586661247307e-05,1.2855595510504e-05,"g__GGB9101"
"fixed",NA,"ResponseResponder:Days",-0.00010538683507849,7.63207064685335e-05,-1.38084197532867,83.6258519737482,0.171006820437904,-0.000257168851429234,4.63951812722544e-05,"s__bacterium_OL_1"
"fixed",NA,"ResponseResponder:Days",-2.92015353071134e-05,2.11476300896037e-05,-1.38084197536011,83.6258519730818,0.171006820428297,-7.12586661247307e-05,1.2855595510504e-05,"s__GGB9101_SGB14033"
"fixed",NA,"ResponseResponder:Days",5.75427238693911e-15,3.53288072960157e-10,1.62877629542508e-05,0.0101259993462537,0.999998372390057,-5.44153368064739e+117,5.44153368064739e+117,"g__GGB31234"
"fixed",NA,"ResponseResponder:Days",5.75427238693911e-15,3.53288072960157e-10,1.62877629542508e-05,0.0101259993462537,0.999998372390057,-5.44153368064739e+117,5.44153368064739e+117,"s__GGB31234_SGB14869"
"fixed",NA,"ResponseResponder:Days",0.000250544565091352,0.000196933095786897,1.27223189220805,80.3685268825125,0.206959460076938,-0.000141337199110883,0.000642426329293587,"g__GGB3276"
"fixed",NA,"ResponseResponder:Days",2.58510778828835e-05,2.03194700912205e-05,1.27223189221126,80.3685268918954,0.206959460075376,-1.45831099572573e-05,6.62852657230243e-05,"g__Kosakonia"
"fixed",NA,"ResponseResponder:Days",3.11573517642428e-06,2.44903086888361e-06,1.27223189221971,80.3685268758833,0.206959460073117,-1.75764851589113e-06,7.98911886873968e-06,"g__Lelliottia"
"fixed",NA,"ResponseResponder:Days",-1.72309644452935e-05,3.05384868622712e-05,-0.564237662560206,68.6615075043999,0.574430967563087,-7.81589373641749e-05,4.36970084735879e-05,"g__GGB3444"
"fixed",NA,"ResponseResponder:Days",0.000250544565091352,0.000196933095786897,1.27223189220805,80.3685268825125,0.206959460076938,-0.000141337199110883,0.000642426329293587,"s__GGB3276_SGB4326"
"fixed",NA,"ResponseResponder:Days",2.58510778828835e-05,2.03194700912205e-05,1.27223189221126,80.3685268918954,0.206959460075376,-1.45831099572573e-05,6.62852657230243e-05,"s__Kosakonia_cowanii"
"fixed",NA,"ResponseResponder:Days",3.11573517642428e-06,2.44903086888361e-06,1.27223189221971,80.3685268758833,0.206959460073117,-1.75764851589113e-06,7.98911886873968e-06,"s__Lelliottia_nimipressuralis"
"fixed",NA,"ResponseResponder:Days",-1.72309644452935e-05,3.05384868622712e-05,-0.564237662560206,68.6615075043999,0.574430967563087,-7.81589373641749e-05,4.36970084735879e-05,"s__GGB3444_SGB4594"
"fixed",NA,"ResponseResponder:Days",1.63856915419418e-05,2.46226734846829e-05,0.66547166586662,80.8527783259329,0.507642874039373,-3.26070574827504e-05,6.5378440566634e-05,"g__GGB25063"
"fixed",NA,"ResponseResponder:Days",1.63856915419418e-05,2.46226734846829e-05,0.66547166586662,80.8527783259329,0.507642874039373,-3.26070574827504e-05,6.5378440566634e-05,"s__GGB25063_SGB36986"
"fixed",NA,"ResponseResponder:Days",2.75176018559247e-05,2.34452714662791e-05,1.17369516900253,80.3458755342467,0.24398462378438,-1.91368920835101e-05,7.41720957953594e-05,"s__Clostridium_SGB6176"
"fixed",NA,"ResponseResponder:Days",1.14616627965507e-05,1.72233671007623e-05,0.665471665876726,80.8527783155059,0.507642874033188,-2.28083811226995e-05,4.57317067158008e-05,"s__Romboutsia_hominis"
"fixed",NA,"ResponseResponder:Days",1.68411952638237e-13,8.83317444191815e-09,1.90658470231304e-05,2.15686807743948,0.999986405840332,-3.54761388900389e-08,3.54764757139442e-08,"s__Faecalicatena_orotica"
"fixed",NA,"ResponseResponder:Days",-3.25276657281094e-15,3.98478852502592e-10,-8.16295909402063e-06,0.0125647541750116,0.999999092868623,-7.89173882198798e+92,7.89173882198798e+92,"g__GGB58485"
"fixed",NA,"ResponseResponder:Days",2.13163280071058e-14,1.12687451079207e-09,1.89163281296714e-05,0.0785536648922287,0.999994967132097,-5943027.12113998,5943027.12113998,"s__Fusobacterium_periodonticum"
"fixed",NA,"ResponseResponder:Days",1.14761750340844e-19,2.88224422484828e-12,3.98168029452414e-08,1.33730080244503e-06,0.999999999953955,-Inf,Inf,"s__Aeromonas_dhakensis"
"fixed",NA,"ResponseResponder:Days",1.00177889519833e-14,5.54504336814149e-10,1.80662048732378e-05,0.0226430590333466,0.999997323246874,-1.20933436018179e+47,1.20933436018179e+47,"s__Catenibacterium_mitsuokai"
"fixed",NA,"ResponseResponder:Days",-3.25276657281094e-15,3.98478852502592e-10,-8.16295909402063e-06,0.0125647541750116,0.999999092868623,-7.89173882198798e+92,7.89173882198798e+92,"s__GGB58485_SGB80143"
"fixed",NA,"ResponseResponder:Days",7.07296116202023e-06,1.53497784898629e-05,0.460785878225622,83.9999999989161,0.646143014517243,-2.34517567288626e-05,3.75976790529031e-05,"s__Intestinimonas_sp_MSJ_38"
"fixed",NA,"ResponseResponder:Days",1.23495181660588e-06,1.2968796485334e-06,0.952248589915371,84.0000000006817,0.343703003083974,-1.34403558937141e-06,3.81393922258316e-06,"s__Slackia_SGB14778"
"fixed",NA,"ResponseResponder:Days",-4.24725782974123e-05,5.76277632575067e-05,-0.737015908592978,83.8234507686723,0.463170605194101,-0.000157075232005859,7.21300754110348e-05,"c__CFGB3297"
"fixed",NA,"ResponseResponder:Days",-4.24725782974123e-05,5.76277632575067e-05,-0.737015908592978,83.8234507686723,0.463170605194101,-0.000157075232005859,7.21300754110348e-05,"o__OFGB3297"
"fixed",NA,"ResponseResponder:Days",-4.24725782974123e-05,5.76277632575067e-05,-0.737015908592978,83.8234507686723,0.463170605194101,-0.000157075232005859,7.21300754110348e-05,"f__FGB3297"
"fixed",NA,"ResponseResponder:Days",-4.24725782974123e-05,5.76277632575067e-05,-0.737015908592978,83.8234507686723,0.463170605194101,-0.000157075232005859,7.21300754110348e-05,"g__GGB29668"
"fixed",NA,"ResponseResponder:Days",-4.24725782974123e-05,5.76277632575067e-05,-0.737015908592978,83.8234507686723,0.463170605194101,-0.000157075232005859,7.21300754110348e-05,"s__GGB29668_SGB42476"
"fixed",NA,"ResponseResponder:Days",1.77524323637095e-06,1.86426449476677e-06,0.95224858991537,83.9999999989148,0.343703003084031,-1.93205115972254e-06,5.48253763246443e-06,"g__Alloscardovia"
"fixed",NA,"ResponseResponder:Days",1.77524323637095e-06,1.86426449476677e-06,0.95224858991537,83.9999999989148,0.343703003084031,-1.93205115972254e-06,5.48253763246443e-06,"s__Alloscardovia_omnicolens"
"fixed",NA,"ResponseResponder:Days",5.2705396452832e-20,1.59802244040121e-12,3.29816372538544e-08,4.36093869400159e-07,0.99999999997822,-Inf,Inf,"s__Mediterraneibacter_sp_NSJ_151"
"fixed",NA,"ResponseResponder:Days",4.39920042973235e-20,7.30926071633994e-13,6.0186667304094e-08,9.8173395968304e-08,0.999999999981142,-Inf,Inf,"s__Clostridium_sp_chh4_2"
"fixed",NA,"ResponseResponder:Days",-8.46031554670222e-07,1.13947931519059e-06,-0.742472060169618,80.3811733383067,0.459965624866134,-3.11350259108583e-06,1.42143948174539e-06,"c__CFGB77202"
"fixed",NA,"ResponseResponder:Days",-8.46031554670222e-07,1.13947931519059e-06,-0.742472060169618,80.3811733383067,0.459965624866134,-3.11350259108583e-06,1.42143948174539e-06,"o__OFGB77202"
"fixed",NA,"ResponseResponder:Days",-8.46031554670222e-07,1.13947931519059e-06,-0.742472060169618,80.3811733383067,0.459965624866134,-3.11350259108583e-06,1.42143948174539e-06,"f__FGB77202"
"fixed",NA,"ResponseResponder:Days",-8.46031554670222e-07,1.13947931519059e-06,-0.742472060169618,80.3811733383067,0.459965624866134,-3.11350259108583e-06,1.42143948174539e-06,"g__GGB34900"
"fixed",NA,"ResponseResponder:Days",-5.72078479854339e-07,7.70505060742941e-07,-0.74247206021298,80.3811733279188,0.459965624840296,-2.10532079970944e-06,9.61163840000763e-07,"g__Companilactobacillus"
"fixed",NA,"ResponseResponder:Days",-2.57275244474658e-05,4.93460962225093e-05,-0.521368992016235,76.6242049494767,0.603613431077186,-0.000123995846655889,7.25407977609576e-05,"s__Lentihominibacter_SGB71368"
"fixed",NA,"ResponseResponder:Days",-1.1313114159481e-05,1.38951058240158e-05,-0.81417977687711,44.0526696268462,0.419921431924933,-3.93159142492223e-05,1.66896859302603e-05,"s__Clostridium_hylemonae"
"fixed",NA,"ResponseResponder:Days",-8.46031554670222e-07,1.13947931519059e-06,-0.742472060169618,80.3811733383067,0.459965624866134,-3.11350259108583e-06,1.42143948174539e-06,"s__GGB34900_SGB14891"
"fixed",NA,"ResponseResponder:Days",-5.72078479854339e-07,7.70505060742941e-07,-0.74247206021298,80.3811733279188,0.459965624840296,-2.10532079970944e-06,9.61163840000763e-07,"s__Companilactobacillus_paralimentarius"
"fixed",NA,"ResponseResponder:Days",0.000525419807099265,0.00110586313723755,0.475121911027585,44.6554559965372,0.637015813453639,-0.00170237730352083,0.00275321691771936,"c__CFGB11479"
"fixed",NA,"ResponseResponder:Days",0.000525419807099265,0.00110586313723755,0.475121911027585,44.6554559965372,0.637015813453639,-0.00170237730352083,0.00275321691771936,"o__OFGB11479"
"fixed",NA,"ResponseResponder:Days",0.000525419807099265,0.00110586313723755,0.475121911027585,44.6554559965372,0.637015813453639,-0.00170237730352083,0.00275321691771936,"f__FGB11479"
"fixed",NA,"ResponseResponder:Days",0.000525419807099265,0.00110586313723755,0.475121911027585,44.6554559965372,0.637015813453639,-0.00170237730352083,0.00275321691771936,"g__GGB1630"
"fixed",NA,"ResponseResponder:Days",0.000263777922408604,0.000518807755195155,0.508430954948584,52.9500283867518,0.613263017408096,-0.000776841580510743,0.00130439742532795,"g__Duodenibacillus"
"fixed",NA,"ResponseResponder:Days",1.43828374082714e-05,2.49196229539199e-05,0.577169142360919,48.5750932858327,0.56649076545796,-3.57061024506596e-05,6.44717772672025e-05,"g__Jingyaoa"
"fixed",NA,"ResponseResponder:Days",-5.27217905155484e-08,9.55554635110574e-06,-0.00551740199653237,69.8917055448657,0.995613490722916,-1.91111772294827e-05,1.90057336484516e-05,"g__GGB3593"
"fixed",NA,"ResponseResponder:Days",2.8843274604341e-06,4.96508790561491e-06,0.580921730947054,65.2513180665376,0.563294381324281,-7.03091384365666e-06,1.27995687645249e-05,"g__Qingrenia"
"fixed",NA,"ResponseResponder:Days",2.52578489572006e-05,6.19436012134498e-05,0.407755578662036,74.1806042387079,0.684627573047364,-9.81624778857308e-05,0.000148678175800132,"g__GGB4749"
"fixed",NA,"ResponseResponder:Days",0.000525419807099265,0.00110586313723755,0.475121911027585,44.6554559965372,0.637015813453639,-0.00170237730352083,0.00275321691771936,"s__GGB1630_SGB2238"
"fixed",NA,"ResponseResponder:Days",-0.000386336571117916,0.000547183703139531,-0.706045463162123,46.9991916899097,0.483645212080403,-0.00148712869492561,0.000714455552689781,"s__Bacteroides_fluxus"
"fixed",NA,"ResponseResponder:Days",0.000263777922408604,0.000518807755195155,0.508430954948584,52.9500283867518,0.613263017408096,-0.000776841580510743,0.00130439742532795,"s__Duodenibacillus_massiliensis"
"fixed",NA,"ResponseResponder:Days",1.43828374082714e-05,2.49196229539199e-05,0.577169142360919,48.5750932858327,0.56649076545796,-3.57061024506596e-05,6.44717772672025e-05,"s__Jingyaoa_shaoxingensis"
"fixed",NA,"ResponseResponder:Days",-8.9672928150419e-06,1.25328825968391e-05,-0.715501222145298,44.2006084059325,0.478062194693751,-3.42224205555266e-05,1.62878349254428e-05,"s__GGB34797_SGB14323"
"fixed",NA,"ResponseResponder:Days",-5.27217905155484e-08,9.55554635110574e-06,-0.00551740199653237,69.8917055448657,0.995613490722916,-1.91111772294827e-05,1.90057336484516e-05,"s__GGB3593_SGB4817"
"fixed",NA,"ResponseResponder:Days",0.000103809130045067,0.000119782464299096,0.866647139483263,75.9034930204612,0.388866745654837,-0.000134763228645598,0.000342381488735732,"s__Ruminococcus_sp_AF41_9"
"fixed",NA,"ResponseResponder:Days",2.8843274604341e-06,4.96508790561491e-06,0.580921730947054,65.2513180665376,0.563294381324281,-7.03091384365666e-06,1.27995687645249e-05,"s__Qingrenia_yutianensis"
"fixed",NA,"ResponseResponder:Days",2.52578489572006e-05,6.19436012134498e-05,0.407755578662036,74.1806042387079,0.684627573047364,-9.81624778857308e-05,0.000148678175800132,"s__GGB4749_SGB6578"
"fixed",NA,"ResponseResponder:Days",0.000106790516789321,0.000116376587435635,0.917628873147564,48.9204473897276,0.363315233063827,-0.00012708661153058,0.000340667645109222,"g__GGB4604"
"fixed",NA,"ResponseResponder:Days",2.02263509659675e-05,2.26264080696114e-05,0.89392672949856,45.8855795328466,0.376026003290432,-2.532131120983e-05,6.5774013141765e-05,"g__GGB4723"
"fixed",NA,"ResponseResponder:Days",0.000106790516789321,0.000116376587435635,0.917628873147564,48.9204473897276,0.363315233063827,-0.00012708661153058,0.000340667645109222,"s__GGB4604_SGB6369"
"fixed",NA,"ResponseResponder:Days",-5.25350885295387e-05,6.67839710883365e-05,-0.786642178855305,80.7516642794967,0.433793891723253,-0.000185420437462272,8.03502604031947e-05,"s__GGB6002_SGB8625"
"fixed",NA,"ResponseResponder:Days",2.02263509659675e-05,2.26264080696114e-05,0.89392672949856,45.8855795328466,0.376026003290432,-2.532131120983e-05,6.5774013141765e-05,"s__GGB4723_SGB6540"
"fixed",NA,"ResponseResponder:Days",4.67643898752539e-06,5.86873005991026e-06,0.796840021569657,44.2306881701396,0.429800645589718,-7.14946718975084e-06,1.65023451648016e-05,"s__Lachnospiraceae_bacterium_CLA_AA_H215"
"fixed",NA,"ResponseResponder:Days",-3.10260031571728e-06,3.94410616115801e-06,-0.786642191904476,80.7516644088583,0.433793884122243,-1.09505002668478e-05,4.74529963541323e-06,"s__Streptococcus_sobrinus"
"fixed",NA,"ResponseResponder:Days",1.54449502507187e-05,7.68218460855528e-05,0.201048933834764,83.1171114804454,0.841151491541934,-0.000137347428042298,0.000168237328543736,"s__Streptococcus_gordonii"
"fixed",NA,"ResponseResponder:Days",-9.05501570758329e-06,1.77612965469173e-05,-0.509817269458007,44.0224095359597,0.612726031416689,-4.48500421960676e-05,2.6740010780901e-05,"g__GGB4257"
"fixed",NA,"ResponseResponder:Days",-5.51436484899796e-05,0.000116321846306153,-0.4740609802981,45.1457862667923,0.637741255053626,-0.000289406993650315,0.000179119696670356,"g__GGB3267"
"fixed",NA,"ResponseResponder:Days",6.06025552992375e-05,0.000103128873881648,0.58763906768521,49.1191085357619,0.559466539870621,-0.00014662996498432,0.000267835075582795,"g__GGB3649"
"fixed",NA,"ResponseResponder:Days",-9.05501570758329e-06,1.77612965469173e-05,-0.509817269458007,44.0224095359597,0.612726031416689,-4.48500421960676e-05,2.6740010780901e-05,"s__GGB4257_SGB5789"
"fixed",NA,"ResponseResponder:Days",-5.51436484899796e-05,0.000116321846306153,-0.4740609802981,45.1457862667923,0.637741255053626,-0.000289406993650315,0.000179119696670356,"s__GGB3267_SGB4317"
"fixed",NA,"ResponseResponder:Days",6.06025552992375e-05,0.000103128873881648,0.58763906768521,49.1191085357619,0.559466539870621,-0.00014662996498432,0.000267835075582795,"s__GGB3649_SGB4958"
"fixed",NA,"ResponseResponder:Days",1.73510730233125e-05,1.82211590618943e-05,0.952248589915371,83.9999999968111,0.343703003084099,-1.88837000306926e-05,5.35858460773177e-05,"s__Streptococcus_sanguinis"
"fixed",NA,"ResponseResponder:Days",2.99990378783844e-06,3.15033681289573e-06,0.952248589915371,83.9999999980642,0.343703003084058,-3.26488645251756e-06,9.26469402819444e-06,"s__Collinsella_SGB14745"
"fixed",NA,"ResponseResponder:Days",-9.81746844725478e-15,6.25528165645518e-10,-1.56946864848581e-05,0.0280316361522238,0.99999742204087,-1.37045215981568e+36,1.37045215981568e+36,"s__Hafnia_paralvei"
"fixed",NA,"ResponseResponder:Days",-1.07613819404073e-05,1.37978977060351e-05,-0.779929100046909,82.621552717516,0.437661185164451,-3.82067046843855e-05,1.6683940803571e-05,"g__GGB79395"
"fixed",NA,"ResponseResponder:Days",-4.27098699865733e-06,6.94392572169371e-06,-0.615068070978096,70.818890809412,0.540481184434208,-1.81173952737538e-05,9.57542127643915e-06,"g__Bittarella"
"fixed",NA,"ResponseResponder:Days",-5.25065787578784e-06,3.59624720741333e-05,-0.146003808218859,71.8966652676836,0.884326971674064,-7.69422961398096e-05,6.6440980388234e-05,"s__Lachnoclostridium_edouardi"
"fixed",NA,"ResponseResponder:Days",3.21153629362421e-05,0.000101935252504189,0.315056490735847,67.3899223943036,0.75369226112732,-0.000171326614747528,0.000235557340620013,"s__Bianquea_renquensis"
"fixed",NA,"ResponseResponder:Days",-1.07613819404073e-05,1.37978977060351e-05,-0.779929100046909,82.621552717516,0.437661185164451,-3.82067046843855e-05,1.6683940803571e-05,"s__GGB79395_SGB105947"
"fixed",NA,"ResponseResponder:Days",-4.27098699865733e-06,6.94392572169371e-06,-0.615068070978096,70.818890809412,0.540481184434208,-1.81173952737538e-05,9.57542127643915e-06,"s__Bittarella_massiliensis"
"fixed",NA,"ResponseResponder:Days",-1.54133106519455e-06,2.14139158839157e-06,-0.719780106333686,82.2844128904592,0.473699919011898,-5.80102065292786e-06,2.71835852253876e-06,"s__Clostridium_sp_Marseille_P2538"
"fixed",NA,"ResponseResponder:Days",5.92476663092997e-19,7.20289919274929e-12,8.22553040433227e-08,7.562860526246e-06,0.999999999773794,-Inf,Inf,"g__GGB5998"
"fixed",NA,"ResponseResponder:Days",5.92476663092997e-19,7.20289919274929e-12,8.22553040433227e-08,7.562860526246e-06,0.999999999773794,-Inf,Inf,"s__GGB5998_SGB8621"
"fixed",NA,"ResponseResponder:Days",6.14357903491318e-20,6.86421683962976e-13,8.95015291394052e-08,8.70736998098278e-08,0.99999999997359,-Inf,Inf,"s__Clostridium_sp_C5_48"
"fixed",NA,"ResponseResponder:Days",5.11189970818492e-06,7.87483745309974e-06,0.649143520565335,83.7816384387181,0.518021205013484,-1.05486745213932e-05,2.07724739377631e-05,"c__CFGB10341"
"fixed",NA,"ResponseResponder:Days",5.11189970818492e-06,7.87483745309974e-06,0.649143520565335,83.7816384387181,0.518021205013484,-1.05486745213932e-05,2.07724739377631e-05,"o__OFGB10341"
"fixed",NA,"ResponseResponder:Days",5.11189970818492e-06,7.87483745309974e-06,0.649143520565335,83.7816384387181,0.518021205013484,-1.05486745213932e-05,2.07724739377631e-05,"f__FGB10341"
"fixed",NA,"ResponseResponder:Days",4.5997950018168e-05,6.35518596699437e-05,0.723786058457742,44.0254604080709,0.473025641070783,-8.20803152207039e-05,0.00017407621525704,"g__GGB3585"
"fixed",NA,"ResponseResponder:Days",5.82933318663326e-06,3.70955391944443e-05,0.157143778287668,77.9430573704294,0.875537896747216,-6.80230621178309e-05,7.96817284910975e-05,"g__GGB4597"
"fixed",NA,"ResponseResponder:Days",5.11189970818492e-06,7.87483745309974e-06,0.649143520565335,83.7816384387181,0.518021205013484,-1.05486745213932e-05,2.07724739377631e-05,"g__GGB4555"
"fixed",NA,"ResponseResponder:Days",3.90901090182711e-06,6.92974805335952e-06,0.564091345273662,44.1046642408148,0.575549433937035,-1.00560425948563e-05,1.78740643985105e-05,"g__GGB9189"
"fixed",NA,"ResponseResponder:Days",2.9692297403263e-06,4.57407283014701e-06,0.64914352057461,83.7816384532524,0.518021205007212,-6.12716209181689e-06,1.20656215724695e-05,"g__GGB9102"
"fixed",NA,"ResponseResponder:Days",4.5997950018168e-05,6.35518596699437e-05,0.723786058457742,44.0254604080709,0.473025641070783,-8.20803152207039e-05,0.00017407621525704,"s__GGB3585_SGB4803"
"fixed",NA,"ResponseResponder:Days",5.82933318663326e-06,3.70955391944443e-05,0.157143778287668,77.9430573704294,0.875537896747216,-6.80230621178309e-05,7.96817284910975e-05,"s__GGB4597_SGB6359"
"fixed",NA,"ResponseResponder:Days",6.59474084493082e-06,1.01591414471278e-05,0.649143520567411,83.7816384228837,0.518021205012484,-1.36085953749608e-05,2.67980770648224e-05,"s__Bacteroides_faecalis"
"fixed",NA,"ResponseResponder:Days",5.43826665694202e-06,8.37760292546956e-06,0.649143520565843,83.7816384487764,0.518021205012944,-1.12221499245295e-05,2.20986832384136e-05,"s__Limosilactobacillus_vaginalis"
"fixed",NA,"ResponseResponder:Days",5.11189970818492e-06,7.87483745309974e-06,0.649143520565335,83.7816384387181,0.518021205013484,-1.05486745213932e-05,2.07724739377631e-05,"s__GGB4555_SGB6286"
"fixed",NA,"ResponseResponder:Days",3.90901090182711e-06,6.92974805335952e-06,0.564091345273662,44.1046642408148,0.575549433937035,-1.00560425948563e-05,1.78740643985105e-05,"s__GGB9189_SGB14128"
"fixed",NA,"ResponseResponder:Days",2.9692297403263e-06,4.57407283014701e-06,0.64914352057461,83.7816384532524,0.518021205007212,-6.12716209181689e-06,1.20656215724695e-05,"s__GGB9102_SGB54310"
"fixed",NA,"ResponseResponder:Days",2.19666602286563e-07,1.08366630762317e-06,0.202706867179771,81.4067703054582,0.839869929259965,-1.93632611789663e-06,2.37565932246976e-06,"o__Corynebacteriales"
"fixed",NA,"ResponseResponder:Days",2.19666602286563e-07,1.08366630762317e-06,0.202706867179771,81.4067703054582,0.839869929259965,-1.93632611789663e-06,2.37565932246976e-06,"f__Corynebacteriaceae"
"fixed",NA,"ResponseResponder:Days",2.19666602286563e-07,1.08366630762317e-06,0.202706867179771,81.4067703054582,0.839869929259965,-1.93632611789663e-06,2.37565932246976e-06,"g__Corynebacterium"
"fixed",NA,"ResponseResponder:Days",4.53500590973669e-05,0.000223722361902775,0.202706867170815,81.4067703071475,0.839869929266931,-0.000399753549099476,0.00049045366729421,"s__Mediterraneibacter_SGB4598"
"fixed",NA,"ResponseResponder:Days",1.02843909253929e-06,5.07352862205241e-06,0.202706867182953,81.4067702993214,0.839869929257524,-9.06552682469051e-06,1.11224050097691e-05,"s__Actinomyces_sp_ph3"
"fixed",NA,"ResponseResponder:Days",1.00403169229034e-06,4.95312125453823e-06,0.202706867184083,81.4067703091257,0.839869929256583,-8.85037947823329e-06,1.0858442862814e-05,"s__Actinomyces_naeslundii"
"fixed",NA,"ResponseResponder:Days",3.9051840421876e-07,1.92651788020428e-06,0.202706867261129,81.4067703263033,0.839869929196452,-3.44235754272957e-06,4.22339435116709e-06,"s__Diplocloster_modestus"
"fixed",NA,"ResponseResponder:Days",2.19666602286563e-07,1.08366630762317e-06,0.202706867179771,81.4067703054582,0.839869929259965,-1.93632611789663e-06,2.37565932246976e-06,"s__Corynebacterium_propinquum"
"fixed",NA,"ResponseResponder:Days",2.43143356450142e-05,0.000112080361237949,0.21693662811627,83.9999999986173,0.828783759173865,-0.000198569754190955,0.000247198425480984,"s__Anaeromassilibacillus_sp_An172"
"fixed",NA,"ResponseResponder:Days",3.9010651230901e-06,1.79825101780382e-05,0.21693662811627,83.9999999980699,0.828783759173868,-3.18591284534576e-05,3.96612586996378e-05,"s__Lacticaseibacillus_zeae"
"fixed",NA,"ResponseResponder:Days",1.87665777912856e-06,8.65071885473735e-06,0.21693662811627,83.999999999081,0.828783759173862,-1.53262453616939e-05,1.9079560919951e-05,"s__Schaalia_SGB17157"
"fixed",NA,"ResponseResponder:Days",2.15975670834425e-06,4.18814334176825e-06,0.515683569567701,77.6709099709392,0.607540241836869,-6.17875267194826e-06,1.04982660886368e-05,"g__GGB3828"
"fixed",NA,"ResponseResponder:Days",6.01011850382247e-05,6.13766478263978e-05,0.979219086845852,80.5427262384064,0.330403911423833,-6.20296029482677e-05,0.000182231973024717,"s__Clostridium_disporicum"
"fixed",NA,"ResponseResponder:Days",1.5898414574052e-05,1.62358095217298e-05,0.979219086844656,80.542726228931,0.330403911424764,-1.64085340898693e-05,4.82053632379732e-05,"s__Clostridium_SGB47280"
"fixed",NA,"ResponseResponder:Days",2.15975670834425e-06,4.18814334176825e-06,0.515683569567701,77.6709099709392,0.607540241836869,-6.17875267194826e-06,1.04982660886368e-05,"s__GGB3828_SGB5197"
"fixed",NA,"ResponseResponder:Days",2.11154209231277e-05,7.50147586159886e-05,0.281483554872456,83.2756151303956,0.779037809363295,-0.000128078614352603,0.000170309456198858,"s__Leuconostoc_mesenteroides"
"fixed",NA,"ResponseResponder:Days",1.93074571250611e-06,6.85917766672095e-06,0.281483554781445,83.2756157743504,0.779037809427459,-1.17112150634167e-05,1.55727064884289e-05,"s__Fusobacterium_nucleatum"
"fixed",NA,"ResponseResponder:Days",5.11079747163866e-07,1.81566467647985e-06,0.281483554636713,83.2756153674439,0.779037809541476,-3.10002751730091e-06,4.12218701162864e-06,"s__Streptococcus_cristatus"
"fixed",NA,"ResponseResponder:Days",4.32806272824424e-07,1.53758990621688e-06,0.281483554928706,83.2756148434057,0.779037809322709,-2.6252485280143e-06,3.49086107366315e-06,"s__Oxalobacter_SGB9385"
"fixed",NA,"ResponseResponder:Days",-2.84569184648965e-05,0.000116021162734005,-0.245273515575241,83.9999999978173,0.806842894617365,-0.000259177724251588,0.000202263887321795,"s__Fusobacterium_ulcerans"
"fixed",NA,"ResponseResponder:Days",-1.74234658635648e-05,1.94846492156628e-05,-0.894215013609732,84.0000000002837,0.373761873262695,-5.61708276514606e-05,2.1323895924331e-05,"s__Schaalia_SGB17168"
"fixed",NA,"ResponseResponder:Days",-7.73416130190921e-06,3.15328024053891e-05,-0.245273515575241,83.9999999975571,0.806842894617367,-7.04405969921275e-05,5.49722743883091e-05,"g__GGB3627"
"fixed",NA,"ResponseResponder:Days",-7.73416130190921e-06,3.15328024053891e-05,-0.245273515575241,83.9999999975571,0.806842894617367,-7.04405969921275e-05,5.49722743883091e-05,"s__GGB3627_SGB4906"
"fixed",NA,"ResponseResponder:Days",2.34248624482388e-17,4.85962095392815e-10,4.82030649516069e-08,0.0179090216561331,0.999999993627997,-1.45174853157755e+62,1.45174853157755e+62,"s__Bifidobacterium_angulatum"
"fixed",NA,"ResponseResponder:Days",1.10048867793513e-18,1.73899785359669e-11,6.32829233031565e-08,3.96571681740429e-05,0.999999999601493,-Inf,Inf,"s__Firmicutes_unclassified_SGB4554"
"fixed",NA,"ResponseResponder:Days",1.60666450477182e-20,5.25049525306942e-13,3.06002467830548e-08,5.21721361584639e-08,0.99999999999301,-Inf,Inf,"s__Pseudoflavonifractor_sp_MSJ_37"
"fixed",NA,"ResponseResponder:Days",1.13402011911327e-16,7.43972324402686e-12,1.52427729085721e-05,8.03857695311883e-06,0.999999956783553,-Inf,Inf,"c__CFGB4623"
"fixed",NA,"ResponseResponder:Days",1.13402011911327e-16,7.43972324402686e-12,1.52427729085721e-05,8.03857695311883e-06,0.999999956783553,-Inf,Inf,"o__OFGB4623"
"fixed",NA,"ResponseResponder:Days",1.13402011911327e-16,7.43972324402686e-12,1.52427729085721e-05,8.03857695311883e-06,0.999999956783553,-Inf,Inf,"f__FGB4623"
"fixed",NA,"ResponseResponder:Days",3.82370768028609e-13,2.63590372204011e-08,1.4506249406282e-05,6.80408004625025,0.999988841800753,-6.26945140567922e-08,6.26952787983282e-08,"g__GGB1494"
"fixed",NA,"ResponseResponder:Days",4.18060661955931e-21,1.89358214192494e-13,2.20777674598762e-08,7.39303580570254e-09,0.999999999998102,-Inf,Inf,"g__Velocimicrobium"
"fixed",NA,"ResponseResponder:Days",1.13402011911327e-16,7.43972324402686e-12,1.52427729085721e-05,8.03857695311883e-06,0.999999956783553,-Inf,Inf,"g__GGB9525"
"fixed",NA,"ResponseResponder:Days",3.37858593003445e-18,1.11596063163193e-10,3.02751354686568e-08,0.0012487157307985,0.999999998931087,-Inf,Inf,"s__Phocaeicola_sartorii"
"fixed",NA,"ResponseResponder:Days",3.82370768028609e-13,2.63590372204011e-08,1.4506249406282e-05,6.80408004625025,0.999988841800753,-6.26945140567922e-08,6.26952787983282e-08,"s__GGB1494_SGB2069"
"fixed",NA,"ResponseResponder:Days",4.18060661955931e-21,1.89358214192494e-13,2.20777674598762e-08,7.39303580570254e-09,0.999999999998102,-Inf,Inf,"s__Velocimicrobium_porci"
"fixed",NA,"ResponseResponder:Days",1.13402011911327e-16,7.43972324402686e-12,1.52427729085721e-05,8.03857695311883e-06,0.999999956783553,-Inf,Inf,"s__GGB9525_SGB14925"
"fixed",NA,"ResponseResponder:Days",5.30654180998124e-05,4.63556832254632e-05,1.14474460103877,69.0020418715423,0.256270229710806,-3.94115907949951e-05,0.00014554242699462,"g__Allisonella"
"fixed",NA,"ResponseResponder:Days",0.000293039912571387,0.000256959441487767,1.1404130973928,67.7366923676822,0.258130495558294,-0.000219750762613976,0.00080583058775675,"s__Megasphaera_sp_DJF_B143"
"fixed",NA,"ResponseResponder:Days",5.30654180998124e-05,4.63556832254632e-05,1.14474460103877,69.0020418715423,0.256270229710806,-3.94115907949951e-05,0.00014554242699462,"s__Allisonella_histaminiformans"
"fixed",NA,"ResponseResponder:Days",4.09744600223758e-16,1.89641996298299e-11,2.16062163561728e-05,4.66442585970847e-05,0.999999852441901,-Inf,Inf,"c__CFGB4559"
"fixed",NA,"ResponseResponder:Days",4.09744600223758e-16,1.89641996298299e-11,2.16062163561728e-05,4.66442585970847e-05,0.999999852441901,-Inf,Inf,"o__OFGB4559"
"fixed",NA,"ResponseResponder:Days",4.09744600223758e-16,1.89641996298299e-11,2.16062163561728e-05,4.66442585970847e-05,0.999999852441901,-Inf,Inf,"f__FGB4559"
"fixed",NA,"ResponseResponder:Days",4.09744600223758e-16,1.89641996298299e-11,2.16062163561728e-05,4.66442585970847e-05,0.999999852441901,-Inf,Inf,"g__GGB2983"
"fixed",NA,"ResponseResponder:Days",4.09744600223758e-16,1.89641996298299e-11,2.16062163561728e-05,4.66442585970847e-05,0.999999852441901,-Inf,Inf,"s__GGB2983_SGB3965"
"fixed",NA,"ResponseResponder:Days",1.5094411705886e-14,5.91407747870776e-10,2.5522850791573e-05,0.0253828808422665,0.999996003575598,-8.58573500681051e+40,8.58573500681051e+40,"g__Faecalicoccus"
"fixed",NA,"ResponseResponder:Days",2.04020889494834e-20,8.09900967865465e-13,2.51908440154777e-08,1.19416941400102e-07,0.999999999991295,-Inf,Inf,"g__GGB42689"
"fixed",NA,"ResponseResponder:Days",1.5094411705886e-14,5.91407747870776e-10,2.5522850791573e-05,0.0253828808422665,0.999996003575598,-8.58573500681051e+40,8.58573500681051e+40,"s__Faecalicoccus_pleomorphus"
"fixed",NA,"ResponseResponder:Days",2.04020889494834e-20,8.09900967865465e-13,2.51908440154777e-08,1.19416941400102e-07,0.999999999991295,-Inf,Inf,"s__GGB42689_SGB59892"
"fixed",NA,"ResponseResponder:Days",8.5251585967484e-21,2.69915217659089e-13,3.15845793011787e-08,1.45925910002941e-08,0.999999999996185,-Inf,Inf,"s__Streptococcus_agalactiae"
"fixed",NA,"ResponseResponder:Days",-1.10955723639744e-06,1.37634067480747e-06,-0.806164677617076,80.3464058977569,0.422527590652848,-3.84838119436294e-06,1.62926672156807e-06,"s__Streptococcus_oralis"
