"effect","group","term","estimate","std.error","statistic","p.value","padj"
"fixed",NA,"p__Bacteroidota_tertmed:Days",0.0332853808851058,0.00270202672007868,12.3186719945303,7.18680193702682e-35,8.41574506825841e-32
"fixed",NA,"p__Bacteroidota_terthigh:Days",0.0491289375633597,0.00272304013005702,18.0419440099588,9.12757905151069e-73,1.0688395069319e-69
"fixed",NA,"p__Firmicutes_tertmed:Days",0.286169918472714,0.00250136882263082,114.405327148731,0,0
"fixed",NA,"p__Firmicutes_terthigh:Days",0.0666986028737164,0.00242680120417506,27.4841642401398,2.71492035190386e-166,3.17917173207942e-163
"fixed",NA,"p__Actinobacteria_tertmed:Days",0.0280242456259679,0.083425435952594,0.335919678524574,0.7369314371659,1
"fixed",NA,"p__Actinobacteria_terthigh:Days",0.0294144606294639,0.0936074027945421,0.314232205480857,0.753344684145138,1
"fixed",NA,"p__Proteobacteria_tertmed:Days",0.000768470265391842,0.00945591673014705,0.0812687217244447,0.935228248135412,1
"fixed",NA,"p__Proteobacteria_terthigh:Days",0.195922167895045,0.00997329337653813,19.6446810996201,6.41986823752506e-86,7.51766570614185e-83
"fixed",NA,"c__Bacteroidia_tertmed:Days",0.0129803520105069,0.0784694239269557,0.165419234154055,0.868614015555686,1
"fixed",NA,"c__Bacteroidia_terthigh:Days",-0.0148747905708102,0.0817913672564767,-0.18186259833714,0.855690557164385,1
"fixed",NA,"c__Clostridia_tertmed:Days",0.0121882253086875,0.0741969824055869,0.164268477147256,0.869519796158874,1
"fixed",NA,"c__Clostridia_terthigh:Days",0.00656096344082529,0.074073170423883,0.088574086991015,0.92942040270775,1
"fixed",NA,"c__Negativicutes_tertmed:Days",-0.00313310502773512,0.0902178030985371,-0.0347282345626739,0.972296446576776,1
"fixed",NA,"c__Negativicutes_terthigh:Days",0.0199754971452628,0.0845782584232656,0.236177683457336,0.813294795748709,1
"fixed",NA,"c__Actinomycetia_tertmed:Days",0.0036555317423976,0.0963372741060791,0.0379451440402228,0.969731419208845,1
"fixed",NA,"c__Actinomycetia_terthigh:Days",0.526610102533689,0.218864871324981,2.40609696451357,0.0161239844312787,1
"fixed",NA,"c__Betaproteobacteria_tertmed:Days",-0.00201607205016766,0.0747707850089145,-0.0269633661051879,0.978488953013692,1
"fixed",NA,"c__Betaproteobacteria_terthigh:Days",0.025129221828072,0.10414019589029,0.241301849043431,0.809321177898613,1
"fixed",NA,"c__Coriobacteriia_tertmed:Days",0.00746841351240421,0.071152403362594,0.104963615555543,0.916404679771388,1
"fixed",NA,"c__Coriobacteriia_terthigh:Days",0.0022345979628687,0.077607119054894,0.0287937239531865,0.977029106366072,1
"fixed",NA,"c__Deltaproteobacteria_tertmed:Days",0.0061589538212466,0.0744163112558167,0.0827634925369293,0.934039598234055,1
"fixed",NA,"c__Deltaproteobacteria_terthigh:Days",0.0193972785432218,0.0951362501612886,0.203889458648378,0.838439882834265,1
"fixed",NA,"c__Bacilli_tertmed:Days",0.0132688531084077,0.0747113638496608,0.17760153776751,0.859035916780738,1
"fixed",NA,"c__Bacilli_terthigh:Days",0.00354792551562594,0.071586114201013,0.0495616441152735,0.960471712609216,1
"fixed",NA,"c__Firmicutes_unclassified_tertmed:Days",-0.0120446584453629,0.0933810819689116,-0.128983924703002,0.897370368795584,1
"fixed",NA,"c__Firmicutes_unclassified_terthigh:Days",-0.0347063845790947,0.0931137663048405,-0.372730971545831,0.709348682921528,1
"fixed",NA,"c__CFGB79266_tertlow:Days",-0.00207769672076362,0.0838987257516988,-0.0247643417959962,0.980242933454509,1
"fixed",NA,"c__CFGB28775_tertlow:Days",-0.00953448040836459,0.173021390602646,-0.0551057899555387,0.956054183438349,1
"fixed",NA,"c__Gammaproteobacteria_tertmed:Days",-0.0239996985356486,0.100149691968387,-0.239638266118925,0.810610696896604,1
"fixed",NA,"c__Gammaproteobacteria_terthigh:Days",-0.0193522676897172,0.0918700459564898,-0.210648285719619,0.833161731037957,1
"fixed",NA,"o__Bacteroidales_tertmed:Days",0.0129803520105069,0.0784694239269557,0.165419234154055,0.868614015555686,1
"fixed",NA,"o__Bacteroidales_terthigh:Days",-0.0148747905708102,0.0817913672564767,-0.18186259833714,0.855690557164385,1
"fixed",NA,"o__Eubacteriales_tertmed:Days",0.0132925613384954,0.0738458775881771,0.180004108186313,0.857149343014459,1
"fixed",NA,"o__Eubacteriales_terthigh:Days",0.00590890018885437,0.0745128999696222,0.0793003653228278,0.93679371573276,1
"fixed",NA,"o__Bifidobacteriales_tertmed:Days",-0.000705205318946225,0.0823948131929733,-0.00855885572911725,0.993171104529698,1
"fixed",NA,"o__Bifidobacteriales_terthigh:Days",0.0339406915130742,0.0868277479361996,0.390896831022423,0.695873496465389,1
"fixed",NA,"o__Acidaminococcales_tertmed:Days",-0.00818435097171315,0.0804106226389714,-0.1017819624213,0.918929743189695,1
"fixed",NA,"o__Acidaminococcales_terthigh:Days",0.00320723531285352,0.112236879611749,0.028575592300392,0.977203078655954,1
"fixed",NA,"o__Veillonellales_tertmed:Days",0.00832038985713868,0.00233063586282717,3.57000850705422,0.000356969634890826,0.418011442457157
"fixed",NA,"o__Veillonellales_terthigh:Days",-0.00309856962550984,0.0022708886003443,-1.36447451673325,0.172418269225154,1
"fixed",NA,"o__Burkholderiales_tertmed:Days",-0.00201607205016766,0.0747707850089145,-0.0269633661051879,0.978488953013692,1
"fixed",NA,"o__Burkholderiales_terthigh:Days",0.025129221828072,0.10414019589029,0.241301849043431,0.809321177898613,1
"fixed",NA,"o__Coriobacteriales_tertmed:Days",-0.0106500884359745,0.0701183099940852,-0.151887409107164,0.879275739148884,1
"fixed",NA,"o__Coriobacteriales_terthigh:Days",-0.0069555022000371,0.0773445880079595,-0.089928751050058,0.9283438336777,1
"fixed",NA,"o__Desulfovibrionales_tertmed:Days",0.0061589538212466,0.0744163112558167,0.0827634925369293,0.934039598234055,1
"fixed",NA,"o__Desulfovibrionales_terthigh:Days",0.0193972785432218,0.0951362501612886,0.203889458648378,0.838439882834265,1
"fixed",NA,"o__Lactobacillales_tertmed:Days",0.0132688531084077,0.0747113638496608,0.17760153776751,0.859035916780738,1
"fixed",NA,"o__Lactobacillales_terthigh:Days",0.00354792551562594,0.071586114201013,0.0495616441152735,0.960471712609216,1
"fixed",NA,"o__Firmicutes_unclassified_tertmed:Days",-0.0120446584453629,0.0933810819689116,-0.128983924703002,0.897370368795584,1
"fixed",NA,"o__Firmicutes_unclassified_terthigh:Days",-0.0347063845790947,0.0931137663048405,-0.372730971545831,0.709348682921528,1
"fixed",NA,"o__Clostridia_unclassified_tertlow:Days",-0.0283940185139926,0.119860663138894,-0.236891885714745,0.81274066510881,1
"fixed",NA,"o__OFGB79266_tertlow:Days",-0.00207769672076362,0.0838987257516988,-0.0247643417959962,0.980242933454509,1
"fixed",NA,"o__Eggerthellales_tertmed:Days",0.0118948432523328,0.0837666642675353,0.141999724548453,0.887080223260292,1
"fixed",NA,"o__Eggerthellales_terthigh:Days",0.00360069919243593,0.0791213648733815,0.0455085576215496,0.963701953971477,1
"fixed",NA,"o__OFGB28775_tertlow:Days",-0.00953448040836459,0.173021390602646,-0.0551057899555387,0.956054183438349,1
"fixed",NA,"o__Enterobacterales_tertmed:Days",-0.021220335285709,0.100452072325081,-0.211248357495663,0.832693478242823,1
"fixed",NA,"o__Enterobacterales_terthigh:Days",-0.0158219435369253,0.0841705162645045,-0.187974890010239,0.85089633515371,1
"fixed",NA,"f__Bacteroidaceae_tertmed:Days",-0.00482699278447201,0.0767945401844025,-0.0628559370611663,0.949881222554184,1
"fixed",NA,"f__Bacteroidaceae_terthigh:Days",0.0227265651726917,0.100128469801641,0.226974058604052,0.820443913998642,1
"fixed",NA,"f__Lachnospiraceae_tertmed:Days",0.0182479360198083,0.0784596368542842,0.232577370370685,0.816089601301612,1
"fixed",NA,"f__Lachnospiraceae_terthigh:Days",0.0246659940576908,0.0861918147927393,0.286175597033242,0.774743633239233,1
"fixed",NA,"f__Bifidobacteriaceae_tertmed:Days",-0.000705205318946225,0.0823948131929733,-0.00855885572911725,0.993171104529698,1
"fixed",NA,"f__Bifidobacteriaceae_terthigh:Days",0.0339406915130742,0.0868277479361996,0.390896831022423,0.695873496465389,1
"fixed",NA,"f__Acidaminococcaceae_tertmed:Days",-0.00818435097171315,0.0804106226389714,-0.1017819624213,0.918929743189695,1
"fixed",NA,"f__Acidaminococcaceae_terthigh:Days",0.00320723531285352,0.112236879611749,0.028575592300392,0.977203078655954,1
"fixed",NA,"f__Rikenellaceae_tertmed:Days",0.0138688504415152,0.0800323718728376,0.173290508790008,0.862423083719722,1
"fixed",NA,"f__Rikenellaceae_terthigh:Days",0.0262333670385754,0.0892933480457784,0.29378859246185,0.768919452524453,1
"fixed",NA,"f__Veillonellaceae_tertmed:Days",0.00832038985713868,0.00233063586282717,3.57000850705422,0.000356969634890826,0.418011442457157
"fixed",NA,"f__Veillonellaceae_terthigh:Days",-0.00309856962550984,0.0022708886003443,-1.36447451673325,0.172418269225154,1
"fixed",NA,"f__Clostridiaceae_tertmed:Days",-0.00557891453106221,0.0842476949288986,-0.0662203818842827,0.947202369991887,1
"fixed",NA,"f__Clostridiaceae_terthigh:Days",0.00496928903704077,0.0839683868792985,0.0591804751969803,0.952808360917399,1
"fixed",NA,"f__Tannerellaceae_tertmed:Days",0.0151487597160479,0.0779829076969243,0.194257436192589,0.845974311733213,1
"fixed",NA,"f__Tannerellaceae_terthigh:Days",0.0218622675317911,0.0816009490581089,0.267916829205292,0.788763339278697,1
"fixed",NA,"f__Sutterellaceae_tertmed:Days",-0.0035699378201449,0.0720656943452751,-0.0495372708551299,0.96049113579913,1
"fixed",NA,"f__Sutterellaceae_terthigh:Days",0.0250340984790382,0.105241508656425,0.237872858329742,0.811979707266918,1
"fixed",NA,"f__Oscillospiraceae_tertmed:Days",0.401920317969372,0.169204756686165,2.37534881312374,0.0175323731572557,1
"fixed",NA,"f__Oscillospiraceae_terthigh:Days",-0.0119997635467113,0.12410693577222,-0.0966889035817878,0.92297345219922,1
"fixed",NA,"f__Coriobacteriaceae_tertmed:Days",-0.0106500884359745,0.0701183099940852,-0.151887409107164,0.879275739148884,1
"fixed",NA,"f__Coriobacteriaceae_terthigh:Days",-0.0069555022000371,0.0773445880079595,-0.089928751050058,0.9283438336777,1
"fixed",NA,"f__Desulfovibrionaceae_tertmed:Days",0.0061589538212466,0.0744163112558167,0.0827634925369293,0.934039598234055,1
"fixed",NA,"f__Desulfovibrionaceae_terthigh:Days",0.0193972785432218,0.0951362501612886,0.203889458648378,0.838439882834265,1
"fixed",NA,"f__Odoribacteraceae_tertmed:Days",0.014673746745728,0.0798585852735856,0.183746640332502,0.854212218096118,1
"fixed",NA,"f__Odoribacteraceae_terthigh:Days",0.0299378962346912,0.0888237957579112,0.337048152234868,0.736080601342929,1
"fixed",NA,"f__Streptococcaceae_tertmed:Days",0.0183225327881638,0.0746702756191984,0.245379203923186,0.806162829746845,1
"fixed",NA,"f__Streptococcaceae_terthigh:Days",0.00679521516889184,0.0730067181755495,0.0930765734812554,0.925842728284461,1
"fixed",NA,"f__Firmicutes_unclassified_tertmed:Days",-0.0120446584453629,0.0933810819689116,-0.128983924703002,0.897370368795584,1
"fixed",NA,"f__Firmicutes_unclassified_terthigh:Days",-0.0347063845790947,0.0931137663048405,-0.372730971545831,0.709348682921528,1
"fixed",NA,"f__Eubacteriales_unclassified_tertmed:Days",-0.00207897455943305,0.0972206171392566,-0.0213840913646452,0.982939263917016,1
"fixed",NA,"f__Eubacteriales_unclassified_terthigh:Days",-0.00201179283173886,0.0793615871450551,-0.0253497051169322,0.979776027702369,1
"fixed",NA,"f__Lactobacillaceae_tertlow:Days",0.0118408401555145,0.0830271814127478,0.14261402054167,0.88659502388255,1
"fixed",NA,"f__Clostridia_unclassified_tertlow:Days",-0.0283940185139926,0.119860663138894,-0.236891885714745,0.81274066510881,1
"fixed",NA,"f__FGB79266_tertlow:Days",-0.00207769672076362,0.0838987257516988,-0.0247643417959962,0.980242933454509,1
"fixed",NA,"f__Eggerthellaceae_tertmed:Days",0.0118948432523328,0.0837666642675353,0.141999724548453,0.887080223260292,1
"fixed",NA,"f__Eggerthellaceae_terthigh:Days",0.00360069919243593,0.0791213648733815,0.0455085576215496,0.963701953971477,1
"fixed",NA,"f__FGB28775_tertlow:Days",-0.00953448040836459,0.173021390602646,-0.0551057899555387,0.956054183438349,1
"fixed",NA,"f__Enterobacteriaceae_tertmed:Days",-0.021220335285709,0.100452072325081,-0.211248357495663,0.832693478242823,1
"fixed",NA,"f__Enterobacteriaceae_terthigh:Days",-0.0158219435369253,0.0841705162645045,-0.187974890010239,0.85089633515371,1
"fixed",NA,"g__Phocaeicola_tertmed:Days",-0.00225332639730731,0.0746500181090034,-0.0301852089843706,0.975919344677788,1
"fixed",NA,"g__Phocaeicola_terthigh:Days",-0.00174903729610102,0.0780022807700941,-0.0224228994182386,0.982110613848377,1
"fixed",NA,"g__Bacteroides_tertmed:Days",0.0105619058744539,0.0774275716302902,0.136410139851552,0.891497058164993,1
"fixed",NA,"g__Bacteroides_terthigh:Days",0.025888959159706,0.0817137912200713,0.316824844045994,0.751376511780701,1
"fixed",NA,"g__Bifidobacterium_tertmed:Days",-0.000705205318946225,0.0823948131929733,-0.00855885572911725,0.993171104529698,1
"fixed",NA,"g__Bifidobacterium_terthigh:Days",0.0339406915130742,0.0868277479361996,0.390896831022423,0.695873496465389,1
"fixed",NA,"g__Blautia_tertmed:Days",0.136524825848773,0.4689039170881,0.291157358412774,0.77093097345782,1
"fixed",NA,"g__Blautia_terthigh:Days",0.271143878828023,0.103055702475383,2.63104197356562,0.00851235220954397,1
"fixed",NA,"g__Alistipes_tertmed:Days",0.0125075439114953,0.0800656327366992,0.156216137735739,0.875862656824966,1
"fixed",NA,"g__Alistipes_terthigh:Days",0.0311743465810243,0.08831321524659,0.352997526972363,0.724090294539487,1
"fixed",NA,"g__Megasphaera_tertlow:Days",0.00419569215441051,0.107334870124245,0.0390897398911818,0.968818841099325,1
"fixed",NA,"g__Acidaminococcus_tertlow:Days",0.00469873464574077,0.0986907809929349,0.0476106744567879,0.962026524692307,1
"fixed",NA,"g__Lachnospiraceae_unclassified_tertmed:Days",-0.00899113785750851,0.0762094805023394,-0.117979256625854,0.90608409389478,1
"fixed",NA,"g__Lachnospiraceae_unclassified_terthigh:Days",-0.00573769588340073,0.0886615455519862,-0.064714593544238,0.948401243211903,1
"fixed",NA,"g__Parabacteroides_tertmed:Days",0.0151487597160479,0.0779829076969243,0.194257436192589,0.845974311733213,1
"fixed",NA,"g__Parabacteroides_terthigh:Days",0.0218622675317911,0.0816009490581089,0.267916829205292,0.788763339278697,1
"fixed",NA,"g__Clostridium_tertmed:Days",-0.0154307349712676,0.0924118230398557,-0.166977930568609,0.867387413972694,1
"fixed",NA,"g__Clostridium_terthigh:Days",-0.00716761534998922,0.0952929835385342,-0.0752166117990294,0.94004236749023,1
"fixed",NA,"g__Parasutterella_tertmed:Days",0.00857178430830866,0.115802884734467,0.0740204730474852,0.940994094810443,1
"fixed",NA,"g__Parasutterella_terthigh:Days",0.013622424414792,0.0853650707445854,0.159578435254282,0.873213167438458,1
"fixed",NA,"g__Phascolarctobacterium_tertmed:Days",-0.00465235123166973,0.0768754300916099,-0.0605180514258676,0.951743039240447,1
"fixed",NA,"g__Phascolarctobacterium_terthigh:Days",0.000482438049748419,0.119703125351052,0.00403028783361821,0.996784304267509,1
"fixed",NA,"g__Dorea_tertmed:Days",-0.0353944774892717,0.0896618494060682,-0.394755157558419,0.693023591804299,1
"fixed",NA,"g__Dorea_terthigh:Days",0.00526127824397456,0.130219314332679,0.0404032095464214,0.967771671492287,1
"fixed",NA,"g__Collinsella_tertmed:Days",-0.0138963020671064,0.0714594666406133,-0.194464116797768,0.845812490015477,1
"fixed",NA,"g__Collinsella_terthigh:Days",-0.0082645063754919,0.0770819534887466,-0.107217137104581,0.91461672035318,1
"fixed",NA,"g__Bilophila_tertmed:Days",0.0284292215485858,0.105134925724493,0.270407016057488,0.78684714305769,1
"fixed",NA,"g__Bilophila_terthigh:Days",0.0134412447797837,0.082901922945557,0.162134294383144,0.871200100461617,1
"fixed",NA,"g__Odoribacter_tertmed:Days",0.00515983278745518,0.0760229692642224,0.067872023907957,0.94588750907098,1
"fixed",NA,"g__Odoribacter_terthigh:Days",0.0274337184250564,0.0889663186111238,0.308360724073237,0.757807864414961,1
"fixed",NA,"g__Anaerostipes_tertmed:Days",0.0103391254372102,0.0904900898096566,0.114256991665698,0.909034074841882,1
"fixed",NA,"g__Anaerostipes_terthigh:Days",0.01720953757732,0.0793953906277188,0.21675738907835,0.828397421019657,1
"fixed",NA,"g__Dysosmobacter_tertmed:Days",0.00351016137440472,0.0787363884762827,0.0445811833935216,0.964441141222729,1
"fixed",NA,"g__Dysosmobacter_terthigh:Days",0.0159188833796755,0.0888785677420197,0.179108234798314,0.857852716131407,1
"fixed",NA,"g__Flavonifractor_tertmed:Days",0.00905012532691338,0.0765640302613015,0.118203356014915,0.9059065308866,1
"fixed",NA,"g__Flavonifractor_terthigh:Days",0.0486099642360352,0.124068937395081,0.391798021782384,0.695207456837512,1
"fixed",NA,"g__Streptococcus_tertmed:Days",0.0183225327881638,0.0746702756191984,0.245379203923186,0.806162829746845,1
"fixed",NA,"g__Streptococcus_terthigh:Days",0.00679521516889184,0.0730067181755495,0.0930765734812554,0.925842728284461,1
"fixed",NA,"g__Roseburia_tertmed:Days",-0.00528948062395138,0.0707414266550592,-0.0747720377444931,0.940396090167209,1
"fixed",NA,"g__Roseburia_terthigh:Days",0.0188351553163274,0.084451345307249,0.223029665753716,0.823512418015122,1
"fixed",NA,"g__Clostridiaceae_unclassified_tertmed:Days",0.0017983098902166,0.0787257919876349,0.0228427030686341,0.981775744777885,1
"fixed",NA,"g__Clostridiaceae_unclassified_terthigh:Days",-0.0011452462069086,0.0695524047915683,-0.0164659469408803,0.986862668807982,1
"fixed",NA,"g__Dialister_tertmed:Days",-0.143962074195237,0.816737614186563,-0.176264777934364,0.8600859318911,1
"fixed",NA,"g__Dialister_terthigh:Days",-0.00491954794032782,0.286133171252945,-0.0171932108353103,0.986282478358631,1
"fixed",NA,"g__Coprococcus_tertmed:Days",-0.0135907264328052,0.0837162236400518,-0.162342803364378,0.87103590951027,1
"fixed",NA,"g__Coprococcus_terthigh:Days",-0.0100792872003066,0.0866244707515733,-0.116356118690902,0.907370311314449,1
"fixed",NA,"g__Eubacteriales_unclassified_tertmed:Days",0.00566680528725985,0.0688696158122559,0.0822830971310776,0.934421595372539,1
"fixed",NA,"g__Eubacteriales_unclassified_terthigh:Days",0.0531991452416673,0.11394327750827,0.466891477979525,0.640577522717203,1
"fixed",NA,"g__GGB9512_tertmed:Days",-0.0518287704690448,0.118967030992141,-0.435656585163236,0.663085909351183,1
"fixed",NA,"g__GGB9512_terthigh:Days",-0.0428100321954068,0.105688696125797,-0.405057813793554,0.685435014865638,1
"fixed",NA,"g__Mediterraneibacter_tertmed:Days",0.00167083594570322,0.0744697737484419,0.0224364310726562,0.982099819865749,1
"fixed",NA,"g__Mediterraneibacter_terthigh:Days",0.0440613437584494,0.119910931661407,0.367450599774053,0.713282934062313,1
"fixed",NA,"g__GGB3550_tertmed:Days",0.0631894329282266,0.730178374881044,0.0865397211174887,0.931037381606342,1
"fixed",NA,"g__GGB3550_terthigh:Days",0.0101531443114101,0.0712649270962918,0.142470423041215,0.88670844002765,1
"fixed",NA,"g__Enterocloster_tertmed:Days",0.0122110225146459,0.0849441567395224,0.143753531535906,0.885695098101486,1
"fixed",NA,"g__Enterocloster_terthigh:Days",0.00292477763114038,0.0833059817264956,0.0351088549768588,0.97199294051621,1
"fixed",NA,"g__GGB38744_tertlow:Days",0.0312743174174689,0.121388655041335,0.25763789381157,0.796686381666044,1
"fixed",NA,"g__GGB9575_tertlow:Days",0.00852057119156035,0.1304868808013,0.0652982977233941,0.947936497673676,1
"fixed",NA,"g__Clostridia_unclassified_tertlow:Days",-0.0283940185139926,0.119860663138894,-0.236891885714745,0.81274066510881,1
"fixed",NA,"g__Monoglobus_tertmed:Days",0.0119938542459225,0.0767841411751545,0.156202232158369,0.875873617326073,1
"fixed",NA,"g__Monoglobus_terthigh:Days",0.0223694349919029,0.0789504237741288,0.283335211168723,0.776919888063995,1
"fixed",NA,"g__GGB3493_tertlow:Days",-0.00207769672076362,0.0838987257516988,-0.0247643417959962,0.980242933454509,1
"fixed",NA,"g__GGB36331_tertlow:Days",0.00675515955952888,0.0649801185523202,0.10395732894962,0.917203211591819,1
"fixed",NA,"g__Firmicutes_unclassified_tertlow:Days",0.0164984709710458,0.0708956637048133,0.232714810876729,0.815982867522866,1
"fixed",NA,"g__GGB3600_tertlow:Days",0.0231389455013268,0.159902404814964,0.14470667610098,0.884942467878284,1
"fixed",NA,"g__Brotolimicola_tertmed:Days",0.00101352403535251,0.0772518481163841,0.013119738363095,0.989532263616785,1
"fixed",NA,"g__Brotolimicola_terthigh:Days",0.000581877860594754,0.0962424883185961,0.00604595611315178,0.995176054350794,1
"fixed",NA,"g__Eggerthella_tertmed:Days",-0.00160317350237438,0.108630594057769,-0.0147580294140877,0.988225223607445,1
"fixed",NA,"g__Eggerthella_terthigh:Days",0.00958478493512407,0.0769015116601987,0.124637145983241,0.900810819437603,1
"fixed",NA,"g__Phocea_tertlow:Days",-0.00553378116700657,0.0677380949247772,-0.081693782105207,0.934890222994577,1
"fixed",NA,"g__Ruthenibacterium_tertmed:Days",0.0052517432435472,0.0702828985363447,0.0747229177070923,0.940435172952642,1
"fixed",NA,"g__Ruthenibacterium_terthigh:Days",0.015210081754125,0.0869457544443414,0.174937601626791,0.861128663999231,1
"fixed",NA,"g__Pseudoflavonifractor_tertmed:Days",-0.0105201926325514,0.299140803649204,-0.0351680295841158,0.971945755149814,1
"fixed",NA,"g__Pseudoflavonifractor_terthigh:Days",0.0492372689189162,0.106873664315085,0.460705349951834,0.645010016169902,1
"fixed",NA,"g__GGB3511_tertlow:Days",-0.00953448040836459,0.173021390602646,-0.0551057899555387,0.956054183438349,1
"fixed",NA,"g__Escherichia_tertlow:Days",0.00673545615185259,0.063765670495708,0.105628249487409,0.915877310281005,1
"fixed",NA,"g__GGB3433_tertmed:Days",0.818236726023024,0.00346044793140167,236.453991576632,0,0
"fixed",NA,"g__GGB3433_terthigh:Days",-0.00759469579194244,0.00344774296946878,-2.20280219819072,0.0276086931756874,1
"fixed",NA,"s__Phocaeicola_coprocola_tertlow:Days",0.0292076742212066,0.0894771209350814,0.326426173707553,0.744101937342043,1
"fixed",NA,"s__Bacteroides_eggerthii_tertmed:Days",-0.0265861600903105,0.0971418474406102,-0.273683904421979,0.784327548069599,1
"fixed",NA,"s__Bacteroides_eggerthii_terthigh:Days",-0.0240631588904934,0.0829097430016066,-0.290233186346111,0.771637849285465,1
"fixed",NA,"s__Phocaeicola_vulgatus_tertmed:Days",-0.0253929965782011,0.0884770383732113,-0.287000978390451,0.774111571088761,1
"fixed",NA,"s__Phocaeicola_vulgatus_terthigh:Days",0.0112674513032803,0.100314816773405,0.112320907974458,0.910568964534494,1
"fixed",NA,"s__Bifidobacterium_adolescentis_tertlow:Days",-0.00360983043606444,0.0660771229540598,-0.0546305631159847,0.956432789264214,1
"fixed",NA,"s__Megasphaera_massiliensis_tertlow:Days",0.00528214055525573,0.107612854800178,0.0490846615403328,0.960851826990534,1
"fixed",NA,"s__Acidaminococcus_intestini_tertlow:Days",0.0165171348139544,0.00195167036721702,8.46307608671998,2.60415688560807e-17,3.04946771304705e-14
"fixed",NA,"s__Alistipes_putredinis_tertmed:Days",0.0171999403181313,0.0843743441642439,0.203852729031585,0.83846858608443,1
"fixed",NA,"s__Alistipes_putredinis_terthigh:Days",0.0106783327242404,0.0780703825596101,0.136778281009281,0.891206051521129,1
"fixed",NA,"s__Eubacterium_rectale_tertmed:Days",-0.015429161871565,0.0921591061364326,-0.167418744803402,0.867040577104881,1
"fixed",NA,"s__Eubacterium_rectale_terthigh:Days",-0.00311753269855049,0.104842097928745,-0.0297355047270163,0.976277995755785,1
"fixed",NA,"s__Blautia_wexlerae_tertmed:Days",0.0260654971938897,0.108564801086229,0.240091603660627,0.81025924318339,1
"fixed",NA,"s__Blautia_wexlerae_terthigh:Days",0.0188741503574612,0.0835660838147526,0.225858978856793,0.821311103549883,1
"fixed",NA,"s__Blautia_massiliensis_tertmed:Days",-0.011217454857496,0.0717031917418331,-0.156442894451399,0.875683928504155,1
"fixed",NA,"s__Blautia_massiliensis_terthigh:Days",0.00843907012211551,0.116033089088661,0.0727298582533404,0.942021088011071,1
"fixed",NA,"s__Parabacteroides_distasonis_tertmed:Days",0.00101088631714934,0.0800236089973295,0.0126323510001039,0.98992111022973,1
"fixed",NA,"s__Parabacteroides_distasonis_terthigh:Days",0.0187534662717844,0.084372370851297,0.222270229964696,0.824103525517265,1
"fixed",NA,"s__Parasutterella_SGB9260_tertlow:Days",-0.0330025537303184,0.127755420115827,-0.258326055367336,0.796155279232699,1
"fixed",NA,"s__Clostridium_sp_AT4_tertmed:Days",0.253501824012444,0.107144749832651,2.3659752289159,0.0179826475568682,1
"fixed",NA,"s__Clostridium_sp_AT4_terthigh:Days",0.0242913459703172,0.110544914900885,0.219741866842966,0.826072196453051,1
"fixed",NA,"s__Bacteroides_caccae_tertmed:Days",-0.0207240169366829,0.0888263821763812,-0.233309253725223,0.81552127343481,1
"fixed",NA,"s__Bacteroides_caccae_terthigh:Days",-0.00761544849839516,0.0869250133305091,-0.0876094027094301,0.930187128637235,1
"fixed",NA,"s__Bacteroides_ovatus_tertmed:Days",-0.0703833604476913,0.558507573759815,-0.126020422559139,0.899715758588087,1
"fixed",NA,"s__Bacteroides_ovatus_terthigh:Days",0.508752312152432,0.782911145044977,0.649821266911719,0.515807680012307,1
"fixed",NA,"s__Alistipes_onderdonkii_tertmed:Days",0.0154544696130745,0.0807819137391764,0.191311011310934,0.84828193464338,1
"fixed",NA,"s__Alistipes_onderdonkii_terthigh:Days",0.0117208214614424,0.0862378994904659,0.135912650130563,0.89189033491776,1
"fixed",NA,"s__Bacteroides_stercoris_tertmed:Days",-0.105603477044646,0.00300169113405972,-35.1813269014856,3.8596087184475e-271,4.51960180930202e-268
"fixed",NA,"s__Bacteroides_stercoris_terthigh:Days",0.00478986845181244,0.00298978338910894,1.60207875569206,0.109138195150218,1
"fixed",NA,"s__Bacteroides_uniformis_tertmed:Days",-0.00303269350330659,0.0789635650906478,-0.0384062383686089,0.969363787154461,1
"fixed",NA,"s__Bacteroides_uniformis_terthigh:Days",0.0190994182141061,0.0858216762525644,0.222547718106769,0.82388753079586,1
"fixed",NA,"s__Bifidobacterium_bifidum_tertlow:Days",0.00125109495488555,0.0898070100743477,0.0139309275951823,0.988885087468528,1
"fixed",NA,"s__Dorea_longicatena_tertmed:Days",-0.0207953767819631,0.0806907809681588,-0.257716885776196,0.796625413249884,1
"fixed",NA,"s__Dorea_longicatena_terthigh:Days",0.0101375994633239,0.117543584693715,0.0862454509086109,0.93127130068255,1
"fixed",NA,"s__Odoribacter_splanchnicus_tertmed:Days",0.00866174842089816,0.0763043550667897,0.113515780499245,0.909621652916386,1
"fixed",NA,"s__Odoribacter_splanchnicus_terthigh:Days",0.0175162786886046,0.0881512387211657,0.198707119068524,0.842491854864968,1
"fixed",NA,"s__Collinsella_aerofaciens_tertmed:Days",-0.25540369624779,0.127576900797057,-2.00195877664464,0.0452891653079918,1
"fixed",NA,"s__Collinsella_aerofaciens_terthigh:Days",-0.0127682924428152,0.108485322446837,-0.117696036245569,0.906308507569789,1
"fixed",NA,"s__Anaerostipes_hadrus_tertmed:Days",-0.00355611558702664,0.0916104935551101,-0.0388177756611189,0.969035672586959,1
"fixed",NA,"s__Anaerostipes_hadrus_terthigh:Days",0.0138928487334481,0.0851172080005463,0.163220211985324,0.870345052741807,1
"fixed",NA,"s__Dysosmobacter_welbionis_tertmed:Days",0.00893335393766279,0.0743437328559909,0.120162838136838,0.904354155292248,1
"fixed",NA,"s__Dysosmobacter_welbionis_terthigh:Days",0.0338965199984102,0.114255896118458,0.296671954358197,0.766716970731083,1
"fixed",NA,"s__Parabacteroides_merdae_tertmed:Days",-0.0100262301390654,0.084854945505102,-0.118157286878023,0.905943032942942,1
"fixed",NA,"s__Parabacteroides_merdae_terthigh:Days",-0.00419281606255366,0.0837475154547486,-0.0500649606115081,0.960070622086738,1
"fixed",NA,"s__Clostridium_SGB4750_tertmed:Days",-0.0116750020174241,0.0743796048708999,-0.156965098667683,0.875272354314224,1
"fixed",NA,"s__Clostridium_SGB4750_terthigh:Days",-0.00123804856777087,0.0885803999198199,-0.0139765520238282,0.988848687985106,1
"fixed",NA,"s__Flavonifractor_plautii_tertmed:Days",0.00583715885489113,0.0800682626538406,0.0729022793978551,0.941883880075249,1
"fixed",NA,"s__Flavonifractor_plautii_terthigh:Days",0.050862448214114,0.128521566601251,0.395750297472789,0.692289246325116,1
"fixed",NA,"s__Bacteroides_fragilis_tertmed:Days",-0.0126346624935848,0.0966895568291934,-0.130672462548406,0.896034417225065,1
"fixed",NA,"s__Bacteroides_fragilis_terthigh:Days",0.0304239413185109,0.131881752428086,0.230691060426277,0.817554818972802,1
"fixed",NA,"s__Streptococcus_salivarius_tertmed:Days",0.0306267570215731,0.0870610354094566,0.351784892949326,0.724999588983409,1
"fixed",NA,"s__Streptococcus_salivarius_terthigh:Days",0.0206043508964036,0.0749633535098218,0.274858980177614,0.783424582810878,1
"fixed",NA,"s__Blautia_faecis_tertmed:Days",0.00248852242836855,0.0747811580943775,0.0332773989034499,0.973453376838272,1
"fixed",NA,"s__Blautia_faecis_terthigh:Days",0.00535539716970374,0.0749770950083187,0.0714271094273466,0.943057834503315,1
"fixed",NA,"s__Roseburia_intestinalis_tertmed:Days",-0.00623327791052002,0.0695129224287281,-0.0896707790829974,0.928548837283842,1
"fixed",NA,"s__Roseburia_intestinalis_terthigh:Days",0.00978752436821702,0.104204740596497,0.0939259031037411,0.925168017092424,1
"fixed",NA,"s__Blautia_caecimuris_tertmed:Days",0.245314800090256,0.246891284694124,0.99361466077743,0.320410503876913,1
"fixed",NA,"s__Blautia_caecimuris_terthigh:Days",0.0218046176419064,0.111080068457895,0.196296400827044,0.844378178316168,1
"fixed",NA,"s__Clostridiaceae_bacterium_Marseille_Q3526_tertlow:Days",-0.0122272606401204,0.134849852414925,-0.0906731481062197,0.927752307426109,1
"fixed",NA,"s__Coprococcus_comes_tertmed:Days",-0.00420635772280074,0.0870728691101686,-0.0483084773223524,0.961470398517302,1
"fixed",NA,"s__Coprococcus_comes_terthigh:Days",-0.0212415006714895,0.0858107045770962,-0.247539054435861,0.804491070646038,1
"fixed",NA,"s__Clostridiales_bacterium_tertmed:Days",0.250090748234704,0.00488860791922249,51.157865872475,0,0
"fixed",NA,"s__Clostridiales_bacterium_terthigh:Days",0.236912049260487,0.0022977960131983,103.104038783116,0,0
"fixed",NA,"s__GGB9512_SGB14909_tertmed:Days",-0.0518287704690448,0.118967030992141,-0.435656585163236,0.663085909351183,1
"fixed",NA,"s__GGB9512_SGB14909_terthigh:Days",-0.0428100321954068,0.105688696125797,-0.405057813793554,0.685435014865638,1
"fixed",NA,"s__Blautia_glucerasea_tertmed:Days",-0.0136717096996857,0.141288302830598,-0.0967646254203919,0.922913316887327,1
"fixed",NA,"s__Blautia_glucerasea_terthigh:Days",0.0175757449867894,0.101673323783975,0.172864861034076,0.862757652619827,1
"fixed",NA,"s__Dorea_formicigenerans_tertmed:Days",-0.0181554502131956,0.0956604774674588,-0.189790503809388,0.849473297513304,1
"fixed",NA,"s__Dorea_formicigenerans_terthigh:Days",-0.0165287802454667,0.0965376403795931,-0.171215913093321,0.864053995411772,1
"fixed",NA,"s__GGB3550_SGB4746_tertlow:Days",0.00395859695573259,0.0703696046387334,0.0562543583420059,0.955139177988163,1
"fixed",NA,"s__Enterocloster_hominis_tertmed:Days",-0.00759984096392039,0.0859419667736915,-0.0884299167126676,0.929534984330771,1
"fixed",NA,"s__Enterocloster_hominis_terthigh:Days",-0.0124360498056349,0.0804774756902496,-0.154528328566122,0.877193176507571,1
"fixed",NA,"s__Collinsella_stercoris_tertlow:Days",0.00737500759295933,0.171665179480597,0.042961581464999,0.965732159110122,1
"fixed",NA,"s__GGB38744_SGB14842_tertlow:Days",0.0312743174174689,0.121388655041335,0.25763789381157,0.796686381666044,1
"fixed",NA,"s__GGB9575_SGB14988_tertlow:Days",0.00852057119156035,0.1304868808013,0.0652982977233941,0.947936497673676,1
"fixed",NA,"s__Ruminococcus_gnavus_tertmed:Days",0.0307469106084136,0.0927990164283252,0.331327979452902,0.74039675917662,1
"fixed",NA,"s__Ruminococcus_gnavus_terthigh:Days",0.0187680584582128,0.0709732379071842,0.264438526571901,0.791442027825737,1
"fixed",NA,"s__Roseburia_hominis_tertmed:Days",-0.0166156470277214,0.0968983018664394,-0.171475110581646,0.863850199455946,1
"fixed",NA,"s__Roseburia_hominis_terthigh:Days",-0.0165684588472537,0.0982595705433548,-0.168619288234556,0.866096107989847,1
"fixed",NA,"s__Clostridia_bacterium_UC5_1_1D1_tertlow:Days",0.0222248250124146,0.154797670476198,0.143573381589304,0.885837361262985,1
"fixed",NA,"s__Monoglobus_pectinilyticus_tertmed:Days",0.0119938542459225,0.0767841411751545,0.156202232158369,0.875873617326073,1
"fixed",NA,"s__Monoglobus_pectinilyticus_terthigh:Days",0.0223694349919029,0.0789504237741288,0.283335211168723,0.776919888063995,1
"fixed",NA,"s__GGB3493_SGB4668_tertlow:Days",-0.00207769672076362,0.0838987257516988,-0.0247643417959962,0.980242933454509,1
"fixed",NA,"s__Blautia_SGB4793_tertlow:Days",0.102020675832541,0.79772638464906,0.127889308659914,0.898236572019932,1
"fixed",NA,"s__Ruminococcus_torques_tertmed:Days",0.0104996389038665,0.0773290889038895,0.135778644914803,0.891996273588571,1
"fixed",NA,"s__Ruminococcus_torques_terthigh:Days",0.00831439221773329,0.087369884211337,0.0951631365061878,0.924185249868992,1
"fixed",NA,"s__Clostridiaceae_bacterium_tertmed:Days",-0.00326013072432807,0.0839199518966915,-0.038848100489159,0.969011495111513,1
"fixed",NA,"s__Clostridiaceae_bacterium_terthigh:Days",0.00561992427651473,0.0896429534459433,0.0626923150173055,0.95001151708485,1
"fixed",NA,"s__Mediterraneibacter_glycyrrhizinilyticus_tertlow:Days",-0.0173714968075306,0.118743036111439,-0.146294868115277,0.883688616924569,1
"fixed",NA,"s__Streptococcus_thermophilus_tertmed:Days",-0.00224810887826304,0.148445768712535,-0.0151443109342949,0.987917049994367,1
"fixed",NA,"s__Streptococcus_thermophilus_terthigh:Days",-0.00264981870009475,0.0720652396967772,-0.0367697202041396,0.970668617491394,1
"fixed",NA,"s__Firmicutes_bacterium_tertlow:Days",0.00708539725163731,0.139286442263219,0.0508692528612911,0.959429706438708,1
"fixed",NA,"s__GGB3600_SGB4861_tertlow:Days",0.0129672257409982,0.18657758602727,0.0695004475998686,0.944591276383487,1
"fixed",NA,"s__Brotolimicola_acetigignens_tertmed:Days",0.00101352403535251,0.0772518481163841,0.013119738363095,0.989532263616785,1
"fixed",NA,"s__Brotolimicola_acetigignens_terthigh:Days",0.000581877860594754,0.0962424883185961,0.00604595611315178,0.995176054350794,1
"fixed",NA,"s__Eggerthella_lenta_tertmed:Days",-0.00160317350237438,0.108630594057769,-0.0147580294140877,0.988225223607445,1
"fixed",NA,"s__Eggerthella_lenta_terthigh:Days",0.00958478493512407,0.0769015116601987,0.124637145983241,0.900810819437603,1
"fixed",NA,"s__Phocea_massiliensis_tertlow:Days",-0.00553378116700657,0.0677380949247772,-0.081693782105207,0.934890222994577,1
"fixed",NA,"s__Ruthenibacterium_lactatiformans_tertmed:Days",0.0052517432435472,0.0702828985363447,0.0747229177070923,0.940435172952642,1
"fixed",NA,"s__Ruthenibacterium_lactatiformans_terthigh:Days",0.015210081754125,0.0869457544443414,0.174937601626791,0.861128663999231,1
"fixed",NA,"s__Pseudoflavonifractor_phocaeensis_tertlow:Days",-0.0384751055034112,0.109999163234437,-0.349776347129211,0.726506551378594,1
"fixed",NA,"s__Bacteroides_xylanisolvens_tertmed:Days",-0.0261856156739802,0.0891815798179032,-0.293621347899956,0.769047261213007,1
"fixed",NA,"s__Bacteroides_xylanisolvens_terthigh:Days",0.0187186316880066,0.11580151165731,0.161644104814456,0.87158612339179,1
"fixed",NA,"s__GGB3511_SGB4688_tertlow:Days",-0.00953448040836459,0.173021390602646,-0.0551057899555387,0.956054183438349,1
"fixed",NA,"s__Escherichia_coli_tertlow:Days",0.00673545615185259,0.063765670495708,0.105628249487409,0.915877310281005,1
"fixed",NA,"s__GGB3433_SGB4574_tertlow:Days",-0.019666314725792,0.103963341058562,-0.189165859095603,0.849962825028503,1
"fixed",NA,"c__CFGB3012_tertmed:Days",-86.0582432326458,2004664.31729079,-4.29290043676488e-05,0.999965747610215,1
"fixed",NA,"c__CFGB3012_terthigh:Days",3.24902988738246,34.2077309402083,0.0949794037219667,0.924331186401034,1
"fixed",NA,"c__Erysipelotrichia_tertmed:Days",0.00898385616733588,0.0702194891477843,0.127939640068136,0.898196740566356,1
"fixed",NA,"c__Erysipelotrichia_terthigh:Days",0.0145502963119068,0.116788122794009,0.124587123791438,0.900850422692062,1
"fixed",NA,"c__CFGB1260_tertlow:Days",0.0073430122894815,0.0850882871944105,0.0862987437119767,0.931228937124589,1
"fixed",NA,"o__OFGB3012_tertmed:Days",-86.0582432326458,2004664.31729079,-4.29290043676488e-05,0.999965747610215,1
"fixed",NA,"o__OFGB3012_terthigh:Days",3.24902988738246,34.2077309402083,0.0949794037219667,0.924331186401034,1
"fixed",NA,"o__Erysipelotrichales_tertmed:Days",0.00898385616733588,0.0702194891477843,0.127939640068136,0.898196740566356,1
"fixed",NA,"o__Erysipelotrichales_terthigh:Days",0.0145502963119068,0.116788122794009,0.124587123791438,0.900850422692062,1
"fixed",NA,"o__OFGB1260_tertlow:Days",0.0073430122894815,0.0850882871944105,0.0862987437119767,0.931228937124589,1
"fixed",NA,"f__Prevotellaceae_tertmed:Days",0.0188107148227843,0.215746204045646,0.0871890882437237,0.930521212646131,1
"fixed",NA,"f__Prevotellaceae_terthigh:Days",-0.0308052697091773,0.077175786287256,-0.399157186355278,0.689777387554028,1
"fixed",NA,"f__FGB3012_tertmed:Days",-86.0582432326458,2004664.31729079,-4.29290043676488e-05,0.999965747610215,1
"fixed",NA,"f__FGB3012_terthigh:Days",3.24902988738246,34.2077309402083,0.0949794037219667,0.924331186401034,1
"fixed",NA,"f__Erysipelotrichaceae_tertmed:Days",-0.000510462112678261,0.065748103711001,-0.00776390624012552,0.993805361313198,1
"fixed",NA,"f__Erysipelotrichaceae_terthigh:Days",0.0230536283695925,0.124614807304443,0.18499910940175,0.853229734111306,1
"fixed",NA,"f__Coprobacillaceae_tertlow:Days",-0.108778983469833,1.16432360533846,-0.0934267612295057,0.925564531105311,1
"fixed",NA,"f__Eubacteriaceae_tertmed:Days",0.00462067426003189,0.0879779441853581,0.0525208255639246,0.958113701833194,1
"fixed",NA,"f__Eubacteriaceae_terthigh:Days",0.000285854290393902,0.0875278442726491,0.00326586691091656,0.997394219846303,1
"fixed",NA,"f__Eubacteriales_Family_XIII_Incertae_Sedis_tertmed:Days",0.625754162320748,0.275540299585896,2.2710077736766,0.0231465073626821,1
"fixed",NA,"f__Eubacteriales_Family_XIII_Incertae_Sedis_terthigh:Days",0.00792115112357571,0.118097452333014,0.0670730059547725,0.946523583616126,1
"fixed",NA,"f__Peptostreptococcaceae_tertmed:Days",0.0138676354154528,0.101554879117857,0.136553118234321,0.891384035488177,1
"fixed",NA,"f__Peptostreptococcaceae_terthigh:Days",0.0131793638458554,0.067596598714418,0.194970813569119,0.845415796519531,1
"fixed",NA,"f__FGB1260_tertlow:Days",0.0073430122894815,0.0850882871944105,0.0862987437119767,0.931228937124589,1
"fixed",NA,"g__Paraprevotella_tertmed:Days",0.533001056655475,0.253767585793741,2.10035121305324,0.035697957290741,1
"fixed",NA,"g__Paraprevotella_terthigh:Days",-0.0300845604715647,0.0844881697766816,-0.356080153601196,0.721780539577898,1
"fixed",NA,"g__GGB9480_tertmed:Days",-86.0582432326458,2004664.31729079,-4.29290043676488e-05,0.999965747610215,1
"fixed",NA,"g__GGB9480_terthigh:Days",3.24902988738246,34.2077309402083,0.0949794037219667,0.924331186401034,1
"fixed",NA,"g__Tyzzerella_tertlow:Days",-0.316823816149496,0.305560482117648,-1.03686122614348,0.299800536494326,1
"fixed",NA,"g__Oliverpabstia_tertmed:Days",-0.0238006800443096,0.094599298657884,-0.251594677571386,0.801354373001063,1
"fixed",NA,"g__Oliverpabstia_terthigh:Days",-0.0115145513146996,0.0816864552742832,-0.14096034986506,0.887901265738832,1
"fixed",NA,"g__Holdemanella_tertlow:Days",-0.00502767539953116,0.106161059539288,-0.0473589414174085,0.962227152281548,1
"fixed",NA,"g__Anaerobutyricum_tertmed:Days",0.00581583293303338,0.0158564005534681,0.366781408770691,0.713782076287755,1
"fixed",NA,"g__Anaerobutyricum_terthigh:Days",2.94825990638762,0.0159366003105616,184.999300285753,0,0
"fixed",NA,"g__Faecalimonas_tertlow:Days",0.0136148172764819,0.0895766897264752,0.15199062745068,0.879194327977939,1
"fixed",NA,"g__Catenibacterium_tertlow:Days",-0.10788177119518,0.861402880594856,-0.125239622046168,0.90033385030963,1
"fixed",NA,"g__Eubacterium_tertmed:Days",-0.00207853643392152,0.0812182322551022,-0.025591993031724,0.979582772615015,1
"fixed",NA,"g__Eubacterium_terthigh:Days",0.00405425476616165,0.0869999349092342,0.046600664361317,0.962831502523542,1
"fixed",NA,"g__Fusicatenibacter_tertmed:Days",-0.00113213987744144,0.00196570977781718,-0.57594457239696,0.564652646861555,1
"fixed",NA,"g__Fusicatenibacter_terthigh:Days",0.0647169217504632,0.00190426717002405,33.9852110928563,3.68459738132159e-253,4.31466353352758e-250
"fixed",NA,"g__Agathobaculum_tertmed:Days",-0.030635775977533,0.0909206818136284,-0.336950574571482,0.736154159251668,1
"fixed",NA,"g__Agathobaculum_terthigh:Days",-0.0107430650539676,0.0895498575971043,-0.119967416389448,0.904508959456026,1
"fixed",NA,"g__Dielma_tertlow:Days",-0.0354018301497287,0.117069969211314,-0.302398902026082,0.762347991647062,1
"fixed",NA,"g__Lacrimispora_tertmed:Days",-0.0141796949660893,0.10475007375552,-0.135366921069514,0.892321776529548,1
"fixed",NA,"g__Lacrimispora_terthigh:Days",-0.0101526833923283,0.07134085008135,-0.142312341116642,0.886833298940431,1
"fixed",NA,"g__Evtepia_tertmed:Days",0.00572879887801222,0.0729073281003517,0.0785764480372526,0.937369521347338,1
"fixed",NA,"g__Evtepia_terthigh:Days",0.0110555297617668,0.086021986581561,0.128519814539328,0.897737618519142,1
"fixed",NA,"g__Hydrogenoanaerobacterium_tertmed:Days",0.0283374532982893,0.205530835870839,0.137874461407326,0.890339634464014,1
"fixed",NA,"g__Hydrogenoanaerobacterium_terthigh:Days",-0.00666838786809107,0.0755028835179867,-0.08831964499081,0.929622625522662,1
"fixed",NA,"g__Intestinibacter_tertlow:Days",-0.0129740459123769,0.0782572175696845,-0.165787211905715,0.868324410271448,1
"fixed",NA,"g__Gemmiger_tertmed:Days",-0.0386549624159255,0.112953751319656,-0.342219377084105,0.732185803836818,1
"fixed",NA,"g__Gemmiger_terthigh:Days",-0.0327924543498727,0.112215959639754,-0.292226297000408,0.77011360661707,1
"fixed",NA,"g__Simiaoa_tertlow:Days",0.0105022564221001,0.0715974475469353,0.146684788102473,0.883380826053191,1
"fixed",NA,"g__GGB3057_tertlow:Days",0.00784806399168947,0.0864133670916678,0.090820023056898,0.92763559970208,1
"fixed",NA,"g__Anaerotignum_tertmed:Days",-2.17264701574985,0.00187000293812938,-1161.84149845412,0,0
"fixed",NA,"g__Anaerotignum_terthigh:Days",0.00319481464413132,0.00186151561825613,1.71624380305991,0.0861174291121747,1
"fixed",NA,"g__Desulfovibrio_tertmed:Days",-0.0131819736157319,0.1465701782174,-0.0899362597224914,0.928337866802362,1
"fixed",NA,"g__Desulfovibrio_terthigh:Days",-0.00420979054535755,0.0702198020772188,-0.0599516150832802,0.952194170898198,1
"fixed",NA,"g__GGB9614_tertlow:Days",-0.10272288313281,0.15863880207452,-0.64752684582525,0.517291025596361,1
"fixed",NA,"s__Alistipes_finegoldii_tertmed:Days",-0.00791950669183537,0.0998672469772412,-0.0793003405174486,0.936793735462456,1
"fixed",NA,"s__Alistipes_finegoldii_terthigh:Days",0.0200659492886136,0.0752295438952914,0.266729641702234,0.789677329692005,1
"fixed",NA,"s__Bacteroides_faecis_tertlow:Days",0.00367588346604047,0.0775602975232176,0.0473938804185234,0.962199306260068,1
"fixed",NA,"s__Clostridium_fessum_tertmed:Days",-0.0180045600888229,0.103059687407306,-0.174700317279893,0.861315118455828,1
"fixed",NA,"s__Clostridium_fessum_terthigh:Days",-0.0155592559513691,0.0840060567486429,-0.185215882682417,0.853059712038146,1
"fixed",NA,"s__Bacteroides_finegoldii_tertmed:Days",-0.0178556320607867,0.12144254828301,-0.14702945807079,0.883108768814418,1
"fixed",NA,"s__Bacteroides_finegoldii_terthigh:Days",-0.0203244179770104,0.0698619445758416,-0.290922591697206,0.771110522580257,1
"fixed",NA,"s__GGB9480_SGB14874_terthigh:Days",3.28196511726991,34.9165873346234,0.0939944412613172,0.925113572418686,1
"fixed",NA,"s__Clostridium_sp_AM22_11AC_tertmed:Days",-0.0232081402634542,0.227505114200292,-0.102011510136964,0.918747538979513,1
"fixed",NA,"s__Clostridium_sp_AM22_11AC_terthigh:Days",-0.00908021235278469,0.0765010680962424,-0.118693929101242,0.905517846422326,1
"fixed",NA,"s__Oliverpabstia_intestinalis_tertmed:Days",-0.0238006800443096,0.094599298657884,-0.251594677571386,0.801354373001063,1
"fixed",NA,"s__Oliverpabstia_intestinalis_terthigh:Days",-0.0115145513146996,0.0816864552742832,-0.14096034986506,0.887901265738832,1
"fixed",NA,"s__Holdemanella_porci_tertlow:Days",-0.0257418475879145,0.198152780019124,-0.129909091285169,0.896638351440214,1
"fixed",NA,"s__Faecalimonas_umbilicata_tertlow:Days",0.0136148172764819,0.0895766897264752,0.15199062745068,0.879194327977939,1
"fixed",NA,"s__Catenibacterium_tridentinum_tertlow:Days",-0.101932904242624,1.48219372726985,-0.068771647300371,0.945171386815647,1
"fixed",NA,"s__Fusicatenibacter_saccharivorans_tertmed:Days",-0.00656552586003462,0.0671707932825126,-0.0977437594405172,0.922135766890261,1
"fixed",NA,"s__Fusicatenibacter_saccharivorans_terthigh:Days",0.0401204534346652,0.150307730286115,0.266922089491304,0.789529148541385,1
"fixed",NA,"s__Agathobaculum_butyriciproducens_tertmed:Days",-0.030635775977533,0.0909206818136284,-0.336950574571482,0.736154159251668,1
"fixed",NA,"s__Agathobaculum_butyriciproducens_terthigh:Days",-0.0107430650539676,0.0895498575971043,-0.119967416389448,0.904508959456026,1
"fixed",NA,"s__Dielma_fastidiosa_tertlow:Days",-0.0354018301497287,0.117069969211314,-0.302398902026082,0.762347991647062,1
"fixed",NA,"s__Coprococcus_catus_tertmed:Days",-943.904846845653,436013.977955896,-0.00216484996942261,0.998272700982129,1
"fixed",NA,"s__Coprococcus_catus_terthigh:Days",-0.00941576769338932,0.246784597779639,-0.0381537898965516,0.969565064366406,1
"fixed",NA,"s__Anaerobutyricum_hallii_tertmed:Days",0.0122623613175916,0.00164215302018803,7.46724645440625,8.18903079070236e-14,9.58935505591246e-11
"fixed",NA,"s__Anaerobutyricum_hallii_terthigh:Days",0.0710611803571132,0.00164224546556525,43.2707423141852,0,0
"fixed",NA,"s__Eubacterium_ramulus_terthigh:Days",-0.00596078901646599,0.2284427427474,-0.0260931423987371,0.979183046775002,1
"fixed",NA,"s__Blautia_obeum_tertmed:Days",-0.0393525016972677,0.123390448700552,-0.318926643931489,0.749782139581,1
"fixed",NA,"s__Blautia_obeum_terthigh:Days",-0.0235098035662814,0.120985804683683,-0.194318694062893,0.845926348868629,1
"fixed",NA,"s__Tyzzerella_nexilis_tertlow:Days",-0.0345215624872091,0.443306861334252,-0.0778728359477837,0.937929207550158,1
"fixed",NA,"s__Lacrimispora_amygdalina_tertmed:Days",-0.0141796949660893,0.10475007375552,-0.135366921069514,0.892321776529548,1
"fixed",NA,"s__Lacrimispora_amygdalina_terthigh:Days",-0.0101526833923283,0.07134085008135,-0.142312341116642,0.886833298940431,1
"fixed",NA,"s__Evtepia_gabavorous_tertmed:Days",0.00572879887801222,0.0729073281003517,0.0785764480372526,0.937369521347338,1
"fixed",NA,"s__Evtepia_gabavorous_terthigh:Days",0.0110555297617668,0.086021986581561,0.128519814539328,0.897737618519142,1
"fixed",NA,"s__Hydrogenoanaerobacterium_SGB53821_tertlow:Days",0.0111566959970812,0.0720886877799933,0.154763477331287,0.877007785096687,1
"fixed",NA,"s__Bacteroides_cellulosilyticus_tertmed:Days",-0.0126208150237966,0.109210583443476,-0.115564028923339,0.907998072603029,1
"fixed",NA,"s__Bacteroides_cellulosilyticus_terthigh:Days",0.0268132591047566,0.105682519001441,0.253715177856338,0.799715607426428,1
"fixed",NA,"s__Eubacterium_ventriosum_tertlow:Days",0.010560632366549,0.065822924774815,0.160440035180414,0.872534454559367,1
"fixed",NA,"s__Dorea_sp_AF36_15AT_tertlow:Days",0.0130399200377871,0.0782068440752531,0.166736302838658,0.867577539824736,1
"fixed",NA,"s__Intestinibacter_bartlettii_tertlow:Days",-0.0129740459123769,0.0782572175696845,-0.165787211905715,0.868324410271448,1
"fixed",NA,"s__Gemmiger_formicilis_tertmed:Days",-0.00857392929956786,0.0794947811796929,-0.107855247505959,0.914110517276773,1
"fixed",NA,"s__Gemmiger_formicilis_terthigh:Days",0.0262717323743727,0.141577274317746,0.185564614808238,0.852786204837308,1
"fixed",NA,"s__Mediterraneibacter_faecis_tertmed:Days",-0.0265120519496617,0.0893600521271111,-0.296687964236517,0.766704746684112,1
"fixed",NA,"s__Mediterraneibacter_faecis_terthigh:Days",-0.0259851567270339,0.0944286194970825,-0.275183062777241,0.783175598774717,1
"fixed",NA,"s__Simiaoa_sunii_tertlow:Days",0.0105022564221001,0.0715974475469353,0.146684788102473,0.883380826053191,1
"fixed",NA,"s__GGB3057_SGB71294_tertlow:Days",-0.00251360250877691,0.107114935480004,-0.0234664054784978,0.981278235646085,1
"fixed",NA,"s__Anaerotignum_faecicola_tertlow:Days",0.0071328653125612,0.0647341494761444,0.110187055368508,0.912261028079925,1
"fixed",NA,"s__Lachnospiraceae_bacterium_CLA_AA_H244_tertmed:Days",-0.0314591253359757,0.105178600150044,-0.299101958868985,0.764862251702843,1
"fixed",NA,"s__Lachnospiraceae_bacterium_CLA_AA_H244_terthigh:Days",-0.0103266627409904,0.078104792396707,-0.132215481587091,0.894813856086042,1
"fixed",NA,"s__Blautia_SGB4815_tertlow:Days",0.0177945044452201,0.0733637254281913,0.242551810739729,0.808352615917886,1
"fixed",NA,"s__Desulfovibrio_fairfieldensis_tertlow:Days",0.00655924344764434,0.0780754150774365,0.0840116372245831,0.933047179312857,1
"fixed",NA,"s__Clostridium_sp_AF20_17LB_tertlow:Days",0.00651516096677108,0.0770582594298258,0.0845485093353842,0.932620336006747,1
"fixed",NA,"s__GGB9614_SGB15049_tertlow:Days",-0.10272288313281,0.15863880207452,-0.64752684582525,0.517291025596361,1
"fixed",NA,"c__CFGB658_tertlow:Days",0.0253210735842696,0.0977223333062495,0.259112453904641,0.795548476041941,1
"fixed",NA,"c__CFGB4806_tertlow:Days",0.0389921517986876,0.0958594501070042,0.406763775038999,0.684181494993576,1
"fixed",NA,"c__CFGB1354_tertlow:Days",0.0332591180199509,0.0915678063755304,0.363218464397316,0.716441695571748,1
"fixed",NA,"c__CFGB4405_tertlow:Days",0.0165525335191297,0.0753689411853012,0.219620088312423,0.826167045139962,1
"fixed",NA,"c__CFGB3062_tertlow:Days",0.0273491110659276,0.119880093638209,0.228137218081141,0.819539567051035,1
"fixed",NA,"c__CFGB2982_tertlow:Days",0.0307821192894087,0.0934085366962428,0.32954289166856,0.741745379832138,1
"fixed",NA,"c__CFGB38642_tertlow:Days",0.0224232387495878,0.0769463756178834,0.291413839437244,0.770734831302619,1
"fixed",NA,"c__CFGB3023_tertmed:Days",-0.00752061204562661,0.082116019131256,-0.0915852001252704,0.927027610614376,1
"fixed",NA,"c__CFGB3023_terthigh:Days",-0.00961579226804583,0.0834883336283289,-0.115175280786573,0.908306191344553,1
"fixed",NA,"c__CFGB3070_tertlow:Days",-0.00357438005528489,0.070880869100845,-0.0504279941912038,0.959781328621464,1
"fixed",NA,"c__CFGB3054_tertmed:Days",1.1454070049199,0.751098525791007,1.52497570636774,0.127265157168076,1
"fixed",NA,"c__CFGB3054_terthigh:Days",-0.0066885721953414,0.0639471360304537,-0.104595336250181,0.916696915540438,1
"fixed",NA,"c__CFGB1473_tertlow:Days",0.0329194646304742,0.0946285368365594,0.347880943011219,0.72792959770602,1
"fixed",NA,"c__CFGB2834_tertlow:Days",0.00958392049767597,0.0711907057611078,0.134623198284287,0.89290979899667,1
"fixed",NA,"c__CFGB3038_tertmed:Days",-0.0298583899891868,0.100028457564831,-0.298498954358411,0.765322374062811,1
"fixed",NA,"c__CFGB3038_terthigh:Days",0.0202056486651124,0.0861287569978076,0.234598168711836,0.814520631047335,1
"fixed",NA,"c__CFGB79294_tertlow:Days",0.00790488807266079,0.15359625804718,0.0514653688388205,0.958954696927684,1
"fixed",NA,"c__CFGB1211_tertlow:Days",0.009461563381685,0.0877006816527383,0.107884718834333,0.914087138969522,1
"fixed",NA,"c__CFGB1227_tertmed:Days",347.958311064699,13558037.9463249,2.56643558929571e-05,0.999979522806672,1
"fixed",NA,"c__CFGB1227_terthigh:Days",0.0209865183541534,0.244960053550271,0.0856732273282528,0.931726185354956,1
"fixed",NA,"c__CFGB79291_tertlow:Days",0.00501350858545374,0.0800769335522031,0.0626086484965783,0.950078142426591,1
"fixed",NA,"c__CFGB1359_tertlow:Days",17.0172282072851,0.00239137178461679,7116.09475228967,0,0
"fixed",NA,"o__OFGB658_tertlow:Days",0.0253210735842696,0.0977223333062495,0.259112453904641,0.795548476041941,1
"fixed",NA,"o__OFGB4806_tertlow:Days",0.0389921517986876,0.0958594501070042,0.406763775038999,0.684181494993576,1
"fixed",NA,"o__OFGB1354_tertlow:Days",0.0332591180199509,0.0915678063755304,0.363218464397316,0.716441695571748,1
"fixed",NA,"o__OFGB4405_tertlow:Days",0.0165525335191297,0.0753689411853012,0.219620088312423,0.826167045139962,1
"fixed",NA,"o__OFGB3062_tertlow:Days",0.0273491110659276,0.119880093638209,0.228137218081141,0.819539567051035,1
"fixed",NA,"o__OFGB2982_tertlow:Days",0.0307821192894087,0.0934085366962428,0.32954289166856,0.741745379832138,1
"fixed",NA,"o__OFGB38642_tertlow:Days",0.0224232387495878,0.0769463756178834,0.291413839437244,0.770734831302619,1
"fixed",NA,"o__OFGB3023_tertmed:Days",-0.00752061204562661,0.082116019131256,-0.0915852001252704,0.927027610614376,1
"fixed",NA,"o__OFGB3023_terthigh:Days",-0.00961579226804583,0.0834883336283289,-0.115175280786573,0.908306191344553,1
"fixed",NA,"o__OFGB3070_tertlow:Days",-0.00357438005528489,0.070880869100845,-0.0504279941912038,0.959781328621464,1
"fixed",NA,"o__OFGB3054_tertmed:Days",1.1454070049199,0.751098525791007,1.52497570636774,0.127265157168076,1
"fixed",NA,"o__OFGB3054_terthigh:Days",-0.0066885721953414,0.0639471360304537,-0.104595336250181,0.916696915540438,1
"fixed",NA,"o__OFGB1473_tertlow:Days",0.0329194646304742,0.0946285368365594,0.347880943011219,0.72792959770602,1
"fixed",NA,"o__OFGB2834_tertlow:Days",0.00958392049767597,0.0711907057611078,0.134623198284287,0.89290979899667,1
"fixed",NA,"o__Candidatus_Borkfalkiales_tertlow:Days",0.00295429672413999,0.0683849249639038,0.0432009938696194,0.965541312836557,1
"fixed",NA,"o__OFGB3038_tertmed:Days",-0.0298583899891868,0.100028457564831,-0.298498954358411,0.765322374062811,1
"fixed",NA,"o__OFGB3038_terthigh:Days",0.0202056486651124,0.0861287569978076,0.234598168711836,0.814520631047335,1
"fixed",NA,"o__OFGB79294_tertlow:Days",0.00790488807266079,0.15359625804718,0.0514653688388205,0.958954696927684,1
"fixed",NA,"o__OFGB1211_tertlow:Days",0.009461563381685,0.0877006816527383,0.107884718834333,0.914087138969522,1
"fixed",NA,"o__OFGB1227_tertmed:Days",347.958311064699,13558037.9463249,2.56643558929571e-05,0.999979522806672,1
"fixed",NA,"o__OFGB1227_terthigh:Days",0.0209865183541534,0.244960053550271,0.0856732273282528,0.931726185354956,1
"fixed",NA,"o__Pasteurellales_tertlow:Days",-0.00189564273465588,0.0825683756060618,-0.0229584598309175,0.981683408459951,1
"fixed",NA,"o__OFGB79291_tertlow:Days",0.00501350858545374,0.0800769335522031,0.0626086484965783,0.950078142426591,1
"fixed",NA,"o__OFGB1359_tertlow:Days",17.0172282072851,0.00239137178461679,7116.09475228967,0,0
"fixed",NA,"f__FGB658_tertlow:Days",0.0253210735842696,0.0977223333062495,0.259112453904641,0.795548476041941,1
"fixed",NA,"f__FGB4806_tertlow:Days",0.0389921517986876,0.0958594501070042,0.406763775038999,0.684181494993576,1
"fixed",NA,"f__FGB1354_tertlow:Days",0.0332591180199509,0.0915678063755304,0.363218464397316,0.716441695571748,1
"fixed",NA,"f__FGB4405_tertlow:Days",0.0165525335191297,0.0753689411853012,0.219620088312423,0.826167045139962,1
"fixed",NA,"f__FGB3062_tertlow:Days",0.0273491110659276,0.119880093638209,0.228137218081141,0.819539567051035,1
"fixed",NA,"f__FGB2982_tertlow:Days",0.0307821192894087,0.0934085366962428,0.32954289166856,0.741745379832138,1
"fixed",NA,"f__Barnesiellaceae_tertmed:Days",-0.0312904376762961,0.110295699248723,-0.283695900106987,0.776643436943134,1
"fixed",NA,"f__Barnesiellaceae_terthigh:Days",-0.00203966090311896,0.0775972889553129,-0.0262852082924388,0.979029852908766,1
"fixed",NA,"f__Eubacteriales_incertae_sedis_tertmed:Days",-0.0440543335289541,0.113458900070528,-0.388284510968899,0.697805498321659,1
"fixed",NA,"f__Eubacteriales_incertae_sedis_terthigh:Days",-0.0308614755783902,0.1064971557473,-0.289786852633129,0.771979306587882,1
"fixed",NA,"f__FGB38642_tertlow:Days",0.0224232387495878,0.0769463756178834,0.291413839437244,0.770734831302619,1
"fixed",NA,"f__FGB3023_tertmed:Days",-0.00752061204562661,0.082116019131256,-0.0915852001252704,0.927027610614376,1
"fixed",NA,"f__FGB3023_terthigh:Days",-0.00961579226804583,0.0834883336283289,-0.115175280786573,0.908306191344553,1
"fixed",NA,"f__FGB3070_tertlow:Days",-0.00357438005528489,0.070880869100845,-0.0504279941912038,0.959781328621464,1
"fixed",NA,"f__FGB3054_tertmed:Days",1.1454070049199,0.751098525791007,1.52497570636774,0.127265157168076,1
"fixed",NA,"f__FGB3054_terthigh:Days",-0.0066885721953414,0.0639471360304537,-0.104595336250181,0.916696915540438,1
"fixed",NA,"f__FGB1473_tertlow:Days",0.0329194646304742,0.0946285368365594,0.347880943011219,0.72792959770602,1
"fixed",NA,"f__FGB2834_tertlow:Days",0.00958392049767597,0.0711907057611078,0.134623198284287,0.89290979899667,1
"fixed",NA,"f__Candidatus_Borkfalkiaceae_tertlow:Days",0.00295429672413999,0.0683849249639038,0.0432009938696194,0.965541312836557,1
"fixed",NA,"f__FGB3038_tertmed:Days",-0.0298583899891868,0.100028457564831,-0.298498954358411,0.765322374062811,1
"fixed",NA,"f__FGB3038_terthigh:Days",0.0202056486651124,0.0861287569978076,0.234598168711836,0.814520631047335,1
"fixed",NA,"f__FGB79294_tertlow:Days",0.00790488807266079,0.15359625804718,0.0514653688388205,0.958954696927684,1
"fixed",NA,"f__FGB1211_tertlow:Days",0.009461563381685,0.0877006816527383,0.107884718834333,0.914087138969522,1
"fixed",NA,"f__FGB1227_tertmed:Days",347.958311064699,13558037.9463249,2.56643558929571e-05,0.999979522806672,1
"fixed",NA,"f__FGB1227_terthigh:Days",0.0209865183541534,0.244960053550271,0.0856732273282528,0.931726185354956,1
"fixed",NA,"f__Pasteurellaceae_tertlow:Days",-0.00189564273465588,0.0825683756060618,-0.0229584598309175,0.981683408459951,1
"fixed",NA,"f__FGB79291_tertlow:Days",0.00501350858545374,0.0800769335522031,0.0626086484965783,0.950078142426591,1
"fixed",NA,"f__FGB1359_tertlow:Days",17.0172282072851,0.00239137178461679,7116.09475228967,0,0
"fixed",NA,"g__Segatella_tertlow:Days",0.0299591819119933,0.0875605435310841,0.342153905215969,0.73223507225913,1
"fixed",NA,"g__Faecalibacterium_tertmed:Days",0.00336009900615367,0.109708920012709,0.0306274002675846,0.975566690142752,1
"fixed",NA,"g__Faecalibacterium_terthigh:Days",-0.00765477011747948,0.101452308945682,-0.0754519063886249,0.939855161545123,1
"fixed",NA,"g__Wujia_tertlow:Days",0.0212629637263261,0.107063824110138,0.1986008243499,0.84257500871835,1
"fixed",NA,"g__Ruminococcus_tertmed:Days",0.140140612033016,0.131356901970611,1.06686904099162,0.286030976583431,1
"fixed",NA,"g__Ruminococcus_terthigh:Days",-0.0101809686669836,0.127274322892394,-0.0799923223759068,0.936243362260214,1
"fixed",NA,"g__GGB1627_tertlow:Days",0.0253210735842696,0.0977223333062495,0.259112453904641,0.795548476041941,1
"fixed",NA,"g__GGB51647_tertlow:Days",0.0389921517986876,0.0958594501070042,0.406763775038999,0.684181494993576,1
"fixed",NA,"g__Oscillibacter_tertmed:Days",-0.0266509201734941,0.12061794945522,-0.220953185606826,0.825128884529705,1
"fixed",NA,"g__Oscillibacter_terthigh:Days",-0.0262726225843156,0.120261244561172,-0.218462919456581,0.827068446539958,1
"fixed",NA,"g__Oscillospiraceae_unclassified_tertmed:Days",-0.00172656890312235,0.0725502738614649,-0.0237982410158678,0.981013543119255,1
"fixed",NA,"g__Oscillospiraceae_unclassified_terthigh:Days",-0.00586940010837189,0.0785984810000584,-0.0746757447941969,0.940472706626544,1
"fixed",NA,"g__GGB3278_tertlow:Days",0.00799299325265539,0.0787665294705627,0.101477027188847,0.919171793056924,1
"fixed",NA,"g__GGB3304_tertlow:Days",0.0332591180199509,0.0915678063755304,0.363218464397316,0.716441695571748,1
"fixed",NA,"g__Lachnospira_tertmed:Days",-0.0203927424452373,0.131870581702879,-0.154642090615667,0.877103485605691,1
"fixed",NA,"g__Lachnospira_terthigh:Days",0.228825113391727,0.126806823850751,1.8045173472766,0.0711502421908157,1
"fixed",NA,"g__GGB3345_tertlow:Days",0.0248704855484748,0.0909718066145515,0.273386738969044,0.784555945430302,1
"fixed",NA,"g__Ligilactobacillus_tertlow:Days",0.0209896121070658,0.0957160947538296,0.21929031017248,0.826423909580231,1
"fixed",NA,"g__GGB1266_tertlow:Days",0.0165525335191297,0.0753689411853012,0.219620088312423,0.826167045139962,1
"fixed",NA,"g__Enterobacter_tertlow:Days",-0.210252930081407,0.0914185183886795,-2.29989430792879,0.0214542086577829,1
"fixed",NA,"g__GGB9747_tertlow:Days",0.0273491110659276,0.119880093638209,0.228137218081141,0.819539567051035,1
"fixed",NA,"g__GGB9634_tertlow:Days",0.0273491110659276,0.119880093638209,0.228137218081141,0.819539567051035,1
"fixed",NA,"g__GGB33469_tertlow:Days",0.0293759124421995,0.0767569625256946,0.382713326264908,0.701932332470896,1
"fixed",NA,"g__GGB9635_tertlow:Days",0.0253804414810866,0.0708364694783449,0.358296251464728,0.72012162305375,1
"fixed",NA,"g__GGB9715_tertmed:Days",-0.0101057155836712,0.086242391105154,-0.11717805425118,0.906718957269966,1
"fixed",NA,"g__GGB9715_terthigh:Days",-0.0201336113143404,0.0799966867508855,-0.251680564934367,0.801287980467364,1
"fixed",NA,"g__Sutterella_tertmed:Days",-0.00115572990346803,0.171490471368566,-0.00673932431490112,0.994622837882694,1
"fixed",NA,"g__Sutterella_terthigh:Days",-0.0017226198132252,0.069744651126949,-0.0246989523266766,0.980295090748952,1
"fixed",NA,"g__GGB9342_tertlow:Days",0.0307821192894087,0.0934085366962428,0.32954289166856,0.741745379832138,1
"fixed",NA,"g__GGB9602_tertlow:Days",0.0335822687424901,0.0761545685646172,0.44097510333862,0.659231021049739,1
"fixed",NA,"g__Candidatus_Cibionibacter_tertmed:Days",-0.0440543335289541,0.113458900070528,-0.388284510968899,0.697805498321659,1
"fixed",NA,"g__Candidatus_Cibionibacter_terthigh:Days",-0.0308614755783902,0.1064971557473,-0.289786852633129,0.771979306587882,1
"fixed",NA,"g__GGB13489_tertlow:Days",0.0193233550246957,0.073875080907481,0.261567971057734,0.793654539873736,1
"fixed",NA,"g__GGB9708_tertlow:Days",0.0231742863272644,0.0720091677370558,0.321824110117287,0.747585947983195,1
"fixed",NA,"g__GGB9758_tertlow:Days",0.0206366873788691,0.130671123219126,0.157928445631119,0.874513182965471,1
"fixed",NA,"g__Lawsonibacter_tertmed:Days",-0.0191973817471486,0.0887341104727887,-0.216347260877041,0.828717072405559,1
"fixed",NA,"g__Lawsonibacter_terthigh:Days",0.000980951428552636,0.0945431762183822,0.0103756978323509,0.991721539428702,1
"fixed",NA,"g__Kineothrix_tertlow:Days",0.0263213750797755,0.0778428409369549,0.338134820915557,0.735261591061884,1
"fixed",NA,"g__Butyricimonas_tertmed:Days",-0.000174546274551397,0.0771549777928184,-0.00226228144372097,0.998194962103537,1
"fixed",NA,"g__Butyricimonas_terthigh:Days",0.024328789429936,0.105282936884344,0.231080079544721,0.817252590562124,1
"fixed",NA,"g__GGB9627_tertlow:Days",0.0186676330568934,0.0793964022051945,0.23511938247086,0.814116075294668,1
"fixed",NA,"g__GGB9775_tertlow:Days",-0.00357438005528489,0.070880869100845,-0.0504279941912038,0.959781328621464,1
"fixed",NA,"g__GGB9691_tertlow:Days",0.106948597487828,0.809536598684416,0.132110886230012,0.894896585421174,1
"fixed",NA,"g__GGB9760_tertlow:Days",0.0120406128355391,0.00191848169524229,6.27611556857644,3.47136199595631e-10,4.06496489726484e-07
"fixed",NA,"g__Vescimonas_tertmed:Days",-0.104833172427331,0.449736022288578,-0.233099345464624,0.815684263150342,1
"fixed",NA,"g__Vescimonas_terthigh:Days",-0.017213847119646,0.0733342946090453,-0.234731201976037,0.814417368567655,1
"fixed",NA,"g__Coprobacter_tertlow:Days",0.0264169133291,0.0760596542140037,0.347318346396535,0.728352169246071,1
"fixed",NA,"g__GGB3619_tertlow:Days",0.0244280543207997,0.0998138887787764,0.244736024411804,0.806660832635333,1
"fixed",NA,"g__GGB3730_tertlow:Days",0.0329194646304742,0.0946285368365594,0.347880943011219,0.72792959770602,1
"fixed",NA,"g__Frisingicoccus_tertlow:Days",-0.000205232536546991,0.0729260921428678,-0.00281425386328017,0.997754553256308,1
"fixed",NA,"g__GGB9064_tertlow:Days",0.0237955472870703,0.108646477549294,0.21901812027246,0.82663593249215,1
"fixed",NA,"g__Senegalimassilia_tertlow:Days",0.0336188994619469,0.211560710163677,0.158908993243297,0.8737405751496,1
"fixed",NA,"g__GGB9707_tertlow:Days",0.0218244387871264,0.077002835009925,0.283423834775868,0.776851959614459,1
"fixed",NA,"g__GGB3653_tertmed:Days",-0.00738026844280693,0.0857907583237087,-0.086026380778212,0.931445446130197,1
"fixed",NA,"g__GGB3653_terthigh:Days",-0.00459665647441767,0.0804802389918278,-0.0571153432445004,0.954453314233363,1
"fixed",NA,"g__Candidatus_Borkfalkia_tertlow:Days",0.00502895842719398,0.070664534323691,0.0711666534751078,0.943265120772228,1
"fixed",NA,"g__GGB3722_tertlow:Days",0.0388247366730727,0.147111000817815,0.26391457101943,0.791845747543566,1
"fixed",NA,"g__GGB87445_tertlow:Days",0.0186627693854432,0.107164391050965,0.174150846213156,0.861746914178417,1
"fixed",NA,"g__GGB2970_tertlow:Days",0.009461563381685,0.0877006816527383,0.107884718834333,0.914087138969522,1
"fixed",NA,"g__GGB3000_tertlow:Days",-0.0087690264114861,0.0832710112437876,-0.105307072419399,0.916132151202735,1
"fixed",NA,"g__Haemophilus_tertlow:Days",-0.00189564273465588,0.0825683756060618,-0.0229584598309175,0.981683408459951,1
"fixed",NA,"g__Intestinimonas_tertmed:Days",0.00100601576592352,0.0718940599441153,0.0139930303936865,0.988835541433836,1
"fixed",NA,"g__Intestinimonas_terthigh:Days",0.0220993557859602,0.0979859965778998,0.225535857752806,0.82156243338706,1
"fixed",NA,"g__GGB9522_tertlow:Days",0.00501350858545374,0.0800769335522031,0.0626086484965783,0.950078142426591,1
"fixed",NA,"g__Anaeromassilibacillus_tertlow:Days",-0.00720820827017215,0.0716158964454469,-0.100650953600266,0.919827546922734,1
"fixed",NA,"g__GGB3819_tertmed:Days",-0.00157119420951416,0.129625269151179,-0.0121210487723787,0.990329039133671,1
"fixed",NA,"g__GGB3819_terthigh:Days",-0.00188246106477687,0.0710059667952917,-0.0265113081299767,0.978849514186673,1
"fixed",NA,"g__GGB3321_tertlow:Days",17.0172282072851,0.00239137178461679,7116.09475228967,0,0
"fixed",NA,"g__Colidextribacter_tertlow:Days",0.033856294546016,0.169064572072556,0.200256589130254,0.841279911663522,1
"fixed",NA,"s__Segatella_copri_tertlow:Days",0.0299591819119933,0.0875605435310841,0.342153905215969,0.73223507225913,1
"fixed",NA,"s__Faecalibacterium_prausnitzii_tertmed:Days",0.00506217740729458,0.106232960781701,0.0476516645120803,0.961993856438768,1
"fixed",NA,"s__Faecalibacterium_prausnitzii_terthigh:Days",-0.0104326758781157,0.101588382344481,-0.102695560627583,0.918204597122677,1
"fixed",NA,"s__Wujia_chipingensis_tertlow:Days",0.0212629637263261,0.107063824110138,0.1986008243499,0.84257500871835,1
"fixed",NA,"s__GGB1627_SGB2230_tertlow:Days",0.0253210735842696,0.0977223333062495,0.259112453904641,0.795548476041941,1
"fixed",NA,"s__GGB51647_SGB4348_tertlow:Days",0.0389921517986876,0.0958594501070042,0.406763775038999,0.684181494993576,1
"fixed",NA,"s__Ruminococcus_bicirculans_tertmed:Days",-0.0283010744457305,0.114838295443408,-0.246442829340647,0.805339455324265,1
"fixed",NA,"s__Ruminococcus_bicirculans_terthigh:Days",-0.0227765469682986,0.0826103945855999,-0.275710424608829,0.78277048818829,1
"fixed",NA,"s__Oscillospiraceae_bacterium_CLA_AA_H250_tertmed:Days",-0.0132985983592879,0.12641911205261,-0.105194524335479,0.916221455563952,1
"fixed",NA,"s__Oscillospiraceae_bacterium_CLA_AA_H250_terthigh:Days",-0.0295184550309291,0.124966827205021,-0.236210326301244,0.813269466988957,1
"fixed",NA,"s__GGB3278_SGB4328_tertlow:Days",0.00799299325265539,0.0787665294705627,0.101477027188847,0.919171793056924,1
"fixed",NA,"s__Phocaeicola_plebeius_tertlow:Days",0.028302894976411,0.0752022517685262,0.376357014727801,0.706651498030295,1
"fixed",NA,"s__GGB3304_SGB4367_tertlow:Days",0.0306056816616493,0.397400956644231,0.0770146149624111,0.938611918440781,1
"fixed",NA,"s__Faecalibacterium_sp_HTFF_tertmed:Days",6416.83156267785,14761981.9469433,0.000434686316901137,0.999653170509875,1
"fixed",NA,"s__Faecalibacterium_sp_HTFF_terthigh:Days",-0.015935361890054,0.233401945270876,-0.068274331953661,0.945567256573305,1
"fixed",NA,"s__GGB3345_SGB4425_tertlow:Days",0.0248704855484748,0.0909718066145515,0.273386738969044,0.784555945430302,1
"fixed",NA,"s__Ligilactobacillus_animalis_tertlow:Days",0.0438280799119528,0.195999590310866,0.223613120019481,0.823058353868072,1
"fixed",NA,"s__GGB1266_SGB1699_tertlow:Days",0.0165525335191297,0.0753689411853012,0.219620088312423,0.826167045139962,1
"fixed",NA,"s__Enterobacter_hormaechei_tertlow:Days",-0.147406740791835,0.134173439067908,-1.09862832626083,0.271930217027593,1
"fixed",NA,"s__Ruminococcus_bromii_tertmed:Days",-0.0412964909172203,0.11785660927159,-0.350396054769032,0.726041486798709,1
"fixed",NA,"s__Ruminococcus_bromii_terthigh:Days",-0.0297961925192217,0.126303795511402,-0.235908924182186,0.813503343182363,1
"fixed",NA,"s__GGB9747_SGB15356_tertlow:Days",0.0273491110659276,0.119880093638209,0.228137218081141,0.819539567051035,1
"fixed",NA,"s__Oscillibacter_sp_ER4_tertlow:Days",0.0216783517484992,0.0726261525052537,0.298492361232147,0.765327405403312,1
"fixed",NA,"s__GGB9634_SGB15101_tertlow:Days",0.0198311322014699,0.100149785705051,0.198014724263856,0.843033543531523,1
"fixed",NA,"s__GGB33469_SGB15236_tertlow:Days",0.0293759124421995,0.0767569625256946,0.382713326264908,0.701932332470896,1
"fixed",NA,"s__Lachnospira_pectinoschiza_tertmed:Days",0.0127641158089969,0.132462742532149,0.0963600448322215,0.923234624013181,1
"fixed",NA,"s__Lachnospira_pectinoschiza_terthigh:Days",-0.00487019298300199,0.0825286094201622,-0.0590121779249582,0.952942408435571,1
"fixed",NA,"s__GGB9635_SGB15106_tertlow:Days",0.0210369395750553,0.072812923199436,0.288917662561558,0.772644387083818,1
"fixed",NA,"s__Clostridiaceae_bacterium_Marseille_Q4149_tertlow:Days",-0.00441847625263808,0.0767424712817482,-0.0575753709626619,0.954086868245329,1
"fixed",NA,"s__Clostridium_sp_AF36_4_tertmed:Days",-0.0156083748904559,0.103468499054992,-0.150851467190611,0.880092885822982,1
"fixed",NA,"s__Clostridium_sp_AF36_4_terthigh:Days",-0.0229100365977642,0.0809394343441203,-0.283051602515041,0.777137280612656,1
"fixed",NA,"s__Faecalibacterium_SGB15346_tertlow:Days",0.0212434466002811,0.0702510666499078,0.302393224947695,0.762352318860078,1
"fixed",NA,"s__Sutterella_sp_AM11_39_tertlow:Days",0.0188424122419365,0.00174844145655732,10.7766903897585,4.43558799703785e-27,5.19407354453132e-24
"fixed",NA,"s__Clostridium_perfringens_tertlow:Days",-0.0413075460107668,0.252890203046505,-0.163341819940611,0.870249308480625,1
"fixed",NA,"s__GGB9715_SGB15260_tertlow:Days",0.0178482055706153,0.0667422647857636,0.267419837008924,0.789145927700257,1
"fixed",NA,"s__Lachnospira_eligens_tertmed:Days",-0.016466703939218,0.10726566201193,-0.153513283098804,0.87799351606707,1
"fixed",NA,"s__Lachnospira_eligens_terthigh:Days",-0.00570599249460088,0.0957864252975527,-0.0595699492582136,0.952498152867462,1
"fixed",NA,"s__GGB9342_SGB14306_tertlow:Days",0.0307821192894087,0.0934085366962428,0.32954289166856,0.741745379832138,1
"fixed",NA,"s__Oscillibacter_valericigenes_tertmed:Days",-0.00222406987591153,0.0934425012730041,-0.0238014805427096,0.98101095908275,1
"fixed",NA,"s__Oscillibacter_valericigenes_terthigh:Days",-0.0130588370089989,0.0915293590131617,-0.142673751349237,0.886547847993584,1
"fixed",NA,"s__GGB9602_SGB15031_tertlow:Days",0.0373598130085161,0.0774506587205334,0.482369209322315,0.62954369019832,1
"fixed",NA,"s__Roseburia_faecis_tertmed:Days",-0.00806572003107765,0.0973910067189024,-0.0828179141258655,0.933996324647979,1
"fixed",NA,"s__Roseburia_faecis_terthigh:Days",-0.0101672028839648,0.0863954192644475,-0.11768219855319,0.906319472252927,1
"fixed",NA,"s__Phocaeicola_massiliensis_tertlow:Days",0.0308566263596227,0.0737244581068098,0.418539886924886,0.675552430052579,1
"fixed",NA,"s__GGB9715_SGB15267_tertlow:Days",0.0125559179398408,0.0798754722821306,0.157193661346899,0.875092223711329,1
"fixed",NA,"s__Candidatus_Cibionibacter_quicibialis_tertmed:Days",-0.0440543335289541,0.113458900070528,-0.388284510968899,0.697805498321659,1
"fixed",NA,"s__Candidatus_Cibionibacter_quicibialis_terthigh:Days",-0.0308614755783902,0.1064971557473,-0.289786852633129,0.771979306587882,1
"fixed",NA,"s__Gemmiger_SGB15295_tertlow:Days",0.0471066549993266,0.122779436248829,0.383668930551682,0.701223843284855,1
"fixed",NA,"s__GGB13489_SGB15224_tertlow:Days",0.0193233550246957,0.073875080907481,0.261567971057734,0.793654539873736,1
"fixed",NA,"s__Bacteroides_clarus_tertlow:Days",0.0268950723785492,0.0732619601643624,0.367108282636861,0.713538249338398,1
"fixed",NA,"s__GGB9708_SGB15234_tertlow:Days",0.0231742863272644,0.0720091677370558,0.321824110117287,0.747585947983195,1
"fixed",NA,"s__GGB9758_SGB15368_tertlow:Days",0.0206366873788691,0.130671123219126,0.157928445631119,0.874513182965471,1
"fixed",NA,"s__Lawsonibacter_asaccharolyticus_tertmed:Days",-0.0113695880913238,0.0789953578004998,-0.143927294057422,0.885557882535706,1
"fixed",NA,"s__Lawsonibacter_asaccharolyticus_terthigh:Days",0.0125999584946187,0.0943311154015665,0.133571605095316,0.893741338795635,1
"fixed",NA,"s__Kineothrix_SGB4886_tertlow:Days",0.0263213750797755,0.0778428409369549,0.338134820915557,0.735261591061884,1
"fixed",NA,"s__GGB9627_SGB15081_tertlow:Days",0.0186676330568934,0.0793964022051945,0.23511938247086,0.814116075294668,1
"fixed",NA,"s__GGB9775_SGB15395_tertlow:Days",-0.00357438005528489,0.070880869100845,-0.0504279941912038,0.959781328621464,1
"fixed",NA,"s__GGB9691_SGB15198_tertlow:Days",0.106948597487828,0.809536598684416,0.132110886230012,0.894896585421174,1
"fixed",NA,"s__Lachnospiraceae_bacterium_tertmed:Days",-0.000609099086666144,0.0920888403911109,-0.00661425514838971,0.994722626415333,1
"fixed",NA,"s__Lachnospiraceae_bacterium_terthigh:Days",0.00845807624665045,0.073303925296864,0.115383674372105,0.908141018495368,1
"fixed",NA,"s__Alistipes_communis_terthigh:Days",0.00760144989381861,0.269827154593748,0.0281715526566011,0.977525325907261,1
"fixed",NA,"s__Coprobacter_fastidiosus_tertlow:Days",0.0248686952878872,0.075574699080315,0.329061122181362,0.742109489275193,1
"fixed",NA,"s__GGB3619_SGB4894_tertlow:Days",0.0244280543207997,0.0998138887787764,0.244736024411804,0.806660832635333,1
"fixed",NA,"s__GGB9760_SGB15374_tertlow:Days",0.028733905277801,0.113600716277415,0.252937712185125,0.800316346670452,1
"fixed",NA,"s__Roseburia_inulinivorans_tertmed:Days",-0.00960553639488167,0.081582064233893,-0.117740786349104,0.906273048694108,1
"fixed",NA,"s__Roseburia_inulinivorans_terthigh:Days",-8.71860416551056e-05,0.0884078429693265,-0.000986179944299231,0.999213142375813,1
"fixed",NA,"s__Clostridiales_bacterium_KLE1615_tertmed:Days",-0.0114358808992233,0.104086064398376,-0.109869471627383,0.912512894046905,1
"fixed",NA,"s__Clostridiales_bacterium_KLE1615_terthigh:Days",0.00446984468474313,0.129501990929751,0.0345156445291085,0.972465967251156,1
"fixed",NA,"s__GGB3730_SGB5060_tertlow:Days",0.0329194646304742,0.0946285368365594,0.347880943011219,0.72792959770602,1
"fixed",NA,"s__Butyricimonas_virosa_tertmed:Days",0.00585288630685461,0.154229784936648,0.0379491309623415,0.969728240394788,1
"fixed",NA,"s__Butyricimonas_virosa_terthigh:Days",-0.00754516326705515,0.0727093718705,-0.103771536914025,0.917350654744466,1
"fixed",NA,"s__Frisingicoccus_SGB4674_tertlow:Days",0.000770676939899194,0.0757762508756898,0.0101704284784884,0.991885312034501,1
"fixed",NA,"s__GGB9064_SGB13983_tertlow:Days",0.0237955472870703,0.108646477549294,0.21901812027246,0.82663593249215,1
"fixed",NA,"s__Lawsonibacter_SGB15145_tertlow:Days",0.0305535367102851,0.077263687643655,0.395444970879464,0.692514525835927,1
"fixed",NA,"s__GGB9760_SGB15373_tertlow:Days",0.00748518981880266,0.0754397624179422,0.0992207501573788,0.920962999908415,1
"fixed",NA,"s__Senegalimassilia_anaerobia_tertlow:Days",0.0336188994619469,0.211560710163677,0.158908993243297,0.8737405751496,1
"fixed",NA,"s__Blautia_luti_tertlow:Days",-0.236507223946129,0.00179454589243244,-131.792240557054,0,0
"fixed",NA,"s__GGB9707_SGB15229_tertlow:Days",0.0218244387871264,0.077002835009925,0.283423834775868,0.776851959614459,1
"fixed",NA,"s__Clostridium_SGB6173_tertlow:Days",0.024835796252162,0.103014741721144,0.241089729850426,0.809485572441673,1
"fixed",NA,"s__GGB3653_SGB4964_tertmed:Days",-0.00738026844280693,0.0857907583237087,-0.086026380778212,0.931445446130197,1
"fixed",NA,"s__GGB3653_SGB4964_terthigh:Days",-0.00459665647441767,0.0804802389918278,-0.0571153432445004,0.954453314233363,1
"fixed",NA,"s__Candidatus_Borkfalkia_ceftriaxoniphila_tertlow:Days",0.00502895842719398,0.070664534323691,0.0711666534751078,0.943265120772228,1
"fixed",NA,"s__GGB3722_SGB5050_tertlow:Days",0.0388247366730727,0.147111000817815,0.26391457101943,0.791845747543566,1
"fixed",NA,"s__GGB87445_SGB15180_tertlow:Days",0.0186627693854432,0.107164391050965,0.174150846213156,0.861746914178417,1
"fixed",NA,"s__Coprococcus_eutactus_tertlow:Days",0.0197152888921732,0.080054417569724,0.246273591023281,0.805470451790283,1
"fixed",NA,"s__GGB2970_SGB3952_tertlow:Days",0.009461563381685,0.0877006816527383,0.107884718834333,0.914087138969522,1
"fixed",NA,"s__Faecalicatena_fissicatena_tertlow:Days",0.0359029313054568,0.0773895924158576,0.463924543141799,0.64270180804738,1
"fixed",NA,"s__Eubacterium_siraeum_tertmed:Days",-0.0167415130535561,0.0825626362410867,-0.20277347981804,0.839312087345766,1
"fixed",NA,"s__Eubacterium_siraeum_terthigh:Days",-0.00153705472006421,0.0842007528968945,-0.0182546434228013,0.9854357107357,1
"fixed",NA,"s__Faecalibacterium_sp_CLA_AA_H233_tertlow:Days",0.00294418128235201,0.0720786670148567,0.040846777615146,0.967418047310841,1
"fixed",NA,"s__GGB33469_SGB15237_tertlow:Days",0.025246924237412,0.0989919329696583,0.255040218733281,0.798692036029077,1
"fixed",NA,"s__Blautia_sp_OF03_15BH_tertlow:Days",0.00219106797930418,0.0917876455613091,0.0238710554770758,0.980955462084851,1
"fixed",NA,"s__GGB3000_SGB3991_tertlow:Days",-0.0087690264114861,0.0832710112437876,-0.105307072419399,0.916132151202735,1
"fixed",NA,"s__Faecalibacillus_intestinalis_tertlow:Days",-0.00201599346838615,0.0848701958583624,-0.0237538448921526,0.981048956090029,1
"fixed",NA,"s__Clostridiaceae_bacterium_Marseille_Q4143_tertlow:Days",0.00572741899200652,0.0659678658923817,0.0868213472503428,0.930813519042813,1
"fixed",NA,"s__Haemophilus_parainfluenzae_tertlow:Days",-0.00189564273465588,0.0825683756060618,-0.0229584598309175,0.981683408459951,1
"fixed",NA,"s__Desulfovibrio_desulfuricans_tertlow:Days",0.0190537112428698,0.109145424918882,0.17457178124535,0.861416123358939,1
"fixed",NA,"s__Intestinimonas_butyriciproducens_terthigh:Days",0.0137173817545651,0.242205073202122,0.0566354022779606,0.954835632852987,1
"fixed",NA,"s__GGB9522_SGB14921_tertlow:Days",0.00501350858545374,0.0800769335522031,0.0626086484965783,0.950078142426591,1
"fixed",NA,"s__Anaeromassilibacillus_senegalensis_tertlow:Days",-0.00682662936169215,0.0711085346137956,-0.0960029537771931,0.923518226625826,1
"fixed",NA,"s__GGB3819_SGB5184_tertmed:Days",-0.00157119420951416,0.129625269151179,-0.0121210487723787,0.990329039133671,1
"fixed",NA,"s__GGB3819_SGB5184_terthigh:Days",-0.00188246106477687,0.0710059667952917,-0.0265113081299767,0.978849514186673,1
"fixed",NA,"s__Lachnospiraceae_bacterium_AM48_27BH_tertlow:Days",0.016109223437815,0.0723831345166036,0.222554930031661,0.823881917264528,1
"fixed",NA,"s__Fusicatenibacter_sp_CLA_AA_H277_tertlow:Days",0.00866498136748043,0.0735638654154773,0.117788554455941,0.906235198633382,1
"fixed",NA,"s__Colidextribacter_sp_210702_DFI_3_9_tertlow:Days",0.033856294546016,0.169064572072556,0.200256589130254,0.841279911663522,1
"fixed",NA,"s__Clostridium_sp_AM33_3_tertlow:Days",0.0282324019920335,0.0981786112028458,0.287561635331171,0.773682315480346,1
"fixed",NA,"s__GGB9634_SGB15093_tertlow:Days",0.0267408794748615,0.113153157287751,0.236324642774739,0.81318076625444,1
"fixed",NA,"s__Clostridium_sp_AF27_2AA_tertlow:Days",0.0117613865601761,0.0810636790711654,0.145088240441824,0.88464120281279,1
"fixed",NA,"c__CFGB3072_tertlow:Days",0.00862148835479726,0.0749791454213122,0.114985150955677,0.908456891792359,1
"fixed",NA,"c__CFGB3057_tertmed:Days",-0.0377161164467609,0.462863741568134,-0.0814842750892145,0.935056829951778,1
"fixed",NA,"c__CFGB3057_terthigh:Days",3.10574822796634,1.26242806322902,2.46013877418291,0.0138883301911966,1
"fixed",NA,"o__OFGB3072_tertlow:Days",0.00862148835479726,0.0749791454213122,0.114985150955677,0.908456891792359,1
"fixed",NA,"o__Micrococcales_tertlow:Days",-0.0435733382440184,0.217126221729851,-0.200682063625795,0.840947185549564,1
"fixed",NA,"o__Actinomycetales_tertlow:Days",-0.0065174108233985,0.213499376940136,-0.0305266034814984,0.975647076754476,1
"fixed",NA,"o__OFGB3057_tertmed:Days",-0.0377161164467609,0.462863741568134,-0.0814842750892145,0.935056829951778,1
"fixed",NA,"o__OFGB3057_terthigh:Days",3.10574822796634,1.26242806322902,2.46013877418291,0.0138883301911966,1
"fixed",NA,"f__Turicibacteraceae_tertlow:Days",0.0078670456533742,0.108450122150662,0.0725406804286038,0.942171632424883,1
"fixed",NA,"f__FGB3072_tertlow:Days",0.00862148835479726,0.0749791454213122,0.114985150955677,0.908456891792359,1
"fixed",NA,"f__Micrococcaceae_tertlow:Days",-0.0213976439777044,0.21019889261978,-0.101797129904055,0.918917703821832,1
"fixed",NA,"f__Actinomycetaceae_tertlow:Days",-0.0065174108233985,0.213499376940136,-0.0305266034814984,0.975647076754476,1
"fixed",NA,"f__Christensenellaceae_tertlow:Days",-3.00457400391828,0.00211602585639017,-1419.91365315541,0,0
"fixed",NA,"f__FGB3057_tertmed:Days",-0.0377161164467609,0.462863741568134,-0.0814842750892145,0.935056829951778,1
"fixed",NA,"f__FGB3057_terthigh:Days",3.10574822796634,1.26242806322902,2.46013877418291,0.0138883301911966,1
"fixed",NA,"g__Turicibacter_tertlow:Days",0.0078670456533742,0.108450122150662,0.0725406804286038,0.942171632424883,1
"fixed",NA,"g__Lachnoclostridium_tertmed:Days",0.0261099994978209,0.136585038147816,0.191162954975815,0.848397926002577,1
"fixed",NA,"g__Lachnoclostridium_terthigh:Days",0.0506255440613361,0.162782659141344,0.311000842033044,0.755799981503727,1
"fixed",NA,"g__Romboutsia_tertlow:Days",-0.0100005766843757,0.0775687235759696,-0.128925373827781,0.897416698811113,1
"fixed",NA,"g__Erysipelatoclostridium_tertlow:Days",-0.0265517665097641,0.0976873544264929,-0.271803517104597,0.785773100741889,1
"fixed",NA,"g__Lentihominibacter_tertlow:Days",0.00527120072366105,0.212910525489896,0.0247578212093192,0.980248134535282,1
"fixed",NA,"g__Slackia_tertlow:Days",0.00204330619784659,0.0894725569097581,0.0228372393549395,0.98178010305376,1
"fixed",NA,"g__GGB3537_tertlow:Days",0.00593613327838736,0.107007373960963,0.0554740580826971,0.95576079676796,1
"fixed",NA,"g__GGB9365_tertlow:Days",0.0280530837220796,0.102509695273679,0.273662736458085,0.78434381686704,1
"fixed",NA,"g__Wansuia_tertlow:Days",-0.121443657831044,0.738822745488679,-0.164374552045928,0.869436295601861,1
"fixed",NA,"g__Sellimonas_tertlow:Days",-0.0186978849442856,0.0875867244039423,-0.213478527385641,0.830953735766709,1
"fixed",NA,"g__GGB45491_tertlow:Days",0.0315501303578482,0.235492363705083,0.133975173808012,0.893422205858844,1
"fixed",NA,"g__Rothia_tertlow:Days",-0.0213976439777044,0.21019889261978,-0.101797129904055,0.918917703821832,1
"fixed",NA,"g__Gordonibacter_tertlow:Days",-10.2356921312513,22.9106222563177,-0.446766221219885,0.655043862778911,1
"fixed",NA,"g__GGB3005_tertlow:Days",-0.0612260668316046,0.360898319161346,-0.169649077263317,0.865286123861902,1
"fixed",NA,"g__Schaalia_tertlow:Days",-0.00687468985130105,0.207887371038026,-0.0330693000588456,0.973619324357852,1
"fixed",NA,"g__GGB32900_tertmed:Days",0.0195068206345862,0.191130207580884,0.102060374869478,0.918708752997219,1
"fixed",NA,"g__GGB32900_terthigh:Days",0.0138625133859852,0.0767316081199484,0.180662359692957,0.856632605167794,1
"fixed",NA,"g__Actinomyces_tertlow:Days",0.00324770878932958,0.213827804925618,0.0151884306648489,0.987881851590914,1
"fixed",NA,"g__GGB9534_tertlow:Days",0.000107114041626158,0.0687051447790718,0.00155903960279239,0.99875606687517,1
"fixed",NA,"g__GGB9781_tertlow:Days",0.0138004941105541,0.0889626553169427,0.15512682328768,0.876721336222535,1
"fixed",NA,"g__GGB9469_tertlow:Days",-0.00797217462292455,0.125970663573614,-0.0632859619594353,0.949538794088248,1
"fixed",NA,"s__Bifidobacterium_pseudocatenulatum_tertlow:Days",-0.445039901683377,0.472439754761581,-0.94200349821951,0.34619084890158,1
"fixed",NA,"s__Bifidobacterium_longum_tertmed:Days",256.456249703314,3948736.92914983,6.49464004072131e-05,0.999948180269872,1
"fixed",NA,"s__Bifidobacterium_longum_terthigh:Days",0.0130039970712085,0.246298409420059,0.0527977306139655,0.957893069688251,1
"fixed",NA,"s__Blautia_hydrogenotrophica_tertlow:Days",-0.0323854843915538,0.132267268990647,-0.244848817388404,0.806573493289763,1
"fixed",NA,"s__Clostridium_saudiense_tertlow:Days",-0.00152842538659157,0.0805370153273757,-0.0189779243789785,0.984858716032262,1
"fixed",NA,"s__Turicibacter_sanguinis_tertlow:Days",0.0498255222384614,0.324397249082684,0.153594157716675,0.877929743743114,1
"fixed",NA,"s__Anaerostipes_caccae_tertlow:Days",-1.07572387132794,9.25408503220013,-0.116243136688814,0.90745985032278,1
"fixed",NA,"s__Clostridium_scindens_tertlow:Days",-0.0267405595513053,0.135330811728593,-0.1975940231921,0.84336271141123,1
"fixed",NA,"s__Romboutsia_timonensis_tertlow:Days",-0.0100005766843757,0.0775687235759696,-0.128925373827781,0.897416698811113,1
"fixed",NA,"s__GGB3433_SGB4573_tertlow:Days",0.0174485422834042,0.0865416546925121,0.201620160203777,0.840213683323401,1
"fixed",NA,"s__Erysipelatoclostridium_ramosum_tertlow:Days",-0.965158516267206,0.379306177216645,-2.54453677329896,0.0109422789519478,1
"fixed",NA,"s__Blautia_hansenii_tertlow:Days",-0.384383751878552,0.322082554129727,-1.19343238852897,0.232700076693272,1
"fixed",NA,"s__Slackia_isoflavoniconvertens_tertlow:Days",0.00970527440983205,0.0956783011007265,0.101436525295476,0.919203942998436,1
"fixed",NA,"s__GGB3537_SGB4727_tertlow:Days",0.00593613327838736,0.107007373960963,0.0554740580826971,0.95576079676796,1
"fixed",NA,"s__Blautia_producta_tertlow:Days",-0.0902543703708984,0.697340140402094,-0.129426609973802,0.897020093043749,1
"fixed",NA,"s__GGB9365_SGB14341_tertlow:Days",0.0280530837220796,0.102509695273679,0.273662736458085,0.78434381686704,1
"fixed",NA,"s__Vescimonas_coprocola_tertmed:Days",-63.9323003321127,653485.572491495,-9.78327648280938e-05,0.999921940747527,1
"fixed",NA,"s__Vescimonas_coprocola_terthigh:Days",-0.000894764244454108,0.264599483569932,-0.00338157970825226,0.997301894901837,1
"fixed",NA,"s__Wansuia_hejianensis_tertlow:Days",-0.121443657831044,0.738822745488679,-0.164374552045928,0.869436295601861,1
"fixed",NA,"s__Streptococcus_parasanguinis_tertmed:Days",38.2394507433757,927.564123551121,0.0412256681478563,0.967115990840719,1
"fixed",NA,"s__Streptococcus_parasanguinis_terthigh:Days",8.6494804665236e-06,0.0699653898236623,0.000123625130772849,0.99990136141708,1
"fixed",NA,"s__Sellimonas_intestinalis_tertlow:Days",-0.0186978849442856,0.0875867244039423,-0.213478527385641,0.830953735766709,1
"fixed",NA,"s__GGB45491_SGB63163_tertlow:Days",0.0315501303578482,0.235492363705083,0.133975173808012,0.893422205858844,1
"fixed",NA,"s__Rothia_mucilaginosa_tertlow:Days",-0.0213976439777044,0.21019889261978,-0.101797129904055,0.918917703821832,1
"fixed",NA,"s__Gordonibacter_pamelaeae_tertlow:Days",-10.2356921312513,22.9106222563177,-0.446766221219885,0.655043862778911,1
"fixed",NA,"s__GGB3005_SGB3996_tertlow:Days",-0.0612260668316046,0.360898319161346,-0.169649077263317,0.865286123861902,1
"fixed",NA,"s__Clostridium_innocuum_tertlow:Days",-0.00372053454465386,0.119820347719394,-0.0310509409751251,0.975228914213703,1
"fixed",NA,"s__GGB32900_SGB53446_tertmed:Days",0.0195068206345862,0.191130207580884,0.102060374869478,0.918708752997219,1
"fixed",NA,"s__GGB32900_SGB53446_terthigh:Days",0.0138625133859852,0.0767316081199484,0.180662359692957,0.856632605167794,1
"fixed",NA,"s__GGB9719_SGB15272_tertlow:Days",-0.0202051121355469,0.0991473676451074,-0.203788689659114,0.838518631719746,1
"fixed",NA,"s__GGB9534_SGB14937_tertlow:Days",0.000107114041626158,0.0687051447790718,0.00155903960279239,0.99875606687517,1
"fixed",NA,"s__GGB9781_SGB15402_tertlow:Days",0.0256545634485966,0.12341300139592,0.207875695092242,0.835326027131177,1
"fixed",NA,"s__Enterocloster_clostridioformis_terthigh:Days",0.00820980783083311,0.262028641465438,0.0313317192537366,0.975004994513057,1
"fixed",NA,"s__Enterocloster_bolteae_tertmed:Days",0.0704013604782527,0.259604880884442,0.271186582618954,0.78624753197746,1
"fixed",NA,"s__Enterocloster_bolteae_terthigh:Days",0.0297157832698257,0.0937981748012753,0.316805559732722,0.751391145299314,1
"fixed",NA,"s__GGB9469_SGB14862_tertlow:Days",0.00309965579841429,0.130492292607797,0.0237535546082442,0.981049187637745,1
"fixed",NA,"s__Bacteroides_thetaiotaomicron_tertmed:Days",-0.00699627145051123,0.0811852567679975,-0.0861766252769813,0.931326011896899,1
"fixed",NA,"s__Bacteroides_thetaiotaomicron_terthigh:Days",0.0346735427904841,0.11986220795399,0.289278358728331,0.772368371928944,1
"fixed",NA,"s__Enterocloster_aldenensis_tertlow:Days",-0.00155560750196641,0.0739558836313845,-0.0210342629359953,0.983218323846033,1
"fixed",NA,"s__Enterocloster_asparagiformis_tertlow:Days",-0.691299922710597,0.0151574123084066,-45.6080436848175,0,0
"fixed",NA,"p__Verrucomicrobia_tertmed:Days",-0.00126227209675697,0.0904533614488896,-0.0139549495622693,0.988865922574841,1
"fixed",NA,"p__Verrucomicrobia_terthigh:Days",0.0156405513886231,0.0858560805235977,0.182171737787683,0.855447951828676,1
"fixed",NA,"p__Bacteria_unclassified_tertmed:Days",34.0268669252489,5.42037623895314,6.27758395823471,3.43874583564426e-10,4.02677137353943e-07
"fixed",NA,"p__Bacteria_unclassified_terthigh:Days",0.00557254747933132,0.0331036092071326,0.168336553409126,0.86631851869257,1
"fixed",NA,"c__CFGB2983_tertlow:Days",0.0107584476008398,0.157270480989567,0.0684072912675424,0.945461417836572,1
"fixed",NA,"c__CFGB1011_tertlow:Days",0.00423423451515089,0.0892054082506031,0.0474661189067789,0.962141733080492,1
"fixed",NA,"c__CFGB2898_tertlow:Days",-0.000816474812554051,0.0783736344557366,-0.0104177229781933,0.991688010025844,1
"fixed",NA,"c__Verrucomicrobiae_tertmed:Days",-0.0117639371316046,0.106710899568648,-0.11024119540888,0.91221809214581,1
"fixed",NA,"c__Verrucomicrobiae_terthigh:Days",0.0148324504013848,0.0822734276647401,0.180282392777244,0.856930877724186,1
"fixed",NA,"c__CFGB1814_tertlow:Days",-0.0840583410691476,0.577993016114037,-0.145431413054588,0.884370264274627,1
"fixed",NA,"c__CFGB3041_tertlow:Days",-0.00165448698357351,0.0836895219581496,-0.0197693444156709,0.984227372714945,1
"fixed",NA,"c__CFGB3069_tertlow:Days",-0.00909706455256589,0.0967198264746908,-0.0940558402981251,0.925064799147973,1
"fixed",NA,"c__Bacteria_unclassified_tertmed:Days",34.0268669252489,5.42037623895314,6.27758395823471,3.43874583564426e-10,4.02677137353943e-07
"fixed",NA,"c__Bacteria_unclassified_terthigh:Days",0.00557254747933132,0.0331036092071326,0.168336553409126,0.86631851869257,1
"fixed",NA,"c__CFGB3004_tertlow:Days",-0.0186694098771243,0.093750270122723,-0.199139798239358,0.842153390140002,1
"fixed",NA,"o__OFGB2983_tertlow:Days",0.0107584476008398,0.157270480989567,0.0684072912675424,0.945461417836572,1
"fixed",NA,"o__OFGB1011_tertlow:Days",0.00423423451515089,0.0892054082506031,0.0474661189067789,0.962141733080492,1
"fixed",NA,"o__OFGB2898_tertlow:Days",-0.000816474812554051,0.0783736344557366,-0.0104177229781933,0.991688010025844,1
"fixed",NA,"o__Verrucomicrobiales_tertmed:Days",-0.0117639371316046,0.106710899568648,-0.11024119540888,0.91221809214581,1
"fixed",NA,"o__Verrucomicrobiales_terthigh:Days",0.0148324504013848,0.0822734276647401,0.180282392777244,0.856930877724186,1
"fixed",NA,"o__OFGB1814_tertlow:Days",-0.0840583410691476,0.577993016114037,-0.145431413054588,0.884370264274627,1
"fixed",NA,"o__OFGB3041_tertlow:Days",-0.00165448698357351,0.0836895219581496,-0.0197693444156709,0.984227372714945,1
"fixed",NA,"o__OFGB3069_tertlow:Days",-0.00909706455256589,0.0967198264746908,-0.0940558402981251,0.925064799147973,1
"fixed",NA,"o__Bacteria_unclassified_tertmed:Days",34.0268669252489,5.42037623895314,6.27758395823471,3.43874583564426e-10,4.02677137353943e-07
"fixed",NA,"o__Bacteria_unclassified_terthigh:Days",0.00557254747933132,0.0331036092071326,0.168336553409126,0.86631851869257,1
"fixed",NA,"o__OFGB3004_tertlow:Days",-0.0186694098771243,0.093750270122723,-0.199139798239358,0.842153390140002,1
"fixed",NA,"f__FGB2983_tertlow:Days",0.0107584476008398,0.157270480989567,0.0684072912675424,0.945461417836572,1
"fixed",NA,"f__FGB1011_tertlow:Days",0.00423423451515089,0.0892054082506031,0.0474661189067789,0.962141733080492,1
"fixed",NA,"f__FGB2898_tertlow:Days",-0.000816474812554051,0.0783736344557366,-0.0104177229781933,0.991688010025844,1
"fixed",NA,"f__Akkermansiaceae_tertmed:Days",-0.0117639371316046,0.106710899568648,-0.11024119540888,0.91221809214581,1
"fixed",NA,"f__Akkermansiaceae_terthigh:Days",0.0148324504013848,0.0822734276647401,0.180282392777244,0.856930877724186,1
"fixed",NA,"f__FGB1814_tertlow:Days",-0.0840583410691476,0.577993016114037,-0.145431413054588,0.884370264274627,1
"fixed",NA,"f__FGB3041_tertlow:Days",-0.00165448698357351,0.0836895219581496,-0.0197693444156709,0.984227372714945,1
"fixed",NA,"f__FGB3069_tertlow:Days",-0.00909706455256589,0.0967198264746908,-0.0940558402981251,0.925064799147973,1
"fixed",NA,"f__Bacteria_unclassified_tertmed:Days",34.0268669252489,5.42037623895314,6.27758395823471,3.43874583564426e-10,4.02677137353943e-07
"fixed",NA,"f__Bacteria_unclassified_terthigh:Days",0.00557254747933132,0.0331036092071326,0.168336553409126,0.86631851869257,1
"fixed",NA,"f__FGB3004_tertlow:Days",-0.0186694098771243,0.093750270122723,-0.199139798239358,0.842153390140002,1
"fixed",NA,"g__GGB3576_tertlow:Days",-0.0669265807656329,0.572899425437145,-0.116820820189452,0.90700204459243,1
"fixed",NA,"g__GGB33512_tertlow:Days",-0.00822939867952708,0.0771106192101397,-0.10672198931642,0.915009537282046,1
"fixed",NA,"g__GGB9699_tertmed:Days",0.0501886539163291,0.463065364364913,0.108383519430701,0.913691473708768,1
"fixed",NA,"g__GGB9699_terthigh:Days",-0.00184639800816667,0.0753049557144022,-0.0245189442135685,0.980438672959725,1
"fixed",NA,"g__GGB9343_tertlow:Days",0.0107584476008398,0.157270480989567,0.0684072912675424,0.945461417836572,1
"fixed",NA,"g__GGB2653_tertlow:Days",0.0118899102022109,0.10076233963819,0.117999544719826,0.906068018624107,1
"fixed",NA,"g__Neglectibacter_tertlow:Days",-0.0173632434377095,0.102093947519759,-0.170071232032134,0.86495411741018,1
"fixed",NA,"g__GGB9453_tertlow:Days",-0.0041231388293697,0.0882806369937995,-0.0467049057389481,0.962748420400372,1
"fixed",NA,"g__GGB9531_tertlow:Days",-0.0151470171455075,0.0708018619731866,-0.213935293837948,0.830597516830126,1
"fixed",NA,"g__Longicatena_tertlow:Days",-0.00977240045731903,0.166064023254277,-0.0588471859576445,0.953073824595642,1
"fixed",NA,"g__GGB9782_tertlow:Days",0.0130013475943216,0.0804729129535883,0.16156178665758,0.87165095171488,1
"fixed",NA,"g__Akkermansia_tertmed:Days",-0.0117639371316046,0.106710899568648,-0.11024119540888,0.91221809214581,1
"fixed",NA,"g__Akkermansia_terthigh:Days",0.0148324504013848,0.0822734276647401,0.180282392777244,0.856930877724186,1
"fixed",NA,"g__GGB4802_tertlow:Days",-0.0840583410691476,0.577993016114037,-0.145431413054588,0.884370264274627,1
"fixed",NA,"g__GGB9547_tertlow:Days",-0.00165448698357351,0.0836895219581496,-0.0197693444156709,0.984227372714945,1
"fixed",NA,"g__GGB9770_tertlow:Days",-0.0108225175976497,0.0971681886228366,-0.111379225557635,0.911315633154871,1
"fixed",NA,"g__Eisenbergiella_tertlow:Days",-0.00766903027731316,0.10094962521333,-0.0759688831048825,0.939443854320019,1
"fixed",NA,"g__Anaerotruncus_tertmed:Days",0.031861766744138,0.0932064989629143,0.341840613032954,0.732470843927148,1
"fixed",NA,"g__Anaerotruncus_terthigh:Days",0.0156656721577775,0.0811567238009835,0.19302987385486,0.846935572091908,1
"fixed",NA,"g__GGB9818_tertlow:Days",0.0300081516073377,0.186999950981924,0.160471441033899,0.87250971682172,1
"fixed",NA,"g__Bacteria_unclassified_tertmed:Days",-6.60079751336908,1859834.90904946,-3.54913088320439e-06,0.999997168203264,1
"fixed",NA,"g__Bacteria_unclassified_terthigh:Days",0.00910054072143547,0.240187748768037,0.0378892793996099,0.969775960712575,1
"fixed",NA,"g__GGB9524_tertlow:Days",0.00739195126315132,0.0775689436493288,0.095295242082561,0.924080321725174,1
"fixed",NA,"g__Adlercreutzia_tertmed:Days",0.034038140052263,0.176964558247412,0.192344390251717,0.847472449104921,1
"fixed",NA,"g__Adlercreutzia_terthigh:Days",0.00307325730416441,0.0721813751243375,0.0425768738662919,0.96603883075043,1
"fixed",NA,"g__Holdemania_tertmed:Days",16.319547209805,9.83827626481505,1.65878114931262,0.0971599002237608,1
"fixed",NA,"g__Holdemania_terthigh:Days",0.00539169329306764,0.12088138575434,0.0446031724357036,0.964423613940302,1
"fixed",NA,"g__Provencibacterium_tertlow:Days",-0.0405346002218805,0.270380841438821,-0.1499166879065,0.880830345467948,1
"fixed",NA,"g__GGB3441_tertlow:Days",-0.0535435556980378,0.635335540805435,-0.084276027798097,0.932836971630176,1
"fixed",NA,"g__GGB58158_tertlow:Days",-0.0186694098771243,0.093750270122723,-0.199139798239358,0.842153390140002,1
"fixed",NA,"g__GGB3167_tertlow:Days",-0.0139471242773986,0.111127023825097,-0.125506144206202,0.900122861128737,1
"fixed",NA,"g__GGB33586_tertlow:Days",-0.0179915806524859,0.0930362989261751,-0.193382377202713,0.846659515894562,1
"fixed",NA,"g__Anaerofilum_tertlow:Days",0.0105330313234865,0.134608873469289,0.0782491603414958,0.9376298575666,1
"fixed",NA,"s__GGB3576_SGB4784_tertlow:Days",-0.0669265807656329,0.572899425437145,-0.116820820189452,0.90700204459243,1
"fixed",NA,"s__GGB33512_SGB15201_tertlow:Days",-0.00619913481063016,0.0789618460118735,-0.0785079772539512,0.937423984879373,1
"fixed",NA,"s__GGB3550_SGB4747_tertlow:Days",-0.0683057900319751,0.35224888105973,-0.19391343366792,0.846243664807042,1
"fixed",NA,"s__Bilophila_wadsworthia_tertmed:Days",0.0186847935691531,0.102591083456426,0.182128825816419,0.855481627313595,1
"fixed",NA,"s__Bilophila_wadsworthia_terthigh:Days",0.0295743658005562,0.102958625331804,0.287245150226579,0.773924617379547,1
"fixed",NA,"s__GGB9699_SGB15216_tertmed:Days",0.0501886539163291,0.463065364364913,0.108383519430701,0.913691473708768,1
"fixed",NA,"s__GGB9699_SGB15216_terthigh:Days",-0.00184639800816667,0.0753049557144022,-0.0245189442135685,0.980438672959725,1
"fixed",NA,"s__GGB9343_SGB14307_tertlow:Days",0.0107584476008398,0.157270480989567,0.0684072912675424,0.945461417836572,1
"fixed",NA,"s__GGB2653_SGB3574_tertlow:Days",0.0118899102022109,0.10076233963819,0.117999544719826,0.906068018624107,1
"fixed",NA,"s__Neglectibacter_timonensis_tertlow:Days",-0.0173632434377095,0.102093947519759,-0.170071232032134,0.86495411741018,1
"fixed",NA,"s__Alistipes_shahii_tertmed:Days",0.199177703890174,3.28699006982874,0.0605957729286816,0.95168114005392,1
"fixed",NA,"s__Alistipes_shahii_terthigh:Days",2.76625740303293,1.0470153590423,2.64204090144695,0.00824081033766618,1
"fixed",NA,"s__GGB9531_SGB14932_tertlow:Days",-0.0151470171455075,0.0708018619731866,-0.213935293837948,0.830597516830126,1
"fixed",NA,"s__Blautia_stercoris_tertlow:Days",-0.0634357144663101,0.443320375961313,-0.143092259923207,0.886217317724557,1
"fixed",NA,"s__Clostridium_sp_AM29_11AC_tertlow:Days",-0.0684319260713966,1.17747879052813,-0.0581173322372141,0.953655168598407,1
"fixed",NA,"s__Dorea_phocaeensis_tertlow:Days",0.0142076052049307,0.153107780919001,0.0927947954026381,0.926066585838303,1
"fixed",NA,"s__Longicatena_caecimuris_tertlow:Days",-0.00977240045731903,0.166064023254277,-0.0588471859576445,0.953073824595642,1
"fixed",NA,"s__GGB9782_SGB15403_tertlow:Days",0.0130013475943216,0.0804729129535883,0.16156178665758,0.87165095171488,1
"fixed",NA,"s__Akkermansia_muciniphila_tertmed:Days",1373.09785088411,577388.70839728,0.00237811690965618,0.998102539022497,1
"fixed",NA,"s__Akkermansia_muciniphila_terthigh:Days",-0.00536252618155442,0.230558275809493,-0.0232588752788271,0.981443775604913,1
"fixed",NA,"s__GGB4802_SGB6641_tertlow:Days",-0.0840583410691476,0.577993016114037,-0.145431413054588,0.884370264274627,1
"fixed",NA,"s__Alistipes_senegalensis_tertmed:Days",245.421924905839,14761981.9469439,1.66252692753527e-05,0.999986734954327,1
"fixed",NA,"s__Alistipes_senegalensis_terthigh:Days",0.00192287459915291,0.260231601539127,0.00738908951787626,0.994104413203852,1
"fixed",NA,"s__Clostridium_leptum_tertmed:Days",0.00942569568698417,0.100911981816016,0.0934051191678028,0.925581723791995,1
"fixed",NA,"s__Clostridium_leptum_terthigh:Days",0.0145383751231258,0.0995647911049111,0.14601923995207,0.883906199932778,1
"fixed",NA,"s__GGB9770_SGB15390_tertlow:Days",-0.00537006497586354,0.105045841838336,-0.0511211570290236,0.959228977162097,1
"fixed",NA,"s__Lachnoclostridium_pacaense_tertlow:Days",-0.0351902321519977,0.22554622120415,-0.156022264368356,0.876015471703385,1
"fixed",NA,"s__GGB9818_SGB15459_tertlow:Days",0.0300081516073377,0.186999950981924,0.160471441033899,0.87250971682172,1
"fixed",NA,"s__Anaerotruncus_massiliensis_tertlow:Days",-0.0115690459578979,0.0927086046511255,-0.124789344003545,0.900690323699025,1
"fixed",NA,"s__bacterium_210917_DFI_7_65_terthigh:Days",0.0107424477966711,0.266492068012853,0.0403105723812872,0.967845525089694,1
"fixed",NA,"s__Alistipes_indistinctus_tertlow:Days",-0.0157067416989453,0.0871895907438229,-0.18014468888946,0.857038979789008,1
"fixed",NA,"s__GGB9524_SGB14924_tertlow:Days",0.00608032399882758,0.0791130079167498,0.0768561853346023,0.938737953438058,1
"fixed",NA,"s__Adlercreutzia_equolifaciens_tertmed:Days",0.88968542300026,0.00289312481936769,307.517123714941,0,0
"fixed",NA,"s__Adlercreutzia_equolifaciens_terthigh:Days",-0.00404655084668559,0.0028919641980143,-1.39923960658436,0.16174114324762,1
"fixed",NA,"s__GGB9781_SGB66170_tertlow:Days",0.00448317231324543,0.102277725004636,0.0438333206281447,0.965037266579992,1
"fixed",NA,"s__Provencibacterium_massiliense_tertlow:Days",-0.0405346002218805,0.270380841438821,-0.1499166879065,0.880830345467948,1
"fixed",NA,"s__GGB3441_SGB4591_tertlow:Days",-0.0535435556980378,0.635335540805435,-0.084276027798097,0.932836971630176,1
"fixed",NA,"s__Faecalibacillus_faecis_tertlow:Days",0.0130182591568974,0.1088305521306,0.119619526888691,0.904784550573061,1
"fixed",NA,"s__Hydrogenoanaerobacterium_saccharovorans_tertlow:Days",-0.0396879919441281,0.202391237258264,-0.196095406509541,0.844535491538717,1
"fixed",NA,"s__Intestinimonas_massiliensis_tertlow:Days",-0.00445870098470056,0.0851560963364377,-0.0523591519165576,0.958242521494381,1
"fixed",NA,"s__Enterocloster_lavalensis_tertlow:Days",-0.00346450625667026,0.070953858057493,-0.0488275951656218,0.961056690635693,1
"fixed",NA,"s__GGB9770_SGB15389_tertlow:Days",0.00242659533103347,0.132347984655066,0.0183349624654869,0.985371636135395,1
"fixed",NA,"s__Lachnospira_sp_NSJ_43_tertlow:Days",0.00357719644340554,0.0770457190125316,0.0464295289764731,0.962967901165156,1
"fixed",NA,"s__Anaerotruncus_rubiinfantis_tertlow:Days",0.0039455985788599,0.107339398743413,0.0367581580020918,0.970677836561603,1
"fixed",NA,"s__GGB58158_SGB79798_tertlow:Days",-0.0186694098771243,0.093750270122723,-0.199139798239358,0.842153390140002,1
"fixed",NA,"s__GGB3167_SGB4181_tertlow:Days",-0.0139471242773986,0.111127023825097,-0.125506144206202,0.900122861128737,1
"fixed",NA,"s__GGB33586_SGB53517_tertlow:Days",-0.0179915806524859,0.0930362989261751,-0.193382377202713,0.846659515894562,1
"fixed",NA,"s__Anaerofilum_hominis_tertlow:Days",0.0105330313234865,0.134608873469289,0.0782491603414958,0.9376298575666,1
"fixed",NA,"k__Archaea_tertlow:Days",0.00304765979139471,0.0800739532752093,0.0380605636007516,0.969639394199571,1
"fixed",NA,"p__Euryarchaeota_tertlow:Days",0.00304765979139471,0.0800739532752093,0.0380605636007516,0.969639394199571,1
"fixed",NA,"p__Tenericutes_tertlow:Days",0.0159776811560262,0.0918230123418871,0.174005194869191,0.861861379599557,1
"fixed",NA,"p__Lentisphaerae_tertlow:Days",-0.00838143465699111,0.1277931527624,-0.0655859447538187,0.947707479480177,1
"fixed",NA,"c__CFGB1765_tertmed:Days",0.0397747230055897,0.324801741390031,0.122458466002579,0.902535937693644,1
"fixed",NA,"c__CFGB1765_terthigh:Days",-0.00222178489895198,0.066302263521601,-0.0335099403993671,0.973267938992499,1
"fixed",NA,"c__CFGB2875_tertlow:Days",0.0116633549879264,0.073042646989927,0.159678700985944,0.873134179751008,1
"fixed",NA,"c__CFGB1249_tertlow:Days",-0.00590917994890163,0.0916766784693727,-0.0644567413169944,0.948606550874778,1
"fixed",NA,"c__Methanobacteria_tertlow:Days",0.00304765979139471,0.0800739532752093,0.0380605636007516,0.969639394199571,1
"fixed",NA,"c__CFGB1787_tertlow:Days",0.0159776811560262,0.0918230123418871,0.174005194869191,0.861861379599557,1
"fixed",NA,"c__Lentisphaeria_tertlow:Days",-0.0109168546062699,0.131909934401253,-0.0827599123282267,0.93404244506092,1
"fixed",NA,"c__CFGB2915_tertlow:Days",-0.48170390520301,0.226604394716779,-2.1257482927684,0.0335242234961363,1
"fixed",NA,"c__CFGB3043_tertlow:Days",0.0132518931435316,0.114684915763289,0.115550445804779,0.908008838243762,1
"fixed",NA,"c__CFGB12107_tertlow:Days",-0.036038470737345,0.418550614810404,-0.0861030170835367,0.93138452524824,1
"fixed",NA,"c__CFGB3047_tertlow:Days",-0.0508169061576506,0.177255504090543,-0.286687324144772,0.77435174423619,1
"fixed",NA,"c__CFGB1226_tertlow:Days",-0.00347665770218636,0.0785033372141346,-0.0442867504180495,0.964675832947786,1
"fixed",NA,"c__CFGB667_tertlow:Days",0.00398168445780569,0.122457858088471,0.0325147321695689,0.974061567669301,1
"fixed",NA,"c__CFGB72939_tertlow:Days",-0.0143470998409777,0.125280174566809,-0.114520113741753,0.908825502829235,1
"fixed",NA,"o__OFGB1765_tertmed:Days",0.0397747230055897,0.324801741390031,0.122458466002579,0.902535937693644,1
"fixed",NA,"o__OFGB1765_terthigh:Days",-0.00222178489895198,0.066302263521601,-0.0335099403993671,0.973267938992499,1
"fixed",NA,"o__OFGB2875_tertlow:Days",0.0116633549879264,0.073042646989927,0.159678700985944,0.873134179751008,1
"fixed",NA,"o__OFGB1249_tertlow:Days",-0.00590917994890163,0.0916766784693727,-0.0644567413169944,0.948606550874778,1
"fixed",NA,"o__Methanobacteriales_tertlow:Days",0.00304765979139471,0.0800739532752093,0.0380605636007516,0.969639394199571,1
"fixed",NA,"o__OFGB1787_tertlow:Days",0.0159776811560262,0.0918230123418871,0.174005194869191,0.861861379599557,1
"fixed",NA,"o__Victivallales_tertlow:Days",-0.0109168546062699,0.131909934401253,-0.0827599123282267,0.93404244506092,1
"fixed",NA,"o__OFGB2915_tertlow:Days",-0.48170390520301,0.226604394716779,-2.1257482927684,0.0335242234961363,1
"fixed",NA,"o__OFGB3043_tertlow:Days",0.0132518931435316,0.114684915763289,0.115550445804779,0.908008838243762,1
"fixed",NA,"o__OFGB12107_tertlow:Days",-0.036038470737345,0.418550614810404,-0.0861030170835367,0.93138452524824,1
"fixed",NA,"o__OFGB3047_tertlow:Days",-0.0508169061576506,0.177255504090543,-0.286687324144772,0.77435174423619,1
"fixed",NA,"o__OFGB1226_tertlow:Days",-0.00347665770218636,0.0785033372141346,-0.0442867504180495,0.964675832947786,1
"fixed",NA,"o__OFGB667_tertlow:Days",0.00398168445780569,0.122457858088471,0.0325147321695689,0.974061567669301,1
"fixed",NA,"o__OFGB72939_tertlow:Days",-0.0143470998409777,0.125280174566809,-0.114520113741753,0.908825502829235,1
"fixed",NA,"f__Muribaculaceae_tertlow:Days",0.00646569807299692,0.130089459089897,0.0497019367920414,0.960359913032121,1
"fixed",NA,"f__FGB1765_tertmed:Days",0.0397747230055897,0.324801741390031,0.122458466002579,0.902535937693644,1
"fixed",NA,"f__FGB1765_terthigh:Days",-0.00222178489895198,0.066302263521601,-0.0335099403993671,0.973267938992499,1
"fixed",NA,"f__FGB2875_tertlow:Days",0.0116633549879264,0.073042646989927,0.159678700985944,0.873134179751008,1
"fixed",NA,"f__FGB1249_tertlow:Days",-0.00590917994890163,0.0916766784693727,-0.0644567413169944,0.948606550874778,1
"fixed",NA,"f__Methanobacteriaceae_tertlow:Days",0.00304765979139471,0.0800739532752093,0.0380605636007516,0.969639394199571,1
"fixed",NA,"f__FGB1787_tertlow:Days",0.0159776811560262,0.0918230123418871,0.174005194869191,0.861861379599557,1
"fixed",NA,"f__Victivallaceae_tertlow:Days",-0.0109168546062699,0.131909934401253,-0.0827599123282267,0.93404244506092,1
"fixed",NA,"f__FGB2915_tertlow:Days",-0.48170390520301,0.226604394716779,-2.1257482927684,0.0335242234961363,1
"fixed",NA,"f__FGB3043_tertlow:Days",0.0132518931435316,0.114684915763289,0.115550445804779,0.908008838243762,1
"fixed",NA,"f__FGB12107_tertlow:Days",-0.036038470737345,0.418550614810404,-0.0861030170835367,0.93138452524824,1
"fixed",NA,"f__FGB3047_tertlow:Days",-0.0508169061576506,0.177255504090543,-0.286687324144772,0.77435174423619,1
"fixed",NA,"f__FGB1226_tertlow:Days",-0.00347665770218636,0.0785033372141346,-0.0442867504180495,0.964675832947786,1
"fixed",NA,"f__FGB667_tertlow:Days",0.00398168445780569,0.122457858088471,0.0325147321695689,0.974061567669301,1
"fixed",NA,"f__FGB72939_tertlow:Days",-0.0143470998409777,0.125280174566809,-0.114520113741753,0.908825502829235,1
"fixed",NA,"g__Rikenellaceae_unclassified_tertlow:Days",0.0069240798681312,0.131396207088652,0.0526961928471771,0.957973972480784,1
"fixed",NA,"g__GGB9176_tertlow:Days",0.0116633549879264,0.073042646989927,0.159678700985944,0.873134179751008,1
"fixed",NA,"g__GGB9667_tertlow:Days",-0.0151296550918905,0.0793167631596432,-0.190749779607605,0.848721636178462,1
"fixed",NA,"g__GGB9619_tertlow:Days",-0.0306788227837563,0.12239137199537,-0.250661646189544,0.802075716015421,1
"fixed",NA,"g__GGB9495_tertlow:Days",0.00796611559691394,0.00182263227201341,4.37066528406963,1.23868549549209e-05,0.0145050071522124
"fixed",NA,"g__GGB3033_tertlow:Days",-0.00886707681901227,0.103159613640153,-0.0859549246659932,0.931502249457148,1
"fixed",NA,"g__Methanobrevibacter_tertlow:Days",0.00304765979139471,0.0800739532752093,0.0380605636007516,0.969639394199571,1
"fixed",NA,"g__GGB4745_tertlow:Days",0.0152487015255404,0.0895057354648193,0.170365635747823,0.864722595735972,1
"fixed",NA,"g__Victivallis_tertlow:Days",-0.00958824742650682,0.144336302551449,-0.0664299088795703,0.947035558944357,1
"fixed",NA,"g__GGB36267_tertlow:Days",-0.48170390520301,0.226604394716779,-2.1257482927684,0.0335242234961363,1
"fixed",NA,"g__GGB9551_tertlow:Days",0.0132518931435316,0.114684915763289,0.115550445804779,0.908008838243762,1
"fixed",NA,"g__GGB3478_tertlow:Days",0.00921314636035203,0.104062715084032,0.0885345568094419,0.92945181980314,1
"fixed",NA,"g__GGB52130_tertlow:Days",-0.0508169061576506,0.177255504090543,-0.286687324144772,0.77435174423619,1
"fixed",NA,"g__GGB9694_tertlow:Days",-0.011866460268968,0.0900611014804079,-0.131760105904872,0.895174042244092,1
"fixed",NA,"g__Eubacteriaceae_unclassified_tertlow:Days",0.0103538146403019,0.103226131300988,0.100302263678875,0.920104360401572,1
"fixed",NA,"g__GGB1661_tertlow:Days",0.00398168445780569,0.122457858088471,0.0325147321695689,0.974061567669301,1
"fixed",NA,"g__GGB74511_tertlow:Days",-0.0143470998409777,0.125280174566809,-0.114520113741753,0.908825502829235,1
"fixed",NA,"s__Roseburia_sp_AF02_12_tertlow:Days",0.00420559849380156,0.0691878778835956,0.0607851927598823,0.95153028297986,1
"fixed",NA,"s__Rikenellaceae_bacterium_tertlow:Days",0.0069240798681312,0.131396207088652,0.0526961928471771,0.957973972480784,1
"fixed",NA,"s__GGB9176_SGB14114_tertlow:Days",0.0116633549879264,0.073042646989927,0.159678700985944,0.873134179751008,1
"fixed",NA,"s__GGB9667_SGB15164_tertlow:Days",-0.0151296550918905,0.0793167631596432,-0.190749779607605,0.848721636178462,1
"fixed",NA,"s__GGB9619_SGB15066_tertlow:Days",0.0256720420196491,0.194707231266316,0.131849453421355,0.895103369792635,1
"fixed",NA,"s__GGB9495_SGB14892_tertlow:Days",0.00796611559691394,0.00182263227201341,4.37066528406963,1.23868549549209e-05,0.0145050071522124
"fixed",NA,"s__Parabacteroides_goldsteinii_tertlow:Days",0.0134493563820784,0.124086189718787,0.108387213859643,0.913688543244255,1
"fixed",NA,"s__GGB3033_SGB4029_tertlow:Days",-0.441029100641677,0.199045770553791,-2.21571701531076,0.0267108888381414,1
"fixed",NA,"s__Methanobrevibacter_smithii_tertlow:Days",0.00304765979139471,0.0800739532752093,0.0380605636007516,0.969639394199571,1
"fixed",NA,"s__Ruminococcus_lactaris_tertlow:Days",-0.0148442760225388,0.0893248820562751,-0.16618299045933,0.868012944963554,1
"fixed",NA,"s__GGB4745_SGB6571_tertlow:Days",0.0152487015255404,0.0895057354648193,0.170365635747823,0.864722595735972,1
"fixed",NA,"s__Victivallis_lenta_tertlow:Days",-0.123655249846802,0.648429980242083,-0.190699464266962,0.848761058441959,1
"fixed",NA,"s__GGB36267_SGB14177_tertlow:Days",-0.48170390520301,0.226604394716779,-2.1257482927684,0.0335242234961363,1
"fixed",NA,"s__Clostridiaceae_bacterium_AF18_31LB_tertlow:Days",0.00307722305703866,0.0786209649303081,0.0391399807896838,0.968778785315937,1
"fixed",NA,"s__Alistipes_ihumii_tertlow:Days",-0.0295180285958187,0.115491302806279,-0.25558659291714,0.798270071934036,1
"fixed",NA,"s__GGB9551_SGB14958_tertlow:Days",0.0132518931435316,0.114684915763289,0.115550445804779,0.908008838243762,1
"fixed",NA,"s__Clostridium_sp_AM49_4BH_tertlow:Days",0.00289272930441201,0.0956911557981314,0.0302298501913224,0.975883742395144,1
"fixed",NA,"s__GGB3478_SGB4643_tertlow:Days",0.00921314636035203,0.104062715084032,0.0885345568094419,0.92945181980314,1
"fixed",NA,"s__Butyricimonas_synergistica_tertlow:Days",-0.481069763551223,0.214744911673987,-2.24019167579418,0.0250784818485676,1
"fixed",NA,"s__Bacteroides_intestinalis_tertlow:Days",0.00288958755260997,0.0801893760447907,0.0360345434162744,0.97125481516828,1
"fixed",NA,"s__GGB52130_SGB14966_tertlow:Days",-0.0508169061576506,0.177255504090543,-0.286687324144772,0.77435174423619,1
"fixed",NA,"s__GGB9694_SGB15204_tertlow:Days",-0.011866460268968,0.0900611014804079,-0.131760105904872,0.895174042244092,1
"fixed",NA,"s__Eubacteriaceae_bacterium_tertlow:Days",0.0135873716604402,0.115486841135515,0.117652985628869,0.906342619990373,1
"fixed",NA,"s__GGB3057_SGB4059_tertlow:Days",0.0171713155011261,0.100822888051716,0.170311680541409,0.86476502571689,1
"fixed",NA,"s__Lachnospiraceae_bacterium_OM04_12BH_tertlow:Days",0.0372331781895924,0.295806670720681,0.125869974801043,0.899834850248423,1
"fixed",NA,"s__GGB1661_SGB2275_tertlow:Days",0.00398168445780569,0.122457858088471,0.0325147321695689,0.974061567669301,1
"fixed",NA,"p__Fusobacteria_tertlow:Days",-0.0343190959127768,0.212832452191686,-0.161249356286454,0.87189700900515,1
"fixed",NA,"c__Fusobacteriia_tertlow:Days",-0.0343190959127768,0.212832452191686,-0.161249356286454,0.87189700900515,1
"fixed",NA,"c__CFGB1126_tertlow:Days",0.0302854543766287,0.0802198527086469,0.377530665465361,0.705779279738568,1
"fixed",NA,"o__Fusobacteriales_tertlow:Days",-0.0343190959127768,0.212832452191686,-0.161249356286454,0.87189700900515,1
"fixed",NA,"o__OFGB1126_tertlow:Days",0.0302854543766287,0.0802198527086469,0.377530665465361,0.705779279738568,1
"fixed",NA,"f__Fusobacteriaceae_tertlow:Days",-0.0343190959127768,0.212832452191686,-0.161249356286454,0.87189700900515,1
"fixed",NA,"f__FGB1126_tertlow:Days",0.0302854543766287,0.0802198527086469,0.377530665465361,0.705779279738568,1
"fixed",NA,"g__Fusobacterium_tertlow:Days",-0.986897247682595,0.758045726070784,-1.30189672435465,0.192951692399798,1
"fixed",NA,"g__Hungatella_tertlow:Days",-2.53320618495352,1.15126513251613,-2.20036732930242,0.027780843840414,1
"fixed",NA,"g__Veillonella_tertlow:Days",-0.0139811648474846,0.06818723822932,-0.205040784911461,0.837540260154675,1
"fixed",NA,"g__GGB2848_tertlow:Days",0.0302854543766287,0.0802198527086469,0.377530665465361,0.705779279738568,1
"fixed",NA,"s__Sutterella_wadsworthensis_tertlow:Days",0.00266308249748008,0.0670043212808075,0.0397449365440089,0.968296475779184,1
"fixed",NA,"s__Clostridium_SGB48024_tertlow:Days",-0.525659941247844,0.271707894848424,-1.93465096603501,0.0530331412880144,1
"fixed",NA,"s__Anaerotruncus_colihominis_tertlow:Days",-0.0190989750779203,0.0734201506895467,-0.260132605266357,0.794761488068255,1
"fixed",NA,"s__Bacteroides_nordii_tertlow:Days",0.00522658537103466,0.0663661936933299,0.0787537310816118,0.937228506931673,1
"fixed",NA,"s__Bifidobacterium_dentium_tertlow:Days",-0.00801736821469865,0.122470145322505,-0.0654638580985286,0.947804681643949,1
"fixed",NA,"s__Hungatella_hathewayi_tertlow:Days",-2.53320618495352,1.15126513251613,-2.20036732930242,0.027780843840414,1
"fixed",NA,"s__Veillonella_parvula_tertlow:Days",-0.0764440207202073,0.00173785799373542,-43.987495523668,0,0
"fixed",NA,"s__GGB2848_SGB3813_tertlow:Days",0.0302854543766287,0.0802198527086469,0.377530665465361,0.705779279738568,1
"fixed",NA,"g__GGB9730_tertlow:Days",0.0169387323164952,0.100279565576174,0.168915094707189,0.865863425948272,1
"fixed",NA,"g__GGB4566_tertlow:Days",-0.0129175443629905,0.0918723797565818,-0.140603132271265,0.888183473628112,1
"fixed",NA,"s__GGB9730_SGB15291_tertlow:Days",0.0169387323164952,0.100279565576174,0.168915094707189,0.865863425948272,1
"fixed",NA,"s__GGB4566_SGB6305_tertlow:Days",-0.0129175443629905,0.0918723797565818,-0.140603132271265,0.888183473628112,1
"fixed",NA,"s__Clostridiaceae_unclassified_SGB15090_tertlow:Days",0.0147017066074869,0.0737810359330142,0.199261319952657,0.842058334617099,1
"fixed",NA,"s__GGB36331_SGB15121_tertlow:Days",-0.00445386402743049,0.00122188558251698,-3.64507453984023,0.000267314311575899,0.313025058855378
"fixed",NA,"s__Enterocloster_citroniae_tertlow:Days",-0.868812850634357,0.354448529716418,-2.45116787853363,0.0142393524667251,1
"fixed",NA,"c__CFGB2404_tertlow:Days",0.015955706043052,0.0787357085801027,0.202648916619824,0.839409453234902,1
"fixed",NA,"c__CFGB77988_tertlow:Days",0.336565460360037,0.00592974622522879,56.758830407966,0,0
"fixed",NA,"o__OFGB2404_tertlow:Days",0.015955706043052,0.0787357085801027,0.202648916619824,0.839409453234902,1
"fixed",NA,"o__OFGB77988_tertlow:Days",0.336565460360037,0.00592974622522879,56.758830407966,0,0
"fixed",NA,"f__FGB2404_tertlow:Days",0.015955706043052,0.0787357085801027,0.202648916619824,0.839409453234902,1
"fixed",NA,"f__FGB77988_tertlow:Days",0.336565460360037,0.00592974622522879,56.758830407966,0,0
"fixed",NA,"g__GGB6612_tertlow:Days",0.0128485445487836,0.132990718945578,0.0966123399486359,0.923034256478948,1
"fixed",NA,"s__GGB6612_SGB9346_tertlow:Days",0.0128485445487836,0.132990718945578,0.0966123399486359,0.923034256478948,1
"fixed",NA,"s__Butyricimonas_paravirosa_tertlow:Days",-0.243781443365701,3.39344835073641,-0.0718388548076172,0.942730151021662,1
"fixed",NA,"c__CFGB2890_tertlow:Days",0.00790579037306833,0.103880858280156,0.0761043998283807,0.939336039738431,1
"fixed",NA,"o__OFGB2890_tertlow:Days",0.00790579037306833,0.103880858280156,0.0761043998283807,0.939336039738431,1
"fixed",NA,"f__FGB2890_tertlow:Days",0.00790579037306833,0.103880858280156,0.0761043998283807,0.939336039738431,1
"fixed",NA,"g__Prevotella_tertlow:Days",0.0344717572967128,0.112470163980026,0.306496906173577,0.759226335082127,1
"fixed",NA,"g__GGB4571_tertlow:Days",0.0157125620123686,0.103191854475367,0.152265526113977,0.878977514008742,1
"fixed",NA,"g__GGB9501_tertlow:Days",0.00570010292994892,0.106363698802388,0.0535906798478217,0.957261282246493,1
"fixed",NA,"g__GGB9198_tertlow:Days",0.0109944993483961,0.117809523096961,0.0933243685177068,0.925645873284001,1
"fixed",NA,"g__GGB9509_tertlow:Days",-0.121085491894675,1.85088831783653,-0.0654202043028772,0.947839437829323,1
"fixed",NA,"s__Prevotella_stercorea_tertlow:Days",0.0194615821558842,0.111076929443491,0.175208139560476,0.860916088819391,1
"fixed",NA,"s__GGB4571_SGB6317_tertlow:Days",0.00862648657368861,0.0852706910153043,0.101165904380209,0.919418762184924,1
"fixed",NA,"s__GGB9501_SGB14898_tertlow:Days",0.00570010292994892,0.106363698802388,0.0535906798478217,0.957261282246493,1
"fixed",NA,"s__GGB9198_SGB14137_tertlow:Days",0.0109944993483961,0.117809523096961,0.0933243685177068,0.925645873284001,1
"fixed",NA,"s__GGB9619_SGB15067_tertlow:Days",-3.06042758551315,1.55448648933381,-1.96877078476554,0.0489794186144262,1
"fixed",NA,"s__Intestinimonas_gabonensis_tertlow:Days",-0.33193427341961,0.145668325563851,-2.27869903861916,0.0226849619419351,1
"fixed",NA,"s__GGB9509_SGB14906_tertlow:Days",-0.121085491894675,1.85088831783653,-0.0654202043028772,0.947839437829323,1
"fixed",NA,"s__Streptococcus_vestibularis_tertlow:Days",-0.0648699532886293,0.381213195203697,-0.170167124603247,0.864878705373984,1
"fixed",NA,"s__Veillonella_dispar_tertlow:Days",-0.14567356651976,0.0949985201204906,-1.53342985064395,0.125169978500827,1
"fixed",NA,"c__CFGB14936_tertlow:Days",0.0228443069082526,0.0821876171107186,0.277953148069472,0.781048324440933,1
"fixed",NA,"c__CFGB1380_tertlow:Days",0.0091266381109242,0.0740377583730477,0.12327004911384,0.901893257261248,1
"fixed",NA,"o__OFGB14936_tertlow:Days",0.0228443069082526,0.0821876171107186,0.277953148069472,0.781048324440933,1
"fixed",NA,"o__OFGB1380_tertlow:Days",0.0091266381109242,0.0740377583730477,0.12327004911384,0.901893257261248,1
"fixed",NA,"f__FGB14936_tertlow:Days",0.0228443069082526,0.0821876171107186,0.277953148069472,0.781048324440933,1
"fixed",NA,"f__FGB1380_tertlow:Days",0.0091266381109242,0.0740377583730477,0.12327004911384,0.901893257261248,1
"fixed",NA,"g__GGB6613_tertlow:Days",0.0153614617930372,0.0902562330148924,0.170198348412154,0.864854150546465,1
"fixed",NA,"g__GGB3256_tertlow:Days",0.0228443069082526,0.0821876171107186,0.277953148069472,0.781048324440933,1
"fixed",NA,"g__GGB9621_tertlow:Days",0.0280098531082648,0.113846779688588,0.246031141020254,0.805658126212993,1
"fixed",NA,"g__GGB3363_tertlow:Days",0.105265388731665,1.0517665634244,0.100084365098027,0.920277347847391,1
"fixed",NA,"s__GGB6613_SGB9347_tertlow:Days",0.0153614617930372,0.0902562330148924,0.170198348412154,0.864854150546465,1
"fixed",NA,"s__GGB3256_SGB4303_tertlow:Days",0.0228443069082526,0.0821876171107186,0.277953148069472,0.781048324440933,1
"fixed",NA,"s__GGB9621_SGB15073_tertlow:Days",0.0280098531082648,0.113846779688588,0.246031141020254,0.805658126212993,1
"fixed",NA,"c__CFGB2985_tertlow:Days",0.000703319637611136,0.0973282848987735,0.00722626149574736,0.99423432769973,1
"fixed",NA,"c__CFGB9989_tertlow:Days",0.012926150728791,0.0910942791748452,0.141898600503559,0.887160099768538,1
"fixed",NA,"c__CFGB2960_tertlow:Days",0.0105696080925298,0.100204042082565,0.105480855590843,0.915994260262675,1
"fixed",NA,"c__CFGB2844_tertlow:Days",0.000308099926730272,0.00194075819216481,0.158752351516086,0.873863990593953,1
"fixed",NA,"c__CFGB2918_tertlow:Days",-0.00315940085353311,0.0937430239592529,-0.0337027836322669,0.973114159217557,1
"fixed",NA,"c__CFGB9272_tertlow:Days",0.0221216456141837,0.202388764821228,0.109302735424686,0.912962377041593,1
"fixed",NA,"c__CFGB3048_tertlow:Days",0.065514873834137,0.668564783269202,0.0979933066677205,0.921937608293349,1
"fixed",NA,"o__OFGB2985_tertlow:Days",0.000703319637611136,0.0973282848987735,0.00722626149574736,0.99423432769973,1
"fixed",NA,"o__OFGB9989_tertlow:Days",0.012926150728791,0.0910942791748452,0.141898600503559,0.887160099768538,1
"fixed",NA,"o__OFGB2960_tertlow:Days",0.0105696080925298,0.100204042082565,0.105480855590843,0.915994260262675,1
"fixed",NA,"o__OFGB2844_tertlow:Days",0.000308099926730272,0.00194075819216481,0.158752351516086,0.873863990593953,1
"fixed",NA,"o__OFGB2918_tertlow:Days",-0.00315940085353311,0.0937430239592529,-0.0337027836322669,0.973114159217557,1
"fixed",NA,"o__OFGB9272_tertlow:Days",0.0221216456141837,0.202388764821228,0.109302735424686,0.912962377041593,1
"fixed",NA,"o__OFGB3048_tertlow:Days",0.065514873834137,0.668564783269202,0.0979933066677205,0.921937608293349,1
"fixed",NA,"f__FGB2985_tertlow:Days",0.000703319637611136,0.0973282848987735,0.00722626149574736,0.99423432769973,1
"fixed",NA,"f__FGB9989_tertlow:Days",0.012926150728791,0.0910942791748452,0.141898600503559,0.887160099768538,1
"fixed",NA,"f__FGB2960_tertlow:Days",0.0105696080925298,0.100204042082565,0.105480855590843,0.915994260262675,1
"fixed",NA,"f__FGB2844_tertlow:Days",0.000308099926730272,0.00194075819216481,0.158752351516086,0.873863990593953,1
"fixed",NA,"f__FGB2918_tertlow:Days",-0.00315940085353311,0.0937430239592529,-0.0337027836322669,0.973114159217557,1
"fixed",NA,"f__FGB9272_tertlow:Days",0.0221216456141837,0.202388764821228,0.109302735424686,0.912962377041593,1
"fixed",NA,"f__Oxalobacteraceae_tertlow:Days",0.0120643390146238,0.095908579643117,0.125789987293276,0.899898167797326,1
"fixed",NA,"f__Enterococcaceae_tertlow:Days",0.00197365065451867,0.121027401148451,0.0163074695134353,0.986989098524584,1
"fixed",NA,"f__FGB3048_tertlow:Days",0.065514873834137,0.668564783269202,0.0979933066677205,0.921937608293349,1
"fixed",NA,"g__GGB4567_tertlow:Days",0.013508301287707,0.104965539069948,0.128692725321071,0.897600791894777,1
"fixed",NA,"g__GGB9712_tertlow:Days",0.012926150728791,0.0910942791748452,0.141898600503559,0.887160099768538,1
"fixed",NA,"g__GGB13493_tertlow:Days",0.0196299597562251,0.125629781353915,0.156252439068767,0.875834043900104,1
"fixed",NA,"g__GGB9819_tertlow:Days",0.262470476699524,1.98353453654197,0.132324631542391,0.894727525527126,1
"fixed",NA,"g__GGB9110_tertlow:Days",0.000308099926730272,0.00194075819216481,0.158752351516086,0.873863990593953,1
"fixed",NA,"g__GGB9348_tertlow:Days",-0.653058411871653,0.00530890469964039,-123.011892060502,0,0
"fixed",NA,"g__Negativibacillus_tertlow:Days",-0.0157353193631825,0.180857271479182,-0.0870040736238451,0.930668274105016,1
"fixed",NA,"g__GGB9296_tertlow:Days",0.0221216456141837,0.202388764821228,0.109302735424686,0.912962377041593,1
"fixed",NA,"g__GGB6649_tertlow:Days",0.0133829554520214,0.1180121181073,0.113403230673762,0.909710878528876,1
"fixed",NA,"g__Enterococcus_tertlow:Days",0.00197365065451867,0.121027401148451,0.0163074695134353,0.986989098524584,1
"fixed",NA,"s__GGB9708_SGB15233_tertlow:Days",0.030590746009731,0.187103638934317,0.163496264337595,0.870127714204606,1
"fixed",NA,"s__Phocaeicola_coprophilus_tertlow:Days",0.0473438071962942,0.201871256589636,0.234524756005926,0.814577616506505,1
"fixed",NA,"s__GGB9715_SGB15265_tertlow:Days",0.0222439789995129,0.10960563741873,0.202945573999387,0.839177572503379,1
"fixed",NA,"s__Alistipes_dispar_tertlow:Days",-7.07241221269472e-05,0.0925164280600317,-0.000764449337376666,0.999390057735598,1
"fixed",NA,"s__GGB9547_SGB14954_tertlow:Days",0.0158765259817608,0.100202023685169,0.158445163060222,0.874106028241544,1
"fixed",NA,"s__GGB13493_SGB15238_tertlow:Days",0.0196299597562251,0.125629781353915,0.156252439068767,0.875834043900104,1
"fixed",NA,"s__GGB9819_SGB15460_tertlow:Days",0.262470476699524,1.98353453654197,0.132324631542391,0.894727525527126,1
"fixed",NA,"s__GGB9110_SGB14043_tertlow:Days",0.000308099926730272,0.00194075819216481,0.158752351516086,0.873863990593953,1
"fixed",NA,"s__Ruminococcus_callidus_tertlow:Days",0.00829324751803595,0.0944306568474272,0.0878236771288741,0.930016818846495,1
"fixed",NA,"s__GGB9348_SGB14315_tertlow:Days",-0.653058411871653,0.00530890469964039,-123.011892060502,0,0
"fixed",NA,"s__Negativibacillus_massiliensis_tertlow:Days",-0.0157353193631825,0.180857271479182,-0.0870040736238451,0.930668274105016,1
"fixed",NA,"s__Eubacteriales_bacterium_tertlow:Days",0.00557750878198816,0.0895179116275134,0.0623060645694722,0.950319099034433,1
"fixed",NA,"s__GGB9712_SGB15244_tertlow:Days",0.012926150728791,0.0910942791748452,0.141898600503559,0.887160099768538,1
"fixed",NA,"s__GGB9296_SGB14253_tertlow:Days",0.0221216456141837,0.202388764821228,0.109302735424686,0.912962377041593,1
"fixed",NA,"s__GGB6649_SGB9391_tertlow:Days",0.0133829554520214,0.1180121181073,0.113403230673762,0.909710878528876,1
"fixed",NA,"s__Enterococcus_faecalis_tertlow:Days",-0.80602124462606,0.0144834754015472,-55.6510935586604,0,0
"fixed",NA,"s__Clostridium_sp_1001270J_160509_D11_tertlow:Days",0.0086622107172264,0.114354710877838,0.0757486128094888,0.93961909963254,1
"fixed",NA,"c__CFGB1217_tertlow:Days",-0.00730562966298882,0.0992114888072922,-0.073636932081316,0.94129928334738,1
"fixed",NA,"o__OFGB1217_tertlow:Days",-0.00730562966298882,0.0992114888072922,-0.073636932081316,0.94129928334738,1
"fixed",NA,"f__FGB1217_tertlow:Days",-0.00730562966298882,0.0992114888072922,-0.073636932081316,0.94129928334738,1
"fixed",NA,"g__Lachnotalea_tertlow:Days",-0.0442743027674808,0.42008116963741,-0.105394637911754,0.916062670695406,1
"fixed",NA,"g__Guopingia_tertlow:Days",-6.05632939827486,0.00242025747543096,-2502.34921687265,0,0
"fixed",NA,"g__GGB2982_tertlow:Days",-0.00730562966298882,0.0992114888072922,-0.073636932081316,0.94129928334738,1
"fixed",NA,"s__Lachnotalea_sp_AF33_28_tertlow:Days",-0.0442743027674808,0.42008116963741,-0.105394637911754,0.916062670695406,1
"fixed",NA,"s__Guopingia_tenuis_tertlow:Days",-6.05632939827486,0.00242025747543096,-2502.34921687265,0,0
"fixed",NA,"s__Clostridium_spiroforme_tertlow:Days",-0.145520859699474,1.23105507383178,-0.118208244937837,0.905902657247661,1
"fixed",NA,"s__GGB2982_SGB3964_tertlow:Days",-0.00730562966298882,0.0992114888072922,-0.073636932081316,0.94129928334738,1
"fixed",NA,"c__CFGB1670_tertlow:Days",-3.47045080932628,0.0022314049114965,-1555.27613632382,0,0
"fixed",NA,"c__CFGB2378_tertlow:Days",0.0265473104152623,0.158842793566872,0.167129460639246,0.867268185776832,1
"fixed",NA,"c__CFGB2840_tertlow:Days",0.0209051548965964,0.116940813930233,0.178766969324059,0.858120682103117,1
"fixed",NA,"o__OFGB1670_tertlow:Days",-3.47045080932628,0.0022314049114965,-1555.27613632382,0,0
"fixed",NA,"o__OFGB2378_tertlow:Days",0.0265473104152623,0.158842793566872,0.167129460639246,0.867268185776832,1
"fixed",NA,"o__OFGB2840_tertlow:Days",0.0209051548965964,0.116940813930233,0.178766969324059,0.858120682103117,1
"fixed",NA,"f__FGB1670_tertlow:Days",-3.47045080932628,0.0022314049114965,-1555.27613632382,0,0
"fixed",NA,"f__FGB2378_tertlow:Days",0.0265473104152623,0.158842793566872,0.167129460639246,0.867268185776832,1
"fixed",NA,"f__FGB2840_tertlow:Days",0.0209051548965964,0.116940813930233,0.178766969324059,0.858120682103117,1
"fixed",NA,"g__GGB9759_tertlow:Days",0.0134353703427207,0.0929796388695259,0.144497983709895,0.885107248509817,1
"fixed",NA,"g__GGB47687_tertlow:Days",-3.47045080932628,0.0022314049114965,-1555.27613632382,0,0
"fixed",NA,"g__GGB2998_tertlow:Days",0.00701814577399566,0.083519457281983,0.0840300691885558,0.933032524552447,1
"fixed",NA,"g__GGB9092_tertlow:Days",0.0118081903490918,0.133189091189177,0.0886573385527493,0.929354237870461,1
"fixed",NA,"s__Enterobacter_roggenkampii_tertlow:Days",-0.118950597515911,0.87878378796483,-0.135358206586159,0.892328666270802,1
"fixed",NA,"s__GGB9759_SGB15370_tertlow:Days",0.0134353703427207,0.0929796388695259,0.144497983709895,0.885107248509817,1
"fixed",NA,"s__Blautia_sp_MCC283_tertlow:Days",0.0120280313601633,0.108138092178342,0.111228440578799,0.911435199238017,1
"fixed",NA,"s__GGB47687_SGB2286_tertlow:Days",-3.47045080932628,0.0022314049114965,-1555.27613632382,0,0
"fixed",NA,"s__GGB2998_SGB3988_tertlow:Days",0.00701814577399566,0.083519457281983,0.0840300691885558,0.933032524552447,1
"fixed",NA,"s__GGB9092_SGB14022_tertlow:Days",0.0118081903490918,0.133189091189177,0.0886573385527493,0.929354237870461,1
"fixed",NA,"s__Lawsonibacter_hominis_tertlow:Days",0.0821195796418735,0.911114327803996,0.0901309277396629,0.928183172449447,1
"fixed",NA,"c__CFGB2846_tertlow:Days",-0.0870529275490389,1.84264250133467,-0.0472435252557045,0.962319138092572,1
"fixed",NA,"o__OFGB2846_tertlow:Days",-0.0870529275490389,1.84264250133467,-0.0472435252557045,0.962319138092572,1
"fixed",NA,"f__FGB2846_tertlow:Days",-0.0870529275490389,1.84264250133467,-0.0472435252557045,0.962319138092572,1
"fixed",NA,"g__GGB9765_tertlow:Days",0.0100772509555479,0.145883492839554,0.0690773901789636,0.944928018053795,1
"fixed",NA,"g__GGB9117_tertlow:Days",-0.0870529275490389,1.84264250133467,-0.0472435252557045,0.962319138092572,1
"fixed",NA,"g__GGB9580_tertlow:Days",-0.0434070810630568,0.287082496127789,-0.15120072330615,0.879817379739448,1
"fixed",NA,"g__GGB45495_tertlow:Days",-0.000841412468776387,0.119609350800285,-0.00703467131245715,0.994387190662648,1
"fixed",NA,"s__Odoribacter_laneus_tertlow:Days",-0.0399428668442578,0.390010647155975,-0.10241481132766,0.918427427749307,1
"fixed",NA,"s__Flavonifractor_sp_An10_tertlow:Days",-0.325376915331259,4.40160954776662,-0.0739222577105585,0.941072245208409,1
"fixed",NA,"s__GGB9765_SGB15382_tertlow:Days",0.0100772509555479,0.145883492839554,0.0690773901789636,0.944928018053795,1
"fixed",NA,"s__GGB9117_SGB14050_tertlow:Days",-0.0870529275490389,1.84264250133467,-0.0472435252557045,0.962319138092572,1
"fixed",NA,"s__GGB45495_SGB63167_tertlow:Days",-0.000841412468776387,0.119609350800285,-0.00703467131245715,0.994387190662648,1
"fixed",NA,"g__Longibaculum_tertlow:Days",0.0178431118300701,0.124092266908007,0.143789071427777,0.885667032930694,1
"fixed",NA,"s__Longibaculum_muris_tertlow:Days",0.0178431118300701,0.124092266908007,0.143789071427777,0.885667032930694,1
"fixed",NA,"g__Klebsiella_tertlow:Days",-0.0426054355413276,0.168456010939616,-0.252917276763722,0.800332138492704,1
"fixed",NA,"s__Schaalia_odontolytica_tertlow:Days",-13.1155202891516,0.00238698625204874,-5494.59397928856,0,0
"fixed",NA,"s__Veillonella_atypica_tertlow:Days",-0.533733599228522,0.00586305656293707,-91.0333361957455,0,0
"fixed",NA,"g__GGB3480_tertlow:Days",-0.124269914250955,1.63235843698485,-0.076129060526985,0.939316420265384,1
"fixed",NA,"s__GGB3480_SGB4648_tertlow:Days",-0.124269914250955,1.63235843698485,-0.076129060526985,0.939316420265384,1
"fixed",NA,"g__GGB4596_tertlow:Days",0.0122241776607425,0.114999660696111,0.106297510677403,0.915346306593653,1
"fixed",NA,"s__Ruminococcus_SGB4421_tertlow:Days",0.00713262741923355,0.0874609593291871,0.0815521287891165,0.935002870117834,1
"fixed",NA,"s__GGB4596_SGB6358_tertlow:Days",0.0122241776607425,0.114999660696111,0.106297510677403,0.915346306593653,1
"fixed",NA,"s__Clostridium_SGB6177_tertlow:Days",0.111808464531909,0.53895700757997,0.207453401587544,0.835655781136798,1
"fixed",NA,"s__Klebsiella_pneumoniae_tertlow:Days",-0.906727586996872,0.00730000255184747,-124.209215073137,0,0
"fixed",NA,"s__Bifidobacterium_catenulatum_tertlow:Days",-0.00589692515679294,0.360370759022462,-0.0163634951203835,0.986944402521714,1
"fixed",NA,"p__Synergistetes_tertlow:Days",0.0217213556397996,0.127089287261876,0.17091413531214,0.864291281834233,1
"fixed",NA,"c__CFGB10477_tertlow:Days",0.0159153234782591,0.115166726797357,0.138193764126535,0.890087283318822,1
"fixed",NA,"c__CFGB1201_tertlow:Days",-0.00639903544154615,0.173566166803207,-0.0368679884991728,0.970590263863193,1
"fixed",NA,"c__Synergistia_tertlow:Days",0.0217213556397996,0.127089287261876,0.17091413531214,0.864291281834233,1
"fixed",NA,"o__OFGB10477_tertlow:Days",0.0159153234782591,0.115166726797357,0.138193764126535,0.890087283318822,1
"fixed",NA,"o__OFGB1201_tertlow:Days",-0.00639903544154615,0.173566166803207,-0.0368679884991728,0.970590263863193,1
"fixed",NA,"o__Synergistales_tertlow:Days",0.0217213556397996,0.127089287261876,0.17091413531214,0.864291281834233,1
"fixed",NA,"f__FGB10477_tertlow:Days",0.0159153234782591,0.115166726797357,0.138193764126535,0.890087283318822,1
"fixed",NA,"f__FGB1201_tertlow:Days",-0.00639903544154615,0.173566166803207,-0.0368679884991728,0.970590263863193,1
"fixed",NA,"f__Synergistaceae_tertlow:Days",0.0217213556397996,0.127089287261876,0.17091413531214,0.864291281834233,1
"fixed",NA,"g__GGB9345_tertlow:Days",0.0159153234782591,0.115166726797357,0.138193764126535,0.890087283318822,1
"fixed",NA,"g__GGB3497_tertlow:Days",-0.00183491390911935,0.114005851383982,-0.0160949099265018,0.987158674280471,1
"fixed",NA,"g__GGB2958_tertlow:Days",-0.00639903544154615,0.173566166803207,-0.0368679884991728,0.970590263863193,1
"fixed",NA,"g__GGB9063_tertlow:Days",0.0118781224483208,0.0945997004467927,0.125561945674464,0.900078687435733,1
"fixed",NA,"g__GGB6610_tertlow:Days",0.0125419932186683,0.150988163327107,0.0830660691692558,0.933799005455561,1
"fixed",NA,"g__Cuneatibacter_tertlow:Days",-0.00320505127987027,0.125017543051067,-0.0256368122557093,0.97954702377746,1
"fixed",NA,"s__GGB9345_SGB14311_tertlow:Days",0.0159153234782591,0.115166726797357,0.138193764126535,0.890087283318822,1
"fixed",NA,"s__Desulfovibrio_piger_tertlow:Days",2.62586751286691,1.17507631555834,2.23463572373954,0.0254412735492571,1
"fixed",NA,"s__GGB3497_SGB4672_tertlow:Days",-0.00183491390911935,0.114005851383982,-0.0160949099265018,0.987158674280471,1
"fixed",NA,"s__GGB9602_SGB15028_tertlow:Days",0.022141012706124,0.108512408168243,0.20404129886967,0.838321225890907,1
"fixed",NA,"s__GGB2958_SGB3940_tertlow:Days",-0.00639903544154615,0.173566166803207,-0.0368679884991728,0.970590263863193,1
"fixed",NA,"s__GGB9063_SGB13982_tertlow:Days",0.0118781224483208,0.0945997004467927,0.125561945674464,0.900078687435733,1
"fixed",NA,"s__GGB9770_SGB73065_tertlow:Days",-0.00581028641544044,0.130612990866978,-0.0444847513013304,0.964518006643242,1
"fixed",NA,"s__GGB6610_SGB9344_tertlow:Days",0.0125419932186683,0.150988163327107,0.0830660691692558,0.933799005455561,1
"fixed",NA,"s__Cuneatibacter_sp_NSJ_177_tertlow:Days",0.0155958487857342,0.152304823208712,0.102398915918521,0.918440044122102,1
"fixed",NA,"s__Clostridia_bacterium_UC5_1_1E11_tertlow:Days",-0.0399924188118428,0.411235692765042,-0.0972493864599741,0.922528349152288,1
"fixed",NA,"s__Eisenbergiella_tayi_tertlow:Days",0.00878955049766246,0.122120176350279,0.0719745971578952,0.942622123938722,1
"fixed",NA,"s__Clostridiaceae_bacterium_Marseille_Q4145_tertlow:Days",-0.313995367453999,0.182971838444413,-1.71608576556654,0.0861463461270134,1
"fixed",NA,"s__Mediterraneibacter_butyricigenes_tertlow:Days",0.124763893351363,0.618286509206002,0.20178977139835,0.84008107830456,1
"fixed",NA,"g__GGB79118_tertlow:Days",2.16650287203518,0.0027937676543893,775.477111932118,0,0
"fixed",NA,"s__Blautia_argi_tertlow:Days",0.00337036649959606,0.230098184870335,0.0146475145012349,0.988313392219818,1
"fixed",NA,"s__GGB74511_SGB47635_tertlow:Days",-0.00534223980503112,0.139425580933534,-0.0383160663148167,0.969435681125714,1
"fixed",NA,"s__GGB79118_SGB105839_tertlow:Days",2.16650287203518,0.0027937676543893,775.477111932118,0,0
"fixed",NA,"f__Bacteroidales_unclassified_tertlow:Days",-3.21467240440542,2.52543869589648,-1.27291642819477,0.203047699016491,1
"fixed",NA,"g__Bacteroidales_unclassified_tertlow:Days",-3.21467240440542,2.52543869589648,-1.27291642819477,0.203047699016491,1
"fixed",NA,"s__Bacteroidales_bacterium_tertlow:Days",-3.21467240440542,2.52543869589648,-1.27291642819477,0.203047699016491,1
"fixed",NA,"g__GGB4552_tertlow:Days",0.016792644208463,0.0926907906512291,0.181168421269048,0.85623538059252,1
"fixed",NA,"g__GGB3486_tertlow:Days",-0.0428487682646174,0.00346754319118645,-12.3570972017097,4.45971888499942e-35,5.22233081433432e-32
"fixed",NA,"s__GGB4552_SGB6276_tertlow:Days",0.016792644208463,0.0926907906512291,0.181168421269048,0.85623538059252,1
"fixed",NA,"s__GGB3486_SGB4658_tertlow:Days",-0.0428487682646174,0.00346754319118645,-12.3570972017097,4.45971888499942e-35,5.22233081433432e-32
"fixed",NA,"c__CFGB1374_tertlow:Days",0.00294446426798631,0.0923503309041687,0.0318836352740496,0.974564849164658,1
"fixed",NA,"o__OFGB1374_tertlow:Days",0.00294446426798631,0.0923503309041687,0.0318836352740496,0.974564849164658,1
"fixed",NA,"f__FGB1374_tertlow:Days",0.00294446426798631,0.0923503309041687,0.0318836352740496,0.974564849164658,1
"fixed",NA,"s__GGB9469_SGB14863_tertlow:Days",-0.0707039248535998,0.693169598272179,-0.102000902852403,0.918755958450534,1
"fixed",NA,"c__CFGB2952_tertlow:Days",-0.0112189760534386,0.297911707731676,-0.0376587282818149,0.969959782697208,1
"fixed",NA,"o__OFGB2952_tertlow:Days",-0.0112189760534386,0.297911707731676,-0.0376587282818149,0.969959782697208,1
"fixed",NA,"f__FGB2952_tertlow:Days",-0.0112189760534386,0.297911707731676,-0.0376587282818149,0.969959782697208,1
"fixed",NA,"g__GGB34797_tertlow:Days",-0.0217343808736642,0.435284631655562,-0.0499314225521806,0.960177036950359,1
"fixed",NA,"g__GGB3532_tertlow:Days",-0.0593189329378349,0.670527042567754,-0.0884661306286405,0.929506202607272,1
"fixed",NA,"s__GGB3532_SGB4720_tertlow:Days",-0.0593189329378349,0.670527042567754,-0.0884661306286405,0.929506202607272,1
"fixed",NA,"s__GGB9453_SGB14844_tertlow:Days",-0.235552292424961,0.0986841989531866,-2.38693017649869,0.0169897177128953,1
"fixed",NA,"g__Peptacetobacter_tertlow:Days",-0.0136330561357875,0.169388557052961,-0.0804839262638326,0.935852379743214,1
"fixed",NA,"s__Peptacetobacter_hiranonis_tertlow:Days",-0.0136330561357875,0.169388557052961,-0.0804839262638326,0.935852379743214,1
"fixed",NA,"s__Faecalicatena_contorta_tertlow:Days",0.00576461733264021,0.249806805698992,0.0230763021708318,0.981589408780184,1
"fixed",NA,"s__Collinsella_tanakaei_tertlow:Days",-0.0562340650969884,0.71622247979234,-0.078514800475535,0.937418557489339,1
"fixed",NA,"g__Oxalobacter_tertlow:Days",0.00859594960693436,0.189177035189848,0.0454386527323886,0.963757672364855,1
"fixed",NA,"s__Klebsiella_variicola_tertlow:Days",-0.00675514416268509,0.320088127295427,-0.021104013509537,0.983162683291339,1
"fixed",NA,"s__Clostridium_SGB6179_tertlow:Days",-0.00605650256744005,0.143916031711194,-0.042083585097691,0.966432065772304,1
"fixed",NA,"s__Turicibacter_bilis_tertlow:Days",-0.77904502883414,0.423308519638121,-1.84037172107977,0.0657136822593644,1
"fixed",NA,"g__GGB4456_tertlow:Days",0.0201629055815239,0.107069693298992,0.18831571250717,0.850629168904622,1
"fixed",NA,"s__GGB4456_SGB6141_tertlow:Days",0.0201629055815239,0.107069693298992,0.18831571250717,0.850629168904622,1
"fixed",NA,"s__Clostridiaceae_unclassified_SGB4771_tertlow:Days",-0.00318869078044885,0.133739751860063,-0.0238425055834207,0.980978235122696,1
"fixed",NA,"s__Oscillospiraceae_bacterium_Marseille_Q3528_tertlow:Days",-0.0526012012412542,0.426618448740493,-0.12329799941036,0.901871124985581,1
"fixed",NA,"s__Streptococcus_anginosus_tertlow:Days",0.00739466525267165,0.195065228740572,0.0379086795756214,0.969760492724237,1
"fixed",NA,"g__Lactonifactor_tertlow:Days",-0.113495043383513,0.803689568526539,-0.141217514607776,0.887698110074812,1
"fixed",NA,"s__Lactonifactor_longoviformis_tertlow:Days",-0.113495043383513,0.803689568526539,-0.141217514607776,0.887698110074812,1
"fixed",NA,"g__Enteroscipio_tertlow:Days",0.10555166341062,0.874569411475939,0.12068986409265,0.903936687589642,1
"fixed",NA,"g__GGB3352_tertlow:Days",0.10555166341062,0.874569411475939,0.12068986409265,0.903936687589642,1
"fixed",NA,"s__Enteroscipio_rubneri_tertlow:Days",0.10555166341062,0.874569411475939,0.12068986409265,0.903936687589642,1
"fixed",NA,"s__GGB3352_SGB62935_tertlow:Days",0.10555166341062,0.874569411475939,0.12068986409265,0.903936687589642,1
"fixed",NA,"s__Cuneatibacter_caecimuris_tertlow:Days",-23.1753257096524,0.00566571449141249,-4090.45068274782,0,0
"fixed",NA,"s__Intestinimonas_sp_MSJ_38_tertlow:Days",-0.0455055863812658,0.878425846684752,-0.0518035603722357,0.958685218595911,1
"fixed",NA,"s__Lentihominibacter_SGB71368_tertlow:Days",0.00695566275596687,0.266198675293294,0.0261295919234129,0.979153974174606,1
"fixed",NA,"s__Streptococcus_gordonii_tertlow:Days",0.00801576574254287,0.191453979415324,0.0418678460851114,0.966604049018651,1
