"effect","group","term","estimate","std.error","statistic","p.value","padj"
"fixed",NA,"p__Bacteroidota",0.00304446350169856,0.0882904324716014,0.0344823716055283,0.97249249940943,1
"fixed",NA,"p__Bacteroidota:Days",-0.00022031049638696,0.00302557949212312,-0.0728159669777387,0.941952564875514,1
"fixed",NA,"p__Firmicutes",-0.000326810299425089,0.0975618877266904,-0.00334977425140249,0.997327271841074,1
"fixed",NA,"p__Firmicutes:Days",5.21093157326217e-05,0.00305142239809981,0.0170770574945872,0.986375141711255,1
"fixed",NA,"p__Actinobacteria",-0.00567270613826462,0.272775291710665,-0.020796260917509,0.98340818045082,1
"fixed",NA,"p__Actinobacteria:Days",0.00180219594058878,0.0190654676815052,0.0945267103170532,0.92469076567119,1
"fixed",NA,"p__Proteobacteria",-0.0361040951840709,0.357964645195989,-0.10085938840218,0.919662082014911,1
"fixed",NA,"p__Proteobacteria:Days",0.000923122940945816,0.0165331766007002,0.0558345781479597,0.955473588520052,1
"fixed",NA,"c__Bacteroidia",0.000314097150609888,0.0883646699549934,0.00355455580572945,0.997163880774429,1
"fixed",NA,"c__Bacteroidia:Days",-0.000105369715974878,0.00273127251430329,-0.0385789830282668,0.969226058930187,1
"fixed",NA,"c__Clostridia",-0.00415646237510267,0.108071548184348,-0.0384602834412309,0.969320697261564,1
"fixed",NA,"c__Clostridia:Days",0.000401458356139545,0.00359981412127736,0.111521968250153,0.91120244611333,1
"fixed",NA,"c__Negativicutes",-0.0973287411125382,0.550770299989963,-0.176713851698815,0.859733160030614,1
"fixed",NA,"c__Negativicutes:Days",-0.00512472035007857,0.0295947597663509,-0.173163100175098,0.86252322722856,1
"fixed",NA,"c__Actinomycetia",-0.0260563724535632,0.263260050785549,-0.0989757936147656,0.921157489612985,1
"fixed",NA,"c__Actinomycetia:Days",0.00112821715740407,0.0173915890840779,0.0648714244540745,0.948276372637406,1
"fixed",NA,"c__Betaproteobacteria",0.044537323034304,1.89375397713066,0.0235180089769555,0.981237073371351,1
"fixed",NA,"c__Betaproteobacteria:Days",0.0114754259606045,0.0466808596847697,0.245827219937607,0.805815985040061,1
"fixed",NA,"c__Coriobacteriia",0.810734037856235,3.17909072774413,0.255020729915289,0.798707088305554,1
"fixed",NA,"c__Coriobacteriia:Days",-0.0015649315579186,0.0854070121652814,-0.0183232209890461,0.985381002904627,1
"fixed",NA,"c__Deltaproteobacteria",0.242315576008181,4.06880407233532,0.0595544960387099,0.952510460900995,1
"fixed",NA,"c__Deltaproteobacteria:Days",0.00651275243559027,0.109853702562638,0.059285688908635,0.952724559661132,1
"fixed",NA,"c__Bacilli",0.119989889052911,1.12136155519182,0.107003747807625,0.914786006507658,1
"fixed",NA,"c__Bacilli:Days",0.00198902190067359,0.0301100042296357,0.0660585061863225,0.94733124592431,1
"fixed",NA,"c__Firmicutes_unclassified",1.00208402592131,3.6733735469892,0.272796657650745,0.785009528964332,1
"fixed",NA,"c__Firmicutes_unclassified:Days",-0.0235022758859972,0.069315628697614,-0.339061714184613,0.734563239500656,1
"fixed",NA,"c__CFGB79266",2.61900452587572,20.9786163176765,0.12484162378569,0.900648934129038,1
"fixed",NA,"c__CFGB79266:Days",-0.0264679187902466,1.05561776201886,-0.0250733927966758,0.979996422980763,1
"fixed",NA,"c__CFGB28775",27.6527971756263,141.233077523856,0.195795472706847,0.844770253748529,1
"fixed",NA,"c__CFGB28775:Days",-0.122699555422528,5.32880840650315,-0.0230257021950327,0.981629770995017,1
"fixed",NA,"c__Gammaproteobacteria",-1.09871479975984,0.368576814145996,-2.98096558869444,0.00287341078839756,1
"fixed",NA,"c__Gammaproteobacteria:Days",0.0258530399282308,0.0372454000031252,0.69412705800076,0.487602531181456,1
"fixed",NA,"o__Bacteroidales",0.000314097150609888,0.0883646699549934,0.00355455580572945,0.997163880774429,1
"fixed",NA,"o__Bacteroidales:Days",-0.000105369715974878,0.00273127251430329,-0.0385789830282668,0.969226058930187,1
"fixed",NA,"o__Eubacteriales",-0.00406735779055904,0.108068743596644,-0.0376367639263027,0.969977295302191,1
"fixed",NA,"o__Eubacteriales:Days",0.00036580977818158,0.00355161557254281,0.102998134429193,0.917964451589803,1
"fixed",NA,"o__Bifidobacteriales",-0.0265685252136014,0.263329308172753,-0.100894675940027,0.919634069526495,1
"fixed",NA,"o__Bifidobacteriales:Days",0.00107307473393761,0.0171684957712819,0.0625025481692206,0.950162632763898,1
"fixed",NA,"o__Acidaminococcales",-0.228437856406202,1.70085710704159,-0.134307494415882,0.893159427250744,1
"fixed",NA,"o__Acidaminococcales:Days",0.0024118477480581,0.0448792881016249,0.0537407755354029,0.957141695544357,1
"fixed",NA,"o__Veillonellales",-20.1652467987967,9.53271379121034,-2.11537314981492,0.034398156368903,1
"fixed",NA,"o__Veillonellales:Days",0.130068275678415,0.107728354495576,1.20737271340904,0.227288639100551,1
"fixed",NA,"o__Burkholderiales",0.044537323034304,1.89375397713066,0.0235180089769555,0.981237073371351,1
"fixed",NA,"o__Burkholderiales:Days",0.0114754259606045,0.0466808596847697,0.245827219937607,0.805815985040061,1
"fixed",NA,"o__Coriobacteriales",0.831397700677957,3.85595312683481,0.215614057881563,0.829288596935777,1
"fixed",NA,"o__Coriobacteriales:Days",-0.00459403215013851,0.0848887393879591,-0.0541182750887939,0.956840932168099,1
"fixed",NA,"o__Desulfovibrionales",0.242315576008181,4.06880407233532,0.0595544960387099,0.952510460900995,1
"fixed",NA,"o__Desulfovibrionales:Days",0.00651275243559027,0.109853702562638,0.059285688908635,0.952724559661132,1
"fixed",NA,"o__Lactobacillales",0.119989889052911,1.12136155519182,0.107003747807625,0.914786006507658,1
"fixed",NA,"o__Lactobacillales:Days",0.00198902190067359,0.0301100042296357,0.0660585061863225,0.94733124592431,1
"fixed",NA,"o__Firmicutes_unclassified",1.00208402592131,3.6733735469892,0.272796657650745,0.785009528964332,1
"fixed",NA,"o__Firmicutes_unclassified:Days",-0.0235022758859972,0.069315628697614,-0.339061714184613,0.734563239500656,1
"fixed",NA,"o__Clostridia_unclassified",1.242644379347,28.4479695423494,0.0436813030714592,0.965158442977412,1
"fixed",NA,"o__Clostridia_unclassified:Days",0.187400657364266,1.11344222871065,0.168307481548705,0.866341388399814,1
"fixed",NA,"o__OFGB79266",2.61900452587572,20.9786163176765,0.12484162378569,0.900648934129038,1
"fixed",NA,"o__OFGB79266:Days",-0.0264679187902466,1.05561776201886,-0.0250733927966758,0.979996422980763,1
"fixed",NA,"o__Eggerthellales",0.943755152175551,6.32745256339236,0.149152465817867,0.88143332711945,1
"fixed",NA,"o__Eggerthellales:Days",0.0185064829539785,0.292236476655128,0.0633270807457011,0.949506051720362,1
"fixed",NA,"o__OFGB28775",27.6527971756263,141.233077523856,0.195795472706847,0.844770253748529,1
"fixed",NA,"o__OFGB28775:Days",-0.122699555422528,5.32880840650315,-0.0230257021950327,0.981629770995017,1
"fixed",NA,"o__Enterobacterales",-1.10218993229096,0.368558809331398,-2.99054019164659,0.00278484478594939,1
"fixed",NA,"o__Enterobacterales:Days",0.0261816566372949,0.0373147580843145,0.701643477846919,0.482901530220008,1
"fixed",NA,"f__Bacteroidaceae",-0.0241396375536008,0.0974160420215053,-0.247799408112596,0.804289612908036,1
"fixed",NA,"f__Bacteroidaceae:Days",0.000602377513554902,0.00287078686289642,0.209830106630468,0.833800274414939,1
"fixed",NA,"f__Lachnospiraceae",0.0046883014615947,0.152096141356311,0.0308245917338005,0.975409428368499,1
"fixed",NA,"f__Lachnospiraceae:Days",0.00185322279907247,0.00581408615324179,0.31874704815634,0.749918334734703,1
"fixed",NA,"f__Bifidobacteriaceae",-0.0265685252136014,0.263329308172753,-0.100894675940027,0.919634069526495,1
"fixed",NA,"f__Bifidobacteriaceae:Days",0.00107307473393761,0.0171684957712819,0.0625025481692206,0.950162632763898,1
"fixed",NA,"f__Acidaminococcaceae",-0.228437856406202,1.70085710704159,-0.134307494415882,0.893159427250744,1
"fixed",NA,"f__Acidaminococcaceae:Days",0.0024118477480581,0.0448792881016249,0.0537407755354029,0.957141695544357,1
"fixed",NA,"f__Rikenellaceae",0.0139258741272918,0.284698058418639,0.048914538457492,0.96098740271787,1
"fixed",NA,"f__Rikenellaceae:Days",0.00124551566540392,0.00623857638100742,0.19964741783009,0.841756340201878,1
"fixed",NA,"f__Veillonellaceae",-20.1652467987967,9.53271379121034,-2.11537314981492,0.034398156368903,1
"fixed",NA,"f__Veillonellaceae:Days",0.130068275678415,0.107728354495576,1.20737271340904,0.227288639100551,1
"fixed",NA,"f__Clostridiaceae",-0.388457563198111,1.16684025195173,-0.332914092180444,0.739199131624226,1
"fixed",NA,"f__Clostridiaceae:Days",0.00494808966001593,0.0197567997867262,0.250449957150467,0.802239400048479,1
"fixed",NA,"f__Tannerellaceae",0.0140798462873078,0.76657647061584,0.0183671777402672,0.985345936392737,1
"fixed",NA,"f__Tannerellaceae:Days",0.00477323902348993,0.0216834349050417,0.22013297452149,0.825767594661682,1
"fixed",NA,"f__Sutterellaceae",0.00936600354880135,1.83597616505217,0.00510137534848402,0.995929709024821,1
"fixed",NA,"f__Sutterellaceae:Days",0.0118274792177074,0.046446802345859,0.25464571553572,0.798996746916798,1
"fixed",NA,"f__Oscillospiraceae",-0.0150465740843658,0.158263623439536,-0.0950728522281953,0.92425696116404,1
"fixed",NA,"f__Oscillospiraceae:Days",-0.000663566181278515,0.00395180608598744,-0.167914661509184,0.866650415682725,1
"fixed",NA,"f__Coriobacteriaceae",0.83352139247818,3.86351476120264,0.215741738804363,0.829189064405329,1
"fixed",NA,"f__Coriobacteriaceae:Days",-0.00447667515772337,0.0851867666036805,-0.0525512980032506,0.95808942187426,1
"fixed",NA,"f__Desulfovibrionaceae",0.242315576008181,4.06880407233532,0.0595544960387099,0.952510460900995,1
"fixed",NA,"f__Desulfovibrionaceae:Days",0.00651275243559027,0.109853702562638,0.059285688908635,0.952724559661132,1
"fixed",NA,"f__Odoribacteraceae",-1.16615395303333,0.399377392748541,-2.91992980626115,0.00350110235192782,1
"fixed",NA,"f__Odoribacteraceae:Days",0.0156206995124757,0.033503925864582,0.466234899623774,0.641047371107638,1
"fixed",NA,"f__Streptococcaceae",0.067509985009393,1.21827686214545,0.0554143209208658,0.955808386923389,1
"fixed",NA,"f__Streptococcaceae:Days",0.00498651629118148,0.0414313360275964,0.120356154767978,0.9042010222818,1
"fixed",NA,"f__Firmicutes_unclassified",1.00208402592131,3.6733735469892,0.272796657650745,0.785009528964332,1
"fixed",NA,"f__Firmicutes_unclassified:Days",-0.0235022758859972,0.069315628697614,-0.339061714184613,0.734563239500656,1
"fixed",NA,"f__Eubacteriales_unclassified",0.475510896559929,1.78589694305683,0.266258866956802,0.790039849377311,1
"fixed",NA,"f__Eubacteriales_unclassified:Days",0.000661667464788348,0.0326836492738151,0.020244601795995,0.983848248077747,1
"fixed",NA,"f__Lactobacillaceae",0.218012173047144,2.74551295730693,0.0794067179566296,0.936709125360137,1
"fixed",NA,"f__Lactobacillaceae:Days",-0.0120377054148641,0.0770989943468982,-0.15613310545533,0.87592810396822,1
"fixed",NA,"f__Clostridia_unclassified",1.242644379347,28.4479695423494,0.0436813030714592,0.965158442977412,1
"fixed",NA,"f__Clostridia_unclassified:Days",0.187400657364266,1.11344222871065,0.168307481548705,0.866341388399814,1
"fixed",NA,"f__FGB79266",2.61900452587572,20.9786163176765,0.12484162378569,0.900648934129038,1
"fixed",NA,"f__FGB79266:Days",-0.0264679187902466,1.05561776201886,-0.0250733927966758,0.979996422980763,1
"fixed",NA,"f__Eggerthellaceae",0.943755152175551,6.32745256339236,0.149152465817867,0.88143332711945,1
"fixed",NA,"f__Eggerthellaceae:Days",0.0185064829539785,0.292236476655128,0.0633270807457011,0.949506051720362,1
"fixed",NA,"f__FGB28775",27.6527971756263,141.233077523856,0.195795472706847,0.844770253748529,1
"fixed",NA,"f__FGB28775:Days",-0.122699555422528,5.32880840650315,-0.0230257021950327,0.981629770995017,1
"fixed",NA,"f__Enterobacteriaceae",-1.10219743867291,0.363915213953634,-3.02872041731495,0.00245591848718049,1
"fixed",NA,"f__Enterobacteriaceae:Days",0.0261793629712863,0.0371765388763964,0.704190431990638,0.481314188759097,1
"fixed",NA,"g__Phocaeicola",0.0109922820145789,0.194022382526035,0.0566547110259501,0.954820251397832,1
"fixed",NA,"g__Phocaeicola:Days",-0.000408660147710488,0.00570464884664742,-0.0716363370815813,0.942891321539741,1
"fixed",NA,"g__Bacteroides",-0.0317972621250765,0.0947084497072943,-0.335738386842452,0.737068155836354,1
"fixed",NA,"g__Bacteroides:Days",0.000971728661409443,0.00363184921490057,0.267557545457197,0.789039913579148,1
"fixed",NA,"g__Bifidobacterium",-0.0265646439921244,0.263328369156886,-0.100880296631836,0.919645484314942,1
"fixed",NA,"g__Bifidobacterium:Days",0.00107306631592045,0.0171685169971895,0.0625019805785272,0.950163084752033,1
"fixed",NA,"g__Blautia",-0.0292284948825612,0.264729184657772,-0.110409039034915,0.912084984844597,1
"fixed",NA,"g__Blautia:Days",0.00431528769689058,0.0139044677988188,0.310352597404494,0.756292837363572,1
"fixed",NA,"g__Alistipes",0.00268613710082099,0.276740882236574,0.0097063255674842,0.992255594291403,1
"fixed",NA,"g__Alistipes:Days",0.0012181015515296,0.00615524188193031,0.197896618020086,0.843125950280165,1
"fixed",NA,"g__Megasphaera",-47.9338460226548,13.3977155628323,-3.57776262661017,0.000346547950687687,1
"fixed",NA,"g__Megasphaera:Days",0.56490330402829,0.509861566199985,1.10795427911645,0.267881562022054,1
"fixed",NA,"g__Acidaminococcus",-7.36292400904291,3.6928826887383,-1.99381475926561,0.0461723020228292,1
"fixed",NA,"g__Acidaminococcus:Days",-0.205082625881192,0.200670371001939,-1.02198757523207,0.306786781045407,1
"fixed",NA,"g__Lachnospiraceae_unclassified",0.125082232905087,0.919059577160998,0.136098068083322,0.891743754764787,1
"fixed",NA,"g__Lachnospiraceae_unclassified:Days",-0.000582914098041942,0.0184036050669178,-0.0316739082327834,0.974732102657392,1
"fixed",NA,"g__Parabacteroides",0.0140798462873078,0.76657647061584,0.0183671777402672,0.985345936392737,1
"fixed",NA,"g__Parabacteroides:Days",0.00477323902348993,0.0216834349050417,0.22013297452149,0.825767594661682,1
"fixed",NA,"g__Clostridium",-0.0497174972261821,1.51391067380061,-0.0328404430238731,0.973801826724443,1
"fixed",NA,"g__Clostridium:Days",-0.000290032467331465,0.0265814840118713,-0.010911071300682,0.991294397403517,1
"fixed",NA,"g__Parasutterella",0.0834142887292369,3.26654794407019,0.0255359144140713,0.979627502260074,1
"fixed",NA,"g__Parasutterella:Days",0.00546967826473652,0.0714330681789399,0.0765706752373421,0.938965088213155,1
"fixed",NA,"g__Phascolarctobacterium",0.946239558562731,3.49311906471259,0.270886717868172,0.786478160837804,1
"fixed",NA,"g__Phascolarctobacterium:Days",-0.00160693208970768,0.0822579701893176,-0.0195352752567236,0.984414096821456,1
"fixed",NA,"g__Dorea",0.315895010991919,3.53433966260483,0.0893787924047749,0.928780877216157,1
"fixed",NA,"g__Dorea:Days",0.00711485492077522,0.0859236626669457,0.0828043719266667,0.934007092774056,1
"fixed",NA,"g__Collinsella",0.810794211674876,3.85444224872383,0.21035318714227,0.833392026436164,1
"fixed",NA,"g__Collinsella:Days",-0.00207495343925657,0.0900149029401231,-0.0230512212031912,0.981609415175254,1
"fixed",NA,"g__Bilophila",-0.447500475783543,6.89612798977403,-0.0648915560220347,0.948260343743355,1
"fixed",NA,"g__Bilophila:Days",0.0265746064691898,0.169715455638152,0.156583302146914,0.875573263155212,1
"fixed",NA,"g__Odoribacter",-1.15251785416782,0.387389036223584,-2.97509156532411,0.00292901105228793,1
"fixed",NA,"g__Odoribacter:Days",0.0144874356342812,0.0266173139926221,0.544286160440415,0.586244569018484,1
"fixed",NA,"g__Anaerostipes",-5.3401140037711,1.79791811775905,-2.97016529897762,0.00297639546459436,1
"fixed",NA,"g__Anaerostipes:Days",0.0749969561237969,0.0517617431968361,1.44888775941343,0.147368930065429,1
"fixed",NA,"g__Dysosmobacter",0.0215046922119017,1.99739111994376,0.0107663902163074,0.991409829426314,1
"fixed",NA,"g__Dysosmobacter:Days",0.0228004526679778,0.083115091301653,0.274323859974203,0.78383574995695,1
"fixed",NA,"g__Flavonifractor",0.0715375341915139,2.65067444777691,0.026988427134653,0.978468964479346,1
"fixed",NA,"g__Flavonifractor:Days",0.0200337621344782,0.0969176824636798,0.206709050662514,0.836237088653348,1
"fixed",NA,"g__Streptococcus",0.0656638035368452,1.21488628121908,0.0540493415325711,0.956895852806518,1
"fixed",NA,"g__Streptococcus:Days",0.0049545005296611,0.0412956222403076,0.119976410594563,0.904501834578682,1
"fixed",NA,"g__Roseburia",-0.175545009874148,1.07987290764011,-0.16256080565793,0.870864248968106,1
"fixed",NA,"g__Roseburia:Days",0.00594293168629603,0.0262885487086424,0.226065415484206,0.821150542753477,1
"fixed",NA,"g__Clostridiaceae_unclassified",-4.78465513618551,1.57328816646562,-3.04118167171764,0.00235651598239667,1
"fixed",NA,"g__Clostridiaceae_unclassified:Days",0.0620091879634878,0.0308564535206564,2.0096019110549,0.0444733388379152,1
"fixed",NA,"g__Dialister",-16.3990709405734,0.00139563501823654,-11750.2575718503,0,0
"fixed",NA,"g__Dialister:Days",0.14134478513303,0.00139603513744117,101.247297680561,0,0
"fixed",NA,"g__Coprococcus",0.732712338117165,3.78609514813977,0.1935271855165,0.846546117507896,1
"fixed",NA,"g__Coprococcus:Days",-0.00568922967875157,0.0784635276552224,-0.0725079517677396,0.942197677532213,1
"fixed",NA,"g__Eubacteriales_unclassified",-1.01335824589912,3.339429235493,-0.303452528692234,0.761545019465267,1
"fixed",NA,"g__Eubacteriales_unclassified:Days",0.0367152423351447,0.0933717773444514,0.393215630882778,0.69416022588499,1
"fixed",NA,"g__GGB9512",1.31621421781722,6.28963163753632,0.209267297938736,0.834239579037846,1
"fixed",NA,"g__GGB9512:Days",-0.0248109639466151,0.0979197831278935,-0.253380503449537,0.799974192185539,1
"fixed",NA,"g__Mediterraneibacter",-0.142587653797471,1.20156285929768,-0.11866849303316,0.905537999040263,1
"fixed",NA,"g__Mediterraneibacter:Days",0.00962559713231463,0.0407212261397236,0.236377880648462,0.813139458603197,1
"fixed",NA,"g__GGB3550",0.0856585717578439,5.55220193900395,0.0154278559567685,0.987690840229523,1
"fixed",NA,"g__GGB3550:Days",0.00460532535309581,0.109976748085128,0.0418754457945152,0.966597990641058,1
"fixed",NA,"g__Enterocloster",0.430338021889097,2.25598124551816,0.190754255047123,0.848718129672657,1
"fixed",NA,"g__Enterocloster:Days",0.00242653566348193,0.0712566031173639,0.0340534849729684,0.972834500565878,1
"fixed",NA,"g__GGB38744",11.0207700791295,42.4183839452212,0.259811172753814,0.795009432228154,1
"fixed",NA,"g__GGB38744:Days",-0.21536611562349,0.965350457157501,-0.223096300443717,0.823460557619289,1
"fixed",NA,"g__GGB9575",-32.8893475756455,133.751659654046,-0.245898612852469,0.805760717652762,1
"fixed",NA,"g__GGB9575:Days",0.325168160426249,2.11463168426685,0.153770589387052,0.877790624257187,1
"fixed",NA,"g__Clostridia_unclassified",1.02116984422481,25.8864099519807,0.0394481060185279,0.968533126678396,1
"fixed",NA,"g__Clostridia_unclassified:Days",0.190301357045316,1.09792105217532,0.173328816920187,0.862392973860183,1
"fixed",NA,"g__Monoglobus",-0.158929533060921,4.65061810244929,-0.0341738516386068,0.972738517727687,1
"fixed",NA,"g__Monoglobus:Days",0.0715468330176711,0.345356794509411,0.207167874369767,0.835878755578138,1
"fixed",NA,"g__GGB3493",2.61900452587572,20.9786163176765,0.12484162378569,0.900648934129038,1
"fixed",NA,"g__GGB3493:Days",-0.0264679187902466,1.05561776201886,-0.0250733927966758,0.979996422980763,1
"fixed",NA,"g__GGB36331",-55.1735278072499,16.3278747298132,-3.37910038631716,0.000727234479297936,1
"fixed",NA,"g__GGB36331:Days",0.394367111904579,0.703045025531835,0.560941472569628,0.57483743653723,1
"fixed",NA,"g__Firmicutes_unclassified",1.18822672980731,5.28240425776261,0.224940514172346,0.822025551070724,1
"fixed",NA,"g__Firmicutes_unclassified:Days",-0.0387445262107011,0.128354693416295,-0.301855157606434,0.762762481123101,1
"fixed",NA,"g__GGB3600",0.193208568161993,10.1470907607243,0.0190407844689665,0.984808569998071,1
"fixed",NA,"g__GGB3600:Days",-22.0574600337239,3.76201866878077,-5.86319791998068,4.54036481752538e-09,1.80252483255758e-05
"fixed",NA,"g__Brotolimicola",0.00163352509152588,1.59451434323762,0.00102446559885379,0.999182594858583,1
"fixed",NA,"g__Brotolimicola:Days",0.0060096129777136,0.0432698118943494,0.138886967948626,0.889539469225995,1
"fixed",NA,"g__GGB3606",42.895500522418,1639431.10654421,2.61648692349374e-05,0.999979123454804,1
"fixed",NA,"g__GGB3606:Days",-33.1722602738526,1639430.95657194,-2.023400872167e-05,0.999983855596839,1
"fixed",NA,"g__Eggerthella",0.859235683719023,8.87420058277316,0.0968240097465223,0.9228661564948,1
"fixed",NA,"g__Eggerthella:Days",0.173193460194283,0.831677900514992,0.208245836623815,0.835037020552625,1
"fixed",NA,"g__Phocea",-69.3715070617664,994.143550340172,-0.0697801711211919,0.944368629852904,1
"fixed",NA,"g__Phocea:Days",0.615367696848859,12.4829593929235,0.0492966192934753,0.960682913657159,1
"fixed",NA,"g__Ruthenibacterium",-0.897866619074773,4.21235626916041,-0.21315068377484,0.83120943292811,1
"fixed",NA,"g__Ruthenibacterium:Days",0.0362943363748166,0.135578278184234,0.267700230899061,0.788930072066166,1
"fixed",NA,"g__Pseudoflavonifractor",-9.71176617328047,15.6760177874083,-0.619530183302127,0.535567144223061,1
"fixed",NA,"g__Pseudoflavonifractor:Days",0.447672555095943,1.7700483247264,0.252915442387789,0.800333556042149,1
"fixed",NA,"g__GGB3511",27.6527971756263,141.233077523856,0.195795472706847,0.844770253748529,1
"fixed",NA,"g__GGB3511:Days",-0.122699555422528,5.32880840650315,-0.0230257021950327,0.981629770995017,1
"fixed",NA,"g__Escherichia",-1.39712285082728,2.40414439063201,-0.581131007052366,0.561152162277635,1
"fixed",NA,"g__Escherichia:Days",0.0126179317084579,0.0447353429023108,0.282057337439257,0.777899545367121,1
"fixed",NA,"g__GGB3433",0.601758234992065,6.06841342319327,0.0991623663430981,0.921009354848257,1
"fixed",NA,"g__GGB3433:Days",0.0114130519479371,0.216911523756181,0.0526161623426054,0.95803773912143,1
"fixed",NA,"s__Phocaeicola_coprocola",-0.0535698475575586,0.776272312518746,-0.069009092162185,0.944982382256123,1
"fixed",NA,"s__Phocaeicola_coprocola:Days",-0.00846009501430078,0.0392518853358207,-0.215533469078496,0.829351420632801,1
"fixed",NA,"s__Bacteroides_eggerthii",-0.792351904311004,0.477866348045555,-1.65810358388214,0.0972965606575575,1
"fixed",NA,"s__Bacteroides_eggerthii:Days",-0.0124064469050374,0.0319086204984184,-0.388811760309485,0.697415400559717,1
"fixed",NA,"s__Phocaeicola_vulgatus",-0.0269932564814907,0.261650847069762,-0.103165179030717,0.917831875521117,1
"fixed",NA,"s__Phocaeicola_vulgatus:Days",0.000210007749146067,0.00665317558372899,0.0315650393564935,0.974818924040419,1
"fixed",NA,"s__Bifidobacterium_adolescentis",0.0811296865723114,1.65343740581206,0.0490672863013316,0.960865673740818,1
"fixed",NA,"s__Bifidobacterium_adolescentis:Days",0.000327985172829496,0.0282301137632075,0.011618273152585,0.990730167775755,1
"fixed",NA,"s__Megasphaera_massiliensis",-48.0382298107405,13.0503397452,-3.68099457551741,0.000232325948225671,0.922334014455912
"fixed",NA,"s__Megasphaera_massiliensis:Days",0.566473551333491,0.486906432978611,1.16341356976562,0.244661746537336,1
"fixed",NA,"s__Acidaminococcus_intestini",-11.7729630747471,4.00514676216348,-2.93945859511715,0.00328786196754937,1
"fixed",NA,"s__Acidaminococcus_intestini:Days",-0.089818011701522,0.0950481400934053,-0.944973900733423,0.344672200675602,1
"fixed",NA,"s__Alistipes_putredinis",-0.0228881028437535,0.703520234196125,-0.0325336809536211,0.974046456721535,1
"fixed",NA,"s__Alistipes_putredinis:Days",0.00144803876515606,0.0123624401907397,0.117132114923455,0.906755360865702,1
"fixed",NA,"s__Eubacterium_rectale",0.111463779607822,0.921622034239789,0.120943049826022,0.903736143588452,1
"fixed",NA,"s__Eubacterium_rectale:Days",-0.000437495392837656,0.0185012828605553,-0.0236467598563337,0.981134373593701,1
"fixed",NA,"s__Blautia_wexlerae",-0.395443531748493,0.900880460127413,-0.438952279742603,0.660696114223247,1
"fixed",NA,"s__Blautia_wexlerae:Days",0.00769147637415578,0.0253450843092729,0.303470143571064,0.76153159729028,1
"fixed",NA,"s__Blautia_massiliensis",-0.0431222669002275,0.477229692214536,-0.0903595639661961,0.928001488478737,1
"fixed",NA,"s__Blautia_massiliensis:Days",0.00514498490392485,0.048089935019134,0.106986730214499,0.914799507083716,1
"fixed",NA,"s__Parabacteroides_distasonis",-0.16004345987976,0.877604188198223,-0.182364056635076,0.855297031433908,1
"fixed",NA,"s__Parabacteroides_distasonis:Days",0.00578387558704185,0.0254002409492042,0.227709477189943,0.819872104250454,1
"fixed",NA,"s__Parasutterella_SGB9260",-0.392983297451323,3.74821590164534,-0.104845427201463,0.916498462971843,1
"fixed",NA,"s__Parasutterella_SGB9260:Days",0.00768665372849234,0.0718286786221697,0.107013714799424,0.914778099400255,1
"fixed",NA,"s__Clostridium_sp_AT4",0.187885367691233,2.5414508057481,0.0739283905343691,0.941067365275514,1
"fixed",NA,"s__Clostridium_sp_AT4:Days",-0.00539273529717872,0.0767212468850518,-0.0702899850579648,0.943962853558073,1
"fixed",NA,"s__Bacteroides_caccae",-0.0794385171294035,1.41291119677716,-0.056223290827196,0.955163927109281,1
"fixed",NA,"s__Bacteroides_caccae:Days",0.00330010141010953,0.0361231094748648,0.0913570691472672,0.927208872902849,1
"fixed",NA,"s__Bacteroides_ovatus",-3.37346696738786,0.00166193183930731,-2029.84676483118,0,0
"fixed",NA,"s__Bacteroides_ovatus:Days",0.0491426563807903,0.00166343772983241,29.5428289856941,8.11886787777052e-192,3.2231905474749e-188
"fixed",NA,"s__Alistipes_onderdonkii",0.0395158251431466,0.451118599437911,0.0875952026637406,0.930198415243629,1
"fixed",NA,"s__Alistipes_onderdonkii:Days",0.00152147020953509,0.0123046993836746,0.123649523006935,0.901592779638753,1
"fixed",NA,"s__Bacteroides_stercoris",-0.0372462448434587,0.302396781302223,-0.123170110088685,0.901972394006171,1
"fixed",NA,"s__Bacteroides_stercoris:Days",-0.000221544361789005,0.00827384470368218,-0.0267764708818392,0.978638020004332,1
"fixed",NA,"s__Bacteroides_uniformis",-0.00633049185459301,0.407428431472962,-0.0155376781922327,0.987603225265444,1
"fixed",NA,"s__Bacteroides_uniformis:Days",0.00156744787611624,0.0081059358068015,0.193370378630562,0.846668912035729,1
"fixed",NA,"s__Phascolarctobacterium_faecium",0.44697335855788,3.21505737507001,0.139025002173763,0.88943039202186,1
"fixed",NA,"s__Phascolarctobacterium_faecium:Days",0.000482753739884254,0.0751932735952486,0.00642017186913324,0.99487747917847,1
"fixed",NA,"s__Bifidobacterium_bifidum",-3.59133595124293,14.3476626930941,-0.250308083488158,0.80234910568851,1
"fixed",NA,"s__Bifidobacterium_bifidum:Days",0.063427246448193,0.305620071750314,0.207536259267722,0.835591078236063,1
"fixed",NA,"s__Dorea_longicatena",0.480585847221176,4.50471904263474,0.106684976948105,0.915038901238939,1
"fixed",NA,"s__Dorea_longicatena:Days",0.0115003940055291,0.123701647885983,0.092968801968823,0.925928346272102,1
"fixed",NA,"s__Bilophila_SGB15451",15.6969546933518,190.242949719631,0.0825100468452842,0.934241129350354,1
"fixed",NA,"s__Bilophila_SGB15451:Days",-43.5329000516557,190.242949719631,-0.228827928266524,0.819002659024097,1
"fixed",NA,"s__Odoribacter_splanchnicus",-0.220737528407326,3.06801272193513,-0.0719480485948239,0.942643251851695,1
"fixed",NA,"s__Odoribacter_splanchnicus:Days",0.0162676635805437,0.103317533367655,0.157453077423512,0.874887785339574,1
"fixed",NA,"s__Collinsella_aerofaciens",0.414549064255377,3.53301803220942,0.117335677450855,0.906594053770774,1
"fixed",NA,"s__Collinsella_aerofaciens:Days",-0.000226951351368275,0.0981440252413896,-0.00231243166163277,0.998154948123625,1
"fixed",NA,"s__Anaerostipes_hadrus",-5.3236666197268,1.77641685076819,-2.99685663160909,0.0027277896655506,1
"fixed",NA,"s__Anaerostipes_hadrus:Days",0.0751188652279322,0.0512342759209358,1.46618379742216,0.142598221461192,1
"fixed",NA,"s__Dysosmobacter_welbionis",0.0663134535859254,2.04738356885237,0.0323893649410776,0.974161543587324,1
"fixed",NA,"s__Dysosmobacter_welbionis:Days",0.0300580484963191,0.101445408683272,0.296297771249212,0.767002687864935,1
"fixed",NA,"s__Parabacteroides_merdae",0.437295675265813,1.77590211653642,0.246238613712944,0.805497526151202,1
"fixed",NA,"s__Parabacteroides_merdae:Days",0.0022826099205602,0.0434857764472114,0.052490954676436,0.95813750252283,1
"fixed",NA,"s__Clostridium_SGB4750",3.25565743005865,23.5495531858622,0.138247099822393,0.890045132166349,1
"fixed",NA,"s__Clostridium_SGB4750:Days",-0.064334351257971,0.449604368270175,-0.143091028019798,0.886218290629884,1
"fixed",NA,"s__Flavonifractor_plautii",0.219831993390466,2.99590673729608,0.0733774488550579,0.941505762417696,1
"fixed",NA,"s__Flavonifractor_plautii:Days",0.0178633015840593,0.101128026470792,0.176640464641309,0.859790807642981,1
"fixed",NA,"s__Bacteroides_fragilis",-1.14057747522138,0.526608304160373,-2.16589344719872,0.030319330166892,1
"fixed",NA,"s__Bacteroides_fragilis:Days",0.0191475305547837,0.095431089458648,0.200642481013283,0.840978138425518,1
"fixed",NA,"s__Streptococcus_salivarius",0.379578324695126,3.82513171443806,0.0992327462247632,0.920953475435793,1
"fixed",NA,"s__Streptococcus_salivarius:Days",0.00234475984523079,0.0672691748255625,0.0348563788884144,0.972194264062705,1
"fixed",NA,"s__Blautia_faecis",0.0833792034430642,2.98542124343547,0.0279287901586429,0.97771894616948,1
"fixed",NA,"s__Blautia_faecis:Days",-0.00138913399716555,0.0785206944058324,-0.017691310649723,0.985885112661449,1
"fixed",NA,"s__Bifidobacterium_pullorum",-12177.73103934,235802607.054609,-5.16437506414839e-05,0.99995879424872,1
"fixed",NA,"s__Bifidobacterium_pullorum:Days",269.190272623864,5240142.5230546,5.13707921949701e-05,0.99995901203805,1
"fixed",NA,"s__Roseburia_intestinalis",-0.456601451265088,3.00543261781472,-0.151925366271258,0.879245801132157,1
"fixed",NA,"s__Roseburia_intestinalis:Days",0.0626125875786744,0.30358398326492,0.206244700083654,0.836599772719292,1
"fixed",NA,"s__Blautia_caecimuris",0.755937800719332,3.36963001700862,0.224338516959917,0.822493907680204,1
"fixed",NA,"s__Blautia_caecimuris:Days",0.000181765366873624,0.0978656084495782,0.00185729562972341,0.998518093344182,1
"fixed",NA,"s__Dialister_invisus",-16.4433935110138,5.40998778396746,-3.03945113512899,0.00237009647731054,1
"fixed",NA,"s__Dialister_invisus:Days",0.145813714980655,0.113483073956372,1.28489394847299,0.198829345925634,1
"fixed",NA,"s__Clostridiaceae_bacterium_Marseille_Q3526",0.955863240670669,7.37601021880553,0.129590823807923,0.896890163564299,1
"fixed",NA,"s__Clostridiaceae_bacterium_Marseille_Q3526:Days",-0.022665681096396,0.183192340659565,-0.12372613950338,0.901532114347945,1
"fixed",NA,"s__Coprococcus_comes",3.46457983578666,14.1934498663983,0.244097091855641,0.807155624801126,1
"fixed",NA,"s__Coprococcus_comes:Days",-0.021110211833487,0.268035663739375,-0.0787589663964028,0.937224342689363,1
"fixed",NA,"s__Clostridiales_bacterium",-0.574089064134928,3.47745438359951,-0.165088884225906,0.86887402206639,1
"fixed",NA,"s__Clostridiales_bacterium:Days",0.0330618217027055,0.111499553288657,0.296519768264121,0.766833172511829,1
"fixed",NA,"s__GGB9512_SGB14909",1.31621421781722,6.28963163753632,0.209267297938736,0.834239579037846,1
"fixed",NA,"s__GGB9512_SGB14909:Days",-0.0248109639466151,0.0979197831278935,-0.253380503449537,0.799974192185539,1
"fixed",NA,"s__Blautia_glucerasea",-2.66755042667287,7.38357150841596,-0.361281857111065,0.717888755037495,1
"fixed",NA,"s__Blautia_glucerasea:Days",0.139394961928185,0.536836954543956,0.259659773322798,0.795126224741624,1
"fixed",NA,"s__Dorea_formicigenerans",-2.72000801877863,14.8932915825138,-0.18263310052777,0.855085910669059,1
"fixed",NA,"s__Dorea_formicigenerans:Days",0.0334025725300466,0.375364149536643,0.0889871144361533,0.929092150681305,1
"fixed",NA,"s__GGB3550_SGB4746",-0.864837645722172,6.5019648691584,-0.133011737701701,0.894184097642578,1
"fixed",NA,"s__GGB3550_SGB4746:Days",0.00252589422667927,0.128628480652926,0.0196371302363029,0.984332843892436,1
"fixed",NA,"s__Enterocloster_hominis",1.3954174384271,7.3740970371242,0.189232312973643,0.849910743067867,1
"fixed",NA,"s__Enterocloster_hominis:Days",-0.0222902316648433,0.121121234586344,-0.184032401427953,0.853988036348252,1
"fixed",NA,"s__Collinsella_stercoris",13.1372289794424,108.442371619387,0.121144795924897,0.903576348419572,1
"fixed",NA,"s__Collinsella_stercoris:Days",-0.510326962440374,4.33900899730101,-0.11761371381295,0.906373738317871,1
"fixed",NA,"s__GGB38744_SGB14842",11.0207700791295,42.4183839452212,0.259811172753814,0.795009432228154,1
"fixed",NA,"s__GGB38744_SGB14842:Days",-0.21536611562349,0.965350457157501,-0.223096300443717,0.823460557619289,1
"fixed",NA,"s__GGB9575_SGB14988",-32.8893475756455,133.751659654046,-0.245898612852469,0.805760717652762,1
"fixed",NA,"s__GGB9575_SGB14988:Days",0.325168160426249,2.11463168426685,0.153770589387052,0.877790624257187,1
"fixed",NA,"s__Ruminococcus_gnavus",-8.37651173668468,0.00153561896557495,-5454.81133306296,0,0
"fixed",NA,"s__Ruminococcus_gnavus:Days",0.21815960290874,0.00153501369544532,142.122251779291,0,0
"fixed",NA,"s__Roseburia_hominis",1.20293169413453,6.50247853651824,0.184995873093437,0.853232272500951,1
"fixed",NA,"s__Roseburia_hominis:Days",0.0023818051375575,0.125487253828205,0.0189804547067247,0.984856697486402,1
"fixed",NA,"s__Clostridia_bacterium_UC5_1_1D1",33.1989410940518,81.1824341250608,0.40894242026433,0.682581917328304,1
"fixed",NA,"s__Clostridia_bacterium_UC5_1_1D1:Days",-0.492361937713531,1.80286596747755,-0.273099579555773,0.78477666991333,1
"fixed",NA,"s__Monoglobus_pectinilyticus",-0.158929533060921,4.65061810244929,-0.0341738516386068,0.972738517727687,1
"fixed",NA,"s__Monoglobus_pectinilyticus:Days",0.0715468330176711,0.345356794509411,0.207167874369767,0.835878755578138,1
"fixed",NA,"s__GGB3493_SGB4668",2.61900452587572,20.9786163176765,0.12484162378569,0.900648934129038,1
"fixed",NA,"s__GGB3493_SGB4668:Days",-0.0264679187902466,1.05561776201886,-0.0250733927966758,0.979996422980763,1
"fixed",NA,"s__GGB36331_SGB63183",-483.382028845366,535533410.049972,-9.0261787551268e-07,0.999999279815133,1
"fixed",NA,"s__GGB36331_SGB63183:Days",-906.56621993744,8921035.4756661,-0.000101621187631221,0.999918918023478,1
"fixed",NA,"s__Blautia_SGB4793",-134.068236136339,54.2845608689057,-2.46973050882932,0.0135214872717872,1
"fixed",NA,"s__Blautia_SGB4793:Days",-12.1151378559083,8.05022048678653,-1.5049448491248,0.132338256422021,1
"fixed",NA,"s__Ruminococcus_torques",0.16360860405532,2.367123403662,0.0691170573541766,0.944896443691895,1
"fixed",NA,"s__Ruminococcus_torques:Days",0.0022582897445963,0.0601179159191246,0.0375643385182269,0.970035041581773,1
"fixed",NA,"s__Clostridiaceae_bacterium",1.18506137163163,12.3761776517383,0.0957534228239832,0.923716410508432,1
"fixed",NA,"s__Clostridiaceae_bacterium:Days",0.0216339890038439,0.345162227518929,0.0626777418819893,0.950023121941972,1
"fixed",NA,"s__Mediterraneibacter_glycyrrhizinilyticus",0.292575881609057,12.1281816584775,0.0241236394579026,0.980753987247059,1
"fixed",NA,"s__Mediterraneibacter_glycyrrhizinilyticus:Days",0.1617626882331,1.67210892414243,0.0967417169405173,0.92293150985634,1
"fixed",NA,"s__Streptococcus_thermophilus",2.03203916709199,12.6611823270232,0.160493634370538,0.872492235667179,1
"fixed",NA,"s__Streptococcus_thermophilus:Days",0.0549713247879878,0.544091450075234,0.101033245018621,0.919524069484276,1
"fixed",NA,"s__Firmicutes_bacterium",7.37825697145082,45.8247162947354,0.161010423370553,0.872085191093712,1
"fixed",NA,"s__Firmicutes_bacterium:Days",0.156370692961727,1.92368704230167,0.0812869710733357,0.935213735277553,1
"fixed",NA,"s__GGB3600_SGB4861",-28.6140952255242,59.2815055538382,-0.482681655234573,0.629321790688425,1
"fixed",NA,"s__GGB3600_SGB4861:Days",-21.6767646194384,7.49119562225982,-2.89363216667667,0.00380813985459372,1
"fixed",NA,"s__Brotolimicola_acetigignens",0.00163352509152588,1.59451434323762,0.00102446559885379,0.999182594858583,1
"fixed",NA,"s__Brotolimicola_acetigignens:Days",0.0060096129777136,0.0432698118943494,0.138886967948626,0.889539469225995,1
"fixed",NA,"s__GGB3606_SGB4870",42.895500522418,1639431.10654421,2.61648692349374e-05,0.999979123454804,1
"fixed",NA,"s__GGB3606_SGB4870:Days",-33.1722602738526,1639430.95657194,-2.023400872167e-05,0.999983855596839,1
"fixed",NA,"s__Eggerthella_lenta",0.859235683719023,8.87420058277316,0.0968240097465223,0.9228661564948,1
"fixed",NA,"s__Eggerthella_lenta:Days",0.173193460194283,0.831677900514992,0.208245836623815,0.835037020552625,1
"fixed",NA,"s__Phocea_massiliensis",-69.3715070617664,994.143550340172,-0.0697801711211919,0.944368629852904,1
"fixed",NA,"s__Phocea_massiliensis:Days",0.615367696848859,12.4829593929235,0.0492966192934753,0.960682913657159,1
"fixed",NA,"s__Ruthenibacterium_lactatiformans",-0.897866619074773,4.21235626916041,-0.21315068377484,0.83120943292811,1
"fixed",NA,"s__Ruthenibacterium_lactatiformans:Days",0.0362943363748166,0.135578278184234,0.267700230899061,0.788930072066166,1
"fixed",NA,"s__Pseudoflavonifractor_phocaeensis",-250.196186520685,0.00697972762451127,-35846.1246599439,0,0
"fixed",NA,"s__Pseudoflavonifractor_phocaeensis:Days",5.40534105005103,0.00697894765453085,774.520933187082,0,0
"fixed",NA,"s__Bacteroides_xylanisolvens",-3.70079334087919,1.11581646908953,-3.31666850543883,0.000910976342574019,1
"fixed",NA,"s__Bacteroides_xylanisolvens:Days",0.472171279982949,0.277797799525001,1.69969409689458,0.0891884802898106,1
"fixed",NA,"s__GGB3511_SGB4688",27.6527971756263,141.233077523856,0.195795472706847,0.844770253748529,1
"fixed",NA,"s__GGB3511_SGB4688:Days",-0.122699555422528,5.32880840650315,-0.0230257021950327,0.981629770995017,1
"fixed",NA,"s__Escherichia_coli",-1.39712285082728,2.40414439063201,-0.581131007052366,0.561152162277635,1
"fixed",NA,"s__Escherichia_coli:Days",0.0126179317084579,0.0447353429023108,0.282057337439257,0.777899545367121,1
"fixed",NA,"s__GGB3433_SGB4574",0.153235204556154,5.36205155886709,0.0285777193437749,0.977201382213699,1
"fixed",NA,"s__GGB3433_SGB4574:Days",0.0428837703492585,0.423634797198574,0.101228158387464,0.919369344362622,1
"fixed",NA,"c__CFGB3012",0.156390622151142,2.93175586203922,0.053343671680207,0.957458084744709,1
"fixed",NA,"c__CFGB3012:Days",2.92544666195072,1.59656156232792,1.83234190962556,0.0669004968355762,1
"fixed",NA,"c__Erysipelotrichia",0.201414833863328,2.26107886910218,0.0890790837133891,0.929019060080478,1
"fixed",NA,"c__Erysipelotrichia:Days",0.0312863441142989,0.123240325371649,0.2538645043329,0.799600238040583,1
"fixed",NA,"c__CFGB1260",25.7462764466781,110.256652892631,0.233512225985584,0.815363676980328,1
"fixed",NA,"c__CFGB1260:Days",-0.206720192499298,1.73941000947679,-0.118845005704825,0.905398151933506,1
"fixed",NA,"o__OFGB3012",0.156390622151142,2.93175586203922,0.053343671680207,0.957458084744709,1
"fixed",NA,"o__OFGB3012:Days",2.92544666195072,1.59656156232792,1.83234190962556,0.0669004968355762,1
"fixed",NA,"o__Erysipelotrichales",0.201414833863328,2.26107886910218,0.0890790837133891,0.929019060080478,1
"fixed",NA,"o__Erysipelotrichales:Days",0.0312863441142989,0.123240325371649,0.2538645043329,0.799600238040583,1
"fixed",NA,"o__OFGB1260",25.7462764466781,110.256652892631,0.233512225985584,0.815363676980328,1
"fixed",NA,"o__OFGB1260:Days",-0.206720192499298,1.73941000947679,-0.118845005704825,0.905398151933506,1
"fixed",NA,"f__Prevotellaceae",0.0490775348499505,0.293008830331114,0.167495071034175,0.866980525492246,1
"fixed",NA,"f__Prevotellaceae:Days",-0.00192237618540942,0.00507623341006111,-0.378701298801442,0.704909688774652,1
"fixed",NA,"f__FGB3012",0.156390622151142,2.93175586203922,0.053343671680207,0.957458084744709,1
"fixed",NA,"f__FGB3012:Days",2.92544666195072,1.59656156232792,1.83234190962556,0.0669004968355762,1
"fixed",NA,"f__Erysipelotrichaceae",0.606971734959239,3.85341329001114,0.157515347894979,0.874838713008758,1
"fixed",NA,"f__Erysipelotrichaceae:Days",0.0239503107889488,0.125460117566177,0.190899795517214,0.848604100380674,1
"fixed",NA,"f__Coprobacillaceae",-8.81249286694713,2.84029867165254,-3.10266415109783,0.00191787152968361,1
"fixed",NA,"f__Coprobacillaceae:Days",0.151947262706682,0.742340903007046,0.204686636680236,0.837816961743856,1
"fixed",NA,"f__Eubacteriaceae",0.0740983957053391,3.05368031651526,0.024265276003055,0.98064101070601,1
"fixed",NA,"f__Eubacteriaceae:Days",-0.00851092033545096,0.059565065721915,-0.142884427848783,0.886381457151591,1
"fixed",NA,"f__Eubacteriales_Family_XIII_Incertae_Sedis",10.9060421395988,46.0692087738605,0.236731700627488,0.81286494033545,1
"fixed",NA,"f__Eubacteriales_Family_XIII_Incertae_Sedis:Days",-0.164428221195477,0.687255581652445,-0.239253380525661,0.810909112638164,1
"fixed",NA,"f__Peptostreptococcaceae",-3.04196784787215,6.18752376142783,-0.491629279362991,0.622981441049268,1
"fixed",NA,"f__Peptostreptococcaceae:Days",0.0542151817453779,0.175034435405357,0.309740089827596,0.756758613711301,1
"fixed",NA,"f__FGB1260",25.7462764466781,110.256652892631,0.233512225985584,0.815363676980328,1
"fixed",NA,"f__FGB1260:Days",-0.206720192499298,1.73941000947679,-0.118845005704825,0.905398151933506,1
"fixed",NA,"g__GGB9739",1471.82139514335,80996773.811786,1.8171358263768e-05,0.999985501353793,1
"fixed",NA,"g__GGB9739:Days",-14.4864965678702,4153849.33720846,-3.48748724179911e-06,0.999997217387774,1
"fixed",NA,"g__Paraprevotella",0.28351973426779,2.95151905298198,0.0960589205688318,0.923473777015953,1
"fixed",NA,"g__Paraprevotella:Days",-0.0134264142597856,0.050956409612016,-0.263488231647694,0.792174292966507,1
"fixed",NA,"g__GGB9480",0.156390622151142,2.93175586203922,0.053343671680207,0.957458084744709,1
"fixed",NA,"g__GGB9480:Days",2.92544666195072,1.59656156232792,1.83234190962556,0.0669004968355762,1
"fixed",NA,"g__Tyzzerella",-36.1334219190285,13.0958509394456,-2.75915036648685,0.00579518627819045,1
"fixed",NA,"g__Tyzzerella:Days",0.345252779104441,1.54658561529071,0.223235478004588,0.823352241100136,1
"fixed",NA,"g__Oliverpabstia",0.177813766325405,3.39704200435837,0.0523437055230027,0.958254829056262,1
"fixed",NA,"g__Oliverpabstia:Days",0.00394888051306866,0.0838320204167841,0.0471046802097359,0.962429797212297,1
"fixed",NA,"g__Holdemanella",-1.6190984191145,10.1219581072522,-0.159959012076373,0.872913362015644,1
"fixed",NA,"g__Holdemanella:Days",-0.00404748586949513,0.133611864947474,-0.030292862621791,0.975833488764884,1
"fixed",NA,"g__Anaerobutyricum",0.149198705762416,1.36477830823831,0.109320836110742,0.912948020812154,1
"fixed",NA,"g__Anaerobutyricum:Days",0.0555065659343342,0.141076393387146,0.393450417902388,0.693986837857724,1
"fixed",NA,"g__Faecalimonas",4.46849387352529,30.5370844391377,0.146330075565376,0.88366082452217,1
"fixed",NA,"g__Faecalimonas:Days",-0.0587099326633311,0.436463870347341,-0.134512697732826,0.892997170999019,1
"fixed",NA,"g__Catenibacterium",-8.9690665526618,2.80277691025817,-3.20006437895039,0.00137396893725753,1
"fixed",NA,"g__Catenibacterium:Days",0.127683663518082,0.630280790995541,0.202582190893686,0.839461610980387,1
"fixed",NA,"g__Eubacterium",-0.0660936644379341,8.11647809556962,-0.00814314579053831,0.993502781503427,1
"fixed",NA,"g__Eubacterium:Days",0.0217261390586161,0.23191221218169,0.0936826002142346,0.925361292499639,1
"fixed",NA,"g__Fusicatenibacter",-0.250363822560181,1.7354824375889,-0.144261801293714,0.885293740879454,1
"fixed",NA,"g__Fusicatenibacter:Days",0.0298731615460878,0.0773920751307803,0.385997681230371,0.699498386095682,1
"fixed",NA,"g__Agathobaculum",0.457090330352225,7.57242704953917,0.0603624607225555,0.951866956117774,1
"fixed",NA,"g__Agathobaculum:Days",0.0220218787845354,0.182910782562456,0.120396832138728,0.904168800736619,1
"fixed",NA,"g__Dielma",-1151.86278144994,2586.38510476189,-0.445356253919496,0.656062320841402,1
"fixed",NA,"g__Dielma:Days",15.288570889949,29.7197617191401,0.514424410075362,0.606955296551678,1
"fixed",NA,"g__Lacrimispora",0.402850277309461,6.19151851460995,0.0650648587028961,0.948122359813441,1
"fixed",NA,"g__Lacrimispora:Days",-0.0174100470122434,0.0926309990509068,-0.187950547771545,0.850915417368048,1
"fixed",NA,"g__Evtepia",3.03896214729561,12.4803954102544,0.243498867415585,0.807618962383149,1
"fixed",NA,"g__Evtepia:Days",0.0492299480435781,0.352751404196035,0.139559892485132,0.889007731569702,1
"fixed",NA,"g__Hydrogenoanaerobacterium",9.43137344767314,36.4510153247343,0.258741035432101,0.795835055688995,1
"fixed",NA,"g__Hydrogenoanaerobacterium:Days",0.0455318698061442,1.01584240211793,0.0448217850635246,0.964249360571369,1
"fixed",NA,"g__Intestinibacter",-15.6228519250797,4.8775822984823,-3.20299094285726,0.0013600825843545,1
"fixed",NA,"g__Intestinibacter:Days",0.331201245554035,0.335999392128143,0.985719776027814,0.324270642293582,1
"fixed",NA,"g__Gemmiger",0.98289714715698,2.8098665005903,0.349802080259149,0.726487237736998,1
"fixed",NA,"g__Gemmiger:Days",-0.00923323208342467,0.0408328783145146,-0.226122489144798,0.821106153733802,1
"fixed",NA,"g__Simiaoa",7.57613166669507,35.9134594042076,0.210955218249107,0.832922215592771,1
"fixed",NA,"g__Simiaoa:Days",-0.0655817954283578,0.343413338844569,-0.190970437109435,0.848548754643862,1
"fixed",NA,"g__GGB3057",20.9876556584025,253.544256037084,0.082777089832131,0.934028786261636,1
"fixed",NA,"g__GGB3057:Days",-0.196914477904805,2.76485588885583,-0.0712205213655071,0.943222249199807,1
"fixed",NA,"g__Anaerotignum",-28.5162845356141,9.70244425348202,-2.93908254359515,0.00329185391467399,1
"fixed",NA,"g__Anaerotignum:Days",0.0638706348554221,0.0726447527572648,0.879218834550094,0.379282634148575,1
"fixed",NA,"g__Desulfovibrio",0.677401725193757,6.02781272135847,0.112379358236115,0.910522621382501,1
"fixed",NA,"g__Desulfovibrio:Days",-0.00436935300985323,0.159588690387506,-0.0273788386836421,0.978157576205449,1
"fixed",NA,"g__GGB9614",-325.479801756482,172.871100930331,-1.88278896822467,0.0597289726756291,1
"fixed",NA,"g__GGB9614:Days",8.15263495738518,4.61672036412709,1.76589316969096,0.0774137733347287,1
"fixed",NA,"s__GGB9739_SGB15313",1471.82139514335,80996773.811786,1.8171358263768e-05,0.999985501353793,1
"fixed",NA,"s__GGB9739_SGB15313:Days",-14.4864965678702,4153849.33720846,-3.48748724179911e-06,0.999997217387774,1
"fixed",NA,"s__Bacteroides_salyersiae",1286.90551891437,55218991.6311812,2.33054874944091e-05,0.999981404911348,1
"fixed",NA,"s__Bacteroides_salyersiae:Days",172.795793428724,1673021.65558333,0.000103283656163121,0.999917591565511,1
"fixed",NA,"s__Alistipes_finegoldii",-0.0383729376529067,1.0220410243498,-0.0375453986079654,0.970050142790866,1
"fixed",NA,"s__Alistipes_finegoldii:Days",-4.43081209294435e-05,0.016229495624585,-0.00273009845495902,0.997821699299288,1
"fixed",NA,"s__Bacteroides_faecis",-1.94007922041625,0.679987112215416,-2.85311175103808,0.00432933940573268,1
"fixed",NA,"s__Bacteroides_faecis:Days",0.0557980619976053,0.0695132847367825,0.802696379676043,0.422150245968956,1
"fixed",NA,"s__Parasutterella_excrementihominis",2.43098422776729,10.0167127053444,0.242692817422052,0.80824337200288,1
"fixed",NA,"s__Parasutterella_excrementihominis:Days",-0.0251162690083423,0.220271684150377,-0.114024047644706,0.909218730500782,1
"fixed",NA,"s__Paraprevotella_clara",0.611710004387738,3.55515997856305,0.172062581733659,0.863388329437104,1
"fixed",NA,"s__Paraprevotella_clara:Days",-0.0163410669172907,0.0531041321486659,-0.307717427177674,0.758297357800062,1
"fixed",NA,"s__Clostridium_fessum",-0.374031108457684,5.03791708312006,-0.0742432045400082,0.940816868437762,1
"fixed",NA,"s__Clostridium_fessum:Days",-0.0033690313354199,0.0740530755144762,-0.0454948199249511,0.963712903726418,1
"fixed",NA,"s__Bacteroides_finegoldii",0.640771826789187,2.44063174910526,0.262543428366076,0.792902508223767,1
"fixed",NA,"s__Bacteroides_finegoldii:Days",-0.00742460173924545,0.0283818209854967,-0.261597088609623,0.793632088830387,1
"fixed",NA,"s__GGB9480_SGB14874",0.0947683511740741,2.90330607395517,0.0326415296079932,0.97396045162412,1
"fixed",NA,"s__GGB9480_SGB14874:Days",2.93624030814923,1.62347075919721,1.80861915221755,0.0705101909742098,1
"fixed",NA,"s__Tyzzerella_SGB4587",1104.080673854,867263685.70712,1.27306226704718e-06,0.999998984243272,1
"fixed",NA,"s__Phocaeicola_dorei",-0.0156521389968606,0.511471805168693,-0.030602154094688,0.975586824236627,1
"fixed",NA,"s__Phocaeicola_dorei:Days",0.0190144119097911,0.113719991015054,0.16720377604738,0.867209713390428,1
"fixed",NA,"s__Clostridium_sp_AM22_11AC",-0.597681279238913,4.09025182659959,-0.146123345108507,0.883824017485414,1
"fixed",NA,"s__Clostridium_sp_AM22_11AC:Days",0.015457828184899,0.126935426190019,0.121777100757979,0.903075549902509,1
"fixed",NA,"s__Oliverpabstia_intestinalis",0.177813766325405,3.39704200435837,0.0523437055230027,0.958254829056262,1
"fixed",NA,"s__Oliverpabstia_intestinalis:Days",0.00394888051306866,0.0838320204167841,0.0471046802097359,0.962429797212297,1
"fixed",NA,"s__Holdemanella_porci",1.85851834098343,21.3079270354931,0.0872219215828762,0.930495114854888,1
"fixed",NA,"s__Holdemanella_porci:Days",0.189415373055775,2.07866906061846,0.0911233907524552,0.927394546827914,1
"fixed",NA,"s__Faecalimonas_umbilicata",4.46849387352529,30.5370844391377,0.146330075565376,0.88366082452217,1
"fixed",NA,"s__Faecalimonas_umbilicata:Days",-0.0587099326633311,0.436463870347341,-0.134512697732826,0.892997170999019,1
"fixed",NA,"s__Fusicatenibacter_saccharivorans",-0.230560323269403,1.74747032294623,-0.131939478594794,0.895032162167445,1
"fixed",NA,"s__Fusicatenibacter_saccharivorans:Days",0.0290552535000343,0.0766988191072214,0.378822696858167,0.704819531720772,1
"fixed",NA,"s__Agathobaculum_butyriciproducens",0.457090330352225,7.57242704953917,0.0603624607225555,0.951866956117774,1
"fixed",NA,"s__Agathobaculum_butyriciproducens:Days",0.0220218787845354,0.182910782562456,0.120396832138728,0.904168800736619,1
"fixed",NA,"s__Dielma_fastidiosa",-1151.86278144994,2586.38510476189,-0.445356253919496,0.656062320841402,1
"fixed",NA,"s__Dielma_fastidiosa:Days",15.288570889949,29.7197617191401,0.514424410075362,0.606955296551678,1
"fixed",NA,"s__Coprococcus_catus",-4.12455762396642,9.92273039388663,-0.415667609643768,0.677653245941627,1
"fixed",NA,"s__Coprococcus_catus:Days",0.0501355320067657,0.33821931000295,0.148233795422054,0.882158261536978,1
"fixed",NA,"s__Anaerobutyricum_hallii",0.46200621636832,4.29174604378001,0.107649942856685,0.914273378476846,1
"fixed",NA,"s__Anaerobutyricum_hallii:Days",0.0578111723249063,0.183074889973342,0.315778817801417,0.752170397020808,1
"fixed",NA,"s__Eubacterium_ramulus",-0.0993232056723627,16.4653489091065,-0.00603225635974405,0.995186984973198,1
"fixed",NA,"s__Eubacterium_ramulus:Days",0.0505383948911216,0.462146832628476,0.109355709750693,0.912920361499948,1
"fixed",NA,"s__Blautia_obeum",0.28964268404296,2.88127804561619,0.100525766502697,0.919926927732708,1
"fixed",NA,"s__Blautia_obeum:Days",0.00457611754810903,0.0707921862280602,0.0646415627477143,0.948459391604871,1
"fixed",NA,"s__Lacrimispora_amygdalina",0.402850277309461,6.19151851460995,0.0650648587028961,0.948122359813441,1
"fixed",NA,"s__Lacrimispora_amygdalina:Days",-0.0174100470122434,0.0926309990509068,-0.187950547771545,0.850915417368048,1
"fixed",NA,"s__Evtepia_gabavorous",3.03896214729561,12.4803954102544,0.243498867415585,0.807618962383149,1
"fixed",NA,"s__Evtepia_gabavorous:Days",0.0492299480435781,0.352751404196035,0.139559892485132,0.889007731569702,1
"fixed",NA,"s__Hydrogenoanaerobacterium_SGB53821",3.46567569575842,34.9077808385191,0.0992808941877568,0.920915247692318,1
"fixed",NA,"s__Hydrogenoanaerobacterium_SGB53821:Days",-0.211252314608536,1.18010275594422,-0.17901179667995,0.857928438904187,1
"fixed",NA,"s__Bacteroides_cellulosilyticus",0.0347295779886935,0.913244840010817,0.0380287700155877,0.969664743458448,1
"fixed",NA,"s__Bacteroides_cellulosilyticus:Days",0.307306701896165,0.192854005961092,1.59346807635493,0.11105522438931,1
"fixed",NA,"s__Anaerobutyricum_soehngenii",0.0711275459343056,1.63731154569892,0.0434416688266517,0.965349462115869,1
"fixed",NA,"s__Anaerobutyricum_soehngenii:Days",0.00730898750326741,0.184846843524959,0.0395407752920622,0.968459244939053,1
"fixed",NA,"s__Eubacterium_ventriosum",-10.596983919263,29.7895617454066,-0.3557280905919,0.722044206048118,1
"fixed",NA,"s__Eubacterium_ventriosum:Days",0.0908376691639053,0.399577556469542,0.227334262631013,0.820163832746202,1
"fixed",NA,"s__Dorea_sp_AF36_15AT",16.4315465813129,52.36483733976,0.313789699654746,0.753680768045264,1
"fixed",NA,"s__Dorea_sp_AF36_15AT:Days",-0.190597251568205,0.933438387919004,-0.204188357833794,0.838206308809419,1
"fixed",NA,"s__Intestinibacter_bartlettii",-15.6228519250797,4.8775822984823,-3.20299094285726,0.0013600825843545,1
"fixed",NA,"s__Intestinibacter_bartlettii:Days",0.331201245554035,0.335999392128143,0.985719776027814,0.324270642293582,1
"fixed",NA,"s__Gemmiger_formicilis",0.909108503169886,3.48105658582877,0.261158783477071,0.793970061402523,1
"fixed",NA,"s__Gemmiger_formicilis:Days",0.0202234516739918,0.149636956574636,0.135150113561049,0.892493188717914,1
"fixed",NA,"s__Mediterraneibacter_faecis",0.89905533063403,5.52409298097888,0.162751665066057,0.870713966417288,1
"fixed",NA,"s__Mediterraneibacter_faecis:Days",-0.0048375589148656,0.116126869260804,-0.041657533227742,0.966771708127414,1
"fixed",NA,"s__Simiaoa_sunii",7.57613166669507,35.9134594042076,0.210955218249107,0.832922215592771,1
"fixed",NA,"s__Simiaoa_sunii:Days",-0.0655817954283578,0.343413338844569,-0.190970437109435,0.848548754643862,1
"fixed",NA,"s__GGB3057_SGB71294",11.9891631792335,288.395838702984,0.0415719007359917,0.966839973834113,1
"fixed",NA,"s__GGB3057_SGB71294:Days",1.61229219984015,12.4357991968253,0.129649262932112,0.896843925952751,1
"fixed",NA,"s__Anaerotignum_faecicola",-29.453764543453,9.57851064306562,-3.07498374653643,0.00210514025538333,1
"fixed",NA,"s__Anaerotignum_faecicola:Days",0.0723761578912836,0.0765857005405743,0.945034874401123,0.344641071855077,1
"fixed",NA,"s__Lachnospiraceae_bacterium_CLA_AA_H244",4.38862952276469,16.3221969263527,0.268874927962615,0.788025931305978,1
"fixed",NA,"s__Lachnospiraceae_bacterium_CLA_AA_H244:Days",-0.0439345842442839,0.240849342029605,-0.182415213901159,0.855256887144676,1
"fixed",NA,"s__Blautia_SGB4815",-0.397413586816724,6.10814972526732,-0.0650628430362079,0.948123964682225,1
"fixed",NA,"s__Blautia_SGB4815:Days",-0.00844060882672765,0.624463512529781,-0.01351657648104,0.989215660691116,1
"fixed",NA,"s__Desulfovibrio_fairfieldensis",2.58787279095794,13.2462059573871,0.195367096003422,0.845105573841583,1
"fixed",NA,"s__Desulfovibrio_fairfieldensis:Days",-0.0100490927761379,0.2629513196361,-0.0382165519840132,0.969515023961267,1
"fixed",NA,"s__Clostridium_sp_AF20_17LB",-50.9227718487882,16.8623990174749,-3.01990077426205,0.00252857510215904,1
"fixed",NA,"s__Clostridium_sp_AF20_17LB:Days",1.94954044171157,0.78259111462329,2.4911354157784,0.0127335577563761,1
"fixed",NA,"s__GGB9614_SGB15049",-325.479801756482,172.871100930331,-1.88278896822467,0.0597289726756291,1
"fixed",NA,"s__GGB9614_SGB15049:Days",8.15263495738518,4.61672036412709,1.76589316969096,0.0774137733347287,1
"fixed",NA,"c__CFGB658",1.29369445964214,5.66866868945753,0.228218393156073,0.819476463040074,1
"fixed",NA,"c__CFGB658:Days",-0.0167792805121485,0.0695437949843993,-0.241276457747418,0.80934085596941,1
"fixed",NA,"c__CFGB4806",0.0472273653099561,0.845892428213835,0.055831408031019,0.955476113968027,1
"fixed",NA,"c__CFGB4806:Days",-0.00295446090356875,0.0200473450172695,-0.147374173538874,0.882836689450788,1
"fixed",NA,"c__CFGB1354",-2.09692211551417,0.755448953276275,-2.77572972524499,0.00550779734769206,1
"fixed",NA,"c__CFGB1354:Days",0.00687186906476788,0.0128954169040654,0.532892353608316,0.594108098592448,1
"fixed",NA,"c__CFGB1458",-8749.07909419359,25955875.739984,-0.000337075087808191,0.9997310529967,1
"fixed",NA,"c__CFGB1458:Days",-4628.22999484023,319989.323690943,-0.0144637012930792,0.988460038404998,1
"fixed",NA,"c__CFGB4405",0.526382702253659,2.72191724492431,0.19338673989271,0.846656099455863,1
"fixed",NA,"c__CFGB4405:Days",-0.00539651948100022,0.0329597707530837,-0.163730491981511,0.869943312333866,1
"fixed",NA,"c__CFGB3062",-14.7736517749352,41.3659761616042,-0.357145005286932,0.720983253827973,1
"fixed",NA,"c__CFGB3062:Days",-0.0695460475085836,0.659771160687416,-0.1054093474412,0.916050999202059,1
"fixed",NA,"c__CFGB2982",1.56484292397872,6.78160550312988,0.230748150014994,0.817510464451702,1
"fixed",NA,"c__CFGB2982:Days",-0.0158057027239976,0.0807526125474044,-0.195729924090309,0.844821561366248,1
"fixed",NA,"c__CFGB2880",-426.522806886297,317029780.801214,-1.34537142160073e-06,0.999998926548914,1
"fixed",NA,"c__CFGB38642",-15.7574387268236,6.65801358254409,-2.36668768116309,0.0179480715722295,1
"fixed",NA,"c__CFGB38642:Days",0.0734429980943827,0.0710320272816378,1.03394202453473,0.301163267212004,1
"fixed",NA,"c__CFGB3023",10.9431326354721,44.0828490377046,0.248240140425415,0.803948610538419,1
"fixed",NA,"c__CFGB3023:Days",-0.0598944951819314,0.675369913602735,-0.0886839848438415,0.929333060622964,1
"fixed",NA,"c__CFGB3070",-45.1238456048483,23.5970133605902,-1.91226935863886,0.0558416538876881,1
"fixed",NA,"c__CFGB3070:Days",0.353921620312025,0.330646255607672,1.07039355295761,0.284442200003113,1
"fixed",NA,"c__CFGB3054",0.17263313117889,2.47993666542232,0.0696119112983442,0.94450255609635,1
"fixed",NA,"c__CFGB3054:Days",-0.00159606617741314,0.0390823425219346,-0.0408385494425613,0.967424606969268,1
"fixed",NA,"c__CFGB1258",-947.409893121491,3337.81810555591,-0.283841079160214,0.776532172003692,1
"fixed",NA,"c__CFGB1258:Days",-12128.3218251533,3837213.14187157,-0.00316071100997998,0.997478121682945,1
"fixed",NA,"c__CFGB1473",-508.5252404027,468.826138315934,-1.08467766372705,0.278064444026937,1
"fixed",NA,"c__CFGB1473:Days",-16.0459345945205,14.4109525321688,-1.11345412863598,0.265513438782554,1
"fixed",NA,"c__CFGB2881",27179.0233097187,34497127.8777205,0.000787863366656443,0.999371376048757,1
"fixed",NA,"c__CFGB2881:Days",-409.378011146417,493126.471543637,-0.000830168394458602,0.999337621531278,1
"fixed",NA,"c__CFGB2834",3.15748347966739,28.9303295495747,0.10914094408281,0.913090700158388,1
"fixed",NA,"c__CFGB2834:Days",-0.054595054490475,0.476105739484014,-0.114670019625563,0.908706678011609,1
"fixed",NA,"c__CFGB3038",-0.992788203149824,6.17904283393673,-0.160670225119205,0.872353141624694,1
"fixed",NA,"c__CFGB3038:Days",0.0283001115546119,0.223420282319785,0.126667602693767,0.899203488553987,1
"fixed",NA,"c__CFGB79294",-44.4178451359405,42.4253209116006,-1.0469654484993,0.295115514071884,1
"fixed",NA,"c__CFGB79294:Days",0.287809864995982,0.640858629798396,0.449100396894901,0.653359234152045,1
"fixed",NA,"c__CFGB1211",42.8877099416759,86.2737197972963,0.497112099054525,0.619110003016819,1
"fixed",NA,"c__CFGB1211:Days",-0.699833690006508,2.31651588422759,-0.302106147758991,0.762571146051393,1
"fixed",NA,"c__CFGB2954",7464.59439171389,4392941392.6442,1.69922467078961e-06,0.99999864421487,1
"fixed",NA,"c__CFGB2954:Days",-6364.5864270176,43192965.3322518,-0.000147352384307479,0.999882429807989,1
"fixed",NA,"c__CFGB79291",1.69142451837674,154.900848767364,0.0109194012288272,0.991287751478375,1
"fixed",NA,"c__CFGB79291:Days",-0.271949704541262,2.58365165982575,-0.105257883162006,0.91617118163675,1
"fixed",NA,"c__CFGB83839",-1165.46466894426,1208553980.74556,-9.64346390407228e-07,0.999999230562904,1
"fixed",NA,"c__CFGB83839:Days",-11.003828978577,9471729.33782793,-1.16175500651504e-06,0.999999073053617,1
"fixed",NA,"c__CFGB32970",7081.2248304035,1179576592.33889,6.00319205755238e-06,0.999995210145742,1
"fixed",NA,"c__CFGB32970:Days",-78.7690105268236,9143486.02638701,-8.6147679669992e-06,0.999993126409644,1
"fixed",NA,"c__CFGB1359",-200.718511677371,697.934519102123,-0.287589317025888,0.773661123344244,1
"fixed",NA,"c__CFGB1359:Days",-0.728903645104956,28.5277729541925,-0.0255506676344966,0.979615734732819,1
"fixed",NA,"o__OFGB658",1.29369445964214,5.66866868945753,0.228218393156073,0.819476463040074,1
"fixed",NA,"o__OFGB658:Days",-0.0167792805121485,0.0695437949843993,-0.241276457747418,0.80934085596941,1
"fixed",NA,"o__OFGB4806",0.0472273653099561,0.845892428213835,0.055831408031019,0.955476113968027,1
"fixed",NA,"o__OFGB4806:Days",-0.00295446090356875,0.0200473450172695,-0.147374173538874,0.882836689450788,1
"fixed",NA,"o__OFGB1354",-2.09692211551417,0.755448953276275,-2.77572972524499,0.00550779734769206,1
"fixed",NA,"o__OFGB1354:Days",0.00687186906476788,0.0128954169040654,0.532892353608316,0.594108098592448,1
"fixed",NA,"o__OFGB1458",-8749.07909419359,25955875.739984,-0.000337075087808191,0.9997310529967,1
"fixed",NA,"o__OFGB1458:Days",-4628.22999484023,319989.323690943,-0.0144637012930792,0.988460038404998,1
"fixed",NA,"o__OFGB4405",0.526382702253659,2.72191724492431,0.19338673989271,0.846656099455863,1
"fixed",NA,"o__OFGB4405:Days",-0.00539651948100022,0.0329597707530837,-0.163730491981511,0.869943312333866,1
"fixed",NA,"o__OFGB3062",-14.7736517749352,41.3659761616042,-0.357145005286932,0.720983253827973,1
"fixed",NA,"o__OFGB3062:Days",-0.0695460475085836,0.659771160687416,-0.1054093474412,0.916050999202059,1
"fixed",NA,"o__OFGB2982",1.56484292397872,6.78160550312988,0.230748150014994,0.817510464451702,1
"fixed",NA,"o__OFGB2982:Days",-0.0158057027239976,0.0807526125474044,-0.195729924090309,0.844821561366248,1
"fixed",NA,"o__OFGB2880",-426.522806886297,317029780.801214,-1.34537142160073e-06,0.999998926548914,1
"fixed",NA,"o__OFGB38642",-15.7574387268236,6.65801358254409,-2.36668768116309,0.0179480715722295,1
"fixed",NA,"o__OFGB38642:Days",0.0734429980943827,0.0710320272816378,1.03394202453473,0.301163267212004,1
"fixed",NA,"o__OFGB3023",10.9431326354721,44.0828490377046,0.248240140425415,0.803948610538419,1
"fixed",NA,"o__OFGB3023:Days",-0.0598944951819314,0.675369913602735,-0.0886839848438415,0.929333060622964,1
"fixed",NA,"o__OFGB3070",-45.1238456048483,23.5970133605902,-1.91226935863886,0.0558416538876881,1
"fixed",NA,"o__OFGB3070:Days",0.353921620312025,0.330646255607672,1.07039355295761,0.284442200003113,1
"fixed",NA,"o__OFGB3054",0.17263313117889,2.47993666542232,0.0696119112983442,0.94450255609635,1
"fixed",NA,"o__OFGB3054:Days",-0.00159606617741314,0.0390823425219346,-0.0408385494425613,0.967424606969268,1
"fixed",NA,"o__OFGB1258",-947.409893121491,3337.81810555591,-0.283841079160214,0.776532172003692,1
"fixed",NA,"o__OFGB1258:Days",-12128.3218251533,3837213.14187157,-0.00316071100997998,0.997478121682945,1
"fixed",NA,"o__OFGB1473",-508.5252404027,468.826138315934,-1.08467766372705,0.278064444026937,1
"fixed",NA,"o__OFGB1473:Days",-16.0459345945205,14.4109525321688,-1.11345412863598,0.265513438782554,1
"fixed",NA,"o__OFGB2881",27179.0233097187,34497127.8777205,0.000787863366656443,0.999371376048757,1
"fixed",NA,"o__OFGB2881:Days",-409.378011146417,493126.471543637,-0.000830168394458602,0.999337621531278,1
"fixed",NA,"o__OFGB2834",3.15748347966739,28.9303295495747,0.10914094408281,0.913090700158388,1
"fixed",NA,"o__OFGB2834:Days",-0.054595054490475,0.476105739484014,-0.114670019625563,0.908706678011609,1
"fixed",NA,"o__Candidatus_Borkfalkiales",-26.6863239998856,8.04276185055755,-3.31805472992286,0.000906467211225948,1
"fixed",NA,"o__Candidatus_Borkfalkiales:Days",0.453857642765665,0.142443009636677,3.18624019475088,0.00144134878145056,1
"fixed",NA,"o__OFGB3038",-0.992788203149824,6.17904283393673,-0.160670225119205,0.872353141624694,1
"fixed",NA,"o__OFGB3038:Days",0.0283001115546119,0.223420282319785,0.126667602693767,0.899203488553987,1
"fixed",NA,"o__OFGB79294",-44.4178451359405,42.4253209116006,-1.0469654484993,0.295115514071884,1
"fixed",NA,"o__OFGB79294:Days",0.287809864995982,0.640858629798396,0.449100396894901,0.653359234152045,1
"fixed",NA,"o__OFGB1211",42.8877099416759,86.2737197972963,0.497112099054525,0.619110003016819,1
"fixed",NA,"o__OFGB1211:Days",-0.699833690006508,2.31651588422759,-0.302106147758991,0.762571146051393,1
"fixed",NA,"o__OFGB2954",7464.59439171389,4392941392.6442,1.69922467078961e-06,0.99999864421487,1
"fixed",NA,"o__OFGB2954:Days",-6364.5864270176,43192965.3322518,-0.000147352384307479,0.999882429807989,1
"fixed",NA,"o__Pasteurellales",4.08288939695623,36.6234645205654,0.111482882638357,0.911233438657544,1
"fixed",NA,"o__Pasteurellales:Days",-0.779090125014014,6.64342246478592,-0.117272404268079,0.906644192317838,1
"fixed",NA,"o__OFGB79291",1.69142451837674,154.900848767364,0.0109194012288272,0.991287751478375,1
"fixed",NA,"o__OFGB79291:Days",-0.271949704541262,2.58365165982575,-0.105257883162006,0.91617118163675,1
"fixed",NA,"o__OFGB83839",-1165.46466894426,1208553980.74556,-9.64346390407228e-07,0.999999230562904,1
"fixed",NA,"o__OFGB83839:Days",-11.003828978577,9471729.33782793,-1.16175500651504e-06,0.999999073053617,1
"fixed",NA,"o__OFGB32970",7081.2248304035,1179576592.33889,6.00319205755238e-06,0.999995210145742,1
"fixed",NA,"o__OFGB32970:Days",-78.7690105268236,9143486.02638701,-8.6147679669992e-06,0.999993126409644,1
"fixed",NA,"o__OFGB1359",-200.718511677371,697.934519102123,-0.287589317025888,0.773661123344244,1
"fixed",NA,"o__OFGB1359:Days",-0.728903645104956,28.5277729541925,-0.0255506676344966,0.979615734732819,1
"fixed",NA,"f__FGB658",1.29369445964214,5.66866868945753,0.228218393156073,0.819476463040074,1
"fixed",NA,"f__FGB658:Days",-0.0167792805121485,0.0695437949843993,-0.241276457747418,0.80934085596941,1
"fixed",NA,"f__FGB4806",0.0472273653099561,0.845892428213835,0.055831408031019,0.955476113968027,1
"fixed",NA,"f__FGB4806:Days",-0.00295446090356875,0.0200473450172695,-0.147374173538874,0.882836689450788,1
"fixed",NA,"f__FGB1354",-2.09692211551417,0.755448953276275,-2.77572972524499,0.00550779734769206,1
"fixed",NA,"f__FGB1354:Days",0.00687186906476788,0.0128954169040654,0.532892353608316,0.594108098592448,1
"fixed",NA,"f__FGB1458",-8749.07909419359,25955875.739984,-0.000337075087808191,0.9997310529967,1
"fixed",NA,"f__FGB1458:Days",-4628.22999484023,319989.323690943,-0.0144637012930792,0.988460038404998,1
"fixed",NA,"f__FGB4405",0.526382702253659,2.72191724492431,0.19338673989271,0.846656099455863,1
"fixed",NA,"f__FGB4405:Days",-0.00539651948100022,0.0329597707530837,-0.163730491981511,0.869943312333866,1
"fixed",NA,"f__FGB3062",-14.7736517749352,41.3659761616042,-0.357145005286932,0.720983253827973,1
"fixed",NA,"f__FGB3062:Days",-0.0695460475085836,0.659771160687416,-0.1054093474412,0.916050999202059,1
"fixed",NA,"f__FGB2982",1.56484292397872,6.78160550312988,0.230748150014994,0.817510464451702,1
"fixed",NA,"f__FGB2982:Days",-0.0158057027239976,0.0807526125474044,-0.195729924090309,0.844821561366248,1
"fixed",NA,"f__Barnesiellaceae",-0.3292766499639,1.97397050649289,-0.166809305853773,0.867520096270153,1
"fixed",NA,"f__Barnesiellaceae:Days",0.00206852222862118,0.0280555540963084,0.0737295090134525,0.941225617887123,1
"fixed",NA,"f__Eubacteriales_incertae_sedis",-0.131076176853798,1.39267852355613,-0.0941180427763774,0.925015387938387,1
"fixed",NA,"f__Eubacteriales_incertae_sedis:Days",0.00204819540896765,0.0256853408041076,0.0797418038790479,0.936442610608589,1
"fixed",NA,"f__FGB2880",-426.522806886297,317029780.801214,-1.34537142160073e-06,0.999998926548914,1
"fixed",NA,"f__FGB38642",-15.7574387268236,6.65801358254409,-2.36668768116309,0.0179480715722295,1
"fixed",NA,"f__FGB38642:Days",0.0734429980943827,0.0710320272816378,1.03394202453473,0.301163267212004,1
"fixed",NA,"f__FGB3023",10.9431326354721,44.0828490377046,0.248240140425415,0.803948610538419,1
"fixed",NA,"f__FGB3023:Days",-0.0598944951819314,0.675369913602735,-0.0886839848438415,0.929333060622964,1
"fixed",NA,"f__FGB3070",-45.1238456048483,23.5970133605902,-1.91226935863886,0.0558416538876881,1
"fixed",NA,"f__FGB3070:Days",0.353921620312025,0.330646255607672,1.07039355295761,0.284442200003113,1
"fixed",NA,"f__FGB3054",0.17263313117889,2.47993666542232,0.0696119112983442,0.94450255609635,1
"fixed",NA,"f__FGB3054:Days",-0.00159606617741314,0.0390823425219346,-0.0408385494425613,0.967424606969268,1
"fixed",NA,"f__FGB1258",-947.409893121491,3337.81810555591,-0.283841079160214,0.776532172003692,1
"fixed",NA,"f__FGB1258:Days",-12128.3218251533,3837213.14187157,-0.00316071100997998,0.997478121682945,1
"fixed",NA,"f__FGB1473",-508.5252404027,468.826138315934,-1.08467766372705,0.278064444026937,1
"fixed",NA,"f__FGB1473:Days",-16.0459345945205,14.4109525321688,-1.11345412863598,0.265513438782554,1
"fixed",NA,"f__FGB2881",27179.0233097187,34497127.8777205,0.000787863366656443,0.999371376048757,1
"fixed",NA,"f__FGB2881:Days",-409.378011146417,493126.471543637,-0.000830168394458602,0.999337621531278,1
"fixed",NA,"f__FGB2834",3.15748347966739,28.9303295495747,0.10914094408281,0.913090700158388,1
"fixed",NA,"f__FGB2834:Days",-0.054595054490475,0.476105739484014,-0.114670019625563,0.908706678011609,1
"fixed",NA,"f__Candidatus_Borkfalkiaceae",-26.6863239998856,8.04276185055755,-3.31805472992286,0.000906467211225948,1
"fixed",NA,"f__Candidatus_Borkfalkiaceae:Days",0.453857642765665,0.142443009636677,3.18624019475088,0.00144134878145056,1
"fixed",NA,"f__FGB3038",-0.992788203149824,6.17904283393673,-0.160670225119205,0.872353141624694,1
"fixed",NA,"f__FGB3038:Days",0.0283001115546119,0.223420282319785,0.126667602693767,0.899203488553987,1
"fixed",NA,"f__FGB79294",-44.4178451359405,42.4253209116006,-1.0469654484993,0.295115514071884,1
"fixed",NA,"f__FGB79294:Days",0.287809864995982,0.640858629798396,0.449100396894901,0.653359234152045,1
"fixed",NA,"f__FGB1211",42.8877099416759,86.2737197972963,0.497112099054525,0.619110003016819,1
"fixed",NA,"f__FGB1211:Days",-0.699833690006508,2.31651588422759,-0.302106147758991,0.762571146051393,1
"fixed",NA,"f__FGB2954",7464.59439171389,4392941392.6442,1.69922467078961e-06,0.99999864421487,1
"fixed",NA,"f__FGB2954:Days",-6364.5864270176,43192965.3322518,-0.000147352384307479,0.999882429807989,1
"fixed",NA,"f__Pasteurellaceae",4.08288939695623,36.6234645205654,0.111482882638357,0.911233438657544,1
"fixed",NA,"f__Pasteurellaceae:Days",-0.779090125014014,6.64342246478592,-0.117272404268079,0.906644192317838,1
"fixed",NA,"f__FGB79291",1.69142451837674,154.900848767364,0.0109194012288272,0.991287751478375,1
"fixed",NA,"f__FGB79291:Days",-0.271949704541262,2.58365165982575,-0.105257883162006,0.91617118163675,1
"fixed",NA,"f__FGB83839",-1165.46466894426,1208553980.74556,-9.64346390407228e-07,0.999999230562904,1
"fixed",NA,"f__FGB83839:Days",-11.003828978577,9471729.33782793,-1.16175500651504e-06,0.999999073053617,1
"fixed",NA,"f__FGB32970",7081.2248304035,1179576592.33889,6.00319205755238e-06,0.999995210145742,1
"fixed",NA,"f__FGB32970:Days",-78.7690105268236,9143486.02638701,-8.6147679669992e-06,0.999993126409644,1
"fixed",NA,"f__FGB1359",-200.718511677371,697.934519102123,-0.287589317025888,0.773661123344244,1
"fixed",NA,"f__FGB1359:Days",-0.728903645104956,28.5277729541925,-0.0255506676344966,0.979615734732819,1
"fixed",NA,"f__Hafniaceae",9806.41538943727,1941140518.17842,5.05188331169332e-06,0.999995969180303,1
"fixed",NA,"f__Hafniaceae:Days",-513.035415074077,122509390.792739,-4.18772317578518e-06,0.999996658680333,1
"fixed",NA,"g__Segatella",0.0031036411584002,0.363844735667823,0.00853012522691467,0.993194027317036,1
"fixed",NA,"g__Segatella:Days",-0.00693869233285125,0.0512603193157044,-0.135361863240003,0.892325775289612,1
"fixed",NA,"g__Faecalibacterium",-0.0529762486726788,0.265879452784212,-0.199249126316182,0.84206787249998,1
"fixed",NA,"g__Faecalibacterium:Days",-0.000169964646384945,0.00568103643879722,-0.0299178940702112,0.976132534832734,1
"fixed",NA,"g__Wujia",2.01587502438038,12.0421665145181,0.167401357716656,0.867054256947045,1
"fixed",NA,"g__Wujia:Days",-0.0257228740143162,0.125463763370054,-0.205022337313817,0.837554673057426,1
"fixed",NA,"g__Ruminococcus",0.0624318735658814,0.519565342363714,0.120161736119375,0.904355028249856,1
"fixed",NA,"g__Ruminococcus:Days",-0.000433049597548257,0.0149281947683226,-0.0290088389298873,0.976857541115521,1
"fixed",NA,"g__GGB1627",1.29369445964214,5.66866868945753,0.228218393156073,0.819476463040074,1
"fixed",NA,"g__GGB1627:Days",-0.0167792805121485,0.0695437949843993,-0.241276457747418,0.80934085596941,1
"fixed",NA,"g__GGB51647",0.0472273653099561,0.845892428213835,0.055831408031019,0.955476113968027,1
"fixed",NA,"g__GGB51647:Days",-0.00295446090356875,0.0200473450172695,-0.147374173538874,0.882836689450788,1
"fixed",NA,"g__Oscillibacter",-0.154180664296145,1.35868075517133,-0.113478213119095,0.909651434910539,1
"fixed",NA,"g__Oscillibacter:Days",-0.00864609589091316,0.0322231557183514,-0.268319340491817,0.788453520319313,1
"fixed",NA,"g__Oscillospiraceae_unclassified",-0.0275519993813972,0.613503346127197,-0.044909289501552,0.964179612365281,1
"fixed",NA,"g__Oscillospiraceae_unclassified:Days",-0.00155535246278865,0.0152802262645072,-0.101788575369555,0.918924494081939,1
"fixed",NA,"g__GGB3278",-57.1567644084582,16.9136142585458,-3.37933474979063,0.000726614750797424,1
"fixed",NA,"g__GGB3278:Days",0.313076298242926,0.16275571476777,1.92359634615376,0.0544051994135293,1
"fixed",NA,"g__GGB3304",-2.09692211551417,0.755448953276275,-2.77572972524499,0.00550779734769206,1
"fixed",NA,"g__GGB3304:Days",0.00687186906476788,0.0128954169040654,0.532892353608316,0.594108098592448,1
"fixed",NA,"g__Lachnospira",-10.0800554469698,3.55546517571995,-2.83508766048557,0.00458131129690186,1
"fixed",NA,"g__Lachnospira:Days",0.122155213498084,0.0682832247088336,1.78894910161268,0.0736230130196537,1
"fixed",NA,"g__GGB1458",-8749.07909419359,25955875.739984,-0.000337075087808191,0.9997310529967,1
"fixed",NA,"g__GGB1458:Days",-4628.22999484023,319989.323690943,-0.0144637012930792,0.988460038404998,1
"fixed",NA,"g__GGB3345",7.20099374525297,47.9244754914311,0.150257121677639,0.880561760798933,1
"fixed",NA,"g__GGB3345:Days",-0.0961298288819985,0.584534812890432,-0.164455267269116,0.869372758773461,1
"fixed",NA,"g__Ligilactobacillus",-0.0097832561991015,3.57548816094983,-0.00273620153632464,0.997816829763081,1
"fixed",NA,"g__Ligilactobacillus:Days",-0.0197994655036417,0.130701674565154,-0.15148593596459,0.879592404282883,1
"fixed",NA,"g__GGB1266",0.526382702253659,2.72191724492431,0.19338673989271,0.846656099455863,1
"fixed",NA,"g__GGB1266:Days",-0.00539651948100022,0.0329597707530837,-0.163730491981511,0.869943312333866,1
"fixed",NA,"g__Enterobacter",-30.5744233930756,10.5269101351171,-2.9044062313291,0.00367950402250169,1
"fixed",NA,"g__Enterobacter:Days",-0.0410898916848804,0.432301104141377,-0.0950492406594517,0.924275715540548,1
"fixed",NA,"g__GGB9747",-14.7736517749352,41.3659761616042,-0.357145005286932,0.720983253827973,1
"fixed",NA,"g__GGB9747:Days",-0.0695460475085836,0.659771160687416,-0.1054093474412,0.916050999202059,1
"fixed",NA,"g__GGB9634",-35.6445165122586,12.3058195672905,-2.89655770729839,0.0037728124674399,1
"fixed",NA,"g__GGB9634:Days",-0.0897271002567086,0.384057032206918,-0.233629624592752,0.815272527025862,1
"fixed",NA,"g__GGB33469",-11.0495847108088,0.00169320104090446,-6525.85513702873,0,0
"fixed",NA,"g__GGB33469:Days",-0.408867795784278,0.00169502953167085,-241.215735858739,0,0
"fixed",NA,"g__GGB9635",0.428896990261182,2.25273893178919,0.190389123306241,0.849004220139955,1
"fixed",NA,"g__GGB9635:Days",-0.0148239329787686,0.0557853893154088,-0.265731460525525,0.790446032212483,1
"fixed",NA,"g__GGB9715",-0.0425147039060754,1.05615116627782,-0.0402543738657311,0.967890328651971,1
"fixed",NA,"g__GGB9715:Days",-0.0096219324393047,0.0412386155300966,-0.233323362475213,0.815510318548784,1
"fixed",NA,"g__Sutterella",-0.305557539174911,1.53856289766583,-0.198599316049071,0.842576188667555,1
"fixed",NA,"g__Sutterella:Days",0.00922453419531614,0.0418406683089498,0.220468137057529,0.825506584831061,1
"fixed",NA,"g__GGB9342",1.56484292397872,6.78160550312988,0.230748150014994,0.817510464451702,1
"fixed",NA,"g__GGB9342:Days",-0.0158057027239976,0.0807526125474044,-0.195729924090309,0.844821561366248,1
"fixed",NA,"g__GGB9602",0.521082314299668,2.92979090285342,0.177856485864629,0.858835685154495,1
"fixed",NA,"g__GGB9602:Days",-0.0176557139389156,0.0934767094601317,-0.188878214058721,0.850188268892549,1
"fixed",NA,"g__Barnesiella",-0.406501920325932,1.94917142778301,-0.208551138464147,0.834798657580108,1
"fixed",NA,"g__Barnesiella:Days",0.00270075420266617,0.0275216318964332,0.0981320516468424,0.921827436812638,1
"fixed",NA,"g__Candidatus_Cibionibacter",-0.131076176853798,1.39267852355613,-0.0941180427763774,0.925015387938387,1
"fixed",NA,"g__Candidatus_Cibionibacter:Days",0.00204819540896765,0.0256853408041076,0.0797418038790479,0.936442610608589,1
"fixed",NA,"g__GGB13489",8.74412678604525,44.6784979705333,0.195712192290176,0.844835440893937,1
"fixed",NA,"g__GGB13489:Days",-0.158026384837496,0.755168422389949,-0.209259789143958,0.834245440435031,1
"fixed",NA,"g__GGB9184",-426.522806886297,317029780.801214,-1.34537142160073e-06,0.999998926548914,1
"fixed",NA,"g__GGB9708",-5.16028656003264,1.69093004364982,-3.0517445588076,0.00227515626268819,1
"fixed",NA,"g__GGB9708:Days",-0.0536584861450907,0.0359500655878835,-1.49258381779352,0.135546161844217,1
"fixed",NA,"g__GGB9758",-15.7654214728431,6.60238497860238,-2.38783735331052,0.0169478403439428,1
"fixed",NA,"g__GGB9758:Days",0.0737487481280214,0.0720128273332256,1.02410571642692,0.305785344669313,1
"fixed",NA,"g__Lawsonibacter",-1.35025452349353,5.17025153508232,-0.26115838162447,0.793970371284685,1
"fixed",NA,"g__Lawsonibacter:Days",0.0186185250594514,0.0999868287101406,0.186209776823966,0.852280257251655,1
"fixed",NA,"g__GGB9502",2.67193348250501,32.940146065469,0.0811148037168537,0.935350652819446,1
"fixed",NA,"g__GGB9502:Days",-0.0115793900187822,0.5612195013437,-0.0206325510625668,0.983538773995407,1
"fixed",NA,"g__Kineothrix",3.25465898239702,11.5368902101474,0.282108863230261,0.777860037268154,1
"fixed",NA,"g__Kineothrix:Days",-0.0291104953330118,0.189745780249555,-0.153418406958645,0.878068330065879,1
"fixed",NA,"g__Butyricimonas",-0.193501080629783,8.37366121081997,-0.0231083006295683,0.981563884510361,1
"fixed",NA,"g__Butyricimonas:Days",0.0260129889422786,0.186816725211963,0.139243362245882,0.889257844119585,1
"fixed",NA,"g__GGB9627",4.55466873017089,28.2090934300849,0.161461010487964,0.871730317518941,1
"fixed",NA,"g__GGB9627:Days",-0.0766248285841641,0.398416388214323,-0.192323485807378,0.847488822770054,1
"fixed",NA,"g__GGB9775",2.82318293017572,42.4853784116266,0.0664506951738277,0.947019010446561,1
"fixed",NA,"g__GGB9775:Days",-0.00176518758026341,0.585211485532671,-0.00301632422449245,0.997593325120309,1
"fixed",NA,"g__GGB9760",-3.16732680802111,18.1523775563664,-0.174485507376981,0.861483919499915,1
"fixed",NA,"g__GGB9760:Days",-0.118139643911507,0.447447790931052,-0.264030008206502,0.791756795756094,1
"fixed",NA,"g__Vescimonas",-12.1223658892948,3.94063215393111,-3.07624904222582,0.00209622679774055,1
"fixed",NA,"g__Vescimonas:Days",0.135154470713885,0.122987502460772,1.09892849281164,0.271799257393178,1
"fixed",NA,"g__Coprobacter",1.02783266709727,9.95755511825168,0.103221388673341,0.917787264874701,1
"fixed",NA,"g__Coprobacter:Days",-0.072908317940113,0.500507169673768,-0.145668878205351,0.884182790849692,1
"fixed",NA,"g__GGB3619",-13.942058064755,65.9322200880672,-0.211460467221221,0.832527977279429,1
"fixed",NA,"g__GGB3619:Days",-0.0156291242556456,0.933821072674412,-0.0167367440219406,0.986646633770738,1
"fixed",NA,"g__GGB3052",-2071.24832960541,377390425.055466,-5.48834361470881e-06,0.999995620935365,1
"fixed",NA,"g__GGB3052:Days",-887.592355314702,5710514.02874415,-0.000155431253797288,0.999875983802828,1
"fixed",NA,"g__Paeniclostridium",2379.42995595905,3280806620.55954,7.25257606177727e-07,0.999999421328153,1
"fixed",NA,"g__Paeniclostridium:Days",-1256.52415872332,28772951.4639712,-4.3670325593699e-05,0.999965156121455,1
"fixed",NA,"g__GGB3730",-508.5252404027,468.826138315934,-1.08467766372705,0.278064444026937,1
"fixed",NA,"g__GGB3730:Days",-16.0459345945205,14.4109525321688,-1.11345412863598,0.265513438782554,1
"fixed",NA,"g__GGB9185",2326.2876710952,1416742622.11218,1.64199737820198e-06,0.999998689875643,1
"fixed",NA,"g__GGB9185:Days",-82.195108689668,17500849.2015636,-4.69663544568594e-06,0.99999625262709,1
"fixed",NA,"g__GGB9616",-260.41737653013,231562430.540524,-1.1246097906394e-06,0.999999102691211,1
"fixed",NA,"g__GGB9616:Days",-14530.7019370106,4117156.95378342,-0.00352930483343796,0.997184028008989,1
"fixed",NA,"g__GGB34228",-40730.3983739231,1028157490.11619,-3.96149410625021e-05,0.999968391850157,1
"fixed",NA,"g__GGB34228:Days",-3482.56628605401,11262138.8861861,-0.000309227787123603,0.999753271926815,1
"fixed",NA,"g__GGB9608",9218.71096886511,291492440.653488,3.16259006518247e-05,0.999974766182153,1
"fixed",NA,"g__GGB9608:Days",-433.017865276591,9232624.22429796,-4.69008436558045e-05,0.999962578540972,1
"fixed",NA,"g__GGB9383",-2998.85268149597,1221049199.41778,-2.45596384070838e-06,0.99999804042437,1
"fixed",NA,"g__Frisingicoccus",-0.0274317247486448,28.0996690230176,-0.000976229461143273,0.999221081708874,1
"fixed",NA,"g__Frisingicoccus:Days",0.184633124955552,1.12091475301036,0.164716473273008,0.869167150294424,1
"fixed",NA,"g__GGB79104",1989.2683992065,15502325771.8757,1.28320642236498e-07,0.999999897614941,1
"fixed",NA,"g__GGB79104:Days",-290.228614452249,114085781.083941,-2.54395080346346e-06,0.99999797022093,1
"fixed",NA,"g__GGB9064",91.7426829792719,1702.67307340009,0.0538815609482037,0.957029527553971,1
"fixed",NA,"g__GGB9064:Days",-1.0059186074372,14.8043216230832,-0.0679476326607738,0.945827320960696,1
"fixed",NA,"g__Senegalimassilia",44.4267021630129,1606.86717516082,0.0276480239622585,0.977942878705486,1
"fixed",NA,"g__Senegalimassilia:Days",-0.861677248892028,23.8429366946436,-0.0361397280849891,0.971170944574458,1
"fixed",NA,"g__GGB9707",0.152556975713985,26.2712464676838,0.00580699419426654,0.995366715027711,1
"fixed",NA,"g__GGB9707:Days",-0.105750994664491,0.92548923640283,-0.114264964415493,0.909027754898098,1
"fixed",NA,"g__GGB3653",-3.76609394336135,11.5617958734878,-0.325736069428221,0.744624051833611,1
"fixed",NA,"g__GGB3653:Days",0.0456546740263776,0.176921753745933,0.258050087452443,0.796368251661026,1
"fixed",NA,"g__Candidatus_Borkfalkia",-26.0312633709841,8.37197689868027,-3.10933291933564,0.00187510303738564,1
"fixed",NA,"g__Candidatus_Borkfalkia:Days",0.235005889486545,0.186574090768221,1.25958480365042,0.207819180320432,1
"fixed",NA,"g__GGB9533",3327.15091018372,2080303877.01087,1.59935812596975e-06,0.999998723896844,1
"fixed",NA,"g__GGB9533:Days",-43.1549098622305,27043624.1903791,-1.59575172167874e-06,0.999998726774338,1
"fixed",NA,"g__GGB4487",-727.122468941752,836.092498874428,-0.869667494829371,0.384482140861342,1
"fixed",NA,"g__GGB2977",-978.308679730097,22186275559.3176,-4.40952190066545e-08,0.999999964817106,1
"fixed",NA,"g__GGB2977:Days",-1274.1094297043,173559818.856334,-7.34103917657894e-06,0.999994142698181,1
"fixed",NA,"g__GGB3722",3.34252679253332,30.3806974557236,0.110021397547066,0.912392405141345,1
"fixed",NA,"g__GGB3722:Days",-0.183784285389337,1.25056206826994,-0.146961346463666,0.883162530038428,1
"fixed",NA,"g__GGB87445",12.4947294638911,955.726012440947,0.0130735475452628,0.989569115396598,1
"fixed",NA,"g__GGB87445:Days",1.68052740430871,13.1971618821287,0.1273400613949,0.898671253969319,1
"fixed",NA,"g__GGB2970",42.8877099416759,86.2737197972963,0.497112099054525,0.619110003016819,1
"fixed",NA,"g__GGB2970:Days",-0.699833690006508,2.31651588422759,-0.302106147758991,0.762571146051393,1
"fixed",NA,"g__Faecalicatena",3.12904132499802,9.03013617318401,0.346510978903071,0.728958734721493,1
"fixed",NA,"g__Faecalicatena:Days",-0.0370160766298855,0.116210318040698,-0.318526592595007,0.7500855262699,1
"fixed",NA,"g__Faecalibacillus",2.36559592477236,21.5467075572973,0.109789206470721,0.912576551283842,1
"fixed",NA,"g__Faecalibacillus:Days",0.110989410824819,0.712874615508385,0.15569275214782,0.876275210449414,1
"fixed",NA,"g__GGB9297",7464.59439171389,4392941392.6442,1.69922467078961e-06,0.99999864421487,1
"fixed",NA,"g__GGB9297:Days",-6364.5864270176,43192965.3322518,-0.000147352384307479,0.999882429807989,1
"fixed",NA,"g__Haemophilus",4.08288939695623,36.6234645205654,0.111482882638357,0.911233438657544,1
"fixed",NA,"g__Haemophilus:Days",-0.779090125014014,6.64342246478592,-0.117272404268079,0.906644192317838,1
"fixed",NA,"g__Intestinimonas",0.710005964698047,4.77534613049704,0.148681570988896,0.881804903809053,1
"fixed",NA,"g__Intestinimonas:Days",0.0249468557779629,0.180791900534099,0.137986578515213,0.890251024867563,1
"fixed",NA,"g__GGB9522",1.69142451837674,154.900848767364,0.0109194012288272,0.991287751478375,1
"fixed",NA,"g__GGB9522:Days",-0.271949704541262,2.58365165982575,-0.105257883162006,0.91617118163675,1
"fixed",NA,"g__GGB3328",-1165.46466894426,1208553980.74556,-9.64346390407228e-07,0.999999230562904,1
"fixed",NA,"g__GGB3328:Days",-11.003828978577,9471729.33782793,-1.16175500651504e-06,0.999999073053617,1
"fixed",NA,"g__GGB9597",-154.057333111811,5292155.4049434,-2.91105081623086e-05,0.999976773174983,1
"fixed",NA,"g__GGB9597:Days",-1084.1122847406,59678861.3722013,-1.81657669032805e-05,0.999985505815054,1
"fixed",NA,"g__Anaeromassilibacillus",8.71884802691193,60.4914077142682,0.144133660570366,0.885394924937481,1
"fixed",NA,"g__Anaeromassilibacillus:Days",0.35043449284914,2.99784293109204,0.116895548200548,0.90694282598942,1
"fixed",NA,"g__GGB3819",-18.4225686229369,49.1372536714193,-0.37492059987985,0.70771951821188,1
"fixed",NA,"g__GGB3819:Days",0.265132321440448,0.707328613527742,0.374836131848424,0.707782340812359,1
"fixed",NA,"g__GGB51884",7081.2248304035,1179576592.33889,6.00319205755238e-06,0.999995210145742,1
"fixed",NA,"g__GGB51884:Days",-78.7690105268236,9143486.02638701,-8.6147679669992e-06,0.999993126409644,1
"fixed",NA,"g__GGB3321",-200.718511677371,697.934519102123,-0.287589317025888,0.773661123344244,1
"fixed",NA,"g__GGB3321:Days",-0.728903645104956,28.5277729541925,-0.0255506676344966,0.979615734732819,1
"fixed",NA,"g__GGB9563",111955.896588132,1495.67853089115,74.8529140960701,0,0
"fixed",NA,"g__GGB9563:Days",-887.250473815808,1495.67641891276,-0.593210177413086,0.553040502355656,1
"fixed",NA,"g__Colidextribacter",-83.9789014605133,28.5472672575872,-2.94174922954118,0.00326364099883345,1
"fixed",NA,"g__Colidextribacter:Days",3.69773972798295,7.22481359407853,0.511811091017438,0.608783227335536,1
"fixed",NA,"g__Hafnia",9806.41538943727,1941140518.17842,5.05188331169332e-06,0.999995969180303,1
"fixed",NA,"g__Hafnia:Days",-513.035415074077,122509390.792739,-4.18772317578518e-06,0.999996658680333,1
"fixed",NA,"s__Segatella_copri",-1.17856387896891,0.631101048870844,-1.86747254037618,0.0618356280017008,1
"fixed",NA,"s__Segatella_copri:Days",-0.00721778509203805,0.00389068044498319,-1.85514724072109,0.0635752033394296,1
"fixed",NA,"s__Faecalibacterium_prausnitzii",-0.0371294162465608,0.285783815622555,-0.129921339897004,0.896628660588902,1
"fixed",NA,"s__Faecalibacterium_prausnitzii:Days",-0.000379257895180646,0.0060350965404948,-0.0628420593831215,0.949892273492086,1
"fixed",NA,"s__Wujia_chipingensis",2.01587502438038,12.0421665145181,0.167401357716656,0.867054256947045,1
"fixed",NA,"s__Wujia_chipingensis:Days",-0.0257228740143162,0.125463763370054,-0.205022337313817,0.837554673057426,1
"fixed",NA,"s__GGB1627_SGB2230",1.29369445964214,5.66866868945753,0.228218393156073,0.819476463040074,1
"fixed",NA,"s__GGB1627_SGB2230:Days",-0.0167792805121485,0.0695437949843993,-0.241276457747418,0.80934085596941,1
"fixed",NA,"s__GGB51647_SGB4348",0.0472273653099561,0.845892428213835,0.055831408031019,0.955476113968027,1
"fixed",NA,"s__GGB51647_SGB4348:Days",-0.00295446090356875,0.0200473450172695,-0.147374173538874,0.882836689450788,1
"fixed",NA,"s__Ruminococcus_bicirculans",0.061541577550046,0.890014924782019,0.0691466803942851,0.944872864338329,1
"fixed",NA,"s__Ruminococcus_bicirculans:Days",-0.00234242232416333,0.0300144914449461,-0.0780430455888252,0.937793811960698,1
"fixed",NA,"s__Oscillospiraceae_bacterium_CLA_AA_H250",-0.675362229224918,1.62367991665005,-0.415945422678082,0.677449940504577,1
"fixed",NA,"s__Oscillospiraceae_bacterium_CLA_AA_H250:Days",-0.00562635154024787,0.0451492012794084,-0.124616856573583,0.900826882811397,1
"fixed",NA,"s__GGB3278_SGB4328",-57.1567644084582,16.9136142585458,-3.37933474979063,0.000726614750797424,1
"fixed",NA,"s__GGB3278_SGB4328:Days",0.313076298242926,0.16275571476777,1.92359634615376,0.0544051994135293,1
"fixed",NA,"s__Phocaeicola_plebeius",0.199692751539441,0.852846882374722,0.234148421793375,0.814869755424322,1
"fixed",NA,"s__Phocaeicola_plebeius:Days",-0.00445808583721615,0.0129001120240468,-0.34558504832407,0.729654584126775,1
"fixed",NA,"s__GGB3304_SGB4367",0.114713000637955,1.65045178020595,0.0695040000645406,0.944588448764517,1
"fixed",NA,"s__GGB3304_SGB4367:Days",-0.00189855320771707,0.0270618652014146,-0.0701560366806436,0.944069465709152,1
"fixed",NA,"s__Faecalibacterium_sp_HTFF",-2.85715359209171,1.08324593113238,-2.63758534417477,0.00834986119385237,1
"fixed",NA,"s__Faecalibacterium_sp_HTFF:Days",0.0184082452062158,0.0584655452496558,0.314856299169195,0.752870763407251,1
"fixed",NA,"s__GGB1458_SGB2021",-8749.07909419359,25955875.739984,-0.000337075087808191,0.9997310529967,1
"fixed",NA,"s__GGB1458_SGB2021:Days",-4628.22999484023,319989.323690943,-0.0144637012930792,0.988460038404998,1
"fixed",NA,"s__GGB3345_SGB4425",7.20099374525297,47.9244754914311,0.150257121677639,0.880561760798933,1
"fixed",NA,"s__GGB3345_SGB4425:Days",-0.0961298288819985,0.584534812890432,-0.164455267269116,0.869372758773461,1
"fixed",NA,"s__Ligilactobacillus_animalis",5.87598212177931,38.5432840322659,0.152451517023311,0.878830827181924,1
"fixed",NA,"s__Ligilactobacillus_animalis:Days",-0.095564592227336,0.528181300912265,-0.180931418931868,0.856421407087726,1
"fixed",NA,"s__GGB1266_SGB1699",0.526382702253659,2.72191724492431,0.19338673989271,0.846656099455863,1
"fixed",NA,"s__GGB1266_SGB1699:Days",-0.00539651948100022,0.0329597707530837,-0.163730491981511,0.869943312333866,1
"fixed",NA,"s__Enterobacter_hormaechei",-57.2368505126348,21.8134914299727,-2.62391972859461,0.00869242687509134,1
"fixed",NA,"s__Enterobacter_hormaechei:Days",0.345777962188154,0.152384004510201,2.26912242724929,0.0232608818849114,1
"fixed",NA,"s__Ruminococcus_bromii",0.12895304841552,0.913347665742747,0.141187253498539,0.887722015440876,1
"fixed",NA,"s__Ruminococcus_bromii:Days",5.58852364421799e-05,0.0224734507497502,0.0024867225360485,0.998015884526378,1
"fixed",NA,"s__GGB9747_SGB15356",-14.7736517749352,41.3659761616042,-0.357145005286932,0.720983253827973,1
"fixed",NA,"s__GGB9747_SGB15356:Days",-0.0695460475085836,0.659771160687416,-0.1054093474412,0.916050999202059,1
"fixed",NA,"s__Oscillibacter_sp_ER4",0.842452044665303,3.20305269714453,0.263015355762437,0.792538743503136,1
"fixed",NA,"s__Oscillibacter_sp_ER4:Days",-0.0160241494725006,0.0737888467678049,-0.217162215895914,0.828081929365902,1
"fixed",NA,"s__GGB9634_SGB15101",-453.328706876566,0.00429783658125389,-105478.349003281,0,0
"fixed",NA,"s__GGB9634_SGB15101:Days",2.81720137332628,0.0030904112995753,911.594315524742,0,0
"fixed",NA,"s__GGB33469_SGB15236",-15.3215941780317,0.00485796995554886,-3153.90879693093,0,0
"fixed",NA,"s__GGB33469_SGB15236:Days",-1.00117248468586,0.00485798289788983,-206.088103999037,0,0
"fixed",NA,"s__Lachnospira_pectinoschiza",-20.1068506215606,6.76481798434073,-2.97226779317702,0.00295608724235859,1
"fixed",NA,"s__Lachnospira_pectinoschiza:Days",0.234695309216832,0.105205958095394,2.23081765962365,0.0256932096848515,1
"fixed",NA,"s__GGB9635_SGB15106",0.267882673158079,2.37744557365943,0.112676679595128,0.910286890473846,1
"fixed",NA,"s__GGB9635_SGB15106:Days",-0.0149926431870735,0.0561463606038928,-0.267027871901532,0.789447701331621,1
"fixed",NA,"s__Clostridiaceae_bacterium_Marseille_Q4149",-8.83268593448851,33.2153764924575,-0.265921596176826,0.790299592394399,1
"fixed",NA,"s__Clostridiaceae_bacterium_Marseille_Q4149:Days",0.164138501948517,0.487427408711098,0.336744505982024,0.736309509865171,1
"fixed",NA,"s__Clostridium_sp_AF36_4",-2.6547477935271,6.63554162219807,-0.400080045409722,0.689097561054709,1
"fixed",NA,"s__Clostridium_sp_AF36_4:Days",0.0189607495931814,0.0987781687612246,0.191952835641396,0.84777915003147,1
"fixed",NA,"s__Faecalibacterium_SGB15346",1.98057863359207,7.75600712087344,0.255360600206492,0.798444598681602,1
"fixed",NA,"s__Faecalibacterium_SGB15346:Days",-0.0284764929737629,0.109162753901677,-0.260862720625496,0.794198374313769,1
"fixed",NA,"s__Sutterella_sp_AM11_39",2.01736677103098,12.3014261043501,0.163994544528263,0.869735438504482,1
"fixed",NA,"s__Sutterella_sp_AM11_39:Days",-0.0217313151108038,0.143502706612899,-0.15143487968784,0.879632676708614,1
"fixed",NA,"s__Clostridium_perfringens",-4.1210928770816,44.6965771630313,-0.0922015317202,0.926537921093961,1
"fixed",NA,"s__Clostridium_perfringens:Days",-0.0962251684265773,1.55366985345657,-0.0619341156761829,0.950615299256046,1
"fixed",NA,"s__GGB9715_SGB15260",0.58482826975312,3.36952043253341,0.173564244960939,0.86220793384446,1
"fixed",NA,"s__GGB9715_SGB15260:Days",-0.0198473225765805,0.0758779510072658,-0.261569037027371,0.79365371795648,1
"fixed",NA,"s__Oscillibacter_sp_MSJ_31",-4.5970840553857,1.80714939886392,-2.54383177078536,0.0109643876989869,1
"fixed",NA,"s__Oscillibacter_sp_MSJ_31:Days",0.00798368869397645,0.0534180546341408,0.149456747323664,0.881193236606473,1
"fixed",NA,"s__Lachnospira_eligens",-12.741123844677,3.89612171668863,-3.27020682903764,0.00107468875599409,1
"fixed",NA,"s__Lachnospira_eligens:Days",0.17162533462314,0.210533163810579,0.815193822753524,0.414961373217391,1
"fixed",NA,"s__GGB9342_SGB14306",1.56484292397872,6.78160550312988,0.230748150014994,0.817510464451702,1
"fixed",NA,"s__GGB9342_SGB14306:Days",-0.0158057027239976,0.0807526125474044,-0.195729924090309,0.844821561366248,1
"fixed",NA,"s__Oscillibacter_valericigenes",-0.521222075027757,3.61304902775656,-0.144261002555893,0.88529437158287,1
"fixed",NA,"s__Oscillibacter_valericigenes:Days",-0.00521588155519721,0.0645121678874309,-0.0808511281824934,0.935560346716621,1
"fixed",NA,"s__GGB9602_SGB15031",0.549742729285522,2.99944816479313,0.183281290118057,0.85457731405584,1
"fixed",NA,"s__GGB9602_SGB15031:Days",-0.0144243286488115,0.0935656855724947,-0.154162592413599,0.877481536467338,1
"fixed",NA,"s__Roseburia_faecis",-0.263831133583728,1.5802972274737,-0.166950323646074,0.867409136214316,1
"fixed",NA,"s__Roseburia_faecis:Days",0.00548451272859203,0.0331012905568005,0.165688788453152,0.868401869616545,1
"fixed",NA,"s__Phocaeicola_massiliensis",-0.431902548307756,1.69512002052377,-0.25479172157633,0.798883969532108,1
"fixed",NA,"s__Phocaeicola_massiliensis:Days",-0.0162181216495557,0.0529592124967078,-0.306237968522736,0.759423465483147,1
"fixed",NA,"s__Barnesiella_intestinihominis",-0.406501920325932,1.94917142778301,-0.208551138464147,0.834798657580108,1
"fixed",NA,"s__Barnesiella_intestinihominis:Days",0.00270075420266617,0.0275216318964332,0.0981320516468424,0.921827436812638,1
"fixed",NA,"s__GGB9715_SGB15267",-7.68733971706589,2.41027983504287,-3.18939718338935,0.00142569844610335,1
"fixed",NA,"s__GGB9715_SGB15267:Days",0.398593504417613,0.372584960413516,1.06980567324894,0.284706788137828,1
"fixed",NA,"s__Candidatus_Cibionibacter_quicibialis",-0.131076176853798,1.39267852355613,-0.0941180427763774,0.925015387938387,1
"fixed",NA,"s__Candidatus_Cibionibacter_quicibialis:Days",0.00204819540896765,0.0256853408041076,0.0797418038790479,0.936442610608589,1
"fixed",NA,"s__Gemmiger_SGB15295",-209.756219785413,0.00181442391893067,-115604.858157422,0,0
"fixed",NA,"s__Gemmiger_SGB15295:Days",-0.703198414747192,0.00181441484395667,-387.562093139482,0,0
"fixed",NA,"s__GGB13489_SGB15224",8.74412678604525,44.6784979705333,0.195712192290176,0.844835440893937,1
"fixed",NA,"s__GGB13489_SGB15224:Days",-0.158026384837496,0.755168422389949,-0.209259789143958,0.834245440435031,1
"fixed",NA,"s__GGB9184_SGB14123",-426.522806886297,317029780.801214,-1.34537142160073e-06,0.999998926548914,1
"fixed",NA,"s__GGB9708_SGB15234",-5.42894177186153,1.70717320289783,-3.18007672721561,0.00147236061994458,1
"fixed",NA,"s__GGB9708_SGB15234:Days",0.0672276179875193,0.0297211174574157,2.2619478585838,0.0237006249843596,1
"fixed",NA,"s__GGB9758_SGB15368",-15.7654214728431,6.60238497860238,-2.38783735331052,0.0169478403439428,1
"fixed",NA,"s__GGB9758_SGB15368:Days",0.0737487481280214,0.0720128273332256,1.02410571642692,0.305785344669313,1
"fixed",NA,"s__Sutterella_SGB9281",20828.0986548753,88035989.6661554,0.000236586181786089,0.999811231540015,1
"fixed",NA,"s__Sutterella_SGB9281:Days",-299.993858288654,1242429.93933257,-0.000241457364147075,0.999807344898927,1
"fixed",NA,"s__GGB9502_SGB14899",2.67193348250501,32.940146065469,0.0811148037168537,0.935350652819446,1
"fixed",NA,"s__GGB9502_SGB14899:Days",-0.0115793900187822,0.5612195013437,-0.0206325510625668,0.983538773995407,1
"fixed",NA,"s__Lawsonibacter_asaccharolyticus",-7.52056608626802,11.221677501699,-0.670181983498401,0.502741787464389,1
"fixed",NA,"s__Lawsonibacter_asaccharolyticus:Days",0.11870689330391,0.225174924376313,0.52717634360355,0.598071134890774,1
"fixed",NA,"s__Kineothrix_SGB4886",3.25465898239702,11.5368902101474,0.282108863230261,0.777860037268154,1
"fixed",NA,"s__Kineothrix_SGB4886:Days",-0.0291104953330118,0.189745780249555,-0.153418406958645,0.878068330065879,1
"fixed",NA,"s__GGB9627_SGB15081",4.55466873017089,28.2090934300849,0.161461010487964,0.871730317518941,1
"fixed",NA,"s__GGB9627_SGB15081:Days",-0.0766248285841641,0.398416388214323,-0.192323485807378,0.847488822770054,1
"fixed",NA,"s__GGB9775_SGB15395",2.82318293017572,42.4853784116266,0.0664506951738277,0.947019010446561,1
"fixed",NA,"s__GGB9775_SGB15395:Days",-0.00176518758026341,0.585211485532671,-0.00301632422449245,0.997593325120309,1
"fixed",NA,"s__Lachnospiraceae_bacterium",-2.36652037105113,9.08710659932473,-0.260426170330938,0.794535058200131,1
"fixed",NA,"s__Lachnospiraceae_bacterium:Days",0.0359990707534197,0.377481295573066,0.0953665020640781,0.924023722258617,1
"fixed",NA,"s__Alistipes_communis",-2.17474578622178,7.04971952348913,-0.308486852416709,0.75771190301588,1
"fixed",NA,"s__Alistipes_communis:Days",0.0692163247601996,0.225013886308878,0.307609125354983,0.758379775670283,1
"fixed",NA,"s__Vescimonas_fastidiosa",-328.890448160135,258293939.012761,-1.27331848907181e-06,0.999998984038837,1
"fixed",NA,"s__Vescimonas_fastidiosa:Days",-549.055814607932,4019544.85480482,-0.000136596513894256,0.999891011750843,1
"fixed",NA,"s__Coprobacter_fastidiosus",0.96460927376472,9.81456877648294,0.0982834086481779,0.921707252372865,1
"fixed",NA,"s__Coprobacter_fastidiosus:Days",-0.071004022400988,0.495834365014688,-0.143201091757496,0.886131367611461,1
"fixed",NA,"s__GGB3619_SGB4894",-13.942058064755,65.9322200880672,-0.211460467221221,0.832527977279429,1
"fixed",NA,"s__GGB3619_SGB4894:Days",-0.0156291242556456,0.933821072674412,-0.0167367440219406,0.986646633770738,1
"fixed",NA,"s__GGB3052_SGB4053",-2071.24832960541,377390425.055466,-5.48834361470881e-06,0.999995620935365,1
"fixed",NA,"s__GGB3052_SGB4053:Days",-887.592355314702,5710514.02874415,-0.000155431253797288,0.999875983802828,1
"fixed",NA,"s__GGB9760_SGB15374",13.699196375174,114.368906985915,0.119780775528974,0.904656811191534,1
"fixed",NA,"s__GGB9760_SGB15374:Days",-0.325012216733236,1.74604103264103,-0.186142370458287,0.852333115688742,1
"fixed",NA,"s__Roseburia_inulinivorans",0.296444891671905,7.09396159688958,0.0417883417640553,0.966667428820348,1
"fixed",NA,"s__Roseburia_inulinivorans:Days",0.00296217272256153,0.160866057999289,0.0184139075663471,0.985308657690569,1
"fixed",NA,"s__Butyricimonas_faecalis",-5993.32060595185,380743737.857135,-1.57410877974852e-05,0.999987440429077,1
"fixed",NA,"s__Butyricimonas_faecalis:Days",23.0199272796009,5726827.11198988,4.01966513558713e-06,0.999996792771249,1
"fixed",NA,"s__Clostridiales_bacterium_KLE1615",-3.86899142849065,9.48430097710048,-0.407936382220703,0.683320381367682,1
"fixed",NA,"s__Clostridiales_bacterium_KLE1615:Days",0.0851979771772348,0.25589939549186,0.33293543743422,0.739183018749784,1
"fixed",NA,"s__Paeniclostridium_sordellii",2379.42995595905,3280806620.55954,7.25257606177727e-07,0.999999421328153,1
"fixed",NA,"s__Paeniclostridium_sordellii:Days",-1256.52415872332,28772951.4639712,-4.3670325593699e-05,0.999965156121455,1
"fixed",NA,"s__GGB3730_SGB5060",-508.5252404027,468.826138315934,-1.08467766372705,0.278064444026937,1
"fixed",NA,"s__GGB3730_SGB5060:Days",-16.0459345945205,14.4109525321688,-1.11345412863598,0.265513438782554,1
"fixed",NA,"s__GGB9185_SGB14124",2326.2876710952,1416742622.11218,1.64199737820198e-06,0.999998689875643,1
"fixed",NA,"s__GGB9185_SGB14124:Days",-82.195108689668,17500849.2015636,-4.69663544568594e-06,0.99999625262709,1
"fixed",NA,"s__GGB34228_SGB72916",-3974.68654815327,11714303637.8156,-3.39301991056673e-07,0.99999972927618,1
"fixed",NA,"s__GGB34228_SGB72916:Days",-1999.47803687049,89369638.4192269,-2.23731243880732e-05,0.999982148829475,1
"fixed",NA,"s__Butyricimonas_virosa",3.99250428431392,19.0783878376495,0.209268430765155,0.834238694749518,1
"fixed",NA,"s__Butyricimonas_virosa:Days",-0.0298183497573934,0.326228615472804,-0.0914032317924579,0.927172193902023,1
"fixed",NA,"s__GGB9608_SGB15043",1707.86605555517,1672.18503792723,1.02133796010529,0.307094347543428,1
"fixed",NA,"s__GGB9608_SGB15043:Days",-1251.75767325518,1672.18515848895,-0.748575997640308,0.454112803435659,1
"fixed",NA,"s__GGB9616_SGB15051",-572.120312887759,234238307.862041,-2.44247116583817e-06,0.999998051189967,1
"fixed",NA,"s__GGB9616_SGB15051:Days",-818.171547022632,4173038.03538331,-0.000196061368261044,0.999843565662297,1
"fixed",NA,"s__GGB9383_SGB72489",-2998.85268149597,1221049199.41778,-2.45596384070838e-06,0.99999804042437,1
"fixed",NA,"s__Frisingicoccus_SGB4674",-1.91554066618501,30.4770881893078,-0.0628518267324841,0.949884495650226,1
"fixed",NA,"s__Frisingicoccus_SGB4674:Days",0.202197593363781,1.09994163790235,0.183825747109076,0.854150157050544,1
"fixed",NA,"s__GGB79104_SGB105821",1989.2683992065,15502325771.8757,1.28320642236498e-07,0.999999897614941,1
"fixed",NA,"s__GGB79104_SGB105821:Days",-290.228614452249,114085781.083941,-2.54395080346346e-06,0.99999797022093,1
"fixed",NA,"s__GGB9064_SGB13983",91.7426829792719,1702.67307340009,0.0538815609482037,0.957029527553971,1
"fixed",NA,"s__GGB9064_SGB13983:Days",-1.0059186074372,14.8043216230832,-0.0679476326607738,0.945827320960696,1
"fixed",NA,"s__Lawsonibacter_SGB15145",-43.9739497601385,24.2496717723543,-1.81338329742965,0.0697727238600144,1
"fixed",NA,"s__Lawsonibacter_SGB15145:Days",-0.239135778072671,0.397807219283274,-0.601134837380579,0.547750181620148,1
"fixed",NA,"s__GGB9760_SGB15373",-3.78922858004743,19.7530514235304,-0.191830036727065,0.847875341980074,1
"fixed",NA,"s__GGB9760_SGB15373:Days",-0.101250797136897,0.467717901738639,-0.216478344661428,0.828614903427488,1
"fixed",NA,"s__Senegalimassilia_anaerobia",50.4759052293519,1686.61266334501,0.029927384233701,0.976124966166922,1
"fixed",NA,"s__Senegalimassilia_anaerobia:Days",-0.914839605532271,24.385375017372,-0.0375159129142179,0.970073652407602,1
"fixed",NA,"s__Blautia_luti",-118.364095378956,41.4575877936168,-2.85506469812458,0.00430280625762844,1
"fixed",NA,"s__Blautia_luti:Days",0.508823604692275,1.98184240447387,0.256742717555967,0.797377392720928,1
"fixed",NA,"s__GGB9707_SGB15229",0.152556975713985,26.2712464676838,0.00580699419426654,0.995366715027711,1
"fixed",NA,"s__GGB9707_SGB15229:Days",-0.105750994664491,0.92548923640283,-0.114264964415493,0.909027754898098,1
"fixed",NA,"s__Clostridium_SGB6173",10.651855617631,63.5687187095857,0.167564422153829,0.86692596239221,1
"fixed",NA,"s__Clostridium_SGB6173:Days",-0.254186461563238,1.25343282897984,-0.202792248364932,0.839297416963735,1
"fixed",NA,"s__GGB3653_SGB4964",-3.76609394336135,11.5617958734878,-0.325736069428221,0.744624051833611,1
"fixed",NA,"s__GGB3653_SGB4964:Days",0.0456546740263776,0.176921753745933,0.258050087452443,0.796368251661026,1
"fixed",NA,"s__Candidatus_Borkfalkia_ceftriaxoniphila",-26.0312633709841,8.37197689868027,-3.10933291933564,0.00187510303738564,1
"fixed",NA,"s__Candidatus_Borkfalkia_ceftriaxoniphila:Days",0.235005889486545,0.186574090768221,1.25958480365042,0.207819180320432,1
"fixed",NA,"s__GGB9533_SGB14936",3327.15091018372,2080303877.01087,1.59935812596975e-06,0.999998723896844,1
"fixed",NA,"s__GGB9533_SGB14936:Days",-43.1549098622305,27043624.1903791,-1.59575172167874e-06,0.999998726774338,1
"fixed",NA,"s__Oscillospiraceae_bacterium",4.07052559710052,21.4774643546485,0.189525426739657,0.849681028557351,1
"fixed",NA,"s__Oscillospiraceae_bacterium:Days",-0.0256166997143072,0.278030939080708,-0.09213614786544,0.926589868742809,1
"fixed",NA,"s__GGB4487_SGB6184",-727.122468941752,836.092498874428,-0.869667494829371,0.384482140861342,1
"fixed",NA,"s__GGB2977_SGB3959",-978.308679730097,22186275559.3176,-4.40952190066545e-08,0.999999964817106,1
"fixed",NA,"s__GGB2977_SGB3959:Days",-1274.1094297043,173559818.856334,-7.34103917657894e-06,0.999994142698181,1
"fixed",NA,"s__GGB3722_SGB5050",3.34252679253332,30.3806974557236,0.110021397547066,0.912392405141345,1
"fixed",NA,"s__GGB3722_SGB5050:Days",-0.183784285389337,1.25056206826994,-0.146961346463666,0.883162530038428,1
"fixed",NA,"s__GGB87445_SGB15180",12.4947294638911,955.726012440947,0.0130735475452628,0.989569115396598,1
"fixed",NA,"s__GGB87445_SGB15180:Days",1.68052740430871,13.1971618821287,0.1273400613949,0.898671253969319,1
"fixed",NA,"s__Coprococcus_eutactus",1.18648057622344,6.09412244274939,0.194692605435764,0.845633601148036,1
"fixed",NA,"s__Coprococcus_eutactus:Days",-0.0149163117878408,0.104889418304701,-0.142209881882548,0.88691422650891,1
"fixed",NA,"s__GGB2970_SGB3952",42.8877099416759,86.2737197972963,0.497112099054525,0.619110003016819,1
"fixed",NA,"s__GGB2970_SGB3952:Days",-0.699833690006508,2.31651588422759,-0.302106147758991,0.762571146051393,1
"fixed",NA,"s__Faecalicatena_fissicatena",4.60301129923219,11.3022254160873,0.407265925937062,0.683812686042351,1
"fixed",NA,"s__Faecalicatena_fissicatena:Days",-0.0520678537706644,0.139918823442061,-0.372129013736492,0.709796795254103,1
"fixed",NA,"s__Eubacterium_siraeum",0.00139658054890493,0.923528454559269,0.00151222254388622,0.998793421439606,1
"fixed",NA,"s__Eubacterium_siraeum:Days",0.0004239666856645,0.020164020608956,0.0210259002352037,0.983224994840546,1
"fixed",NA,"s__Faecalibacterium_sp_CLA_AA_H233",-5.08712962997496,2.01257839323075,-2.52766781511984,0.0114822934803222,1
"fixed",NA,"s__Faecalibacterium_sp_CLA_AA_H233:Days",0.0778885214907818,0.32729176956607,0.23797885780644,0.811897492211006,1
"fixed",NA,"s__GGB33469_SGB15237",11.3572984451599,143.398251852059,0.0792010941449755,0.93687267432637,1
"fixed",NA,"s__GGB33469_SGB15237:Days",-0.514542410688585,2.88612961773946,-0.178281116525735,0.858502208070444,1
"fixed",NA,"s__Blautia_sp_OF03_15BH",-72.1438709244502,28.0167346358554,-2.5750278132742,0.0100232026270341,1
"fixed",NA,"s__Blautia_sp_OF03_15BH:Days",1.58843443765198,4.51456426895957,0.351846677335719,0.724953250529283,1
"fixed",NA,"s__Faecalibacillus_intestinalis",-6.82759369415343,27.5820400500147,-0.247537661528042,0.804492148491975,1
"fixed",NA,"s__Faecalibacillus_intestinalis:Days",0.329281362735934,1.08213047656939,0.304289889126709,0.76090704748172,1
"fixed",NA,"s__GGB9297_SGB14255",7464.59439171389,4392941392.6442,1.69922467078961e-06,0.99999864421487,1
"fixed",NA,"s__GGB9297_SGB14255:Days",-6364.5864270176,43192965.3322518,-0.000147352384307479,0.999882429807989,1
"fixed",NA,"s__Clostridiaceae_bacterium_Marseille_Q4143",14.6028592219176,129.150443747822,0.113068595028841,0.90997617282723,1
"fixed",NA,"s__Clostridiaceae_bacterium_Marseille_Q4143:Days",-0.110989940811135,2.05495734556724,-0.0540108246288188,0.956926540024815,1
"fixed",NA,"s__Haemophilus_parainfluenzae",4.08288939695623,36.6234645205654,0.111482882638357,0.911233438657544,1
"fixed",NA,"s__Haemophilus_parainfluenzae:Days",-0.779090125014014,6.64342246478592,-0.117272404268079,0.906644192317838,1
"fixed",NA,"s__Desulfovibrio_desulfuricans",-7.90028623472483,0.00135015293152154,-5851.40101560322,0,0
"fixed",NA,"s__Desulfovibrio_desulfuricans:Days",0.290220299850553,0.00135014339792893,214.955167203528,0,0
"fixed",NA,"s__Intestinimonas_butyriciproducens",0.832666496131502,5.28342504981964,0.157599755514641,0.874772196236259,1
"fixed",NA,"s__Intestinimonas_butyriciproducens:Days",0.0194905191888926,0.197018747689948,0.0989272311260714,0.921196047641538,1
"fixed",NA,"s__GGB9522_SGB14921",1.69142451837674,154.900848767364,0.0109194012288272,0.991287751478375,1
"fixed",NA,"s__GGB9522_SGB14921:Days",-0.271949704541262,2.58365165982575,-0.105257883162006,0.91617118163675,1
"fixed",NA,"s__GGB3328_SGB4406",-1165.46466894426,1208553980.74556,-9.64346390407228e-07,0.999999230562904,1
"fixed",NA,"s__GGB3328_SGB4406:Days",-11.003828978577,9471729.33782793,-1.16175500651504e-06,0.999999073053617,1
"fixed",NA,"s__GGB9597_SGB15022",-154.057333111811,5292155.4049434,-2.91105081623086e-05,0.999976773174983,1
"fixed",NA,"s__GGB9597_SGB15022:Days",-1084.1122847406,59678861.3722013,-1.81657669032805e-05,0.999985505815054,1
"fixed",NA,"s__Anaeromassilibacillus_senegalensis",8.57726296240672,58.4685556013044,0.146698731894368,0.883369819577542,1
"fixed",NA,"s__Anaeromassilibacillus_senegalensis:Days",0.330721155312984,3.03635195386635,0.108920560046361,0.913265499105123,1
"fixed",NA,"s__GGB3819_SGB5184",-18.4225686229369,49.1372536714193,-0.37492059987985,0.70771951821188,1
"fixed",NA,"s__GGB3819_SGB5184:Days",0.265132321440448,0.707328613527742,0.374836131848424,0.707782340812359,1
"fixed",NA,"s__GGB51884_SGB49168",7081.2248304035,1179576592.33889,6.00319205755238e-06,0.999995210145742,1
"fixed",NA,"s__GGB51884_SGB49168:Days",-78.7690105268236,9143486.02638701,-8.6147679669992e-06,0.999993126409644,1
"fixed",NA,"s__GGB3321_SGB4394",-151.133744807747,33468802.9927133,-4.51566029536972e-06,0.999996397024368,1
"fixed",NA,"s__GGB3321_SGB4394:Days",-48.2950466763563,72707784.0876341,-6.64234886021924e-07,0.99999947001724,1
"fixed",NA,"s__Lachnospiraceae_bacterium_AM48_27BH",9.56682282638657,63.0788299911592,0.151664557312293,0.879451512893193,1
"fixed",NA,"s__Lachnospiraceae_bacterium_AM48_27BH:Days",-0.132480439026747,1.02868776602704,-0.128785860396111,0.897527094120171,1
"fixed",NA,"s__GGB9563_SGB14975",111955.896588132,1495.67853089115,74.8529140960701,0,0
"fixed",NA,"s__GGB9563_SGB14975:Days",-887.250473815808,1495.67641891276,-0.593210177413086,0.553040502355656,1
"fixed",NA,"s__GGB9616_SGB15052",-5771.32290882093,1560020922.52876,-3.69951634973314e-06,0.999997048213022,1
"fixed",NA,"s__GGB9616_SGB15052:Days",-3974.43458958842,110865005.098572,-3.58493158959824e-05,0.999971396384337,1
"fixed",NA,"s__Fusicatenibacter_sp_CLA_AA_H277",-30.3799735542292,54.7827404603813,-0.554553738986458,0.579199938789835,1
"fixed",NA,"s__Fusicatenibacter_sp_CLA_AA_H277:Days",7.58170179109305,8.14245473051027,0.931132200549296,0.351785183736512,1
"fixed",NA,"s__Colidextribacter_sp_210702_DFI_3_9",-83.9789014605133,28.5472672575872,-2.94174922954118,0.00326364099883345,1
"fixed",NA,"s__Colidextribacter_sp_210702_DFI_3_9:Days",3.69773972798295,7.22481359407853,0.511811091017438,0.608783227335536,1
"fixed",NA,"s__Clostridium_sp_AM33_3",79.3638098847562,109.849306172806,0.722478936370405,0.470000071022044,1
"fixed",NA,"s__Clostridium_sp_AM33_3:Days",-0.957938603815206,3.49460930520871,-0.274118941533006,0.783993217917042,1
"fixed",NA,"s__GGB9634_SGB15093",1.04366229436073,15.4643769177152,0.0674881568079967,0.946193090028251,1
"fixed",NA,"s__GGB9634_SGB15093:Days",-0.0258293343850733,0.354169065268433,-0.072929391406606,0.941862305251993,1
"fixed",NA,"s__Hafnia_alvei",12656.2301449387,55249847904.1279,2.2907266942889e-07,0.999999817226454,1
"fixed",NA,"s__Hafnia_alvei:Days",-1463.86243736904,755119290.176005,-1.93858434874289e-06,0.999998453233478,1
"fixed",NA,"s__Clostridium_sp_AF27_2AA",-5.21975682004016,16.0384483625394,-0.32545273096566,0.744838452159984,1
"fixed",NA,"s__Clostridium_sp_AF27_2AA:Days",0.218220402772241,1.23697788660761,0.176414150272893,0.859968588694151,1
"fixed",NA,"c__CFGB3072",2.24483427151913,14.7111810026779,0.152593749686751,0.878718654300943,1
"fixed",NA,"c__CFGB3072:Days",-0.070590424029953,0.267772282169095,-0.263621101699301,0.79207189675545,1
"fixed",NA,"o__OFGB3072",2.24483427151913,14.7111810026779,0.152593749686751,0.878718654300943,1
"fixed",NA,"o__OFGB3072:Days",-0.070590424029953,0.267772282169095,-0.263621101699301,0.79207189675545,1
"fixed",NA,"o__Micrococcales",20.7997242430152,90.6519986447872,0.229445842937422,0.818522408856296,1
"fixed",NA,"o__Micrococcales:Days",0.471968460330317,7.12499316528052,0.0662412509572892,0.947185755360942,1
"fixed",NA,"o__Actinomycetales",-11.6614616513543,68.7962269882591,-0.169507284946665,0.865397642718606,1
"fixed",NA,"o__Actinomycetales:Days",0.303632766384252,2.43618061541278,0.124634751817367,0.900812714925896,1
"fixed",NA,"f__Turicibacteraceae",19.3048102307037,78.5163858151761,0.245869827428714,0.80578300119215,1
"fixed",NA,"f__Turicibacteraceae:Days",-0.0745560634395722,1.95899891075558,-0.0380582465004109,0.969641241639648,1
"fixed",NA,"f__FGB3072",2.24483427151913,14.7111810026779,0.152593749686751,0.878718654300943,1
"fixed",NA,"f__FGB3072:Days",-0.070590424029953,0.267772282169095,-0.263621101699301,0.79207189675545,1
"fixed",NA,"f__Micrococcaceae",27.4514008490007,99.4266348308956,0.276097052823823,0.782473524238104,1
"fixed",NA,"f__Micrococcaceae:Days",0.340110904149674,6.8833968928069,0.0494103288603172,0.960592296977126,1
"fixed",NA,"f__Actinomycetaceae",-11.6614616513543,68.7962269882591,-0.169507284946665,0.865397642718606,1
"fixed",NA,"f__Actinomycetaceae:Days",0.303632766384252,2.43618061541278,0.124634751817367,0.900812714925896,1
"fixed",NA,"g__Turicibacter",19.3048102307037,78.5163858151761,0.245869827428714,0.80578300119215,1
"fixed",NA,"g__Turicibacter:Days",-0.0745560634395722,1.95899891075558,-0.0380582465004109,0.969641241639648,1
"fixed",NA,"g__Lachnoclostridium",-1.74298623620396,6.01882008634659,-0.289589356584664,0.772130410479358,1
"fixed",NA,"g__Lachnoclostridium:Days",0.141622767306476,0.53827488669356,0.263104913135399,0.792469717189534,1
"fixed",NA,"g__Romboutsia",-0.232891066789275,25.1957276937317,-0.009243276067284,0.992625037752016,1
"fixed",NA,"g__Romboutsia:Days",0.0438203390976526,0.530152276005796,0.0826561368891935,0.934124963160886,1
"fixed",NA,"g__Erysipelatoclostridium",-3.73377444098925,18.8757571411329,-0.197807929667247,0.843195341785397,1
"fixed",NA,"g__Erysipelatoclostridium:Days",1.17527228588662,5.6744366772412,0.207116997287213,0.835918487988262,1
"fixed",NA,"g__Lentihominibacter",143.625560129017,97.9585227639861,1.46618748503443,0.142597217114122,1
"fixed",NA,"g__Lentihominibacter:Days",-0.118990772058659,20.9029787304111,-0.00569252706005691,0.99545804507708,1
"fixed",NA,"g__Slackia",6.57432353293784,49.4927480618732,0.132834077524226,0.894324603194954,1
"fixed",NA,"g__Slackia:Days",-0.103895650463763,0.888590441418147,-0.116921863685536,0.906921972268925,1
"fixed",NA,"g__GGB3537",26.2871938095438,1548.4986836142,0.0169759226066563,0.986455823981061,1
"fixed",NA,"g__GGB3537:Days",-0.150658048322925,19.5024175765696,-0.0077250960159897,0.993836326463219,1
"fixed",NA,"g__GGB9365",143.311730431776,241.870095412151,0.592515292920237,0.553505583157243,1
"fixed",NA,"g__GGB9365:Days",-1.50075577865826,2.90328523537723,-0.516916409166824,0.605214512339977,1
"fixed",NA,"g__Wansuia",38.8008722622344,117.728164758979,0.329580201489339,0.741717184404495,1
"fixed",NA,"g__Wansuia:Days",6.79195465368854,52.5815486847991,0.129169924119258,0.897223193883872,1
"fixed",NA,"g__Emergencia",3185.70614247229,140496709.992759,2.26745960288784e-05,0.999981908289908,1
"fixed",NA,"g__Emergencia:Days",14.9969257559093,3612307.92717556,4.15161887033127e-06,0.999996687487401,1
"fixed",NA,"g__Sellimonas",-61.4392351726538,0.00245035859976291,-25073.5688966499,0,0
"fixed",NA,"g__Sellimonas:Days",30.5948177824259,0.00245033533036015,12485.9717783725,0,0
"fixed",NA,"g__GGB45491",56.878585603004,180.6315626486,0.31488730302165,0.752847222303448,1
"fixed",NA,"g__GGB45491:Days",-2.73364352115275,17.548907662131,-0.155772859130812,0.87621206471356,1
"fixed",NA,"g__Rothia",27.4514008490007,99.4266348308956,0.276097052823823,0.782473524238104,1
"fixed",NA,"g__Rothia:Days",0.340110904149674,6.8833968928069,0.0494103288603172,0.960592296977126,1
"fixed",NA,"g__GGB3005",2.50893439545216,18.6710330152482,0.13437576771479,0.893105442394787,1
"fixed",NA,"g__GGB3005:Days",0.486518400349424,4.81355314231285,0.101072614338201,0.919492817289014,1
"fixed",NA,"g__Amedibacillus",8484.8196414953,1579775517.89116,5.37090209678756e-06,0.999995714640139,1
"fixed",NA,"g__Schaalia",-21.8193314261345,95.69995686539,-0.227997296350146,0.819648342375514,1
"fixed",NA,"g__Schaalia:Days",0.280914594098092,2.91647596011965,0.0963198730040508,0.92326652809351,1
"fixed",NA,"g__Christensenella",7116.8125868909,827210000.808603,8.60339282640946e-06,0.999993135485693,1
"fixed",NA,"g__Christensenella:Days",4213.92722154241,40205898.1022051,0.000104808682816398,0.999916374770296,1
"fixed",NA,"g__Coprobacillus",-1052.2352854745,2655.95419312222,-0.396179756488023,0.691972424103306,1
"fixed",NA,"g__Coprobacillus:Days",531.105286390358,3003.81978586082,0.176809970055563,0.859657657469683,1
"fixed",NA,"g__GGB32900",-1.27222778258928,19.7359390585534,-0.0644624904249442,0.948601973270262,1
"fixed",NA,"g__GGB32900:Days",0.0895840301191642,0.520799614943667,0.172012473797344,0.863427722494667,1
"fixed",NA,"g__GGB9719",-2.45088982150727,9.05238210013969,-0.270745290509715,0.78658694048057,1
"fixed",NA,"g__GGB9719:Days",0.890655581153339,4.39493381213907,0.202655061310206,0.839404650127473,1
"fixed",NA,"g__Actinomyces",20.5877208512848,178.721418709922,0.115194479765742,0.908290974059164,1
"fixed",NA,"g__Actinomyces:Days",0.270194342222806,7.20391892159361,0.037506577345409,0.970081095875151,1
"fixed",NA,"g__GGB9534",4.23366369180694,36.3861903541533,0.116353584989248,0.907372319277416,1
"fixed",NA,"g__GGB9534:Days",-0.0317497395984527,0.611403234875657,-0.0519292960641756,0.958585030878118,1
"fixed",NA,"g__GGB9781",18.1792404904415,75.9725222595664,0.239287046813197,0.810883008848634,1
"fixed",NA,"g__GGB9781:Days",-0.31126076241396,1.41307695314152,-0.220271629030516,0.82565961429591,1
"fixed",NA,"g__GGB9469",0.0663489052483226,3.59230772196447,0.018469716511936,0.985264136166073,1
"fixed",NA,"g__GGB9469:Days",0.0713883528385244,0.421142470356267,0.169511169885415,0.865394587200484,1
"fixed",NA,"g__GGB50802",19148.8335684274,30870533053.3217,6.20294879111813e-07,0.999999505076293,1
"fixed",NA,"s__Bifidobacterium_pseudocatenulatum",0.147711755930669,1.6683016843643,0.0885401946872418,0.929447339024065,1
"fixed",NA,"s__Bifidobacterium_pseudocatenulatum:Days",2.80526830353982,1.34361237009631,2.08785537106862,0.0368108829987414,1
"fixed",NA,"s__Bifidobacterium_longum",0.0282544792350743,1.17560068841812,0.0240340785042354,0.980825425836473,1
"fixed",NA,"s__Bifidobacterium_longum:Days",0.000736687194076442,0.0632744581247858,0.011642726242295,0.990710658352562,1
"fixed",NA,"s__Blautia_hydrogenotrophica",0.171796622140879,4.58218383398843,0.037492302440285,0.970092477596209,1
"fixed",NA,"s__Blautia_hydrogenotrophica:Days",0.079272937710368,0.927456465397696,0.0854734865386653,0.931884972996202,1
"fixed",NA,"s__Clostridium_saudiense",11.4707202738113,52.5566585522691,0.21825436756797,0.827230926760326,1
"fixed",NA,"s__Clostridium_saudiense:Days",-0.0340049268479155,1.21945863774282,-0.0278852646538776,0.977753660977114,1
"fixed",NA,"s__Turicibacter_sanguinis",143.497650929506,158.074315543742,0.907786002020028,0.363991295417536,1
"fixed",NA,"s__Turicibacter_sanguinis:Days",-1.61155424143589,2.7920705911182,-0.577189647913047,0.563811349439317,1
"fixed",NA,"s__Anaerostipes_caccae",-3.86809089730715,19.2184215166772,-0.201269958302795,0.840487491680387,1
"fixed",NA,"s__Anaerostipes_caccae:Days",0.341315162419114,2.11957837601101,0.161029743595262,0.872069974334909,1
"fixed",NA,"s__Coprococcus_SGB106014",5.56980588933962,36.017062152104,0.154643537160741,0.877102345148242,1
"fixed",NA,"s__Coprococcus_SGB106014:Days",-2.7991388859789,83.9874737978614,-0.0333280519034992,0.973412983997065,1
"fixed",NA,"s__Clostridium_scindens",-4.58097249188747,16.0107783402774,-0.286118038394385,0.774787716180177,1
"fixed",NA,"s__Clostridium_scindens:Days",0.41888810044504,1.74585142262722,0.239933418741145,0.810381873021147,1
"fixed",NA,"s__Romboutsia_timonensis",-0.265522520332968,24.2738206209182,-0.0109386373278276,0.991272404208566,1
"fixed",NA,"s__Romboutsia_timonensis:Days",0.0413644084358419,0.519551878775683,0.0796155497181852,0.936543027589533,1
"fixed",NA,"s__GGB3433_SGB4573",2.59860435087947,17.7966007299502,0.14601689335572,0.883908052391742,1
"fixed",NA,"s__GGB3433_SGB4573:Days",-0.045652094255646,0.395558659425179,-0.115411692217754,0.908118811841085,1
"fixed",NA,"s__Blautia_hansenii",0.283194195192677,10.456226979492,0.0270837842128057,0.978392908340689,1
"fixed",NA,"s__Blautia_hansenii:Days",24.7242518398514,12.0973576097174,2.04377291616073,0.0409759859579417,1
"fixed",NA,"s__Lentihominibacter_faecis",1241.72956808324,375995536.529323,3.30251145943165e-06,0.999997364977095,1
"fixed",NA,"s__Lentihominibacter_faecis:Days",311.329487668555,33060876.4966173,9.41685522767098e-06,0.999992486436603,1
"fixed",NA,"s__Slackia_isoflavoniconvertens",5.30157656968703,59.4747135496203,0.0891400101534558,0.928970640435107,1
"fixed",NA,"s__Slackia_isoflavoniconvertens:Days",-0.102843793010582,0.916831338140595,-0.112173077786758,0.910686175236541,1
"fixed",NA,"s__GGB3537_SGB4727",26.2871938095438,1548.4986836142,0.0169759226066563,0.986455823981061,1
"fixed",NA,"s__GGB3537_SGB4727:Days",-0.150658048322925,19.5024175765696,-0.0077250960159897,0.993836326463219,1
"fixed",NA,"s__GGB9365_SGB14341",143.311730431776,241.870095412151,0.592515292920237,0.553505583157243,1
"fixed",NA,"s__GGB9365_SGB14341:Days",-1.50075577865826,2.90328523537723,-0.516916409166824,0.605214512339977,1
"fixed",NA,"s__Vescimonas_coprocola",-12.0546166131924,3.86897348739167,-3.11571445306524,0.00183499866824985,1
"fixed",NA,"s__Vescimonas_coprocola:Days",0.13600599211584,0.12752713087961,1.06648672465026,0.286203676617082,1
"fixed",NA,"s__Wansuia_hejianensis",38.8008722622344,117.728164758979,0.329580201489339,0.741717184404495,1
"fixed",NA,"s__Wansuia_hejianensis:Days",6.79195465368854,52.5815486847991,0.129169924119258,0.897223193883872,1
"fixed",NA,"s__Streptococcus_parasanguinis",-1.14985776386427,4.21890034407566,-0.272549164494712,0.785199793674891,1
"fixed",NA,"s__Streptococcus_parasanguinis:Days",0.00787881317244295,0.0735636861313263,0.107101935571549,0.914708111637781,1
"fixed",NA,"s__Emergencia_timonensis",3185.70614247229,140496709.992759,2.26745960288784e-05,0.999981908289908,1
"fixed",NA,"s__Emergencia_timonensis:Days",14.9969257559093,3612307.92717556,4.15161887033127e-06,0.999996687487401,1
"fixed",NA,"s__Sellimonas_intestinalis",-61.4392351726538,0.00245035859976291,-25073.5688966499,0,0
"fixed",NA,"s__Sellimonas_intestinalis:Days",30.5948177824259,0.00245033533036015,12485.9717783725,0,0
"fixed",NA,"s__Frisingicoccus_caecimuris",-407.971820621182,378.950245474422,-1.07658413074895,0.281666096938646,1
"fixed",NA,"s__Frisingicoccus_caecimuris:Days",137.487599236886,127.722635102184,1.07645445246953,0.281724060720479,1
"fixed",NA,"s__GGB45491_SGB63163",56.878585603004,180.6315626486,0.31488730302165,0.752847222303448,1
"fixed",NA,"s__GGB45491_SGB63163:Days",-2.73364352115275,17.548907662131,-0.155772859130812,0.87621206471356,1
"fixed",NA,"s__Rothia_mucilaginosa",27.4514008490007,99.4266348308956,0.276097052823823,0.782473524238104,1
"fixed",NA,"s__Rothia_mucilaginosa:Days",0.340110904149674,6.8833968928069,0.0494103288603172,0.960592296977126,1
"fixed",NA,"s__Lentihominibacter_hominis",919.189335318913,1024421920.8504,8.972761287223e-07,0.99999928407723,1
"fixed",NA,"s__Lentihominibacter_hominis:Days",18.0197300582772,38577146.6161958,4.6710893984865e-07,0.999999627300989,1
"fixed",NA,"s__Gordonibacter_pamelaeae",4.42370959629911,90.7157705517262,0.0487645044449765,0.961106969853193,1
"fixed",NA,"s__Gordonibacter_pamelaeae:Days",1053.98315059338,286.264353040046,3.68185259324249,0.000231545280770556,0.919234764659107
"fixed",NA,"s__GGB3005_SGB3996",2.50893439545216,18.6710330152482,0.13437576771479,0.893105442394787,1
"fixed",NA,"s__GGB3005_SGB3996:Days",0.486518400349424,4.81355314231285,0.101072614338201,0.919492817289014,1
"fixed",NA,"s__Clostridium_innocuum",-214.931666447071,62.4834001163779,-3.43982027301254,0.000582100601623609,1
"fixed",NA,"s__Clostridium_innocuum:Days",71.9382643032105,22.8969711150669,3.14182447720663,0.00167898654906995,1
"fixed",NA,"s__Amedibacillus_dolichus",8484.8196414953,1579775517.89116,5.37090209678756e-06,0.999995714640139,1
"fixed",NA,"s__Christensenella_minuta",922.289085848809,710249189.342082,1.29854296166553e-06,0.999998963912619,1
"fixed",NA,"s__Christensenella_minuta:Days",1921.58572017358,38571351.4909453,4.98189885989521e-05,0.999960250198179,1
"fixed",NA,"s__Coprobacillus_cateniformis",-1052.2352854745,2655.95419312222,-0.396179756488023,0.691972424103306,1
"fixed",NA,"s__Coprobacillus_cateniformis:Days",531.105286390358,3003.81978586082,0.176809970055563,0.859657657469683,1
"fixed",NA,"s__GGB32900_SGB53446",-1.27222778258928,19.7359390585534,-0.0644624904249442,0.948601973270262,1
"fixed",NA,"s__GGB32900_SGB53446:Days",0.0895840301191642,0.520799614943667,0.172012473797344,0.863427722494667,1
"fixed",NA,"s__Schaalia_SGB17158",1571.87911953646,4114583936.23645,3.82026261681815e-07,0.999999695187144,1
"fixed",NA,"s__GGB9719_SGB15272",-25.9905437484572,8.56082172986763,-3.03598703121915,0.00239749676227165,1
"fixed",NA,"s__GGB9719_SGB15272:Days",7.59141637152727,10.561023139409,0.718814481449197,0.472255233759436,1
"fixed",NA,"s__Schaalia_SGB17153",2868.28753677908,5672769568.89404,5.05623840690972e-07,0.999999596570544,1
"fixed",NA,"s__Actinomyces_oris",2610.81990277518,3422729629.75273,7.62788822137783e-07,0.999999391382576,1
"fixed",NA,"s__Actinomyces_oris:Days",-1085.77817879309,409105292.417502,-2.65403112332516e-06,0.999997882389543,1
"fixed",NA,"s__GGB9534_SGB14937",4.23366369180694,36.3861903541533,0.116353584989248,0.907372319277416,1
"fixed",NA,"s__GGB9534_SGB14937:Days",-0.0317497395984527,0.611403234875657,-0.0519292960641756,0.958585030878118,1
"fixed",NA,"s__GGB9781_SGB15402",45.3748852261969,154.819597653601,0.29308230943553,0.769459238376555,1
"fixed",NA,"s__GGB9781_SGB15402:Days",-0.948353489487667,2.916885931737,-0.325125326009208,0.745086221930671,1
"fixed",NA,"s__Enterocloster_clostridioformis",-0.0892271698188728,5.48021039206257,-0.0162817051600989,0.987009652775433,1
"fixed",NA,"s__Enterocloster_clostridioformis:Days",0.0510247806588924,0.457614751722889,0.111501607994033,0.911218590557545,1
"fixed",NA,"s__Enterocloster_bolteae",1.01597922776341,5.51355225907244,0.184269447358848,0.853802080961789,1
"fixed",NA,"s__Enterocloster_bolteae:Days",0.0314554143421002,0.236664700867432,0.132911305432575,0.89426352579144,1
"fixed",NA,"s__GGB9469_SGB14862",0.0668661854011011,3.57417682468348,0.0187081357976805,0.98507393796359,1
"fixed",NA,"s__GGB9469_SGB14862:Days",0.0696511226751036,0.415009196704609,0.167830311299533,0.86671677574181,1
"fixed",NA,"s__GGB50802_SGB106454",19148.8335684274,30870533053.3217,6.20294879111813e-07,0.999999505076293,1
"fixed",NA,"o__Propionibacteriales",-6815.03145168706,258624600.684998,-2.63510564487548e-05,0.999978974898901,1
"fixed",NA,"o__Propionibacteriales:Days",6928.9427908319,6900660.73236849,0.00100409845659137,0.999198845478582,1
"fixed",NA,"f__Propionibacteriaceae",-6815.03145168706,258624600.684998,-2.63510564487548e-05,0.999978974898901,1
"fixed",NA,"f__Propionibacteriaceae:Days",6928.9427908319,6900660.73236849,0.00100409845659137,0.999198845478582,1
"fixed",NA,"g__Propionibacterium",-6815.03145168706,258624600.684998,-2.63510564487548e-05,0.999978974898901,1
"fixed",NA,"g__Propionibacterium:Days",6928.9427908319,6900660.73236849,0.00100409845659137,0.999198845478582,1
"fixed",NA,"s__Bacteroides_thetaiotaomicron",-2.1144759017805,0.701755768260607,-3.01312222487533,0.00258574752954569,1
"fixed",NA,"s__Bacteroides_thetaiotaomicron:Days",0.0447095798503878,0.0575551742185172,0.776812518725786,0.437269389782303,1
"fixed",NA,"s__Firmicutes_unclassified_SGB47660",593.032110124966,199443842.130341,2.97342903040048e-06,0.999997627546884,1
"fixed",NA,"s__Firmicutes_unclassified_SGB47660:Days",2139.83199894146,189891074.946303,1.12687339283669e-05,0.999991008851179,1
"fixed",NA,"s__Enterocloster_aldenensis",-0.280659808986966,20.6584626260808,-0.0135857064519719,0.989160508018802,1
"fixed",NA,"s__Enterocloster_aldenensis:Days",0.405825172685421,3.12396283914265,0.129907170341628,0.896639871252877,1
"fixed",NA,"s__Clostridium_symbiosum",-3.84583209399907,8.84536500770536,-0.434785007814703,0.663718488067295,1
"fixed",NA,"s__Clostridium_symbiosum:Days",0.0833934965526198,0.318459048740553,0.261865683774494,0.793424997010759,1
"fixed",NA,"s__Bacteroides_acidifaciens",245.891695271594,160947966.231813,1.52777137250331e-06,0.999998781014809,1
"fixed",NA,"s__Streptococcus_australis",-11485.0429608312,688.077680952075,-16.6914917875837,1.5114638250228e-62,6.00051138534051e-59
"fixed",NA,"s__Streptococcus_australis:Days",9366.68207305003,688.697104474824,13.6005829154643,3.97254583303241e-42,1.57710069571387e-38
"fixed",NA,"s__Streptococcus_mitis",3243.38096484207,202.88984193391,15.9859209013459,1.60182155511692e-57,6.35923157381418e-54
"fixed",NA,"s__Firmicutes_unclassified_SGB47659",-5114.01592299286,39377904.5882588,-0.000129870189296911,0.999896378581343,1
"fixed",NA,"s__Firmicutes_unclassified_SGB47659:Days",1806.02967152847,2526575.69844923,0.000714813204542804,0.999429661628807,1
"fixed",NA,"s__Propionibacterium_freudenreichii",-6815.03145168706,258624600.684998,-2.63510564487548e-05,0.999978974898901,1
"fixed",NA,"s__Propionibacterium_freudenreichii:Days",6928.9427908319,6900660.73236849,0.00100409845659137,0.999198845478582,1
"fixed",NA,"p__Verrucomicrobia",-0.0321913783779736,0.71089764978614,-0.0452827188100252,0.963881961699731,1
"fixed",NA,"p__Verrucomicrobia:Days",0.00709121577497723,0.0308662030886369,0.229740462557502,0.818293451163952,1
"fixed",NA,"p__Bacteria_unclassified",0.444443754165401,16.8342985380946,0.026401085448239,0.978937428390343,1
"fixed",NA,"p__Bacteria_unclassified:Days",-0.0727338630749938,0.642846744811769,-0.113143394848007,0.909916871740519,1
"fixed",NA,"c__CFGB1011",54.7038257869432,302.657870811531,0.180744765170862,0.856567919887248,1
"fixed",NA,"c__CFGB1011:Days",-0.292484958215742,4.50920373828662,-0.0648639926673349,0.948282289882849,1
"fixed",NA,"c__CFGB2979",-41.303806246142,16.2160104175268,-2.54710037689045,0.0108622184005987,1
"fixed",NA,"c__CFGB2979:Days",0.461729613638849,0.207193788903917,2.22849157825368,0.0258477523175479,1
"fixed",NA,"c__CFGB2898",-70.89819910919,20.3997246139631,-3.47544883329758,0.000509999272488539,1
"fixed",NA,"c__CFGB2898:Days",0.39400270581834,0.328928714872656,1.19783615112739,0.230980810354922,1
"fixed",NA,"c__Verrucomicrobiae",-0.0338616476093534,0.707888991594829,-0.0478346859626468,0.961847992785629,1
"fixed",NA,"c__Verrucomicrobiae:Days",0.00669516358984201,0.0297484258725067,0.225059423935087,0.821933046221894,1
"fixed",NA,"c__CFGB1814",24.8199957967379,7046.17658407901,0.00352247711940958,0.997189475702735,1
"fixed",NA,"c__CFGB1814:Days",4.5934751775066,808.874145335216,0.00567885029333328,0.995468957381708,1
"fixed",NA,"c__CFGB3041",-1.25259842429959,19.058422331299,-0.0657241403577508,0.947597452737046,1
"fixed",NA,"c__CFGB3041:Days",0.00548671028133344,0.29110878197779,0.0188476288625056,0.984962658221759,1
"fixed",NA,"c__CFGB3069",4.05883223849825,29.8851016994844,0.135814570059444,0.891967872549084,1
"fixed",NA,"c__CFGB3069:Days",0.0014774176482745,0.494150255804419,0.00298981459772683,0.99761447664684,1
"fixed",NA,"c__Bacteria_unclassified",0.338642231357775,17.709599074203,0.0191219592232929,0.9847438137048,1
"fixed",NA,"c__Bacteria_unclassified:Days",-0.0709912993156162,0.649182599163066,-0.109354901698134,0.912921002389067,1
"fixed",NA,"c__CFGB75721",-0.0986800687424993,14.2467681970274,-0.00692648798504976,0.994473506366238,1
"fixed",NA,"c__CFGB75721:Days",0.0576993397837949,0.387555415378116,0.148880231043865,0.881648140690808,1
"fixed",NA,"c__CFGB1292",15.2673188027848,83.38475002404,0.183094856054413,0.8547235918248,1
"fixed",NA,"c__CFGB1292:Days",0.516999026025682,3.01165758495704,0.171665938587456,0.863700165303276,1
"fixed",NA,"c__CFGB3004",7.10384681111462,120.991273984305,0.0587137119660062,0.953180137610785,1
"fixed",NA,"c__CFGB3004:Days",1.77188296815676,9.76809613352198,0.181394915031195,0.856057609890665,1
"fixed",NA,"o__OFGB1011",54.7038257869432,302.657870811531,0.180744765170862,0.856567919887248,1
"fixed",NA,"o__OFGB1011:Days",-0.292484958215742,4.50920373828662,-0.0648639926673349,0.948282289882849,1
"fixed",NA,"o__OFGB2979",-41.303806246142,16.2160104175268,-2.54710037689045,0.0108622184005987,1
"fixed",NA,"o__OFGB2979:Days",0.461729613638849,0.207193788903917,2.22849157825368,0.0258477523175479,1
"fixed",NA,"o__OFGB2898",-70.89819910919,20.3997246139631,-3.47544883329758,0.000509999272488539,1
"fixed",NA,"o__OFGB2898:Days",0.39400270581834,0.328928714872656,1.19783615112739,0.230980810354922,1
"fixed",NA,"o__Verrucomicrobiales",-0.0338616476093534,0.707888991594829,-0.0478346859626468,0.961847992785629,1
"fixed",NA,"o__Verrucomicrobiales:Days",0.00669516358984201,0.0297484258725067,0.225059423935087,0.821933046221894,1
"fixed",NA,"o__OFGB1814",24.8199957967379,7046.17658407901,0.00352247711940958,0.997189475702735,1
"fixed",NA,"o__OFGB1814:Days",4.5934751775066,808.874145335216,0.00567885029333328,0.995468957381708,1
"fixed",NA,"o__OFGB3041",-1.25259842429959,19.058422331299,-0.0657241403577508,0.947597452737046,1
"fixed",NA,"o__OFGB3041:Days",0.00548671028133344,0.29110878197779,0.0188476288625056,0.984962658221759,1
"fixed",NA,"o__OFGB3069",4.05883223849825,29.8851016994844,0.135814570059444,0.891967872549084,1
"fixed",NA,"o__OFGB3069:Days",0.0014774176482745,0.494150255804419,0.00298981459772683,0.99761447664684,1
"fixed",NA,"o__Bacteria_unclassified",0.338642231357775,17.709599074203,0.0191219592232929,0.9847438137048,1
"fixed",NA,"o__Bacteria_unclassified:Days",-0.0709912993156162,0.649182599163066,-0.109354901698134,0.912921002389067,1
"fixed",NA,"o__OFGB75721",-0.0986800687424993,14.2467681970274,-0.00692648798504976,0.994473506366238,1
"fixed",NA,"o__OFGB75721:Days",0.0576993397837949,0.387555415378116,0.148880231043865,0.881648140690808,1
"fixed",NA,"o__OFGB1292",15.2673188027848,83.38475002404,0.183094856054413,0.8547235918248,1
"fixed",NA,"o__OFGB1292:Days",0.516999026025682,3.01165758495704,0.171665938587456,0.863700165303276,1
"fixed",NA,"o__OFGB3004",7.10384681111462,120.991273984305,0.0587137119660062,0.953180137610785,1
"fixed",NA,"o__OFGB3004:Days",1.77188296815676,9.76809613352198,0.181394915031195,0.856057609890665,1
"fixed",NA,"f__FGB1011",54.7038257869432,302.657870811531,0.180744765170862,0.856567919887248,1
"fixed",NA,"f__FGB1011:Days",-0.292484958215742,4.50920373828662,-0.0648639926673349,0.948282289882849,1
"fixed",NA,"f__FGB2979",-41.303806246142,16.2160104175268,-2.54710037689045,0.0108622184005987,1
"fixed",NA,"f__FGB2979:Days",0.461729613638849,0.207193788903917,2.22849157825368,0.0258477523175479,1
"fixed",NA,"f__FGB2898",-70.89819910919,20.3997246139631,-3.47544883329758,0.000509999272488539,1
"fixed",NA,"f__FGB2898:Days",0.39400270581834,0.328928714872656,1.19783615112739,0.230980810354922,1
"fixed",NA,"f__Akkermansiaceae",-0.0338616476093534,0.707888991594829,-0.0478346859626468,0.961847992785629,1
"fixed",NA,"f__Akkermansiaceae:Days",0.00669516358984201,0.0297484258725067,0.225059423935087,0.821933046221894,1
"fixed",NA,"f__FGB1814",24.8199957967379,7046.17658407901,0.00352247711940958,0.997189475702735,1
"fixed",NA,"f__FGB1814:Days",4.5934751775066,808.874145335216,0.00567885029333328,0.995468957381708,1
"fixed",NA,"f__FGB3041",-1.25259842429959,19.058422331299,-0.0657241403577508,0.947597452737046,1
"fixed",NA,"f__FGB3041:Days",0.00548671028133344,0.29110878197779,0.0188476288625056,0.984962658221759,1
"fixed",NA,"f__FGB3069",4.05883223849825,29.8851016994844,0.135814570059444,0.891967872549084,1
"fixed",NA,"f__FGB3069:Days",0.0014774176482745,0.494150255804419,0.00298981459772683,0.99761447664684,1
"fixed",NA,"f__Bacteria_unclassified",0.338642231357775,17.709599074203,0.0191219592232929,0.9847438137048,1
"fixed",NA,"f__Bacteria_unclassified:Days",-0.0709912993156162,0.649182599163066,-0.109354901698134,0.912921002389067,1
"fixed",NA,"f__FGB75721",-0.0986800687424993,14.2467681970274,-0.00692648798504976,0.994473506366238,1
"fixed",NA,"f__FGB75721:Days",0.0576993397837949,0.387555415378116,0.148880231043865,0.881648140690808,1
"fixed",NA,"f__FGB1292",15.2673188027848,83.38475002404,0.183094856054413,0.8547235918248,1
"fixed",NA,"f__FGB1292:Days",0.516999026025682,3.01165758495704,0.171665938587456,0.863700165303276,1
"fixed",NA,"f__FGB3004",7.10384681111462,120.991273984305,0.0587137119660062,0.953180137610785,1
"fixed",NA,"f__FGB3004:Days",1.77188296815676,9.76809613352198,0.181394915031195,0.856057609890665,1
"fixed",NA,"g__GGB3247",2189.63909492868,38245642.510325,5.7251988754995e-05,0.999954319522122,1
"fixed",NA,"g__GGB3576",-0.924220507886442,6.00662477104338,-0.153866862525175,0.877714712780034,1
"fixed",NA,"g__GGB3576:Days",-13.2703771068421,4.14315255351611,-3.20296608329811,0.0013601999941806,1
"fixed",NA,"g__GGB33512",2.29266365949272,14.5177713790184,0.157921184983403,0.874518904331343,1
"fixed",NA,"g__GGB33512:Days",-0.00457588425025022,0.219819810499838,-0.020816523496428,0.983392016750998,1
"fixed",NA,"g__GGB9699",-0.952537921446544,6.60569958802727,-0.14419940064683,0.885343014214139,1
"fixed",NA,"g__GGB9699:Days",-0.00184829822833228,0.100127696705425,-0.0184594102246251,0.985272357991903,1
"fixed",NA,"g__GGB2653",163.882940787139,82.2768517963297,1.99184749062615,0.0463877937591961,1
"fixed",NA,"g__GGB2653:Days",-1.58303240796485,2.42618770870089,-0.652477301029807,0.514093311394013,1
"fixed",NA,"g__GGB40351",-41.303806246142,16.2160104175268,-2.54710037689045,0.0108622184005987,1
"fixed",NA,"g__GGB40351:Days",0.461729613638849,0.207193788903917,2.22849157825368,0.0258477523175479,1
"fixed",NA,"g__Neglectibacter",0.993210978676423,16.2853112924305,0.0609881482055595,0.951368647847148,1
"fixed",NA,"g__Neglectibacter:Days",0.399348163804888,4.15337318224396,0.0961503207831497,0.923401186199315,1
"fixed",NA,"g__GGB9453",-0.265516455034755,15.7560515914366,-0.0168517127209119,0.986554914956283,1
"fixed",NA,"g__GGB9453:Days",0.0458723219953861,0.708786073097441,0.0647195588859712,0.948397289730253,1
"fixed",NA,"g__GGB9531",-0.744646728919869,6.56906339796092,-0.11335660562372,0.909747841591096,1
"fixed",NA,"g__GGB9531:Days",0.0229728839905139,0.297183972227069,0.0773018942386336,0.938383384033865,1
"fixed",NA,"g__GGB9210",1567.38390686204,52600700.6973914,2.97977761908364e-05,0.999976224814435,1
"fixed",NA,"g__GGB9210:Days",1856.46635249762,3653628.17322991,0.000508115841152072,0.999594582232691,1
"fixed",NA,"g__GGB9782",-94.0832985002424,32.9137323828831,-2.85848160293029,0.00425673791022217,1
"fixed",NA,"g__GGB9782:Days",-0.470086798894971,0.563899116863583,-0.833636345290985,0.404485938159653,1
"fixed",NA,"g__Akkermansia",-0.0338616476093534,0.707888991594829,-0.0478346859626468,0.961847992785629,1
"fixed",NA,"g__Akkermansia:Days",0.00669516358984201,0.0297484258725067,0.225059423935087,0.821933046221894,1
"fixed",NA,"g__GGB4802",24.8199957967379,7046.17658407901,0.00352247711940958,0.997189475702735,1
"fixed",NA,"g__GGB4802:Days",4.5934751775066,808.874145335216,0.00567885029333328,0.995468957381708,1
"fixed",NA,"g__GGB9547",-1.25259842429959,19.058422331299,-0.0657241403577508,0.947597452737046,1
"fixed",NA,"g__GGB9547:Days",0.00548671028133344,0.29110878197779,0.0188476288625056,0.984962658221759,1
"fixed",NA,"g__GGB9770",3.91922429637081,30.3758353256106,0.129024412147323,0.897338332178936,1
"fixed",NA,"g__GGB9770:Days",0.00446932282945724,0.515886936345608,0.00866337663271068,0.993087712006368,1
"fixed",NA,"g__Eisenbergiella",1.8656632258794,19.9832579380389,0.0933613143394421,0.925616522925339,1
"fixed",NA,"g__Eisenbergiella:Days",0.137213127396988,1.01014014938055,0.135835732775429,0.891951142183532,1
"fixed",NA,"g__Yanshouia",1410.45976567801,749568457.500468,1.88169572980882e-06,0.999998498624029,1
"fixed",NA,"g__Yanshouia:Days",1584.74461852372,127992861.11838,1.23815078800215e-05,0.999990120986023,1
"fixed",NA,"g__Anaerotruncus",-0.143495327111541,4.35273263737058,-0.0329667220723725,0.973701125148183,1
"fixed",NA,"g__Anaerotruncus:Days",0.0326371591477585,0.208458828008925,0.15656405372461,0.875588434069912,1
"fixed",NA,"g__GGB9818",32.4084604278879,196.928773537269,0.164569452425674,0.869282876764404,1
"fixed",NA,"g__GGB9818:Days",-0.415975707030146,2.66321188394765,-0.156193245283042,0.875880700874671,1
"fixed",NA,"g__Bacteria_unclassified",-1.9996592773269,24.7085490384696,-0.0809298544489016,0.935497737414412,1
"fixed",NA,"g__Bacteria_unclassified:Days",-0.0466706608326121,0.708472562470526,-0.0658750434453892,0.947477309859551,1
"fixed",NA,"g__GGB9524",-2.36780751447574,15.1904484239901,-0.155874760796153,0.87613174007542,1
"fixed",NA,"g__GGB9524:Days",0.0558415137625525,0.350138606410451,0.15948402358434,0.873287544548084,1
"fixed",NA,"g__GGB3002",6047.03156611667,1259521047.1163,4.80105638564871e-06,0.999996169311234,1
"fixed",NA,"g__GGB3002:Days",-3.64658359937486,16269739.677684,-2.24132879297178e-07,0.999999821167836,1
"fixed",NA,"g__Adlercreutzia",-0.460755954276067,12.7043540787097,-0.0362675623980139,0.971069014371876,1
"fixed",NA,"g__Adlercreutzia:Days",0.0718941208361409,0.998162463393699,0.0720264721152755,0.94258084085728,1
"fixed",NA,"g__Holdemania",-22.4902643487468,69.7970232711205,-0.322223832689616,0.7472831306813,1
"fixed",NA,"g__Holdemania:Days",0.302727910035139,1.28706666024971,0.235207638721995,0.814047577452993,1
"fixed",NA,"g__Provencibacterium",16.4446325716095,113.183222612065,0.145292139524719,0.884480220624073,1
"fixed",NA,"g__Provencibacterium:Days",0.257357067123383,6.34155556015156,0.0405826401239056,0.967628623928952,1
"fixed",NA,"g__GGB3441",-35.3999786222922,148.113129811847,-0.23900635053261,0.811100658421454,1
"fixed",NA,"g__GGB3441:Days",2.11732521708294,25.8234585781433,0.081992317592773,0.934652822559856,1
"fixed",NA,"g__GGB3109",11.7692932268109,54.1548733718443,0.217326576428299,0.827953847009605,1
"fixed",NA,"g__GGB3109:Days",0.554582664172943,2.92011100900571,0.18991834983759,0.849373113068995,1
"fixed",NA,"g__GGB58071",3082.558867147,1024.14884879154,3.0098738779859,0.00261356191737464,1
"fixed",NA,"g__GGB58071:Days",387.467293997503,1024.14884879154,0.378331035039194,0.705184693153537,1
"fixed",NA,"g__GGB58158",7.10384681111462,120.991273984305,0.0587137119660062,0.953180137610785,1
"fixed",NA,"g__GGB58158:Days",1.77188296815676,9.76809613352198,0.181394915031195,0.856057609890665,1
"fixed",NA,"g__GGB3167",-0.651601015441241,3.65488774600772,-0.178282087090908,0.858501445881078,1
"fixed",NA,"g__GGB3167:Days",0.130119203833082,0.604705415366793,0.215177837880212,0.829628669030677,1
"fixed",NA,"g__GGB33586",-118.469430700007,39.2361336587272,-3.01939614464679,0.00253279113689044,1
"fixed",NA,"g__GGB33586:Days",1.46484042060845,1.03534424705827,1.41483417208384,0.157117122311364,1
"fixed",NA,"g__Anaerofilum",146.845385500995,204.87809367989,0.716745176916923,0.473531344789567,1
"fixed",NA,"g__Anaerofilum:Days",-0.93843905565447,10.0968361955644,-0.0929438724643997,0.925948151386863,1
"fixed",NA,"s__GGB3247_SGB4294",2189.63909492868,38245642.510325,5.7251988754995e-05,0.999954319522122,1
"fixed",NA,"s__GGB3576_SGB4784",-0.924220507886442,6.00662477104338,-0.153866862525175,0.877714712780034,1
"fixed",NA,"s__GGB3576_SGB4784:Days",-13.2703771068421,4.14315255351611,-3.20296608329811,0.0013601999941806,1
"fixed",NA,"s__GGB33512_SGB15201",2.46331336005746,15.5402982465543,0.158511331055286,0.874053892649843,1
"fixed",NA,"s__GGB33512_SGB15201:Days",-0.0067428845784409,0.225156595576229,-0.0299475330100113,0.976108896972018,1
"fixed",NA,"s__Bilophila_wadsworthia",0.0287423101267282,7.1789008252034,0.00400372018315407,0.996805502014603,1
"fixed",NA,"s__Bilophila_wadsworthia:Days",0.0892772676695595,0.336860902400495,0.265027098821393,0.79098858617774,1
"fixed",NA,"s__Phascolarctobacterium_succinatutens",46.5871612816707,30907288.3764259,1.50731959123287e-06,0.99999879733297,1
"fixed",NA,"s__Phascolarctobacterium_succinatutens:Days",73.6368990583958,889589.957007382,8.27762256962898e-05,0.999933954127591,1
"fixed",NA,"s__GGB9699_SGB15216",-0.952537921446544,6.60569958802727,-0.14419940064683,0.885343014214139,1
"fixed",NA,"s__GGB9699_SGB15216:Days",-0.00184829822833228,0.100127696705425,-0.0184594102246251,0.985272357991903,1
"fixed",NA,"s__GGB2653_SGB3574",163.882940787139,82.2768517963297,1.99184749062615,0.0463877937591961,1
"fixed",NA,"s__GGB2653_SGB3574:Days",-1.58303240796485,2.42618770870089,-0.652477301029807,0.514093311394013,1
"fixed",NA,"s__GGB40351_SGB14301",-41.303806246142,16.2160104175268,-2.54710037689045,0.0108622184005987,1
"fixed",NA,"s__GGB40351_SGB14301:Days",0.461729613638849,0.207193788903917,2.22849157825368,0.0258477523175479,1
"fixed",NA,"s__Neglectibacter_timonensis",0.993210978676423,16.2853112924305,0.0609881482055595,0.951368647847148,1
"fixed",NA,"s__Neglectibacter_timonensis:Days",0.399348163804888,4.15337318224396,0.0961503207831497,0.923401186199315,1
"fixed",NA,"s__Alistipes_shahii",-3.51372638885865,3.59537218697543,-0.977291419672058,0.328424899731303,1
"fixed",NA,"s__Alistipes_shahii:Days",1.24232418637933,0.574124383133745,2.16385895265124,0.0304751760344085,1
"fixed",NA,"s__GGB9453_SGB14845",3423.18082358263,125808940.677304,2.72093605204338e-05,0.999978290071334,1
"fixed",NA,"s__GGB9453_SGB14845:Days",8250.01313550433,8502136.81230115,0.000970345845713511,0.999225776152564,1
"fixed",NA,"s__GGB9531_SGB14932",-0.744646728919869,6.56906339796092,-0.11335660562372,0.909747841591096,1
"fixed",NA,"s__GGB9531_SGB14932:Days",0.0229728839905139,0.297183972227069,0.0773018942386336,0.938383384033865,1
"fixed",NA,"s__Clostridium_sp_AM29_11AC",21.2889471155414,106.376506721837,0.200128278053064,0.841380258018104,1
"fixed",NA,"s__Clostridium_sp_AM29_11AC:Days",2.54151530548521,80.3327049745851,0.0316373674494002,0.974761243379974,1
"fixed",NA,"s__Dorea_phocaeensis",9.37086565639994,66.0949191256907,0.141778911001913,0.88725464235975,1
"fixed",NA,"s__Dorea_phocaeensis:Days",-0.0876488806825317,0.916528069457947,-0.0956314199240718,0.923813310064854,1
"fixed",NA,"s__GGB9782_SGB15403",-94.0832985002424,32.9137323828831,-2.85848160293029,0.00425673791022217,1
"fixed",NA,"s__GGB9782_SGB15403:Days",-0.470086798894971,0.563899116863583,-0.833636345290985,0.404485938159653,1
"fixed",NA,"s__Akkermansia_muciniphila",0.37516945486662,1.9490219706854,0.192491136841668,0.847357509873079,1
"fixed",NA,"s__Akkermansia_muciniphila:Days",0.000969037663272287,0.0347798434184833,0.0278620478997702,0.977772178072028,1
"fixed",NA,"s__GGB4802_SGB6641",24.8199957967379,7046.17658407901,0.00352247711940958,0.997189475702735,1
"fixed",NA,"s__GGB4802_SGB6641:Days",4.5934751775066,808.874145335216,0.00567885029333328,0.995468957381708,1
"fixed",NA,"s__Alistipes_senegalensis",1.53227422701897,11.7365012094495,0.130556304615321,0.896126310637548,1
"fixed",NA,"s__Alistipes_senegalensis:Days",-0.00455083674847752,0.169677341472778,-0.0268205330716337,0.978602876085122,1
"fixed",NA,"s__Clostridium_leptum",2.42203765133775,18.9794504225327,0.127613687299516,0.898454698801994,1
"fixed",NA,"s__Clostridium_leptum:Days",0.214310071683946,1.43020092601986,0.149846128459974,0.880886014944338,1
"fixed",NA,"s__GGB9547_SGB14953",4.58574613391166,44.244413923653,0.103645765131497,0.917450467892596,1
"fixed",NA,"s__GGB9547_SGB14953:Days",1.3703277249389,15.0118065579292,0.091283332199288,0.927267461668198,1
"fixed",NA,"s__GGB9770_SGB15390",4.39532204790484,38.4689066104183,0.114256484916951,0.909034476538314,1
"fixed",NA,"s__GGB9770_SGB15390:Days",0.044280716618874,0.836140979224985,0.0529584337080543,0.957765026306443,1
"fixed",NA,"s__Eisenbergiella_massiliensis",2491.618586077,9779135.39967235,0.000254789251221584,0.999796707592391,1
"fixed",NA,"s__Eisenbergiella_massiliensis:Days",445.981762850944,1860595.70480522,0.000239698372784125,0.999808748370937,1
"fixed",NA,"s__Lachnoclostridium_pacaense",56.0088993353423,118.504482320193,0.472631062038726,0.636476417525273,1
"fixed",NA,"s__Lachnoclostridium_pacaense:Days",395.178764671055,155.261848596839,2.54524062570707,0.0109202458005563,1
"fixed",NA,"s__Yanshouia_hominis",1410.45976567801,749568457.500468,1.88169572980882e-06,0.999998498624029,1
"fixed",NA,"s__Yanshouia_hominis:Days",1584.74461852372,127992861.11838,1.23815078800215e-05,0.999990120986023,1
"fixed",NA,"s__GGB9818_SGB15459",32.4084604278879,196.928773537269,0.164569452425674,0.869282876764404,1
"fixed",NA,"s__GGB9818_SGB15459:Days",-0.415975707030146,2.66321188394765,-0.156193245283042,0.875880700874671,1
"fixed",NA,"s__Anaerotruncus_massiliensis",0.394169061531837,6.01576863361485,0.0655226431630537,0.947757878434327,1
"fixed",NA,"s__Anaerotruncus_massiliensis:Days",0.0140710535667917,0.181250572247767,0.0776331538835461,0.938119868971832,1
"fixed",NA,"s__bacterium_210917_DFI_7_65",-15.4559273860854,50.5801756261719,-0.305572829567004,0.759929910391702,1
"fixed",NA,"s__bacterium_210917_DFI_7_65:Days",0.313464787842935,1.24960131922869,0.250851838117793,0.801928661571494,1
"fixed",NA,"s__Alistipes_indistinctus",-55.7246443773845,18.9111672548966,-2.94665282297453,0.00321233641725723,1
"fixed",NA,"s__Alistipes_indistinctus:Days",0.615235048828363,1.11021972967341,0.554156111970148,0.57947201123464,1
"fixed",NA,"s__GGB9524_SGB14924",-3.08672570344645,14.3369069180305,-0.215299277668078,0.829533992759994,1
"fixed",NA,"s__GGB9524_SGB14924:Days",0.0626820911229045,0.341143761885969,0.183740985842376,0.854216654205359,1
"fixed",NA,"s__GGB3002_SGB3993",6047.03156611667,1259521047.1163,4.80105638564871e-06,0.999996169311234,1
"fixed",NA,"s__GGB3002_SGB3993:Days",-3.64658359937486,16269739.677684,-2.24132879297178e-07,0.999999821167836,1
"fixed",NA,"s__Parabacteroides_gordonii",-206.739838171541,842.474213179449,-0.24539604291426,0.806149792659101,1
"fixed",NA,"s__Parabacteroides_gordonii:Days",-12525.5692854646,112721699.840436,-0.000111119414480045,0.999911339534963,1
"fixed",NA,"s__Adlercreutzia_equolifaciens",-0.604450736678347,12.4997198145715,-0.048357142851611,0.961431614370392,1
"fixed",NA,"s__Adlercreutzia_equolifaciens:Days",0.076995839801892,1.00335070334717,0.0767387111455988,0.938831408281721,1
"fixed",NA,"s__Holdemania_filiformis",-33.4596842257589,54.3924188902972,-0.615153451683091,0.538453385137229,1
"fixed",NA,"s__Holdemania_filiformis:Days",0.43626921997123,1.10090650733689,0.396281806914349,0.691897146978767,1
"fixed",NA,"s__GGB9781_SGB66170",25.8890846352608,2020.40400556064,0.0128138157338868,0.989776334038944,1
"fixed",NA,"s__GGB9781_SGB66170:Days",-0.270212507865991,34.6820951573064,-0.00779112411290025,0.993783645249544,1
"fixed",NA,"s__Provencibacterium_massiliense",16.4446325716095,113.183222612065,0.145292139524719,0.884480220624073,1
"fixed",NA,"s__Provencibacterium_massiliense:Days",0.257357067123383,6.34155556015156,0.0405826401239056,0.967628623928952,1
"fixed",NA,"s__GGB3441_SGB4591",-35.3999786222922,148.113129811847,-0.23900635053261,0.811100658421454,1
"fixed",NA,"s__GGB3441_SGB4591:Days",2.11732521708294,25.8234585781433,0.081992317592773,0.934652822559856,1
"fixed",NA,"s__Faecalibacillus_faecis",23.7607800159463,116.488693239678,0.203974989804873,0.838373043270039,1
"fixed",NA,"s__Faecalibacillus_faecis:Days",-0.195952441043832,1.64986104629068,-0.118769057239326,0.905458323872651,1
"fixed",NA,"s__Hydrogenoanaerobacterium_saccharovorans",6.34842651146616,49.1953386762393,0.129045285230089,0.897321815940011,1
"fixed",NA,"s__Hydrogenoanaerobacterium_saccharovorans:Days",4.22252200885212,30.3438361116528,0.139155840194858,0.889327003323907,1
"fixed",NA,"s__GGB3109_SGB4121",11.7692932268109,54.1548733718443,0.217326576428299,0.827953847009605,1
"fixed",NA,"s__GGB3109_SGB4121:Days",0.554582664172943,2.92011100900571,0.18991834983759,0.849373113068995,1
"fixed",NA,"s__Intestinimonas_massiliensis",-26.4052684415922,0.00248863342702444,-10610.3486977445,0,0
"fixed",NA,"s__Intestinimonas_massiliensis:Days",11.4516168995667,0.00248863420396987,4601.56694836833,0,0
"fixed",NA,"s__Enterocloster_lavalensis",-1.71332849318354,16.5730044560983,-0.103380681379899,0.917660844011389,1
"fixed",NA,"s__Enterocloster_lavalensis:Days",0.0499417965339714,0.519166432464885,0.0961961201860818,0.923364812169342,1
"fixed",NA,"s__GGB9770_SGB15389",4.17594745620861,49.5614662391191,0.0842579482225348,0.932851345918303,1
"fixed",NA,"s__GGB9770_SGB15389:Days",-0.00956366516925489,0.817562212003678,-0.0116977827850144,0.990666732578495,1
"fixed",NA,"s__GGB58071_SGB79702",3082.558867147,1024.14884879154,3.0098738779859,0.00261356191737464,1
"fixed",NA,"s__GGB58071_SGB79702:Days",387.467293997503,1024.14884879154,0.378331035039194,0.705184693153537,1
"fixed",NA,"s__Lachnospira_sp_NSJ_43",-9.13181620424788,3.30404483631299,-2.76382938387669,0.00571274016276435,1
"fixed",NA,"s__Lachnospira_sp_NSJ_43:Days",0.114681445576172,0.136899184049571,0.837707298055525,0.402195113631264,1
"fixed",NA,"s__Anaerotruncus_rubiinfantis",-34.5928220762977,1728.95422241426,-0.0200079456285392,0.984037034140175,1
"fixed",NA,"s__Anaerotruncus_rubiinfantis:Days",0.621730060598446,20.1629512623799,0.0308352707154767,0.97540091182228,1
"fixed",NA,"s__GGB58158_SGB79798",7.10384681111462,120.991273984305,0.0587137119660062,0.953180137610785,1
"fixed",NA,"s__GGB58158_SGB79798:Days",1.77188296815676,9.76809613352198,0.181394915031195,0.856057609890665,1
"fixed",NA,"s__GGB3167_SGB4181",-0.651601015441241,3.65488774600772,-0.178282087090908,0.858501445881078,1
"fixed",NA,"s__GGB3167_SGB4181:Days",0.130119203833082,0.604705415366793,0.215177837880212,0.829628669030677,1
"fixed",NA,"s__GGB33586_SGB53517",-118.469430700007,39.2361336587272,-3.01939614464679,0.00253279113689044,1
"fixed",NA,"s__GGB33586_SGB53517:Days",1.46484042060845,1.03534424705827,1.41483417208384,0.157117122311364,1
"fixed",NA,"s__Anaerofilum_hominis",146.845385500995,204.87809367989,0.716745176916923,0.473531344789567,1
"fixed",NA,"s__Anaerofilum_hominis:Days",-0.93843905565447,10.0968361955644,-0.0929438724643997,0.925948151386863,1
"fixed",NA,"k__Archaea",0.65186963859797,3.78561934585225,0.172196298423981,0.863283207846598,1
"fixed",NA,"k__Archaea:Days",-0.0228200779400701,0.149869358512373,-0.152266468386772,0.878976770849009,1
"fixed",NA,"p__Euryarchaeota",2.08156111342125,16.678554699753,0.124804645899688,0.900678209257517,1
"fixed",NA,"p__Euryarchaeota:Days",-0.00476674465041409,0.302551927300112,-0.0157551290218217,0.987429745842167,1
"fixed",NA,"p__Tenericutes",-8.27547413925845,2.97275822231029,-2.78376965780525,0.00537311775557026,1
"fixed",NA,"p__Tenericutes:Days",-0.096553393025238,0.0610691349503814,-1.58105060934116,0.113866466476956,1
"fixed",NA,"p__Lentisphaerae",3.83888944262898,52.1988414500881,0.0735435756040617,0.941373569617035,1
"fixed",NA,"p__Lentisphaerae:Days",0.102620194677526,1.80317933065938,0.0569106981943943,0.954616332199898,1
"fixed",NA,"c__CFGB2831",2306.11179270505,7587380.60781663,0.000303940438987502,0.999757490620062,1
"fixed",NA,"c__CFGB1765",0.0754716294226229,1.35511065681269,0.0556940712134439,0.955585522659772,1
"fixed",NA,"c__CFGB1765:Days",-0.00254057676404072,0.0233873041843636,-0.108630594788232,0.91349549321446,1
"fixed",NA,"c__CFGB2875",-0.798498986863291,5.14278496379523,-0.155265871018263,0.876611720265954,1
"fixed",NA,"c__CFGB2875:Days",0.00081529754171114,0.0661887562510626,0.0123177649481524,0.990172094051893,1
"fixed",NA,"c__CFGB74971",3.11361812220211,74.5459573519442,0.0417677662586341,0.966683831377646,1
"fixed",NA,"c__CFGB74971:Days",-0.0914109770093516,1.27858944703708,-0.0714936113552177,0.94300490894885,1
"fixed",NA,"c__CFGB1249",8.62132000042224,61.025205030528,0.141274740430768,0.887652903675235,1
"fixed",NA,"c__CFGB1249:Days",0.0768117768553478,1.51764261113904,0.0506125594336721,0.959634254672356,1
"fixed",NA,"c__Methanobacteria",2.08156111342125,16.678554699753,0.124804645899688,0.900678209257517,1
"fixed",NA,"c__Methanobacteria:Days",-0.00476674465041409,0.302551927300112,-0.0157551290218217,0.987429745842167,1
"fixed",NA,"c__CFGB1787",-8.28783221455487,3.02605829961904,-2.73882106488108,0.00616599222571124,1
"fixed",NA,"c__CFGB1787:Days",-0.119268207571548,0.0691494520131093,-1.72478890431318,0.0845655220841875,1
"fixed",NA,"c__Lentisphaeria",-1.91322773207134,62.8659502465443,-0.0304334496586491,0.975721368233882,1
"fixed",NA,"c__Lentisphaeria:Days",0.194660125857941,2.05787587371093,0.0945927440739725,0.924638313383214,1
"fixed",NA,"c__CFGB2915",-37.8505451329129,147.988362088756,-0.255767038696003,0.798130726823236,1
"fixed",NA,"c__CFGB2915:Days",0.436276498287383,1.85535714514319,0.23514421437912,0.81409680249775,1
"fixed",NA,"c__CFGB3043",7.66377966739549,127.250657572783,0.0602258551238692,0.951975753675427,1
"fixed",NA,"c__CFGB3043:Days",-0.37433958506534,2.19527064490349,-0.170520926854464,0.864600478119086,1
"fixed",NA,"c__CFGB12107",6.58200589967337,111.673021325744,0.0589399822941478,0.952999912123699,1
"fixed",NA,"c__CFGB12107:Days",0.738588542549869,8.65907122137278,0.0852965085593529,0.932025667185019,1
"fixed",NA,"c__CFGB2165",-5322.72629992233,3995278726.07256,-1.33225405906904e-06,0.999998937015055,1
"fixed",NA,"c__CFGB2165:Days",2221.09889512036,45200076.0280768,4.91392734326527e-05,0.999960792532415,1
"fixed",NA,"c__CFGB3047",-614.924508521498,140.242630639993,-4.38471886697582,1.16135665337606e-05,0.0461058591390298
"fixed",NA,"c__CFGB3047:Days",20.8749492994933,18.6597138430443,1.11871754706864,0.263260656910757,1
"fixed",NA,"c__CFGB2932",-262.355341524998,0.00392591161028562,-66826.6042561034,0,0
"fixed",NA,"c__CFGB2932:Days",1.87710431980328,0.00392607797105266,478.111829067925,0,0
"fixed",NA,"c__CFGB2845",17264.1033984041,10104382450.0317,1.70857580696086e-06,0.999998636753743,1
"fixed",NA,"c__CFGB2845:Days",-138.78481772868,120643818.788815,-1.15036824200352e-06,0.99999908213894,1
"fixed",NA,"c__CFGB1226",2.44107600094548,80.1776074006377,0.0304458573919239,0.975711472880511,1
"fixed",NA,"c__CFGB1226:Days",0.120680873589124,2.11235900094663,0.0571308539576096,0.954440958649733,1
"fixed",NA,"c__CFGB667",0.626703669947252,72.3378587979322,0.00866356400868706,0.99308756250758,1
"fixed",NA,"c__CFGB667:Days",0.00544417632462531,0.87071119109762,0.00625256270998696,0.995011209254018,1
"fixed",NA,"c__CFGB72939",2.81078880924343,28.8639826054978,0.0973804913777922,0.922424236714261,1
"fixed",NA,"c__CFGB72939:Days",0.0811871578836875,1.22972171897464,0.0660207562662085,0.94736130039396,1
"fixed",NA,"o__OFGB2831",2306.11179270505,7587380.60781663,0.000303940438987502,0.999757490620062,1
"fixed",NA,"o__OFGB1765",0.0754716294226229,1.35511065681269,0.0556940712134439,0.955585522659772,1
"fixed",NA,"o__OFGB1765:Days",-0.00254057676404072,0.0233873041843636,-0.108630594788232,0.91349549321446,1
"fixed",NA,"o__OFGB2875",-0.798498986863291,5.14278496379523,-0.155265871018263,0.876611720265954,1
"fixed",NA,"o__OFGB2875:Days",0.00081529754171114,0.0661887562510626,0.0123177649481524,0.990172094051893,1
"fixed",NA,"o__OFGB74971",3.11361812220211,74.5459573519442,0.0417677662586341,0.966683831377646,1
"fixed",NA,"o__OFGB74971:Days",-0.0914109770093516,1.27858944703708,-0.0714936113552177,0.94300490894885,1
"fixed",NA,"o__OFGB1249",8.62132000042224,61.025205030528,0.141274740430768,0.887652903675235,1
"fixed",NA,"o__OFGB1249:Days",0.0768117768553478,1.51764261113904,0.0506125594336721,0.959634254672356,1
"fixed",NA,"o__Methanobacteriales",2.08156111342125,16.678554699753,0.124804645899688,0.900678209257517,1
"fixed",NA,"o__Methanobacteriales:Days",-0.00476674465041409,0.302551927300112,-0.0157551290218217,0.987429745842167,1
"fixed",NA,"o__OFGB1787",-8.28783221455487,3.02605829961904,-2.73882106488108,0.00616599222571124,1
"fixed",NA,"o__OFGB1787:Days",-0.119268207571548,0.0691494520131093,-1.72478890431318,0.0845655220841875,1
"fixed",NA,"o__Victivallales",-1.91322773207134,62.8659502465443,-0.0304334496586491,0.975721368233882,1
"fixed",NA,"o__Victivallales:Days",0.194660125857941,2.05787587371093,0.0945927440739725,0.924638313383214,1
"fixed",NA,"o__OFGB2915",-37.8505451329129,147.988362088756,-0.255767038696003,0.798130726823236,1
"fixed",NA,"o__OFGB2915:Days",0.436276498287383,1.85535714514319,0.23514421437912,0.81409680249775,1
"fixed",NA,"o__OFGB3043",7.66377966739549,127.250657572783,0.0602258551238692,0.951975753675427,1
"fixed",NA,"o__OFGB3043:Days",-0.37433958506534,2.19527064490349,-0.170520926854464,0.864600478119086,1
"fixed",NA,"o__OFGB12107",6.58200589967337,111.673021325744,0.0589399822941478,0.952999912123699,1
"fixed",NA,"o__OFGB12107:Days",0.738588542549869,8.65907122137278,0.0852965085593529,0.932025667185019,1
"fixed",NA,"o__OFGB2165",-5322.72629992233,3995278726.07256,-1.33225405906904e-06,0.999998937015055,1
"fixed",NA,"o__OFGB2165:Days",2221.09889512036,45200076.0280768,4.91392734326527e-05,0.999960792532415,1
"fixed",NA,"o__OFGB3047",-614.924508521498,140.242630639993,-4.38471886697582,1.16135665337606e-05,0.0461058591390298
"fixed",NA,"o__OFGB3047:Days",20.8749492994933,18.6597138430443,1.11871754706864,0.263260656910757,1
"fixed",NA,"o__OFGB2932",-262.355341524998,0.00392591161028562,-66826.6042561034,0,0
"fixed",NA,"o__OFGB2932:Days",1.87710431980328,0.00392607797105266,478.111829067925,0,0
"fixed",NA,"o__OFGB2845",17264.1033984041,10104382450.0317,1.70857580696086e-06,0.999998636753743,1
"fixed",NA,"o__OFGB2845:Days",-138.78481772868,120643818.788815,-1.15036824200352e-06,0.99999908213894,1
"fixed",NA,"o__OFGB1226",2.44107600094548,80.1776074006377,0.0304458573919239,0.975711472880511,1
"fixed",NA,"o__OFGB1226:Days",0.120680873589124,2.11235900094663,0.0571308539576096,0.954440958649733,1
"fixed",NA,"o__OFGB667",0.626703669947252,72.3378587979322,0.00866356400868706,0.99308756250758,1
"fixed",NA,"o__OFGB667:Days",0.00544417632462531,0.87071119109762,0.00625256270998696,0.995011209254018,1
"fixed",NA,"o__OFGB72939",2.81078880924343,28.8639826054978,0.0973804913777922,0.922424236714261,1
"fixed",NA,"o__OFGB72939:Days",0.0811871578836875,1.22972171897464,0.0660207562662085,0.94736130039396,1
"fixed",NA,"f__FGB2831",2306.11179270505,7587380.60781663,0.000303940438987502,0.999757490620062,1
"fixed",NA,"f__FGB1765",0.0754716294226229,1.35511065681269,0.0556940712134439,0.955585522659772,1
"fixed",NA,"f__FGB1765:Days",-0.00254057676404072,0.0233873041843636,-0.108630594788232,0.91349549321446,1
"fixed",NA,"f__FGB2875",-0.798498986863291,5.14278496379523,-0.155265871018263,0.876611720265954,1
"fixed",NA,"f__FGB2875:Days",0.00081529754171114,0.0661887562510626,0.0123177649481524,0.990172094051893,1
"fixed",NA,"f__FGB74971",3.11361812220211,74.5459573519442,0.0417677662586341,0.966683831377646,1
"fixed",NA,"f__FGB74971:Days",-0.0914109770093516,1.27858944703708,-0.0714936113552177,0.94300490894885,1
"fixed",NA,"f__FGB1249",8.62132000042224,61.025205030528,0.141274740430768,0.887652903675235,1
"fixed",NA,"f__FGB1249:Days",0.0768117768553478,1.51764261113904,0.0506125594336721,0.959634254672356,1
"fixed",NA,"f__Methanobacteriaceae",2.08156111342125,16.678554699753,0.124804645899688,0.900678209257517,1
"fixed",NA,"f__Methanobacteriaceae:Days",-0.00476674465041409,0.302551927300112,-0.0157551290218217,0.987429745842167,1
"fixed",NA,"f__FGB1787",-8.28783221455487,3.02605829961904,-2.73882106488108,0.00616599222571124,1
"fixed",NA,"f__FGB1787:Days",-0.119268207571548,0.0691494520131093,-1.72478890431318,0.0845655220841875,1
"fixed",NA,"f__Victivallaceae",-1.91322773207134,62.8659502465443,-0.0304334496586491,0.975721368233882,1
"fixed",NA,"f__Victivallaceae:Days",0.194660125857941,2.05787587371093,0.0945927440739725,0.924638313383214,1
"fixed",NA,"f__FGB2915",-37.8505451329129,147.988362088756,-0.255767038696003,0.798130726823236,1
"fixed",NA,"f__FGB2915:Days",0.436276498287383,1.85535714514319,0.23514421437912,0.81409680249775,1
"fixed",NA,"f__FGB3043",7.66377966739549,127.250657572783,0.0602258551238692,0.951975753675427,1
"fixed",NA,"f__FGB3043:Days",-0.37433958506534,2.19527064490349,-0.170520926854464,0.864600478119086,1
"fixed",NA,"f__FGB12107",6.58200589967337,111.673021325744,0.0589399822941478,0.952999912123699,1
"fixed",NA,"f__FGB12107:Days",0.738588542549869,8.65907122137278,0.0852965085593529,0.932025667185019,1
"fixed",NA,"f__FGB2165",-5322.72629992233,3995278726.07256,-1.33225405906904e-06,0.999998937015055,1
"fixed",NA,"f__FGB2165:Days",2221.09889512036,45200076.0280768,4.91392734326527e-05,0.999960792532415,1
"fixed",NA,"f__FGB3047",-614.924508521498,140.242630639993,-4.38471886697582,1.16135665337606e-05,0.0461058591390298
"fixed",NA,"f__FGB3047:Days",20.8749492994933,18.6597138430443,1.11871754706864,0.263260656910757,1
"fixed",NA,"f__FGB2932",-262.355341524998,0.00392591161028562,-66826.6042561034,0,0
"fixed",NA,"f__FGB2932:Days",1.87710431980328,0.00392607797105266,478.111829067925,0,0
"fixed",NA,"f__FGB2845",17264.1033984041,10104382450.0317,1.70857580696086e-06,0.999998636753743,1
"fixed",NA,"f__FGB2845:Days",-138.78481772868,120643818.788815,-1.15036824200352e-06,0.99999908213894,1
"fixed",NA,"f__FGB1226",2.44107600094548,80.1776074006377,0.0304458573919239,0.975711472880511,1
"fixed",NA,"f__FGB1226:Days",0.120680873589124,2.11235900094663,0.0571308539576096,0.954440958649733,1
"fixed",NA,"f__FGB667",0.626703669947252,72.3378587979322,0.00866356400868706,0.99308756250758,1
"fixed",NA,"f__FGB667:Days",0.00544417632462531,0.87071119109762,0.00625256270998696,0.995011209254018,1
"fixed",NA,"f__FGB72939",2.81078880924343,28.8639826054978,0.0973804913777922,0.922424236714261,1
"fixed",NA,"f__FGB72939:Days",0.0811871578836875,1.22972171897464,0.0660207562662085,0.94736130039396,1
"fixed",NA,"g__GGB9049",2306.11179270505,7587380.60781663,0.000303940438987502,0.999757490620062,1
"fixed",NA,"g__Rikenellaceae_unclassified",1.33333873188234,8.99628641469187,0.148209902444286,0.882177117107481,1
"fixed",NA,"g__Rikenellaceae_unclassified:Days",-0.0109248936335985,0.113645099387475,-0.0961316738907495,0.923415995665842,1
"fixed",NA,"g__GGB4581",37.4534740022576,59561789.6353246,6.28817136482496e-07,0.999999498276515,1
"fixed",NA,"g__GGB1512",-8039.65155687801,223503869.776348,-3.59709725157018e-05,0.999971299316399,1
"fixed",NA,"g__GGB1512:Days",197.558478978728,3462372.61962989,5.70586995341494e-05,0.999954473744607,1
"fixed",NA,"g__GGB9176",-0.798498986863291,5.14278496379523,-0.155265871018263,0.876611720265954,1
"fixed",NA,"g__GGB9176:Days",0.00081529754171114,0.0661887562510626,0.0123177649481524,0.990172094051893,1
"fixed",NA,"g__GGB24147",-9092.04149397455,361576309.480394,-2.5145567493181e-05,0.999979936739927,1
"fixed",NA,"g__GGB24147:Days",645.323875534351,6665528.14977824,9.68151151767052e-05,0.999922752714469,1
"fixed",NA,"g__GGB9333",66.3887190850469,179718979.138257,3.6940293898495e-07,0.999999705259098,1
"fixed",NA,"g__GGB9667",4.54712405216169,36.7726625682613,0.123655012571386,0.901588432957502,1
"fixed",NA,"g__GGB9667:Days",0.151056656300518,1.52320025135594,0.0991705825718241,0.921002831400953,1
"fixed",NA,"g__GGB9495",-2.33487348094106,30.5681020342593,-0.0763826775481266,0.939114650654909,1
"fixed",NA,"g__GGB9495:Days",0.0204553640833941,0.636422640025246,0.032141163429671,0.974359476685061,1
"fixed",NA,"g__Pseudoruminococcus",414.51872160086,18557315.4194125,2.23372137743178e-05,0.999982177482,1
"fixed",NA,"g__Pseudoruminococcus:Days",648.863874399144,1499921.32131339,0.000432598607126253,0.999654836261115,1
"fixed",NA,"g__GGB3033",-9.33973331821773,634.056021661667,-0.0147301389769017,0.988247474537995,1
"fixed",NA,"g__GGB3033:Days",0.247486160402421,7.41668202511125,0.0333688514034291,0.973380448802524,1
"fixed",NA,"g__Methanobrevibacter",2.28422558017254,17.3339593512164,0.131777485679418,0.895160295056186,1
"fixed",NA,"g__Methanobrevibacter:Days",-0.00356968827816455,0.318037828060291,-0.0112240996611505,0.99104465220492,1
"fixed",NA,"g__GGB4745",-8.28032064770135,3.08530048696494,-2.68379714802004,0.00727912572153509,1
"fixed",NA,"g__GGB4745:Days",-0.118715976336488,0.0697487720118562,-1.70205113168599,0.088745783572639,1
"fixed",NA,"g__GGB33544",-893.582464900108,0.00232286308558662,-384690.11387059,0,0
"fixed",NA,"g__GGB33544:Days",13.7843257677801,0.00232906401038185,5918.39713564599,0,0
"fixed",NA,"g__Victivallis",-243.502837227058,0.00189231611935072,-128679.788084565,0,0
"fixed",NA,"g__Victivallis:Days",13.2452850644012,0.00189172086866753,7001.71218903494,0,0
"fixed",NA,"g__GGB36267",-37.8505451329129,147.988362088756,-0.255767038696003,0.798130726823236,1
"fixed",NA,"g__GGB36267:Days",0.436276498287383,1.85535714514319,0.23514421437912,0.81409680249775,1
"fixed",NA,"g__GGB9724",8546.60636214506,590775321.499374,1.44667626610637e-05,0.999988457193428,1
"fixed",NA,"g__GGB9724:Days",278.066597374969,7015300.09016229,3.96371635997308e-05,0.999968374119138,1
"fixed",NA,"g__GGB9551",7.66377966739549,127.250657572783,0.0602258551238692,0.951975753675427,1
"fixed",NA,"g__GGB9551:Days",-0.37433958506534,2.19527064490349,-0.170520926854464,0.864600478119086,1
"fixed",NA,"g__GGB9354",14949.6687127086,2354936651.23954,6.34822542034824e-06,0.999994934848949,1
"fixed",NA,"g__GGB9354:Days",380.704028692432,28435203.6815153,1.33884755304185e-05,0.999989317542082,1
"fixed",NA,"g__Limosilactobacillus",6.18877400639192,57.8332248017924,0.107010702370519,0.914780489247715,1
"fixed",NA,"g__Limosilactobacillus:Days",14.8146895548817,90.5269498744973,0.163649494160801,0.870007079198331,1
"fixed",NA,"g__GGB3478",4.53849299183592,38.0975289182404,0.119128277363495,0.905173728163391,1
"fixed",NA,"g__GGB3478:Days",0.00740339591741847,0.774384157030665,0.00956036593750368,0.992372047822914,1
"fixed",NA,"g__GGB9062",-1556.86948491748,1638683647.7259,-9.50073241456973e-07,0.999999241951229,1
"fixed",NA,"g__GGB9062:Days",542.938051058781,23374186.8296407,2.32281043621284e-05,0.999981466654154,1
"fixed",NA,"g__GGB6133",-5322.72629992233,3995278726.07256,-1.33225405906904e-06,0.999998937015055,1
"fixed",NA,"g__GGB6133:Days",2221.09889512036,45200076.0280768,4.91392734326527e-05,0.999960792532415,1
"fixed",NA,"g__GGB52130",-614.924508521498,140.242630639993,-4.38471886697582,1.16135665337606e-05,0.0461058591390298
"fixed",NA,"g__GGB52130:Days",20.8749492994933,18.6597138430443,1.11871754706864,0.263260656910757,1
"fixed",NA,"g__GGB9694",0.0787468197568561,2.96235727006342,0.0265824856956468,0.978792742713986,1
"fixed",NA,"g__GGB9694:Days",-0.00909877767305852,0.0730312915472904,-0.124587385493063,0.900850215498659,1
"fixed",NA,"g__Turicimonas",4.11550166839057,41.2451354695763,0.0997815044498106,0.920517792070159,1
"fixed",NA,"g__Turicimonas:Days",3.05148179211694,30.5525457937652,0.0998765147989617,0.920442361581248,1
"fixed",NA,"g__Eubacteriaceae_unclassified",13.6857475706463,64.3008779099819,0.212839202441461,0.831452385107681,1
"fixed",NA,"g__Eubacteriaceae_unclassified:Days",0.362748774628674,3.9883582692745,0.0909519030482333,0.927530808389838,1
"fixed",NA,"g__GGB3475",28.7277309617575,115.581006545081,0.248550621079359,0.803708408570057,1
"fixed",NA,"g__GGB3475:Days",-0.742188800717423,4.26885689377546,-0.173861251193412,0.861974505837615,1
"fixed",NA,"g__GGB9261",-262.355341524998,0.00392591161028562,-66826.6042561034,0,0
"fixed",NA,"g__GGB9261:Days",1.87710431980328,0.00392607797105266,478.111829067925,0,0
"fixed",NA,"g__GGB9115",6370.00739510292,24053763039.0452,2.64823736093302e-07,0.99999978870123,1
"fixed",NA,"g__GGB9115:Days",22.3925491027244,306954211.1809,7.29507799113648e-08,0.999999941793699,1
"fixed",NA,"g__GGB1661",0.626703669947252,72.3378587979322,0.00866356400868706,0.99308756250758,1
"fixed",NA,"g__GGB1661:Days",0.00544417632462531,0.87071119109762,0.00625256270998696,0.995011209254018,1
"fixed",NA,"g__GGB74511",2.81078880924343,28.8639826054978,0.0973804913777922,0.922424236714261,1
"fixed",NA,"g__GGB74511:Days",0.0811871578836875,1.22972171897464,0.0660207562662085,0.94736130039396,1
"fixed",NA,"s__GGB9049_SGB13954",2306.11179270505,7587380.60781663,0.000303940438987502,0.999757490620062,1
"fixed",NA,"s__Roseburia_sp_AF02_12",-10.3044828978079,3.51958933506238,-2.92775148371827,0.00341422823399663,1
"fixed",NA,"s__Roseburia_sp_AF02_12:Days",0.25137947265767,0.13655200653954,1.84090647239871,0.0656352657606498,1
"fixed",NA,"s__Rikenellaceae_bacterium",1.33333873188234,8.99628641469187,0.148209902444286,0.882177117107481,1
"fixed",NA,"s__Rikenellaceae_bacterium:Days",-0.0109248936335985,0.113645099387475,-0.0961316738907495,0.923415995665842,1
"fixed",NA,"s__GGB4581_SGB6331",37.4534740022576,59561789.6353246,6.28817136482496e-07,0.999999498276515,1
"fixed",NA,"s__GGB1512_SGB2092",-8039.65155687801,223503869.776348,-3.59709725157018e-05,0.999971299316399,1
"fixed",NA,"s__GGB1512_SGB2092:Days",197.558478978728,3462372.61962989,5.70586995341494e-05,0.999954473744607,1
"fixed",NA,"s__GGB9176_SGB14114",-0.798498986863291,5.14278496379523,-0.155265871018263,0.876611720265954,1
"fixed",NA,"s__GGB9176_SGB14114:Days",0.00081529754171114,0.0661887562510626,0.0123177649481524,0.990172094051893,1
"fixed",NA,"s__GGB24147_SGB35951",-9092.04149397455,361576309.480394,-2.5145567493181e-05,0.999979936739927,1
"fixed",NA,"s__GGB24147_SGB35951:Days",645.323875534351,6665528.14977824,9.68151151767052e-05,0.999922752714469,1
"fixed",NA,"s__GGB9333_SGB14296",66.3887190850469,179718979.138257,3.6940293898495e-07,0.999999705259098,1
"fixed",NA,"s__GGB9667_SGB15164",4.54712405216169,36.7726625682613,0.123655012571386,0.901588432957502,1
"fixed",NA,"s__GGB9667_SGB15164:Days",0.151056656300518,1.52320025135594,0.0991705825718241,0.921002831400953,1
"fixed",NA,"s__GGB9495_SGB14892",-2.33487348094106,30.5681020342593,-0.0763826775481266,0.939114650654909,1
"fixed",NA,"s__GGB9495_SGB14892:Days",0.0204553640833941,0.636422640025246,0.032141163429671,0.974359476685061,1
"fixed",NA,"s__Pseudoruminococcus_massiliensis",414.51872160086,18557315.4194125,2.23372137743178e-05,0.999982177482,1
"fixed",NA,"s__Pseudoruminococcus_massiliensis:Days",648.863874399144,1499921.32131339,0.000432598607126253,0.999654836261115,1
"fixed",NA,"s__Parabacteroides_goldsteinii",1.26301487546672,85.1293016288962,0.0148364294232388,0.988162676298584,1
"fixed",NA,"s__Parabacteroides_goldsteinii:Days",-0.00158453829126441,1.18335018643964,-0.00133902737281162,0.99893161105201,1
"fixed",NA,"s__GGB3033_SGB4029",-1123.85418096439,83.9262183459349,-13.3909784464729,6.82753272968772e-41,2.71053049368602e-37
"fixed",NA,"s__GGB3033_SGB4029:Days",26.1324069442006,2.24617868073599,11.634162129808,2.7628981947197e-31,1.09687058330372e-27
"fixed",NA,"s__Methanobrevibacter_smithii",2.28422558017254,17.3339593512164,0.131777485679418,0.895160295056186,1
"fixed",NA,"s__Methanobrevibacter_smithii:Days",-0.00356968827816455,0.318037828060291,-0.0112240996611505,0.99104465220492,1
"fixed",NA,"s__Ruminococcus_lactaris",-24.39711891765,7.88682329957474,-3.09340250072111,0.00197875560614943,1
"fixed",NA,"s__Ruminococcus_lactaris:Days",0.36747796240701,0.346064510163947,1.06187705359593,0.288291503419897,1
"fixed",NA,"s__GGB4745_SGB6571",-8.28032064770135,3.08530048696494,-2.68379714802004,0.00727912572153509,1
"fixed",NA,"s__GGB4745_SGB6571:Days",-0.118715976336488,0.0697487720118562,-1.70205113168599,0.088745783572639,1
"fixed",NA,"s__GGB33544_SGB53490",-893.582464900108,0.00232286308558662,-384690.11387059,0,0
"fixed",NA,"s__GGB33544_SGB53490:Days",13.7843257677801,0.00232906401038185,5918.39713564599,0,0
"fixed",NA,"s__GGB36267_SGB14177",-37.8505451329129,147.988362088756,-0.255767038696003,0.798130726823236,1
"fixed",NA,"s__GGB36267_SGB14177:Days",0.436276498287383,1.85535714514319,0.23514421437912,0.81409680249775,1
"fixed",NA,"s__GGB9724_SGB15278",8546.60636214506,590775321.499374,1.44667626610637e-05,0.999988457193428,1
"fixed",NA,"s__GGB9724_SGB15278:Days",278.066597374969,7015300.09016229,3.96371635997308e-05,0.999968374119138,1
"fixed",NA,"s__Clostridiaceae_bacterium_AF18_31LB",20.1768256495804,87.1865253018755,0.231421375949092,0.816987460232768,1
"fixed",NA,"s__Clostridiaceae_bacterium_AF18_31LB:Days",-0.140293097566956,1.43584108712085,-0.0977079558631879,0.922164197924103,1
"fixed",NA,"s__Alistipes_ihumii",-1.45116862027204,13.1646756861666,-0.110232006839099,0.91222537915274,1
"fixed",NA,"s__Alistipes_ihumii:Days",0.252768373268399,1.03264160838216,0.244778412197056,0.806628010083455,1
"fixed",NA,"s__GGB9551_SGB14958",7.66377966739549,127.250657572783,0.0602258551238692,0.951975753675427,1
"fixed",NA,"s__GGB9551_SGB14958:Days",-0.37433958506534,2.19527064490349,-0.170520926854464,0.864600478119086,1
"fixed",NA,"s__GGB9354_SGB14327",14949.6687127086,2354936651.23954,6.34822542034824e-06,0.999994934848949,1
"fixed",NA,"s__GGB9354_SGB14327:Days",380.704028692432,28435203.6815153,1.33884755304185e-05,0.999989317542082,1
"fixed",NA,"s__Limosilactobacillus_fermentum",-393.535458141594,161180861.319606,-2.44157684057323e-06,0.999998051903535,1
"fixed",NA,"s__Limosilactobacillus_fermentum:Days",3304.484309226,13987433.262033,0.00023624665421608,0.999811502443813,1
"fixed",NA,"s__Clostridium_sp_AM49_4BH",1.91371900627113,9.80834959416216,0.195111214980567,0.845305883019562,1
"fixed",NA,"s__Clostridium_sp_AM49_4BH:Days",-0.0179489218726118,0.174800149108822,-0.102682531817737,0.918214937942729,1
"fixed",NA,"s__GGB3478_SGB4643",4.53849299183592,38.0975289182404,0.119128277363495,0.905173728163391,1
"fixed",NA,"s__GGB3478_SGB4643:Days",0.00740339591741847,0.774384157030665,0.00956036593750368,0.992372047822914,1
"fixed",NA,"s__Butyricimonas_synergistica",-1744.40461927303,0.00239488324962082,-728388.166541824,0,0
"fixed",NA,"s__Butyricimonas_synergistica:Days",18.0904447578576,0.0024206017204686,7473.53214074203,0,0
"fixed",NA,"s__GGB9062_SGB13981",-1556.86948491748,1638683647.7259,-9.50073241456973e-07,0.999999241951229,1
"fixed",NA,"s__GGB9062_SGB13981:Days",542.938051058781,23374186.8296407,2.32281043621284e-05,0.999981466654154,1
"fixed",NA,"s__Roseburia_lenta",-44.6018225484164,141.471763482955,-0.315270139074715,0.752556555333314,1
"fixed",NA,"s__Roseburia_lenta:Days",1.29890237092733,6.4244736414871,0.202180356463672,0.839775729287465,1
"fixed",NA,"s__Bacteroides_intestinalis",0.4657794744805,3.00275473017654,0.155117389309088,0.876728773427704,1
"fixed",NA,"s__Bacteroides_intestinalis:Days",-0.00552110145934922,0.0686477683365001,-0.0804265250442766,0.935898031298455,1
"fixed",NA,"s__GGB6133_SGB8780",-5322.72629992233,3995278726.07256,-1.33225405906904e-06,0.999998937015055,1
"fixed",NA,"s__GGB6133_SGB8780:Days",2221.09889512036,45200076.0280768,4.91392734326527e-05,0.999960792532415,1
"fixed",NA,"s__GGB52130_SGB14966",-614.924508521498,140.242630639993,-4.38471886697582,1.16135665337606e-05,0.0461058591390298
"fixed",NA,"s__GGB52130_SGB14966:Days",20.8749492994933,18.6597138430443,1.11871754706864,0.263260656910757,1
"fixed",NA,"s__Alistipes_timonensis",-3507.59601993242,2229.28409257518,-1.57341813527256,0.115622030478784,1
"fixed",NA,"s__Alistipes_timonensis:Days",45.3919781018676,86.6989906672801,0.523558322334638,0.600585776018948,1
"fixed",NA,"s__GGB9694_SGB15204",0.0787468197568561,2.96235727006342,0.0265824856956468,0.978792742713986,1
"fixed",NA,"s__GGB9694_SGB15204:Days",-0.00909877767305852,0.0730312915472904,-0.124587385493063,0.900850215498659,1
"fixed",NA,"s__Slackia_piriformis",3598.83702253933,3236383455.15795,1.11199339398541e-06,0.999999112757639,1
"fixed",NA,"s__Slackia_piriformis:Days",32.9871867711926,47321960.1318849,6.97079890166389e-07,0.999999443810718,1
"fixed",NA,"s__Turicimonas_muris",4.11550166839057,41.2451354695763,0.0997815044498106,0.920517792070159,1
"fixed",NA,"s__Turicimonas_muris:Days",3.05148179211694,30.5525457937652,0.0998765147989617,0.920442361581248,1
"fixed",NA,"s__Eubacteriaceae_bacterium",-465.304629090316,0.00158765421195598,-293076.808278714,0,0
"fixed",NA,"s__Eubacteriaceae_bacterium:Days",7.97455380986184,0.00158777035614105,5022.48563781187,0,0
"fixed",NA,"s__GGB3475_SGB4638",28.7277309617575,115.581006545081,0.248550621079359,0.803708408570057,1
"fixed",NA,"s__GGB3475_SGB4638:Days",-0.742188800717423,4.26885689377546,-0.173861251193412,0.861974505837615,1
"fixed",NA,"s__GGB3057_SGB4059",-619.016013525968,0.00199530768885716,-310235.868374024,0,0
"fixed",NA,"s__GGB3057_SGB4059:Days",6.43975700685428,0.00199852231283819,3222.25924898927,0,0
"fixed",NA,"s__GGB9261_SGB14209",-262.355341524998,0.00392591161028562,-66826.6042561034,0,0
"fixed",NA,"s__GGB9261_SGB14209:Days",1.87710431980328,0.00392607797105266,478.111829067925,0,0
"fixed",NA,"s__Lachnospiraceae_bacterium_OM04_12BH",122.313437779139,194.369392014038,0.62928343044004,0.529163517097294,1
"fixed",NA,"s__Lachnospiraceae_bacterium_OM04_12BH:Days",-1.59337465167604,3.6860757370379,-0.432268560210448,0.665546234815381,1
"fixed",NA,"s__Roseburia_sp_BX1005",486.35606695029,804694087.351486,6.04398708273163e-07,0.999999517759602,1
"fixed",NA,"s__Roseburia_sp_BX1005:Days",762.218539066839,16633417.1342096,4.58245309978548e-05,0.999963437314224,1
"fixed",NA,"s__GGB9115_SGB14048",6370.00739510292,24053763039.0452,2.64823736093302e-07,0.99999978870123,1
"fixed",NA,"s__GGB9115_SGB14048:Days",22.3925491027244,306954211.1809,7.29507799113648e-08,0.999999941793699,1
"fixed",NA,"s__Mediterraneibacter_massiliensis",7548.72766711989,377060847.069897,2.00199191344854e-05,0.999984026415615,1
"fixed",NA,"s__Mediterraneibacter_massiliensis:Days",440.141563557313,22030722.1875152,1.9978535420266e-05,0.999984059435042,1
"fixed",NA,"s__GGB1661_SGB2275",0.626703669947252,72.3378587979322,0.00866356400868706,0.99308756250758,1
"fixed",NA,"s__GGB1661_SGB2275:Days",0.00544417632462531,0.87071119109762,0.00625256270998696,0.995011209254018,1
"fixed",NA,"s__GGB74511_SGB105989",-15668.9812311519,244953934.720764,-6.39670526175211e-05,0.999948961676351,1
"fixed",NA,"s__GGB74511_SGB105989:Days",586.676748782126,20922085.3816972,2.80410264119921e-05,0.99997762649796,1
"fixed",NA,"s__Collinsella_sp_AF08_23",0.457914705724682,5.05061040757514,0.090665220393535,0.927758606878784,1
"fixed",NA,"s__Collinsella_sp_AF08_23:Days",0.0259669429155052,0.822193663244624,0.0315825140430198,0.974804988205907,1
"fixed",NA,"c__CFGB1126",8.70543620512735,89.8168851942361,0.0969242719372995,0.922786533334433,1
"fixed",NA,"c__CFGB1126:Days",-0.867482588385416,2.36999329274652,-0.366027444482812,0.714344596759851,1
"fixed",NA,"o__OFGB1126",8.70543620512735,89.8168851942361,0.0969242719372995,0.922786533334433,1
"fixed",NA,"o__OFGB1126:Days",-0.867482588385416,2.36999329274652,-0.366027444482812,0.714344596759851,1
"fixed",NA,"f__FGB1126",8.70543620512735,89.8168851942361,0.0969242719372995,0.922786533334433,1
"fixed",NA,"f__FGB1126:Days",-0.867482588385416,2.36999329274652,-0.366027444482812,0.714344596759851,1
"fixed",NA,"g__GGB3740",-6487.85583187791,166.948008787496,-38.861534671768,0,0
"fixed",NA,"g__GGB3740:Days",6498.44504627099,166.947655701523,38.9250452123104,0,0
"fixed",NA,"g__Fusobacterium",-379.441359442226,1620.34315966342,-0.234173457134256,0.814850320310197,1
"fixed",NA,"g__Fusobacterium:Days",16.1841488895938,67.8857278166104,0.238402819121486,0.811568681113058,1
"fixed",NA,"g__Hungatella",-1.63718232950397,14.1380187920148,-0.115799982556867,0.907811064340699,1
"fixed",NA,"g__Hungatella:Days",0.438357129906432,2.94145600309578,0.149027260460492,0.881532122416346,1
"fixed",NA,"g__Veillonella",-59.9708845472198,27.4953651496509,-2.18112704526062,0.0291740209619907,1
"fixed",NA,"g__Veillonella:Days",1.39056410487232,0.950729653178973,1.46262830892321,0.143569112698007,1
"fixed",NA,"g__GGB2848",8.70543620512735,89.8168851942361,0.0969242719372995,0.922786533334433,1
"fixed",NA,"g__GGB2848:Days",-0.867482588385416,2.36999329274652,-0.366027444482812,0.714344596759851,1
"fixed",NA,"s__Sutterella_wadsworthensis",-6.91545736718405,2.21603754010358,-3.12064089260005,0.00180457949006101,1
"fixed",NA,"s__Sutterella_wadsworthensis:Days",0.149285847179794,0.084060848272339,1.77592601369118,0.0757451126382222,1
"fixed",NA,"s__GGB3740_SGB5076",-158.602117206762,99036291.0200297,-1.60145453321435e-06,0.999998722224153,1
"fixed",NA,"s__GGB3740_SGB5076:Days",295.44993905661,2221882.26127946,0.000132972815079084,0.999893903044155,1
"fixed",NA,"s__Butyricimonas_faecihominis",-1.70127590836259,19.5317529801829,-0.0871030833785744,0.930589574521601,1
"fixed",NA,"s__Butyricimonas_faecihominis:Days",0.811500953374259,8.63011195917199,0.0940313355392574,0.9250842648469,1
"fixed",NA,"s__Clostridium_SGB48024",-53.9140264648764,57.9499340542436,-0.930355268642938,0.352187170597578,1
"fixed",NA,"s__Clostridium_SGB48024:Days",1.55515231159801,3.45955264859465,0.449524106022711,0.653053622528348,1
"fixed",NA,"s__Anaerotruncus_colihominis",-2.67864087188076,9.19707298270154,-0.291249278647557,0.770860676385782,1
"fixed",NA,"s__Anaerotruncus_colihominis:Days",0.14511413908628,0.659664620411896,0.219981691599089,0.825885413452552,1
"fixed",NA,"s__Bacteroides_nordii",-122.929359028889,42.7790768873949,-2.87358606059848,0.00405840490746168,1
"fixed",NA,"s__Bacteroides_nordii:Days",0.564719955973667,0.734135200304287,0.769231547185858,0.44175586567698,1
"fixed",NA,"s__Bifidobacterium_dentium",-0.431529019362789,46.7881699012571,-0.00922303694018164,0.992641185550731,1
"fixed",NA,"s__Bifidobacterium_dentium:Days",-0.0802040225653752,1.28514503719066,-0.0624085377481611,0.950237496075445,1
"fixed",NA,"s__Hungatella_hathewayi",-1.63718232950397,14.1380187920148,-0.115799982556867,0.907811064340699,1
"fixed",NA,"s__Hungatella_hathewayi:Days",0.438357129906432,2.94145600309578,0.149027260460492,0.881532122416346,1
"fixed",NA,"s__Veillonella_parvula",-5.08754897388637,16.8075371558357,-0.302694495137255,0.762122693352926,1
"fixed",NA,"s__Veillonella_parvula:Days",0.352053099941944,2.04877105171157,0.171836233066566,0.863566279315944,1
"fixed",NA,"s__GGB2848_SGB3813",8.70543620512735,89.8168851942361,0.0969242719372995,0.922786533334433,1
"fixed",NA,"s__GGB2848_SGB3813:Days",-0.867482588385416,2.36999329274652,-0.366027444482812,0.714344596759851,1
"fixed",NA,"g__GGB9730",13.7861791559256,47.5991051386235,0.289631057470008,0.772098504482829,1
"fixed",NA,"g__GGB9730:Days",0.0236169252664628,1.428539139506,0.0165322213535078,0.98680979667429,1
"fixed",NA,"g__GGB4566",-0.570028704015509,6.70630871088315,-0.0849988762209012,0.932262284123487,1
"fixed",NA,"g__GGB4566:Days",0.0120288266058747,0.127176985824126,0.0945833597794922,0.924645767546373,1
"fixed",NA,"g__Drancourtella",-3915.88630306023,362.242675377457,-10.8101186558979,3.08271070202653e-27,1.22383614870453e-23
"fixed",NA,"g__Drancourtella:Days",44.6384008397802,86.4383504673723,0.516418934401459,0.605561844213488,1
"fixed",NA,"g__Massilimicrobiota",-13992.1165675719,147502911.130443,-9.48599350367947e-05,0.999924312722509,1
"fixed",NA,"g__Massilimicrobiota:Days",621.762690376598,6058508.57387326,0.000102626361388327,0.999918116010861,1
"fixed",NA,"g__Catenibacillus",12443.7983240915,10066323781.864,1.23618101242788e-06,0.999999013670256,1
"fixed",NA,"s__GGB9730_SGB15291",13.7861791559256,47.5991051386235,0.289631057470008,0.772098504482829,1
"fixed",NA,"s__GGB9730_SGB15291:Days",0.0236169252664628,1.428539139506,0.0165322213535078,0.98680979667429,1
"fixed",NA,"s__GGB4566_SGB6305",-0.570028704015509,6.70630871088315,-0.0849988762209012,0.932262284123487,1
"fixed",NA,"s__GGB4566_SGB6305:Days",0.0120288266058747,0.127176985824126,0.0945833597794922,0.924645767546373,1
"fixed",NA,"s__Clostridiaceae_unclassified_SGB15090",-19.2529076373893,10.4681739074374,-1.83918492447957,0.0658879912743997,1
"fixed",NA,"s__Clostridiaceae_unclassified_SGB15090:Days",-0.200435461063853,0.154725210483743,-1.29542858876843,0.195172421133494,1
"fixed",NA,"s__GGB36331_SGB15121",-55.3048293604477,16.281271063836,-3.39683733190161,0.000681694775171532,1
"fixed",NA,"s__GGB36331_SGB15121:Days",0.420298209090387,0.738884944952949,0.568827680089153,0.569473087998793,1
"fixed",NA,"s__Drancourtella_massiliensis",-3915.88630306023,362.242675377457,-10.8101186558979,3.08271070202653e-27,1.22383614870453e-23
"fixed",NA,"s__Drancourtella_massiliensis:Days",44.6384008397802,86.4383504673723,0.516418934401459,0.605561844213488,1
"fixed",NA,"s__Massilimicrobiota_timonensis",-13992.1165675719,147502911.130443,-9.48599350367947e-05,0.999924312722509,1
"fixed",NA,"s__Massilimicrobiota_timonensis:Days",621.762690376598,6058508.57387326,0.000102626361388327,0.999918116010861,1
"fixed",NA,"s__Enterocloster_citroniae",-17.8327691152831,58.1164951813824,-0.306845226292928,0.758961182083823,1
"fixed",NA,"s__Enterocloster_citroniae:Days",1.11111650099683,8.51598068266181,0.130474286215681,0.896191196848422,1
"fixed",NA,"s__Catenibacillus_scindens",12443.7983240915,10066323781.864,1.23618101242788e-06,0.999999013670256,1
"fixed",NA,"c__CFGB2404",0.385410171460794,2.09545871063952,0.183926397358204,0.854071195970827,1
"fixed",NA,"c__CFGB2404:Days",-0.00536540331567717,0.0276382442723626,-0.194129672739104,0.846074348082518,1
"fixed",NA,"c__CFGB77988",-85.231539556355,29.1940608738202,-2.91948214826072,0.00350613475069412,1
"fixed",NA,"c__CFGB77988:Days",3.30109471440304,12.5766853433537,0.262477324054827,0.792953465459516,1
"fixed",NA,"o__OFGB2404",0.385410171460794,2.09545871063952,0.183926397358204,0.854071195970827,1
"fixed",NA,"o__OFGB2404:Days",-0.00536540331567717,0.0276382442723626,-0.194129672739104,0.846074348082518,1
"fixed",NA,"o__OFGB77988",-85.231539556355,29.1940608738202,-2.91948214826072,0.00350613475069412,1
"fixed",NA,"o__OFGB77988:Days",3.30109471440304,12.5766853433537,0.262477324054827,0.792953465459516,1
"fixed",NA,"f__FGB2404",0.385410171460794,2.09545871063952,0.183926397358204,0.854071195970827,1
"fixed",NA,"f__FGB2404:Days",-0.00536540331567717,0.0276382442723626,-0.194129672739104,0.846074348082518,1
"fixed",NA,"f__FGB77988",-85.231539556355,29.1940608738202,-2.91948214826072,0.00350613475069412,1
"fixed",NA,"f__FGB77988:Days",3.30109471440304,12.5766853433537,0.262477324054827,0.792953465459516,1
"fixed",NA,"g__GGB47740",1080.72770921657,23755292.8160301,4.54941859730433e-05,0.999963700891418,1
"fixed",NA,"g__GGB47740:Days",1648.91599438837,36744921.1515214,4.48746641090588e-05,0.999964195198348,1
"fixed",NA,"g__GGB9355",2259.70096107055,6024135008.9782,3.75107954536669e-07,0.999999700707154,1
"fixed",NA,"g__GGB9355:Days",3422.17258404314,361196796.267306,9.47453748042256e-06,0.999992440412824,1
"fixed",NA,"s__Mediterraneibacter_SGB4586",156.931503124867,206848442.540268,7.58678678928496e-07,0.999999394661995,1
"fixed",NA,"s__Blautia_marasmi",839.045705394522,1087461897.02885,7.71563314252164e-07,0.999999384381544,1
"fixed",NA,"s__Blautia_marasmi:Days",10905.6836475481,17342169.2618707,0.00062885348902261,0.999498247543172,1
"fixed",NA,"s__GGB47740_SGB65712",1080.72770921657,23755292.8160301,4.54941859730433e-05,0.999963700891418,1
"fixed",NA,"s__GGB47740_SGB65712:Days",1648.91599438837,36744921.1515214,4.48746641090588e-05,0.999964195198348,1
"fixed",NA,"s__GGB9355_SGB14328",2259.70096107055,6024135008.9782,3.75107954536669e-07,0.999999700707154,1
"fixed",NA,"s__GGB9355_SGB14328:Days",3422.17258404314,361196796.267306,9.47453748042256e-06,0.999992440412824,1
"fixed",NA,"p__Candidatus_Melainabacteria",-9.34111584762307,3.11378108791034,-2.99992696464474,0.00270044349743183,1
"fixed",NA,"p__Candidatus_Melainabacteria:Days",8.33471873055969,4.18087409515864,1.99353497399291,0.0462028977800342,1
"fixed",NA,"c__CFGB2107",-38.1939353292302,14.9897281745942,-2.54800720095541,0.0108340234716192,1
"fixed",NA,"c__CFGB2107:Days",18.2120596077382,10.8965342112319,1.67136258691921,0.094650081079569,1
"fixed",NA,"c__CFGB668",-61443.9892370838,83560348.719665,-0.000735324710566026,0.999413295819135,1
"fixed",NA,"c__CFGB668:Days",30747.6567294857,2099068.42661197,0.0146482393521179,0.988312813934532,1
"fixed",NA,"c__CFGB2890",9.5029812055722,61.9269191163226,0.153454771223512,0.878039655118961,1
"fixed",NA,"c__CFGB2890:Days",-0.105895746185296,0.691506784071496,-0.153137682267984,0.878289700175559,1
"fixed",NA,"c__CFGB9115",3894.41274759886,10404475038.7622,3.74301705092289e-07,0.999999701350448,1
"fixed",NA,"o__OFGB2107",-38.1939353292302,14.9897281745942,-2.54800720095541,0.0108340234716192,1
"fixed",NA,"o__OFGB2107:Days",18.2120596077382,10.8965342112319,1.67136258691921,0.094650081079569,1
"fixed",NA,"o__OFGB668",-61443.9892370838,83560348.719665,-0.000735324710566026,0.999413295819135,1
"fixed",NA,"o__OFGB668:Days",30747.6567294857,2099068.42661197,0.0146482393521179,0.988312813934532,1
"fixed",NA,"o__OFGB2890",9.5029812055722,61.9269191163226,0.153454771223512,0.878039655118961,1
"fixed",NA,"o__OFGB2890:Days",-0.105895746185296,0.691506784071496,-0.153137682267984,0.878289700175559,1
"fixed",NA,"o__OFGB9115",3894.41274759886,10404475038.7622,3.74301705092289e-07,0.999999701350448,1
"fixed",NA,"f__FGB2107",-38.1939353292302,14.9897281745942,-2.54800720095541,0.0108340234716192,1
"fixed",NA,"f__FGB2107:Days",18.2120596077382,10.8965342112319,1.67136258691921,0.094650081079569,1
"fixed",NA,"f__FGB668",-61443.9892370838,83560348.719665,-0.000735324710566026,0.999413295819135,1
"fixed",NA,"f__FGB668:Days",30747.6567294857,2099068.42661197,0.0146482393521179,0.988312813934532,1
"fixed",NA,"f__FGB2890",9.5029812055722,61.9269191163226,0.153454771223512,0.878039655118961,1
"fixed",NA,"f__FGB2890:Days",-0.105895746185296,0.691506784071496,-0.153137682267984,0.878289700175559,1
"fixed",NA,"f__FGB9115",3894.41274759886,10404475038.7622,3.74301705092289e-07,0.999999701350448,1
"fixed",NA,"g__Prevotella",-0.030961957475246,1.0561150038194,-0.0293168427332945,0.976611894117156,1
"fixed",NA,"g__Prevotella:Days",-0.00886362050405574,0.0236110034249944,-0.375402109961696,0.707361435933679,1
"fixed",NA,"g__GGB4599",-6161.74801762185,39799057.5883598,-0.000154821455355868,0.999876470351584,1
"fixed",NA,"g__GGB4599:Days",6995.3544336083,618760.947735718,0.0113054232966818,0.990979769448493,1
"fixed",NA,"g__GGB4571",-5.64879977065254,2.11015162252138,-2.67696392541826,0.00742926335656593,1
"fixed",NA,"g__GGB4571:Days",-0.0771400850020779,0.0806989041360062,-0.955900031456061,0.339122743107541,1
"fixed",NA,"g__GGB5997",-17443.8838053887,8140675.92875508,-0.00214280533435463,0.998290290015301,1
"fixed",NA,"g__GGB5997:Days",8740.90415930246,3142184.41087259,0.00278179222360635,0.997780453796034,1
"fixed",NA,"g__GGB1663",-61443.9892370838,83560348.719665,-0.000735324710566026,0.999413295819135,1
"fixed",NA,"g__GGB1663:Days",30747.6567294857,2099068.42661197,0.0146482393521179,0.988312813934532,1
"fixed",NA,"g__GGB9501",22.7110749839313,68.7413926743083,0.330384272130399,0.741109623993415,1
"fixed",NA,"g__GGB9501:Days",0.0127673371874292,2.45766890387588,0.00519489715123723,0.99585509041116,1
"fixed",NA,"g__GGB9198",10.3702192300685,51.4331053203144,0.201625376602968,0.840209604983042,1
"fixed",NA,"g__GGB9198:Days",-0.115215816565993,0.57604148076082,-0.200013055333827,0.841470370749303,1
"fixed",NA,"g__GGB9186",7092.81865121491,113866630.116432,6.22905819199384e-05,0.999950299306435,1
"fixed",NA,"g__GGB9186:Days",-33.0860756858379,6634081.92390982,-4.98728777626226e-06,0.999996020720083,1
"fixed",NA,"g__GGB4593",27192.0881556693,227990468.117306,0.000119268530742603,0.999904837480956,1
"fixed",NA,"g__GGB4593:Days",-436.3411593239,3619086.25205593,-0.000120566664880126,0.999903801719778,1
"fixed",NA,"g__GGB4617",3894.41274759886,10404475038.7622,3.74301705092289e-07,0.999999701350448,1
"fixed",NA,"s__Prevotella_stercorea",-0.0494109943202575,1.06763035232832,-0.0462809943652317,0.963086287374995,1
"fixed",NA,"s__Prevotella_stercorea:Days",-0.00731057094878648,0.0240731001876829,-0.303682155260043,0.761370054378295,1
"fixed",NA,"s__GGB4599_SGB6362",-6161.74801762185,39799057.5883598,-0.000154821455355868,0.999876470351584,1
"fixed",NA,"s__GGB4599_SGB6362:Days",6995.3544336083,618760.947735718,0.0113054232966818,0.990979769448493,1
"fixed",NA,"s__GGB4571_SGB6317",-5.59616328369777,2.04812599443044,-2.73233350824885,0.0062887446760611,1
"fixed",NA,"s__GGB4571_SGB6317:Days",-0.0997579402938165,0.191347590470239,-0.52134411543234,0.602127074364107,1
"fixed",NA,"s__GGB5997_SGB8620",-17443.8838053887,8140675.92875508,-0.00214280533435463,0.998290290015301,1
"fixed",NA,"s__GGB5997_SGB8620:Days",8740.90415930246,3142184.41087259,0.00278179222360635,0.997780453796034,1
"fixed",NA,"s__GGB1663_SGB2279",-61443.9892370838,83560348.719665,-0.000735324710566026,0.999413295819135,1
"fixed",NA,"s__GGB1663_SGB2279:Days",30747.6567294857,2099068.42661197,0.0146482393521179,0.988312813934532,1
"fixed",NA,"s__Clostridia_bacterium",4206.9139035561,39042971.2547162,0.000107750864454199,0.999914027249005,1
"fixed",NA,"s__Clostridia_bacterium:Days",684.207672008485,1283998.8331043,0.000532872502971276,0.999574829277124,1
"fixed",NA,"s__GGB6007_SGB8634",-6264.90112892033,264752137.867554,-2.36632692728413e-05,0.999981119442791,1
"fixed",NA,"s__GGB6007_SGB8634:Days",4222.74251585795,5026931.76465778,0.000840023838307545,0.999329758027533,1
"fixed",NA,"s__GGB9501_SGB14898",22.7110749839313,68.7413926743083,0.330384272130399,0.741109623993415,1
"fixed",NA,"s__GGB9501_SGB14898:Days",0.0127673371874292,2.45766890387588,0.00519489715123723,0.99585509041116,1
"fixed",NA,"s__GGB9719_SGB53514",-1507.09375050427,537584395.794916,-2.80345516405058e-06,0.999997763166408,1
"fixed",NA,"s__GGB9719_SGB53514:Days",925.728285850663,22649810.1265911,4.08713486195563e-05,0.999967389381966,1
"fixed",NA,"s__GGB9198_SGB14137",10.3702192300685,51.4331053203144,0.201625376602968,0.840209604983042,1
"fixed",NA,"s__GGB9198_SGB14137:Days",-0.115215816565993,0.57604148076082,-0.200013055333827,0.841470370749303,1
"fixed",NA,"s__GGB9619_SGB15067",-6.53933054700248,331.464320203621,-0.0197286107385112,0.984259867149661,1
"fixed",NA,"s__GGB9619_SGB15067:Days",3403.41302611076,1635.31227728495,2.08120068159785,0.0374155412003891,1
"fixed",NA,"s__GGB9186_SGB14125",7092.81865121491,113866630.116432,6.22905819199384e-05,0.999950299306435,1
"fixed",NA,"s__GGB9186_SGB14125:Days",-33.0860756858379,6634081.92390982,-4.98728777626226e-06,0.999996020720083,1
"fixed",NA,"s__Holdemania_sp_1001095H_141210_F2",81.0231313276779,19907.268734595,0.00407002750642911,0.996752596856186,1
"fixed",NA,"s__Holdemania_sp_1001095H_141210_F2:Days",-1.35355220666849,311.09498055724,-0.00435092910931567,0.996528471791542,1
"fixed",NA,"s__GGB4593_SGB6353",27192.0881556693,227990468.117306,0.000119268530742603,0.999904837480956,1
"fixed",NA,"s__GGB4593_SGB6353:Days",-436.3411593239,3619086.25205593,-0.000120566664880126,0.999903801719778,1
"fixed",NA,"s__Intestinimonas_gabonensis",-807.546962396736,2865.29152608985,-0.281837626309097,0.778068018298636,1
"fixed",NA,"s__Intestinimonas_gabonensis:Days",13.3948542176409,49.5719368150435,0.270210427073247,0.786998371327846,1
"fixed",NA,"s__GGB4617_SGB6392",3894.41274759886,10404475038.7622,3.74301705092289e-07,0.999999701350448,1
"fixed",NA,"s__Veillonella_dispar",-1660.86436957473,0.00159969901804917,-1038235.53733261,0,0
"fixed",NA,"s__Veillonella_dispar:Days",10.7527563491355,0.00159996915268368,6720.60228855012,0,0
"fixed",NA,"c__CFGB14936",-0.122710651632197,1.72147246264686,-0.0712823784840114,0.943173019482676,1
"fixed",NA,"c__CFGB14936:Days",-0.0119000384829839,0.0625849284172225,-0.190142240055821,0.849197671030498,1
"fixed",NA,"c__CFGB1380",-29.161789405901,9.70250573917671,-3.00559362600031,0.00265062979603194,1
"fixed",NA,"c__CFGB1380:Days",0.403016980219092,1.32647375770288,0.303825822319332,0.761260592763495,1
"fixed",NA,"o__OFGB14936",-0.122710651632197,1.72147246264686,-0.0712823784840114,0.943173019482676,1
"fixed",NA,"o__OFGB14936:Days",-0.0119000384829839,0.0625849284172225,-0.190142240055821,0.849197671030498,1
"fixed",NA,"o__OFGB1380",-29.161789405901,9.70250573917671,-3.00559362600031,0.00265062979603194,1
"fixed",NA,"o__OFGB1380:Days",0.403016980219092,1.32647375770288,0.303825822319332,0.761260592763495,1
"fixed",NA,"f__FGB14936",-0.122710651632197,1.72147246264686,-0.0712823784840114,0.943173019482676,1
"fixed",NA,"f__FGB14936:Days",-0.0119000384829839,0.0625849284172225,-0.190142240055821,0.849197671030498,1
"fixed",NA,"f__FGB1380",-29.161789405901,9.70250573917671,-3.00559362600031,0.00265062979603194,1
"fixed",NA,"f__FGB1380:Days",0.403016980219092,1.32647375770288,0.303825822319332,0.761260592763495,1
"fixed",NA,"g__GGB6613",-13.4947111829117,4.11120938658921,-3.28241884904513,0.00102920604770354,1
"fixed",NA,"g__GGB6613:Days",-0.349270296461796,0.278111952375212,-1.25586222914498,0.209165924905384,1
"fixed",NA,"g__GGB3256",-0.122710651632197,1.72147246264686,-0.0712823784840114,0.943173019482676,1
"fixed",NA,"g__GGB3256:Days",-0.0119000384829839,0.0625849284172225,-0.190142240055821,0.849197671030498,1
"fixed",NA,"g__GGB9621",-187.448268233003,217.780234743016,-0.860722133274373,0.389391099904475,1
"fixed",NA,"g__GGB9621:Days",0.976872256058711,2.32162123258621,0.420771589416637,0.673921879450445,1
"fixed",NA,"g__GGB28640",20.1147179108437,109.522816669847,0.183657784947944,0.854281928219619,1
"fixed",NA,"g__GGB28640:Days",-0.239841977396128,1.20572150475235,-0.198919880296396,0.842325418044172,1
"fixed",NA,"g__GGB3363",-32.7004342962775,20.3803207187257,-1.60451028948882,0.108601618243654,1
"fixed",NA,"g__GGB3363:Days",-31.0938840145235,19.3848059525089,-1.60403380310851,0.108706601765483,1
"fixed",NA,"s__GGB6613_SGB9347",-13.4947111829117,4.11120938658921,-3.28241884904513,0.00102920604770354,1
"fixed",NA,"s__GGB6613_SGB9347:Days",-0.349270296461796,0.278111952375212,-1.25586222914498,0.209165924905384,1
"fixed",NA,"s__GGB3256_SGB4303",-0.122710651632197,1.72147246264686,-0.0712823784840114,0.943173019482676,1
"fixed",NA,"s__GGB3256_SGB4303:Days",-0.0119000384829839,0.0625849284172225,-0.190142240055821,0.849197671030498,1
"fixed",NA,"s__Jutongia_hominis",3512.59817315349,486652652.113207,7.21787533243808e-06,0.99999424096871,1
"fixed",NA,"s__Jutongia_hominis:Days",-351.037026768068,3766545.16309808,-9.31986771875931e-05,0.999925638214492,1
"fixed",NA,"s__GGB9621_SGB15073",-187.448268233003,217.780234743016,-0.860722133274373,0.389391099904475,1
"fixed",NA,"s__GGB9621_SGB15073:Days",0.976872256058711,2.32162123258621,0.420771589416637,0.673921879450445,1
"fixed",NA,"s__GGB28640_SGB4673",20.1147179108437,109.522816669847,0.183657784947944,0.854281928219619,1
"fixed",NA,"s__GGB28640_SGB4673:Days",-0.239841977396128,1.20572150475235,-0.198919880296396,0.842325418044172,1
"fixed",NA,"s__Eubacterium_callanderi",5492.04854880242,1206362380.19611,4.5525694757736e-06,0.999996367575103,1
"fixed",NA,"s__Eubacterium_callanderi:Days",-7591.41247639484,16083299.4220547,-0.000472005916023978,0.999623393780981,1
"fixed",NA,"s__GGB3363_SGB4447",3069.12433885226,684862282.796941,4.4813744543182e-06,0.999996424380512,1
"fixed",NA,"s__GGB3363_SGB4447:Days",-4382.57017490694,23867451.8249064,-0.000183621201251723,0.999853491479308,1
"fixed",NA,"p__Candidatus_Thermoplasmatota",-6009.5242048468,58690567.74788,-0.000102393356129425,0.999918301922158,1
"fixed",NA,"p__Candidatus_Thermoplasmatota:Days",-3093.81142364376,1180896.36388895,-0.00261988394430748,0.997909637441044,1
"fixed",NA,"c__Thermoplasmata",-6009.5242048468,58690567.74788,-0.000102393356129425,0.999918301922158,1
"fixed",NA,"c__Thermoplasmata:Days",-3093.81142364376,1180896.36388895,-0.00261988394430748,0.997909637441044,1
"fixed",NA,"c__CFGB2839",-6104.83278421343,284425972.027964,-2.14636966543028e-05,0.999982874447823,1
"fixed",NA,"c__CFGB2839:Days",45.4730779674908,5477596.01464079,8.30164872435793e-06,0.999993376242654,1
"fixed",NA,"c__CFGB2985",-8.41742907377918,41.2194115585453,-0.204210316341456,0.838189149950077,1
"fixed",NA,"c__CFGB2985:Days",-0.112556839143016,0.66381019059108,-0.169561782476993,0.865354780401374,1
"fixed",NA,"c__CFGB9989",-66.7024342538618,0.0120038921250429,-5556.73389589241,0,0
"fixed",NA,"c__CFGB9989:Days",-0.11344249256003,0.0120496988501877,-9.41455002074702,4.75113063411321e-21,1.88619886174294e-17
"fixed",NA,"c__CFGB2960",-89.1800973428058,102.937195357531,-0.866354450721694,0.386295814543418,1
"fixed",NA,"c__CFGB2960:Days",-0.905645050913068,1.21821219650568,-0.743421428147593,0.457226575015227,1
"fixed",NA,"c__CFGB45555",-4091.51303981541,973548465.082178,-4.20268038681572e-06,0.999996646746205,1
"fixed",NA,"c__CFGB45555:Days",-275.498936770433,27465351.4802295,-1.00307813999303e-05,0.999991996594388,1
"fixed",NA,"c__CFGB10021",-2708.75062413342,1385660447.14815,-1.95484444238005e-06,0.999998440259801,1
"fixed",NA,"c__CFGB10021:Days",-4157.8609173711,23346095.4797682,-0.000178096629518813,0.999857899449727,1
"fixed",NA,"c__CFGB2950",-4665.3263731122,830339767.465611,-5.61857513744266e-06,0.999995517025644,1
"fixed",NA,"c__CFGB2950:Days",-253.669271625287,19824258.5554201,-1.27959020972278e-05,0.999989790347275,1
"fixed",NA,"c__CFGB2844",-538.898825578124,295.550412729781,-1.82337361873635,0.0682468231188042,1
"fixed",NA,"c__CFGB2844:Days",5.97833662836367,5.97607572004724,1.00037832658459,0.317127454580869,1
"fixed",NA,"c__CFGB1838",-3815.1741286025,2195968771.21922,-1.73735354464276e-06,0.99999861379243,1
"fixed",NA,"c__CFGB1838:Days",9.23100884954315,37626818.4599938,2.45330570783121e-07,0.999999804254525,1
"fixed",NA,"c__CFGB2918",-69.9914050189111,21.9524745168526,-3.18831505601702,0.00143104521049026,1
"fixed",NA,"c__CFGB2918:Days",0.552067839323935,0.997929604418697,0.553213209508419,0.580117422744519,1
"fixed",NA,"c__CFGB9272",17.1890183608246,148.649114181745,0.115634852285824,0.907941940047499,1
"fixed",NA,"c__CFGB9272:Days",-0.888656676428655,7.05259341495385,-0.126004240446416,0.899728567940647,1
"fixed",NA,"c__CFGB2997",-9531.09361292924,3684572248.08092,-2.58675715149661e-06,0.999997936066406,1
"fixed",NA,"c__CFGB2997:Days",78.7765078254801,37680568.3701668,2.0906401159238e-06,0.999998331910529,1
"fixed",NA,"c__CFGB3048",103.550871678167,163.67511654431,0.632661053582532,0.526955008099953,1
"fixed",NA,"c__CFGB3048:Days",-5.07166763424017,48.1361958550742,-0.10536079023589,0.91608952770235,1
"fixed",NA,"c__CFGB9714",-13004.5263502055,61128925333.2244,-2.1273932560266e-07,0.999999830258577,1
"fixed",NA,"c__CFGB9714:Days",-346.680403977896,837629092.92122,-4.13882954768026e-07,0.99999966976918,1
"fixed",NA,"o__Methanomassiliicoccales",-6009.5242048468,58690567.74788,-0.000102393356129425,0.999918301922158,1
"fixed",NA,"o__Methanomassiliicoccales:Days",-3093.81142364376,1180896.36388895,-0.00261988394430748,0.997909637441044,1
"fixed",NA,"o__OFGB2839",-6104.83278421343,284425972.027964,-2.14636966543028e-05,0.999982874447823,1
"fixed",NA,"o__OFGB2839:Days",45.4730779674908,5477596.01464079,8.30164872435793e-06,0.999993376242654,1
"fixed",NA,"o__OFGB2985",-8.41742907377918,41.2194115585453,-0.204210316341456,0.838189149950077,1
"fixed",NA,"o__OFGB2985:Days",-0.112556839143016,0.66381019059108,-0.169561782476993,0.865354780401374,1
"fixed",NA,"o__OFGB9989",-66.7024342538618,0.0120038921250429,-5556.73389589241,0,0
"fixed",NA,"o__OFGB9989:Days",-0.11344249256003,0.0120496988501877,-9.41455002074702,4.75113063411321e-21,1.88619886174294e-17
"fixed",NA,"o__OFGB2960",-89.1800973428058,102.937195357531,-0.866354450721694,0.386295814543418,1
"fixed",NA,"o__OFGB2960:Days",-0.905645050913068,1.21821219650568,-0.743421428147593,0.457226575015227,1
"fixed",NA,"o__OFGB45555",-4091.51303981541,973548465.082178,-4.20268038681572e-06,0.999996646746205,1
"fixed",NA,"o__OFGB45555:Days",-275.498936770433,27465351.4802295,-1.00307813999303e-05,0.999991996594388,1
"fixed",NA,"o__OFGB10021",-2708.75062413342,1385660447.14815,-1.95484444238005e-06,0.999998440259801,1
"fixed",NA,"o__OFGB10021:Days",-4157.8609173711,23346095.4797682,-0.000178096629518813,0.999857899449727,1
"fixed",NA,"o__OFGB2950",-4665.3263731122,830339767.465611,-5.61857513744266e-06,0.999995517025644,1
"fixed",NA,"o__OFGB2950:Days",-253.669271625287,19824258.5554201,-1.27959020972278e-05,0.999989790347275,1
"fixed",NA,"o__OFGB2844",-538.898825578124,295.550412729781,-1.82337361873635,0.0682468231188042,1
"fixed",NA,"o__OFGB2844:Days",5.97833662836367,5.97607572004724,1.00037832658459,0.317127454580869,1
"fixed",NA,"o__OFGB1838",-3815.1741286025,2195968771.21922,-1.73735354464276e-06,0.99999861379243,1
"fixed",NA,"o__OFGB1838:Days",9.23100884954315,37626818.4599938,2.45330570783121e-07,0.999999804254525,1
"fixed",NA,"o__OFGB2918",-69.9914050189111,21.9524745168526,-3.18831505601702,0.00143104521049026,1
"fixed",NA,"o__OFGB2918:Days",0.552067839323935,0.997929604418697,0.553213209508419,0.580117422744519,1
"fixed",NA,"o__OFGB9272",17.1890183608246,148.649114181745,0.115634852285824,0.907941940047499,1
"fixed",NA,"o__OFGB9272:Days",-0.888656676428655,7.05259341495385,-0.126004240446416,0.899728567940647,1
"fixed",NA,"o__OFGB2997",-9531.09361292924,3684572248.08092,-2.58675715149661e-06,0.999997936066406,1
"fixed",NA,"o__OFGB2997:Days",78.7765078254801,37680568.3701668,2.0906401159238e-06,0.999998331910529,1
"fixed",NA,"o__OFGB3048",103.550871678167,163.67511654431,0.632661053582532,0.526955008099953,1
"fixed",NA,"o__OFGB3048:Days",-5.07166763424017,48.1361958550742,-0.10536079023589,0.91608952770235,1
"fixed",NA,"o__OFGB9714",-13004.5263502055,61128925333.2244,-2.1273932560266e-07,0.999999830258577,1
"fixed",NA,"o__OFGB9714:Days",-346.680403977896,837629092.92122,-4.13882954768026e-07,0.99999966976918,1
"fixed",NA,"f__Methanomassiliicoccaceae",-6009.5242048468,58690567.74788,-0.000102393356129425,0.999918301922158,1
"fixed",NA,"f__Methanomassiliicoccaceae:Days",-3093.81142364376,1180896.36388895,-0.00261988394430748,0.997909637441044,1
"fixed",NA,"f__FGB2839",-6104.83278421343,284425972.027964,-2.14636966543028e-05,0.999982874447823,1
"fixed",NA,"f__FGB2839:Days",45.4730779674908,5477596.01464079,8.30164872435793e-06,0.999993376242654,1
"fixed",NA,"f__FGB2985",-8.41742907377918,41.2194115585453,-0.204210316341456,0.838189149950077,1
"fixed",NA,"f__FGB2985:Days",-0.112556839143016,0.66381019059108,-0.169561782476993,0.865354780401374,1
"fixed",NA,"f__FGB9989",-66.7024342538618,0.0120038921250429,-5556.73389589241,0,0
"fixed",NA,"f__FGB9989:Days",-0.11344249256003,0.0120496988501877,-9.41455002074702,4.75113063411321e-21,1.88619886174294e-17
"fixed",NA,"f__FGB2960",-89.1800973428058,102.937195357531,-0.866354450721694,0.386295814543418,1
"fixed",NA,"f__FGB2960:Days",-0.905645050913068,1.21821219650568,-0.743421428147593,0.457226575015227,1
"fixed",NA,"f__FGB45555",-4091.51303981541,973548465.082178,-4.20268038681572e-06,0.999996646746205,1
"fixed",NA,"f__FGB45555:Days",-275.498936770433,27465351.4802295,-1.00307813999303e-05,0.999991996594388,1
"fixed",NA,"f__FGB10021",-2708.75062413342,1385660447.14815,-1.95484444238005e-06,0.999998440259801,1
"fixed",NA,"f__FGB10021:Days",-4157.8609173711,23346095.4797682,-0.000178096629518813,0.999857899449727,1
"fixed",NA,"f__FGB2950",-4665.3263731122,830339767.465611,-5.61857513744266e-06,0.999995517025644,1
"fixed",NA,"f__FGB2950:Days",-253.669271625287,19824258.5554201,-1.27959020972278e-05,0.999989790347275,1
"fixed",NA,"f__FGB2844",-538.898825578124,295.550412729781,-1.82337361873635,0.0682468231188042,1
"fixed",NA,"f__FGB2844:Days",5.97833662836367,5.97607572004724,1.00037832658459,0.317127454580869,1
"fixed",NA,"f__FGB1838",-3815.1741286025,2195968771.21922,-1.73735354464276e-06,0.99999861379243,1
"fixed",NA,"f__FGB1838:Days",9.23100884954315,37626818.4599938,2.45330570783121e-07,0.999999804254525,1
"fixed",NA,"f__FGB2918",-69.9914050189111,21.9524745168526,-3.18831505601702,0.00143104521049026,1
"fixed",NA,"f__FGB2918:Days",0.552067839323935,0.997929604418697,0.553213209508419,0.580117422744519,1
"fixed",NA,"f__FGB9272",17.1890183608246,148.649114181745,0.115634852285824,0.907941940047499,1
"fixed",NA,"f__FGB9272:Days",-0.888656676428655,7.05259341495385,-0.126004240446416,0.899728567940647,1
"fixed",NA,"f__FGB2997",-9531.09361292924,3684572248.08092,-2.58675715149661e-06,0.999997936066406,1
"fixed",NA,"f__FGB2997:Days",78.7765078254801,37680568.3701668,2.0906401159238e-06,0.999998331910529,1
"fixed",NA,"f__Oxalobacteraceae",84.2205732273231,105.444283150879,0.798721094313034,0.424452152498087,1
"fixed",NA,"f__Oxalobacteraceae:Days",-0.902664734210786,6.92514986008626,-0.130345877338103,0.896292784783701,1
"fixed",NA,"f__Enterococcaceae",-20.7714892845215,6.1990330249404,-3.35076280461035,0.000805892991813254,1
"fixed",NA,"f__Enterococcaceae:Days",3.08820066839261,1.43817666441409,2.14730272351536,0.0317691891518681,1
"fixed",NA,"f__FGB3048",103.550871678167,163.67511654431,0.632661053582532,0.526955008099953,1
"fixed",NA,"f__FGB3048:Days",-5.07166763424017,48.1361958550742,-0.10536079023589,0.91608952770235,1
"fixed",NA,"f__FGB9714",-13004.5263502055,61128925333.2244,-2.1273932560266e-07,0.999999830258577,1
"fixed",NA,"f__FGB9714:Days",-346.680403977896,837629092.92122,-4.13882954768026e-07,0.99999966976918,1
"fixed",NA,"g__GGB4567",0.081458981223617,1.87291055683542,0.0434932575537696,0.96530833913465,1
"fixed",NA,"g__GGB4567:Days",-0.0017442532931543,0.035824218391249,-0.0486892211884342,0.961166965934405,1
"fixed",NA,"g__GGB9088",-6104.83278421343,284425972.027964,-2.14636966543028e-05,0.999982874447823,1
"fixed",NA,"g__GGB9088:Days",45.4730779674908,5477596.01464079,8.30164872435793e-06,0.999993376242654,1
"fixed",NA,"g__GGB9349",-104.085064286644,73297780.2887446,-1.42003023661314e-06,0.999998866979798,1
"fixed",NA,"g__GGB9349:Days",-193.290682755633,2386966.80809155,-8.0977532699826e-05,0.999935389276957,1
"fixed",NA,"g__GGB9642",-6070.53713933815,164118217.448351,-3.69888074201671e-05,0.999970487201644,1
"fixed",NA,"g__GGB9642:Days",-3093.4401540234,3411855.90647924,-0.000906673739693652,0.999276579120529,1
"fixed",NA,"g__GGB9712",-66.7024342538618,0.0120038921250429,-5556.73389589241,0,0
"fixed",NA,"g__GGB9712:Days",-0.11344249256003,0.0120496988501877,-9.41455002074702,4.75113063411321e-21,1.88619886174294e-17
"fixed",NA,"g__Butyricicoccus",-1951.02192128189,831341186.455492,-2.34683659737859e-06,0.999998127495312,1
"fixed",NA,"g__Butyricicoccus:Days",-5469.96511557066,17448197.372312,-0.000313497434654812,0.999749865241135,1
"fixed",NA,"g__GGB9302",-283.718437824116,153602640.605914,-1.84709349204503e-06,0.99999852623262,1
"fixed",NA,"g__GGB9302:Days",-1144.49525452732,3692938.93781844,-0.000309914481067325,0.999752724024345,1
"fixed",NA,"g__GGB13493",-1068.42321083149,0.00227994358830929,-468618.265956216,0,0
"fixed",NA,"g__GGB13493:Days",10.0865427556985,0.00228764249227962,4409.14294507941,0,0
"fixed",NA,"g__GGB9701",-447.336018106191,110226455.780094,-4.05833622191975e-06,0.999996761916186,1
"fixed",NA,"g__GGB9701:Days",-1294.44332080369,10977221.0685326,-0.000117920857448553,0.999905912768663,1
"fixed",NA,"g__GGB9623",-2051.53564712494,20197267.8848583,-0.000101574908983752,0.999918954948496,1
"fixed",NA,"g__GGB9623:Days",-1277.51205809648,11734599.8890322,-0.000108867116917256,0.999913136608404,1
"fixed",NA,"g__GGB9819",-370.770498029932,126.861663853084,-2.92263625407999,0.00347081724831625,1
"fixed",NA,"g__GGB9819:Days",-2.22386250949154,10.5713462776177,-0.21036701013191,0.833381238633814,1
"fixed",NA,"g__GGB9593",242.487156449252,1177127134.60961,2.0599912220159e-07,0.999999835636481,1
"fixed",NA,"g__GGB9593:Days",-42.1999452790834,19979409.3796756,-2.11217181034451e-06,0.999998314730723,1
"fixed",NA,"g__GGB6568",-325.222623719945,425362376.870456,-7.64577784506296e-07,0.99999938995519,1
"fixed",NA,"g__GGB6568:Days",-683.034075450524,6399020.42674259,-0.000106740411797407,0.999914833473575,1
"fixed",NA,"g__GGB71580",-2708.75062413342,1385660447.14815,-1.95484444238005e-06,0.999998440259801,1
"fixed",NA,"g__GGB71580:Days",-4157.8609173711,23346095.4797682,-0.000178096629518813,0.999857899449727,1
"fixed",NA,"g__GGB9291",-4665.3263731122,830339767.465611,-5.61857513744266e-06,0.999995517025644,1
"fixed",NA,"g__GGB9291:Days",-253.669271625287,19824258.5554201,-1.27959020972278e-05,0.999989790347275,1
"fixed",NA,"g__GGB9786",-426.837908190472,564106697.57782,-7.56661656426422e-07,0.999999396271347,1
"fixed",NA,"g__GGB9786:Days",-1502.71483870349,14946005.7648167,-0.00010054290506437,0.999919778368486,1
"fixed",NA,"g__GGB9110",-538.898825578124,295.550412729781,-1.82337361873635,0.0682468231188042,1
"fixed",NA,"g__GGB9110:Days",5.97833662836367,5.97607572004724,1.00037832658459,0.317127454580869,1
"fixed",NA,"g__GGB9348",3.40996539158134,131.290788559831,0.0259726171880473,0.979279179399161,1
"fixed",NA,"g__GGB9348:Days",0.142739171611081,2.59287388925954,0.0550505646272843,0.956098180090241,1
"fixed",NA,"g__GGB4884",-3815.1741286025,2195968771.21922,-1.73735354464276e-06,0.99999861379243,1
"fixed",NA,"g__GGB4884:Days",9.23100884954315,37626818.4599938,2.45330570783121e-07,0.999999804254525,1
"fixed",NA,"g__Negativibacillus",-13.6007499757301,4.10701641944464,-3.31158889731667,0.000927677604018606,1
"fixed",NA,"g__Negativibacillus:Days",6.60871998106238,6.33107669168923,1.04385403982511,0.296552924946882,1
"fixed",NA,"g__GGB9637",-506.830923536482,367314347.732149,-1.37982882145968e-06,0.999998899055887,1
"fixed",NA,"g__GGB9637:Days",-1572.57413575404,7938565.43149346,-0.000198092986613855,0.999841944665411,1
"fixed",NA,"g__GGB9199",-1386.76875240886,101551020.687662,-1.36558819696566e-05,0.999989104182613,1
"fixed",NA,"g__GGB9199:Days",-396.060511875744,49637602.0512252,-7.97904200664278e-06,0.999993633645573,1
"fixed",NA,"g__GGB9289",-363.388606328536,472374723.123308,-7.69280379622848e-07,0.999999386203062,1
"fixed",NA,"g__GGB9289:Days",-1580.40154686964,10997667.7365201,-0.000143703336446652,0.999885341326908,1
"fixed",NA,"g__GGB38145",-3727.32767020327,2998608757.81952,-1.24301900355738e-06,0.999999008214328,1
"fixed",NA,"g__GGB9296",17.1890183608246,148.649114181745,0.115634852285824,0.907941940047499,1
"fixed",NA,"g__GGB9296:Days",-0.888656676428655,7.05259341495385,-0.126004240446416,0.899728567940647,1
"fixed",NA,"g__GGB9590",-277.038036977019,365058249.199849,-7.58887212066137e-07,0.99999939449561,1
"fixed",NA,"g__GGB9590:Days",-1497.7634565017,5204773.42454985,-0.000287767273295136,0.999770394938702,1
"fixed",NA,"g__GGB9444",1240.12930248446,1079902055.97231,1.14837201728252e-06,0.999999083731697,1
"fixed",NA,"g__GGB9444:Days",-66.6722989878345,27260709.4325246,-2.44572868335877e-06,0.999998048590844,1
"fixed",NA,"g__GGB4564",-1469.13603780694,1024.00004136324,-1.43470310396775,0.151371719335498,1
"fixed",NA,"g__Ellagibacter",-6459.56130898982,1074459655.2621,-6.0119161081149e-06,0.999995203184956,1
"fixed",NA,"g__Ellagibacter:Days",-6772.32571060883,34634715.034551,-0.000195535771085539,0.99984398502816,1
"fixed",NA,"g__GGB9636",-579.565002428011,815693400.005658,-7.10518195223831e-07,0.999999433088502,1
"fixed",NA,"g__GGB9636:Days",-999.853910021603,15412278.3204254,-6.48738550676529e-05,0.999948238152678,1
"fixed",NA,"g__GGB6649",59.0634755296884,370.953613683978,0.159220650105341,0.873495034965605,1
"fixed",NA,"g__GGB6649:Days",-2.30679392826089,16.402574252336,-0.140636091187477,0.888157434937502,1
"fixed",NA,"g__Enterococcus",-20.7714892845215,6.1990330249404,-3.35076280461035,0.000805892991813254,1
"fixed",NA,"g__Enterococcus:Days",3.08820066839261,1.43817666441409,2.14730272351536,0.0317691891518681,1
"fixed",NA,"g__GGB9559",-311.267557674527,1327877482.89298,-2.34409847056359e-07,0.999999812968002,1
"fixed",NA,"g__GGB9559:Days",-1055.10454801769,393238375.629237,-2.68311694231106e-06,0.999997859182417,1
"fixed",NA,"g__GGB9711",-13004.5263502055,61128925333.2244,-2.1273932560266e-07,0.999999830258577,1
"fixed",NA,"g__GGB9711:Days",-346.680403977896,837629092.92122,-4.13882954768026e-07,0.99999966976918,1
"fixed",NA,"s__Phocaeicola_coprophilus",29.7546907409595,40.732419331978,0.730491614024995,0.465089737086773,1
"fixed",NA,"s__Phocaeicola_coprophilus:Days",-1.18285276153144,2.9564163595528,-0.400096812382123,0.689085211941015,1
"fixed",NA,"s__GGB9715_SGB15265",-1.48644268857993,3.1132555310489,-0.477456050027197,0.633037409890434,1
"fixed",NA,"s__GGB9715_SGB15265:Days",5.35597310634191e-05,0.0703664551661413,0.000761154316171817,0.99939268678138,1
"fixed",NA,"s__GGB9634_SGB15095",-977.656479272384,64219962.183115,-1.52235604948617e-05,0.999987853356121,1
"fixed",NA,"s__GGB9634_SGB15095:Days",-4263.52799362899,1132749.68782263,-0.00376387479022336,0.996996869506856,1
"fixed",NA,"s__Alistipes_dispar",-14.1237382166447,4.82860286650335,-2.92501549767593,0.00344439069133076,1
"fixed",NA,"s__Alistipes_dispar:Days",-0.0636013487458052,0.514502674368411,-0.123617139257595,0.901618421411778,1
"fixed",NA,"s__Phascolarctobacterium_sp_ET69",-238.639147772812,64479524.8495847,-3.70100661147085e-06,0.999997047023965,1
"fixed",NA,"s__Phascolarctobacterium_sp_ET69:Days",-9.44850995242081,1457278.75735721,-6.48366683774062e-06,0.999994826782333,1
"fixed",NA,"s__GGB9088_SGB14017",-6104.83278421343,284425972.027964,-2.14636966543028e-05,0.999982874447823,1
"fixed",NA,"s__GGB9088_SGB14017:Days",45.4730779674908,5477596.01464079,8.30164872435793e-06,0.999993376242654,1
"fixed",NA,"s__GGB9547_SGB14954",-6.69820780921059,46.5100959496252,-0.144016211371943,0.885487668263241,1
"fixed",NA,"s__GGB9547_SGB14954:Days",0.0689702803609825,0.642316983846846,0.107377326297552,0.914489641489056,1
"fixed",NA,"s__GGB9349_SGB14316",-104.085064286644,73297780.2887446,-1.42003023661314e-06,0.999998866979798,1
"fixed",NA,"s__GGB9349_SGB14316:Days",-193.290682755633,2386966.80809155,-8.0977532699826e-05,0.999935389276957,1
"fixed",NA,"s__GGB9642_SGB15119",-6070.53713933815,164118217.448351,-3.69888074201671e-05,0.999970487201644,1
"fixed",NA,"s__GGB9642_SGB15119:Days",-3093.4401540234,3411855.90647924,-0.000906673739693652,0.999276579120529,1
"fixed",NA,"s__Butyricicoccus_SGB14990",-1835.57778145507,850612772.6396,-2.15794758848842e-06,0.999998278206936,1
"fixed",NA,"s__Butyricicoccus_SGB14990:Days",-13156.7023224019,17616770.3866088,-0.00074682827973979,0.999404117301417,1
"fixed",NA,"s__GGB9712_SGB15241",-158.260403112857,169642367.957522,-9.32906119021431e-07,0.999999255648611,1
"fixed",NA,"s__GGB9712_SGB15241:Days",-50.1894324067263,3536501.64401555,-1.41918306447437e-05,0.999988676557439,1
"fixed",NA,"s__GGB9302_SGB14263",-283.718437824116,153602640.605914,-1.84709349204503e-06,0.99999852623262,1
"fixed",NA,"s__GGB9302_SGB14263:Days",-1144.49525452732,3692938.93781844,-0.000309914481067325,0.999752724024345,1
"fixed",NA,"s__GGB13493_SGB15238",-1068.42321083149,0.00227994358830929,-468618.265956216,0,0
"fixed",NA,"s__GGB13493_SGB15238:Days",10.0865427556985,0.00228764249227962,4409.14294507941,0,0
"fixed",NA,"s__GGB9701_SGB15218",-447.336018106191,110226455.780094,-4.05833622191975e-06,0.999996761916186,1
"fixed",NA,"s__GGB9701_SGB15218:Days",-1294.44332080369,10977221.0685326,-0.000117920857448553,0.999905912768663,1
"fixed",NA,"s__GGB9623_SGB15075",-2051.53564712494,20197267.8848583,-0.000101574908983752,0.999918954948496,1
"fixed",NA,"s__GGB9623_SGB15075:Days",-1277.51205809648,11734599.8890322,-0.000108867116917256,0.999913136608404,1
"fixed",NA,"s__GGB9819_SGB15460",-370.770498029932,126.861663853084,-2.92263625407999,0.00347081724831625,1
"fixed",NA,"s__GGB9819_SGB15460:Days",-2.22386250949154,10.5713462776177,-0.21036701013191,0.833381238633814,1
"fixed",NA,"s__GGB9593_SGB15015",242.487156449252,1177127134.60961,2.0599912220159e-07,0.999999835636481,1
"fixed",NA,"s__GGB9593_SGB15015:Days",-42.1999452790834,19979409.3796756,-2.11217181034451e-06,0.999998314730723,1
"fixed",NA,"s__GGB6568_SGB9279",-325.222623719945,425362376.870456,-7.64577784506296e-07,0.99999938995519,1
"fixed",NA,"s__GGB6568_SGB9279:Days",-683.034075450524,6399020.42674259,-0.000106740411797407,0.999914833473575,1
"fixed",NA,"s__GGB71580_SGB98325",-2708.75062413342,1385660447.14815,-1.95484444238005e-06,0.999998440259801,1
"fixed",NA,"s__GGB71580_SGB98325:Days",-4157.8609173711,23346095.4797682,-0.000178096629518813,0.999857899449727,1
"fixed",NA,"s__GGB9291_SGB14248",-4665.3263731122,830339767.465611,-5.61857513744266e-06,0.999995517025644,1
"fixed",NA,"s__GGB9291_SGB14248:Days",-253.669271625287,19824258.5554201,-1.27959020972278e-05,0.999989790347275,1
"fixed",NA,"s__GGB9786_SGB15409",-426.837908190472,564106697.57782,-7.56661656426422e-07,0.999999396271347,1
"fixed",NA,"s__GGB9786_SGB15409:Days",-1502.71483870349,14946005.7648167,-0.00010054290506437,0.999919778368486,1
"fixed",NA,"s__GGB9110_SGB14043",-538.898825578124,295.550412729781,-1.82337361873635,0.0682468231188042,1
"fixed",NA,"s__GGB9110_SGB14043:Days",5.97833662836367,5.97607572004724,1.00037832658459,0.317127454580869,1
"fixed",NA,"s__Ruminococcus_callidus",0.298710861623192,7.3281190238432,0.0407622830157764,0.967485408145558,1
"fixed",NA,"s__Ruminococcus_callidus:Days",-0.0134176297047501,0.230188624455986,-0.0582897166897821,0.953517858481762,1
"fixed",NA,"s__GGB9348_SGB14315",3.40996539158134,131.290788559831,0.0259726171880473,0.979279179399161,1
"fixed",NA,"s__GGB9348_SGB14315:Days",0.142739171611081,2.59287388925954,0.0550505646272843,0.956098180090241,1
"fixed",NA,"s__GGB4884_SGB6823",-3815.1741286025,2195968771.21922,-1.73735354464276e-06,0.99999861379243,1
"fixed",NA,"s__GGB4884_SGB6823:Days",9.23100884954315,37626818.4599938,2.45330570783121e-07,0.999999804254525,1
"fixed",NA,"s__Negativibacillus_massiliensis",-13.6007499757301,4.10701641944464,-3.31158889731667,0.000927677604018606,1
"fixed",NA,"s__Negativibacillus_massiliensis:Days",6.60871998106238,6.33107669168923,1.04385403982511,0.296552924946882,1
"fixed",NA,"s__Eubacteriales_bacterium",-133.936047523233,0.00347754109775579,-38514.5836550049,0,0
"fixed",NA,"s__Eubacteriales_bacterium:Days",-0.422803372858593,0.00347810319730176,-121.561480173043,0,0
"fixed",NA,"s__GGB9634_SGB15100",-2252.4981754505,481348619.61408,-4.67955673635553e-06,0.999996266253929,1
"fixed",NA,"s__GGB9634_SGB15100:Days",-1347.0037095398,5551706.65659164,-0.000242628761363044,0.999806410259201,1
"fixed",NA,"s__GGB9637_SGB15111",-506.830923536482,367314347.732149,-1.37982882145968e-06,0.999998899055887,1
"fixed",NA,"s__GGB9637_SGB15111:Days",-1572.57413575404,7938565.43149346,-0.000198092986613855,0.999841944665411,1
"fixed",NA,"s__GGB9199_SGB14138",-1386.76875240886,101551020.687662,-1.36558819696566e-05,0.999989104182613,1
"fixed",NA,"s__GGB9199_SGB14138:Days",-396.060511875744,49637602.0512252,-7.97904200664278e-06,0.999993633645573,1
"fixed",NA,"s__Dysosmobacter_SGB15074",-292.70165561782,530762493.215857,-5.51473887772964e-07,0.999999559987499,1
"fixed",NA,"s__Dysosmobacter_SGB15074:Days",-1289.55916175997,14780754.2653824,-8.72458291780288e-05,0.999930387899993,1
"fixed",NA,"s__GGB9289_SGB14244",-363.388606328536,472374723.123308,-7.69280379622848e-07,0.999999386203062,1
"fixed",NA,"s__GGB9289_SGB14244:Days",-1580.40154686964,10997667.7365201,-0.000143703336446652,0.999885341326908,1
"fixed",NA,"s__GGB9712_SGB15244",-62.9151710645352,20.9542612982897,-3.00250007236811,0.00267771909730329,1
"fixed",NA,"s__GGB9712_SGB15244:Days",0.309777104626605,0.346491662298415,0.894039130903561,0.371300954832793,1
"fixed",NA,"s__GGB33512_SGB15202",-291.429606933401,2650303.99453144,-0.000109960822431965,0.999912263957665,1
"fixed",NA,"s__GGB33512_SGB15202:Days",-718.974593318031,78699796.3608472,-9.13566014861657e-06,0.999992710797815,1
"fixed",NA,"s__GGB38145_SGB53822",-3727.32767020327,2998608757.81952,-1.24301900355738e-06,0.999999008214328,1
"fixed",NA,"s__GGB9634_SGB15097",-1055.97524601326,963531750.753135,-1.09594234459619e-06,0.999999125564524,1
"fixed",NA,"s__GGB9634_SGB15097:Days",-1567.60367679148,13769913.1878063,-0.000113842669551443,0.9999091666918,1
"fixed",NA,"s__GGB9296_SGB14253",17.1890183608246,148.649114181745,0.115634852285824,0.907941940047499,1
"fixed",NA,"s__GGB9296_SGB14253:Days",-0.888656676428655,7.05259341495385,-0.126004240446416,0.899728567940647,1
"fixed",NA,"s__GGB9590_SGB15012",-277.038036977019,365058249.199849,-7.58887212066137e-07,0.99999939449561,1
"fixed",NA,"s__GGB9590_SGB15012:Days",-1497.7634565017,5204773.42454985,-0.000287767273295136,0.999770394938702,1
"fixed",NA,"s__GGB9444_SGB14834",1240.12930248446,1079902055.97231,1.14837201728252e-06,0.999999083731697,1
"fixed",NA,"s__GGB9444_SGB14834:Days",-66.6722989878345,27260709.4325246,-2.44572868335877e-06,0.999998048590844,1
"fixed",NA,"s__Dysosmobacter_sp_Marseille_Q4140",-7821.82250957177,161920801.624908,-4.83064710097664e-05,0.999961457012609,1
"fixed",NA,"s__Dysosmobacter_sp_Marseille_Q4140:Days",174.864770844467,4249411.7446276,4.11503477076664e-05,0.999967166772902,1
"fixed",NA,"s__GGB4564_SGB6302",-1469.13603780694,1024.00004136324,-1.43470310396775,0.151371719335498,1
"fixed",NA,"s__Ellagibacter_isourolithinifaciens",-6459.56130898982,1074459655.2621,-6.0119161081149e-06,0.999995203184956,1
"fixed",NA,"s__Ellagibacter_isourolithinifaciens:Days",-6772.32571060883,34634715.034551,-0.000195535771085539,0.99984398502816,1
"fixed",NA,"s__Butyricicoccus_intestinisimiae",25903.366996658,105060587906.822,2.46556463396452e-07,0.999999803276404,1
"fixed",NA,"s__Butyricicoccus_intestinisimiae:Days",-1217.90870389779,2746101808.7537,-4.43504570739324e-07,0.99999964613455,1
"fixed",NA,"s__GGB9636_SGB15107",-579.565002428011,815693400.005658,-7.10518195223831e-07,0.999999433088502,1
"fixed",NA,"s__GGB9636_SGB15107:Days",-999.853910021603,15412278.3204254,-6.48738550676529e-05,0.999948238152678,1
"fixed",NA,"s__GGB6649_SGB9391",59.0634755296884,370.953613683978,0.159220650105341,0.873495034965605,1
"fixed",NA,"s__GGB6649_SGB9391:Days",-2.30679392826089,16.402574252336,-0.140636091187477,0.888157434937502,1
"fixed",NA,"s__Enterococcus_faecalis",-20.8847605719838,7.00887325807405,-2.97976005600117,0.00288474249471717,1
"fixed",NA,"s__Enterococcus_faecalis:Days",0.924211744556624,0.367332436923303,2.51600907422612,0.0118692126860051,1
"fixed",NA,"s__GGB9559_SGB14969",-311.267557674527,1327877482.89298,-2.34409847056359e-07,0.999999812968002,1
"fixed",NA,"s__GGB9559_SGB14969:Days",-1055.10454801769,393238375.629237,-2.68311694231106e-06,0.999997859182417,1
"fixed",NA,"s__Clostridium_sp_1001270J_160509_D11",3.52345738076806,48.2502342863603,0.0730246688514856,0.941786487009393,1
"fixed",NA,"s__Clostridium_sp_1001270J_160509_D11:Days",0.0234720897782253,1.18908797418088,0.0197395737639971,0.984251121623956,1
"fixed",NA,"s__GGB9711_SGB15240",-13004.5263502055,61128925333.2244,-2.1273932560266e-07,0.999999830258577,1
"fixed",NA,"s__GGB9711_SGB15240:Days",-346.680403977896,837629092.92122,-4.13882954768026e-07,0.99999966976918,1
"fixed",NA,"s__GGB34228_SGB53814",-10175.358612852,1055535098.73825,-9.64000024728244e-06,0.999992308392637,1
"fixed",NA,"s__GGB34228_SGB53814:Days",-2104.64988525477,32723105.9134616,-6.43169352817749e-05,0.999948682510376,1
"fixed",NA,"c__CFGB1217",-1264.30551659952,0.00186117213460397,-679306.063685799,0,0
"fixed",NA,"c__CFGB1217:Days",13.5014842835581,0.00186247697719155,7249.20868762475,0,0
"fixed",NA,"o__OFGB1217",-1264.30551659952,0.00186117213460397,-679306.063685799,0,0
"fixed",NA,"o__OFGB1217:Days",13.5014842835581,0.00186247697719155,7249.20868762475,0,0
"fixed",NA,"f__FGB1217",-1264.30551659952,0.00186117213460397,-679306.063685799,0,0
"fixed",NA,"f__FGB1217:Days",13.5014842835581,0.00186247697719155,7249.20868762475,0,0
"fixed",NA,"g__Lachnotalea",-13.6271033259025,229.179621586843,-0.0594603622763149,0.95258543591076,1
"fixed",NA,"g__Lachnotalea:Days",1.38052351611336,11.7390886842149,0.117600569622555,0.906384153585735,1
"fixed",NA,"g__Guopingia",-1507.12702035476,942.60730511298,-1.59889172530243,0.109844662972312,1
"fixed",NA,"g__Guopingia:Days",224.747843888416,189.116418058102,1.1884100079527,0.234671915430246,1
"fixed",NA,"g__GGB2982",-1264.30551659952,0.00186117213460397,-679306.063685799,0,0
"fixed",NA,"g__GGB2982:Days",13.5014842835581,0.00186247697719155,7249.20868762475,0,0
"fixed",NA,"s__Lachnotalea_sp_AF33_28",-13.6271033259025,229.179621586843,-0.0594603622763149,0.95258543591076,1
"fixed",NA,"s__Lachnotalea_sp_AF33_28:Days",1.38052351611336,11.7390886842149,0.117600569622555,0.906384153585735,1
"fixed",NA,"s__Guopingia_tenuis",-1507.12702035476,942.60730511298,-1.59889172530243,0.109844662972312,1
"fixed",NA,"s__Guopingia_tenuis:Days",224.747843888416,189.116418058102,1.1884100079527,0.234671915430246,1
"fixed",NA,"s__Clostridium_spiroforme",-7029.3029994313,5858.23420986798,-1.19990132651076,0.230177664743479,1
"fixed",NA,"s__Clostridium_spiroforme:Days",311.426522754532,369.534480172125,0.84275362507302,0.399366249181839,1
"fixed",NA,"s__Pseudoflavonifractor_gallinarum",1347.58378827194,3535341.97797218,0.000381174946205597,0.999695866402822,1
"fixed",NA,"s__Pseudoflavonifractor_gallinarum:Days",44.4043992415745,634771.295576803,6.99533825032607e-05,0.99994418527617,1
"fixed",NA,"s__GGB2982_SGB3964",-1264.30551659952,0.00186117213460397,-679306.063685799,0,0
"fixed",NA,"s__GGB2982_SGB3964:Days",13.5014842835581,0.00186247697719155,7249.20868762475,0,0
"fixed",NA,"c__CFGB79237",1429.0790837799,892.259323939852,1.60164096405255,0.109235026833062,1
"fixed",NA,"c__CFGB79237:Days",-15.6730505805707,621.563493909101,-0.0252155262240397,0.979883052758068,1
"fixed",NA,"c__Opitutae",339.22372593142,807.71265907492,0.419980697492022,0.674499554724962,1
"fixed",NA,"c__Opitutae:Days",-10.2826199639562,28.7731099697722,-0.357369084355452,0.720815517826851,1
"fixed",NA,"c__CFGB2378",347.035346894972,162.8902169954,2.13048612308481,0.0331315002744276,1
"fixed",NA,"c__CFGB2378:Days",-5.15928410517834,7.8858998569033,-0.65424164633056,0.512956134298748,1
"fixed",NA,"c__CFGB2992",1062.79566066864,174945783.744094,6.07500013960478e-06,0.999995152851182,1
"fixed",NA,"c__CFGB2992:Days",112.300533460653,7783619.81419001,1.44278030198651e-05,0.999988488278725,1
"fixed",NA,"c__CFGB2840",-19.9856341240947,895.666244171065,-0.0223137069797593,0.982197715016285,1
"fixed",NA,"c__CFGB2840:Days",-0.224234748327993,26.7543912716569,-0.00838123155377274,0.993312823032994,1
"fixed",NA,"o__OFGB79237",1429.0790837799,892.259323939852,1.60164096405255,0.109235026833062,1
"fixed",NA,"o__OFGB79237:Days",-15.6730505805707,621.563493909101,-0.0252155262240397,0.979883052758068,1
"fixed",NA,"o__Puniceicoccales",339.22372593142,807.71265907492,0.419980697492022,0.674499554724962,1
"fixed",NA,"o__Puniceicoccales:Days",-10.2826199639562,28.7731099697722,-0.357369084355452,0.720815517826851,1
"fixed",NA,"o__OFGB2378",347.035346894972,162.8902169954,2.13048612308481,0.0331315002744276,1
"fixed",NA,"o__OFGB2378:Days",-5.15928410517834,7.8858998569033,-0.65424164633056,0.512956134298748,1
"fixed",NA,"o__OFGB2992",1062.79566066864,174945783.744094,6.07500013960478e-06,0.999995152851182,1
"fixed",NA,"o__OFGB2992:Days",112.300533460653,7783619.81419001,1.44278030198651e-05,0.999988488278725,1
"fixed",NA,"o__OFGB2840",-19.9856341240947,895.666244171065,-0.0223137069797593,0.982197715016285,1
"fixed",NA,"o__OFGB2840:Days",-0.224234748327993,26.7543912716569,-0.00838123155377274,0.993312823032994,1
"fixed",NA,"f__FGB79237",1429.0790837799,892.259323939852,1.60164096405255,0.109235026833062,1
"fixed",NA,"f__FGB79237:Days",-15.6730505805707,621.563493909101,-0.0252155262240397,0.979883052758068,1
"fixed",NA,"f__Puniceicoccaceae",339.22372593142,807.71265907492,0.419980697492022,0.674499554724962,1
"fixed",NA,"f__Puniceicoccaceae:Days",-10.2826199639562,28.7731099697722,-0.357369084355452,0.720815517826851,1
"fixed",NA,"f__FGB2378",347.035346894972,162.8902169954,2.13048612308481,0.0331315002744276,1
"fixed",NA,"f__FGB2378:Days",-5.15928410517834,7.8858998569033,-0.65424164633056,0.512956134298748,1
"fixed",NA,"f__FGB2992",1062.79566066864,174945783.744094,6.07500013960478e-06,0.999995152851182,1
"fixed",NA,"f__FGB2992:Days",112.300533460653,7783619.81419001,1.44278030198651e-05,0.999988488278725,1
"fixed",NA,"f__FGB2840",-19.9856341240947,895.666244171065,-0.0223137069797593,0.982197715016285,1
"fixed",NA,"f__FGB2840:Days",-0.224234748327993,26.7543912716569,-0.00838123155377274,0.993312823032994,1
"fixed",NA,"g__GGB6608",2307.72072932623,17612526.1834458,0.000131027241935077,0.999895455386915,1
"fixed",NA,"g__GGB6608:Days",-29.1347789922286,3773266.32599616,-7.72136829873435e-06,0.999993839239446,1
"fixed",NA,"g__GGB1550",177.996365995418,92707288.7458386,1.91998243507481e-06,0.999998468075658,1
"fixed",NA,"g__GGB1550:Days",14.7492946302575,6844549.17000492,2.15489643859874e-06,0.999998280641402,1
"fixed",NA,"g__GGB9759",54.7866953711457,224.765731530913,0.24375021493706,0.807424280138354,1
"fixed",NA,"g__GGB9759:Days",-0.4665128170413,3.27588084361935,-0.142408359556166,0.886757459713559,1
"fixed",NA,"g__GGB9061",37.9414219847299,249.192436561644,0.152257518359086,0.878983829637365,1
"fixed",NA,"g__GGB9061:Days",-0.293838311656932,13.3063851026321,-0.022082504706617,0.982382142295624,1
"fixed",NA,"g__Jilunia",1082.89828442497,1304363609.14654,8.30211972207288e-07,0.999999337586685,1
"fixed",NA,"g__Jilunia:Days",33774.9848052768,24401385.0559927,0.00138414211848118,0.998895614726346,1
"fixed",NA,"g__GGB2998",3.56130338371847,84.9159297910205,0.0419391672738307,0.966547192882199,1
"fixed",NA,"g__GGB2998:Days",-0.00337904257420464,2.65543174801769,-0.00127250213707324,0.998984690465249,1
"fixed",NA,"g__GGB6518",735.311659973334,230661.426108291,0.00318783973713975,0.997456476199441,1
"fixed",NA,"g__GGB6518:Days",-6.35598769848908,13014.6945503684,-0.00048837010149494,0.999610337051549,1
"fixed",NA,"g__GGB9412",1062.79566066864,174945783.744094,6.07500013960478e-06,0.999995152851182,1
"fixed",NA,"g__GGB9412:Days",112.300533460653,7783619.81419001,1.44278030198651e-05,0.999988488278725,1
"fixed",NA,"g__GGB9092",-2260.90315320947,996.426178712868,-2.26901219730095,0.0232675841399252,1
"fixed",NA,"g__GGB9092:Days",25.062446651912,12.0553464610116,2.07894868330552,0.0376220673917443,1
"fixed",NA,"g__Fournierella",29285.2868723846,1109915262.45351,2.63851555727312e-05,0.999978947691737,1
"fixed",NA,"g__Fournierella:Days",-296.838322124297,44552928.123714,-6.66259962308292e-06,0.999994684014626,1
"fixed",NA,"s__GGB6608_SGB9342",2307.72072932623,17612526.1834458,0.000131027241935077,0.999895455386915,1
"fixed",NA,"s__GGB6608_SGB9342:Days",-29.1347789922286,3773266.32599616,-7.72136829873435e-06,0.999993839239446,1
"fixed",NA,"s__Enterobacter_roggenkampii",0.433797275028557,10.71654864978,0.0404791961670851,0.967711092499302,1
"fixed",NA,"s__Enterobacter_roggenkampii:Days",0.248772697502339,2.19864151989272,0.113148366958192,0.909912929883304,1
"fixed",NA,"s__GGB1550_SGB2135",177.996365995418,92707288.7458386,1.91998243507481e-06,0.999998468075658,1
"fixed",NA,"s__GGB1550_SGB2135:Days",14.7492946302575,6844549.17000492,2.15489643859874e-06,0.999998280641402,1
"fixed",NA,"s__GGB9635_SGB15103",18708.7186350713,93296170.8870221,0.000200530401807452,0.999839999889499,1
"fixed",NA,"s__GGB9635_SGB15103:Days",3.66157570475655,4127387.95408404,8.87141152101642e-07,0.999999292163771,1
"fixed",NA,"s__GGB9759_SGB15370",54.7866953711457,224.765731530913,0.24375021493706,0.807424280138354,1
"fixed",NA,"s__GGB9759_SGB15370:Days",-0.4665128170413,3.27588084361935,-0.142408359556166,0.886757459713559,1
"fixed",NA,"s__GGB9061_SGB13979",37.9414219847299,249.192436561644,0.152257518359086,0.878983829637365,1
"fixed",NA,"s__GGB9061_SGB13979:Days",-0.293838311656932,13.3063851026321,-0.022082504706617,0.982382142295624,1
"fixed",NA,"s__Blautia_sp_MCC283",14.7802081665077,61.1110358013187,0.241858249867674,0.80889000157218,1
"fixed",NA,"s__Blautia_sp_MCC283:Days",-0.148103349707888,2.6130190853257,-0.056679015679454,0.954800890200708,1
"fixed",NA,"s__Jilunia_laotingensis",1082.89828442497,1304363609.14654,8.30211972207288e-07,0.999999337586685,1
"fixed",NA,"s__Jilunia_laotingensis:Days",33774.9848052768,24401385.0559927,0.00138414211848118,0.998895614726346,1
"fixed",NA,"s__Enterococcus_faecium",727.504097201496,151166693.998917,4.81259514219918e-06,0.999996160104639,1
"fixed",NA,"s__Enterococcus_faecium:Days",1098.46773694382,10324689.5957097,0.000106392325576575,0.999915111206195,1
"fixed",NA,"s__GGB2998_SGB3988",3.56130338371847,84.9159297910205,0.0419391672738307,0.966547192882199,1
"fixed",NA,"s__GGB2998_SGB3988:Days",-0.00337904257420464,2.65543174801769,-0.00127250213707324,0.998984690465249,1
"fixed",NA,"s__GGB6518_SGB9206",-121.396267868401,0.00186512649909428,-65087.417892219,0,0
"fixed",NA,"s__GGB6518_SGB9206:Days",9.50764063569738,0.00186512788148805,5097.58109889597,0,0
"fixed",NA,"s__GGB9412_SGB14770",1062.79566066864,174945783.744094,6.07500013960478e-06,0.999995152851182,1
"fixed",NA,"s__GGB9412_SGB14770:Days",112.300533460653,7783619.81419001,1.44278030198651e-05,0.999988488278725,1
"fixed",NA,"s__GGB9092_SGB14022",-2260.90315320947,996.426178712868,-2.26901219730095,0.0232675841399252,1
"fixed",NA,"s__GGB9092_SGB14022:Days",25.062446651912,12.0553464610116,2.07894868330552,0.0376220673917443,1
"fixed",NA,"s__Eubacterium_sp_AF16_48",17225.290894442,206244949.792729,8.35186069368144e-05,0.999933361793063,1
"fixed",NA,"s__Eubacterium_sp_AF16_48:Days",-64.4749290763038,4619750.18546707,-1.39563670085735e-05,0.999988864430239,1
"fixed",NA,"s__Fournierella_massiliensis",29285.2868723846,1109915262.45351,2.63851555727312e-05,0.999978947691737,1
"fixed",NA,"s__Fournierella_massiliensis:Days",-296.838322124297,44552928.123714,-6.66259962308292e-06,0.999994684014626,1
"fixed",NA,"c__CFGB10318",5009.78988722165,839805581.279153,5.96541628074319e-06,0.999995240286451,1
"fixed",NA,"c__CFGB2846",8.3602886767638,107.966091607165,0.0774343921532583,0.938277981925596,1
"fixed",NA,"c__CFGB2846:Days",0.587095033071201,15.7924737423154,0.0371756219228719,0.970344976060072,1
"fixed",NA,"c__CFGB9512",3300.23613579507,2103283917.50335,1.56908732498299e-06,0.999998748049449,1
"fixed",NA,"c__CFGB9512:Days",2187.67207274022,36226116.5085971,6.03893622497748e-05,0.999951816260253,1
"fixed",NA,"o__OFGB10318",5009.78988722165,839805581.279153,5.96541628074319e-06,0.999995240286451,1
"fixed",NA,"o__OFGB2846",8.3602886767638,107.966091607165,0.0774343921532583,0.938277981925596,1
"fixed",NA,"o__OFGB2846:Days",0.587095033071201,15.7924737423154,0.0371756219228719,0.970344976060072,1
"fixed",NA,"o__OFGB9512",3300.23613579507,2103283917.50335,1.56908732498299e-06,0.999998748049449,1
"fixed",NA,"o__OFGB9512:Days",2187.67207274022,36226116.5085971,6.03893622497748e-05,0.999951816260253,1
"fixed",NA,"f__FGB10318",5009.78988722165,839805581.279153,5.96541628074319e-06,0.999995240286451,1
"fixed",NA,"f__FGB2846",8.3602886767638,107.966091607165,0.0774343921532583,0.938277981925596,1
"fixed",NA,"f__FGB2846:Days",0.587095033071201,15.7924737423154,0.0371756219228719,0.970344976060072,1
"fixed",NA,"f__FGB9512",3300.23613579507,2103283917.50335,1.56908732498299e-06,0.999998748049449,1
"fixed",NA,"f__FGB9512:Days",2187.67207274022,36226116.5085971,6.03893622497748e-05,0.999951816260253,1
"fixed",NA,"g__GGB9695",7610.3611091046,78950915.588981,9.63935763420932e-05,0.999923089053795,1
"fixed",NA,"g__GGB9695:Days",9689.00333553527,1520992.35370246,0.00637018543318111,0.994917361768389,1
"fixed",NA,"g__GGB32451",4533.64058505754,176398023.341439,2.57011983421274e-05,0.999979493410651,1
"fixed",NA,"g__GGB9668",64.6814027968001,81730692.5311712,7.91396729840889e-07,0.999999368556768,1
"fixed",NA,"g__GGB9668:Days",0.445638995149627,2025712.41218381,2.19991244793336e-07,0.999999824472382,1
"fixed",NA,"g__GGB9765",61.8459087774,0.001730284923792,35743.19346311,0,0
"fixed",NA,"g__GGB9765:Days",275.324255941656,0.00173032906203356,159116.703280752,0,0
"fixed",NA,"g__GGB4658",5009.78988722165,839805581.279153,5.96541628074319e-06,0.999995240286451,1
"fixed",NA,"g__GGB3365",369.141274004113,121867378.694529,3.02904089641083e-06,0.999997583175035,1
"fixed",NA,"g__GGB3365:Days",7.3006331172854,6624329.17104426,1.1020939522748e-06,0.999999120656251,1
"fixed",NA,"g__GGB9117",8.3602886767638,107.966091607165,0.0774343921532583,0.938277981925596,1
"fixed",NA,"g__GGB9117:Days",0.587095033071201,15.7924737423154,0.0371756219228719,0.970344976060072,1
"fixed",NA,"g__GGB9580",-61.3097515668241,20.9971658902024,-2.91990604291182,0.00350136932506214,1
"fixed",NA,"g__GGB9580:Days",0.155445243003232,4.75558915696715,0.0326868528530262,0.973924308193415,1
"fixed",NA,"g__GGB45495",8.44198343951355,63.5078596745116,0.132928167990232,0.894250189747238,1
"fixed",NA,"g__GGB45495:Days",-0.251797911458192,1.34436042709237,-0.187299407498025,0.851425887514628,1
"fixed",NA,"g__GGB3032",4607.91547464,229122129.563339,2.01111760065332e-05,0.999983953603166,1
"fixed",NA,"g__GGB3032:Days",23.6641595332452,9477314.35590467,2.49692672887881e-06,0.999998007740714,1
"fixed",NA,"g__GGB3816",8080.99868624679,1898621558.29912,4.25624509050985e-06,0.999996604007755,1
"fixed",NA,"g__GGB3816:Days",-41.1642185940356,23015875.8991712,-1.78851410106525e-06,0.999998572972212,1
"fixed",NA,"g__GGB9116",7357.4751959475,63858174147.0703,1.15215871643976e-07,0.999999908071035,1
"fixed",NA,"g__GGB9116:Days",9512.30819227873,591366838.351535,1.60852918618074e-05,0.999987165793968,1
"fixed",NA,"s__Odoribacter_laneus",-0.112971983766408,0.414847024696666,-0.272322029666266,0.785374418858174,1
"fixed",NA,"s__Odoribacter_laneus:Days",0.00363681802197214,0.0241033064931421,0.15088461091456,0.880066740209273,1
"fixed",NA,"s__Flavonifractor_sp_An10",-7.395751304322,17.1635773679884,-0.430898008367169,0.666542531671072,1
"fixed",NA,"s__Flavonifractor_sp_An10:Days",0.297293462840492,3.32941400285173,0.0892930295198652,0.92884903357979,1
"fixed",NA,"s__GGB9695_SGB15211",164.647243367606,89749361.6463583,1.83452272358627e-06,0.999998536262642,1
"fixed",NA,"s__GGB9695_SGB15211:Days",2750.43607350949,1579223.80502885,0.00174163792665172,0.998610374690342,1
"fixed",NA,"s__GGB32451_SGB47419",4533.64058505754,176398023.341439,2.57011983421274e-05,0.999979493410651,1
"fixed",NA,"s__GGB9668_SGB15165",64.6814027968001,81730692.5311712,7.91396729840889e-07,0.999999368556768,1
"fixed",NA,"s__GGB9668_SGB15165:Days",0.445638995149627,2025712.41218381,2.19991244793336e-07,0.999999824472382,1
"fixed",NA,"s__GGB9765_SGB15382",61.8459087774,0.001730284923792,35743.19346311,0,0
"fixed",NA,"s__GGB9765_SGB15382:Days",275.324255941656,0.00173032906203356,159116.703280752,0,0
"fixed",NA,"s__GGB4658_SGB6445",5009.78988722165,839805581.279153,5.96541628074319e-06,0.999995240286451,1
"fixed",NA,"s__GGB3365_SGB4451",369.141274004113,121867378.694529,3.02904089641083e-06,0.999997583175035,1
"fixed",NA,"s__GGB3365_SGB4451:Days",7.3006331172854,6624329.17104426,1.1020939522748e-06,0.999999120656251,1
"fixed",NA,"s__Erysipelatoclostridium_sp_An15",3707.76573091308,925639503.448511,4.0056260748376e-06,0.999996803972799,1
"fixed",NA,"s__GGB9117_SGB14050",8.3602886767638,107.966091607165,0.0774343921532583,0.938277981925596,1
"fixed",NA,"s__GGB9117_SGB14050:Days",0.587095033071201,15.7924737423154,0.0371756219228719,0.970344976060072,1
"fixed",NA,"s__GGB9580_SGB14996",10.1408271514422,121.715293605407,0.0833159650776357,0.933600306133679,1
"fixed",NA,"s__GGB9580_SGB14996:Days",1.02897546223275,24.0017829524769,0.0428707927352771,0.965804531357569,1
"fixed",NA,"s__GGB45495_SGB63167",8.44198343951355,63.5078596745116,0.132928167990232,0.894250189747238,1
"fixed",NA,"s__GGB45495_SGB63167:Days",-0.251797911458192,1.34436042709237,-0.187299407498025,0.851425887514628,1
"fixed",NA,"s__GGB3032_SGB4027",4607.91547464,229122129.563339,2.01111760065332e-05,0.999983953603166,1
"fixed",NA,"s__GGB3032_SGB4027:Days",23.6641595332452,9477314.35590467,2.49692672887881e-06,0.999998007740714,1
"fixed",NA,"s__GGB3816_SGB5181",8080.99868624679,1898621558.29912,4.25624509050985e-06,0.999996604007755,1
"fixed",NA,"s__GGB3816_SGB5181:Days",-41.1642185940356,23015875.8991712,-1.78851410106525e-06,0.999998572972212,1
"fixed",NA,"s__GGB9210_SGB14149",3024.17125260532,14191517.3747992,0.000213097103906277,0.999829973112128,1
"fixed",NA,"s__GGB9210_SGB14149:Days",376.917579422554,5286478.73626679,7.12984196525354e-05,0.999943112091798,1
"fixed",NA,"s__Eubacteriales_unclassified_SGB15150",414.932345953991,390142290.672908,1.06354106148894e-06,0.999999151417007,1
"fixed",NA,"s__Eubacteriales_unclassified_SGB15150:Days",235.220236480167,22818258.260392,1.03084220450105e-05,0.999991775069204,1
"fixed",NA,"s__GGB9116_SGB14049",7357.4751959475,63858174147.0703,1.15215871643976e-07,0.999999908071035,1
"fixed",NA,"s__GGB9116_SGB14049:Days",9512.30819227873,591366838.351535,1.60852918618074e-05,0.999987165793968,1
"fixed",NA,"s__Lachnoclostridium_sp_An118",1974.77765919602,3257768651.46064,6.06174922307825e-07,0.999999516342388,1
"fixed",NA,"s__Flavonifractor_sp_An135",-56120.1918278185,189177303384.144,-2.96653936935874e-07,0.999999763304404,1
"fixed",NA,"s__Flavonifractor_sp_An135:Days",1269.27210511297,3146500058.21548,4.03391731012022e-07,0.999999678139966,1
"fixed",NA,"g__Longibaculum",39.9095986309698,169.406237843145,0.23558517761266,0.813754576315199,1
"fixed",NA,"g__Longibaculum:Days",-0.16731330244471,3.32925108902944,-0.050255537347736,0.959918755024313,1
"fixed",NA,"g__GGB3602",31.191004688633,82544687.0307691,3.77868107695488e-07,0.999999698504871,1
"fixed",NA,"g__GGB3602:Days",1340.06319488535,10073865.9417438,0.000133023727200144,0.99989386242216,1
"fixed",NA,"g__GGB9574",-624.118715870493,2391.15758213802,-0.261011118854177,0.794083932787721,1
"fixed",NA,"g__GGB9574:Days",180.856709936476,949.476073277468,0.190480534503816,0.848932595158387,1
"fixed",NA,"s__Longibaculum_muris",39.9095986309698,169.406237843145,0.23558517761266,0.813754576315199,1
"fixed",NA,"s__Longibaculum_muris:Days",-0.16731330244471,3.32925108902944,-0.050255537347736,0.959918755024313,1
"fixed",NA,"s__GGB3602_SGB4865",31.191004688633,82544687.0307691,3.77868107695488e-07,0.999999698504871,1
"fixed",NA,"s__GGB3602_SGB4865:Days",1340.06319488535,10073865.9417438,0.000133023727200144,0.99989386242216,1
"fixed",NA,"s__GGB9574_SGB14987",-624.118715870493,2391.15758213802,-0.261011118854177,0.794083932787721,1
"fixed",NA,"s__GGB9574_SGB14987:Days",180.856709936476,949.476073277468,0.190480534503816,0.848932595158387,1
"fixed",NA,"g__GGB41473",12043.209456065,152784774.531125,7.8824670148082e-05,0.999937107012744,1
"fixed",NA,"g__GGB41473:Days",-105.402578754865,3076414.387712,-3.42615023437255e-05,0.999972663276255,1
"fixed",NA,"g__Klebsiella",-0.0930019425092577,0.707745224886562,-0.13140596253993,0.895454172140584,1
"fixed",NA,"g__Klebsiella:Days",0.0335142782489337,0.338523800732267,0.099001246519265,0.92113728038874,1
"fixed",NA,"g__Veillonellaceae_unclassified",465.473416438901,542505754.746954,8.58006412588223e-07,0.99999931540993,1
"fixed",NA,"s__GGB41473_SGB58537",12043.209456065,152784774.531125,7.8824670148082e-05,0.999937107012744,1
"fixed",NA,"s__GGB41473_SGB58537:Days",-105.402578754865,3076414.387712,-3.42615023437255e-05,0.999972663276255,1
"fixed",NA,"s__Schaalia_odontolytica",-184.008343519028,118.225771085836,-1.55641483095452,0.119609480758246,1
"fixed",NA,"s__Schaalia_odontolytica:Days",2.12843546575612,4.44369690440003,0.478978542314307,0.631953893860649,1
"fixed",NA,"s__Veillonella_atypica",-1205.74886936362,22639.0810698943,-0.0532596206374751,0.957525052576407,1
"fixed",NA,"s__Veillonella_atypica:Days",29.6571630645005,650.25445171313,0.0456085506010258,0.963622253871971,1
"fixed",NA,"s__Klebsiella_oxytoca",6158.89419522606,1630921832.59393,3.77632702692473e-06,0.999996986926969,1
"fixed",NA,"s__Klebsiella_oxytoca:Days",-5756.68894433452,551888761.796072,-1.04308863358621e-05,0.999991677356837,1
"fixed",NA,"s__Veillonellaceae_bacterium",465.473416438901,542505754.746954,8.58006412588223e-07,0.99999931540993,1
"fixed",NA,"s__Actinomyces_graevenitzii",4992.03410505238,2058416.15773985,0.00242518214127003,0.998064986509146,1
"fixed",NA,"s__Actinomyces_graevenitzii:Days",-207.902480361811,76425.0197465471,-0.00272034578533693,0.99782948077491,1
"fixed",NA,"g__GGB6002",-12125.9025486235,263884948.362111,-4.59514747767424e-05,0.999963336027742,1
"fixed",NA,"g__GGB6002:Days",12316.1862554244,65028228.6520887,0.000189397535665903,0.999848882631342,1
"fixed",NA,"g__GGB45613",-1723.72454112467,8143.38460793109,-0.211671758625508,0.83236312220038,1
"fixed",NA,"g__GGB45613:Days",18214.3244598372,16026586.5375678,0.00113650679245646,0.999093198972263,1
"fixed",NA,"g__GGB2987",-48708.9500494041,416828.131818064,-0.116856196430294,0.906974010440999,1
"fixed",NA,"g__GGB2987:Days",1315.38996808735,10538.3716996455,0.124819090233039,0.900666773765794,1
"fixed",NA,"g__GGB79342",6516.62570855328,7456540444.44625,8.73947611107907e-07,0.999999302690694,1
"fixed",NA,"g__Merdimonas",-4508.43977484274,3415524206.40637,-1.31998472339515e-06,0.999998946804569,1
"fixed",NA,"g__Merdimonas:Days",623.06637071695,55264003.7156875,1.12743617694149e-05,0.999991004360811,1
"fixed",NA,"s__GGB6002_SGB24096",13686.2987887677,2327744155.39425,5.87964049100992e-06,0.999995308725629,1
"fixed",NA,"s__GGB45613_SGB63326",-1723.72454112467,8143.38460793109,-0.211671758625508,0.83236312220038,1
"fixed",NA,"s__GGB45613_SGB63326:Days",18214.3244598372,16026586.5375678,0.00113650679245646,0.999093198972263,1
"fixed",NA,"s__GGB2987_SGB3969",-48708.9500494041,416828.131818064,-0.116856196430294,0.906974010440999,1
"fixed",NA,"s__GGB2987_SGB3969:Days",1315.38996808735,10538.3716996455,0.124819090233039,0.900666773765794,1
"fixed",NA,"s__GGB79342_SGB106059",6516.62570855328,7456540444.44625,8.73947611107907e-07,0.999999302690694,1
"fixed",NA,"s__Merdimonas_faecis",-4508.43977484274,3415524206.40637,-1.31998472339515e-06,0.999998946804569,1
"fixed",NA,"s__Merdimonas_faecis:Days",623.06637071695,55264003.7156875,1.12743617694149e-05,0.999991004360811,1
"fixed",NA,"c__CFGB1325",240.195215420604,145.609543385641,1.64958429121955,0.0990279900857638,1
"fixed",NA,"c__CFGB1325:Days",-2.30739411319953,1.4374957670917,-1.60514845749271,0.108461137335749,1
"fixed",NA,"o__OFGB1325",240.195215420604,145.609543385641,1.64958429121955,0.0990279900857638,1
"fixed",NA,"o__OFGB1325:Days",-2.30739411319953,1.4374957670917,-1.60514845749271,0.108461137335749,1
"fixed",NA,"f__FGB1325",240.195215420604,145.609543385641,1.64958429121955,0.0990279900857638,1
"fixed",NA,"f__FGB1325:Days",-2.30739411319953,1.4374957670917,-1.60514845749271,0.108461137335749,1
"fixed",NA,"g__GGB3480",-1.95975983221429,19.4349435111224,-0.100836919391751,0.919679918757458,1
"fixed",NA,"g__GGB3480:Days",0.468923436181684,5.63850711336392,0.0831644665429756,0.933720766420942,1
"fixed",NA,"g__GGB3175",240.195215420604,145.609543385641,1.64958429121955,0.0990279900857638,1
"fixed",NA,"g__GGB3175:Days",-2.30739411319953,1.4374957670917,-1.60514845749271,0.108461137335749,1
"fixed",NA,"g__GGB3004",-572.850673294265,185753055.801644,-3.08393673967863e-06,0.999997539374489,1
"fixed",NA,"g__GGB3518",-518.433537887969,76157752.0183969,-6.80736398000213e-06,0.999994568509381,1
"fixed",NA,"g__Youxingia",-28693.1542624537,2838691133.71058,-1.01078817352516e-05,0.999991935077221,1
"fixed",NA,"g__Youxingia:Days",32822.2534043682,1065864539.34508,3.07940194957004e-05,0.999975429927283,1
"fixed",NA,"g__GGB51441",-12457.5940536943,1931262836.23146,-6.45049126404942e-06,0.999994853252611,1
"fixed",NA,"g__GGB51441:Days",15096.2281214527,58091896.265671,0.000259868055475643,0.999792655293024,1
"fixed",NA,"s__GGB3480_SGB4648",-1.95975983221429,19.4349435111224,-0.100836919391751,0.919679918757458,1
"fixed",NA,"s__GGB3480_SGB4648:Days",0.468923436181684,5.63850711336392,0.0831644665429756,0.933720766420942,1
"fixed",NA,"s__Akkermansia_sp_BIOML_A66",-7.73385175326,2.09701685210645,-3.68802556140231,0.000226000951338101,0.897223776812261
"fixed",NA,"s__Akkermansia_sp_BIOML_A66:Days",5.62781760800067,1.79121598382653,3.14189782740666,0.00167856599905677,1
"fixed",NA,"s__GGB3175_SGB4191",240.195215420604,145.609543385641,1.64958429121955,0.0990279900857638,1
"fixed",NA,"s__GGB3175_SGB4191:Days",-2.30739411319953,1.4374957670917,-1.60514845749271,0.108461137335749,1
"fixed",NA,"s__GGB3004_SGB106198",-572.850673294265,185753055.801644,-3.08393673967863e-06,0.999997539374489,1
"fixed",NA,"s__Clostridium_SGB4751",-1033.02709498036,1099250397.9606,-9.39755943592919e-07,0.999999250183242,1
"fixed",NA,"s__bacterium_210917_SL_2_15",-6156.45012737622,1431321093.28892,-4.3012362189324e-06,0.999996568110029,1
"fixed",NA,"s__bacterium_210917_SL_2_15:Days",-2364.04828577681,53590123.4424381,-4.4113507003134e-05,0.999964802513851,1
"fixed",NA,"s__GGB3518_SGB4697",-518.433537887969,76157752.0183969,-6.80736398000213e-06,0.999994568509381,1
"fixed",NA,"s__Faecalibacillus_SGB6753",-1827.07738749837,1265477949.61727,-1.44378445159867e-06,0.999998848026677,1
"fixed",NA,"s__Anaerotignum_sp_MSJ_24",-11180.3997412814,4383956928.70017,-2.55029871942567e-06,0.999997965156026,1
"fixed",NA,"s__Anaerotignum_sp_MSJ_24:Days",-366.1223397978,1018421148.75569,-3.59499937962923e-07,0.99999971316055,1
"fixed",NA,"s__GGB3740_SGB5077",-134.366801090369,1801660.85293604,-7.45794087002557e-05,0.999940494241299,1
"fixed",NA,"s__GGB3740_SGB5077:Days",142.298678300924,1801659.5629546,7.89820014984204e-05,0.999936981480489,1
"fixed",NA,"s__Youxingia_wuxianensis",-28693.1542624537,2838691133.71058,-1.01078817352516e-05,0.999991935077221,1
"fixed",NA,"s__Youxingia_wuxianensis:Days",32822.2534043682,1065864539.34508,3.07940194957004e-05,0.999975429927283,1
"fixed",NA,"s__GGB51441_SGB71759",-12457.5940536943,1931262836.23146,-6.45049126404942e-06,0.999994853252611,1
"fixed",NA,"s__GGB51441_SGB71759:Days",15096.2281214527,58091896.265671,0.000259868055475643,0.999792655293024,1
"fixed",NA,"g__GGB4603",-309.305883217197,3564952.35411519,-8.67629781531726e-05,0.999930773159369,1
"fixed",NA,"g__GGB4603:Days",1.48348302526258,289311.938399845,5.1276246444152e-06,0.999995908747463,1
"fixed",NA,"g__GGB4596",2.96348188371078,28.8784513725901,0.102619141361699,0.918265250433135,1
"fixed",NA,"g__GGB4596:Days",-0.0393702305206281,0.38747407225005,-0.101607393475405,0.919068310681359,1
"fixed",NA,"g__GGB3474",-341.291722393977,95552825.8970702,-3.57175959151242e-06,0.999997150148167,1
"fixed",NA,"g__GGB13727",-976.688860053486,927174136.50183,-1.05340390936537e-06,0.999999159505284,1
"fixed",NA,"g__GGB4588",-744.362399140733,24749657.5344424,-3.0075664606868e-05,0.999976003091558,1
"fixed",NA,"g__GGB9618",-11374.0084264312,2281404125.7117,-4.98552987532755e-06,0.999996022122685,1
"fixed",NA,"g__GGB9618:Days",-454.593981474205,27165766.2603529,-1.67340754211547e-05,0.999986648139583,1
"fixed",NA,"g__GGB9737",-5620.48509488071,1448.17249681251,-3.88108813504721,0.000103990143898899,0.41284087127863
"fixed",NA,"g__GGB9697",-15960.6115518754,5383382252.61985,-2.96479254173491e-06,0.999997634437805,1
"fixed",NA,"g__GGB51960",-1237.25673671222,215.878368551405,-5.73126777367508,9.96827551340345e-09,3.95740537882117e-05
"fixed",NA,"g__GGB51960:Days",8632.95823706708,215.878168432032,39.989954981414,0,0
"fixed",NA,"g__GGB35068",-2690.34144654552,1024.00641074444,-2.62727012088692,0.0086072977034214,1
"fixed",NA,"s__Ruminococcus_SGB4421",-0.463131036684488,4.87105166194654,-0.0950782436373122,0.924252678840481,1
"fixed",NA,"s__Ruminococcus_SGB4421:Days",0.000732159284501581,0.188121861897348,0.00389194151661702,0.996894687791814,1
"fixed",NA,"s__Jutongia_huaianensis",-1679.60490672143,170491499.415686,-9.85154633795716e-06,0.999992139603277,1
"fixed",NA,"s__Jutongia_huaianensis:Days",3175.57132477174,999373050.42139,3.17756349686711e-06,0.999997464671145,1
"fixed",NA,"s__GGB4603_SGB6367",-309.305883217197,3564952.35411519,-8.67629781531726e-05,0.999930773159369,1
"fixed",NA,"s__GGB4603_SGB6367:Days",1.48348302526258,289311.938399845,5.1276246444152e-06,0.999995908747463,1
"fixed",NA,"s__GGB4596_SGB6358",2.96348188371078,28.8784513725901,0.102619141361699,0.918265250433135,1
"fixed",NA,"s__GGB4596_SGB6358:Days",-0.0393702305206281,0.38747407225005,-0.101607393475405,0.919068310681359,1
"fixed",NA,"s__GGB3474_SGB4637",-341.291722393977,95552825.8970702,-3.57175959151242e-06,0.999997150148167,1
"fixed",NA,"s__GGB13727_SGB8655",-976.688860053486,927174136.50183,-1.05340390936537e-06,0.999999159505284,1
"fixed",NA,"s__GGB4588_SGB6347",-744.362399140733,24749657.5344424,-3.0075664606868e-05,0.999976003091558,1
"fixed",NA,"s__Blautia_schinkii",-1711.72949863703,98024240.9352661,-1.74623081220025e-05,0.999986067093954,1
"fixed",NA,"s__Blautia_schinkii:Days",-1333.70117882757,90126338.3507861,-1.4798128973537e-05,0.999988192801364,1
"fixed",NA,"s__GGB9618_SGB15065",-11374.0084264312,2281404125.7117,-4.98552987532755e-06,0.999996022122685,1
"fixed",NA,"s__GGB9618_SGB15065:Days",-454.593981474205,27165766.2603529,-1.67340754211547e-05,0.999986648139583,1
"fixed",NA,"s__GGB9737_SGB15309",-5620.48509488071,1448.17249681251,-3.88108813504721,0.000103990143898899,0.41284087127863
"fixed",NA,"s__GGB9697_SGB15213",-15960.6115518754,5383382252.61985,-2.96479254173491e-06,0.999997634437805,1
"fixed",NA,"s__GGB51960_SGB72480",-1237.25673671222,215.878368551405,-5.73126777367508,9.96827551340345e-09,3.95740537882117e-05
"fixed",NA,"s__GGB51960_SGB72480:Days",8632.95823706708,215.878168432032,39.989954981414,0,0
"fixed",NA,"s__GGB35068_SGB47850",-2690.34144654552,1024.00641074444,-2.62727012088692,0.0086072977034214,1
"fixed",NA,"s__Clostridium_SGB6177",15.972754514059,7098.79707671646,0.00225006495346211,0.998204709427693,1
"fixed",NA,"s__Clostridium_SGB6177:Days",-0.211896175612889,101.185251982099,-0.00209414090949121,0.998329118521426,1
"fixed",NA,"o__Aeromonadales",-12756.3462936288,2454946100.71187,-5.19618181838283e-06,0.999995854046752,1
"fixed",NA,"o__Aeromonadales:Days",2502.58522755092,2005057538.80857,1.24813636472397e-06,0.999999004131265,1
"fixed",NA,"f__Aeromonadaceae",-12756.3462936288,2454946100.71187,-5.19618181838283e-06,0.999995854046752,1
"fixed",NA,"f__Aeromonadaceae:Days",2502.58522755092,2005057538.80857,1.24813636472397e-06,0.999999004131265,1
"fixed",NA,"g__Aeromonas",-12756.3462936288,2454946100.71187,-5.19618181838283e-06,0.999995854046752,1
"fixed",NA,"g__Aeromonas:Days",2502.58522755092,2005057538.80857,1.24813636472397e-06,0.999999004131265,1
"fixed",NA,"s__Klebsiella_pneumoniae",-0.0772521738268218,0.658345593774949,-0.117342888837242,0.90658833939187,1
"fixed",NA,"s__Klebsiella_pneumoniae:Days",0.018767822853398,0.201422797121477,0.0931762596965587,0.925763534343897,1
"fixed",NA,"s__Bifidobacterium_catenulatum",-1.82250304767383,8.44405249601777,-0.215832747194942,0.829118121295464,1
"fixed",NA,"s__Bifidobacterium_catenulatum:Days",-0.507116437470489,2.15951938141294,-0.23482837979379,0.814341939678654,1
"fixed",NA,"s__Eubacterium_maltosivorans",-16716.5350252047,1104285589.80912,-1.51378730099106e-05,0.999987921724842,1
"fixed",NA,"s__Eubacterium_maltosivorans:Days",4878.4493456024,51708128.106845,9.43458895963515e-05,0.999924722871428,1
"fixed",NA,"s__Aeromonas_caviae",-4295.62193131946,1448.17107985114,-2.96623927316724,0.00301465849654615,1
"fixed",NA,"c__CFGB10477",-12.0437768341543,25.7556587831397,-0.46761672592271,0.64005870167068,1
"fixed",NA,"c__CFGB10477:Days",-0.0250945715350718,0.795716323429982,-0.0315370827469018,0.974841219087803,1
"fixed",NA,"c__CFGB77857",-214.694334906122,3053207921.62753,-7.0317626711671e-08,0.999999943894651,1
"fixed",NA,"c__CFGB77857:Days",-1859.52639249921,49086535.2645223,-3.78826165358465e-05,0.99996977404515,1
"fixed",NA,"c__CFGB2837",4016.11059511602,246020835.981031,1.63242701745216e-05,0.999986975116862,1
"fixed",NA,"c__CFGB2837:Days",-4641.77808422923,9251544.5610119,-0.000501730068273219,0.99959967734163,1
"fixed",NA,"c__CFGB7536",-2506.60634742328,1448.15468789528,-1.73089682226305,0.083470168512642,1
"fixed",NA,"c__CFGB544",-3556.69529822827,860024045.091959,-4.1355765789641e-06,0.999996700287298,1
"fixed",NA,"c__CFGB544:Days",-3117.9922896749,17538893.1609902,-0.000177775887055969,0.999858155365182,1
"fixed",NA,"c__CFGB4448",-3498.63747668253,709426588.496292,-4.93164131908035e-06,0.999996065119532,1
"fixed",NA,"c__CFGB4448:Days",-3119.66716618135,17722420.943049,-0.000176029402315091,0.999859548858371,1
"fixed",NA,"c__CFGB1201",-496.906677375406,10353.6539568286,-0.0479933634490149,0.961721531714328,1
"fixed",NA,"c__CFGB1201:Days",3.81880882092293,154.78729388168,0.0246713326730942,0.98031712133086,1
"fixed",NA,"c__CFGB45503",2567.8533268039,1428096978.73207,1.79809450271631e-06,0.999998565328157,1
"fixed",NA,"c__CFGB45503:Days",-1255.30938709532,34456795.3494391,-3.64314026990834e-05,0.999970931946264,1
"fixed",NA,"c__CFGB73223",2253.54615984263,607086431.959739,3.71206807005708e-06,0.999997038198198,1
"fixed",NA,"c__CFGB73223:Days",-1723.75316643265,7177098.30498774,-0.000240174105631899,0.999808368791054,1
"fixed",NA,"c__CFGB11916",449.204353724361,165141.624068596,0.0027201158778587,0.997829664213859,1
"fixed",NA,"c__CFGB11916:Days",-7.92767982829228,2621.20354369984,-0.00302444266388498,0.997586847572406,1
"fixed",NA,"c__CFGB9536",1962.12012386923,1134613145.9088,1.72932962300345e-06,0.999998620194593,1
"fixed",NA,"c__CFGB9536:Days",-3517.60100549366,59425093.0150051,-5.91938662107849e-05,0.999952770128084,1
"fixed",NA,"c__CFGB78183",-18846.8179537663,1448.15468787005,-13.0143679481411,1.01377630069995e-38,4.0246919137788e-35
"fixed",NA,"c__CFGB78183:Days",-116.331175429221,1448.15480257133,-0.0803306215762737,0.935974304407071,1
"fixed",NA,"c__CFGB2949",1480.49598789932,360833478.609587,4.10298953856547e-06,0.999996726287994,1
"fixed",NA,"c__CFGB2949:Days",-1822.27006778986,295756192.402556,-6.16139277756713e-06,0.99999508391983,1
"fixed",NA,"c__CFGB7511",6913.05770550455,19817164263.3124,3.48841923781331e-07,0.999999721664415,1
"fixed",NA,"c__CFGB7511:Days",-4176.72905533903,2143909023.52159,-1.94818390590022e-06,0.99999844557414,1
"fixed",NA,"o__OFGB10477",-12.0437768341543,25.7556587831397,-0.46761672592271,0.64005870167068,1
"fixed",NA,"o__OFGB10477:Days",-0.0250945715350718,0.795716323429982,-0.0315370827469018,0.974841219087803,1
"fixed",NA,"o__OFGB77857",-214.694334906122,3053207921.62753,-7.0317626711671e-08,0.999999943894651,1
"fixed",NA,"o__OFGB77857:Days",-1859.52639249921,49086535.2645223,-3.78826165358465e-05,0.99996977404515,1
"fixed",NA,"o__OFGB2837",4016.11059511602,246020835.981031,1.63242701745216e-05,0.999986975116862,1
"fixed",NA,"o__OFGB2837:Days",-4641.77808422923,9251544.5610119,-0.000501730068273219,0.99959967734163,1
"fixed",NA,"o__OFGB7536",-2506.60634742328,1448.15468789528,-1.73089682226305,0.083470168512642,1
"fixed",NA,"o__OFGB544",-3556.69529822827,860024045.091959,-4.1355765789641e-06,0.999996700287298,1
"fixed",NA,"o__OFGB544:Days",-3117.9922896749,17538893.1609902,-0.000177775887055969,0.999858155365182,1
"fixed",NA,"o__OFGB4448",-3498.63747668253,709426588.496292,-4.93164131908035e-06,0.999996065119532,1
"fixed",NA,"o__OFGB4448:Days",-3119.66716618135,17722420.943049,-0.000176029402315091,0.999859548858371,1
"fixed",NA,"o__OFGB1201",-496.906677375406,10353.6539568286,-0.0479933634490149,0.961721531714328,1
"fixed",NA,"o__OFGB1201:Days",3.81880882092293,154.78729388168,0.0246713326730942,0.98031712133086,1
"fixed",NA,"o__OFGB45503",2567.8533268039,1428096978.73207,1.79809450271631e-06,0.999998565328157,1
"fixed",NA,"o__OFGB45503:Days",-1255.30938709532,34456795.3494391,-3.64314026990834e-05,0.999970931946264,1
"fixed",NA,"o__OFGB73223",2253.54615984263,607086431.959739,3.71206807005708e-06,0.999997038198198,1
"fixed",NA,"o__OFGB73223:Days",-1723.75316643265,7177098.30498774,-0.000240174105631899,0.999808368791054,1
"fixed",NA,"o__OFGB11916",449.204353724361,165141.624068596,0.0027201158778587,0.997829664213859,1
"fixed",NA,"o__OFGB11916:Days",-7.92767982829228,2621.20354369984,-0.00302444266388498,0.997586847572406,1
"fixed",NA,"o__OFGB9536",1962.12012386923,1134613145.9088,1.72932962300345e-06,0.999998620194593,1
"fixed",NA,"o__OFGB9536:Days",-3517.60100549366,59425093.0150051,-5.91938662107849e-05,0.999952770128084,1
"fixed",NA,"o__OFGB78183",-18846.8179537663,1448.15468787005,-13.0143679481411,1.01377630069995e-38,4.0246919137788e-35
"fixed",NA,"o__OFGB78183:Days",-116.331175429221,1448.15480257133,-0.0803306215762737,0.935974304407071,1
"fixed",NA,"o__OFGB2949",1480.49598789932,360833478.609587,4.10298953856547e-06,0.999996726287994,1
"fixed",NA,"o__OFGB2949:Days",-1822.27006778986,295756192.402556,-6.16139277756713e-06,0.99999508391983,1
"fixed",NA,"o__OFGB7511",6913.05770550455,19817164263.3124,3.48841923781331e-07,0.999999721664415,1
"fixed",NA,"o__OFGB7511:Days",-4176.72905533903,2143909023.52159,-1.94818390590022e-06,0.99999844557414,1
"fixed",NA,"f__FGB10477",-12.0437768341543,25.7556587831397,-0.46761672592271,0.64005870167068,1
"fixed",NA,"f__FGB10477:Days",-0.0250945715350718,0.795716323429982,-0.0315370827469018,0.974841219087803,1
"fixed",NA,"f__FGB77857",-214.694334906122,3053207921.62753,-7.0317626711671e-08,0.999999943894651,1
"fixed",NA,"f__FGB77857:Days",-1859.52639249921,49086535.2645223,-3.78826165358465e-05,0.99996977404515,1
"fixed",NA,"f__FGB2837",4016.11059511602,246020835.981031,1.63242701745216e-05,0.999986975116862,1
"fixed",NA,"f__FGB2837:Days",-4641.77808422923,9251544.5610119,-0.000501730068273219,0.99959967734163,1
"fixed",NA,"f__FGB7536",-2506.60634742328,1448.15468789528,-1.73089682226305,0.083470168512642,1
"fixed",NA,"f__FGB544",-3556.69529822827,860024045.091959,-4.1355765789641e-06,0.999996700287298,1
"fixed",NA,"f__FGB544:Days",-3117.9922896749,17538893.1609902,-0.000177775887055969,0.999858155365182,1
"fixed",NA,"f__FGB4448",-3498.63747668253,709426588.496292,-4.93164131908035e-06,0.999996065119532,1
"fixed",NA,"f__FGB4448:Days",-3119.66716618135,17722420.943049,-0.000176029402315091,0.999859548858371,1
"fixed",NA,"f__FGB1201",-496.906677375406,10353.6539568286,-0.0479933634490149,0.961721531714328,1
"fixed",NA,"f__FGB1201:Days",3.81880882092293,154.78729388168,0.0246713326730942,0.98031712133086,1
"fixed",NA,"f__FGB45503",2567.8533268039,1428096978.73207,1.79809450271631e-06,0.999998565328157,1
"fixed",NA,"f__FGB45503:Days",-1255.30938709532,34456795.3494391,-3.64314026990834e-05,0.999970931946264,1
"fixed",NA,"f__FGB73223",2253.54615984263,607086431.959739,3.71206807005708e-06,0.999997038198198,1
"fixed",NA,"f__FGB73223:Days",-1723.75316643265,7177098.30498774,-0.000240174105631899,0.999808368791054,1
"fixed",NA,"f__Porphyromonadaceae",9532.8665066327,934340501.82154,1.0202775634844e-05,0.999991859362844,1
"fixed",NA,"f__Porphyromonadaceae:Days",-6566.11898989537,34247926.4111202,-0.000191723110797253,0.999847027090883,1
"fixed",NA,"f__FGB11916",449.204353724361,165141.624068596,0.0027201158778587,0.997829664213859,1
"fixed",NA,"f__FGB11916:Days",-7.92767982829228,2621.20354369984,-0.00302444266388498,0.997586847572406,1
"fixed",NA,"f__FGB9536",1962.12012386923,1134613145.9088,1.72932962300345e-06,0.999998620194593,1
"fixed",NA,"f__FGB9536:Days",-3517.60100549366,59425093.0150051,-5.91938662107849e-05,0.999952770128084,1
"fixed",NA,"f__FGB78183",-18846.8179537663,1448.15468787005,-13.0143679481411,1.01377630069995e-38,4.0246919137788e-35
"fixed",NA,"f__FGB78183:Days",-116.331175429221,1448.15480257133,-0.0803306215762737,0.935974304407071,1
"fixed",NA,"f__FGB2949",1480.49598789932,360833478.609587,4.10298953856547e-06,0.999996726287994,1
"fixed",NA,"f__FGB2949:Days",-1822.27006778986,295756192.402556,-6.16139277756713e-06,0.99999508391983,1
"fixed",NA,"f__FGB7511",6913.05770550455,19817164263.3124,3.48841923781331e-07,0.999999721664415,1
"fixed",NA,"f__FGB7511:Days",-4176.72905533903,2143909023.52159,-1.94818390590022e-06,0.99999844557414,1
"fixed",NA,"g__GGB9345",-12.0437768341543,25.7556587831397,-0.46761672592271,0.64005870167068,1
"fixed",NA,"g__GGB9345:Days",-0.0250945715350718,0.795716323429982,-0.0315370827469018,0.974841219087803,1
"fixed",NA,"g__GGB9687",731.756610962514,61571486.7295419,1.18846669104616e-05,0.999990517407762,1
"fixed",NA,"g__GGB9687:Days",-1872.87424019994,2080039.80923901,-0.000900403074922466,0.999281582385093,1
"fixed",NA,"g__GGB3497",-506.035201523623,436.959794050395,-1.15808183822345,0.246830640830167,1
"fixed",NA,"g__GGB3497:Days",4.8932055734819,18.0260199990989,0.271452354636604,0.786043139841793,1
"fixed",NA,"g__GGB9211",-4936.93181327091,146809037.557827,-3.36282554221247e-05,0.999973168534197,1
"fixed",NA,"g__GGB9211:Days",-1126.76875950612,2269741.81562493,-0.000496430365669535,0.999603905891988,1
"fixed",NA,"g__GGB1582",668.680985097407,284919738.553962,2.34691000522157e-06,0.999998127436741,1
"fixed",NA,"g__GGB1582:Days",-1872.68716198629,6545417.17782077,-0.000286106616447903,0.999771719951107,1
"fixed",NA,"g__GGB1239",638.73550621365,380380274.835095,1.67920249411082e-06,0.999998660190256,1
"fixed",NA,"g__GGB1239:Days",-1872.30357407559,7874978.52148144,-0.000237753483259454,0.999810300168217,1
"fixed",NA,"g__GGB1672",13.0070729500214,2328709142.51135,5.58552921555254e-09,0.999999995543392,1
"fixed",NA,"g__GGB1672:Days",-1862.60899016177,37432152.4363496,-4.97596015438596e-05,0.999960297582193,1
"fixed",NA,"g__GGB12893",-214.694334906122,3053207921.62753,-7.0317626711671e-08,0.999999943894651,1
"fixed",NA,"g__GGB12893:Days",-1859.52639249921,49086535.2645223,-3.78826165358465e-05,0.99996977404515,1
"fixed",NA,"g__Methanomassiliicoccus",632.654214883901,428293679.790676,1.47715048046729e-06,0.999998821404438,1
"fixed",NA,"g__Methanomassiliicoccus:Days",-1872.9984972636,10399366.3090123,-0.000180106983599609,0.99985629541927,1
"fixed",NA,"g__GGB12868",-2506.60634742328,1448.15468789528,-1.73089682226305,0.083470168512642,1
"fixed",NA,"g__GGB1123",-3556.69529822827,860024045.091959,-4.1355765789641e-06,0.999996700287298,1
"fixed",NA,"g__GGB1123:Days",-3117.9922896749,17538893.1609902,-0.000177775887055969,0.999858155365182,1
"fixed",NA,"g__GGB1617",-3498.63747668253,709426588.496292,-4.93164131908035e-06,0.999996065119532,1
"fixed",NA,"g__GGB1617:Days",-3119.66716618135,17722420.943049,-0.000176029402315091,0.999859548858371,1
"fixed",NA,"g__GGB2958",-496.906677375406,10353.6539568286,-0.0479933634490149,0.961721531714328,1
"fixed",NA,"g__GGB2958:Days",3.81880882092293,154.78729388168,0.0246713326730942,0.98031712133086,1
"fixed",NA,"g__GGB9063",1.83714511845738,29.0714418800524,0.0631941520491956,0.949611901462533,1
"fixed",NA,"g__GGB9063:Days",-0.0460575044609753,0.480346663177129,-0.0958838855178878,0.923612793099578,1
"fixed",NA,"g__GGB6610",11.9138524063159,120.94857840963,0.0985034513259506,0.921532531527798,1
"fixed",NA,"g__GGB6610:Days",-0.148916326099748,1.96675466264465,-0.0757167779632991,0.939644427427525,1
"fixed",NA,"g__Cloacibacillus",10090.7688586143,0.00155518987640297,6488448.13853433,0,0
"fixed",NA,"g__Cloacibacillus:Days",-160.549842829411,0.00155518951876831,-103234.905387328,0,0
"fixed",NA,"g__GGB1246",2131.93771800095,308410102.91107,6.91267146529144e-06,0.999994484486164,1
"fixed",NA,"g__GGB1246:Days",-3511.6134307563,26215119.9778471,-0.000133953742486159,0.999893120377328,1
"fixed",NA,"g__GGB9790",2567.8533268039,1428096978.73207,1.79809450271631e-06,0.999998565328157,1
"fixed",NA,"g__GGB9790:Days",-1255.30938709532,34456795.3494391,-3.64314026990834e-05,0.999970931946264,1
"fixed",NA,"g__GGB6512",1642.31762426668,1744716998.00447,9.41308892012338e-07,0.999999248944168,1
"fixed",NA,"g__GGB6512:Days",-3504.0612003473,38352118.5115203,-9.13655186817057e-05,0.999927100863356,1
"fixed",NA,"g__GGB9249",2253.54615984263,607086431.959739,3.71206807005708e-06,0.999997038198198,1
"fixed",NA,"g__GGB9249:Days",-1723.75316643265,7177098.30498774,-0.000240174105631899,0.999808368791054,1
"fixed",NA,"g__Sanguibacteroides",9532.8665066327,934340501.82154,1.0202775634844e-05,0.999991859362844,1
"fixed",NA,"g__Sanguibacteroides:Days",-6566.11898989537,34247926.4111202,-0.000191723110797253,0.999847027090883,1
"fixed",NA,"g__Methanosphaera",1488.20918634735,2298515804.61617,6.47465283187761e-07,0.999999483397447,1
"fixed",NA,"g__Methanosphaera:Days",-3503.78962979221,50050003.3270935,-7.00057821553732e-05,0.999944143467297,1
"fixed",NA,"g__GGB34540",449.204353724361,165141.624068596,0.0027201158778587,0.997829664213859,1
"fixed",NA,"g__GGB34540:Days",-7.92767982829228,2621.20354369984,-0.00302444266388498,0.997586847572406,1
"fixed",NA,"g__GGB28474",1962.12012386923,1134613145.9088,1.72932962300345e-06,0.999998620194593,1
"fixed",NA,"g__GGB28474:Days",-3517.60100549366,59425093.0150051,-5.91938662107849e-05,0.999952770128084,1
"fixed",NA,"g__GGB31790",860.78147128345,4587175520.86338,1.87649560686842e-07,0.999999850277313,1
"fixed",NA,"g__GGB31790:Days",-3503.60592744507,100329279.952001,-3.49210711880047e-05,0.999972137016458,1
"fixed",NA,"g__GGB9784",-1679.92747614833,529262144.843186,-3.17409339117966e-06,0.999997467439889,1
"fixed",NA,"g__GGB9767",1843.96371473688,1788194577.01566,1.03118739897662e-06,0.999999177231495,1
"fixed",NA,"g__GGB9767:Days",-3523.17350947803,87822125.6332566,-4.01171513906499e-05,0.999967991144291,1
"fixed",NA,"g__GGB6128",-2712.57823171468,405434003.012395,-6.69055434808154e-06,0.999994661709983,1
"fixed",NA,"g__GGB9109",-18846.8179537663,1448.15468787005,-13.0143679481411,1.01377630069995e-38,4.0246919137788e-35
"fixed",NA,"g__GGB9109:Days",-116.331175429221,1448.15480257133,-0.0803306215762737,0.935974304407071,1
"fixed",NA,"g__GGB6519",-18124.1966729948,64188506031.2284,-2.82358911176048e-07,0.999999774710184,1
"fixed",NA,"g__GGB6519:Days",-3223.35474214345,1028994986.81876,-3.1325271584741e-06,0.999997500604944,1
"fixed",NA,"g__Cuneatibacter",50.6233210705812,3760.09870180103,0.0134632958029356,0.989258168653619,1
"fixed",NA,"g__Cuneatibacter:Days",0.10613792879746,69.0093703410069,0.00153802198560839,0.998772836487319,1
"fixed",NA,"g__GGB9290",1480.49598789932,360833478.609587,4.10298953856547e-06,0.999996726287994,1
"fixed",NA,"g__GGB9290:Days",-1822.27006778986,295756192.402556,-6.16139277756713e-06,0.99999508391983,1
"fixed",NA,"g__GGB9582",-6379.30314458524,294594387.47106,-2.1654530486301e-05,0.999982722184455,1
"fixed",NA,"g__GGB1158",6913.05770550455,19817164263.3124,3.48841923781331e-07,0.999999721664415,1
"fixed",NA,"g__GGB1158:Days",-4176.72905533903,2143909023.52159,-1.94818390590022e-06,0.99999844557414,1
"fixed",NA,"s__GGB9345_SGB14311",-12.0437768341543,25.7556587831397,-0.46761672592271,0.64005870167068,1
"fixed",NA,"s__GGB9345_SGB14311:Days",-0.0250945715350718,0.795716323429982,-0.0315370827469018,0.974841219087803,1
"fixed",NA,"s__Desulfovibrio_piger",0.221438727618699,7.5421247828451,0.0293602577515519,0.97657726884945,1
"fixed",NA,"s__Desulfovibrio_piger:Days",-4.8884333757688,1.83007635110156,-2.67116362266872,0.00755887908382764,1
"fixed",NA,"s__GGB9687_SGB15191",731.756610962514,61571486.7295419,1.18846669104616e-05,0.999990517407762,1
"fixed",NA,"s__GGB9687_SGB15191:Days",-1872.87424019994,2080039.80923901,-0.000900403074922466,0.999281582385093,1
"fixed",NA,"s__GGB3497_SGB4672",-506.035201523623,436.959794050395,-1.15808183822345,0.246830640830167,1
"fixed",NA,"s__GGB3497_SGB4672:Days",4.8932055734819,18.0260199990989,0.271452354636604,0.786043139841793,1
"fixed",NA,"s__Segatella_sinensis",725.24228543586,86172367.7284037,8.41618148083923e-06,0.999993284858736,1
"fixed",NA,"s__Segatella_sinensis:Days",-1872.89683158478,2665031.94296188,-0.00070276712312246,0.999439273008776,1
"fixed",NA,"s__GGB9211_SGB14151",-4936.93181327091,146809037.557827,-3.36282554221247e-05,0.999973168534197,1
"fixed",NA,"s__GGB9211_SGB14151:Days",-1126.76875950612,2269741.81562493,-0.000496430365669535,0.999603905891988,1
"fixed",NA,"s__GGB9602_SGB15028",-153.074387699319,75.3498563418076,-2.03151532240396,0.0422027468131933,1
"fixed",NA,"s__GGB9602_SGB15028:Days",1.5518293879345,1.54028090887615,1.00749764474246,0.31369568898067,1
"fixed",NA,"s__GGB4571_SGB6321",2.95616224560335,113.51055578655,0.0260430602697623,0.97922299295754,1
"fixed",NA,"s__GGB4571_SGB6321:Days",-0.0761628814237246,1.72749874373063,-0.0440885307153662,0.964833835059304,1
"fixed",NA,"s__GGB1582_SGB2173",668.680985097407,284919738.553962,2.34691000522157e-06,0.999998127436741,1
"fixed",NA,"s__GGB1582_SGB2173:Days",-1872.68716198629,6545417.17782077,-0.000286106616447903,0.999771719951107,1
"fixed",NA,"s__Prevotella_dentalis",730.079668432057,104196602.222564,7.00675120742046e-06,0.99999440942139,1
"fixed",NA,"s__Prevotella_dentalis:Days",-1873.74399937605,5285473.80691025,-0.000354508236693238,0.99971714335719,1
"fixed",NA,"s__GGB1239_SGB1657",638.73550621365,380380274.835095,1.67920249411082e-06,0.999998660190256,1
"fixed",NA,"s__GGB1239_SGB1657:Days",-1872.30357407559,7874978.52148144,-0.000237753483259454,0.999810300168217,1
"fixed",NA,"s__Parabacteroides_sp_AGMB00274",699.22687647909,196008787.052264,3.56732413375246e-06,0.99999715368715,1
"fixed",NA,"s__Parabacteroides_sp_AGMB00274:Days",-1873.28247904201,5993304.06836192,-0.00031256256276582,0.999750611160945,1
"fixed",NA,"s__GGB1672_SGB2289",13.0070729500214,2328709142.51135,5.58552921555254e-09,0.999999995543392,1
"fixed",NA,"s__GGB1672_SGB2289:Days",-1862.60899016177,37432152.4363496,-4.97596015438596e-05,0.999960297582193,1
"fixed",NA,"s__Segatella_brunsvicensis",564.697236480402,618244448.642883,9.13388284714852e-07,0.99999927122159,1
"fixed",NA,"s__Segatella_brunsvicensis:Days",-1871.38380445757,11487460.3236192,-0.000162906660979699,0.999870019290927,1
"fixed",NA,"s__GGB12893_SGB20033",-214.694334906122,3053207921.62753,-7.0317626711671e-08,0.999999943894651,1
"fixed",NA,"s__GGB12893_SGB20033:Days",-1859.52639249921,49086535.2645223,-3.78826165358465e-05,0.99996977404515,1
"fixed",NA,"s__Candidatus_Methanomassiliicoccus_intestinalis",632.654214883901,428293679.790676,1.47715048046729e-06,0.999998821404438,1
"fixed",NA,"s__Candidatus_Methanomassiliicoccus_intestinalis:Days",-1872.9984972636,10399366.3090123,-0.000180106983599609,0.99985629541927,1
"fixed",NA,"s__GGB12868_SGB20003",-2506.60634742328,1448.15468789528,-1.73089682226305,0.083470168512642,1
"fixed",NA,"s__GGB1123_SGB1437",-3556.69529822827,860024045.091959,-4.1355765789641e-06,0.999996700287298,1
"fixed",NA,"s__GGB1123_SGB1437:Days",-3117.9922896749,17538893.1609902,-0.000177775887055969,0.999858155365182,1
"fixed",NA,"s__GGB1617_SGB2214",-3498.63747668253,709426588.496292,-4.93164131908035e-06,0.999996065119532,1
"fixed",NA,"s__GGB1617_SGB2214:Days",-3119.66716618135,17722420.943049,-0.000176029402315091,0.999859548858371,1
"fixed",NA,"s__GGB2958_SGB3940",-496.906677375406,10353.6539568286,-0.0479933634490149,0.961721531714328,1
"fixed",NA,"s__GGB2958_SGB3940:Days",3.81880882092293,154.78729388168,0.0246713326730942,0.98031712133086,1
"fixed",NA,"s__GGB9063_SGB13982",1.83714511845738,29.0714418800524,0.0631941520491956,0.949611901462533,1
"fixed",NA,"s__GGB9063_SGB13982:Days",-0.0460575044609753,0.480346663177129,-0.0958838855178878,0.923612793099578,1
"fixed",NA,"s__GGB9770_SGB73065",-50.2865773852533,153.91484346559,-0.326716879626334,0.74388203218897,1
"fixed",NA,"s__GGB9770_SGB73065:Days",0.453199105021603,2.41079252007763,0.187987602104809,0.850886370003358,1
"fixed",NA,"s__GGB6610_SGB9344",11.9138524063159,120.94857840963,0.0985034513259506,0.921532531527798,1
"fixed",NA,"s__GGB6610_SGB9344:Days",-0.148916326099748,1.96675466264465,-0.0757167779632991,0.939644427427525,1
"fixed",NA,"s__Cloacibacillus_evryensis",10090.7688586143,0.00155518987640297,6488448.13853433,0,0
"fixed",NA,"s__Cloacibacillus_evryensis:Days",-160.549842829411,0.00155518951876831,-103234.905387328,0,0
"fixed",NA,"s__GGB1246_SGB1667",2131.93771800095,308410102.91107,6.91267146529144e-06,0.999994484486164,1
"fixed",NA,"s__GGB1246_SGB1667:Days",-3511.6134307563,26215119.9778471,-0.000133953742486159,0.999893120377328,1
"fixed",NA,"s__GGB9790_SGB15413",2567.8533268039,1428096978.73207,1.79809450271631e-06,0.999998565328157,1
"fixed",NA,"s__GGB9790_SGB15413:Days",-1255.30938709532,34456795.3494391,-3.64314026990834e-05,0.999970931946264,1
"fixed",NA,"s__GGB6512_SGB9197",1642.31762426668,1744716998.00447,9.41308892012338e-07,0.999999248944168,1
"fixed",NA,"s__GGB6512_SGB9197:Days",-3504.0612003473,38352118.5115203,-9.13655186817057e-05,0.999927100863356,1
"fixed",NA,"s__GGB9249_SGB14193",2253.54615984263,607086431.959739,3.71206807005708e-06,0.999997038198198,1
"fixed",NA,"s__GGB9249_SGB14193:Days",-1723.75316643265,7177098.30498774,-0.000240174105631899,0.999808368791054,1
"fixed",NA,"s__Sanguibacteroides_justesenii",9532.8665066327,934340501.82154,1.0202775634844e-05,0.999991859362844,1
"fixed",NA,"s__Sanguibacteroides_justesenii:Days",-6566.11898989537,34247926.4111202,-0.000191723110797253,0.999847027090883,1
"fixed",NA,"s__Methanosphaera_stadtmanae",1488.20918634735,2298515804.61617,6.47465283187761e-07,0.999999483397447,1
"fixed",NA,"s__Methanosphaera_stadtmanae:Days",-3503.78962979221,50050003.3270935,-7.00057821553732e-05,0.999944143467297,1
"fixed",NA,"s__GGB34540_SGB54300",449.204353724361,165141.624068596,0.0027201158778587,0.997829664213859,1
"fixed",NA,"s__GGB34540_SGB54300:Days",-7.92767982829228,2621.20354369984,-0.00302444266388498,0.997586847572406,1
"fixed",NA,"s__GGB28474_SGB41058",1962.12012386923,1134613145.9088,1.72932962300345e-06,0.999998620194593,1
"fixed",NA,"s__GGB28474_SGB41058:Days",-3517.60100549366,59425093.0150051,-5.91938662107849e-05,0.999952770128084,1
"fixed",NA,"s__GGB31790_SGB47293",860.78147128345,4587175520.86338,1.87649560686842e-07,0.999999850277313,1
"fixed",NA,"s__GGB31790_SGB47293:Days",-3503.60592744507,100329279.952001,-3.49210711880047e-05,0.999972137016458,1
"fixed",NA,"s__GGB9784_SGB15407",-1679.92747614833,529262144.843186,-3.17409339117966e-06,0.999997467439889,1
"fixed",NA,"s__GGB9767_SGB15385",1843.96371473688,1788194577.01566,1.03118739897662e-06,0.999999177231495,1
"fixed",NA,"s__GGB9767_SGB15385:Days",-3523.17350947803,87822125.6332566,-4.01171513906499e-05,0.999967991144291,1
"fixed",NA,"s__Victivallis_sp_Marseille_Q1083",-2121.91358943688,266358742.381085,-7.9663748614679e-06,0.999993643752493,1
"fixed",NA,"s__Senegalimassilia_SGB14826",-2037.57537825204,147432327.596918,-1.38204111097181e-05,0.999988972907352,1
"fixed",NA,"s__GGB6128_SGB8774",-2712.57823171468,405434003.012395,-6.69055434808154e-06,0.999994661709983,1
"fixed",NA,"s__GGB9109_SGB14042",-18846.8179537663,1448.15468787005,-13.0143679481411,1.01377630069995e-38,4.0246919137788e-35
"fixed",NA,"s__GGB9109_SGB14042:Days",-116.331175429221,1448.15480257133,-0.0803306215762737,0.935974304407071,1
"fixed",NA,"s__GGB6519_SGB9208",-18124.1966729948,64188506031.2284,-2.82358911176048e-07,0.999999774710184,1
"fixed",NA,"s__GGB6519_SGB9208:Days",-3223.35474214345,1028994986.81876,-3.1325271584741e-06,0.999997500604944,1
"fixed",NA,"s__Cuneatibacter_sp_NSJ_177",279.789307382986,22538.8422534492,0.0124136503657444,0.990095594406651,1
"fixed",NA,"s__Cuneatibacter_sp_NSJ_177:Days",-3.86730414589865,280.903252060091,-0.0137673883001944,0.989015560434034,1
"fixed",NA,"s__GGB9290_SGB14247",1480.49598789932,360833478.609587,4.10298953856547e-06,0.999996726287994,1
"fixed",NA,"s__GGB9290_SGB14247:Days",-1822.27006778986,295756192.402556,-6.16139277756713e-06,0.99999508391983,1
"fixed",NA,"s__GGB9582_SGB15003",-6379.30314458524,294594387.47106,-2.1654530486301e-05,0.999982722184455,1
"fixed",NA,"s__GGB1158_SGB1488",6913.05770550455,19817164263.3124,3.48841923781331e-07,0.999999721664415,1
"fixed",NA,"s__GGB1158_SGB1488:Days",-4176.72905533903,2143909023.52159,-1.94818390590022e-06,0.99999844557414,1
"fixed",NA,"s__Clostridium_SGB4909",-14.6336604352233,161181.298702743,-9.07900640645116e-05,0.999927560009708,1
"fixed",NA,"s__Clostridium_SGB4909:Days",1.68854816778706,2653.02389842324,0.000636461725350687,0.999492177050086,1
"fixed",NA,"c__CFGB30328",-1981.99058873219,5324.05857952981,-0.372270620077818,0.709691370943709,1
"fixed",NA,"c__CFGB30328:Days",2648.23785140626,28102236.978846,9.42358380010718e-05,0.999924810679896,1
"fixed",NA,"c__Epsilonproteobacteria",11594.3399349755,17063410160.3768,6.79485508816924e-07,0.999999457849003,1
"fixed",NA,"o__OFGB30328",-1981.99058873219,5324.05857952981,-0.372270620077818,0.709691370943709,1
"fixed",NA,"o__OFGB30328:Days",2648.23785140626,28102236.978846,9.42358380010718e-05,0.999924810679896,1
"fixed",NA,"o__Campylobacterales",11594.3399349755,17063410160.3768,6.79485508816924e-07,0.999999457849003,1
"fixed",NA,"f__FGB30328",-1981.99058873219,5324.05857952981,-0.372270620077818,0.709691370943709,1
"fixed",NA,"f__FGB30328:Days",2648.23785140626,28102236.978846,9.42358380010718e-05,0.999924810679896,1
"fixed",NA,"f__Campylobacteraceae",11594.3399349755,17063410160.3768,6.79485508816924e-07,0.999999457849003,1
"fixed",NA,"g__GGB52106",-1981.99058873219,5324.05857952981,-0.372270620077818,0.709691370943709,1
"fixed",NA,"g__GGB52106:Days",2648.23785140626,28102236.978846,9.42358380010718e-05,0.999924810679896,1
"fixed",NA,"g__Campylobacter",11594.3399349755,17063410160.3768,6.79485508816924e-07,0.999999457849003,1
"fixed",NA,"s__GGB9524_SGB14923",275.427775631757,1981571.20110788,0.000138994639949232,0.999889098323107,1
"fixed",NA,"s__GGB9524_SGB14923:Days",46.6972207368969,26228036.169031,1.78043146028733e-06,0.999998579421226,1
"fixed",NA,"s__Victivallis_vadensis",1613.90145825648,590123672.177427,2.73485293735385e-06,0.999997817903065,1
"fixed",NA,"s__Clostridia_bacterium_UC5_1_1E11",-581.712197514396,192.693433136019,-3.01884806372086,0.00253737747798969,1
"fixed",NA,"s__Clostridia_bacterium_UC5_1_1E11:Days",4.35277981692217,5.78799230274483,0.752036213810781,0.452029281151604,1
"fixed",NA,"s__Clostridium_transplantifaecale",-4.39920136876203,245.652239638636,-0.0179082485681117,0.985712048664344,1
"fixed",NA,"s__Clostridium_transplantifaecale:Days",1.41011951753412,13.2558085216492,0.106377480877996,0.915282859341351,1
"fixed",NA,"s__Eisenbergiella_tayi",8.31525627915921,86.2764394132701,0.0963792239887017,0.923219392154755,1
"fixed",NA,"s__Eisenbergiella_tayi:Days",-0.0942928919382046,1.62280285411087,-0.0581049581588684,0.953665025028301,1
"fixed",NA,"s__Clostridium_saccharogumia",3236.92843430702,649899636.726136,4.98065893776002e-06,0.999996026009131,1
"fixed",NA,"s__Clostridium_saccharogumia:Days",-1009.83672488028,263576360.419423,-3.83128715820095e-06,0.999996943075128,1
"fixed",NA,"s__GGB52106_SGB72838",-1981.99058873219,5324.05857952981,-0.372270620077818,0.709691370943709,1
"fixed",NA,"s__GGB52106_SGB72838:Days",2648.23785140626,28102236.978846,9.42358380010718e-05,0.999924810679896,1
"fixed",NA,"s__Campylobacter_gracilis",11594.3399349755,17063410160.3768,6.79485508816924e-07,0.999999457849003,1
"fixed",NA,"c__CFGB2833",634.106546091082,48810351.3735767,1.29912309222661e-05,0.999989634497422,1
"fixed",NA,"c__CFGB72904",14019.89796944,100481985.178747,0.000139526482727227,0.99988867397397,1
"fixed",NA,"c__CFGB72904:Days",-104.887777913766,2773507.03249677,-3.781774363101e-05,0.99996982580624,1
"fixed",NA,"o__OFGB2833",634.106546091082,48810351.3735767,1.29912309222661e-05,0.999989634497422,1
"fixed",NA,"o__OFGB72904",14019.89796944,100481985.178747,0.000139526482727227,0.99988867397397,1
"fixed",NA,"o__OFGB72904:Days",-104.887777913766,2773507.03249677,-3.781774363101e-05,0.99996982580624,1
"fixed",NA,"f__FGB2833",634.106546091082,48810351.3735767,1.29912309222661e-05,0.999989634497422,1
"fixed",NA,"f__FGB72904",14019.89796944,100481985.178747,0.000139526482727227,0.99988867397397,1
"fixed",NA,"f__FGB72904:Days",-104.887777913766,2773507.03249677,-3.781774363101e-05,0.99996982580624,1
"fixed",NA,"g__GGB74665",634.106546091082,48810351.3735767,1.29912309222661e-05,0.999989634497422,1
"fixed",NA,"g__GGB9646",365.867230087795,116744135.857179,3.13392383610074e-06,0.999997499490556,1
"fixed",NA,"g__GGB47150",14019.89796944,100481985.178747,0.000139526482727227,0.99988867397397,1
"fixed",NA,"g__GGB47150:Days",-104.887777913766,2773507.03249677,-3.781774363101e-05,0.99996982580624,1
"fixed",NA,"g__Angelakisella",-29150.3316732226,2120754153.94321,-1.37452668047459e-05,0.999989032863833,1
"fixed",NA,"g__Angelakisella:Days",77517.5301293409,2379853893.85998,3.25723904015015e-05,0.999974010992595,1
"fixed",NA,"s__GGB74665_SGB13972",634.106546091082,48810351.3735767,1.29912309222661e-05,0.999989634497422,1
"fixed",NA,"s__Clostridium_sp_AF12_28",25225.5324524349,1332545475.21073,1.89303351530616e-05,0.999984895777851,1
"fixed",NA,"s__Clostridium_sp_AF12_28:Days",-256.003181739779,12924026.3562601,-1.98083147374406e-05,0.999984195251497,1
"fixed",NA,"s__Clostridiaceae_bacterium_Marseille_Q4145",-3169.09955322394,4231.42954549403,-0.748943003576335,0.45389155941187,1
"fixed",NA,"s__Clostridiaceae_bacterium_Marseille_Q4145:Days",33.9212284709842,143.115980536777,0.23701915288396,0.812641931711706,1
"fixed",NA,"s__GGB9646_SGB15123",365.867230087795,116744135.857179,3.13392383610074e-06,0.999997499490556,1
"fixed",NA,"s__GGB47150_SGB65079",14019.89796944,100481985.178747,0.000139526482727227,0.99988867397397,1
"fixed",NA,"s__GGB47150_SGB65079:Days",-104.887777913766,2773507.03249677,-3.781774363101e-05,0.99996982580624,1
"fixed",NA,"s__Enterobacter_ludwigii",1789.45512173967,4112062745.09907,4.351721344409e-07,0.999999652782873,1
"fixed",NA,"s__Lachnoclostridium_sp_An131",-266254.712227506,26733149625.8059,-9.95972101882401e-06,0.999992053292369,1
"fixed",NA,"s__Lachnoclostridium_sp_An131:Days",23943.8748556218,300790605.642899,7.96031338959044e-05,0.99993648588854,1
"fixed",NA,"s__Lachnoclostridium_sp_An138",4871.41313336802,12048270017.9563,4.04324697745637e-07,0.999999677395566,1
"fixed",NA,"s__Mediterraneibacter_butyricigenes",11018.9481251826,2405256.06163924,0.00458119544979875,0.996344747666267,1
"fixed",NA,"s__Mediterraneibacter_butyricigenes:Days",-125.915249765924,26725.5963768648,-0.00471141028960999,0.996240852377527,1
"fixed",NA,"s__Angelakisella_massiliensis",-29150.3316732226,2120754153.94321,-1.37452668047459e-05,0.999989032863833,1
"fixed",NA,"s__Angelakisella_massiliensis:Days",77517.5301293409,2379853893.85998,3.25723904015015e-05,0.999974010992595,1
"fixed",NA,"g__GGB3637",8.53531105627255,110.807296711925,0.0770284205963667,0.938600935763303,1
"fixed",NA,"g__GGB3637:Days",-0.0721297175608625,1.9001168036035,-0.0379606755879802,0.969719035748609,1
"fixed",NA,"s__GGB3637_SGB4930",8.53531105627255,110.807296711925,0.0770284205963667,0.938600935763303,1
"fixed",NA,"s__GGB3637_SGB4930:Days",-0.0721297175608625,1.9001168036035,-0.0379606755879802,0.969719035748609,1
"fixed",NA,"g__GGB79118",66.1190943218787,227.252203849671,0.290950288718066,0.771089339314934,1
"fixed",NA,"g__GGB79118:Days",-3.25021365841993,15.254642476747,-0.213063902570926,0.83127711973882,1
"fixed",NA,"g__GGB9513",4686.86912827286,5430108829.69159,8.63126186835385e-07,0.999999311324941,1
"fixed",NA,"g__GGB9513:Days",-1607.04748492999,113500474.042906,-1.41589495416776e-05,0.999988702792764,1
"fixed",NA,"g__Pyramidobacter",6708.96126811054,1495.64801647019,4.48565517704095,7.26902195907754e-06,0.0288580171775378
"fixed",NA,"g__Pyramidobacter:Days",-1694.43289794933,1495.64801887712,-1.13290886395948,0.257252527248854,1
"fixed",NA,"s__Collinsella_intestinalis",5.75108907760182,401.880519340013,0.0143104450224324,0.988582306562406,1
"fixed",NA,"s__Collinsella_intestinalis:Days",-3.86341634386241,401.818653229502,-0.00961482577478996,0.992328597156647,1
"fixed",NA,"s__Lachnospiraceae_unclassified_SGB4550",243.937761309786,88016621.7978559,2.77149652335019e-06,0.999997788665714,1
"fixed",NA,"s__Lachnospiraceae_unclassified_SGB4550:Days",-1532.82172276977,15408834.7029069,-9.94768100459018e-05,0.999920628989237,1
"fixed",NA,"s__Blautia_argi",3.038868708617,46.7668449120149,0.064979126009766,0.948190620155433,1
"fixed",NA,"s__Blautia_argi:Days",0.0875374821334146,2.32512987652612,0.0376484268759217,0.969967996205338,1
"fixed",NA,"s__GGB74511_SGB47635",2.99294253096353,32.27885306634,0.0927214645703918,0.926124844207723,1
"fixed",NA,"s__GGB74511_SGB47635:Days",0.0575109923064819,1.1841668275142,0.0485666301151238,0.961264663878765,1
"fixed",NA,"s__GGB79118_SGB105839",66.1190943218787,227.252203849671,0.290950288718066,0.771089339314934,1
"fixed",NA,"s__GGB79118_SGB105839:Days",-3.25021365841993,15.254642476747,-0.213063902570926,0.83127711973882,1
"fixed",NA,"s__GGB9513_SGB14911",4686.86912827286,5430108829.69159,8.63126186835385e-07,0.999999311324941,1
"fixed",NA,"s__GGB9513_SGB14911:Days",-1607.04748492999,113500474.042906,-1.41589495416776e-05,0.999988702792764,1
"fixed",NA,"s__Pyramidobacter_piscolens",6708.96126811054,1495.64801647019,4.48565517704095,7.26902195907754e-06,0.0288580171775378
"fixed",NA,"s__Pyramidobacter_piscolens:Days",-1694.43289794933,1495.64801887712,-1.13290886395948,0.257252527248854,1
"fixed",NA,"p__Candidatus_Saccharibacteria",163.665475198468,224594591.70019,7.28715121586472e-07,0.999999418569455,1
"fixed",NA,"c__CFGB8118",3697.29958179161,2477255961.61006,1.49249800549015e-06,0.999998809158884,1
"fixed",NA,"c__CFGB28310",672.33078629529,737541092.427922,9.11584172323245e-07,0.999999272661063,1
"fixed",NA,"c__CFGB2838",100.035046936941,123552904.170011,8.09653545652722e-07,0.999999353989936,1
"fixed",NA,"c__CFGB2838:Days",907.779969933187,208579771.696338,4.35219562544532e-06,0.999996527450305,1
"fixed",NA,"c__CFGB9395",246.175876656688,60924425.5612901,4.04067620480122e-06,0.999996776006841,1
"fixed",NA,"c__CFGB28682",866.441175964244,506061865.62112,1.71212500847265e-06,0.99999863392189,1
"fixed",NA,"c__CFGB77305",3218.78018396221,233430254.965448,1.37890445453981e-05,0.999988997934249,1
"fixed",NA,"c__CFGB78137",1576.82064333421,704037599.664464,2.23968243185549e-06,0.999998212991967,1
"fixed",NA,"c__CFGB9827",17159.9536949974,206.879241124293,82.9467161699793,0,0
"fixed",NA,"c__CFGB77359",482.290409828189,73541183.4560903,6.5580996546806e-06,0.999994767393537,1
"fixed",NA,"c__CFGB9633",2883.27223548398,456678217.080753,6.31357513374486e-06,0.999994962495877,1
"fixed",NA,"c__CFGB50354",546.777622202216,1223274954.42976,4.46978514701219e-07,0.999999643362744,1
"fixed",NA,"c__CFGB77250",4277.11077621957,9465284062.06159,4.51873472383457e-07,0.999999639457133,1
"fixed",NA,"c__CFGB10290",1136.44147005541,3013420026.94282,3.77126806052443e-07,0.999999699096344,1
"fixed",NA,"c__CFGB37573",689.323798987029,263865308.850771,2.61240783030283e-06,0.999997915600126,1
"fixed",NA,"c__CFGB9388",88.2073601471205,1448.1548040141,0.060910173347919,0.9514307473314,1
"fixed",NA,"c__CFGB9318",163.665475198468,224594591.70019,7.28715121586472e-07,0.999999418569455,1
"fixed",NA,"c__CFGB9375",5818.91953626387,3569620425.5328,1.63012277009686e-06,0.99999869935021,1
"fixed",NA,"c__CFGB10197",652.011838524371,22144541.0503899,2.94434568339311e-05,0.999976507520379,1
"fixed",NA,"c__CFGB9656",488.344425818751,147.801993127193,3.30404492853151,0.000953005579720792,1
"fixed",NA,"c__CFGB40333",7233.66364142038,1646843288.34397,4.39244200867127e-06,0.999996495338337,1
"fixed",NA,"o__OFGB8118",3697.29958179161,2477255961.61006,1.49249800549015e-06,0.999998809158884,1
"fixed",NA,"o__OFGB28310",672.33078629529,737541092.427922,9.11584172323245e-07,0.999999272661063,1
"fixed",NA,"o__OFGB2838",100.035046936941,123552904.170011,8.09653545652722e-07,0.999999353989936,1
"fixed",NA,"o__OFGB2838:Days",907.779969933187,208579771.696338,4.35219562544532e-06,0.999996527450305,1
"fixed",NA,"o__OFGB9395",246.175876656688,60924425.5612901,4.04067620480122e-06,0.999996776006841,1
"fixed",NA,"o__OFGB28682",866.441175964244,506061865.62112,1.71212500847265e-06,0.99999863392189,1
"fixed",NA,"o__OFGB77305",3218.78018396221,233430254.965448,1.37890445453981e-05,0.999988997934249,1
"fixed",NA,"o__OFGB78137",1576.82064333421,704037599.664464,2.23968243185549e-06,0.999998212991967,1
"fixed",NA,"o__OFGB9827",17159.9536949974,206.879241124293,82.9467161699793,0,0
"fixed",NA,"o__OFGB77359",482.290409828189,73541183.4560903,6.5580996546806e-06,0.999994767393537,1
"fixed",NA,"o__OFGB9633",2883.27223548398,456678217.080753,6.31357513374486e-06,0.999994962495877,1
"fixed",NA,"o__OFGB50354",546.777622202216,1223274954.42976,4.46978514701219e-07,0.999999643362744,1
"fixed",NA,"o__OFGB77250",4277.11077621957,9465284062.06159,4.51873472383457e-07,0.999999639457133,1
"fixed",NA,"o__OFGB10290",1136.44147005541,3013420026.94282,3.77126806052443e-07,0.999999699096344,1
"fixed",NA,"o__OFGB37573",689.323798987029,263865308.850771,2.61240783030283e-06,0.999997915600126,1
"fixed",NA,"o__OFGB9388",88.2073601471205,1448.1548040141,0.060910173347919,0.9514307473314,1
"fixed",NA,"o__OFGB9318",163.665475198468,224594591.70019,7.28715121586472e-07,0.999999418569455,1
"fixed",NA,"o__OFGB9375",5818.91953626387,3569620425.5328,1.63012277009686e-06,0.99999869935021,1
"fixed",NA,"o__OFGB10197",652.011838524371,22144541.0503899,2.94434568339311e-05,0.999976507520379,1
"fixed",NA,"o__OFGB9656",488.344425818751,147.801993127193,3.30404492853151,0.000953005579720792,1
"fixed",NA,"o__OFGB40333",7233.66364142038,1646843288.34397,4.39244200867127e-06,0.999996495338337,1
"fixed",NA,"f__Bacteroidales_unclassified",0.257701425832617,3.69439244703469,0.0697547511606304,0.944388862745214,1
"fixed",NA,"f__Bacteroidales_unclassified:Days",11.2660149829499,6.11117176032459,1.84351142870701,0.0652543746264772,1
"fixed",NA,"f__FGB8118",3697.29958179161,2477255961.61006,1.49249800549015e-06,0.999998809158884,1
"fixed",NA,"f__FGB28310",672.33078629529,737541092.427922,9.11584172323245e-07,0.999999272661063,1
"fixed",NA,"f__FGB2838",100.035046936941,123552904.170011,8.09653545652722e-07,0.999999353989936,1
"fixed",NA,"f__FGB2838:Days",907.779969933187,208579771.696338,4.35219562544532e-06,0.999996527450305,1
"fixed",NA,"f__FGB9395",246.175876656688,60924425.5612901,4.04067620480122e-06,0.999996776006841,1
"fixed",NA,"f__FGB28682",866.441175964244,506061865.62112,1.71212500847265e-06,0.99999863392189,1
"fixed",NA,"f__FGB77305",3218.78018396221,233430254.965448,1.37890445453981e-05,0.999988997934249,1
"fixed",NA,"f__FGB78137",1576.82064333421,704037599.664464,2.23968243185549e-06,0.999998212991967,1
"fixed",NA,"f__FGB9827",17159.9536949974,206.879241124293,82.9467161699793,0,0
"fixed",NA,"f__FGB77359",482.290409828189,73541183.4560903,6.5580996546806e-06,0.999994767393537,1
"fixed",NA,"f__FGB9633",2883.27223548398,456678217.080753,6.31357513374486e-06,0.999994962495877,1
"fixed",NA,"f__Burkholderiaceae",4794.39477474672,104264595.115308,4.59829606535616e-05,0.999963310905647,1
"fixed",NA,"f__FGB50354",546.777622202216,1223274954.42976,4.46978514701219e-07,0.999999643362744,1
"fixed",NA,"f__FGB77250",4277.11077621957,9465284062.06159,4.51873472383457e-07,0.999999639457133,1
"fixed",NA,"f__FGB10290",1136.44147005541,3013420026.94282,3.77126806052443e-07,0.999999699096344,1
"fixed",NA,"f__FGB37573",689.323798987029,263865308.850771,2.61240783030283e-06,0.999997915600126,1
"fixed",NA,"f__FGB9388",88.2073601471205,1448.1548040141,0.060910173347919,0.9514307473314,1
"fixed",NA,"f__FGB9318",163.665475198468,224594591.70019,7.28715121586472e-07,0.999999418569455,1
"fixed",NA,"f__FGB9375",5818.91953626387,3569620425.5328,1.63012277009686e-06,0.99999869935021,1
"fixed",NA,"f__FGB10197",652.011838524371,22144541.0503899,2.94434568339311e-05,0.999976507520379,1
"fixed",NA,"f__FGB9656",488.344425818751,147.801993127193,3.30404492853151,0.000953005579720792,1
"fixed",NA,"f__Atopobiaceae",17114.7641175413,1907244296.85398,8.97355632195219e-06,0.999992840137955,1
"fixed",NA,"f__Atopobiaceae:Days",-15375.5221311103,55439657.7943222,-0.000277337969656171,0.999778716318724,1
"fixed",NA,"f__FGB40333",7233.66364142038,1646843288.34397,4.39244200867127e-06,0.999996495338337,1
"fixed",NA,"g__GGB24148",2322.63449918542,5114151.22018632,0.000454158353788531,0.99963763407381,1
"fixed",NA,"g__Bacteroidales_unclassified",0.257701425832617,3.69439244703469,0.0697547511606304,0.944388862745214,1
"fixed",NA,"g__Bacteroidales_unclassified:Days",11.2660149829499,6.11117176032459,1.84351142870701,0.0652543746264772,1
"fixed",NA,"g__GGB27851",11.5307548821874,5771435.25494306,1.99790076000794e-06,0.99999840590583,1
"fixed",NA,"g__Paramuribaculum",15.3515315916907,9016687.94019631,1.70256880281436e-06,0.999998641546639,1
"fixed",NA,"g__Duncaniella",33.4133402525214,12155421.0364282,2.74884268939643e-06,0.999997806740858,1
"fixed",NA,"g__Muribaculaceae_unclassified",116.93336336903,9375208.01551478,1.24726153462963e-05,0.999990048292783,1
"fixed",NA,"g__GGB27876",3714.5954089734,13641815.2804774,0.000272294803338181,0.999782740183114,1
"fixed",NA,"g__GGB1503",8.8143468459728,21243704.9699325,4.14915706014949e-07,0.999999668945164,1
"fixed",NA,"g__GGB24132",1384.86492014546,22931363.2962186,6.03917395689171e-05,0.999951814363427,1
"fixed",NA,"g__GGB14001",1073.16480965563,13323313.5131412,8.05478913783072e-05,0.999935732081134,1
"fixed",NA,"g__Heminiphilus",5.87557414349649,10046086.735231,5.84861976444142e-07,0.999999533347659,1
"fixed",NA,"g__Faecalibaculum",29.0060550322746,75906417.8260566,3.82129151434117e-07,0.99999969510505,1
"fixed",NA,"g__GGB25041",259.682252408829,498024964.74966,5.21424167038218e-07,0.999999583963707,1
"fixed",NA,"g__GGB28310",672.33078629529,737541092.427922,9.11584172323245e-07,0.999999272661063,1
"fixed",NA,"g__GGB28835",2338.39428659799,726758327.918742,3.21756792700894e-06,0.999997432752228,1
"fixed",NA,"g__GGB42333",3050.78768795724,638220294.817087,4.78014834804272e-06,0.999996185993435,1
"fixed",NA,"g__GGB27929",246.175876656688,60924425.5612901,4.04067620480122e-06,0.999996776006841,1
"fixed",NA,"g__GGB3793",285.252435556004,711275718.071189,4.01043404559825e-07,0.999999680013659,1
"fixed",NA,"g__GGB27778",1482.62793458262,458362570.86276,3.23461824509782e-06,0.999997419148042,1
"fixed",NA,"g__GGB24130",6243.70311719063,16777216000.0042,3.72153706383054e-07,0.999999703064303,1
"fixed",NA,"g__GGB28682",866.441175964244,506061865.62112,1.71212500847265e-06,0.99999863392189,1
"fixed",NA,"g__GGB27849",4797.70627161699,118074572.454108,4.0632848986023e-05,0.999967579677142,1
"fixed",NA,"g__GGB28415",807.093205497223,633281721.242018,1.27446155229985e-06,0.999998983126804,1
"fixed",NA,"g__GGB28828",3218.78018396221,233430254.965448,1.37890445453981e-05,0.999988997934249,1
"fixed",NA,"g__GGB28761",555.084851600783,1492966941.04598,3.71799827805892e-07,0.999999703346658,1
"fixed",NA,"g__GGB30454",372.945765912265,532217632.7163,7.00739214536818e-07,0.999999440891,1
"fixed",NA,"g__GGB30450",2524.85333390623,5938837522.12537,4.25142685668667e-07,0.999999660785215,1
"fixed",NA,"g__GGB70448",2146.53203636488,2435009579.10075,8.81529195937533e-07,0.999999296641465,1
"fixed",NA,"g__GGB28893",614.576625390285,480515995.990381,1.27899306270459e-06,0.999998979511182,1
"fixed",NA,"g__GGB28787",820.52052543267,905786760.084867,9.0586500221729e-07,0.999999277224301,1
"fixed",NA,"g__GGB74395",2036.87800930225,3227060043.46726,6.31186895151092e-07,0.999999496385721,1
"fixed",NA,"g__GGB27885",745.594497741488,983280058.608303,7.58272774083077e-07,0.999999394985861,1
"fixed",NA,"g__GGB29551",518.721885564289,323061230.095727,1.60564573288656e-06,0.99999871888006,1
"fixed",NA,"g__GGB24127",4795.22260225207,107713695.969723,4.45182254594619e-05,0.999964479595243,1
"fixed",NA,"g__GGB28864",1747.15189342652,3399638500.50743,5.13922845963106e-07,0.999999589948896,1
"fixed",NA,"g__GGB28927",482.290409828189,73541183.4560903,6.5580996546806e-06,0.999994767393537,1
"fixed",NA,"g__Lactobacillus",-143.839505900108,735.025927306036,-0.195693104904882,0.84485038155677,1
"fixed",NA,"g__Lactobacillus:Days",5045.48165613205,1713664.29795515,0.00294426490774922,0.997650819881248,1
"fixed",NA,"g__GGB28895",373.600388520487,794187739.645168,4.7041822716554e-07,0.99999962466056,1
"fixed",NA,"g__GGB24146",85.960294502575,137374180.516746,6.2573836058004e-07,0.999999500733023,1
"fixed",NA,"g__Burkholderiaceae_unclassified",4794.39477474672,104264595.115308,4.59829606535616e-05,0.999963310905647,1
"fixed",NA,"g__GGB28885",2883.27223548398,456678217.080753,6.31357513374486e-06,0.999994962495877,1
"fixed",NA,"g__GGB29472",1664.71629315504,24370787.9694721,6.83078567357088e-05,0.999945498215771,1
"fixed",NA,"g__GGB27892",279.958346600706,739736155.203006,3.7845702772751e-07,0.999999698034981,1
"fixed",NA,"g__GGB27914",828.437116027844,699633694.745795,1.18410122646944e-06,0.999999055223913,1
"fixed",NA,"g__GGB28926",2260.91567760728,4766254545.45573,4.74358986924628e-07,0.999999621516288,1
"fixed",NA,"g__GGB1690",329.068726624736,128301513.221535,2.56480783711834e-06,0.999997953579425,1
"fixed",NA,"g__GGB29531",17159.9536949974,206.879241124293,82.9467161699793,0,0
"fixed",NA,"g__GGB30408",4277.11077621957,9465284062.06159,4.51873472383457e-07,0.999999639457133,1
"fixed",NA,"g__GGB14013",768.014765660348,873699570.368659,8.79037591075252e-07,0.999999298629478,1
"fixed",NA,"g__GGB27893",2573.21038666945,349725697.014001,7.3577961489242e-06,0.999994129328051,1
"fixed",NA,"g__GGB30471",18061.9720234808,43414353253.6262,4.16036878816621e-07,0.999999668050598,1
"fixed",NA,"g__GGB31438",1136.44147005541,3013420026.94282,3.77126806052443e-07,0.999999699096344,1
"fixed",NA,"g__GGB27861",689.323798987029,263865308.850771,2.61240783030283e-06,0.999997915600126,1
"fixed",NA,"g__GGB30290",12160.6338580416,19407210965.646,6.26603888604494e-07,0.999999500042432,1
"fixed",NA,"g__GGB30473",25807.7891122398,3022921801.80255,8.53736576872441e-06,0.999993188167663,1
"fixed",NA,"g__GGB27697",1495.71089511657,2048028008.96366,7.30317597498789e-07,0.999999417290865,1
"fixed",NA,"g__GGB29685",3576.67119524566,2211894001.31894,1.61701744889805e-06,0.999998709806743,1
"fixed",NA,"g__GGB28248",989.502256014365,1836843052.0585,5.38697225604254e-07,0.999999570181801,1
"fixed",NA,"g__GGB29549",345.597486973728,52400779.726427,6.59527374932238e-06,0.999994737732901,1
"fixed",NA,"g__GGB23844",1300.73251977269,1708474134.41998,7.61341651926318e-07,0.99999939253725,1
"fixed",NA,"g__GGB27792",3050.67166340415,637735094.554943,4.78360323816447e-06,0.999996183236831,1
"fixed",NA,"g__GGB27866",88.2073601471205,1448.1548040141,0.060910173347919,0.9514307473314,1
"fixed",NA,"g__GGB73359",1692.78672714013,327105010.723419,5.17505593508456e-06,0.999995870902768,1
"fixed",NA,"g__GGB27770",5818.91953626387,3569620425.5328,1.63012277009686e-06,0.99999869935021,1
"fixed",NA,"g__GGB31701",19435.2610726859,119391703.175442,0.000162785692437325,0.999870115809858,1
"fixed",NA,"g__GGB31108",652.011838524371,22144541.0503899,2.94434568339311e-05,0.999976507520379,1
"fixed",NA,"g__GGB29006",3697.29958179161,2477255961.61006,1.49249800549015e-06,0.999998809158884,1
"fixed",NA,"g__GGB3171",1662.63389504626,584928649.873762,2.84245590535715e-06,0.999997732048318,1
"fixed",NA,"g__GGB28405",4781.57798048675,8927905504.26403,5.35576679009767e-07,0.999999572671637,1
"fixed",NA,"g__GGB28793",6842.24905187925,9825602342.60859,6.9636942482477e-07,0.999999444377587,1
"fixed",NA,"g__GGB24134",2076.95719868865,2281062678.4506,9.1052175738521e-07,0.999999273508748,1
"fixed",NA,"g__GGB30461",1876.74569035944,4699500280.11321,3.99350053941103e-07,0.999999681364758,1
"fixed",NA,"g__GGB28399",1418.6665270492,798896195.885575,1.77578330495942e-06,0.999998583129918,1
"fixed",NA,"g__GGB31823",8164.88584829158,22002906229.5137,3.71082154471921e-07,0.999999703919278,1
"fixed",NA,"g__GGB28996",488.344425818751,147.801993127193,3.30404492853151,0.000953005579720792,1
"fixed",NA,"g__Granulimonas",3530.34263946532,8971773262.03432,3.93494411456496e-07,0.999999686036884,1
"fixed",NA,"g__GGB30456",5272.06955533484,10613741546.4429,4.9672111689037e-07,0.99999960367389,1
"fixed",NA,"g__GGB33406",13050.9677212505,32027693193.5635,4.07490094349764e-07,0.999999674869945,1
"fixed",NA,"g__GGB42696",7233.66364142038,1646843288.34397,4.39244200867127e-06,0.999996495338337,1
"fixed",NA,"g__GGB28904",2244.83229842073,5677568866.32967,3.9538618575523e-07,0.999999684527467,1
"fixed",NA,"g__GGB75725",361.780606206395,778798527.616243,4.64536838961083e-07,0.999999629353228,1
"fixed",NA,"s__GGB24148_SGB35952",2322.63449918542,5114151.22018632,0.000454158353788531,0.99963763407381,1
"fixed",NA,"s__Bacteroidales_bacterium",0.257701425832617,3.69439244703469,0.0697547511606304,0.944388862745214,1
"fixed",NA,"s__Bacteroidales_bacterium:Days",11.2660149829499,6.11117176032459,1.84351142870701,0.0652543746264772,1
"fixed",NA,"s__GGB27851_SGB40285",11.5307548821874,5771435.25494306,1.99790076000794e-06,0.99999840590583,1
"fixed",NA,"s__Paramuribaculum_intestinale",15.3515315916907,9016687.94019631,1.70256880281436e-06,0.999998641546639,1
"fixed",NA,"s__GGB27876_SGB40310",3714.5954089734,13641815.2804774,0.000272294803338181,0.999782740183114,1
"fixed",NA,"s__Muribaculaceae_bacterium",4.83308139753653,10163636.2534934,4.75526797397467e-07,0.99999962058451,1
"fixed",NA,"s__Duncaniella_muris",2338.95940601501,38406299.8615133,6.09004099444336e-05,0.999951408503189,1
"fixed",NA,"s__GGB1503_SGB2082",8.8143468459728,21243704.9699325,4.14915706014949e-07,0.999999668945164,1
"fixed",NA,"s__GGB24132_SGB35935",1384.86492014546,22931363.2962186,6.03917395689171e-05,0.999951814363427,1
"fixed",NA,"s__GGB14001_SGB21428",1073.16480965563,13323313.5131412,8.05478913783072e-05,0.999935732081134,1
"fixed",NA,"s__Muribaculum_intestinale",11299.8766520918,28856952.9190765,0.000391582461383917,0.999687562407765,1
"fixed",NA,"s__Heminiphilus_faecis",5.87557414349649,10046086.735231,5.84861976444142e-07,0.999999533347659,1
"fixed",NA,"s__Faecalibaculum_rodentium",29.0060550322746,75906417.8260566,3.82129151434117e-07,0.99999969510505,1
"fixed",NA,"s__GGB25041_SGB36960",259.682252408829,498024964.74966,5.21424167038218e-07,0.999999583963707,1
"fixed",NA,"s__GGB28310_SGB40880",672.33078629529,737541092.427922,9.11584172323245e-07,0.999999272661063,1
"fixed",NA,"s__Duncaniella_dubosii",173.087389397174,20154748.8046949,8.58792094480753e-06,0.999993147830469,1
"fixed",NA,"s__Prevotella_sp_MGM1",283.836619927091,30832535.7444852,9.2057501296454e-06,0.999992654874101,1
"fixed",NA,"s__GGB28835_SGB41494",2338.39428659799,726758327.918742,3.21756792700894e-06,0.999997432752228,1
"fixed",NA,"s__GGB42333_SGB59501",3050.78768795724,638220294.817087,4.78014834804272e-06,0.999996185993435,1
"fixed",NA,"s__Lachnospiraceae_unclassified_SGB41589",6678.96419350302,9219789066.54148,7.24416160207061e-07,0.99999942199953,1
"fixed",NA,"s__GGB27929_SGB40368",246.175876656688,60924425.5612901,4.04067620480122e-06,0.999996776006841,1
"fixed",NA,"s__GGB27778_SGB40192",1482.62793458262,458362570.86276,3.23461824509782e-06,0.999997419148042,1
"fixed",NA,"s__Lachnospiraceae_bacterium_A2",217.399374398017,566654259.900504,3.8365435466097e-07,0.999999693888114,1
"fixed",NA,"s__GGB24130_SGB35933",6243.70311719063,16777216000.0042,3.72153706383054e-07,0.999999703064303,1
"fixed",NA,"s__GGB28682_SGB41310",866.441175964244,506061865.62112,1.71212500847265e-06,0.99999863392189,1
"fixed",NA,"s__GGB27849_SGB40283",4797.70627161699,118074572.454108,4.0632848986023e-05,0.999967579677142,1
"fixed",NA,"s__Bacteroides_muris",75.5243742602461,118200648.646799,6.38950590583679e-07,0.999999490191189,1
"fixed",NA,"s__GGB28415_SGB40997",807.093205497223,633281721.242018,1.27446155229985e-06,0.999998983126804,1
"fixed",NA,"s__GGB28828_SGB41484",3218.78018396221,233430254.965448,1.37890445453981e-05,0.999988997934249,1
"fixed",NA,"s__GGB28761_SGB41409",555.084851600783,1492966941.04598,3.71799827805892e-07,0.999999703346658,1
"fixed",NA,"s__GGB30454_SGB43514",6034.50150591363,3156578739.41753,1.91172215365904e-06,0.999998474666409,1
"fixed",NA,"s__GGB30450_SGB43507",2524.85333390623,5938837522.12537,4.25142685668667e-07,0.999999660785215,1
"fixed",NA,"s__Muribaculaceae_bacterium_Isolate_013_NCI",4798.37173785319,120855899.726294,3.97032478242286e-05,0.999968321391556,1
"fixed",NA,"s__GGB70448_SGB94871",2146.53203636488,2435009579.10075,8.81529195937533e-07,0.999999296641465,1
"fixed",NA,"s__GGB28893_SGB41574",614.576625390285,480515995.990381,1.27899306270459e-06,0.999998979511182,1
"fixed",NA,"s__GGB28787_SGB41440",820.52052543267,905786760.084867,9.0586500221729e-07,0.999999277224301,1
"fixed",NA,"s__Ligilactobacillus_murinus",85.1611609145951,27946190.4920614,3.04732628723713e-06,0.999997568585404,1
"fixed",NA,"s__GGB27885_SGB40319",745.594497741488,983280058.608303,7.58272774083077e-07,0.999999394985861,1
"fixed",NA,"s__GGB29551_SGB42345",518.721885564289,323061230.095727,1.60564573288656e-06,0.99999871888006,1
"fixed",NA,"s__GGB74395_SGB43523",2036.87800930225,3227060043.46726,6.31186895151092e-07,0.999999496385721,1
"fixed",NA,"s__Limosilactobacillus_reuteri",124.244009863994,108278407.156116,1.14744955275209e-06,0.999999084467718,1
"fixed",NA,"s__Limosilactobacillus_reuteri:Days",272.344873396955,17032371.035542,1.59898391614792e-05,0.999987241954204,1
"fixed",NA,"s__bacterium_1xD42_87",2517.61907204884,298965848.443073,8.42109252665433e-06,0.999993280940288,1
"fixed",NA,"s__GGB24127_SGB35930",4795.22260225207,107713695.969723,4.45182254594619e-05,0.999964479595243,1
"fixed",NA,"s__Odoribacter_sp_Z80",101.298855075943,212730535.421914,4.76183895626619e-07,0.999999620060222,1
"fixed",NA,"s__GGB28864_SGB41534",1747.15189342652,3399638500.50743,5.13922845963106e-07,0.999999589948896,1
"fixed",NA,"s__GGB28927_SGB41625",482.290409828189,73541183.4560903,6.5580996546806e-06,0.999994767393537,1
"fixed",NA,"s__Bifidobacterium_pseudolongum",2957.14906619452,35030988.1505542,8.44152341203008e-05,0.999932646388079,1
"fixed",NA,"s__GGB28895_SGB41576",373.600388520487,794187739.645168,4.7041822716554e-07,0.99999962466056,1
"fixed",NA,"s__GGB24146_SGB35950",85.960294502575,137374180.516746,6.2573836058004e-07,0.999999500733023,1
"fixed",NA,"s__Alistipes_sp_DSM_112343",2041.70128434862,438734728.033582,4.65361220320892e-06,0.999996286954671,1
"fixed",NA,"s__GGB3793_SGB41498",285.252435556004,711275718.071189,4.01043404559825e-07,0.999999680013659,1
"fixed",NA,"s__Burkholderiaceae_bacterium",4794.39477474672,104264595.115308,4.59829606535616e-05,0.999963310905647,1
"fixed",NA,"s__Lactobacillus_johnsonii",2427.1079088623,1270519954.56298,1.9103264770817e-06,0.999998475779998,1
"fixed",NA,"s__GGB28885_SGB41566",2883.27223548398,456678217.080753,6.31357513374486e-06,0.999994962495877,1
"fixed",NA,"s__GGB29472_SGB42251",1664.71629315504,24370787.9694721,6.83078567357088e-05,0.999945498215771,1
"fixed",NA,"s__GGB27892_SGB40326",279.958346600706,739736155.203006,3.7845702772751e-07,0.999999698034981,1
"fixed",NA,"s__GGB27914_SGB40352",828.437116027844,699633694.745795,1.18410122646944e-06,0.999999055223913,1
"fixed",NA,"s__GGB28926_SGB41623",2260.91567760728,4766254545.45573,4.74358986924628e-07,0.999999621516288,1
"fixed",NA,"s__GGB1690_SGB40190",329.068726624736,128301513.221535,2.56480783711834e-06,0.999997953579425,1
"fixed",NA,"s__GGB29531_SGB42317",17159.9536949974,206.879241124293,82.9467161699793,0,0
"fixed",NA,"s__GGB30408_SGB43438",4277.11077621957,9465284062.06159,4.51873472383457e-07,0.999999639457133,1
"fixed",NA,"s__GGB14013_SGB21440",768.014765660348,873699570.368659,8.79037591075252e-07,0.999999298629478,1
"fixed",NA,"s__GGB27893_SGB40327",2573.21038666945,349725697.014001,7.3577961489242e-06,0.999994129328051,1
"fixed",NA,"s__GGB30471_SGB43555",18061.9720234808,43414353253.6262,4.16036878816621e-07,0.999999668050598,1
"fixed",NA,"s__GGB31438_SGB44768",1136.44147005541,3013420026.94282,3.77126806052443e-07,0.999999699096344,1
"fixed",NA,"s__GGB27861_SGB40295",689.323798987029,263865308.850771,2.61240783030283e-06,0.999997915600126,1
"fixed",NA,"s__Oscillospiraceae_unclassified_SGB43526",18987.7317337611,12923498694.6198,1.4692408133771e-06,0.999998827715439,1
"fixed",NA,"s__Duncaniella_freteri",1945.37353318847,151190357.537154,1.28670476403259e-05,0.999989733581345,1
"fixed",NA,"s__GGB30290_SGB43252",12160.6338580416,19407210965.646,6.26603888604494e-07,0.999999500042432,1
"fixed",NA,"s__GGB30473_SGB43557",25807.7891122398,3022921801.80255,8.53736576872441e-06,0.999993188167663,1
"fixed",NA,"s__GGB27697_SGB40070",1495.71089511657,2048028008.96366,7.30317597498789e-07,0.999999417290865,1
"fixed",NA,"s__GGB29685_SGB42494",3576.67119524566,2211894001.31894,1.61701744889805e-06,0.999998709806743,1
"fixed",NA,"s__GGB28248_SGB40791",989.502256014365,1836843052.0585,5.38697225604254e-07,0.999999570181801,1
"fixed",NA,"s__GGB29549_SGB42343",345.597486973728,52400779.726427,6.59527374932238e-06,0.999994737732901,1
"fixed",NA,"s__GGB23844_SGB35575",1300.73251977269,1708474134.41998,7.61341651926318e-07,0.99999939253725,1
"fixed",NA,"s__GGB27792_SGB40208",3050.67166340415,637735094.554943,4.78360323816447e-06,0.999996183236831,1
"fixed",NA,"s__GGB27866_SGB40300",88.2073601471205,1448.1548040141,0.060910173347919,0.9514307473314,1
"fixed",NA,"s__Clostridiaceae_unclassified_SGB41663",2036.26703794743,5469345069.27601,3.72305461102854e-07,0.999999702943221,1
"fixed",NA,"s__GGB73359_SGB46611",1692.78672714013,327105010.723419,5.17505593508456e-06,0.999995870902768,1
"fixed",NA,"s__GGB27770_SGB40184",5818.91953626387,3569620425.5328,1.63012277009686e-06,0.99999869935021,1
"fixed",NA,"s__GGB31701_SGB45057",19435.2610726859,119391703.175442,0.000162785692437325,0.999870115809858,1
"fixed",NA,"s__GGB31108_SGB44379",652.011838524371,22144541.0503899,2.94434568339311e-05,0.999976507520379,1
"fixed",NA,"s__GGB29006_SGB41724",3697.29958179161,2477255961.61006,1.49249800549015e-06,0.999998809158884,1
"fixed",NA,"s__Adlercreutzia_muris",1181.4715519652,1370967599.59176,8.61779339144854e-07,0.99999931239957,1
"fixed",NA,"s__GGB3171_SGB4185",1662.63389504626,584928649.873762,2.84245590535715e-06,0.999997732048318,1
"fixed",NA,"s__GGB28405_SGB40987",4781.57798048675,8927905504.26403,5.35576679009767e-07,0.999999572671637,1
"fixed",NA,"s__bacterium_c_19",11741.5694911855,1535671945.08047,7.64588395900546e-06,0.999993899467235,1
"fixed",NA,"s__Oscillospiraceae_unclassified_SGB43502",2806.41326509837,3872409924.98654,7.24720088901262e-07,0.99999942175703,1
"fixed",NA,"s__Adlercreutzia_mucosicola",4223.74984627999,3232604238.9218,1.30660901678727e-06,0.999998957476839,1
"fixed",NA,"s__GGB28793_SGB41446",6842.24905187925,9825602342.60859,6.9636942482477e-07,0.999999444377587,1
"fixed",NA,"s__bacterium_0_1xD8_82",922.793980311934,183223453.074125,5.03644028550542e-06,0.999995981502055,1
"fixed",NA,"s__GGB24134_SGB35937",2076.95719868865,2281062678.4506,9.1052175738521e-07,0.999999273508748,1
"fixed",NA,"s__GGB28399_SGB40980",1418.6665270492,798896195.885575,1.77578330495942e-06,0.999998583129918,1
"fixed",NA,"s__GGB31823_SGB45199",8164.88584829158,22002906229.5137,3.71082154471921e-07,0.999999703919278,1
"fixed",NA,"s__GGB28996_SGB41712",488.344425818751,147.801993127193,3.30404492853151,0.000953005579720792,1
"fixed",NA,"s__Granulimonas_faecalis",3530.34263946532,8971773262.03432,3.93494411456496e-07,0.999999686036884,1
"fixed",NA,"s__GGB30456_SGB43520",5272.06955533484,10613741546.4429,4.9672111689037e-07,0.99999960367389,1
"fixed",NA,"s__GGB33406_SGB48104",13050.9677212505,32027693193.5635,4.07490094349764e-07,0.999999674869945,1
"fixed",NA,"s__GGB42696_SGB59900",7233.66364142038,1646843288.34397,4.39244200867127e-06,0.999996495338337,1
"fixed",NA,"s__GGB28904_SGB41597",2244.83229842073,5677568866.32967,3.9538618575523e-07,0.999999684527467,1
"fixed",NA,"s__GGB75725_SGB102612",361.780606206395,778798527.616243,4.64536838961083e-07,0.999999629353228,1
"fixed",NA,"g__Congzhengia",1551.38562144285,2257277632.02208,6.87281705818841e-07,0.999999451628538,1
"fixed",NA,"s__Congzhengia_minquanensis",1551.38562144285,2257277632.02208,6.87281705818841e-07,0.999999451628538,1
"fixed",NA,"c__CFGB3002",1630.87847904945,23422721.3952649,6.96280526727843e-05,0.999944444851819,1
"fixed",NA,"c__CFGB3002:Days",44564.9940763872,63758992.2847019,0.000698960138475713,0.999442310542303,1
"fixed",NA,"o__OFGB3002",1630.87847904945,23422721.3952649,6.96280526727843e-05,0.999944444851819,1
"fixed",NA,"o__OFGB3002:Days",44564.9940763872,63758992.2847019,0.000698960138475713,0.999442310542303,1
"fixed",NA,"f__FGB3002",1630.87847904945,23422721.3952649,6.96280526727843e-05,0.999944444851819,1
"fixed",NA,"f__FGB3002:Days",44564.9940763872,63758992.2847019,0.000698960138475713,0.999442310542303,1
"fixed",NA,"g__GGB9464",1630.87847904945,23422721.3952649,6.96280526727843e-05,0.999944444851819,1
"fixed",NA,"g__GGB9464:Days",44564.9940763872,63758992.2847019,0.000698960138475713,0.999442310542303,1
"fixed",NA,"s__GGB9464_SGB14857",1630.87847904945,23422721.3952649,6.96280526727843e-05,0.999944444851819,1
"fixed",NA,"s__GGB9464_SGB14857:Days",44564.9940763872,63758992.2847019,0.000698960138475713,0.999442310542303,1
"fixed",NA,"s__Flavonifractor_SGB105860",1052.67807109452,584164902.507114,1.80202211152475e-06,0.999998562194379,1
"fixed",NA,"s__Flavonifractor_SGB105860:Days",1523.91719350295,13954257.7864756,0.000109208043653882,0.999912864588226,1
"fixed",NA,"s__Lachnospiraceae_bacterium_EP_SM_12S_S03",56374.4169055132,802066021.274258,7.02865043652517e-05,0.99994391948338,1
"fixed",NA,"s__Lachnospiraceae_bacterium_EP_SM_12S_S03:Days",-588.088136607259,16796175.397168,-3.50132171581405e-05,0.999972063494611,1
"fixed",NA,"s__GGB3600_SGB4859",6575.16033014348,1046124146.53183,6.28525816170273e-06,0.999994985089552,1
"fixed",NA,"s__GGB3600_SGB4859:Days",-5777.75670261981,2207313338.00998,-2.61755166478937e-06,0.99999791149594,1
"fixed",NA,"s__Holdemania_massiliensis",731.420185491698,42589818.1153327,1.71735926063601e-05,0.999986297455607,1
"fixed",NA,"c__CFGB2957",1346.5949083918,3611887190.52837,3.72823080389399e-07,0.99999970253022,1
"fixed",NA,"o__OFGB2957",1346.5949083918,3611887190.52837,3.72823080389399e-07,0.99999970253022,1
"fixed",NA,"f__FGB2957",1346.5949083918,3611887190.52837,3.72823080389399e-07,0.99999970253022,1
"fixed",NA,"g__Lactococcus",1525.34102005507,780149085.234044,1.95519170492582e-06,0.999998439982725,1
"fixed",NA,"g__Lactococcus:Days",2688.93994028617,25349018.498175,0.000106076688550279,0.999915363048103,1
"fixed",NA,"g__GGB9299",1346.5949083918,3611887190.52837,3.72823080389399e-07,0.99999970253022,1
"fixed",NA,"s__Lactococcus_lactis",1446.43453247747,595211791.716787,2.43011740124549e-06,0.999998061046845,1
"fixed",NA,"s__Lactococcus_lactis:Days",1847.78859347962,30917185.3067282,5.97657443634593e-05,0.999952313835336,1
"fixed",NA,"s__GGB9299_SGB14259",1346.5949083918,3611887190.52837,3.72823080389399e-07,0.99999970253022,1
"fixed",NA,"s__Lactococcus_cremoris",5161.55550433762,15333081451.6817,3.36628714887021e-07,0.999999731409146,1
"fixed",NA,"s__Lactococcus_cremoris:Days",1302.34926708051,209229352.88256,6.22450554445638e-06,0.999995033563127,1
"fixed",NA,"g__GGB55957",-6230.12346949699,5996349420.75699,-1.03898606174129e-06,0.999999171009062,1
"fixed",NA,"g__GGB55957:Days",413.958498190814,466222839.924899,8.87898366921482e-07,0.999999291559601,1
"fixed",NA,"g__GGB58233",13461.2953856545,16554172785.2129,8.13166297121099e-07,0.999999351187166,1
"fixed",NA,"g__GGB58233:Days",7.2007348729351,788226003.600296,9.1353683335047e-09,0.999999992711031,1
"fixed",NA,"s__Lactobacillus_crispatus",-229.398243279305,70995559.1791361,-3.23116327178277e-06,0.999997421904712,1
"fixed",NA,"s__Lactobacillus_crispatus:Days",468.490050266638,7658369.29938047,6.11736039295646e-05,0.999951190525926,1
"fixed",NA,"s__Ligilactobacillus_salivarius",-447.324278524699,11290042.6962114,-3.96211325821478e-05,0.999968386910039,1
"fixed",NA,"s__Ligilactobacillus_salivarius:Days",433.648305605515,11290042.6961265,3.84098020952831e-05,0.999969353411932,1
"fixed",NA,"s__Limosilactobacillus_oris",-5514.78604903588,2172141898.36604,-2.53887006791973e-06,0.999997974274771,1
"fixed",NA,"s__Limosilactobacillus_oris:Days",6358.33024114671,282108211.480582,2.25386216437176e-05,0.99998201678177,1
"fixed",NA,"s__GGB55957_SGB77276",-6230.12346949699,5996349420.75699,-1.03898606174129e-06,0.999999171009062,1
"fixed",NA,"s__GGB55957_SGB77276:Days",413.958498190814,466222839.924899,8.87898366921482e-07,0.999999291559601,1
"fixed",NA,"s__GGB58233_SGB79883",13461.2953856545,16554172785.2129,8.13166297121099e-07,0.999999351187166,1
"fixed",NA,"s__GGB58233_SGB79883:Days",7.2007348729351,788226003.600296,9.1353683335047e-09,0.999999992711031,1
"fixed",NA,"c__CFGB1798",2155.29976119357,181512017.874669,1.18741435769932e-05,0.999990525804167,1
"fixed",NA,"c__CFGB1798:Days",-31.7541412628953,2535841.70296042,-1.25221307094305e-05,0.999990008785239,1
"fixed",NA,"c__CFGB1776",2612.33395815501,19515404.1148936,0.000133860100604391,0.999893195092739,1
"fixed",NA,"c__CFGB1776:Days",-3973.16319243261,12610497.2120794,-0.000315067925206532,0.999748612171033,1
"fixed",NA,"c__CFGB4605",-2718.94806934721,905159217.23747,-3.00383404109322e-06,0.999997603287195,1
"fixed",NA,"c__CFGB4605:Days",599.876331471937,461706585.453219,1.29925877250178e-06,0.999998963341485,1
"fixed",NA,"o__OFGB1798",2155.29976119357,181512017.874669,1.18741435769932e-05,0.999990525804167,1
"fixed",NA,"o__OFGB1798:Days",-31.7541412628953,2535841.70296042,-1.25221307094305e-05,0.999990008785239,1
"fixed",NA,"o__OFGB1776",2612.33395815501,19515404.1148936,0.000133860100604391,0.999893195092739,1
"fixed",NA,"o__OFGB1776:Days",-3973.16319243261,12610497.2120794,-0.000315067925206532,0.999748612171033,1
"fixed",NA,"o__OFGB4605",-2718.94806934721,905159217.23747,-3.00383404109322e-06,0.999997603287195,1
"fixed",NA,"o__OFGB4605:Days",599.876331471937,461706585.453219,1.29925877250178e-06,0.999998963341485,1
"fixed",NA,"f__FGB1798",2155.29976119357,181512017.874669,1.18741435769932e-05,0.999990525804167,1
"fixed",NA,"f__FGB1798:Days",-31.7541412628953,2535841.70296042,-1.25221307094305e-05,0.999990008785239,1
"fixed",NA,"f__FGB1776",2612.33395815501,19515404.1148936,0.000133860100604391,0.999893195092739,1
"fixed",NA,"f__FGB1776:Days",-3973.16319243261,12610497.2120794,-0.000315067925206532,0.999748612171033,1
"fixed",NA,"f__FGB4605",-2718.94806934721,905159217.23747,-3.00383404109322e-06,0.999997603287195,1
"fixed",NA,"f__FGB4605:Days",599.876331471937,461706585.453219,1.29925877250178e-06,0.999998963341485,1
"fixed",NA,"g__GGB4552",3.57472872477588,17.3924871643462,0.205532922979751,0.837155778300235,1
"fixed",NA,"g__GGB4552:Days",-0.110095735998376,0.451778390807272,-0.243694116935624,0.807467730039953,1
"fixed",NA,"g__GGB4768",22696.6676323925,207832727.85329,0.000109206417424373,0.99991286588577,1
"fixed",NA,"g__GGB4768:Days",-283.876024020583,4499720.7634825,-6.30874756327947e-05,0.999949663477246,1
"fixed",NA,"g__GGB9350",29189.5016223615,1754449626.30098,1.66374122031099e-05,0.999986725265672,1
"fixed",NA,"g__GGB9350:Days",-17213.2760808996,204826486.095211,-8.40383312190306e-05,0.999932947113084,1
"fixed",NA,"g__GGB4684",2612.33395815501,19515404.1148936,0.000133860100604391,0.999893195092739,1
"fixed",NA,"g__GGB4684:Days",-3973.16319243261,12610497.2120794,-0.000315067925206532,0.999748612171033,1
"fixed",NA,"g__GGB3486",-21.0673643255175,7.02682013031146,-2.99813627427855,0.00271636182132989,1
"fixed",NA,"g__GGB3486:Days",0.403439345149777,0.91082615819042,0.442937811482389,0.657810716971003,1
"fixed",NA,"g__GGB13404",-2718.94806934721,905159217.23747,-3.00383404109322e-06,0.999997603287195,1
"fixed",NA,"g__GGB13404:Days",599.876331471937,461706585.453219,1.29925877250178e-06,0.999998963341485,1
"fixed",NA,"g__GGB9091",4981.95529125347,7059071760.14933,7.0575218109811e-07,0.999999436891231,1
"fixed",NA,"s__GGB4552_SGB6276",3.57472872477588,17.3924871643462,0.205532922979751,0.837155778300235,1
"fixed",NA,"s__GGB4552_SGB6276:Days",-0.110095735998376,0.451778390807272,-0.243694116935624,0.807467730039953,1
"fixed",NA,"s__GGB4768_SGB6601",22696.6676323925,207832727.85329,0.000109206417424373,0.99991286588577,1
"fixed",NA,"s__GGB4768_SGB6601:Days",-283.876024020583,4499720.7634825,-6.30874756327947e-05,0.999949663477246,1
"fixed",NA,"s__GGB9350_SGB14317",29189.5016223615,1754449626.30098,1.66374122031099e-05,0.999986725265672,1
"fixed",NA,"s__GGB9350_SGB14317:Days",-17213.2760808996,204826486.095211,-8.40383312190306e-05,0.999932947113084,1
"fixed",NA,"s__GGB4684_SGB6478",2612.33395815501,19515404.1148936,0.000133860100604391,0.999893195092739,1
"fixed",NA,"s__GGB4684_SGB6478:Days",-3973.16319243261,12610497.2120794,-0.000315067925206532,0.999748612171033,1
"fixed",NA,"s__GGB3486_SGB4658",-21.0673643255175,7.02682013031146,-2.99813627427855,0.00271636182132989,1
"fixed",NA,"s__GGB3486_SGB4658:Days",0.403439345149777,0.91082615819042,0.442937811482389,0.657810716971003,1
"fixed",NA,"s__GGB6518_SGB9205",3203.77861039083,204.803331359652,15.6431957874978,3.6969935823853e-55,1.46770645220696e-51
"fixed",NA,"s__GGB6518_SGB9205:Days",-41.3241433498147,1449.1011989259,-0.0285170858877523,0.977249741003006,1
"fixed",NA,"s__GGB13404_SGB14252",-2718.94806934721,905159217.23747,-3.00383404109322e-06,0.999997603287195,1
"fixed",NA,"s__GGB13404_SGB14252:Days",599.876331471937,461706585.453219,1.29925877250178e-06,0.999998963341485,1
"fixed",NA,"s__Alistipes_sp_AF17_16",3820.86735928113,1576065382.80924,2.42430764672381e-06,0.999998065682358,1
"fixed",NA,"s__GGB9091_SGB14020",4981.95529125347,7059071760.14933,7.0575218109811e-07,0.999999436891231,1
"fixed",NA,"c__CFGB10667",11564.9803358859,28294024435.1972,4.0874285531115e-07,0.999999673870386,1
"fixed",NA,"o__OFGB10667",11564.9803358859,28294024435.1972,4.0874285531115e-07,0.999999673870386,1
"fixed",NA,"f__FGB10667",11564.9803358859,28294024435.1972,4.0874285531115e-07,0.999999673870386,1
"fixed",NA,"g__GGB28833",680.742540285277,57407560.3726436,1.18580642665608e-05,0.999990538633601,1
"fixed",NA,"g__GGB31232",6281.25419360251,473698482.388767,1.32600260020412e-05,0.999989420029977,1
"fixed",NA,"g__GGB75959",3445.58969624455,1048576000.00026,3.28597039818162e-06,0.999997378174952,1
"fixed",NA,"g__GGB31841",1547.09475512548,1311744800.62581,1.17941748607457e-06,0.999999058960997,1
"fixed",NA,"g__GGB28875",1751.22822532549,1495962193.49123,1.17063668650511e-06,0.999999065967062,1
"fixed",NA,"g__GGB27480",955.19274516268,2387122734.55301,4.00143960482845e-07,0.999999680731312,1
"fixed",NA,"g__GGB30311",1670.08963271519,84426081.5062526,1.97816788712561e-05,0.999984216503843,1
"fixed",NA,"g__GGB28987",2392.66328410511,2647913691.85784,9.03603199553819e-07,0.999999279028958,1
"fixed",NA,"g__GGB28392",2652.14598449701,265488831.673389,9.98967063051355e-06,0.999992029396036,1
"fixed",NA,"g__GGB28964",4135.14452826425,7630153231.71105,5.41947769944975e-07,0.999999567588242,1
"fixed",NA,"g__GGB28981",11564.9803358859,28294024435.1972,4.0874285531115e-07,0.999999673870386,1
"fixed",NA,"s__GGB28833_SGB41490",680.742540285277,57407560.3726436,1.18580642665608e-05,0.999990538633601,1
"fixed",NA,"s__GGB31232_SGB44532",6281.25419360251,473698482.388767,1.32600260020412e-05,0.999989420029977,1
"fixed",NA,"s__GGB75959_SGB102469",3445.58969624455,1048576000.00026,3.28597039818162e-06,0.999997378174952,1
"fixed",NA,"s__GGB31841_SGB45219",1547.09475512548,1311744800.62581,1.17941748607457e-06,0.999999058960997,1
"fixed",NA,"s__GGB28875_SGB41555",1751.22822532549,1495962193.49123,1.17063668650511e-06,0.999999065967062,1
"fixed",NA,"s__GGB30454_SGB100837",2180.0031396585,1621378690.50536,1.34453669116561e-06,0.999998927214933,1
"fixed",NA,"s__GGB27480_SGB39776",955.19274516268,2387122734.55301,4.00143960482845e-07,0.999999680731312,1
"fixed",NA,"s__GGB30461_SGB43530",1876.74569035944,4699500280.11321,3.99350053941103e-07,0.999999681364758,1
"fixed",NA,"s__Lachnospiraceae_unclassified_SGB41587",2330.72001893524,2557560279.46272,9.11305996441603e-07,0.999999272883015,1
"fixed",NA,"s__GGB30311_SGB43288",1670.08963271519,84426081.5062526,1.97816788712561e-05,0.999984216503843,1
"fixed",NA,"s__GGB28987_SGB41700",2392.66328410511,2647913691.85784,9.03603199553819e-07,0.999999279028958,1
"fixed",NA,"s__GGB28392_SGB40972",2652.14598449701,265488831.673389,9.98967063051355e-06,0.999992029396036,1
"fixed",NA,"s__GGB28964_SGB94886",4135.14452826425,7630153231.71105,5.41947769944975e-07,0.999999567588242,1
"fixed",NA,"s__Lachnospiraceae_unclassified_SGB41414",4038.04052697453,3687793328.18668,1.09497473627679e-06,0.999999126336563,1
"fixed",NA,"s__GGB28981_SGB41693",11564.9803358859,28294024435.1972,4.0874285531115e-07,0.999999673870386,1
"fixed",NA,"s__Oscillospiraceae_unclassified_SGB4281",3269.60779605959,169548177.155747,1.92842403316205e-05,0.999984613402374,1
"fixed",NA,"g__GGB9561",7898.67321689505,1724171680.74086,4.58114079074832e-06,0.999996344778492,1
"fixed",NA,"g__GGB9561:Days",-554.647562247096,317651164.208192,-1.74609012886719e-06,0.999998606821644,1
"fixed",NA,"g__Enorma",15603.0278277311,18617460716.6796,8.38085712395365e-07,0.99999933130435,1
"fixed",NA,"s__Akkermansia_sp_KLE1798",-18912.1653516024,650209805.341679,-2.90862506166978e-05,0.999976792529705,1
"fixed",NA,"s__Akkermansia_sp_KLE1798:Days",1610.99479079657,23499957.9597349,6.85530924590107e-05,0.999945302545974,1
"fixed",NA,"s__GGB9561_SGB14972",7898.67321689505,1724171680.74086,4.58114079074832e-06,0.999996344778492,1
"fixed",NA,"s__GGB9561_SGB14972:Days",-554.647562247096,317651164.208192,-1.74609012886719e-06,0.999998606821644,1
"fixed",NA,"s__Flavonifractor_sp_An100",-2543.72833682709,6028304228.94068,-4.21964161101087e-07,0.999999663321311,1
"fixed",NA,"s__Flavonifractor_sp_An100:Days",933.776522472577,211145592.0189,4.42242963039927e-06,0.999996471411677,1
"fixed",NA,"s__Collinsella_massiliensis",15603.0278277311,18617460716.6796,8.38085712395365e-07,0.99999933130435,1
"fixed",NA,"g__GGB3001",306.004614514166,21480917.5480947,1.42454163714858e-05,0.999988633802215,1
"fixed",NA,"g__GGB3001:Days",8.34406342740145,419383.925248637,1.98960020283433e-05,0.999984125287161,1
"fixed",NA,"s__Parabacteroides_johnsonii",-2733.77886958285,384539551.364375,-7.10922676193697e-06,0.999994327657727,1
"fixed",NA,"s__Parabacteroides_johnsonii:Days",-3783.54548882667,14821631.8099497,-0.000255271857872409,0.999796322528008,1
"fixed",NA,"s__GGB3001_SGB3992",306.004614514166,21480917.5480947,1.42454163714858e-05,0.999988633802215,1
"fixed",NA,"s__GGB3001_SGB3992:Days",8.34406342740145,419383.925248637,1.98960020283433e-05,0.999984125287161,1
"fixed",NA,"c__CFGB1374",20.5601621174302,103.684654357347,0.198295130989878,0.842814160961984,1
"fixed",NA,"c__CFGB1374:Days",-0.119295122947452,2.25569400403963,-0.0528862171614637,0.957822566139552,1
"fixed",NA,"c__CFGB3022",11023.2050588091,116870244.104317,9.43200311019287e-05,0.999924743503521,1
"fixed",NA,"c__CFGB3022:Days",17.5864018941199,88281292.2838519,1.99208704802079e-07,0.99999984105445,1
"fixed",NA,"c__CFGB3009",-3804.41537912164,258.809022619168,-14.6997015043009,6.47444784446908e-49,2.57035579425422e-45
"fixed",NA,"c__CFGB3009:Days",936.624979012282,92.5830946026722,10.1165875155922,4.66393755840724e-24,1.85158321068767e-20
"fixed",NA,"o__OFGB1374",20.5601621174302,103.684654357347,0.198295130989878,0.842814160961984,1
"fixed",NA,"o__OFGB1374:Days",-0.119295122947452,2.25569400403963,-0.0528862171614637,0.957822566139552,1
"fixed",NA,"o__OFGB3022",11023.2050588091,116870244.104317,9.43200311019287e-05,0.999924743503521,1
"fixed",NA,"o__OFGB3022:Days",17.5864018941199,88281292.2838519,1.99208704802079e-07,0.99999984105445,1
"fixed",NA,"o__OFGB3009",-3804.41537912164,258.809022619168,-14.6997015043009,6.47444784446908e-49,2.57035579425422e-45
"fixed",NA,"o__OFGB3009:Days",936.624979012282,92.5830946026722,10.1165875155922,4.66393755840724e-24,1.85158321068767e-20
"fixed",NA,"f__FGB1374",20.5601621174302,103.684654357347,0.198295130989878,0.842814160961984,1
"fixed",NA,"f__FGB1374:Days",-0.119295122947452,2.25569400403963,-0.0528862171614637,0.957822566139552,1
"fixed",NA,"f__FGB3022",11023.2050588091,116870244.104317,9.43200311019287e-05,0.999924743503521,1
"fixed",NA,"f__FGB3022:Days",17.5864018941199,88281292.2838519,1.99208704802079e-07,0.99999984105445,1
"fixed",NA,"f__FGB3009",-3804.41537912164,258.809022619168,-14.6997015043009,6.47444784446908e-49,2.57035579425422e-45
"fixed",NA,"f__FGB3009:Days",936.624979012282,92.5830946026722,10.1165875155922,4.66393755840724e-24,1.85158321068767e-20
"fixed",NA,"g__GGB81342",-2369.19728061068,999089831.770405,-2.37135561315084e-06,0.999998107931968,1
"fixed",NA,"g__GGB3496",11763.3585167211,11144805.4327204,0.00105550146996597,0.999157831829584,1
"fixed",NA,"g__GGB3496:Days",-115.411100444727,1007887.02785297,-0.000114507972873289,0.999908635856555,1
"fixed",NA,"g__Paraeggerthella",2040.20896265109,381886211.802292,5.34245254109185e-06,0.999995737339601,1
"fixed",NA,"g__GGB9641",1367.13632257754,1108504525.93355,1.23331595910822e-06,0.999999015956238,1
"fixed",NA,"g__GGB9532",-65184.0039801583,2020181384.78044,-3.2266411556526e-05,0.999974255128391,1
"fixed",NA,"g__GGB9532:Days",34049.3907527589,970360922.381076,3.50894084535147e-05,0.999972002702753,1
"fixed",NA,"g__Massilicoli",3048.7315836927,1447871930.96045,2.10566384947481e-06,0.999998319923324,1
"fixed",NA,"g__GGB9529",28589.4180193355,230999101.949015,0.000123764195523347,0.999901250459464,1
"fixed",NA,"g__Fumia",15024.3709194209,1448.34928533602,10.3734444940436,3.27502387041762e-25,1.3001844765558e-21
"fixed",NA,"g__Fumia:Days",-169.818819473382,145.545022489403,-1.16677861302847,0.243299786066208,1
"fixed",NA,"g__GGB3353",-9398.78190254994,8790310941.50623,-1.06922064135076e-06,0.999999146885358,1
"fixed",NA,"g__GGB3353:Days",9242.61794320896,94741429.5723992,9.75562431865772e-05,0.999922161379875,1
"fixed",NA,"g__GGB9086",1711.27900745677,2206933687.1292,7.75410252440713e-07,0.999999381312131,1
"fixed",NA,"g__GGB9499",11023.2050588091,116870244.104317,9.43200311019287e-05,0.999924743503521,1
"fixed",NA,"g__GGB9499:Days",17.5864018941199,88281292.2838519,1.99208704802079e-07,0.99999984105445,1
"fixed",NA,"g__GGB9454",-3527.3930902214,14972328.6127908,-0.000235594153818396,0.999812023063792,1
"fixed",NA,"g__GGB9454:Days",2225.06376567162,4906789.03780091,0.000453466360287793,0.999638186204683,1
"fixed",NA,"g__Neobittarella",33643.1015096341,270024597.332262,0.000124592729114365,0.999900589385309,1
"fixed",NA,"g__GGB74700",4432.62206626068,150696497.27113,2.94142342159791e-05,0.999976530836655,1
"fixed",NA,"s__GGB81342_SGB47944",-2369.19728061068,999089831.770405,-2.37135561315084e-06,0.999998107931968,1
"fixed",NA,"s__GGB3496_SGB4671",11763.3585167211,11144805.4327204,0.00105550146996597,0.999157831829584,1
"fixed",NA,"s__GGB3496_SGB4671:Days",-115.411100444727,1007887.02785297,-0.000114507972873289,0.999908635856555,1
"fixed",NA,"s__Paraeggerthella_hongkongensis",2040.20896265109,381886211.802292,5.34245254109185e-06,0.999995737339601,1
"fixed",NA,"s__Eubacteriaceae_bacterium_CHKCI004",-5125.54104354694,215445175.166857,-2.37904656698732e-05,0.99998101795475,1
"fixed",NA,"s__Eubacteriaceae_bacterium_CHKCI004:Days",2804.07226928632,5999137.90101002,0.000467412537527138,0.999627058766361,1
"fixed",NA,"s__GGB9469_SGB14863",20.8875544263503,469.002281421463,0.0445361467390816,0.964477039618602,1
"fixed",NA,"s__GGB9469_SGB14863:Days",2.71157414217418,60.1115447284943,0.0451090411071873,0.964020394998377,1
"fixed",NA,"s__Gordonibacter_urolithinfaciens",-403.005797886863,1720994236.57409,-2.34170335566672e-07,0.999999813159105,1
"fixed",NA,"s__Gordonibacter_urolithinfaciens:Days",757.279364143232,216731135.599239,3.49409586236621e-06,0.999997212114857,1
"fixed",NA,"s__GGB9641_SGB15117",1367.13632257754,1108504525.93355,1.23331595910822e-06,0.999999015956238,1
"fixed",NA,"s__GGB9532_SGB14933",-65184.0039801583,2020181384.78044,-3.2266411556526e-05,0.999974255128391,1
"fixed",NA,"s__GGB9532_SGB14933:Days",34049.3907527589,970360922.381076,3.50894084535147e-05,0.999972002702753,1
"fixed",NA,"s__Massilicoli_timonensis",3048.7315836927,1447871930.96045,2.10566384947481e-06,0.999998319923324,1
"fixed",NA,"s__GGB9529_SGB53518",28589.4180193355,230999101.949015,0.000123764195523347,0.999901250459464,1
"fixed",NA,"s__Fumia_xinanensis",15024.3709194209,1448.34928533602,10.3734444940436,3.27502387041762e-25,1.3001844765558e-21
"fixed",NA,"s__Fumia_xinanensis:Days",-169.818819473382,145.545022489403,-1.16677861302847,0.243299786066208,1
"fixed",NA,"s__GGB9695_SGB15209",271.476987655593,682277999.186831,3.97897906687818e-07,0.999999682523403,1
"fixed",NA,"s__GGB3353_SGB4437",-9398.78190254994,8790310941.50623,-1.06922064135076e-06,0.999999146885358,1
"fixed",NA,"s__GGB3353_SGB4437:Days",9242.61794320896,94741429.5723992,9.75562431865772e-05,0.999922161379875,1
"fixed",NA,"s__GGB9086_SGB14014",1711.27900745677,2206933687.1292,7.75410252440713e-07,0.999999381312131,1
"fixed",NA,"s__GGB9499_SGB72735",11023.2050588091,116870244.104317,9.43200311019287e-05,0.999924743503521,1
"fixed",NA,"s__GGB9499_SGB72735:Days",17.5864018941199,88281292.2838519,1.99208704802079e-07,0.99999984105445,1
"fixed",NA,"s__GGB9454_SGB14846",-3527.3930902214,14972328.6127908,-0.000235594153818396,0.999812023063792,1
"fixed",NA,"s__GGB9454_SGB14846:Days",2225.06376567162,4906789.03780091,0.000453466360287793,0.999638186204683,1
"fixed",NA,"s__Neobittarella_massiliensis",33643.1015096341,270024597.332262,0.000124592729114365,0.999900589385309,1
"fixed",NA,"s__GGB74700_SGB54319",4432.62206626068,150696497.27113,2.94142342159791e-05,0.999976530836655,1
"fixed",NA,"c__CFGB2897",-26.2887155214155,123.715830245383,-0.212492738150594,0.831722642549186,1
"fixed",NA,"c__CFGB2897:Days",1.02188252329075,13.7475548138472,0.074331947544698,0.940746256873566,1
"fixed",NA,"c__CFGB79253",-293.857204455345,42219756.0931574,-6.9601824275572e-06,0.999994446577901,1
"fixed",NA,"c__CFGB3176",-1471.4367595398,1049746561.61469,-1.40170667220522e-06,0.999998881599887,1
"fixed",NA,"c__CFGB28372",-865.929254150675,2782366.43036999,-0.000311220421831903,0.999751682034422,1
"fixed",NA,"c__CFGB79211",-1348.40825853692,97324183.4424903,-1.38548119371965e-05,0.999988945459463,1
"fixed",NA,"c__CFGB1311",-4699.61369767027,4225998992.4434,-1.11207165597383e-06,0.999999112695195,1
"fixed",NA,"c__CFGB2952",154.435821616442,145.641105864814,1.0603862192573,0.288968928988681,1
"fixed",NA,"c__CFGB2952:Days",8.50031252090669,100.038428744046,0.08497047212382,0.93228486562035,1
"fixed",NA,"o__Selenomonadales",48967.1309476642,38213103.015423,0.00128142252483136,0.998977573031384,1
"fixed",NA,"o__Selenomonadales:Days",-48954.1521364959,37552555.7016594,-0.00130361705673025,0.99895986437184,1
"fixed",NA,"o__OFGB2897",-26.2887155214155,123.715830245383,-0.212492738150594,0.831722642549186,1
"fixed",NA,"o__OFGB2897:Days",1.02188252329075,13.7475548138472,0.074331947544698,0.940746256873566,1
"fixed",NA,"o__OFGB79253",-293.857204455345,42219756.0931574,-6.9601824275572e-06,0.999994446577901,1
"fixed",NA,"o__OFGB3176",-1471.4367595398,1049746561.61469,-1.40170667220522e-06,0.999998881599887,1
"fixed",NA,"o__OFGB28372",-865.929254150675,2782366.43036999,-0.000311220421831903,0.999751682034422,1
"fixed",NA,"o__OFGB79211",-1348.40825853692,97324183.4424903,-1.38548119371965e-05,0.999988945459463,1
"fixed",NA,"o__OFGB1311",-4699.61369767027,4225998992.4434,-1.11207165597383e-06,0.999999112695195,1
"fixed",NA,"o__OFGB2952",154.435821616442,145.641105864814,1.0603862192573,0.288968928988681,1
"fixed",NA,"o__OFGB2952:Days",8.50031252090669,100.038428744046,0.08497047212382,0.93228486562035,1
"fixed",NA,"f__Selenomonadaceae",48967.1309476642,38213103.015423,0.00128142252483136,0.998977573031384,1
"fixed",NA,"f__Selenomonadaceae:Days",-48954.1521364959,37552555.7016594,-0.00130361705673025,0.99895986437184,1
"fixed",NA,"f__FGB2897",-26.2887155214155,123.715830245383,-0.212492738150594,0.831722642549186,1
"fixed",NA,"f__FGB2897:Days",1.02188252329075,13.7475548138472,0.074331947544698,0.940746256873566,1
"fixed",NA,"f__FGB79253",-293.857204455345,42219756.0931574,-6.9601824275572e-06,0.999994446577901,1
"fixed",NA,"f__FGB3176",-1471.4367595398,1049746561.61469,-1.40170667220522e-06,0.999998881599887,1
"fixed",NA,"f__FGB28372",-865.929254150675,2782366.43036999,-0.000311220421831903,0.999751682034422,1
"fixed",NA,"f__FGB79211",-1348.40825853692,97324183.4424903,-1.38548119371965e-05,0.999988945459463,1
"fixed",NA,"f__FGB1311",-4699.61369767027,4225998992.4434,-1.11207165597383e-06,0.999999112695195,1
"fixed",NA,"f__FGB2952",154.435821616442,145.641105864814,1.0603862192573,0.288968928988681,1
"fixed",NA,"f__FGB2952:Days",8.50031252090669,100.038428744046,0.08497047212382,0.93228486562035,1
"fixed",NA,"g__Mitsuokella",-127.13925055977,18368284.4308444,-6.92167257309422e-06,0.999994477304319,1
"fixed",NA,"g__GGB4558",-262.964517076471,369990428.933737,-7.10733296086333e-07,0.999999432916876,1
"fixed",NA,"g__GGB9209",-26.2887155214155,123.715830245383,-0.212492738150594,0.831722642549186,1
"fixed",NA,"g__GGB9209:Days",1.02188252329075,13.7475548138472,0.074331947544698,0.940746256873566,1
"fixed",NA,"g__GGB9058",-293.857204455345,42219756.0931574,-6.9601824275572e-06,0.999994446577901,1
"fixed",NA,"g__GGB34797",7.83352542142019,112.854270724175,0.0694127512512658,0.944661079370369,1
"fixed",NA,"g__GGB34797:Days",0.346427889926306,10.4649731499467,0.0331035622320798,0.973592002057927,1
"fixed",NA,"g__GGB24836",-1654.79361313594,1491308088.88892,-1.10962558673495e-06,0.999999114646876,1
"fixed",NA,"g__GGB74220",1765.35552011256,2326580431.63122,7.58776914011451e-07,0.999999394583615,1
"fixed",NA,"g__GGB74220:Days",-2107.24731215792,320951254.740637,-6.56563039101002e-06,0.999994761384879,1
"fixed",NA,"g__GGB2652",-5655.3576282738,2905008205.21019,-1.94676132691495e-06,0.999998446709194,1
"fixed",NA,"g__GGB2652:Days",100.730590275713,45858932.3858811,2.19653151600026e-06,0.999998247421416,1
"fixed",NA,"g__GGB10708",-1471.4367595398,1049746561.61469,-1.40170667220522e-06,0.999998881599887,1
"fixed",NA,"g__GGB9083",-865.929254150675,2782366.43036999,-0.000311220421831903,0.999751682034422,1
"fixed",NA,"g__GGB9267",-1348.40825853692,97324183.4424903,-1.38548119371965e-05,0.999988945459463,1
"fixed",NA,"g__GGB3142",-1917.79521511158,332650681.302978,-5.76519250644448e-06,0.999995400041909,1
"fixed",NA,"g__GGB3140",-8932.61741326766,739090921.239976,-1.20859520210062e-05,0.99999035680548,1
"fixed",NA,"g__GGB9293",26918.3135659665,3328614990.49743,8.08694115805319e-06,0.999993547554506,1
"fixed",NA,"g__GGB9293:Days",-7097.13654737899,481000244.649046,-1.47549541322111e-05,0.999988227249903,1
"fixed",NA,"s__Megasphaera_elsdenii",-74.3571897018682,77271473.3924381,-9.62285128487596e-07,0.999999232207553,1
"fixed",NA,"s__Mitsuokella_jalaludinii",-127.13925055977,18368284.4308444,-6.92167257309422e-06,0.999994477304319,1
"fixed",NA,"s__GGB4558_SGB6291",-262.964517076471,369990428.933737,-7.10733296086333e-07,0.999999432916876,1
"fixed",NA,"s__GGB9209_SGB14148",-26.2887155214155,123.715830245383,-0.212492738150594,0.831722642549186,1
"fixed",NA,"s__GGB9209_SGB14148:Days",1.02188252329075,13.7475548138472,0.074331947544698,0.940746256873566,1
"fixed",NA,"s__GGB9058_SGB13975",-293.857204455345,42219756.0931574,-6.9601824275572e-06,0.999994446577901,1
"fixed",NA,"s__GGB34797_SGB14322",-868.942920626697,1017263362.13432,-8.54196615125867e-07,0.999999318449709,1
"fixed",NA,"s__GGB24836_SGB36733",-1654.79361313594,1491308088.88892,-1.10962558673495e-06,0.999999114646876,1
"fixed",NA,"s__GGB74220_SGB4052",1765.35552011256,2326580431.63122,7.58776914011451e-07,0.999999394583615,1
"fixed",NA,"s__GGB74220_SGB4052:Days",-2107.24731215792,320951254.740637,-6.56563039101002e-06,0.999994761384879,1
"fixed",NA,"s__GGB2652_SGB3573",-5655.3576282738,2905008205.21019,-1.94676132691495e-06,0.999998446709194,1
"fixed",NA,"s__GGB2652_SGB3573:Days",100.730590275713,45858932.3858811,2.19653151600026e-06,0.999998247421416,1
"fixed",NA,"s__GGB10708_SGB17364",-1471.4367595398,1049746561.61469,-1.40170667220522e-06,0.999998881599887,1
"fixed",NA,"s__GGB9083_SGB14011",-865.929254150675,2782366.43036999,-0.000311220421831903,0.999751682034422,1
"fixed",NA,"s__GGB9267_SGB14218",-1348.40825853692,97324183.4424903,-1.38548119371965e-05,0.999988945459463,1
"fixed",NA,"s__GGB3142_SGB4155",-1917.79521511158,332650681.302978,-5.76519250644448e-06,0.999995400041909,1
"fixed",NA,"s__GGB9708_SGB15235",-2325.39404121988,141654104.664477,-1.64160018287351e-05,0.999986901925591,1
"fixed",NA,"s__GGB3140_SGB4153",-8932.61741326766,739090921.239976,-1.20859520210062e-05,0.99999035680548,1
"fixed",NA,"s__GGB9293_SGB14250",26918.3135659665,3328614990.49743,8.08694115805319e-06,0.999993547554506,1
"fixed",NA,"s__GGB9293_SGB14250:Days",-7097.13654737899,481000244.649046,-1.47549541322111e-05,0.999988227249903,1
"fixed",NA,"c__CFGB2164",98.600879496189,170279526.020698,5.79053053531545e-07,0.999999537982509,1
"fixed",NA,"o__OFGB2164",98.600879496189,170279526.020698,5.79053053531545e-07,0.999999537982509,1
"fixed",NA,"f__FGB2164",98.600879496189,170279526.020698,5.79053053531545e-07,0.999999537982509,1
"fixed",NA,"g__GGB48168",3060.41234956404,4419552764.10169,6.92471051465338e-07,0.999999447488039,1
"fixed",NA,"g__GGB84235",-152626.304667327,1074596966.92315,-0.000142031207387768,0.999886675492854,1
"fixed",NA,"g__GGB84235:Days",76523.42748312,197474570.56317,0.000387510286842938,0.999690811532714,1
"fixed",NA,"g__GGB6132",98.600879496189,170279526.020698,5.79053053531545e-07,0.999999537982509,1
"fixed",NA,"g__GGB51959",-4199.09307888608,374951837.687548,-1.11990198655467e-05,0.999991064474953,1
"fixed",NA,"g__GGB51959:Days",1090.56775204698,41290543.652557,2.6412046332537e-05,0.999978926236014,1
"fixed",NA,"g__GGB29535",-11817.1256342319,42630134.1033593,-0.00027720123060323,0.999778825420699,1
"fixed",NA,"g__GGB29535:Days",5998.99735064312,21191437.9429808,0.000283085903221124,0.999774130131456,1
"fixed",NA,"g__Lacticaseibacillus",-7590.49515717415,290161621.300003,-2.61595421309223e-05,0.999979127705218,1
"fixed",NA,"g__Lacticaseibacillus:Days",2663.69963368252,42410546.0426429,6.28074826248222e-05,0.999949886879344,1
"fixed",NA,"s__GGB48168_SGB66171",3060.41234956404,4419552764.10169,6.92471051465338e-07,0.999999447488039,1
"fixed",NA,"s__GGB84235_SGB119956",-152626.304667327,1074596966.92315,-0.000142031207387768,0.999886675492854,1
"fixed",NA,"s__GGB84235_SGB119956:Days",76523.42748312,197474570.56317,0.000387510286842938,0.999690811532714,1
"fixed",NA,"s__GGB6132_SGB8779",98.600879496189,170279526.020698,5.79053053531545e-07,0.999999537982509,1
"fixed",NA,"s__GGB51959_SGB72479",-4199.09307888608,374951837.687548,-1.11990198655467e-05,0.999991064474953,1
"fixed",NA,"s__GGB51959_SGB72479:Days",1090.56775204698,41290543.652557,2.6412046332537e-05,0.999978926236014,1
"fixed",NA,"s__GGB29535_SGB36365",-11817.1256342319,42630134.1033593,-0.00027720123060323,0.999778825420699,1
"fixed",NA,"s__GGB29535_SGB36365:Days",5998.99735064312,21191437.9429808,0.000283085903221124,0.999774130131456,1
"fixed",NA,"s__Lacticaseibacillus_rhamnosus",-4223.60273576899,331390761.219326,-1.27450829354101e-05,0.9999898308951,1
"fixed",NA,"s__Lacticaseibacillus_rhamnosus:Days",6701.34819392216,216591701.201637,3.09400044265016e-05,0.999975313448161,1
"fixed",NA,"c__CFGB9718",42.5533420542498,19486.4431556925,0.00218374085584822,0.998257628271139,1
"fixed",NA,"c__CFGB9718:Days",8.41532318995007,4373948.19983021,1.92396498666279e-06,0.999998464898042,1
"fixed",NA,"c__CFGB9491",-2547.22601585918,147.806330401332,-17.2335380287354,1.48767089822472e-66,5.90605346595214e-63
"fixed",NA,"c__CFGB9491:Days",749.331898393497,145.546111598098,5.14841578497579,2.62695680023252e-07,0.00104290184969231
"fixed",NA,"o__OFGB9718",42.5533420542498,19486.4431556925,0.00218374085584822,0.998257628271139,1
"fixed",NA,"o__OFGB9718:Days",8.41532318995007,4373948.19983021,1.92396498666279e-06,0.999998464898042,1
"fixed",NA,"o__OFGB9491",-2547.22601585918,147.806330401332,-17.2335380287354,1.48767089822472e-66,5.90605346595214e-63
"fixed",NA,"o__OFGB9491:Days",749.331898393497,145.546111598098,5.14841578497579,2.62695680023252e-07,0.00104290184969231
"fixed",NA,"f__FGB9718",42.5533420542498,19486.4431556925,0.00218374085584822,0.998257628271139,1
"fixed",NA,"f__FGB9718:Days",8.41532318995007,4373948.19983021,1.92396498666279e-06,0.999998464898042,1
"fixed",NA,"f__FGB9491",-2547.22601585918,147.806330401332,-17.2335380287354,1.48767089822472e-66,5.90605346595214e-63
"fixed",NA,"f__FGB9491:Days",749.331898393497,145.546111598098,5.14841578497579,2.62695680023252e-07,0.00104290184969231
"fixed",NA,"g__Mordavella",5442.93620212675,480515995.990382,1.13272736964946e-05,0.999990962143202,1
"fixed",NA,"g__GGB3569",42.5533420542498,19486.4431556925,0.00218374085584822,0.998257628271139,1
"fixed",NA,"g__GGB3569:Days",8.41532318995007,4373948.19983021,1.92396498666279e-06,0.999998464898042,1
"fixed",NA,"g__GGB3532",-159.495905924164,49.6016439349044,-3.21553668933798,0.00130200850223331,1
"fixed",NA,"g__GGB3532:Days",2.07290698295886,4.70008099166056,0.441036438869214,0.659186617256666,1
"fixed",NA,"g__GGB3451",510.494591121232,744541399.25257,6.85649705488112e-07,0.999999452930686,1
"fixed",NA,"g__GGB3451:Days",70.2032853789747,47904501.5849118,1.46548409974661e-06,0.999998830712863,1
"fixed",NA,"g__GGB3446",-3.05665760090894,223.578419342214,-0.0136715234408664,0.989092042327004,1
"fixed",NA,"g__GGB3677",3765.04274418403,2012259790.10545,1.87105201957384e-06,0.999998507116481,1
"fixed",NA,"g__GGB33516",1543.66401742637,2765095344.04685,5.58267916782625e-07,0.999999554566648,1
"fixed",NA,"g__GGB33516:Days",-4.48525011232294,56999542.9614311,-7.86892294093988e-08,0.999999937215079,1
"fixed",NA,"g__GGB3003",9815.70994778411,18972029256.1922,5.17377968125387e-07,0.999999587192107,1
"fixed",NA,"g__GGB9491",-2547.22601585918,147.806330401332,-17.2335380287354,1.48767089822472e-66,5.90605346595214e-63
"fixed",NA,"g__GGB9491:Days",749.331898393497,145.546111598098,5.14841578497579,2.62695680023252e-07,0.00104290184969231
"fixed",NA,"g__Murimonas",45675.5813916427,1238794182.4205,3.68710008811928e-05,0.999970581197662,1
"fixed",NA,"g__Murimonas:Days",921.582836123831,146357366.678063,6.29679842594467e-06,0.999994975881753,1
"fixed",NA,"s__Mordavella_massiliensis",5442.93620212675,480515995.990382,1.13272736964946e-05,0.999990962143202,1
"fixed",NA,"s__GGB3569_SGB4776",42.5533420542498,19486.4431556925,0.00218374085584822,0.998257628271139,1
"fixed",NA,"s__GGB3569_SGB4776:Days",8.41532318995007,4373948.19983021,1.92396498666279e-06,0.999998464898042,1
"fixed",NA,"s__GGB3532_SGB4720",-159.495905924164,49.6016439349044,-3.21553668933798,0.00130200850223331,1
"fixed",NA,"s__GGB3532_SGB4720:Days",2.07290698295886,4.70008099166056,0.441036438869214,0.659186617256666,1
"fixed",NA,"s__GGB3451_SGB4605",510.494591121232,744541399.25257,6.85649705488112e-07,0.999999452930686,1
"fixed",NA,"s__GGB3451_SGB4605:Days",70.2032853789747,47904501.5849118,1.46548409974661e-06,0.999998830712863,1
"fixed",NA,"s__GGB3446_SGB4597",-3.05665760090894,223.578419342214,-0.0136715234408664,0.989092042327004,1
"fixed",NA,"s__GGB3677_SGB4990",3765.04274418403,2012259790.10545,1.87105201957384e-06,0.999998507116481,1
"fixed",NA,"s__GGB33516_SGB54324",1543.66401742637,2765095344.04685,5.58267916782625e-07,0.999999554566648,1
"fixed",NA,"s__GGB33516_SGB54324:Days",-4.48525011232294,56999542.9614311,-7.86892294093988e-08,0.999999937215079,1
"fixed",NA,"s__GGB9453_SGB14844",-192.234036310048,0.0020074016409176,-95762.6178995132,0,0
"fixed",NA,"s__GGB9453_SGB14844:Days",2.03067669127326,0.00200739835274198,1011.59627260802,0,0
"fixed",NA,"s__GGB9695_SGB15210",11548.4489593606,15498582909.9346,7.45129346758412e-07,0.999999405472798,1
"fixed",NA,"s__GGB3003_SGB3994",9815.70994778411,18972029256.1922,5.17377968125387e-07,0.999999587192107,1
"fixed",NA,"s__GGB9491_SGB14888",-2547.22601585918,147.806330401332,-17.2335380287354,1.48767089822472e-66,5.90605346595214e-63
"fixed",NA,"s__GGB9491_SGB14888:Days",749.331898393497,145.546111598098,5.14841578497579,2.62695680023252e-07,0.00104290184969231
"fixed",NA,"s__Murimonas_intestini",45675.5813916427,1238794182.4205,3.68710008811928e-05,0.999970581197662,1
"fixed",NA,"s__Murimonas_intestini:Days",921.582836123831,146357366.678063,6.29679842594467e-06,0.999994975881753,1
"fixed",NA,"f__Bianqueaceae",5368.61493584266,1456694903.61567,3.68547656926457e-06,0.999997059415146,1
"fixed",NA,"f__Bianqueaceae:Days",179.231573192626,35116584.8676221,5.10390101623691e-06,0.999995927676179,1
"fixed",NA,"g__GGB9537",-1019.95964836964,579467335.670885,-1.76016763255304e-06,0.999998595589422,1
"fixed",NA,"g__GGB9537:Days",1026.10357084935,52187683.9661496,1.96617955208534e-05,0.999984312156917,1
"fixed",NA,"g__Peptacetobacter",-34.9128466254746,12.4050929935942,-2.81439620351923,0.00488689564492941,1
"fixed",NA,"g__Peptacetobacter:Days",-0.0586534388377015,0.994847987596307,-0.0589571869963938,0.952986208587553,1
"fixed",NA,"g__Massiliimalia",-3928.97166664572,877869775.19375,-4.47557459849734e-06,0.999996429008127,1
"fixed",NA,"g__Massiliimalia:Days",2151.64889622725,80293696.0012233,2.67972331999074e-05,0.99997861890136,1
"fixed",NA,"g__GGB74505",-5101.45192308962,135277783.630489,-3.77109366089573e-05,0.999969911025913,1
"fixed",NA,"g__GGB74505:Days",1281.81206206094,33819445.8920984,3.79016281387515e-05,0.999969758876086,1
"fixed",NA,"g__Bianquea",5368.61493584266,1456694903.61567,3.68547656926457e-06,0.999997059415146,1
"fixed",NA,"g__Bianquea:Days",179.231573192626,35116584.8676221,5.10390101623691e-06,0.999995927676179,1
"fixed",NA,"g__Anaerovorax",-21352.1777366127,2927334882.02909,-7.29406733329135e-06,0.999994180176289,1
"fixed",NA,"g__Anaerovorax:Days",11987.2377689013,177360798.075581,6.75867378753729e-05,0.999946073585375,1
"fixed",NA,"s__GGB9537_SGB14940",-1019.95964836964,579467335.670885,-1.76016763255304e-06,0.999998595589422,1
"fixed",NA,"s__GGB9537_SGB14940:Days",1026.10357084935,52187683.9661496,1.96617955208534e-05,0.999984312156917,1
"fixed",NA,"s__Peptacetobacter_hiranonis",-34.9128466254746,12.4050929935942,-2.81439620351923,0.00488689564492941,1
"fixed",NA,"s__Peptacetobacter_hiranonis:Days",-0.0586534388377015,0.994847987596307,-0.0589571869963938,0.952986208587553,1
"fixed",NA,"s__Massiliimalia_timonensis",-3928.97166664572,877869775.19375,-4.47557459849734e-06,0.999996429008127,1
"fixed",NA,"s__Massiliimalia_timonensis:Days",2151.64889622725,80293696.0012233,2.67972331999074e-05,0.99997861890136,1
"fixed",NA,"s__GGB74505_SGB47518",-5101.45192308962,135277783.630489,-3.77109366089573e-05,0.999969911025913,1
"fixed",NA,"s__GGB74505_SGB47518:Days",1281.81206206094,33819445.8920984,3.79016281387515e-05,0.999969758876086,1
"fixed",NA,"s__Bianquea_SGB71281",-17123.1263732865,2858388534.26199,-5.9904824582245e-06,0.999995220286535,1
"fixed",NA,"s__Bianquea_SGB71281:Days",12405.41092723,60249025.406718,0.00020590226718998,0.999835713761136,1
"fixed",NA,"s__Clostridium_methylpentosum",-10221.3954184268,115063741.890582,-8.88324614729344e-05,0.999929121950586,1
"fixed",NA,"s__Clostridium_methylpentosum:Days",5798.77002612376,51425884.5501508,0.000112759752736363,0.999910030734402,1
"fixed",NA,"s__Anaerovorax_odorimutans",-21352.1777366127,2927334882.02909,-7.29406733329135e-06,0.999994180176289,1
"fixed",NA,"s__Anaerovorax_odorimutans:Days",11987.2377689013,177360798.075581,6.75867378753729e-05,0.999946073585375,1
"fixed",NA,"s__Faecalicatena_contorta",60.7850994114279,9438.27809756841,0.00644027425162308,0.99486144012944,1
"fixed",NA,"s__Faecalicatena_contorta:Days",-2.86233888069275,239.295280024005,-0.0119615350557922,0.990456303438704,1
"fixed",NA,"c__CFGB28369",-2119.22668349323,184811808.768501,-1.14669441179909e-05,0.999990850702329,1
"fixed",NA,"c__CFGB2403",-2120.60765417539,189305681.241236,-1.12020285934951e-05,0.999991062074336,1
"fixed",NA,"o__OFGB28369",-2119.22668349323,184811808.768501,-1.14669441179909e-05,0.999990850702329,1
"fixed",NA,"o__OFGB2403",-2120.60765417539,189305681.241236,-1.12020285934951e-05,0.999991062074336,1
"fixed",NA,"o__Pseudomonadales",871.999001011818,1119787485.39993,7.78718294659621e-07,0.999999378672696,1
"fixed",NA,"o__Pseudomonadales:Days",-6243.5251683051,3030614967.3489,-2.06015123516887e-06,0.999998356237137,1
"fixed",NA,"f__FGB28369",-2119.22668349323,184811808.768501,-1.14669441179909e-05,0.999990850702329,1
"fixed",NA,"f__FGB2403",-2120.60765417539,189305681.241236,-1.12020285934951e-05,0.999991062074336,1
"fixed",NA,"f__Pseudomonadaceae",871.999001011818,1119787485.39993,7.78718294659621e-07,0.999999378672696,1
"fixed",NA,"f__Pseudomonadaceae:Days",-6243.5251683051,3030614967.3489,-2.06015123516887e-06,0.999998356237137,1
"fixed",NA,"g__GGB28369",-2119.22668349323,184811808.768501,-1.14669441179909e-05,0.999990850702329,1
"fixed",NA,"g__GGB6601",-2120.60765417539,189305681.241236,-1.12020285934951e-05,0.999991062074336,1
"fixed",NA,"g__Pseudomonas",871.999001011818,1119787485.39993,7.78718294659621e-07,0.999999378672696,1
"fixed",NA,"g__Pseudomonas:Days",-6243.5251683051,3030614967.3489,-2.06015123516887e-06,0.999998356237137,1
"fixed",NA,"g__Hydrogeniiclostridium",113.092268644593,200.852027769289,0.563062618289804,0.5733922451708,1
"fixed",NA,"g__Hydrogeniiclostridium:Days",849.252811122287,1033.28501995849,0.821895986797917,0.411136097241914,1
"fixed",NA,"s__Bacteroides_stercorirosoris",-2068.33984403308,19044080.5137585,-0.000108608018252118,0.999913343339228,1
"fixed",NA,"s__GGB6007_SGB8633",-2081.58686176686,62196001.8165304,-3.34681780334893e-05,0.999973296257474,1
"fixed",NA,"s__GGB28369_SGB40949",-2119.22668349323,184811808.768501,-1.14669441179909e-05,0.999990850702329,1
"fixed",NA,"s__GGB6601_SGB9333",-2120.60765417539,189305681.241236,-1.12020285934951e-05,0.999991062074336,1
"fixed",NA,"s__Collinsella_tanakaei",3.01191091365441,18.0179289138417,0.167161882370432,0.86724267582298,1
"fixed",NA,"s__Collinsella_tanakaei:Days",0.132914580898904,1.94329700203971,0.0683964318163388,0.945470062178715,1
"fixed",NA,"s__Pseudomonas_aeruginosa",-2927.00776740975,2816150398.65791,-1.0393648609125e-06,0.999999170706824,1
"fixed",NA,"s__GGB33512_SGB15203",-4920.78269876022,2782038680.38149,-1.76876861326941e-06,0.999998588726832,1
"fixed",NA,"s__GGB33512_SGB15203:Days",314.27603699328,44849975.921792,7.00727326010843e-06,0.999994409004852,1
"fixed",NA,"s__Limosilactobacillus_portuensis",-4251.80104261058,179085767.703537,-2.3741702632948e-05,0.999981056862024,1
"fixed",NA,"s__Clostridium_sp_MCC353",-24779.2179373073,14943461699.3765,-1.6581979755294e-06,0.999998676949437,1
"fixed",NA,"s__Hydrogeniiclostridium_mannosilyticum",113.092268644593,200.852027769289,0.563062618289804,0.5733922451708,1
"fixed",NA,"s__Hydrogeniiclostridium_mannosilyticum:Days",849.252811122287,1033.28501995849,0.821895986797917,0.411136097241914,1
"fixed",NA,"g__GGB3818",1550.24115114096,712771636.544556,2.17494786781412e-06,0.999998264642676,1
"fixed",NA,"g__GGB3818:Days",551.907165891857,11218140.5851067,4.91977401874046e-05,0.999960745882694,1
"fixed",NA,"g__GGB9423",-5340.40292163393,1292950584.2048,-4.13039986746161e-06,0.999996704417716,1
"fixed",NA,"g__GGB9423:Days",2201.82871062536,62135017.539502,3.54361968148726e-05,0.999971726005674,1
"fixed",NA,"s__GGB3818_SGB5183",1550.24115114096,712771636.544556,2.17494786781412e-06,0.999998264642676,1
"fixed",NA,"s__GGB3818_SGB5183:Days",551.907165891857,11218140.5851067,4.91977401874046e-05,0.999960745882694,1
"fixed",NA,"s__GGB9423_SGB14792",-5340.40292163393,1292950584.2048,-4.13039986746161e-06,0.999996704417716,1
"fixed",NA,"s__GGB9423_SGB14792:Days",2201.82871062536,62135017.539502,3.54361968148726e-05,0.999971726005674,1
"fixed",NA,"c__CFGB10055",3389.26353294774,32580439.7535755,0.000104027556367645,0.999916998019026,1
"fixed",NA,"o__OFGB10055",3389.26353294774,32580439.7535755,0.000104027556367645,0.999916998019026,1
"fixed",NA,"f__FGB10055",3389.26353294774,32580439.7535755,0.000104027556367645,0.999916998019026,1
"fixed",NA,"g__GGB1387",3.52201332580419,3190095.37210996,1.10404640456711e-06,0.999999119098419,1
"fixed",NA,"g__GGB6606",3389.26353294774,32580439.7535755,0.000104027556367645,0.999916998019026,1
"fixed",NA,"g__GGB3034",864.84986998764,1626487251.57579,5.31728649671091e-07,0.99999957574192,1
"fixed",NA,"g__GGB3034:Days",2.91135323326131,26681910.0754139,1.09113374006308e-07,0.999999912940123,1
"fixed",NA,"s__GGB1387_SGB1895",3.52201332580419,3190095.37210996,1.10404640456711e-06,0.999999119098419,1
"fixed",NA,"s__GGB6606_SGB9340",3389.26353294774,32580439.7535755,0.000104027556367645,0.999916998019026,1
"fixed",NA,"s__GGB9635_SGB15102",3399.98194165824,70934353.6947766,4.79313867620197e-05,0.999961756286539,1
"fixed",NA,"s__Desulfovibrio_legallii",-93.3600575500655,31.7795296927797,-2.93774195063928,0.00330612083011857,1
"fixed",NA,"s__Coprobacter_secundus",3818.2019847131,1567597850.9698,2.43570248731264e-06,0.999998056590591,1
"fixed",NA,"s__GGB3034_SGB4030",864.84986998764,1626487251.57579,5.31728649671091e-07,0.99999957574192,1
"fixed",NA,"s__GGB3034_SGB4030:Days",2.91135323326131,26681910.0754139,1.09113374006308e-07,0.999999912940123,1
"fixed",NA,"s__Oxalobacter_formigenes",660.747710990549,1445682018.7881,4.57049131415805e-07,0.999999635327555,1
"fixed",NA,"s__Oxalobacter_formigenes:Days",3959.64190636615,43991591.6828775,9.00090620705439e-05,0.999928183159139,1
"fixed",NA,"s__Clostridium_paraputrificum",4251.15362513156,3116993218.76532,1.36386361046223e-06,0.999998911794282,1
"fixed",NA,"g__GGB9787",-8191.41827111396,5416272459.78037,-1.5123719000366e-06,0.999998793301811,1
"fixed",NA,"g__GGB9787:Days",2506.47471801778,82458711.3435373,3.0396724338504e-05,0.999975746922955,1
"fixed",NA,"s__Klebsiella_variicola",-3.7445763159536,39.6672329165023,-0.0943997360197964,0.92479162549589,1
"fixed",NA,"s__Klebsiella_variicola:Days",0.427213640747816,4.68658175086444,0.091156767012336,0.927368026799,1
"fixed",NA,"s__GGB9787_SGB15410",-8191.41827111396,5416272459.78037,-1.5123719000366e-06,0.999998793301811,1
"fixed",NA,"s__GGB9787_SGB15410:Days",2506.47471801778,82458711.3435373,3.0396724338504e-05,0.999975746922955,1
"fixed",NA,"s__Collinsella_bouchesdurhonensis",-18022.7564726413,8627887.79668543,-0.00208889555559184,0.998333303699164,1
"fixed",NA,"c__CFGB79244",326.365866438467,458.877607731075,0.711226394445759,0.476943954956383,1
"fixed",NA,"c__CFGB79244:Days",30.2498160874441,62.1582040904996,0.486658463352669,0.626500385295304,1
"fixed",NA,"c__CFGB13532",231.296269408718,0.00211552496765672,109332.800579005,0,0
"fixed",NA,"c__CFGB13532:Days",-1.0428759655737,0.00211563228386622,-492.938197968833,0,0
"fixed",NA,"c__CFGB1677",-777.694957116013,5106867.16515269,-0.00015228415620886,0.999878494823376,1
"fixed",NA,"o__OFGB79244",326.365866438467,458.877607731075,0.711226394445759,0.476943954956383,1
"fixed",NA,"o__OFGB79244:Days",30.2498160874441,62.1582040904996,0.486658463352669,0.626500385295304,1
"fixed",NA,"o__OFGB13532",231.296269408718,0.00211552496765672,109332.800579005,0,0
"fixed",NA,"o__OFGB13532:Days",-1.0428759655737,0.00211563228386622,-492.938197968833,0,0
"fixed",NA,"o__OFGB1677",-777.694957116013,5106867.16515269,-0.00015228415620886,0.999878494823376,1
"fixed",NA,"f__FGB79244",326.365866438467,458.877607731075,0.711226394445759,0.476943954956383,1
"fixed",NA,"f__FGB79244:Days",30.2498160874441,62.1582040904996,0.486658463352669,0.626500385295304,1
"fixed",NA,"f__FGB13532",231.296269408718,0.00211552496765672,109332.800579005,0,0
"fixed",NA,"f__FGB13532:Days",-1.0428759655737,0.00211563228386622,-492.938197968833,0,0
"fixed",NA,"f__FGB1677",-777.694957116013,5106867.16515269,-0.00015228415620886,0.999878494823376,1
"fixed",NA,"g__GGB3325",326.365866438467,458.877607731075,0.711226394445759,0.476943954956383,1
"fixed",NA,"g__GGB3325:Days",30.2498160874441,62.1582040904996,0.486658463352669,0.626500385295304,1
"fixed",NA,"g__GGB9060",-3151.99094432237,1848729035.81271,-1.70495020268708e-06,0.999998639646556,1
"fixed",NA,"g__GGB13532",231.296269408718,0.00211552496765672,109332.800579005,0,0
"fixed",NA,"g__GGB13532:Days",-1.0428759655737,0.00211563228386622,-492.938197968833,0,0
"fixed",NA,"g__GGB4716",-777.694957116013,5106867.16515269,-0.00015228415620886,0.999878494823376,1
"fixed",NA,"g__GGB9696",-18327.7571545118,1458632120.88663,-1.25650305461334e-05,0.999989974556121,1
"fixed",NA,"s__Clostridium_SGB6179",-3.19271754781297,54.2638382542714,-0.0588369280634448,0.953081995054153,1
"fixed",NA,"s__Clostridium_SGB6179:Days",0.500404921520158,5.90015254895231,0.0848122005945447,0.932410693819102,1
"fixed",NA,"s__GGB3325_SGB4402",326.365866438467,458.877607731075,0.711226394445759,0.476943954956383,1
"fixed",NA,"s__GGB3325_SGB4402:Days",30.2498160874441,62.1582040904996,0.486658463352669,0.626500385295304,1
"fixed",NA,"s__GGB9060_SGB13977",-3151.99094432237,1848729035.81271,-1.70495020268708e-06,0.999998639646556,1
"fixed",NA,"s__GGB13532_SGB14832",231.296269408718,0.00211552496765672,109332.800579005,0,0
"fixed",NA,"s__GGB13532_SGB14832:Days",-1.0428759655737,0.00211563228386622,-492.938197968833,0,0
"fixed",NA,"s__GGB4716_SGB6531",-777.694957116013,5106867.16515269,-0.00015228415620886,0.999878494823376,1
"fixed",NA,"s__Collinsella_SGB63083",-5466.91578305544,3367684241.71992,-1.62334571493657e-06,0.999998704757517,1
"fixed",NA,"s__Collinsella_SGB63083:Days",-4640.80783017611,35981367.4614472,-0.000128978083869341,0.999897090378484,1
"fixed",NA,"s__GGB9696_SGB15212",-18327.7571545118,1458632120.88663,-1.25650305461334e-05,0.999989974556121,1
"fixed",NA,"g__Weissella",3442.558883641,221935524.836356,1.55115269904598e-05,0.9999876235921,1
"fixed",NA,"g__GGB4605",-368.238544738607,455098765.767109,-8.09139844881603e-07,0.99999935439981,1
"fixed",NA,"g__GGB4605:Days",5939.41604220964,572303933.988726,1.0378080054097e-05,0.999991719490154,1
"fixed",NA,"g__GGB4578",3806.94950412309,1526242074.14185,2.494328762535e-06,0.999998009813591,1
"fixed",NA,"g__Parolsenella",4443.99942326387,3806515258.08379,1.16747185337725e-06,0.999999068492233,1
"fixed",NA,"s__Weissella_confusa",3442.558883641,221935524.836356,1.55115269904598e-05,0.9999876235921,1
"fixed",NA,"s__GGB4605_SGB6376",293.186035897348,252014072.957047,1.16337168181603e-06,0.999999071763697,1
"fixed",NA,"s__GGB4578_SGB6328",3806.94950412309,1526242074.14185,2.494328762535e-06,0.999998009813591,1
"fixed",NA,"s__Parolsenella_catena",4443.99942326387,3806515258.08379,1.16747185337725e-06,0.999999068492233,1
"fixed",NA,"s__Eubacterium_sp_AF34_35BH",-2838.1528107596,318166231.230581,-8.92034581980114e-06,0.999992882593793,1
"fixed",NA,"s__Eubacterium_sp_AF34_35BH:Days",64.2884862127724,15332858.1772723,4.19285729180397e-06,0.999996654583901,1
"fixed",NA,"g__Faecalitalea",-8396.25420017669,56889042.3431539,-0.000147590007747548,0.999882240211917,1
"fixed",NA,"g__Faecalitalea:Days",8631.3701202732,332045489.624557,2.59945410793945e-05,0.99997925935701,1
"fixed",NA,"g__Luoshenia",17595.3178859945,7140246981.95969,2.46424499466899e-06,0.999998033816965,1
"fixed",NA,"g__Luoshenia:Days",3693.26603805417,536618106.874826,6.8824849380561e-06,0.999994508571528,1
"fixed",NA,"s__Faecalitalea_cylindroides",-8396.25420017669,56889042.3431539,-0.000147590007747548,0.999882240211917,1
"fixed",NA,"s__Faecalitalea_cylindroides:Days",8631.3701202732,332045489.624557,2.59945410793945e-05,0.99997925935701,1
"fixed",NA,"s__Eubacterium_hominis",4516.29759315022,7591404089.74832,5.94922565016553e-07,0.99999952532047,1
"fixed",NA,"s__GGB9580_SGB14998",-71.826022670765,46.3047110872434,-1.55116015161906,0.120863309009383,1
"fixed",NA,"s__GGB9580_SGB14998:Days",0.419720448294757,6.28559378572484,0.0667749877900129,0.94676083580731,1
"fixed",NA,"s__Luoshenia_tenuis",17595.3178859945,7140246981.95969,2.46424499466899e-06,0.999998033816965,1
"fixed",NA,"s__Luoshenia_tenuis:Days",3693.26603805417,536618106.874826,6.8824849380561e-06,0.999994508571528,1
"fixed",NA,"g__GGB3152",1755.40810043311,2529163906.93378,6.94066563112262e-07,0.999999446215005,1
"fixed",NA,"s__GGB3152_SGB4165",1755.40810043311,2529163906.93378,6.94066563112262e-07,0.999999446215005,1
"fixed",NA,"s__Eubacteriales_unclassified_SGB15148",4947.51163928635,10952340341.028,4.51730998602439e-07,0.999999639570811,1
"fixed",NA,"s__Turicibacter_bilis",-26.3027441022437,183.06940249369,-0.143676353033109,0.885756044978241,1
"fixed",NA,"s__Turicibacter_bilis:Days",0.838687400627818,6.23239571437774,0.134569022742413,0.892952635051066,1
"fixed",NA,"g__GGB9613",-3148.77197439548,143266221.485383,-2.19784673717855e-05,0.999982463720215,1
"fixed",NA,"g__GGB9613:Days",2033.52595503528,7271459.2477611,0.000279658578250494,0.999776864741026,1
"fixed",NA,"s__GGB9613_SGB15048",-3148.77197439548,143266221.485383,-2.19784673717855e-05,0.999982463720215,1
"fixed",NA,"s__GGB9613_SGB15048:Days",2033.52595503528,7271459.2477611,0.000279658578250494,0.999776864741026,1
"fixed",NA,"g__GGB3277",-18.7755363561598,153790.772041399,-0.000122084934661136,0.999902590315769,1
"fixed",NA,"g__GGB3277:Days",0.936313256158487,153790.766690593,6.08822802764372e-06,0.999995142296854,1
"fixed",NA,"s__GGB3277_SGB4327",-18.7755363561598,153790.772041399,-0.000122084934661136,0.999902590315769,1
"fixed",NA,"s__GGB3277_SGB4327:Days",0.936313256158487,153790.766690593,6.08822802764372e-06,0.999995142296854,1
"fixed",NA,"s__Veillonella_rogosae",-2188.3725931827,410050494.928621,-5.33683685362614e-06,0.999995741820271,1
"fixed",NA,"s__Lachnospiraceae_bacterium_OF09_6",8855.86683066216,283265444.709437,3.12634915273417e-05,0.999975055342798,1
"fixed",NA,"s__Lachnospiraceae_bacterium_OF09_6:Days",-92.4642699216559,35452441.3249154,-2.6081213723545e-06,0.999997919020224,1
"fixed",NA,"c__CFGB79093",-2470.68704760408,1779361289.12111,-1.38852467045882e-06,0.999998892117603,1
"fixed",NA,"c__CFGB79093:Days",-344.62421108584,23046357.5694423,-1.49535218330026e-05,0.9999880688158,1
"fixed",NA,"c__CFGB77220",14093.1281022059,15174127233.528,9.28760375164538e-07,0.999999258956436,1
"fixed",NA,"c__CFGB77220:Days",-225.343419939183,145934840.659561,-1.54413722535846e-06,0.999998767956748,1
"fixed",NA,"c__CFGB1262",-6729.53398718705,1750369033.60065,-3.84463724963408e-06,0.999996932423297,1
"fixed",NA,"o__OFGB79093",-2470.68704760408,1779361289.12111,-1.38852467045882e-06,0.999998892117603,1
"fixed",NA,"o__OFGB79093:Days",-344.62421108584,23046357.5694423,-1.49535218330026e-05,0.9999880688158,1
"fixed",NA,"o__OFGB77220",14093.1281022059,15174127233.528,9.28760375164538e-07,0.999999258956436,1
"fixed",NA,"o__OFGB77220:Days",-225.343419939183,145934840.659561,-1.54413722535846e-06,0.999998767956748,1
"fixed",NA,"o__OFGB1262",-6729.53398718705,1750369033.60065,-3.84463724963408e-06,0.999996932423297,1
"fixed",NA,"f__FGB79093",-2470.68704760408,1779361289.12111,-1.38852467045882e-06,0.999998892117603,1
"fixed",NA,"f__FGB79093:Days",-344.62421108584,23046357.5694423,-1.49535218330026e-05,0.9999880688158,1
"fixed",NA,"f__FGB77220",14093.1281022059,15174127233.528,9.28760375164538e-07,0.999999258956436,1
"fixed",NA,"f__FGB77220:Days",-225.343419939183,145934840.659561,-1.54413722535846e-06,0.999998767956748,1
"fixed",NA,"f__FGB1262",-6729.53398718705,1750369033.60065,-3.84463724963408e-06,0.999996932423297,1
"fixed",NA,"g__GGB4751",-2470.68704760408,1779361289.12111,-1.38852467045882e-06,0.999998892117603,1
"fixed",NA,"g__GGB4751:Days",-344.62421108584,23046357.5694423,-1.49535218330026e-05,0.9999880688158,1
"fixed",NA,"g__GGB4769",-11874.1298544327,1869494953.71896,-6.35151746775869e-06,0.999994932222275,1
"fixed",NA,"g__GGB4769:Days",-312.037765290015,21396196.5782382,-1.4583795963409e-05,0.999988363814363,1
"fixed",NA,"g__GGB4456",6.05481319110149,69.7174252655519,0.0868479174042768,0.930792398903102,1
"fixed",NA,"g__GGB4456:Days",-0.0555350615158043,0.950537119000184,-0.0584249267132445,0.953410160035557,1
"fixed",NA,"g__GGB4773",14093.1281022059,15174127233.528,9.28760375164538e-07,0.999999258956436,1
"fixed",NA,"g__GGB4773:Days",-225.343419939183,145934840.659561,-1.54413722535846e-06,0.999998767956748,1
"fixed",NA,"g__GGB3061",-6729.53398718705,1750369033.60065,-3.84463724963408e-06,0.999996932423297,1
"fixed",NA,"s__GGB4751_SGB6580",-2470.68704760408,1779361289.12111,-1.38852467045882e-06,0.999998892117603,1
"fixed",NA,"s__GGB4751_SGB6580:Days",-344.62421108584,23046357.5694423,-1.49535218330026e-05,0.9999880688158,1
"fixed",NA,"s__GGB4769_SGB6602",-11874.1298544327,1869494953.71896,-6.35151746775869e-06,0.999994932222275,1
"fixed",NA,"s__GGB4769_SGB6602:Days",-312.037765290015,21396196.5782382,-1.4583795963409e-05,0.999988363814363,1
"fixed",NA,"s__GGB4456_SGB6141",6.05481319110149,69.7174252655519,0.0868479174042768,0.930792398903102,1
"fixed",NA,"s__GGB4456_SGB6141:Days",-0.0555350615158043,0.950537119000184,-0.0584249267132445,0.953410160035557,1
"fixed",NA,"s__GGB4773_SGB6607",14093.1281022059,15174127233.528,9.28760375164538e-07,0.999999258956436,1
"fixed",NA,"s__GGB4773_SGB6607:Days",-225.343419939183,145934840.659561,-1.54413722535846e-06,0.999998767956748,1
"fixed",NA,"s__GGB3061_SGB4063",-6729.53398718705,1750369033.60065,-3.84463724963408e-06,0.999996932423297,1
"fixed",NA,"g__GGB9445",-1160.22702404099,923474115.866262,-1.25637200231935e-06,0.999998997560177,1
"fixed",NA,"s__GGB9608_SGB15041",3461.39216477037,289349648.600945,1.19626624103633e-05,0.999990455176357,1
"fixed",NA,"s__Clostridiaceae_unclassified_SGB4771",-1882.14757211846,0.00175754104391478,-1070898.21807298,0,0
"fixed",NA,"s__Clostridiaceae_unclassified_SGB4771:Days",39.1345534216311,0.00221209134976333,17691.2013266622,0,0
"fixed",NA,"s__GGB9445_SGB14835",-1160.22702404099,923474115.866262,-1.25637200231935e-06,0.999998997560177,1
"fixed",NA,"s__Oscillospiraceae_bacterium_Marseille_Q3528",-1006.93711174313,188.11879968224,-5.35266604637068,8.6667711180338e-08,0.000344070813385942
"fixed",NA,"s__Oscillospiraceae_bacterium_Marseille_Q3528:Days",14.7355404272085,28.9974543089586,0.50816669181391,0.611336447641507,1
"fixed",NA,"s__Pseudomonas_fragi",2720.88520915163,1119787485.39992,2.42982284105443e-06,0.99999806128187,1
"fixed",NA,"g__Diplocloster",20840.8077862762,2079481231.1834,1.00221187254554e-05,0.999992003506203,1
"fixed",NA,"g__Diplocloster:Days",564.743573017192,478652357.697405,1.17986167608979e-06,0.999999058606585,1
"fixed",NA,"s__Diplocloster_agilis",11252.1405412707,27606186.5701809,0.000407594888655314,0.999674786340285,1
"fixed",NA,"g__GGB32387",4438.541854348,5815326169.8455,7.63248994934006e-07,0.999999391015411,1
"fixed",NA,"s__GGB32387_SGB47381",4438.541854348,5815326169.8455,7.63248994934006e-07,0.999999391015411,1
"fixed",NA,"g__Caproicibacterium",8461.25471865071,94506216.0259357,8.95311977820449e-05,0.999928564439675,1
"fixed",NA,"g__Leuconostoc",1693.48928425775,570491332.707531,2.96847504452086e-06,0.999997631499593,1
"fixed",NA,"g__Leuconostoc:Days",-492.518718004509,29230478.8856093,-1.68494919269689e-05,0.999986556050535,1
"fixed",NA,"g__Candidatus_Galacturonibacter",2064.14298825897,940031713.125325,2.19582271474258e-06,0.999998247986958,1
"fixed",NA,"g__Terrisporobacter",409.386841406285,541410942.095466,7.56148074550918e-07,0.999999396681126,1
"fixed",NA,"g__Luxibacter",4311.14580046901,6028887771.3723,7.1508144851197e-07,0.999999429447552,1
"fixed",NA,"s__Oscillibacter_ruminantium",1162.9187260807,58722678.3104951,1.9803570946335e-05,0.999984199036494,1
"fixed",NA,"s__Caproicibacterium_amylolyticum",8461.25471865071,94506216.0259357,8.95311977820449e-05,0.999928564439675,1
"fixed",NA,"s__GGB9480_SGB14876",964.634769366796,132668163.846309,7.27103429639901e-06,0.999994198553994,1
"fixed",NA,"s__Lachnoclostridium_phytofermentans",-1290.58889381731,319702430.228613,-4.0368441769255e-06,0.999996779064357,1
"fixed",NA,"s__Lachnoclostridium_phytofermentans:Days",467.696398197395,12794681.9457046,3.65539682957425e-05,0.999970834153067,1
"fixed",NA,"s__Clostridium_sporosphaeroides",108.020072687372,96298045.4652729,1.12172653313432e-06,0.999999104991718,1
"fixed",NA,"s__Lachnospiraceae_bacterium_MD329",5864.57891007002,412850593.663592,1.42050877486414e-05,0.999988665979801,1
"fixed",NA,"s__Leuconostoc_lactis",10020.0833008578,504198827.949038,1.98732776544069e-05,0.999984143418588,1
"fixed",NA,"s__Candidatus_Galacturonibacter_soehngenii",2064.14298825897,940031713.125325,2.19582271474258e-06,0.999998247986958,1
"fixed",NA,"s__Lacticaseibacillus_paracasei",-12898.3117147334,1058818717.71909,-1.21817942003509e-05,0.999990280334485,1
"fixed",NA,"s__Lacticaseibacillus_paracasei:Days",4432.24163177275,125869192.180297,3.52130776006248e-05,0.99997190402905,1
"fixed",NA,"s__Terrisporobacter_mayombei",409.386841406285,541410942.095466,7.56148074550918e-07,0.999999396681126,1
"fixed",NA,"s__Streptococcus_anginosus",-0.58552099683025,140.98323545604,-0.0041531249792662,0.996686295226005,1
"fixed",NA,"s__Streptococcus_anginosus:Days",-0.318500245185745,4.59229885336587,-0.0693552957583115,0.944706812006811,1
"fixed",NA,"s__Clostridium_cuniculi",935.998462825258,1024.00488736469,0.914056636227668,0.360687086640879,1
"fixed",NA,"s__Luxibacter_massiliensis",4311.14580046901,6028887771.3723,7.1508144851197e-07,0.999999429447552,1
"fixed",NA,"c__CFGB9583",-849.332434372931,61484512.4129166,-1.38137622149298e-05,0.999988978212402,1
"fixed",NA,"o__OFGB9583",-849.332434372931,61484512.4129166,-1.38137622149298e-05,0.999988978212402,1
"fixed",NA,"f__FGB9583",-849.332434372931,61484512.4129166,-1.38137622149298e-05,0.999988978212402,1
"fixed",NA,"g__GGB3490",-849.332434372931,61484512.4129166,-1.38137622149298e-05,0.999988978212402,1
"fixed",NA,"s__GGB3490_SGB4664",-849.332434372931,61484512.4129166,-1.38137622149298e-05,0.999988978212402,1
"fixed",NA,"s__GGB3321_SGB4395",-2990.56610520358,1949705520.04701,-1.53385527940213e-06,0.999998776160554,1
"fixed",NA,"s__GGB3321_SGB4395:Days",4513.96364395115,3751049167.66468,1.20338695713803e-06,0.999999039836126,1
"fixed",NA,"c__CFGB75783",-702.615030392851,252035780.122352,-2.7877590636209e-06,0.999997775690084,1
"fixed",NA,"c__CFGB75783:Days",-9.11396165939548,4806267.83686436,-1.89626586964023e-06,0.999998486998739,1
"fixed",NA,"c__CFGB77508",-3371.86902137467,333812251.994464,-1.01010942565122e-05,0.999991940492846,1
"fixed",NA,"o__OFGB75783",-702.615030392851,252035780.122352,-2.7877590636209e-06,0.999997775690084,1
"fixed",NA,"o__OFGB75783:Days",-9.11396165939548,4806267.83686436,-1.89626586964023e-06,0.999998486998739,1
"fixed",NA,"o__OFGB77508",-3371.86902137467,333812251.994464,-1.01010942565122e-05,0.999991940492846,1
"fixed",NA,"f__FGB75783",-702.615030392851,252035780.122352,-2.7877590636209e-06,0.999997775690084,1
"fixed",NA,"f__FGB75783:Days",-9.11396165939548,4806267.83686436,-1.89626586964023e-06,0.999998486998739,1
"fixed",NA,"f__FGB77508",-3371.86902137467,333812251.994464,-1.01010942565122e-05,0.999991940492846,1
"fixed",NA,"g__GGB79420",-702.615030392851,252035780.122352,-2.7877590636209e-06,0.999997775690084,1
"fixed",NA,"g__GGB79420:Days",-9.11396165939548,4806267.83686436,-1.89626586964023e-06,0.999998486998739,1
"fixed",NA,"g__GGB3257",-3371.86902137467,333812251.994464,-1.01010942565122e-05,0.999991940492846,1
"fixed",NA,"s__GGB79420_SGB105987",-702.615030392851,252035780.122352,-2.7877590636209e-06,0.999997775690084,1
"fixed",NA,"s__GGB79420_SGB105987:Days",-9.11396165939548,4806267.83686436,-1.89626586964023e-06,0.999998486998739,1
"fixed",NA,"s__GGB3257_SGB4304",-3371.86902137467,333812251.994464,-1.01010942565122e-05,0.999991940492846,1
"fixed",NA,"g__GGB1154",3730.60778378854,14452900.5358318,0.000258121736501235,0.999794048653925,1
"fixed",NA,"g__Megamonas",20781.517891267,78731157.465001,0.000263955447378062,0.999789394026243,1
"fixed",NA,"g__Megamonas:Days",-20647.6604741891,79164966.6004688,-0.000260818154302952,0.999791897223864,1
"fixed",NA,"g__GGB9817",3864.84279055214,1734527371.41425,2.22818207094705e-06,0.999998222167927,1
"fixed",NA,"s__GGB9715_SGB15266",191.570170362699,9977499.91823054,1.92002176830559e-05,0.999984680442748,1
"fixed",NA,"s__GGB9715_SGB15266:Days",-1798.1490487075,12146068.6382859,-0.000148043708812868,0.999881878210846,1
"fixed",NA,"s__GGB1154_SGB1482",3730.60778378854,14452900.5358318,0.000258121736501235,0.999794048653925,1
"fixed",NA,"s__Megamonas_funiformis",20781.517891267,78731157.465001,0.000263955447378062,0.999789394026243,1
"fixed",NA,"s__Megamonas_funiformis:Days",-20647.6604741891,79164966.6004688,-0.000260818154302952,0.999791897223864,1
"fixed",NA,"s__Acidaminococcus_timonensis",3416.37817498518,129606334.614452,2.63596542958188e-05,0.999978968038812,1
"fixed",NA,"s__Paraprevotella_xylaniphila",317.024251948519,303138783.991409,1.04580564642465e-06,0.999999165567821,1
"fixed",NA,"s__Paraprevotella_xylaniphila:Days",-3897.6132250955,310238507.258027,-1.25632799730236e-05,0.999989975952877,1
"fixed",NA,"s__GGB9817_SGB58382",3864.84279055214,1734527371.41425,2.22818207094705e-06,0.999998222167927,1
"fixed",NA,"s__Enterobacter_cloacae",4092.36963354831,2548760501.32994,1.60563129859119e-06,0.999998718891577,1
"fixed",NA,"g__GGB3534",-43743.5536597768,1448.19362458898,-30.2055974539951,1.99980198212789e-200,7.93921386904773e-197
"fixed",NA,"g__GGB3534:Days",42627.5270842391,1448.18328333855,29.4351741072223,1.94896360550703e-190,7.73738551386291e-187
"fixed",NA,"g__GGB45656",5337.65289116573,293936724.370411,1.81591902223125e-05,0.999985511062486,1
"fixed",NA,"s__GGB3534_SGB4722",-43743.5536597768,1448.19362458898,-30.2055974539951,1.99980198212789e-200,7.93921386904773e-197
"fixed",NA,"s__GGB3534_SGB4722:Days",42627.5270842391,1448.18328333855,29.4351741072223,1.94896360550703e-190,7.73738551386291e-187
"fixed",NA,"s__GGB45656_SGB63370",5337.65289116573,293936724.370411,1.81591902223125e-05,0.999985511062486,1
"fixed",NA,"s__GGB4605_SGB6378",-2779.77267446169,455098765.76711,-6.10806463027015e-06,0.999995126469535,1
"fixed",NA,"s__Oscillibacter_sp_PC13",12565.1394765484,13792836765.8477,9.10990225568445e-07,0.999999273134964,1
"fixed",NA,"c__CFGB3071",29302.0749951382,5222479688.71724,5.61075901519408e-06,0.999995523262007,1
"fixed",NA,"o__OFGB3071",29302.0749951382,5222479688.71724,5.61075901519408e-06,0.999995523262007,1
"fixed",NA,"f__FGB3071",29302.0749951382,5222479688.71724,5.61075901519408e-06,0.999995523262007,1
"fixed",NA,"g__GGB9769",-7171.57504190379,1436997792.19952,-4.9906653168386e-06,0.999996018025196,1
"fixed",NA,"g__GGB9769:Days",13441.9553659853,121560961.58297,0.000110577895986867,0.999911771604206,1
"fixed",NA,"g__GGB34197",29302.0749951382,5222479688.71724,5.61075901519408e-06,0.999995523262007,1
"fixed",NA,"g__GGB3538",6348.30000267255,9813944838.55346,6.46865262349312e-07,0.999999483876194,1
"fixed",NA,"s__Desulfovibrio_sp_86",-11229.0473467743,213223808.474388,-5.26631966060353e-05,0.999957980848525,1
"fixed",NA,"s__Desulfovibrio_sp_86:Days",7142.20999978249,9447807.0010356,0.000755964849726461,0.999396827375344,1
"fixed",NA,"s__Actinomyces_sp_ICM47",-103.776545133556,46112.8692992497,-0.00225048986780887,0.998204370395954,1
"fixed",NA,"s__Actinomyces_sp_ICM47:Days",10.5995149513286,5312.09093213245,0.0019953564588311,0.998407936944653,1
"fixed",NA,"s__Clostridium_sp_NSJ_42",10222.601939855,128507090.501114,7.9548933058806e-05,0.999936529134551,1
"fixed",NA,"s__Clostridium_sp_NSJ_42:Days",-108.973900861837,3702267.9600506,-2.94343634868471e-05,0.99997651477582,1
"fixed",NA,"s__GGB9769_SGB15388",-7171.57504190379,1436997792.19952,-4.9906653168386e-06,0.999996018025196,1
"fixed",NA,"s__GGB9769_SGB15388:Days",13441.9553659853,121560961.58297,0.000110577895986867,0.999911771604206,1
"fixed",NA,"s__Clostridium_thermobutyricum",760.009670426486,1448.15480874695,0.524812448113959,0.599713577149293,1
"fixed",NA,"s__Ruminococcus_gauvreauii",1013.28297617931,962459494.391497,1.05280583970959e-06,0.999999159982475,1
"fixed",NA,"s__GGB34197_SGB53486",29302.0749951382,5222479688.71724,5.61075901519408e-06,0.999995523262007,1
"fixed",NA,"s__Christensenella_hongkongensis",4543.0077344218,5278352899.92633,8.60686623375487e-07,0.999999313271432,1
"fixed",NA,"s__GGB3538_SGB4728",6348.30000267255,9813944838.55346,6.46865262349312e-07,0.999999483876194,1
"fixed",NA,"c__CFGB2964",7961.22649992423,149990638.791203,5.30781558374907e-05,0.999957649758961,1
"fixed",NA,"c__CFGB2964:Days",-244.03300195615,8806492.90222869,-2.77105772599205e-05,0.999977890158236,1
"fixed",NA,"o__OFGB2964",7961.22649992423,149990638.791203,5.30781558374907e-05,0.999957649758961,1
"fixed",NA,"o__OFGB2964:Days",-244.03300195615,8806492.90222869,-2.77105772599205e-05,0.999977890158236,1
"fixed",NA,"f__FGB2964",7961.22649992423,149990638.791203,5.30781558374907e-05,0.999957649758961,1
"fixed",NA,"f__FGB2964:Days",-244.03300195615,8806492.90222869,-2.77105772599205e-05,0.999977890158236,1
"fixed",NA,"g__GGB4249",3119.87030343078,70831724.0451116,4.40462285154006e-05,0.999964856194317,1
"fixed",NA,"g__GGB4249:Days",-123.448030097527,3906540.59411348,-3.16003448891696e-05,0.999974786572701,1
"fixed",NA,"g__GGB9309",7961.22649992423,149990638.791203,5.30781558374907e-05,0.999957649758961,1
"fixed",NA,"g__GGB9309:Days",-244.03300195615,8806492.90222869,-2.77105772599205e-05,0.999977890158236,1
"fixed",NA,"s__GGB4249_SGB5749",3119.87030343078,70831724.0451116,4.40462285154006e-05,0.999964856194317,1
"fixed",NA,"s__GGB4249_SGB5749:Days",-123.448030097527,3906540.59411348,-3.16003448891696e-05,0.999974786572701,1
"fixed",NA,"s__GGB9309_SGB14270",7961.22649992423,149990638.791203,5.30781558374907e-05,0.999957649758961,1
"fixed",NA,"s__GGB9309_SGB14270:Days",-244.03300195615,8806492.90222869,-2.77105772599205e-05,0.999977890158236,1
"fixed",NA,"c__CFGB2959",-11763.2757273143,15289328760.3051,-7.69378166414647e-07,0.99999938612504,1
"fixed",NA,"c__CFGB2959:Days",3228.55062950518,228411966.080951,1.41347701037736e-05,0.999988722085164,1
"fixed",NA,"o__OFGB2959",-11763.2757273143,15289328760.3051,-7.69378166414647e-07,0.99999938612504,1
"fixed",NA,"o__OFGB2959:Days",3228.55062950518,228411966.080951,1.41347701037736e-05,0.999988722085164,1
"fixed",NA,"f__FGB2959",-11763.2757273143,15289328760.3051,-7.69378166414647e-07,0.99999938612504,1
"fixed",NA,"f__FGB2959:Days",3228.55062950518,228411966.080951,1.41347701037736e-05,0.999988722085164,1
"fixed",NA,"g__Citrobacter",18730.6345037923,77936595.1664977,0.000240331701221712,0.99980824304797,1
"fixed",NA,"g__GGB9359",-666.934504095157,261663601.980809,-2.54882413544117e-06,0.999997966332574,1
"fixed",NA,"g__GGB9359:Days",1395.54200138626,8969912.75523392,0.000155580331656176,0.999875864855908,1
"fixed",NA,"g__GGB9301",-11763.2757273143,15289328760.3051,-7.69378166414647e-07,0.99999938612504,1
"fixed",NA,"g__GGB9301:Days",3228.55062950518,228411966.080951,1.41347701037736e-05,0.999988722085164,1
"fixed",NA,"g__Ligaoa",-2154.53252456535,211.516559390553,-10.1861174877903,2.28716796510983e-24,9.08005682148604e-21
"fixed",NA,"g__Ligaoa:Days",4346.00272209119,211.516559390553,20.546867510579,8.20925204240824e-94,3.25907306083607e-90
"fixed",NA,"s__Citrobacter_braakii",270.965830851131,149672957.602017,1.8103860255881e-06,0.999998555520941,1
"fixed",NA,"s__Enterobacter_kobei",1154.68531289229,158924062.803458,7.26564179472493e-06,0.999994202856588,1
"fixed",NA,"s__Citrobacter_portucalensis",273.406737413741,162609314.271907,1.68137193516826e-06,0.999998658459292,1
"fixed",NA,"s__Klebsiella_michiganensis",-2400.00117620563,3634148167.58779,-6.60402676371518e-07,0.9999994730749,1
"fixed",NA,"s__Klebsiella_michiganensis:Days",39.4783567780608,51310562.033032,7.69400201709854e-07,0.999999386107458,1
"fixed",NA,"s__GGB9359_SGB14334",-666.934504095157,261663601.980809,-2.54882413544117e-06,0.999997966332574,1
"fixed",NA,"s__GGB9359_SGB14334:Days",1395.54200138626,8969912.75523392,0.000155580331656176,0.999875864855908,1
"fixed",NA,"s__Alistipes_provencensis",2713.36726703008,1459205566.42784,1.85948253587907e-06,0.999998516347594,1
"fixed",NA,"s__GGB9301_SGB14262",-11763.2757273143,15289328760.3051,-7.69378166414647e-07,0.99999938612504,1
"fixed",NA,"s__GGB9301_SGB14262:Days",3228.55062950518,228411966.080951,1.41347701037736e-05,0.999988722085164,1
"fixed",NA,"s__Ligaoa_zhengdingensis",-2154.53252456535,211.516559390553,-10.1861174877903,2.28716796510983e-24,9.08005682148604e-21
"fixed",NA,"s__Ligaoa_zhengdingensis:Days",4346.00272209119,211.516559390553,20.546867510579,8.20925204240824e-94,3.25907306083607e-90
"fixed",NA,"g__GGB9813",3730.01496876153,1250864193.84934,2.98195038846142e-06,0.999997620747824,1
"fixed",NA,"g__GGB45432",644.983630579253,202.782258867663,3.18067090376073,0.0014693444238458,1
"fixed",NA,"g__GGB45432:Days",651.770040976978,202.895614615295,3.21234168719113,0.00131657687749331,1
"fixed",NA,"s__GGB9813_SGB15447",3730.01496876153,1250864193.84934,2.98195038846142e-06,0.999997620747824,1
"fixed",NA,"s__GGB45432_SGB63101",644.983630579253,202.782258867663,3.18067090376073,0.0014693444238458,1
"fixed",NA,"s__GGB45432_SGB63101:Days",651.770040976978,202.895614615295,3.21234168719113,0.00131657687749331,1
"fixed",NA,"s__GGB3600_SGB47662",3634.80958936761,910074098.183039,3.99397103667109e-06,0.999996813272174,1
"fixed",NA,"g__Paratractidigestivibacter",-36.120780993185,2253366668.27464,-1.60296952563171e-08,0.999999987210154,1
"fixed",NA,"g__Paratractidigestivibacter:Days",-590.089762859293,63227562.8321438,-9.33279311153997e-06,0.999992553508467,1
"fixed",NA,"g__GGB3340",2959.90220269138,108369074.605516,2.73131630353584e-05,0.99997820724891,1
"fixed",NA,"g__GGB3340:Days",-1002.98918095566,36051944.548022,-2.78206680258164e-05,0.999977802318514,1
"fixed",NA,"g__Enteroscipio",9.75574851134542,111.87837677263,0.0871995893466709,0.930512865768644,1
"fixed",NA,"g__Enteroscipio:Days",-2.70400231358852,20.7786205950604,-0.130133870110287,0.896460513484975,1
"fixed",NA,"g__GGB3352",16202.309435668,0.00212830968502212,7612759.3412232,0,0
"fixed",NA,"g__GGB3352:Days",-4041.75240110908,0.00212836916365231,-1898990.30212098,0,0
"fixed",NA,"s__Paratractidigestivibacter_faecalis",-36.120780993185,2253366668.27464,-1.60296952563171e-08,0.999999987210154,1
"fixed",NA,"s__Paratractidigestivibacter_faecalis:Days",-590.089762859293,63227562.8321438,-9.33279311153997e-06,0.999992553508467,1
"fixed",NA,"s__GGB3340_SGB4419",2959.90220269138,108369074.605516,2.73131630353584e-05,0.99997820724891,1
"fixed",NA,"s__GGB3340_SGB4419:Days",-1002.98918095566,36051944.548022,-2.78206680258164e-05,0.999977802318514,1
"fixed",NA,"s__Enteroscipio_rubneri",9.75574851134542,111.87837677263,0.0871995893466709,0.930512865768644,1
"fixed",NA,"s__Enteroscipio_rubneri:Days",-2.70400231358852,20.7786205950604,-0.130133870110287,0.896460513484975,1
"fixed",NA,"s__GGB3352_SGB62935",16202.309435668,0.00212830968502212,7612759.3412232,0,0
"fixed",NA,"s__GGB3352_SGB62935:Days",-4041.75240110908,0.00212836916365231,-1898990.30212098,0,0
"fixed",NA,"c__CFGB58291",-864.611540328817,449580384.538094,-1.92315227724433e-06,0.99999846554649,1
"fixed",NA,"c__CFGB2924",-4791.85605693658,384540400.069563,-1.24612551920936e-05,0.999990057356874,1
"fixed",NA,"c__CFGB38791",-5815.60637374524,965775094.187177,-6.02169843553463e-06,0.999995195379789,1
"fixed",NA,"o__OFGB58291",-864.611540328817,449580384.538094,-1.92315227724433e-06,0.99999846554649,1
"fixed",NA,"o__OFGB2924",-4791.85605693658,384540400.069563,-1.24612551920936e-05,0.999990057356874,1
"fixed",NA,"o__OFGB38791",-5815.60637374524,965775094.187177,-6.02169843553463e-06,0.999995195379789,1
"fixed",NA,"f__FGB58291",-864.611540328817,449580384.538094,-1.92315227724433e-06,0.99999846554649,1
"fixed",NA,"f__FGB2924",-4791.85605693658,384540400.069563,-1.24612551920936e-05,0.999990057356874,1
"fixed",NA,"f__FGB38791",-5815.60637374524,965775094.187177,-6.02169843553463e-06,0.999995195379789,1
"fixed",NA,"g__GGB9263",-864.611540328817,449580384.538094,-1.92315227724433e-06,0.99999846554649,1
"fixed",NA,"g__GGB3204",-1645.09398355714,1024,-1.60653709331752,0.10815595165285,1
"fixed",NA,"g__GGB4584",-3009.91665265882,1448.15513357886,-2.07844904379847,0.03766801956077,1
"fixed",NA,"g__GGB9247",-4791.85605693658,384540400.069563,-1.24612551920936e-05,0.999990057356874,1
"fixed",NA,"g__GGB9252",-5815.60637374524,965775094.187177,-6.02169843553463e-06,0.999995195379789,1
"fixed",NA,"g__GGB9079",-3346.06082049778,3694661.26637851,-0.000905647521992611,0.999277397923452,1
"fixed",NA,"s__GGB9263_SGB14211",-864.611540328817,449580384.538094,-1.92315227724433e-06,0.99999846554649,1
"fixed",NA,"s__GGB3204_SGB4228",-1645.09398355714,1024,-1.60653709331752,0.10815595165285,1
"fixed",NA,"s__GGB4584_SGB6338",-3009.91665265882,1448.15513357886,-2.07844904379847,0.03766801956077,1
"fixed",NA,"s__GGB9247_SGB14190",-4791.85605693658,384540400.069563,-1.24612551920936e-05,0.999990057356874,1
"fixed",NA,"s__GGB9252_SGB14196",-5815.60637374524,965775094.187177,-6.02169843553463e-06,0.999995195379789,1
"fixed",NA,"s__GGB9079_SGB14003",-3346.06082049778,3694661.26637851,-0.000905647521992611,0.999277397923452,1
"fixed",NA,"c__CFGB1780",211.28129593814,765584600.912397,2.75973805750981e-07,0.999999779804761,1
"fixed",NA,"c__CFGB1780:Days",444.14100135737,9811785.1537612,4.52660748678455e-05,0.999963882897747,1
"fixed",NA,"c__CFGB2930",13174.0122434185,7223774381.0567,1.82370206328225e-06,0.99999854489628,1
"fixed",NA,"c__CFGB79245",380.53624498116,126.985523662928,2.99668996909647,0.00272928127310646,1
"fixed",NA,"c__CFGB79245:Days",24.1550306431748,125.58734661093,0.192336499615739,0.847478629535618,1
"fixed",NA,"o__OFGB1780",211.28129593814,765584600.912397,2.75973805750981e-07,0.999999779804761,1
"fixed",NA,"o__OFGB1780:Days",444.14100135737,9811785.1537612,4.52660748678455e-05,0.999963882897747,1
"fixed",NA,"o__OFGB2930",13174.0122434185,7223774381.0567,1.82370206328225e-06,0.99999854489628,1
"fixed",NA,"o__OFGB79245",380.53624498116,126.985523662928,2.99668996909647,0.00272928127310646,1
"fixed",NA,"o__OFGB79245:Days",24.1550306431748,125.58734661093,0.192336499615739,0.847478629535618,1
"fixed",NA,"f__FGB1780",211.28129593814,765584600.912397,2.75973805750981e-07,0.999999779804761,1
"fixed",NA,"f__FGB1780:Days",444.14100135737,9811785.1537612,4.52660748678455e-05,0.999963882897747,1
"fixed",NA,"f__FGB2930",13174.0122434185,7223774381.0567,1.82370206328225e-06,0.99999854489628,1
"fixed",NA,"f__FGB79245",380.53624498116,126.985523662928,2.99668996909647,0.00272928127310646,1
"fixed",NA,"f__FGB79245:Days",24.1550306431748,125.58734661093,0.192336499615739,0.847478629535618,1
"fixed",NA,"g__GGB4722",992.671709304084,487993484.584183,2.03419049774801e-06,0.999998376950808,1
"fixed",NA,"g__GGB9303",-28366.6689184407,1385273436.37779,-2.04773066266353e-05,0.999983661473197,1
"fixed",NA,"g__GGB9303:Days",16824.033769978,20759341.1286002,0.000810431972082169,0.999353368912679,1
"fixed",NA,"g__GGB9253",13174.0122434185,7223774381.0567,1.82370206328225e-06,0.99999854489628,1
"fixed",NA,"g__GGB37488",5058.71141605401,12834888750.9013,3.9413753513826e-07,0.999999685523746,1
"fixed",NA,"g__GGB3510",380.53624498116,126.985523662928,2.99668996909647,0.00272928127310646,1
"fixed",NA,"g__GGB3510:Days",24.1550306431748,125.58734661093,0.192336499615739,0.847478629535618,1
"fixed",NA,"s__GGB4722_SGB6538",992.671709304084,487993484.584183,2.03419049774801e-06,0.999998376950808,1
"fixed",NA,"s__GGB9303_SGB14264",-28366.6689184407,1385273436.37779,-2.04773066266353e-05,0.999983661473197,1
"fixed",NA,"s__GGB9303_SGB14264:Days",16824.033769978,20759341.1286002,0.000810431972082169,0.999353368912679,1
"fixed",NA,"s__Eubacterium_sp_c_25",-5281.47454127263,1144421282.4014,-4.61497406810736e-06,0.999996317783443,1
"fixed",NA,"s__Eubacterium_sp_c_25:Days",562.15287875605,66568903.304161,8.44467688144881e-06,0.999993262122695,1
"fixed",NA,"s__GGB9253_SGB14199",13174.0122434185,7223774381.0567,1.82370206328225e-06,0.99999854489628,1
"fixed",NA,"s__GGB37488_SGB54315",5058.71141605401,12834888750.9013,3.9413753513826e-07,0.999999685523746,1
"fixed",NA,"s__GGB3510_SGB4687",380.53624498116,126.985523662928,2.99668996909647,0.00272928127310646,1
"fixed",NA,"s__GGB3510_SGB4687:Days",24.1550306431748,125.58734661093,0.192336499615739,0.847478629535618,1
"fixed",NA,"s__Cuneatibacter_caecimuris",-75.6905201731001,300.897147734165,-0.251549477098968,0.801389314385624,1
"fixed",NA,"s__Cuneatibacter_caecimuris:Days",5.57701847387839,48.6812755808889,0.114561880462881,0.908792395697996,1
"fixed",NA,"c__CFGB11257",-2688.62349948489,3804357369.61554,-7.06722118420908e-07,0.999999436117333,1
"fixed",NA,"o__OFGB11257",-2688.62349948489,3804357369.61554,-7.06722118420908e-07,0.999999436117333,1
"fixed",NA,"f__FGB11257",-2688.62349948489,3804357369.61554,-7.06722118420908e-07,0.999999436117333,1
"fixed",NA,"f__Tropherymataceae",-15644.4139965469,9154341675.78999,-1.70896111928189e-06,0.999998636446308,1
"fixed",NA,"g__GGB9239",-2758.29741981347,228292502.381338,-1.20822952617429e-05,0.999990359723152,1
"fixed",NA,"g__GGB74802",-2688.62349948489,3804357369.61554,-7.06722118420908e-07,0.999999436117333,1
"fixed",NA,"g__Tropheryma",-15644.4139965469,9154341675.78999,-1.70896111928189e-06,0.999998636446308,1
"fixed",NA,"s__Parasutterella_secunda",-1118.4940088378,59628472.166705,-1.87577170468295e-05,0.999985033507173,1
"fixed",NA,"s__GGB9239_SGB14181",-2758.29741981347,228292502.381338,-1.20822952617429e-05,0.999990359723152,1
"fixed",NA,"s__GGB74802_SGB47402",-2688.62349948489,3804357369.61554,-7.06722118420908e-07,0.999999436117333,1
"fixed",NA,"s__GGB3363_SGB4448",-8462.55590320628,92010543.6205752,-9.19737626820618e-05,0.99992661555486,1
"fixed",NA,"s__GGB3363_SGB4448:Days",9006.55126771739,1464323558.23319,6.15065653835717e-06,0.999995092486109,1
"fixed",NA,"s__Tropheryma_whipplei",-15644.4139965469,9154341675.78999,-1.70896111928189e-06,0.999998636446308,1
"fixed",NA,"g__GGB9101",-623.161643366258,68968616.8016594,-9.03543774349357e-06,0.999992790763724,1
"fixed",NA,"s__bacterium_OL_1",-2351.25416870646,1448.1760108783,-1.62359695993062,0.10446185470921,1
"fixed",NA,"s__GGB9101_SGB14033",-623.161643366258,68968616.8016594,-9.03543774349357e-06,0.999992790763724,1
"fixed",NA,"g__GGB31234",-1157.5704384722,836.092502819381,-1.38450044052395,0.166205273302251,1
"fixed",NA,"s__GGB31234_SGB14869",-1157.5704384722,836.092502819381,-1.38450044052395,0.166205273302251,1
"fixed",NA,"g__GGB3276",829.245128881383,182217448.206623,4.55085469060609e-06,0.999996368943304,1
"fixed",NA,"g__Kosakonia",564.757408844487,443403321.83445,1.27368781656387e-06,0.999998983744156,1
"fixed",NA,"g__Lelliottia",5144.13308621218,10614723070.3278,4.84622448662085e-07,0.99999961332723,1
"fixed",NA,"g__GGB3444",-2148.03105758915,435450335.476336,-4.93289563146031e-06,0.999996064118736,1
"fixed",NA,"g__GGB3444:Days",1255.96480545819,151705455.670535,8.27896926914627e-06,0.999993394338241,1
"fixed",NA,"s__GGB3276_SGB4326",829.245128881383,182217448.206623,4.55085469060609e-06,0.999996368943304,1
"fixed",NA,"s__Kosakonia_cowanii",564.757408844487,443403321.83445,1.27368781656387e-06,0.999998983744156,1
"fixed",NA,"s__Lelliottia_nimipressuralis",5144.13308621218,10614723070.3278,4.84622448662085e-07,0.99999961332723,1
"fixed",NA,"s__GGB3444_SGB4594",-2148.03105758915,435450335.476336,-4.93289563146031e-06,0.999996064118736,1
"fixed",NA,"s__GGB3444_SGB4594:Days",1255.96480545819,151705455.670535,8.27896926914627e-06,0.999993394338241,1
"fixed",NA,"c__CFGB2345",3896.33231131398,1846186079.78039,2.11047648662666e-06,0.999998316083395,1
"fixed",NA,"o__OFGB2345",3896.33231131398,1846186079.78039,2.11047648662666e-06,0.999998316083395,1
"fixed",NA,"f__FGB2345",3896.33231131398,1846186079.78039,2.11047648662666e-06,0.999998316083395,1
"fixed",NA,"g__GGB6470",3896.33231131398,1846186079.78039,2.11047648662666e-06,0.999998316083395,1
"fixed",NA,"s__GGB6470_SGB9153",3896.33231131398,1846186079.78039,2.11047648662666e-06,0.999998316083395,1
"fixed",NA,"g__GGB25063",488.424735397664,475291273.551925,1.02763244893514e-06,0.999999180067935,1
"fixed",NA,"s__GGB25063_SGB36986",488.424735397664,475291273.551925,1.02763244893514e-06,0.999999180067935,1
"fixed",NA,"s__Clostridium_SGB6176",-475.648174074869,15249108102.1269,-3.11918684613775e-08,0.99999997511249,1
"fixed",NA,"s__Clostridium_SGB6176:Days",40.110699797729,220419560.987183,1.81974320328409e-07,0.999999854805499,1
"fixed",NA,"s__Romboutsia_hominis",731.150069373649,1055130712.41093,6.92947386303449e-07,0.999999447107979,1
"fixed",NA,"s__Faecalicatena_orotica",-1273.37753027992,141397914.076859,-9.00563165017949e-06,0.999992814545546,1
"fixed",NA,"g__GGB9743",-2521.52571506333,1495295543.67242,-1.68630591171998e-06,0.999998654522548,1
"fixed",NA,"g__GGB58485",8.72886094879389,310.733202060311,0.0280911756159861,0.977589432135985,1
"fixed",NA,"s__Fusobacterium_periodonticum",-2351.63496069405,941878792.98271,-2.49674902780959e-06,0.999998007882498,1
"fixed",NA,"s__Aeromonas_dhakensis",-2369.97762514373,1001624835.82117,-2.36613304741066e-06,0.999998112098973,1
"fixed",NA,"s__GGB9743_SGB15349",-2521.52571506333,1495295543.67242,-1.68630591171998e-06,0.999998654522548,1
"fixed",NA,"s__Catenibacterium_mitsuokai",-2623.68662552389,1828081285.75369,-1.43521332774991e-06,0.999998854865444,1
"fixed",NA,"s__GGB58485_SGB80143",8.72886094879389,310.733202060311,0.0280911756159861,0.977589432135985,1
"fixed",NA,"s__Intestinimonas_sp_MSJ_38",-12.6689165305413,183.354282063749,-0.0690952858474092,0.944913773411117,1
"fixed",NA,"s__Intestinimonas_sp_MSJ_38:Days",4.64770791564805,92.0331328869174,0.0505003770909196,0.959723648914658,1
"fixed",NA,"s__Slackia_SGB14778",-10534.8066211506,1621805013.88067,-6.4957294687003e-06,0.999994817157746,1
"fixed",NA,"c__CFGB3297",246.078816770238,635500606.060763,3.8722042815284e-07,0.999999691042799,1
"fixed",NA,"o__OFGB3297",246.078816770238,635500606.060763,3.8722042815284e-07,0.999999691042799,1
"fixed",NA,"f__FGB3297",246.078816770238,635500606.060763,3.8722042815284e-07,0.999999691042799,1
"fixed",NA,"g__GGB29668",246.078816770238,635500606.060763,3.8722042815284e-07,0.999999691042799,1
"fixed",NA,"s__GGB29668_SGB42476",246.078816770238,635500606.060763,3.8722042815284e-07,0.999999691042799,1
"fixed",NA,"g__Alloscardovia",-5323.22542958836,35487682.5212622,-0.000150002058500129,0.999880315673883,1
"fixed",NA,"s__Alloscardovia_omnicolens",-5323.22542958836,35487682.5212622,-0.000150002058500129,0.999880315673883,1
"fixed",NA,"s__Mediterraneibacter_sp_NSJ_151",-2944.12071498055,1777718251.65611,-1.65612335488924e-06,0.999998678604744,1
"fixed",NA,"s__Clostridium_sp_chh4_2",-2756.32190360617,3448643845.75694,-7.99248060073653e-07,0.999999362292313,1
"fixed",NA,"c__CFGB77202",11668.9345922554,22457533305.7185,5.19600012762046e-07,0.999999585419172,1
"fixed",NA,"o__OFGB77202",11668.9345922554,22457533305.7185,5.19600012762046e-07,0.999999585419172,1
"fixed",NA,"f__FGB77202",11668.9345922554,22457533305.7185,5.19600012762046e-07,0.999999585419172,1
"fixed",NA,"g__GGB34900",11668.9345922554,22457533305.7185,5.19600012762046e-07,0.999999585419172,1
"fixed",NA,"g__Companilactobacillus",16264.4857008234,19877603478.6399,8.18231720856132e-07,0.999999347145543,1
"fixed",NA,"s__Lentihominibacter_SGB71368",86.2875889335621,240.165892496006,0.35928327722471,0.719383183164552,1
"fixed",NA,"s__Lentihominibacter_SGB71368:Days",0.33600502550711,21.4468781603141,0.01566685011196,0.987500173528815,1
"fixed",NA,"s__Clostridium_hylemonae",-5046.18124611314,856417355.794002,-5.89219871826946e-06,0.999995298705614,1
"fixed",NA,"s__Clostridium_hylemonae:Days",2182.16709432432,849045826.62244,2.57014053411596e-06,0.999997949324549,1
"fixed",NA,"s__GGB34900_SGB14891",11668.9345922554,22457533305.7185,5.19600012762046e-07,0.999999585419172,1
"fixed",NA,"s__Companilactobacillus_paralimentarius",16264.4857008234,19877603478.6399,8.18231720856132e-07,0.999999347145543,1
"fixed",NA,"g__Jingyaoa",-1237.41459676668,644348624.4818,-1.92041163704173e-06,0.999998467733204,1
"fixed",NA,"g__Jingyaoa:Days",1641.08986302811,16126749.024583,0.000101761976981628,0.99991880568983,1
"fixed",NA,"g__Qingrenia",4202.2850430403,143655431.109407,2.92525316348108e-05,0.999976659856648,1
"fixed",NA,"g__Qingrenia:Days",2605.62240836925,110830678.599809,2.35099382345002e-05,0.999981241783259,1
"fixed",NA,"g__GGB4749",26076.3749588875,522622799.107461,4.98952112372841e-05,0.999960189381312,1
"fixed",NA,"g__GGB4749:Days",-198.004648534886,16661144.450138,-1.18842165451153e-05,0.999990517767102,1
"fixed",NA,"s__Jingyaoa_shaoxingensis",-1237.41459676668,644348624.4818,-1.92041163704173e-06,0.999998467733204,1
"fixed",NA,"s__Jingyaoa_shaoxingensis:Days",1641.08986302811,16126749.024583,0.000101761976981628,0.99991880568983,1
"fixed",NA,"s__GGB34797_SGB14323",-26.8167039282229,825451770.009692,-3.24873056216332e-08,0.99999997407888,1
"fixed",NA,"s__GGB34797_SGB14323:Days",9907.67735084771,52709603.3524577,0.000187967215093561,0.999850023862023,1
"fixed",NA,"s__Ruminococcus_sp_AF41_9",243.099306289713,56129.6680990404,0.00433103053203105,0.996544348409548,1
"fixed",NA,"s__Ruminococcus_sp_AF41_9:Days",-0.0982815954985541,3764.33432318319,-2.61086256056676e-05,0.999979168330728,1
"fixed",NA,"s__Qingrenia_yutianensis",4202.2850430403,143655431.109407,2.92525316348108e-05,0.999976659856648,1
"fixed",NA,"s__Qingrenia_yutianensis:Days",2605.62240836925,110830678.599809,2.35099382345002e-05,0.999981241783259,1
"fixed",NA,"s__GGB4749_SGB6578",26076.3749588875,522622799.107461,4.98952112372841e-05,0.999960189381312,1
"fixed",NA,"s__GGB4749_SGB6578:Days",-198.004648534886,16661144.450138,-1.18842165451153e-05,0.999990517767102,1
"fixed",NA,"g__GGB4604",-113.166349657407,2307191.34817087,-4.90493992824327e-05,0.999960864241612,1
"fixed",NA,"g__GGB4604:Days",168.874998999861,2121024.73261295,7.96195331451037e-05,0.999936472803832,1
"fixed",NA,"g__GGB4723",-2358.68564371077,709316955.534367,-3.32529150093958e-06,0.999997346801251,1
"fixed",NA,"g__GGB4723:Days",2639.80766550638,11770273.5465821,0.000224277511908204,0.999821052437413,1
"fixed",NA,"s__GGB4604_SGB6369",-113.166349657407,2307191.34817087,-4.90493992824327e-05,0.999960864241612,1
"fixed",NA,"s__GGB4604_SGB6369:Days",168.874998999861,2121024.73261295,7.96195331451037e-05,0.999936472803832,1
"fixed",NA,"s__GGB6002_SGB8625",9857.99434532542,545157303.005824,1.80828437791653e-05,0.999985571978134,1
"fixed",NA,"s__GGB4723_SGB6540",-2358.68564371077,709316955.534367,-3.32529150093958e-06,0.999997346801251,1
"fixed",NA,"s__GGB4723_SGB6540:Days",2639.80766550638,11770273.5465821,0.000224277511908204,0.999821052437413,1
"fixed",NA,"s__Lachnospiraceae_bacterium_CLA_AA_H215",2355.06657265223,2000259536.49357,1.17738049972286e-06,0.999999060586277,1
"fixed",NA,"s__Lachnospiraceae_bacterium_CLA_AA_H215:Days",373.848025894616,56980442.3929047,6.56098847595414e-06,0.999994765088591,1
"fixed",NA,"s__Streptococcus_sobrinus",-2751.69985212862,0.00204565011801577,-1345146.86939607,0,0
"fixed",NA,"s__Streptococcus_gordonii",90.9067601223195,0.00185623858866076,48973.6398530035,0,0
"fixed",NA,"s__Streptococcus_gordonii:Days",-121.099802888641,0.00185659062869192,-65226.9816604449,0,0
"fixed",NA,"g__GGB4257",1386.28775765995,95172226.3448319,1.45660957077656e-05,0.999988377937124,1
"fixed",NA,"g__GGB4257:Days",-1545.93138337389,4898618.74161892,-0.000315585160820861,0.999748199476742,1
"fixed",NA,"g__GGB3267",1834.35875372869,116713927.845098,1.57167082592169e-05,0.999987459881134,1
"fixed",NA,"g__GGB3267:Days",-2022.35182736077,5480503.75527997,-0.000369008382744455,0.999705573915283,1
"fixed",NA,"g__GGB3649",-5756.50939937597,194090961.802856,-2.96588225742476e-05,0.99997633568338,1
"fixed",NA,"g__GGB3649:Days",-2380.29253277341,14373995.8620433,-0.00016559713496641,0.999867872603301,1
"fixed",NA,"s__GGB4257_SGB5789",1386.28775765995,95172226.3448319,1.45660957077656e-05,0.999988377937124,1
"fixed",NA,"s__GGB4257_SGB5789:Days",-1545.93138337389,4898618.74161892,-0.000315585160820861,0.999748199476742,1
"fixed",NA,"s__GGB3267_SGB4317",1834.35875372869,116713927.845098,1.57167082592169e-05,0.999987459881134,1
"fixed",NA,"s__GGB3267_SGB4317:Days",-2022.35182736077,5480503.75527997,-0.000369008382744455,0.999705573915283,1
"fixed",NA,"s__GGB3649_SGB4958",-5756.50939937597,194090961.802856,-2.96588225742476e-05,0.99997633568338,1
"fixed",NA,"s__GGB3649_SGB4958:Days",-2380.29253277341,14373995.8620433,-0.00016559713496641,0.999867872603301,1
"fixed",NA,"s__Streptococcus_sanguinis",-779.381532844036,190048210.26121,-4.10096749542035e-06,0.999996727901351,1
"fixed",NA,"s__Collinsella_SGB14745",-4153.94808834788,391794500.16211,-1.06023644707344e-05,0.999991540537081,1
"fixed",NA,"c__CFGB602",3486.30995951599,378547292.41887,9.20970782075578e-06,0.99999265171632,1
"fixed",NA,"o__OFGB602",3486.30995951599,378547292.41887,9.20970782075578e-06,0.99999265171632,1
"fixed",NA,"f__FGB602",3486.30995951599,378547292.41887,9.20970782075578e-06,0.99999265171632,1
"fixed",NA,"g__GGB1420",3486.30995951599,378547292.41887,9.20970782075578e-06,0.99999265171632,1
"fixed",NA,"g__GGB9766",4710.23807365578,4759493900.71044,9.89651036836644e-07,0.999999210372717,1
"fixed",NA,"g__Lactiplantibacillus",5162.73572669418,6379169581.75069,8.093115664245e-07,0.999999354262796,1
"fixed",NA,"s__GGB1420_SGB1957",3486.30995951599,378547292.41887,9.20970782075578e-06,0.99999265171632,1
"fixed",NA,"s__Blautia_SGB4833",3770.74307365202,1396646493.23657,2.69985503984888e-06,0.999997845827347,1
"fixed",NA,"s__Hafnia_paralvei",3914.85408455578,1912478312.91015,2.04700574021082e-06,0.999998366725724,1
"fixed",NA,"s__GGB9766_SGB15383",4710.23807365578,4759493900.71044,9.89651036836644e-07,0.999999210372717,1
"fixed",NA,"s__Lactiplantibacillus_plantarum",5162.73572669418,6379169581.75069,8.093115664245e-07,0.999999354262796,1
"fixed",NA,"g__Bittarella",-5777.85816132457,5455946738.39473,-1.05900193648601e-06,0.999999155038705,1
"fixed",NA,"g__Bittarella:Days",3889.13204515857,891524507.045092,4.36233890871814e-06,0.999996519357136,1
"fixed",NA,"s__Lachnoclostridium_edouardi",-5128.32556099812,1448.15468787005,-3.54128298858796,0.000398186260052063,1
"fixed",NA,"s__Lachnoclostridium_edouardi:Days",2740.11779824087,1448.15468787005,1.89214441053327,0.0584717425605495,1
"fixed",NA,"s__Bittarella_massiliensis",-5777.85816132457,5455946738.39473,-1.05900193648601e-06,0.999999155038705,1
"fixed",NA,"s__Bittarella_massiliensis:Days",3889.13204515857,891524507.045092,4.36233890871814e-06,0.999996519357136,1
"fixed",NA,"s__Clostridium_sp_Marseille_P2538",3092.09296631743,1491.52246465218,2.07311189713694,0.0381618670532691,1
"fixed",NA,"g__GGB5998",-280.072055091516,375102862.568691,-7.46654006246695e-07,0.999999404256296,1
"fixed",NA,"s__GGB5998_SGB8621",-280.072055091516,375102862.568691,-7.46654006246695e-07,0.999999404256296,1
"fixed",NA,"s__Clostridium_sp_C5_48",-2950.1385825531,3702176407.9041,-7.96866020823479e-07,0.999999364192905,1
"fixed",NA,"c__CFGB10341",1713.22066950648,4657103678.00253,3.67872563713525e-07,0.999999706480161,1
"fixed",NA,"o__OFGB10341",1713.22066950648,4657103678.00253,3.67872563713525e-07,0.999999706480161,1
"fixed",NA,"f__FGB10341",1713.22066950648,4657103678.00253,3.67872563713525e-07,0.999999706480161,1
"fixed",NA,"g__GGB3585",-1930.39563040901,146864030.68854,-1.31441008486474e-05,0.999989512524868,1
"fixed",NA,"g__GGB3585:Days",459.444853446746,14168705.9145628,3.24267336916438e-05,0.999974127209835,1
"fixed",NA,"g__GGB4597",-15526.2961364942,2139174222.41507,-7.25807929705016e-06,0.999994208890588,1
"fixed",NA,"g__GGB4597:Days",2485.73990888835,64895317.3486231,3.8303840869361e-05,0.999969437956758,1
"fixed",NA,"g__GGB4555",1713.22066950648,4657103678.00253,3.67872563713525e-07,0.999999706480161,1
"fixed",NA,"g__GGB9189",-3897.59989656645,1444468301.1626,-2.69829382439851e-06,0.999997847073017,1
"fixed",NA,"g__GGB9189:Days",797.246412143223,134168397.129947,5.9421326422426e-06,0.999995258864107,1
"fixed",NA,"g__GGB9102",2827.85793972501,5603794430.98762,5.04632704598806e-07,0.999999597361356,1
"fixed",NA,"s__GGB3585_SGB4803",-1930.39563040901,146864030.68854,-1.31441008486474e-05,0.999989512524868,1
"fixed",NA,"s__GGB3585_SGB4803:Days",459.444853446746,14168705.9145628,3.24267336916438e-05,0.999974127209835,1
"fixed",NA,"s__GGB4597_SGB6359",-15526.2961364942,2139174222.41507,-7.25807929705016e-06,0.999994208890588,1
"fixed",NA,"s__GGB4597_SGB6359:Days",2485.73990888835,64895317.3486231,3.8303840869361e-05,0.999969437956758,1
"fixed",NA,"s__Bacteroides_faecalis",3719.16319377282,3609944271.11439,1.03025501627057e-06,0.999999177975429,1
"fixed",NA,"s__Limosilactobacillus_vaginalis",1554.08407119227,3572344344.78327,4.3503199053633e-07,0.999999652894691,1
"fixed",NA,"s__GGB4555_SGB6286",1713.22066950648,4657103678.00253,3.67872563713525e-07,0.999999706480161,1
"fixed",NA,"s__GGB9189_SGB14128",-3897.59989656645,1444468301.1626,-2.69829382439851e-06,0.999997847073017,1
"fixed",NA,"s__GGB9189_SGB14128:Days",797.246412143223,134168397.129947,5.9421326422426e-06,0.999995258864107,1
"fixed",NA,"s__GGB9102_SGB54310",2827.85793972501,5603794430.98762,5.04632704598806e-07,0.999999597361356,1
"fixed",NA,"o__Corynebacteriales",12809.4392670484,33893365656.5741,3.77933528255665e-07,0.999999698452673,1
"fixed",NA,"f__Corynebacteriaceae",12809.4392670484,33893365656.5741,3.77933528255665e-07,0.999999698452673,1
"fixed",NA,"g__Corynebacterium",12809.4392670484,33893365656.5741,3.77933528255665e-07,0.999999698452673,1
"fixed",NA,"s__Mediterraneibacter_SGB4598",51.5131651510571,28570700.5431104,1.80300672268532e-06,0.999998561408773,1
"fixed",NA,"s__Actinomyces_sp_ph3",2565.75959823591,4743954185.65369,5.40848308779011e-07,0.999999568465485,1
"fixed",NA,"s__Actinomyces_naeslundii",2631.65114887533,5016542646.35777,5.24594593207739e-07,0.999999581434073,1
"fixed",NA,"s__Diplocloster_modestus",6414.51102256596,7001067495.46247,9.1621899470664e-07,0.99999926896301,1
"fixed",NA,"s__Corynebacterium_propinquum",12809.4392670484,33893365656.5741,3.77933528255665e-07,0.999999698452673,1
"fixed",NA,"s__Anaeromassilibacillus_sp_An172",338.653513486688,328868293.639205,1.02975422087426e-06,0.999999178375006,1
"fixed",NA,"s__Lacticaseibacillus_zeae",798.896684119185,2049751496.64069,3.89752945870993e-07,0.999999689022142,1
"fixed",NA,"s__Schaalia_SGB17157",6256.00022141033,4260880253.96928,1.46824126671536e-06,0.999998828512962,1
"fixed",NA,"g__GGB3828",6638.33031120705,15957330195.0243,4.16005072908559e-07,0.999999668075975,1
"fixed",NA,"g__GGB3828:Days",846.137329468086,245537960.58198,3.44605505178324e-06,0.999997250445879,1
"fixed",NA,"s__Clostridium_disporicum",139.781952985215,1448.17157659426,0.0965230606955754,0.923105159647217,1
"fixed",NA,"s__Clostridium_SGB47280",770.555823174334,1249174618.12212,6.16851969288896e-07,0.999999507823337,1
"fixed",NA,"s__GGB3828_SGB5197",6638.33031120705,15957330195.0243,4.16005072908559e-07,0.999999668075975,1
"fixed",NA,"s__GGB3828_SGB5197:Days",846.137329468086,245537960.58198,3.44605505178324e-06,0.999997250445879,1
"fixed",NA,"s__Leuconostoc_mesenteroides",-1178.06807410083,487780665.794454,-2.41515942863806e-06,0.99999807298158,1
"fixed",NA,"s__Fusobacterium_nucleatum",-1978.8988569272,211571665.009217,-9.35332648084512e-06,0.999992537125209,1
"fixed",NA,"s__Streptococcus_cristatus",-6987.74446795482,354610417.435694,-1.97054122619564e-05,0.999984277355793,1
"fixed",NA,"s__Oxalobacter_SGB9385",-10235.0877039279,6864610430.74688,-1.49099323365599e-06,0.999998810359519,1
"fixed",NA,"s__Fusobacterium_ulcerans",69.1230245205223,209.02399994807,0.330694200367878,0.740875483501237,1
"fixed",NA,"s__Bifidobacterium_animalis",-2312.77781364513,29181192.5747883,-7.92557674850924e-05,0.999936763046835,1
"fixed",NA,"s__Bifidobacterium_animalis:Days",2581.28282294041,130754159.297306,1.9741496842721e-05,0.999984248564463,1
"fixed",NA,"s__Klebsiella_aerogenes",343.264679014352,23809289.718306,1.44172582666517e-05,0.99998849669222,1
"fixed",NA,"s__Ruminococcus_bovis",329.892927305591,97853434.6247754,3.37129635327144e-06,0.99999731009469,1
"fixed",NA,"s__Lactobacillus_acidophilus",-5846.08167487932,4831451691.86607,-1.21000520086363e-06,0.999999034555532,1
"fixed",NA,"s__Lactobacillus_acidophilus:Days",2812.83328280963,806474469.406342,3.48781441882493e-06,0.999997217126724,1
"fixed",NA,"s__Schaalia_SGB17168",-16.4539585757084,0.00210381275187815,-7821.01855833858,0,0
"fixed",NA,"s__Schaalia_SGB17168:Days",-33.475995994385,119.850503430368,-0.279314604747024,0.780003399171288,1
"fixed",NA,"g__GGB3627",13246.2908859616,1168736746.77841,1.1333853344198e-05,0.999990956893402,1
"fixed",NA,"s__GGB3627_SGB4906",13246.2908859616,1168736746.77841,1.1333853344198e-05,0.999990956893402,1
"fixed",NA,"s__Bifidobacterium_angulatum",-2297.97320735625,5927852.63414682,-0.000387656939060698,0.999690694521182,1
"fixed",NA,"s__Firmicutes_unclassified_SGB4554",-109.876179117652,25930585.8000154,-4.23731958718753e-06,0.999996619108122,1
"fixed",NA,"s__Pseudoflavonifractor_sp_MSJ_37",-3674.38584133038,1420828086.497,-2.58608756136673e-06,0.999997936600662,1
"fixed",NA,"c__CFGB4623",-92232.7719405456,70843052255.6357,-1.30193108574325e-06,0.999998961209287,1
"fixed",NA,"o__OFGB4623",-92232.7719405456,70843052255.6357,-1.30193108574325e-06,0.999998961209287,1
"fixed",NA,"f__FGB4623",-92232.7719405456,70843052255.6357,-1.30193108574325e-06,0.999998961209287,1
"fixed",NA,"g__GGB1494",-148.841048508615,36051929.4098784,-4.12851824978421e-06,0.99999670591903,1
"fixed",NA,"g__Velocimicrobium",-10716.3428183108,14781688105.7309,-7.24974220918386e-07,0.999999421554262,1
"fixed",NA,"g__GGB9525",-92232.7719405456,70843052255.6357,-1.30193108574325e-06,0.999998961209287,1
"fixed",NA,"s__Phocaeicola_sartorii",-254.98362397698,26273103.9666826,-9.70511989372587e-06,0.999992256434676,1
"fixed",NA,"s__GGB1494_SGB2069",-148.841048508615,36051929.4098784,-4.12851824978421e-06,0.99999670591903,1
"fixed",NA,"s__Velocimicrobium_porci",-10716.3428183108,14781688105.7309,-7.24974220918386e-07,0.999999421554262,1
"fixed",NA,"s__GGB9525_SGB14925",-92232.7719405456,70843052255.6357,-1.30193108574325e-06,0.999998961209287,1
"fixed",NA,"c__CFGB4559",-41743.497975041,29469995338.1152,-1.41647453608694e-06,0.999998869816837,1
"fixed",NA,"o__OFGB4559",-41743.497975041,29469995338.1152,-1.41647453608694e-06,0.999998869816837,1
"fixed",NA,"f__FGB4559",-41743.497975041,29469995338.1152,-1.41647453608694e-06,0.999998869816837,1
"fixed",NA,"g__GGB2983",-41743.497975041,29469995338.1152,-1.41647453608694e-06,0.999998869816837,1
"fixed",NA,"s__GGB2983_SGB3965",-41743.497975041,29469995338.1152,-1.41647453608694e-06,0.999998869816837,1
"fixed",NA,"g__GGB1496",-180.602490596861,83037026.4050312,-2.1749633677383e-06,0.999998264630309,1
"fixed",NA,"g__Faecalicoccus",-1590.5945474341,1279562687.32531,-1.24307668798857e-06,0.999999008168303,1
"fixed",NA,"g__GGB42689",-2406.8050160278,1722107021.6166,-1.39759317267544e-06,0.999998884881985,1
"fixed",NA,"s__Bacteroides_sp_ET71",-48.6315941446075,16070257.9071002,-3.02618628933895e-06,0.999997585452682,1
"fixed",NA,"s__GGB1496_SGB2073",-180.602490596861,83037026.4050312,-2.1749633677383e-06,0.999998264630309,1
"fixed",NA,"s__Lactobacillus_delbrueckii",-524.641428047453,507285992.894535,-1.03421232873766e-06,0.99999917481795,1
"fixed",NA,"s__Faecalicoccus_pleomorphus",-1590.5945474341,1279562687.32531,-1.24307668798857e-06,0.999999008168303,1
"fixed",NA,"s__GGB42689_SGB59892",-2406.8050160278,1722107021.6166,-1.39759317267544e-06,0.999998884881985,1
"fixed",NA,"s__Streptococcus_agalactiae",-309.237583402999,0.00185759670103249,-166471.862935113,0,0
"fixed",NA,"s__Streptococcus_oralis",9180.13530845147,12355927796.6384,7.42974178834958e-07,0.999999407192374,1
