"","baseMean","log2FoldChange","lfcSE","stat","pvalue","padj","threshold","level"
"p__Actinobacteria",34.4516907995347,1.17126455306499,0.521059342601228,2.24785251372294,0.0245855960102755,0.0911975044970914,FALSE,"phylum"
"p__Bacteroidetes",672.466179391798,0.137654268854316,0.40081867018416,0.343432776699422,0.731272905035795,0.999999776965245,FALSE,"phylum"
"p__Candidatus_Melainabacteria",0.0589094858776771,0.251719202641017,3.88213596562158,0.0648403880930825,0.948301084044319,0.999999776965245,FALSE,"phylum"
"p__Euryarchaeota",1.0651790568372,-0.73248896388634,1.62724009350321,-0.450141910103382,0.652608119006293,0.999999776965245,FALSE,"phylum"
"p__Firmicutes",337.70897826286,1.11976526353312e-08,0.0400584840279934,2.79532611057026e-07,0.999999776965245,0.999999776965245,FALSE,"phylum"
"p__Fusobacteria",0.0183437793733221,-0.00127151146228325,3.88216085914678,-0.000327526732769828,0.999738671481345,0.999999776965245,FALSE,"phylum"
"p__Lentisphaerae",0,NA,NA,NA,NA,NA,NA,"phylum"
"p__Proteobacteria",26.1678009304968,0.245402162577844,0.591068270525799,0.415184124770461,0.678007119384183,0.999999776965245,FALSE,"phylum"
"p__Synergistetes",0.0227925069693718,-0.727718930391722,3.88099532797133,-0.187508324255601,0.851262097628438,0.999999776965245,FALSE,"phylum"
"p__Verrucomicrobia",6.8876141078075,3.23510156230124,1.46626613537197,2.20635359724825,0.0273592513491274,0.0911975044970914,FALSE,"phylum"
"p__Viruses_unclassified",8.04184936400708,-1.56872989812524,0.684651353802163,-2.29128283967221,0.021947060448885,0.0911975044970914,FALSE,"phylum"
"c__Actinobacteria",18.4401026616124,2.07878647641028,1.08086352490446,1.92326452740093,0.0544468370812581,0.155562391660738,FALSE,"class"
"c__Alphaproteobacteria",0.0826295939310446,-0.845288568788021,3.87920354998766,-0.217902607557345,0.827504995427236,0.99999984006192,FALSE,"class"
"c__Bacilli",12.4424993922,0.3130183576342,0.783091270745317,0.39972142370618,0.689361710870548,0.99999984006192,FALSE,"class"
"c__Bacteroidia",684.552558288763,0.276246446303953,0.417515548156319,0.661643494532867,0.508199725802528,0.846999543004214,FALSE,"class"
"c__Betaproteobacteria",4.94182316469751,3.77559523597976,1.0704428497533,3.52713387440526,0.000420084300922243,0.00420084300922243,TRUE,"class"
"c__Candidatus_Melainabacteria_unclassified",0.0634933996852817,0.385280823639321,3.88213154751013,0.0992446595186678,0.920944016693742,0.99999984006192,FALSE,"class"
"c__Clostridia",292.173900332568,5.95150673591033e-09,0.0296903360492241,2.00452656583045e-07,0.99999984006192,0.99999984006192,FALSE,"class"
"c__Coriobacteriia",20.2468310383536,1.03021364296585,0.517057531104164,1.99245457418608,0.0463212045681961,0.15440401522732,FALSE,"class"
"c__Deltaproteobacteria",0.952337355697661,-2.05533340494013,0.871787551174023,-2.35760811469749,0.0183930984842985,0.100928015294355,FALSE,"class"
"c__Epsilonproteobacteria",0,NA,NA,NA,NA,NA,NA,"class"
"c__Erysipelotrichia",1.70768142756389,1.50093749116362,0.945499489377081,1.58745457615475,0.112409727002678,0.246557071324526,FALSE,"class"
"c__Firmicutes_unclassified",15.2012429923215,2.6295858698767,0.729453365947779,3.60487180213375,0.000312307052386471,0.00420084300922243,TRUE,"class"
"c__Fusobacteriia",0.0209744364919288,0.132286571499655,3.88215563842169,0.0340755456042037,0.972816908938361,0.99999984006192,FALSE,"class"
"c__Gammaproteobacteria",20.8820562455019,-2.09239266689072,1.35767635592359,-1.5411571820939,0.123278535662263,0.246557071324526,FALSE,"class"
"c__Lentisphaeria",0,NA,NA,NA,NA,NA,NA,"class"
"c__Methanobacteria",0.942067802659341,-0.225303152136609,1.30997239897619,-0.171990762792174,0.863444791011602,0.99999984006192,FALSE,"class"
"c__Negativicutes",16.1213134752948,1.29949985879435,0.736530929459474,1.76435205477118,0.077672724979867,0.194181812449667,FALSE,"class"
"c__Proteobacteria_unclassified",7.23418862836288,2.03241803063352,1.60232689511588,1.2684165989029,0.204649217021298,0.37208948549327,FALSE,"class"
"c__Synergistia",0.0202289799445581,-0.582076129147942,3.88075059885466,-0.149990604735005,0.880772027740436,0.99999984006192,FALSE,"class"
"c__Thermoplasmata",0.0577530415624627,-1.223049448918,3.87808932049937,-0.315374234021127,0.752477527664033,0.99999984006192,FALSE,"class"
"c__Verrucomicrobiae",6.51569804905471,3.32085255859018,1.4296272922195,2.32287993987199,0.0201856030588711,0.100928015294355,FALSE,"class"
"c__Viruses_unclassified",7.97985630641212,-1.35258698282544,0.663273139152706,-2.03926090622831,0.041423995118385,0.15440401522732,FALSE,"class"
"o__Acidaminococcales",12.7581681605651,2.23347915592865,0.841258381271703,2.65492648352861,0.00793256943807587,0.0575111284260501,FALSE,"order"
"o__Actinomycetales",0.0202863622076077,0.182883980683134,3.88215049328973,0.0471089363998764,0.962426405029699,0.999999837551203,FALSE,"order"
"o__Aeromonadales",0.0222016641590097,-0.158752606825816,3.88216095752216,-0.0408928451351851,0.96738132143304,0.999999837551203,FALSE,"order"
"o__Bacteroidales",684.552558288763,0.276251842864088,0.418638554947639,0.659881512582234,0.509329868962796,0.999999837551203,FALSE,"order"
"o__Bifidobacteriales",18.2924535631476,2.06676906118762,1.10821631429285,1.86495094372114,0.0621882807106019,0.225432517575932,FALSE,"order"
"o__Burkholderiales",4.94182316469751,3.77592221837775,1.07358232024273,3.51712406881295,0.000436249819109904,0.00421708158472907,TRUE,"order"
"o__Campylobacterales",0,NA,NA,NA,NA,NA,NA,"order"
"o__Candidatus_Gastranaerophilales",0.0634933996852817,0.385280823639321,3.88213154751013,0.0992446595186678,0.920944016693742,0.999999837551203,FALSE,"order"
"o__Caudovirales",7.69327521160191,-1.40888709473355,0.712492200905071,-1.97740704100881,0.047995638735473,0.198839074761245,FALSE,"order"
"o__Clostridiales",292.173900332568,6.13885953654749e-09,0.0301516622410831,2.03599373310271e-07,0.999999837551203,0.999999837551203,FALSE,"order"
"o__Coriobacteriales",16.5949824605506,0.769451173139714,0.702721179741443,1.09495941679575,0.273534416453859,0.661041506430158,FALSE,"order"
"o__Desulfovibrionales",0.952337355697661,-2.05191954052648,0.88532522735406,-2.31770142443471,0.0204655535639175,0.0989168422256012,FALSE,"order"
"o__Eggerthellales",3.65184857780296,3.61737498127115,0.829609884847414,4.36033254586458,1.29864931509151e-05,0.000376608301376539,TRUE,"order"
"o__Enterobacterales",20.7401601165349,-2.09282681419032,1.41772440126855,-1.47618734100767,0.139893606925137,0.405691460082898,FALSE,"order"
"o__Erysipelotrichales",1.70768142756389,1.5016155922147,0.951590888068786,1.57800543389205,0.114564361459517,0.369151831369555,FALSE,"order"
"o__Firmicutes_unclassified",15.2012429923215,2.62973837566152,0.731071241030945,3.59710275561258,0.000321781389388162,0.00421708158472907,TRUE,"order"
"o__Fusobacteriales",0.0209744364919288,0.132286571499655,3.88215563842169,0.0340755456042037,0.972816908938361,0.999999837551203,FALSE,"order"
"o__Herpesvirales",0.0120633319707914,0.132286571499655,3.88215563842169,0.0340755456042037,0.972816908938361,0.999999837551203,FALSE,"order"
"o__Lactobacillales",12.4424993922,0.312940612582721,0.784817585706648,0.398743119779802,0.690082492194187,0.999999837551203,FALSE,"order"
"o__Methanobacteriales",0.942067802659341,-0.223768430955675,1.32700563514231,-0.168626586828079,0.866090366759914,0.999999837551203,FALSE,"order"
"o__Methanomassiliicoccales",0.0577530415624627,-1.223049448918,3.87808932049937,-0.315374234021127,0.752477527664033,0.999999837551203,FALSE,"order"
"o__Micrococcales",0,NA,NA,NA,NA,NA,NA,"order"
"o__Ortervirales",0.244962124950325,0.0955669480113829,2.44265914266028,0.0391241439881381,0.968791411584263,0.999999837551203,FALSE,"order"
"o__Pasteurellales",0.119694464807923,-0.169189552028262,3.26746600485286,-0.0517800496705951,0.958703952279374,0.999999837551203,FALSE,"order"
"o__Propionibacteriales",0.127362736257173,0.638291476667856,3.88211117658569,0.164418649449713,0.869401583220469,0.999999837551203,FALSE,"order"
"o__Proteobacteria_unclassified",7.23418862836288,2.03246787724741,1.60475336394659,1.26652975024707,0.205323485219373,0.541307370123802,FALSE,"order"
"o__Rhodospirillales",0.0826295939310446,-0.845288568788021,3.87920354998766,-0.217902607557345,0.827504995427236,0.999999837551203,FALSE,"order"
"o__Selenomonadales",0,0,0,0,1,NA,NA,"order"
"o__Synergistales",0.0202289799445581,-0.582076129147942,3.88075059885466,-0.149990604735005,0.880772027740436,0.999999837551203,FALSE,"order"
"o__Veillonellales",5.21821769779359,0.375222120951901,1.38581342483721,0.270759479037359,0.786576027107263,0.999999837551203,FALSE,"order"
"o__Verrucomicrobiales",6.51569804905471,3.32122400954655,1.43264179335759,2.31825151614684,0.0204356557232971,0.0989168422256012,FALSE,"order"
"o__Victivallales",0,NA,NA,NA,NA,NA,NA,"order"
"o__Viruses_unclassified",0.016830293797959,0.132286571499655,3.88215563842169,0.0340755456042036,0.972816908938361,0.999999837551203,FALSE,"order"
"f__Acidaminococcaceae",14.8629275410349,2.5654992765409,0.900277031209879,2.84967758545737,0.00437635670636267,0.0240699618849947,TRUE,"family"
"f__Ackermannviridae",0.0516485572995537,0.604135785374899,3.88209169053951,0.155621204632325,0.87633160970057,NA,NA,"family"
"f__Actinomycetaceae",0.093118491468355,0.400459364230588,3.8821140916132,0.103154970405359,0.917839977599612,NA,NA,"family"
"f__Aeromonadaceae",0.0194498575678898,0.0516158862883876,3.88189957572183,0.0132965537313751,0.98939119766988,NA,NA,"family"
"f__Akkermansiaceae",6.76887099164885,3.56457148544836,1.45998100170987,2.44151908913451,0.0146256150857255,0.0463351655706395,TRUE,"family"
"f__Alloherpesviridae",0.0101826500653725,0.349856484888599,3.88211799599406,0.0901200028565888,0.928191853915252,NA,NA,"family"
"f__Atopobiaceae",0.114080344620285,0.451062815134858,3.88211031684356,0.116190107524199,0.907501876703503,NA,NA,"family"
"f__Bacteroidaceae",529.399139336451,1.2393485556431,0.482099708245276,2.5707307730055,0.0101484186960817,0.0418622271213368,TRUE,"family"
"f__Baculoviridae",0.0224608388845862,0.349856484888599,3.88211799599406,0.0901200028565889,0.928191853915252,NA,NA,"family"
"f__Barnesiellaceae",5.12948241366852,-0.261511086652798,0.995566551289403,-0.262675645655334,0.792800589725004,0.902152395204315,FALSE,"family"
"f__Bifidobacteriaceae",18.9529342363528,2.3290008628631,1.16287541903979,2.00279481768235,0.0451993163499837,0.0994384959699642,FALSE,"family"
"f__Campylobacteraceae",0,NA,NA,NA,NA,NA,NA,"family"
"f__Candidatus_Gastranaerophilales_unclassified",0.0626503989605454,0.604135785374899,3.88209169053951,0.155621204632325,0.87633160970057,NA,NA,"family"
"f__Caudovirales_unclassified",0.289038949345267,0.759706371253201,3.88205943373787,0.195696738862576,0.8448475370698,NA,NA,"family"
"f__Christensenellaceae",0.0255326530748662,0.400459364230588,3.8821140916132,0.103154970405359,0.917839977599612,NA,NA,"family"
"f__Clostridiaceae",13.4094631110447,1.29438698490559,0.553107340452259,2.34020937752736,0.0192729317172345,0.0530005622223948,FALSE,"family"
"f__Clostridiales_Family_XIII_Incertae_Sedis",0.00886480065395954,0.349856484888599,3.88211799599406,0.0901200028565888,0.928191853915252,NA,NA,"family"
"f__Clostridiales_unclassified",5.59787378116753,2.87431486917472,0.727601188844081,3.95039880809027,7.80210797560508e-05,0.000930603945363302,TRUE,"family"
"f__Coriobacteriaceae",22.0195362635179,1.36038797698537,0.787253078324555,1.72801861871479,0.0839848863910543,0.153972291716933,FALSE,"family"
"f__Desulfovibrionaceae",0.859955193781824,-1.85630240451088,0.87857214251868,-2.11286280849886,0.0346125119325996,0.0878625302904452,FALSE,"family"
"f__Eggerthellaceae",4.07752826386571,3.80305781302479,0.863715604838358,4.4031366247418,1.06696925093546e-05,0.000352099852808703,TRUE,"family"
"f__Enterobacteriaceae",11.8709828131439,-0.160093842990694,1.43297112061186,-0.111721611613734,0.911044143017026,0.917535870104696,FALSE,"family"
"f__Enterococcaceae",0.551498488682,2.32998864157074,3.24825932796034,0.717303763746532,0.47318668539362,0.600583100691903,FALSE,"family"
"f__Erysipelotrichaceae",2.12532950966424,1.86055264050297,1.00130369839667,1.85813019914154,0.0631505272516118,0.12258631760607,FALSE,"family"
"f__Eubacteriaceae",22.9332560226223,-0.467616908533316,0.497152388214636,-0.940590691342372,0.346914654050711,0.50040975966896,FALSE,"family"
"f__Firmicutes_unclassified",19.4902455785415,3.09041692469726,0.786169614933496,3.93097986235284,8.4600358669391e-05,0.000930603945363302,TRUE,"family"
"f__Fusobacteriaceae",0.0173086400564372,0.349856484888599,3.88211799599406,0.0901200028565889,0.928191853915252,NA,NA,"family"
"f__Hafniaceae",0.0110459527565911,0.349856484888599,3.88211799599406,0.0901200028565889,0.928191853915252,NA,NA,"family"
"f__Herpesviridae",0,NA,NA,NA,NA,NA,NA,"family"
"f__Lachnospiraceae",166.826622710738,0.880698574025052,0.363658810461131,2.42177158559227,0.0154450551902132,0.0463351655706395,TRUE,"family"
"f__Lactobacillaceae",1.47944507943647,-1.52594846714063,1.73718248031182,-0.87840424620603,0.37972438085951,0.501236182734553,FALSE,"family"
"f__Leuconostocaceae",0.0421223555517081,0.552652069799324,3.8821006668735,0.142359026007538,0.886796425205734,NA,NA,"family"
"f__Methanobacteriaceae",0.80426320391668,-0.135041539533604,1.30426837842335,-0.103538153471794,0.917535870104696,0.917535870104696,FALSE,"family"
"f__Methanomassiliicoccaceae",0.0503369358928691,-0.994130322289869,3.87814653298965,-0.256341609022054,0.797687070938067,NA,NA,"family"
"f__Micrococcaceae",0,NA,NA,NA,NA,NA,NA,"family"
"f__Myoviridae",1.67699785206701,-0.395627051424709,1.48016973092388,-0.267284922235081,0.789249794912027,0.902152395204315,FALSE,"family"
"f__Odoribacteraceae",13.0247536123746,1.79893554531936,0.717515647058922,2.50717256507666,0.0121701280009398,0.0446238026701126,TRUE,"family"
"f__Oscillospiraceae",5.76222442109368,-1.67284966241428,0.860904460536918,-1.94313043908609,0.052000400070476,0.107250825145357,FALSE,"family"
"f__Oxalobacteraceae",0.0191366289968271,0.400459364230588,3.8821140916132,0.103154970405359,0.917839977599612,NA,NA,"family"
"f__Pasteurellaceae",0.130160059090009,0.0435739797622937,3.10942088472498,0.0140135354388178,0.988819182378925,NA,NA,"family"
"f__Peptostreptococcaceae",1.52128647443838,1.28677961793347,1.41732404971341,0.907893729873324,0.363934370668334,0.50040975966896,FALSE,"family"
"f__Podoviridae",0.416180972496413,-0.655886298117189,3.87766730438614,-0.169144551770931,0.865682942507884,0.917535870104696,FALSE,"family"
"f__Porphyromonadaceae",0.0163065923116073,-0.3227526933325,3.88084118442155,-0.0831656535258623,0.933719822615155,NA,NA,"family"
"f__Prevotellaceae",65.5451823204479,-2.50842901224647,1.60947829931003,-1.55853546663028,0.119106367321656,0.198177662503689,FALSE,"family"
"f__Propionibacteriaceae",0.114307029102876,0.865345672631586,3.88202767510708,0.222910742800853,0.823604975195454,NA,NA,"family"
"f__Proteobacteria_unclassified",10.3769451450132,4.77456777102812,1.78771359285692,2.6707677281784,0.00756779936622448,0.0356767684407726,TRUE,"family"
"f__Retroviridae",0.294852825259805,0.300452947370552,2.37698475806161,0.126400872513615,0.89941461152696,0.917535870104696,FALSE,"family"
"f__Rhodospirillaceae",0.0769811862881974,-0.631818554080974,3.87911926141997,-0.16287680566173,0.87061543334218,NA,NA,"family"
"f__Rikenellaceae",82.1008987445092,2.26788304067567,0.591291876142952,3.83547133349652,0.00012532372384007,0.00103392072168058,TRUE,"family"
"f__Ruminococcaceae",101.839300511318,-0.157259978288618,0.253036547333483,-0.621491163809478,0.534276506561112,0.653004619130248,FALSE,"family"
"f__Selenomonadaceae",0,0,0,0,1,NA,NA,"family"
"f__Siphoviridae",5.08022596689266,-0.756743617658353,0.736458567138446,-1.02754404853857,0.304164355062884,0.47797255795596,FALSE,"family"
"f__Streptococcaceae",8.84436609918543,1.74640097791906,0.863609042510673,2.02221247341499,0.0431544062154479,0.0994384959699642,FALSE,"family"
"f__Sutterellaceae",6.09939433377431,4.20939077150391,1.14235427618353,3.68483828464053,0.000228847894848541,0.00151039610600037,TRUE,"family"
"f__Synergistaceae",0.0191409102277019,-0.39907955663189,3.880520371162,-0.102841763078385,0.918088558828589,NA,NA,"family"
"f__Tannerellaceae",51.2810029086703,0.861409351581002,0.554202705914509,1.55432180750464,0.12010767424466,0.198177662503689,FALSE,"family"
"f__Veillonellaceae",8.76512028775972,1.3927748011801,1.52278938038748,0.914620773639555,0.360390749181198,0.50040975966896,FALSE,"family"
"f__Victivallales_unclassified",0,NA,NA,NA,NA,NA,NA,"family"
"g__Absiella",0,NA,NA,NA,NA,NA,NA,"genus"
"g__Acidaminococcus",3.8135147365185,2.19333467818161,2.27410349036232,0.964483229315198,0.334803712506341,0.998099187706436,FALSE,"genus"
"g__Actinomyces",0.0213918822198537,-0.730914942651561,3.88157489885659,-0.188303707051194,0.850638579531645,0.998099187706436,FALSE,"genus"
"g__Adlercreutzia",0.804505252199569,0.132170853356814,1.79211006600424,0.0737515266858061,0.941208098024662,0.998099187706436,FALSE,"genus"
"g__Aeromonas",0.00851889114949926,-1.03798794974153,3.88111066649306,-0.267446109873349,0.789125701373001,0.998099187706436,FALSE,"genus"
"g__Agathobaculum",2.11559665619142,-0.226608392880685,0.93330276922566,-0.242802657779208,0.808158276564772,0.998099187706436,FALSE,"genus"
"g__Akkermansia",12.2305559633203,2.93938322045819,1.61895631884713,1.81560378512951,0.0694311725734566,0.662266569162201,FALSE,"genus"
"g__Alistipes",95.4779867971315,1.99599057316328,0.679869694298758,2.93584283856338,0.00332642805516067,0.195714325895599,FALSE,"genus"
"g__Allisonella",0,NA,NA,NA,NA,NA,NA,"genus"
"g__Anaerofustis",0,NA,NA,NA,NA,NA,NA,"genus"
"g__Anaeromassilibacillus",0.209039598362258,-0.231119890968126,2.74523480042799,-0.0841894802339291,0.9329057820515,0.998099187706436,FALSE,"genus"
"g__Anaerostipes",10.0698579296299,-2.61767133711789,0.681519996919576,-3.8409310789846,0.000122568526949793,0.0151984973417743,TRUE,"genus"
"g__Anaerotignum",0.253150530123043,0.410175407615547,2.89220265163505,0.14182111595246,0.887221304537657,0.998099187706436,FALSE,"genus"
"g__Anaerotruncus",0.594073054223699,0.725720367436134,2.10137444920692,0.345355092572877,0.729827433538836,0.998099187706436,FALSE,"genus"
"g__Asaccharobacter",1.44156145615016,0.488206910539819,1.11774263575245,0.436779357719646,0.662271370645576,0.998099187706436,FALSE,"genus"
"g__Azospirillum",0.0971153591042915,-0.653325618148813,3.88153298467734,-0.16831638961407,0.866334380757724,0.998099187706436,FALSE,"genus"
"g__Bacteroides",516.202428346359,0.625665729303663,0.500815132821925,1.24929477625456,0.211557277838406,0.9287712749642,FALSE,"genus"
"g__Barnesiella",14.7665989405526,2.6389372205314,1.76903323599535,1.49173976318574,0.135767380691988,0.785059407636103,FALSE,"genus"
"g__Betabaculovirus",0.00308302727315211,-0.78865272107254,3.88159905197218,-0.203177275785823,0.838996473689451,0.998099187706436,FALSE,"genus"
"g__Bifidobacterium",25.3361639691773,2.69340180860349,1.23492900415219,2.1810175318156,0.02918211977746,0.467957288542014,FALSE,"genus"
"g__Bilophila",0.546398562406873,-0.700038272458385,1.10986555448928,-0.630741507047237,0.528209554759568,0.998099187706436,FALSE,"genus"
"g__Blautia",22.660250457668,5.63540574705778e-08,0.118427953355516,4.7585097836999e-07,0.999999620325851,0.999999620325851,FALSE,"genus"
"g__Butyricimonas",4.22649077688644,1.34942397724388,1.35277125640049,0.997525613335754,0.318509447616562,0.998099187706436,FALSE,"genus"
"g__Butyrivibrio",0.235669464247686,-0.226393768354538,3.88119707371373,-0.0583309128742367,0.953485044514936,0.998099187706436,FALSE,"genus"
"g__C2virus",0.490113312044551,0.332127464786225,2.53285328526214,0.131127794380657,0.89567421425733,0.998099187706436,FALSE,"genus"
"g__C5virus",0,NA,NA,NA,NA,NA,NA,"genus"
"g__Campylobacter",0,NA,NA,NA,NA,NA,NA,"genus"
"g__Candidatus_Gastranaerophilales_unclassified",0.173021616795002,-0.476462306522642,3.8814150035659,-0.122754795888847,0.902301271097923,0.998099187706436,FALSE,"genus"
"g__Candidatus_Stoquefichus",0.120447500035977,-0.190451315439917,3.35443784035319,-0.0567759262517336,0.954723691064961,0.998099187706436,FALSE,"genus"
"g__Catenibacterium",0.017984325760054,-0.766738271663007,3.88159049416437,-0.197531984070893,0.843411254811574,0.998099187706436,FALSE,"genus"
"g__Caudovirales_unclassified",0.0219532804105487,-0.710655865526135,3.8815650899068,-0.183084876606616,0.854731421926165,0.998099187706436,FALSE,"genus"
"g__Cba120virus",0.176573380189621,-0.476462308244016,3.88141500356713,-0.1227547963323,0.902301270746755,0.998099187706436,FALSE,"genus"
"g__Christensenella",0.0216997688841091,-0.710655865607423,3.88156508990684,-0.183084876627557,0.854731421909735,0.998099187706436,FALSE,"genus"
"g__Citrobacter",0,0,0,0,1,NA,NA,"genus"
"g__Cloacibacillus",0.0441433450474052,-1.58823850838206,3.88001362726934,-0.409338384076714,0.682291350518553,0.998099187706436,FALSE,"genus"
"g__Clostridiales_Family_XIII_Incertae_Sedis_unclassified",0.0111626849545163,-0.766738272030271,3.88159049416451,-0.197531984165503,0.843411254737544,0.998099187706436,FALSE,"genus"
"g__Clostridiales_unclassified",0.331700600842041,-0.0879590019563378,3.88102577757695,-0.022663854093557,0.98191840867946,0.998099187706436,FALSE,"genus"
"g__Clostridium",17.9948799393931,0.259739869797647,0.682108316481334,0.380789771245598,0.703359249851729,0.998099187706436,FALSE,"genus"
"g__Collinsella",17.0608176862389,-0.196689256071917,0.718891559866935,-0.27360073069758,0.784391472401737,0.998099187706436,FALSE,"genus"
"g__Coprobacillus",0.0622534353232638,-0.536345210274242,3.88145845874084,-0.138181360428171,0.890097085995016,0.998099187706436,FALSE,"genus"
"g__Coprobacter",1.72061371544187,-3.09890325615084,1.42966156228683,-2.16757821424111,0.0301907928091622,0.467957288542014,FALSE,"genus"
"g__Coprococcus",13.387350071218,1.02638616771808,0.911863129814599,1.12559235499166,0.260338105529477,0.998099187706436,FALSE,"genus"
"g__Cyprinivirus",0.0111626849545163,-0.766738272030271,3.88159049416451,-0.197531984165503,0.843411254737544,0.998099187706436,FALSE,"genus"
"g__Desulfovibrio",2.00284662672227,-5.52314626837799,2.87611884750659,-1.92034702361698,0.0548140803713942,0.662266569162201,FALSE,"genus"
"g__Desulfovibrionaceae_unclassified",0.242071222967241,-1.95110530769493,2.39261432517448,-0.815470043444065,0.41480330515493,0.998099187706436,FALSE,"genus"
"g__Dialister",0.827255628695262,-3.70393487797665,1.66271026287936,-2.22764901418389,0.0259039294539607,0.467957288542014,FALSE,"genus"
"g__Dielma",0.245240805818918,-0.536345446417702,3.88145845891602,-0.138181421260782,0.890097037918799,0.998099187706436,FALSE,"genus"
"g__Dorea",8.98409983213743,-0.013690592499886,0.53637893604645,-0.0255241054035359,0.979636921417142,0.998099187706436,FALSE,"genus"
"g__Eggerthella",1.0747271226467,1.17886449301253,0.885037046245295,1.33199451708127,0.182861990229203,0.839810621793377,FALSE,"genus"
"g__Eisenbergiella",0.838997445787917,0.819741952944988,2.05121506832682,0.399637251891705,0.689423714751608,0.998099187706436,FALSE,"genus"
"g__Enorma",0.0170377822989985,-0.766738271705417,3.88159049416438,-0.197531984081819,0.843411254803025,0.998099187706436,FALSE,"genus"
"g__Enterobacter",2.38225446833399,-4.52972985487395,2.88270367212719,-1.57134772424645,0.116101901470885,0.785059407636103,FALSE,"genus"
"g__Enterococcus",0.456601819515229,1.08395938014957,2.94405626715821,0.368185687291866,0.712734781800428,0.998099187706436,FALSE,"genus"
"g__Enterorhabdus",0,NA,NA,NA,NA,NA,NA,"genus"
"g__Epsilon15virus",0.0369963272778253,-0.595210489264677,3.88149730099462,-0.153345588856176,0.878125751072942,0.998099187706436,FALSE,"genus"
"g__Erysipelatoclostridium",0.244586031399587,0.240499145335111,1.4745479488071,0.163100254237018,0.870439499625511,0.998099187706436,FALSE,"genus"
"g__Escherichia",1.99658921215393,-1.94954787655235,1.36509510986566,-1.42814069324752,0.153251366774828,0.785059407636103,FALSE,"genus"
"g__Eubacterium",40.7889756549764,-1.43234084891453,0.641225662356186,-2.23375471850485,0.0254992164584244,0.467957288542014,FALSE,"genus"
"g__Faecalibacterium",135.964045924217,-1.28470914967992,0.871307216103445,-1.47446173512168,0.140357313074622,0.785059407636103,FALSE,"genus"
"g__Faecalicatena",0.028903380685801,-0.550777099320124,3.88146857845894,-0.14189915187689,0.887159664243131,0.998099187706436,FALSE,"genus"
"g__Faecalicoccus",0,NA,NA,NA,NA,NA,NA,"genus"
"g__Faecalitalea",0.104566977853174,-0.0875580584513765,3.88102528833756,-0.0225605482949281,0.982000813711171,0.998099187706436,FALSE,"genus"
"g__Felixo1virus",0.115890406455578,-0.0187932074809979,3.88093739969371,-0.00484244025231663,0.996136306786176,0.999999620325851,FALSE,"genus"
"g__Firmicutes_unclassified",24.0865301473472,2.34137891333057,0.863748843385704,2.71071727766706,0.00671378450074307,0.208127319523035,FALSE,"genus"
"g__Flavonifractor",4.50365002952839,-0.906038473388451,0.875787477151094,-1.03454148069776,0.300883095269178,0.998099187706436,FALSE,"genus"
"g__Fusicatenibacter",17.0900806607494,0.600170164454382,0.692973423269754,0.866079627733073,0.38644649627578,0.998099187706436,FALSE,"genus"
"g__Fusobacterium",0.00874913145083707,-0.766738272210753,3.88159049416458,-0.197531984211996,0.843411254701165,0.998099187706436,FALSE,"genus"
"g__Gemmiger",1.08880727103811,-0.898225753416051,1.31838499089259,-0.681307629881256,0.49567685645305,0.998099187706436,FALSE,"genus"
"g__Gordonibacter",0.511956284722466,-0.16652396061073,1.97519343042471,-0.0843076723756234,0.932811812448738,0.998099187706436,FALSE,"genus"
"g__Haemophilus",0.0695283393598626,-1.03699362224289,3.48793177155366,-0.297309033020728,0.766230585925195,0.998099187706436,FALSE,"genus"
"g__Hafnia",0.0147144483491351,-0.766738271819491,3.88159049416443,-0.197531984111205,0.843411254780031,0.998099187706436,FALSE,"genus"
"g__Harryflintia",0.0255126481712394,-0.653325617997587,3.88153298467725,-0.168316389575113,0.86633438078837,0.998099187706436,FALSE,"genus"
"g__Hk97virus",0.0747041223879165,-0.653325618321134,3.88153298467744,-0.16831638965846,0.866334380722804,0.998099187706436,FALSE,"genus"
"g__Holdemanella",0.0772737296045216,-0.915044535090463,3.88093877051269,-0.235779173338924,0.813604029856653,0.998099187706436,FALSE,"genus"
"g__Holdemania",0.472305436006587,-2.27373464479696,1.87274625800759,-1.2141178416856,0.224702727813919,0.9287712749642,FALSE,"genus"
"g__Hungatella",0.2594553572744,-0.48220258780172,2.73452419815183,-0.176338753238177,0.860027818344537,0.998099187706436,FALSE,"genus"
"g__Intestinibacter",1.44294472183112,0.289930566012826,1.42653661542884,0.203240886267519,0.83894675703656,0.998099187706436,FALSE,"genus"
"g__Intestinimonas",0.999341559405539,1.20499466029332,1.97797226091466,0.609207057199128,0.542387203158757,0.998099187706436,FALSE,"genus"
"g__Jerseyvirus",1.39537209867713,-5.53000520696353,3.8435840047483,-1.43876267570368,0.150217774730848,0.785059407636103,FALSE,"genus"
"g__Klebsiella",2.48259863013036,3.3057806528118,2.43012269393625,1.36033487570834,0.173723976746282,0.828529735251497,FALSE,"genus"
"g__Kp36virus",0.026976488640081,-0.653325618979288,3.88153298467781,-0.168316389828004,0.86633438058943,0.998099187706436,FALSE,"genus"
"g__Lachnoclostridium",2.98543227188862,1.98207171286539,1.30748829377896,1.51593840059303,0.129534929158877,0.785059407636103,FALSE,"genus"
"g__Lachnospira",6.12799235303443,-1.49617669281154,1.3043317327636,-1.14708295077776,0.251347339486597,0.998099187706436,FALSE,"genus"
"g__Lachnospiraceae_unclassified",38.6122498517397,-1.69181440803749,0.922285404947863,-1.83437187551844,0.0665988114890339,0.662266569162201,FALSE,"genus"
"g__Lactobacillus",1.56991796571488,-3.4855806147406,1.88368149836458,-1.85040869051737,0.06425466739387,0.662266569162201,FALSE,"genus"
"g__Lactococcus",0.0199943386391188,-0.726330566306386,3.88157266764926,-0.187122753712676,0.851564388363391,0.998099187706436,FALSE,"genus"
"g__Lactonifactor",0,NA,NA,NA,NA,NA,NA,"genus"
"g__Lawsonibacter",3.40990645032065,1.59525849925071,1.11944645273281,1.42504225669423,0.154144986542419,0.785059407636103,FALSE,"genus"
"g__Lymphocryptovirus",0,NA,NA,NA,NA,NA,NA,"genus"
"g__Macavirus",0,NA,NA,NA,NA,NA,NA,"genus"
"g__Massiliomicrobiota",0,NA,NA,NA,NA,NA,NA,"genus"
"g__Megamonas",0,0,0,0,1,NA,NA,"genus"
"g__Megasphaera",1.21852269408259,-0.0619780385868352,2.30386888656619,-0.0269017212516857,0.978538120655145,0.998099187706436,FALSE,"genus"
"g__Methanobrevibacter",1.60779725273257,-0.621575980752393,1.47340526671812,-0.421863552949622,0.673124614451039,0.998099187706436,FALSE,"genus"
"g__Methanomassiliicoccus",0.135933475225343,-2.53910823876831,3.86826420856824,-0.656394729487237,0.511570180709643,0.998099187706436,FALSE,"genus"
"g__Methanosphaera",0.0448440330640307,-1.59425044918155,3.87998970348618,-0.410890381422691,0.68115291567808,0.998099187706436,FALSE,"genus"
"g__Monoglobus",3.76861424824165,2.14403355221719,1.26425267757973,1.69589006235818,0.0899067020015965,0.785059407636103,FALSE,"genus"
"g__Myoviridae_unclassified",0.490467536497724,0.0533195759364525,1.66527372206109,0.0320185055646343,0.974457293156584,0.998099187706436,FALSE,"genus"
"g__N15virus",0.0122157684407914,-0.710655713862443,3.88156508982973,-0.183084837537432,0.854731452580762,0.998099187706436,FALSE,"genus"
"g__Nona33virus",0,NA,NA,NA,NA,NA,NA,"genus"
"g__Odoribacter",14.7321375628688,-0.36801359943944,0.884270838898802,-0.416177468769335,0.67728014562746,0.998099187706436,FALSE,"genus"
"g__Olsenella",0.485576795521458,-0.653325616627206,3.88153298467648,-0.168316389222095,0.866334381066076,0.998099187706436,FALSE,"genus"
"g__Oscillibacter",14.5714267213729,-1.77824974039483,1.13728895594947,-1.56358657234146,0.117914690280101,0.785059407636103,FALSE,"genus"
"g__Oxalobacter",0.0526041528481579,-0.710655860610541,3.88156508990443,-0.183084875340333,0.85473142291972,0.998099187706436,FALSE,"genus"
"g__P1virus",0.250881344352753,-1.50226328985289,3.47957021460362,-0.431738173739951,0.665931719365126,0.998099187706436,FALSE,"genus"
"g__P22virus",0,NA,NA,NA,NA,NA,NA,"genus"
"g__P2virus",0.128256638973017,-0.354765227243959,3.88132171861065,-0.0914032004981412,0.92717221876719,0.998099187706436,FALSE,"genus"
"g__Paeniclostridium",0.129487145472389,-1.61329637074882,3.87990799951218,-0.415807893112843,0.677550582625122,0.998099187706436,FALSE,"genus"
"g__Parabacteroides",63.9489491127596,-0.994324801340565,0.615355804922976,-1.61585345158973,0.10612600172839,0.785059407636103,FALSE,"genus"
"g__Paraprevotella",1.54543069228922,-2.3628125145311,1.67470072539768,-1.41088642209193,0.158278106378247,0.785059407636103,FALSE,"genus"
"g__Parasutterella",5.86762978128475,4.07856482097405,1.4439807745619,2.82452847906612,0.00473502401360321,0.195714325895599,FALSE,"genus"
"g__Pediococcus",0.0315771301135832,-0.59521048664566,3.8814973009929,-0.1533455881815,0.878125751604964,0.998099187706436,FALSE,"genus"
"g__Peptostreptococcaceae_unclassified",0,NA,NA,NA,NA,NA,NA,"genus"
"g__Phascolarctobacterium",4.38277401470064,-0.394895427806008,0.715599593424756,-0.551838530142389,0.58105898641157,0.998099187706436,FALSE,"genus"
"g__Podoviridae_unclassified",0.0301132896447416,-0.595210489567449,3.88149730099482,-0.153345588934172,0.878125751011438,0.998099187706436,FALSE,"genus"
"g__Prevotella",107.696850870558,-3.75656499469134,2.04144244174808,-1.84015229519506,0.0657458814411959,0.662266569162201,FALSE,"genus"
"g__Propionibacterium",0.207625940154002,-0.157795032930822,3.8811130459364,-0.0406571597021727,0.967569214939922,0.998099187706436,FALSE,"genus"
"g__Proteobacteria_unclassified",5.16813176976616,-0.719024355456571,1.5704008860054,-0.457860385755092,0.647052748905653,0.998099187706436,FALSE,"genus"
"g__Pseudoflavonifractor",0.0772236441403434,-0.490470266478411,3.43342036793338,-0.142851796144505,0.886407229118267,0.998099187706436,FALSE,"genus"
"g__Pyramidobacter",0,NA,NA,NA,NA,NA,NA,"genus"
"g__Rb49virus",0.190633853056572,-2.91724588326042,3.86334050671583,-0.75510969799044,0.450183164718363,0.998099187706436,FALSE,"genus"
"g__Retroviridae_unclassified",0.166087305504278,-1.00391857707153,2.55842226609644,-0.392397529671003,0.694764511028683,0.998099187706436,FALSE,"genus"
"g__Romboutsia",0,NA,NA,NA,NA,NA,NA,"genus"
"g__Roseburia",40.7883120739089,0.803236914430721,0.725858540006653,1.10660255429847,0.26846580246613,0.998099187706436,FALSE,"genus"
"g__Rothia",0,NA,NA,NA,NA,NA,NA,"genus"
"g__Ruminococcaceae_unclassified",30.0769225717586,-0.743497756703222,1.07754166022346,-0.689994442116545,0.490197682504329,0.998099187706436,FALSE,"genus"
"g__Ruminococcus",61.1837940291446,0.557824581350578,1.14429397398763,0.487483630982234,0.625915640165781,0.998099187706436,FALSE,"genus"
"g__Ruthenibacterium",6.12663620456871,0.813528248513525,0.812331290983739,1.00147348445526,0.316597953016607,0.998099187706436,FALSE,"genus"
"g__Sanguibacteroides",0.0455447210806562,-1.60217020351291,3.8799583334294,-0.412934899251043,0.679654310982821,0.998099187706436,FALSE,"genus"
"g__Sellimonas",0.907707623538392,0.808600722136122,2.05445603741056,0.393583852568237,0.693888304737014,0.998099187706436,FALSE,"genus"
"g__Senegalimassilia",0,NA,NA,NA,NA,NA,NA,"genus"
"g__Sfi11virus",0.107905954560324,-0.766738270195614,3.8815904941638,-0.197531983692883,0.843411255107355,0.998099187706436,FALSE,"genus"
"g__Sfi21dt1virus",0.482397656076694,-0.115458361741544,2.06749879066375,-0.0558444639788532,0.955465713055841,0.998099187706436,FALSE,"genus"
"g__Siphoviridae_unclassified",4.6251341932031,0.93814188801833,0.897556371746351,1.04521779082579,0.295922322715175,0.998099187706436,FALSE,"genus"
"g__Sk1virus",0.0750436865805889,-0.653325616208886,3.88153298467623,-0.168316389114334,0.866334381150847,0.998099187706436,FALSE,"genus"
"g__Slackia",0.598901313688987,0.833410239505542,2.07459295089325,0.401722294075424,0.687888415303673,0.998099187706436,FALSE,"genus"
"g__Streptococcus",8.18993432029558,1.32466256611479,0.903013352375734,1.46693574644244,0.142393535190175,0.785059407636103,FALSE,"genus"
"g__Subdoligranulum",1.80010381863204,2.57567934742553,2.11086820576499,1.22019903487631,0.222389432658023,0.9287712749642,FALSE,"genus"
"g__Sutterella",1.02018501708093,2.07549187535887,3.08712077202778,0.672306666511001,0.501388486600046,0.998099187706436,FALSE,"genus"
"g__T5virus",0,NA,NA,NA,NA,NA,NA,"genus"
"g__Turicibacter",0.063173860679437,-0.96049732233565,3.88096506503291,-0.247489298728719,0.804529572337982,0.998099187706436,FALSE,"genus"
"g__Turicimonas",0.33527257159964,0.754419119621602,2.21103837685666,0.341205800640208,0.73294865676006,0.998099187706436,FALSE,"genus"
"g__Tyzzerella",0.312626866782942,0.427888541050533,2.54945502855073,0.167835296664861,0.866712853625401,0.998099187706436,FALSE,"genus"
"g__Veillonella",0.304373757524313,-1.10855100633123,2.52358561425641,-0.439276163276859,0.660461443821697,0.998099187706436,FALSE,"genus"
"g__Victivallales_unclassified",0,NA,NA,NA,NA,NA,NA,"genus"
"g__Weissella",0.101161832400304,-0.536345210044066,3.88145845874067,-0.138181360368876,0.890097086041878,0.998099187706436,FALSE,"genus"
"s__Absiella_dolichum",1.02860026358444,-0.00260746178679366,0.457687201400685,-0.00569703889209465,0.99545444521433,NA,NA,"species"
"s__Acidaminococcus_intestini",5.56053807818055,2.04967509087388,0.706582135236146,2.90083061637111,0.00372174996028914,0.0318602448152247,TRUE,"species"
"s__Actinomyces_graevenitzii",1.02860026358444,-0.00260746178679366,0.457687201400685,-0.00569703889209465,0.99545444521433,NA,NA,"species"
"s__Actinomyces_naeslundii",1.02860026358444,-0.00260746178679366,0.457687201400685,-0.00569703889209465,0.99545444521433,NA,NA,"species"
"s__Actinomyces_odontolyticus",1.02860026358444,-0.00260746178679366,0.457687201400685,-0.00569703889209465,0.99545444521433,NA,NA,"species"
"s__Actinomyces_oris",1.02860026358444,-0.00260746178679366,0.457687201400685,-0.00569703889209465,0.99545444521433,NA,NA,"species"
"s__Actinomyces_sp_HMSC035G02",1.04344215468321,0.0220548003547209,0.457053803840588,0.0482542759066791,0.961513594613661,NA,NA,"species"
"s__Actinomyces_sp_ICM47",1.04325636314074,0.0220545420303763,0.457053382260259,0.0482537552206928,0.961514009577578,NA,NA,"species"
"s__Actinomyces_sp_oral_taxon_181",1.02860026358444,-0.00260746178679366,0.457687201400685,-0.00569703889209465,0.99545444521433,NA,NA,"species"
"s__Actinomyces_viscosus",1.02860026358444,-0.00260746178679366,0.457687201400685,-0.00569703889209465,0.99545444521433,NA,NA,"species"
"s__Adlercreutzia_equolifaciens",1.33770422641541,0.443208604998015,0.450655612304809,0.983475170166621,0.325373629886546,0.489302328913355,FALSE,"species"
"s__Adoxophyes_orana_granulovirus",1.04331671989683,0.0220546265362913,0.457053519104903,0.0482539256660429,0.961513873740101,NA,NA,"species"
"s__Aeromonas_caviae",1.02860026358444,-0.00260746178679366,0.457687201400685,-0.00569703889209465,0.99545444521433,NA,NA,"species"
"s__Aeromonas_dhakensis",1.04331671989683,-0.118084641226925,0.442904127718464,-0.266614451834566,0.789766027346577,NA,NA,"species"
"s__Agathobaculum_butyriciproducens",2.36545696998114,0.100764112058193,0.406932226386926,0.247618904388228,0.804429282579378,0.855344628019216,FALSE,"species"
"s__Akkermansia_muciniphila",7.24693568554878,1.67345257568667,0.651087597983173,2.57024182440336,0.0101627545859373,0.064582666239666,FALSE,"species"
"s__Alcelaphine_gammaherpesvirus_1",1.02860026358444,-0.00260746178679366,0.457687201400685,-0.00569703889209465,0.99545444521433,NA,NA,"species"
"s__Alistipes_finegoldii",20.0968105491453,1.15745561093047,0.608051648077986,1.90354818474569,0.0569690525647618,0.192584193852716,FALSE,"species"
"s__Alistipes_indistinctus",1.26318810477426,0.348858445604072,0.450986192157701,0.773545735258526,0.439199472733876,0.593229834196575,FALSE,"species"
"s__Alistipes_inops",1.2338460141288,0.309290298150208,0.46686505530085,0.662483290703562,0.507661539993011,0.623396755997853,FALSE,"species"
"s__Alistipes_obesi",1.49510565868164,0.150424936210858,0.408647025326079,0.368104811458807,0.712795083376354,0.803221112673768,FALSE,"species"
"s__Alistipes_onderdonkii",1.46999574435384,0.599160772144101,0.536331543517839,1.11714624915432,0.263931798456699,0.464237181214015,FALSE,"species"
"s__Alistipes_putredinis",46.200247764513,1.99824881221707,0.638198077252646,3.13107933640172,0.00174165102984539,0.017848292780879,TRUE,"species"
"s__Alistipes_shahii",2.70278136511372,-0.185504292913117,0.463573440951203,-0.400161606610772,0.689037490848541,0.78497492705371,FALSE,"species"
"s__Allisonella_histaminiformans",1.02860026358444,-0.00260746178679366,0.457687201400685,-0.00569703889209465,0.99545444521433,NA,NA,"species"
"s__Anaerofustis_stercorihominis",1.02860026358444,-0.00260746178679366,0.457687201400685,-0.00569703889209465,0.99545444521433,NA,NA,"species"
"s__Anaeromassilibacillus_sp_An172",1.07261700136697,0.0701487683699456,0.455866398069223,0.153880103177277,0.87770427259898,NA,NA,"species"
"s__Anaeromassilibacillus_sp_An250",1.13132689697691,0.161778954956151,0.453815603402906,0.35648610083713,0.721476559246978,NA,NA,"species"
"s__Anaerostipes_caccae",1.17629888227729,0.226879485869905,0.452602743734499,0.501277309982448,0.616175971723539,NA,NA,"species"
"s__Anaerostipes_hadrus",7.5361602958444,-0.545343471392145,0.472383612694266,-1.15445044395539,0.248315544361973,0.456670746130446,FALSE,"species"
"s__Anaerotignum_lactatifermentans",1.64649304158198,0.783688298167188,0.543643310994797,1.44154868149327,0.149429734582804,0.363427872997685,FALSE,"species"
"s__Anaerotruncus_colihominis",1.6758909335989,0.682675148705431,0.51313278862204,1.33040640520883,0.183384405329194,0.40140808722057,FALSE,"species"
"s__Asaccharobacter_celatus",1.71947866588696,0.603690038875252,0.442704677698349,1.36364052445498,0.172680731237372,0.391012690273129,FALSE,"species"
"s__Azospirillum_sp_47_25",1.04325636314074,-0.118084232232435,0.442904035393554,-0.266613583973124,0.789766695621201,NA,NA,"species"
"s__Azospirillum_sp_CAG_260",1.11619318177046,-0.251777734614467,0.416275887215375,-0.604833818981691,0.545289420320815,NA,NA,"species"
"s__Bacteroides_caccae",15.0409674641929,1.94989810207357,0.634195408284706,3.07460141874476,0.00210784041886446,0.0197735505960142,TRUE,"species"
"s__Bacteroides_cellulosilyticus",5.12923709776682,2.20176006127703,0.705821140036583,3.1194305984699,0.00181200941937858,0.017848292780879,TRUE,"species"
"s__Bacteroides_clarus",1.27911968009814,-1.1236520732472,0.33745522852086,-3.32978119252267,0.000869142550986644,0.0100718283849629,TRUE,"species"
"s__Bacteroides_coprocola",5.98328266849418,-1.04133887991217,0.660889809766261,-1.57566187967168,0.115103747079201,0.306424840197333,FALSE,"species"
"s__Bacteroides_coprophilus",2.77696348730728,1.60714925305871,0.641534080188143,2.50516582468601,0.0122393995659889,0.0730655064999944,FALSE,"species"
"s__Bacteroides_dorei",26.1810244989318,4.81318170523993,0.862563994041501,5.58008650777087,2.40398991258046e-08,9.47172025556699e-07,TRUE,"species"
"s__Bacteroides_eggerthii",23.9622828283943,0.557445313562645,0.770083758519437,0.723876211380421,0.46914173564597,0.601481386738714,FALSE,"species"
"s__Bacteroides_faecis",3.23498255461185,0.444081604462394,0.584837560490062,0.759324698793759,0.447658346238921,0.595869555466672,FALSE,"species"
"s__Bacteroides_faecis_CAG_32",1.74808289500239,0.751663155860141,0.542981705522937,1.38432501171697,0.166258958786485,0.386154632443827,FALSE,"species"
"s__Bacteroides_finegoldii",9.60038345170027,0.784775238783936,0.627068008123274,1.25149940455846,0.210752330768461,0.432481345431114,FALSE,"species"
"s__Bacteroides_fluxus",1.94660171206352,1.05464050297753,0.584420822367471,1.80459090883383,0.0711387217442779,0.215605048978812,FALSE,"species"
"s__Bacteroides_fragilis",5.3812614421714,1.69437179128749,0.670017597446952,2.52884670155494,0.0114437998742962,0.0704508929761358,FALSE,"species"
"s__Bacteroides_intestinalis",5.06298556439572,2.51740042954226,0.706059559036199,3.56542220457806,0.000363270909388436,0.00477095794330146,TRUE,"species"
"s__Bacteroides_massiliensis",3.06620010614539,-2.09723353959851,0.449946921457223,-4.66106876074693,3.14571599087567e-06,7.74632562753133e-05,TRUE,"species"
"s__Bacteroides_nordii",1.02860026358444,-0.00260746178679366,0.457687201400685,-0.00569703889209465,0.99545444521433,NA,NA,"species"
"s__Bacteroides_ovatus",16.4703481365291,0.222716410619979,0.667266436911314,0.333774334058975,0.738549852283304,0.810073177354112,FALSE,"species"
"s__Bacteroides_pectinophilus",1.20434811769266,0.268690000099774,0.45194949556038,0.594513331111523,0.552168828585174,NA,NA,"species"
"s__Bacteroides_phage_B124_14",1.02860026358444,-0.00260746178679366,0.457687201400685,-0.00569703889209465,0.99545444521433,NA,NA,"species"
"s__Bacteroides_phage_B40_8",1.02860026358444,-0.00260746178679366,0.457687201400685,-0.00569703889209465,0.99545444521433,NA,NA,"species"
"s__Bacteroides_plebeius",29.0560417472553,-0.0699676258179493,0.82058333432446,-0.0852657163401322,0.932050146641348,0.9563222858768,FALSE,"species"
"s__Bacteroides_salyersiae",2.53991275603305,1.46959057398478,0.604448992556043,2.43128964078556,0.0150451819848108,0.0759974577181467,FALSE,"species"
"s__Bacteroides_sartorii",1.3082129335199,0.406377088444802,0.508745733597146,0.798782302450903,0.424416654132278,0.580625561555964,FALSE,"species"
"s__Bacteroides_sp_CAG_144",1.07231461827392,0.0701481640547522,0.45586545250659,0.153879096713823,0.877705066189108,NA,NA,"species"
"s__Bacteroides_sp_CAG_443",1.02860026358444,-0.00260746178679366,0.457687201400685,-0.00569703889209465,0.99545444521433,NA,NA,"species"
"s__Bacteroides_sp_CAG_770",1.02860026358444,-0.00260746178679366,0.457687201400685,-0.00569703889209465,0.99545444521433,NA,NA,"species"
"s__Bacteroides_stercoris",30.9127895778478,-0.518833543274415,0.773950458772042,-0.670370483528883,0.502621645785889,0.623396755997853,FALSE,"species"
"s__Bacteroides_thetaiotaomicron",15.9050170820056,2.32143490536311,0.634121336492718,3.66086862524261,0.000251361628030559,0.0038090954401554,TRUE,"species"
"s__Bacteroides_uniformis",84.8562451943287,0.810218440177226,0.501118785375012,1.61681913315403,0.105917328121595,0.289801578332697,FALSE,"species"
"s__Bacteroides_vulgatus",91.500841167829,0.153282645713318,0.506609884070339,0.302565446378136,0.762221050627447,0.819131722539011,FALSE,"species"
"s__Bacteroides_xylanisolvens",6.63581341335846,2.15661052651991,0.658354226256774,3.2757601311103,0.00105378019494083,0.0115330388001858,TRUE,"species"
"s__Barnesiella_intestinihominis",9.17687140094875,0.7370126508883,0.677651413296975,1.08759848563218,0.276772399583604,0.470035885499741,FALSE,"species"
"s__Bifidobacterium_adolescentis",7.97738785120556,1.62891132358554,0.699044989686969,2.33019526299011,0.0197958332365456,0.0931333965232613,FALSE,"species"
"s__Bifidobacterium_animalis",1.46994894820699,0.599162376992234,0.547512327922436,1.09433586503118,0.273807701043725,0.469044496570556,FALSE,"species"
"s__Bifidobacterium_bifidum",2.05843492799993,1.14005032589379,0.544250826800914,2.09471491774292,0.0361963423232243,0.140688112803458,FALSE,"species"
"s__Bifidobacterium_catenulatum",1.13158363365947,0.161779952755714,0.453817676242441,0.356486671244791,0.721476132146765,NA,NA,"species"
"s__Bifidobacterium_dentium",1.20437839793112,0.268690377872818,0.451910681591242,0.594565228966753,0.552134128309418,NA,NA,"species"
"s__Bifidobacterium_kashiwanohense",1.02860026358444,-0.00260746178679366,0.457687201400685,-0.00569703889209465,0.99545444521433,NA,NA,"species"
"s__Bifidobacterium_longum",3.74620393070156,1.44454373433208,0.615621498670799,2.34648032508777,0.0189516667555027,0.0931333965232613,FALSE,"species"
"s__Bifidobacterium_pseudocatenulatum",1.83709528815053,0.0341414279036617,0.483222272887054,0.070653671859289,0.943673393139605,0.963231390924882,FALSE,"species"
"s__Bifidobacterium_pullorum",1.04331671989683,0.0220546265362913,0.457053519104903,0.0482539256660429,0.961513873740101,NA,NA,"species"
"s__Bilophila_wadsworthia",1.42505043622831,0.0642429486821214,0.401749365030676,0.159908027924863,0.872953524531192,0.913702211179007,FALSE,"species"
"s__Blautia_coccoides",1.02860026358444,-0.00260746178679366,0.457687201400685,-0.00569703889209465,0.99545444521433,NA,NA,"species"
"s__Blautia_hansenii",1.24904289663377,0.329237395417084,0.451164403749554,0.729750380750001,0.465542779472605,0.601481386738714,FALSE,"species"
"s__Blautia_hydrogenotrophica",1.84144578238132,0.96169687960823,0.544593457933171,1.76589870039578,0.077412845285331,0.23106561395773,FALSE,"species"
"s__Blautia_obeum",9.79085791230092,0.724616636823781,0.513981327475039,1.40981120925832,0.158595435892072,0.37642531169564,FALSE,"species"
"s__Blautia_producta",1.17659372907934,0.226881322515264,0.452600713271209,0.501283616800911,0.616171533745218,NA,NA,"species"
"s__Blautia_sp",1.08688606983708,0.0936067244059791,0.455311428006489,0.205588348212171,0.837112479886126,NA,NA,"species"
"s__Blautia_sp_CAG_257",5.8164360850204,2.72377900458915,0.683520588883399,3.98492605619785,6.75011420865068e-05,0.00120888409009471,TRUE,"species"
"s__Blautia_sp_CAG_52",2.69849243823995,0.928695038782339,0.554153703492772,1.67587987399321,0.0937617246430788,0.267696518183863,FALSE,"species"
"s__Blautia_sp_N6H1_15",1.44265706157488,0.566902545978329,0.536829780696235,1.05601918217557,0.290959451216725,0.481672368820966,FALSE,"species"
"s__Blautia_wexlerae",7.48528880098635,0.685148841744679,0.581375124532624,1.17849700276647,0.238598526528807,0.454854221843843,FALSE,"species"
"s__Butyribacterium_methylotrophicum",1.02860026358444,-0.00260746178679366,0.457687201400685,-0.00569703889209465,0.99545444521433,NA,NA,"species"
"s__Butyricimonas_sp",1.04321823962632,0.022054488358275,0.457053295879398,0.048253646909691,0.961514095896702,NA,NA,"species"
"s__Butyricimonas_synergistica",1.20458218812503,-0.116430463031702,0.413355446818821,-0.28167153457817,0.778195383180959,NA,NA,"species"
"s__Butyricimonas_virosa",2.24843014801634,0.457767851098027,0.478101709495496,0.957469596963112,0.33833028484823,0.498122267746927,FALSE,"species"
"s__Butyrivibrio_crossotus",0.999167350959652,0.260426828194803,0.494087359231465,0.527086603874844,0.598133449034694,NA,NA,"species"
"s__Butyrivibrio_sp_CAG_318",1.17558799399483,0.226874961325797,0.452587701818382,0.501283973060405,0.616171283053164,NA,NA,"species"
"s__Callitrichine_gammaherpesvirus_3",1.02860026358444,-0.00260746178679366,0.457687201400685,-0.00569703889209465,0.99545444521433,NA,NA,"species"
"s__Campylobacter_concisus",1.02860026358444,-0.00260746178679366,0.457687201400685,-0.00569703889209465,0.99545444521433,NA,NA,"species"
"s__Candidatus_Gastranaerophilales_bacterium",1.02860026358444,-0.00260746178679366,0.457687201400685,-0.00569703889209465,0.99545444521433,NA,NA,"species"
"s__Candidatus_Gastranaerophilales_bacterium_HUM_10",1.11619318177046,-0.251777734614467,0.416275887215375,-0.604833818981691,0.545289420320815,NA,NA,"species"
"s__Candidatus_Gastranaerophilales_bacterium_HUM_11",1.11630774148773,-0.368732410403253,0.406426706917323,-0.907254380992886,0.364272292160048,NA,NA,"species"
"s__Candidatus_Gastranaerophilales_bacterium_HUM_21",1.0431717151476,0.0220544225462151,0.457053190521436,0.0482535140407926,0.961514201787395,NA,NA,"species"
"s__Candidatus_Gastranaerophilales_bacterium_HUM_4",1.08722466180966,-0.417642100848682,0.407754264825641,-1.02424949749396,0.305717445042602,NA,NA,"species"
"s__Candidatus_Methanomassiliicoccus_intestinalis",1.16104837039597,-0.809962338920709,0.36832993763987,-2.19901304822157,0.0278769945163775,NA,NA,"species"
"s__Candidatus_Stoquefichus_sp_KLE1796",1.45674014342252,0.583235542079154,0.526522547984767,1.10771237492383,0.267986053242936,0.467196924680162,FALSE,"species"
"s__Catenibacterium_mitsuokai",1.2490399514633,0.329237592947653,0.451453821000547,0.729282991155045,0.46582857439695,0.601481386738714,FALSE,"species"
"s__Christensenella_minuta",1.05803317620922,0.0463022219631545,0.456446690509373,0.10144059082011,0.919200715825337,NA,NA,"species"
"s__Citrobacter_braakii",1.16033349206799,0.205498148726596,0.452976175483542,0.453662156750808,0.650072008603125,NA,NA,"species"
"s__Citrobacter_freundii",1.02860026358444,-0.00260746178679366,0.457687201400685,-0.00569703889209465,0.99545444521433,NA,NA,"species"
"s__Citrobacter_portucalensis",1.08714836513269,0.093607345605962,0.455312714697391,0.205589131566807,0.837111867929874,NA,NA,"species"
"s__Citrobacter_youngae",1.11642241590681,0.139410486034202,0.454288617518012,0.306876467202427,0.758937401836408,NA,NA,"species"
"s__Cloacibacillus_evryensis",1.07274963252162,-0.32453546919193,0.418198496513826,-0.776032128038031,0.437730016273916,NA,NA,"species"
"s__Clostridiales_bacterium_1_7_47FAA",1.02860026358444,-0.00260746178679366,0.457687201400685,-0.00569703889209465,0.99545444521433,NA,NA,"species"
"s__Clostridiales_bacterium_KLE1615",1.02860026358444,-0.00260746178679366,0.457687201400685,-0.00569703889209465,0.99545444521433,NA,NA,"species"
"s__Clostridiales_Family_XIII_bacterium",1.0431717151476,0.0220544225462151,0.457053190521436,0.0482535140407926,0.961514201787395,NA,NA,"species"
"s__Clostridium_aldenense",1.02860026358444,-0.00260746178679366,0.457687201400685,-0.00569703889209465,0.99545444521433,NA,NA,"species"
"s__Clostridium_asparagiforme",1.82214212608799,0.946906590521252,0.550171967176836,1.72111021101316,0.0852308267333677,0.250604072633932,FALSE,"species"
"s__Clostridium_bolteae",1.4108257518584,0.27459493173146,0.423471223995913,0.648438231859908,0.51670154930691,0.623396755997853,FALSE,"species"
"s__Clostridium_bolteae_CAG_59",1.14624349772681,0.183806231050809,0.453375288220463,0.405417401050383,0.685170722285253,NA,NA,"species"
"s__Clostridium_citroniae",1.11673621192078,0.139411525951587,0.454286977869165,0.306879863925435,0.75893481630079,NA,NA,"species"
"s__Clostridium_clostridioforme",2.17732410338608,1.10233199666783,0.577404529862654,1.90911560207199,0.0562471804801489,0.192584193852716,FALSE,"species"
"s__Clostridium_disporicum",1.92393917671847,1.03397620526032,0.513800837812585,2.01240661588308,0.0441770916639348,0.161164575144355,FALSE,"species"
"s__Clostridium_hiranonis",1.02860026358444,-0.00260746178679366,0.457687201400685,-0.00569703889209465,0.99545444521433,NA,NA,"species"
"s__Clostridium_hylemonae",1.04331671989683,0.0220546265362913,0.457053519104903,0.048253925666043,0.961513873740101,NA,NA,"species"
"s__Clostridium_innocuum",1.07274963252162,0.070149032032013,0.455866579089809,0.153880620448364,0.877703864734016,NA,NA,"species"
"s__Clostridium_lavalense",1.13151302498926,0.0239352135079348,0.439440749424722,0.0544674419458567,0.956562747631702,NA,NA,"species"
"s__Clostridium_leptum",1.66041804359103,0.324298009249127,0.423511543089919,0.765735939292386,0.443833438048339,0.594797192486549,FALSE,"species"
"s__Clostridium_methylpentosum",1.02860026358444,-0.00260746178679366,0.457687201400685,-0.00569703889209465,0.99545444521433,NA,NA,"species"
"s__Clostridium_paraputrificum",1.04325636314074,0.0220545420303763,0.457053382260259,0.0482537552206929,0.961514009577578,NA,NA,"species"
"s__Clostridium_perfringens",1.39634403690188,-1.36577051469237,0.322373481463281,-4.23660937771004,2.26920405044487e-05,0.000496703553264043,TRUE,"species"
"s__Clostridium_phage_phi24R",1.07238277071089,0.0701483061654631,0.455865976421044,0.153879231602652,0.877704959830103,NA,NA,"species"
"s__Clostridium_phage_phiCP39_O",1.02860026358444,-0.00260746178679366,0.457687201400685,-0.00569703889209465,0.99545444521433,NA,NA,"species"
"s__Clostridium_phage_PhiS63",1.05803317620922,-0.0934225457894158,0.442254965937288,-0.211241372024895,0.83269892885996,NA,NA,"species"
"s__Clostridium_phage_vB_CpeS_CP51",1.11683864470271,0.139411865191795,0.454289630131516,0.306878819028811,0.758935611660452,NA,NA,"species"
"s__Clostridium_saccharolyticum",1.1903325099079,0.247937071674819,0.452232801035069,0.548250969649574,0.583519588577624,NA,NA,"species"
"s__Clostridium_scindens",1.0581586109956,0.0463024295444012,0.456447025559139,0.101440971135,0.91920041393522,NA,NA,"species"
"s__Clostridium_sp_44_14",1.02860026358444,-0.00260746178679366,0.457687201400685,-0.00569703889209465,0.99545444521433,NA,NA,"species"
"s__Clostridium_sp_AF36_4",1.02860026358444,-0.00260746178679366,0.457687201400685,-0.00569703889209465,0.99545444521433,NA,NA,"species"
"s__Clostridium_sp_AM22_11AC",1.32099383745543,-0.173258982327267,0.392371269042824,-0.441568983248764,0.658801132815352,0.767951616358723,FALSE,"species"
"s__Clostridium_sp_CAG_122",1.34914228624983,0.460788846220284,0.480222197427986,0.959532584474885,0.337290512656102,0.498122267746927,FALSE,"species"
"s__Clostridium_sp_CAG_12237_41",1.13060042452656,0.161776132744024,0.453812884507151,0.356482017736707,0.721479616524473,NA,NA,"species"
"s__Clostridium_sp_CAG_138",1.31973017760639,0.424737606278689,0.451365988864202,0.941004897926583,0.346702349193725,0.50592861326788,FALSE,"species"
"s__Clostridium_sp_CAG_167",1.58548878530335,0.724175420212333,0.465912224665429,1.55431727667666,0.120108754458183,0.309197758733411,FALSE,"species"
"s__Clostridium_sp_CAG_169",2.03978627339604,1.12703505838746,0.564941526962009,1.99495877820866,0.0460473759370699,0.164933328356414,FALSE,"species"
"s__Clostridium_sp_CAG_217",2.23857983558183,1.27474969427166,0.591419528345215,2.15540683588585,0.0311300119071907,0.126476617220509,FALSE,"species"
"s__Clostridium_sp_CAG_221",1.08688606983708,0.093606725156941,0.455311210659711,0.205588448000901,0.837112401931215,NA,NA,"species"
"s__Clostridium_sp_CAG_230",1.0431717151476,0.0220544225462152,0.457053190521436,0.0482535140407926,0.961514201787395,NA,NA,"species"
"s__Clostridium_sp_CAG_242",1.60072188878209,0.739034907705805,0.519297475571109,1.42314365555703,0.15469451528449,0.371644140378591,FALSE,"species"
"s__Clostridium_sp_CAG_245",1.10145752140024,0.116689800526878,0.454784648858956,0.25658254037301,0.797501054640849,NA,NA,"species"
"s__Clostridium_sp_CAG_253",1.58559240348013,0.723879371900387,0.529468510263558,1.36718115972573,0.171568529185056,0.391012690273129,FALSE,"species"
"s__Clostridium_sp_CAG_265",1.08688606983708,0.0936067232794751,0.455311754480459,0.205588198324216,0.837112596978533,NA,NA,"species"
"s__Clostridium_sp_CAG_273",1.13057051280243,0.161776016429007,0.453812712542161,0.356481896513591,0.721479707292014,NA,NA,"species"
"s__Clostridium_sp_CAG_277",1.0431717151476,0.0220544225462151,0.457053190521436,0.0482535140407926,0.961514201787395,NA,NA,"species"
"s__Clostridium_sp_CAG_299",1.8527885802894,0.844866002722551,0.512149800936374,1.6496462581414,0.0990153079534993,0.274732615025907,FALSE,"species"
"s__Clostridium_sp_CAG_306",1.0431717151476,0.0220544225462151,0.457053190521436,0.0482535140407926,0.961514201787395,NA,NA,"species"
"s__Clostridium_sp_CAG_389",1.14508214091734,0.183800921592988,0.453371152424416,0.405409388334716,0.685176611121372,NA,NA,"species"
"s__Clostridium_sp_CAG_440",1.40715888698535,0.530488050840392,0.51420064306546,1.0316751991554,0.302224299391569,0.489302328913355,FALSE,"species"
"s__Clostridium_sp_CAG_451",1.05771325498663,0.0463016849807658,0.456445838245862,0.101439603784547,0.919201499324247,NA,NA,"species"
"s__Clostridium_sp_CAG_505",1.0578278147039,-0.0934223017325897,0.44225445945262,-0.211241062098546,0.832699170689212,NA,NA,"species"
"s__Clostridium_sp_CAG_58",3.8198416978462,-0.506465125998221,0.388913937061408,-1.30225501771682,0.192829223151724,0.405952610459943,FALSE,"species"
"s__Clostridium_sp_CAG_75",2.44152256590084,1.41007006809088,0.622575000053404,2.2648999204432,0.0235188216662028,0.103946527326261,FALSE,"species"
"s__Clostridium_sp_chh4_2",1.02860026358444,-0.00260746178679366,0.457687201400685,-0.00569703889209465,0.99545444521433,NA,NA,"species"
"s__Clostridium_spiroforme",1.13123131526738,0.161778584635823,0.453815053053373,0.356485717138159,0.721476846546661,NA,NA,"species"
"s__Clostridium_symbiosum",1.64606827665284,0.653431741120114,0.453089909771022,1.44216793847901,0.149255002941126,0.363427872997685,FALSE,"species"
"s__Collinsella_aerofaciens",13.1020732950191,-0.0615990176506775,0.52006997904811,-0.118443709755027,0.905716094126573,0.934167908601753,FALSE,"species"
"s__Collinsella_intestinalis",1.35201823617907,0.461347746059344,0.451092287706959,1.02273472331907,0.306433289030498,0.489302328913355,FALSE,"species"
"s__Collinsella_massiliensis",1.04330269009649,0.0220546069438594,0.457053487286108,0.0482538861585222,0.961513905225864,NA,NA,"species"
"s__Collinsella_stercoris",1.30844305195297,0.406214309156534,0.450800038749882,0.90109643797505,0.367537046663716,0.517177129948229,FALSE,"species"
"s__Collinsella_tanakaei",1.07231461827392,0.0701481640547522,0.45586545250659,0.153879096713823,0.877705066189107,NA,NA,"species"
"s__Coprobacillus_cateniformis",1.1021825451464,0.116691831891249,0.454788369434334,0.256584907913082,0.797499226787006,NA,NA,"species"
"s__Coprobacter_fastidiosus",1.60182443298504,-0.811906890590079,0.348598426659826,-2.32906068558469,0.0198558510354161,0.0931333965232613,FALSE,"species"
"s__Coprobacter_secundus",1.04325636314074,0.0220545420303763,0.457053382260259,0.0482537552206929,0.961514009577578,NA,NA,"species"
"s__Coprobacter_sp",1.17546304292793,-0.385798737591389,0.395291577632535,-0.975985220585775,0.32907178838141,NA,NA,"species"
"s__Coprococcus_catus",2.04061159744698,-0.0154422235137919,0.399941246171525,-0.0386112301784676,0.969200348582884,0.979140864978606,FALSE,"species"
"s__Coprococcus_comes",4.22803913266061,0.441991999305616,0.436160945701597,1.01336904108789,0.310883921194149,0.489302328913355,FALSE,"species"
"s__Coprococcus_eutactus",4.27145271645155,1.73286878794585,0.65575037038346,2.64257386073992,0.00822785173821694,0.0600328441640273,FALSE,"species"
"s__Cyprinid_herpesvirus_3",1.04327250951195,0.0220545646929209,0.457053418857841,0.0482538009408931,0.961513973140581,NA,NA,"species"
"s__Desulfovibrio_desulfuricans",1.05768334326251,0.0463016343140584,0.456445813519352,0.10143949827704,0.91920158307505,NA,NA,"species"
"s__Desulfovibrio_piger",1.77793165772161,-2.15608630937927,0.368565281025192,-5.8499441493294,4.91738101290404e-09,3.22908019847366e-07,TRUE,"species"
"s__Desulfovibrio_sp_MES5",1.02860026358444,-0.00260746178679366,0.457687201400685,-0.00569703889209465,0.99545444521433,NA,NA,"species"
"s__Desulfovibrionaceae_bacterium",1.21971309844532,-0.523553843429135,0.378519311443931,-1.38316283370575,0.166614942932616,0.386154632443827,FALSE,"species"
"s__Dialister_invisus",1.38108135210882,-1.18242569145072,0.326916937281617,-3.61689945245065,0.000298153053732597,0.00419543939895154,TRUE,"species"
"s__Dialister_sp_CAG_357",1.41044506448724,-0.0593480000468893,0.397234294267584,-0.149403012034282,0.881235635147266,0.913702211179007,FALSE,"species"
"s__Dielma_fastidiosa",1.10235958527085,0.11669232092174,0.454788046936313,0.256586165155043,0.797498256136706,NA,NA,"species"
"s__Dorea_formicigenerans",2.59947857858225,0.136026768492325,0.370512875944255,0.367131015745837,0.713521292984312,0.803221112673768,FALSE,"species"
"s__Dorea_longicatena",6.58101681032435,0.416826666025014,0.470286468136904,0.886325025842915,0.375442407224285,0.52455428527081,FALSE,"species"
"s__Dorea_sp_CAG_317",2.02865237511313,0.462021910485415,0.46007593099655,1.00422969200899,0.315267913497721,0.489302328913355,FALSE,"species"
"s__Dorea_sp_OM02_2LB",1.02860026358444,-0.00260746178679366,0.457687201400685,-0.00569703889209465,0.99545444521433,NA,NA,"species"
"s__Eggerthella_lenta",3.55095098175735,1.74738239736088,0.60512495564697,2.88763895961399,0.00388145114500199,0.0318602448152247,TRUE,"species"
"s__Eggerthella_sp_CAG_209",1.02860026358444,-0.00260746178679366,0.457687201400685,-0.00569703889209465,0.99545444521433,NA,NA,"species"
"s__Eggerthella_sp_CAG_298",1.02860026358444,-0.00260746178679366,0.457687201400685,-0.00569703889209465,0.99545444521433,NA,NA,"species"
"s__Eggerthella_sp_CAG_368",1.04325636314074,0.0220545420303763,0.457053382260259,0.0482537552206928,0.961514009577578,NA,NA,"species"
"s__Eisenbergiella_massiliensis",1.48550560098488,0.24401105246605,0.420933008211421,0.57969094299084,0.562123052124471,0.667097838966993,FALSE,"species"
"s__Eisenbergiella_tayi",1.41220739610128,0.531884757959747,0.459005719004926,1.15877588434588,0.246547549842259,0.456670746130446,FALSE,"species"
"s__Enorma_massiliensis",1.02860026358444,-0.00260746178679366,0.457687201400685,-0.00569703889209465,0.99545444521433,NA,NA,"species"
"s__Enterobacter_cloacae_complex",2.91572927302921,-2.51268385451006,0.47813944651058,-5.25512770980811,1.47921789879841e-07,4.85676543438811e-06,TRUE,"species"
"s__Enterobacter_mori",1.02860026358444,-0.00260746178679366,0.457687201400685,-0.00569703889209465,0.99545444521433,NA,NA,"species"
"s__Enterobacteria_phage_ES18",1.16099225119461,0.205501730677977,0.452969989050002,0.453676260338944,0.650061856001253,NA,NA,"species"
"s__Enterobacteria_phage_HK225",1.05800511660854,0.0463021751796444,0.456446670844885,0.101440492695322,0.919200793715804,NA,NA,"species"
"s__Enterobacteria_phage_mEp237",1.05808142363643,0.0463023016684912,0.456446819331829,0.101440736811949,0.919200599938489,NA,NA,"species"
"s__Enterobacteria_phage_mEp460",1.04328867367133,0.022054587339456,0.457053455503424,0.0482538466209906,0.961513936735545,NA,NA,"species"
"s__Enterobacteria_phage_P4",1.16090336564674,0.205501247070718,0.452972097220378,0.453673081259877,0.650064144485842,NA,NA,"species"
"s__Enterobacterial_phage_mEp390",1.07256856225335,0.0701486718341448,0.455866246382888,0.153879942616383,0.87770439920023,NA,NA,"species"
"s__Enterococcus_faecalis",1.52757111584667,0.662757750166213,0.545764450425325,1.21436592223937,0.224608022464977,0.448198224841487,FALSE,"species"
"s__Enterococcus_faecium",1.20548173404053,0.268699703078963,0.451948786511781,0.594535733025934,0.552153849942606,NA,NA,"species"
"s__Enterorhabdus_caecimuris",1.02860026358444,-0.00260746178679366,0.457687201400685,-0.00569703889209465,0.99545444521433,NA,NA,"species"
"s__Erysipelatoclostridium_ramosum",1.22018593286371,0.289164678559512,0.45163269061586,0.640265163633745,0.522000224632286,0.623396755997853,FALSE,"species"
"s__Escherichia_coli",3.02719327181307,-0.991836755595972,0.474066983873933,-2.09218694685502,0.0364217957003875,0.140688112803458,FALSE,"species"
"s__Escherichia_phage_HK639",1.46980865020359,0.599060393657155,0.526274802721982,1.13830339312981,0.254993817636289,0.456670746130446,FALSE,"species"
"s__Escherichia_phage_TL_2011b",1.13143438750293,-0.228316338189568,0.415705836963303,-0.549225721383658,0.582850554805314,NA,NA,"species"
"s__Escherichia_virus_HK544",1.02860026358444,-0.00260746178679366,0.457687201400685,-0.00569703889209465,0.99545444521433,NA,NA,"species"
"s__Escherichia_virus_Min27",1.02860026358444,-0.00260746178679366,0.457687201400685,-0.00569703889209465,0.99545444521433,NA,NA,"species"
"s__Escherichia_virus_N15",1.05803317620922,0.0463022219804183,0.456446745759681,0.101440578579119,0.919200725542112,NA,NA,"species"
"s__Escherichia_virus_P1",1.10168155365555,-0.275624186710395,0.416883580912711,-0.661153855248875,0.508513650613915,NA,NA,"species"
"s__Escherichia_virus_P2",1.02860026358444,-0.00260746178679366,0.457687201400685,-0.00569703889209465,0.99545444521433,NA,NA,"species"
"s__Escherichia_virus_phi1",1.39592270065882,-1.62694715332205,0.315553366301856,-5.15585421378686,2.52477278000361e-07,7.10543196658159e-06,TRUE,"species"
"s__Escherichia_virus_phiV10",1.05791246269705,-0.224998840476793,0.429838876911369,-0.523449256366791,0.600661654524276,NA,NA,"species"
"s__Escherichia_virus_RB49",1.02860026358444,-0.00260746178679366,0.457687201400685,-0.00569703889209465,0.99545444521433,NA,NA,"species"
"s__Escherichia_virus_T5",1.02860026358444,-0.00260746178679366,0.457687201400685,-0.00569703889209465,0.99545444521433,NA,NA,"species"
"s__Escherichia_virus_wV8",1.24899913155642,0.329238793490849,0.455905767063289,0.722164134074539,0.470193571359198,0.601481386738714,FALSE,"species"
"s__Eubacterium_callanderi",1.02860026358444,-0.00260746178679366,0.457687201400685,-0.00569703889209465,0.99545444521433,NA,NA,"species"
"s__Eubacterium_coprostanoligenes",1.41337468289771,0.532815087835433,0.518314389711241,1.02797664585826,0.303960813484612,0.489302328913355,FALSE,"species"
"s__Eubacterium_dolichum_CAG_375",1.02860026358444,-0.00260746178679366,0.457687201400685,-0.00569703889209465,0.99545444521433,NA,NA,"species"
"s__Eubacterium_eligens",5.94284740126058,-0.207614646601053,0.511397344191471,-0.405975214692003,0.684760811794584,0.78497492705371,FALSE,"species"
"s__Eubacterium_hallii",7.60807180447112,0.26561567812626,0.474624918703428,0.559632812478249,0.575729918960011,0.679154455300133,FALSE,"species"
"s__Eubacterium_ramulus",1.80518993119897,0.176477274881254,0.420664404085148,0.419520342504503,0.674835890938242,0.782015708910787,FALSE,"species"
"s__Eubacterium_rectale",26.674939813722,-0.243916465062694,0.610178328405637,-0.399746195018158,0.689343463859349,0.78497492705371,FALSE,"species"
"s__Eubacterium_siraeum",20.4319864077879,-1.34819285939945,0.735924687524795,-1.83197123598877,0.0669557061565614,0.206098033013165,FALSE,"species"
"s__Eubacterium_sp_36_13",1.24708230185946,0.329211571645773,0.451215011370789,0.729611301374105,0.465627812216264,0.601481386738714,FALSE,"species"
"s__Eubacterium_sp_CAG_161",1.05774316671076,0.0463017355589803,0.456445917793505,0.101439696914821,0.919201425398368,NA,NA,"species"
"s__Eubacterium_sp_CAG_180",8.68924514367586,-1.49928506293194,0.721977790731506,-2.0766359882246,0.0378351687081477,0.143337081452021,FALSE,"species"
"s__Eubacterium_sp_CAG_192",1.05791246269705,-0.224998840476793,0.429838876911369,-0.523449256366791,0.600661654524276,NA,NA,"species"
"s__Eubacterium_sp_CAG_251",1.99171956903783,1.09055978300855,0.58122022400317,1.87632800437895,0.0606102539028851,0.192584193852716,FALSE,"species"
"s__Eubacterium_sp_CAG_252",1.07231461827392,0.0701481640547522,0.45586545250659,0.153879096713823,0.877705066189108,NA,NA,"species"
"s__Eubacterium_sp_CAG_274",1.24876486223492,-1.17249540411935,0.338588194808617,-3.46289511003798,0.000534396673194083,0.00657975903870214,TRUE,"species"
"s__Eubacterium_sp_CAG_38",2.73118089615439,0.859571002695947,0.515474945545147,1.66753206945276,0.0954086530889876,0.268507209407579,FALSE,"species"
"s__Eubacterium_sp_CAG_581",1.1160289729634,0.139409180831449,0.454286647627623,0.306874924806775,0.758938575886193,NA,NA,"species"
"s__Eubacterium_sp_OM08_24",1.02860026358444,-0.00260746178679366,0.457687201400685,-0.00569703889209465,0.99545444521433,NA,NA,"species"
"s__Eubacterium_ventriosum",1.48343372407534,0.133765365268293,0.403356803226921,0.331630368443394,0.740168385399697,0.810073177354112,FALSE,"species"
"s__Faecalibacterium_prausnitzii",71.4281912880405,-0.575306897636417,0.576269820844985,-0.998329041060737,0.318119829760324,0.489302328913355,FALSE,"species"
"s__Faecalicatena_orotica",1.1021825451464,0.116691831891249,0.454788369434334,0.256584907913082,0.797499226787006,NA,NA,"species"
"s__Faecalicoccus_pleomorphus",1.02860026358444,-0.00260746178679366,0.457687201400685,-0.00569703889209465,0.99545444521433,NA,NA,"species"
"s__Faecalitalea_cylindroides",1.26391855983349,0.348870070254037,0.451448085838225,0.77278004093488,0.439652567475634,0.593229834196575,FALSE,"species"
"s__Firmicutes_bacterium_AF16_15",1.08685615811295,0.0936066544834074,0.455310993137556,0.205588390999221,0.837112446460902,NA,NA,"species"
"s__Firmicutes_bacterium_AM10_47",1.10167334186525,-0.0218694801091898,0.440476968118313,-0.0496495428639883,0.960401665790391,NA,NA,"species"
"s__Firmicutes_bacterium_CAG_102",1.0431717151476,0.0220544225462151,0.457053190521436,0.0482535140407926,0.961514201787395,NA,NA,"species"
"s__Firmicutes_bacterium_CAG_103",1.91884903298128,1.03172306960104,0.549596440001142,1.8772375410563,0.0604855443732316,0.192584193852716,FALSE,"species"
"s__Firmicutes_bacterium_CAG_110",3.96557855336904,-0.032044769109178,0.557906998915527,-0.0574374746534232,0.95419671180543,0.968952331060153,FALSE,"species"
"s__Firmicutes_bacterium_CAG_114",1.60031058780413,0.739179625881944,0.460646832325467,1.60465583177978,0.108569567129254,0.292989105814563,FALSE,"species"
"s__Firmicutes_bacterium_CAG_124",1.4945921502357,0.629474812809512,0.535872971253148,1.17467169754331,0.240126086658679,0.454854221843843,FALSE,"species"
"s__Firmicutes_bacterium_CAG_129",1.46529968848876,0.597748484449497,0.491856481389752,1.21529044968675,0.224255333114368,0.448198224841487,FALSE,"species"
"s__Firmicutes_bacterium_CAG_137",1.36536405963141,0.479055699295828,0.476036472101575,1.00634242830371,0.314250877464398,0.489302328913355,FALSE,"species"
"s__Firmicutes_bacterium_CAG_145",1.55830878186043,0.694329907175813,0.515778458491973,1.346178569004,0.178244934838264,0.399025592762933,FALSE,"species"
"s__Firmicutes_bacterium_CAG_170",2.01307974228333,0.978040564079548,0.57088161249839,1.71321083507888,0.0866737590059522,0.251098978296656,FALSE,"species"
"s__Firmicutes_bacterium_CAG_176",1.42202945578976,0.548471802561911,0.460399743212473,1.19129476210153,0.233537889442733,0.453714711339828,FALSE,"species"
"s__Firmicutes_bacterium_CAG_194",1.4073383573301,0.531318055848874,0.464812483854525,1.14308043416313,0.253005197027583,0.456670746130446,FALSE,"species"
"s__Firmicutes_bacterium_CAG_238",1.05797708375823,0.04630212836576,0.4564465960261,0.101440406761435,0.919200861929257,NA,NA,"species"
"s__Firmicutes_bacterium_CAG_24053_14",1.02860026358444,-0.00260746178679366,0.457687201400685,-0.00569703889209465,0.99545444521433,NA,NA,"species"
"s__Firmicutes_bacterium_CAG_345",1.30545784328448,0.405863927473671,0.47038822681706,0.862827563138642,0.38823228214486,0.538477223057812,FALSE,"species"
"s__Firmicutes_bacterium_CAG_41",1.11610032198702,0.00121323767346926,0.439941176896406,0.00275772702620864,0.997799654971838,NA,NA,"species"
"s__Firmicutes_bacterium_CAG_424",2.76853047968128,1.6016602897181,0.64489095267173,2.48361414140259,0.0130056646815578,0.0753563512431437,FALSE,"species"
"s__Firmicutes_bacterium_CAG_56",2.39819332766267,1.3823765804155,0.599138903659677,2.30727227354396,0.0210396462006516,0.0963909372448457,FALSE,"species"
"s__Firmicutes_bacterium_CAG_646",1.0580013520975,0.0463021687104453,0.456446605591652,0.101440493024212,0.919200793454734,NA,NA,"species"
"s__Firmicutes_bacterium_CAG_65_45_313",1.08682624638883,0.0936065826340094,0.455311101400438,0.205588184311992,0.837112607924877,NA,NA,"species"
"s__Firmicutes_bacterium_CAG_83",3.09773513305388,1.53849053019988,0.581355758611599,2.64638391795434,0.0081357422960125,0.0600328441640273,FALSE,"species"
"s__Firmicutes_bacterium_CAG_94",1.21971909557694,0.289160188692208,0.451635769072525,0.640250858088643,0.522009523482119,0.623396755997853,FALSE,"species"
"s__Firmicutes_bacterium_CAG_95",1.11672595048406,-0.480445591864226,0.397642182637572,-1.20823597908405,0.226956506102101,NA,NA,"species"
"s__Flavonifractor_plautii",6.26074503731271,1.34880338221519,0.553067999768575,2.43876590722945,0.0147375116693839,0.0759974577181467,FALSE,"species"
"s__Flavonifractor_sp_An10",1.16102031079529,0.205501877418476,0.452967370185197,0.453679207256046,0.650059734643193,NA,NA,"species"
"s__Flavonifractor_sp_An100",1.02860026358444,-0.00260746178679366,0.457687201400685,-0.00569703889209465,0.99545444521433,NA,NA,"species"
"s__Fusicatenibacter_saccharivorans",11.8802156829046,0.470379840777864,0.436510480676974,1.07759117272136,0.281216243282255,0.47350085407354,FALSE,"species"
"s__Fusobacterium_ulcerans",1.04331671989683,0.0220546265362913,0.457053519104903,0.0482539256660429,0.961513873740101,NA,NA,"species"
"s__Gemmiger_formicilis",1.40943977450258,-0.0593303326636801,0.3923232252165,-0.151228193617493,0.879795710763125,0.913702211179007,FALSE,"species"
"s__Gordonibacter_pamelaeae",1.38322102100894,0.497046426043619,0.451627692058119,1.10056676059548,0.271085258806563,0.468454350744674,FALSE,"species"
"s__Haemophilus_parainfluenzae",1.10202186776626,-0.0218694861878436,0.440478877599353,-0.0496493414327474,0.960401826311298,NA,NA,"species"
"s__Haemophilus_sp_HMSC71H05",1.05788817145999,-0.0934227893325468,0.442254566989941,-0.211242113266117,0.832698350484513,NA,NA,"species"
"s__Hafnia_alvei",1.02860026358444,-0.00260746178679366,0.457687201400685,-0.00569703889209465,0.99545444521433,NA,NA,"species"
"s__Hafnia_paralvei",1.0431717151476,0.0220544225462151,0.457053190521436,0.0482535140407926,0.961514201787395,NA,NA,"species"
"s__Harryflintia_acetispora",1.07256856225335,0.0701486719457959,0.455866090538299,0.153879995467446,0.877704357527501,NA,NA,"species"
"s__Holdemanella_biformis",1.08737768585242,-0.0453283268905569,0.441042050439758,-0.102775521847317,0.918141133103688,NA,NA,"species"
"s__Holdemania_filiformis",1.1752451856523,-0.491348563364359,0.387261003575279,-1.26877883088698,0.204519957339756,NA,NA,"species"
"s__Human_endogenous_retrovirus_K",1.27813304706946,-0.0125900574358984,0.412116671152729,-0.0305497406855269,0.97562862454269,0.980606321606683,FALSE,"species"
"s__Hungatella_hathewayi",1.21978158227908,0.153222721396445,0.437107446650283,0.350537888500066,0.725935060729224,0.809383603462401,FALSE,"species"
"s__Intestinibacter_bartlettii",2.27869674971529,0.745451970679139,0.498012601415006,1.4968536309344,0.134431347796373,0.335227538175765,FALSE,"species"
"s__Intestinimonas_butyriciproducens",2.6898256273295,1.3187010710782,0.61300081301013,2.15122238517554,0.0314586509837814,0.126476617220509,FALSE,"species"
"s__Klebsiella_aerogenes",1.02860026358444,-0.00260746178679366,0.457687201400685,-0.00569703889209465,0.99545444521433,NA,NA,"species"
"s__Klebsiella_michiganensis",1.11642241590681,0.139410486034202,0.454288617518012,0.306876467202427,0.758937401836408,NA,NA,"species"
"s__Klebsiella_oxytoca",1.10189253564794,0.116691015255628,0.454786200854603,0.256584335752381,0.797499668522251,NA,NA,"species"
"s__Klebsiella_phage_phiKO2",1.41122812770665,0.532047888370976,0.5373802527028,0.990077111495995,0.32213642984919,0.489302328913355,FALSE,"species"
"s__Klebsiella_pneumoniae",3.28836291775533,0.780954635527878,0.643969149024512,1.21272057319962,0.225236671367042,0.448198224841487,FALSE,"species"
"s__Klebsiella_quasipneumoniae",1.54082164760097,0.546713031209255,0.512455360702301,1.066850057847,0.28603954999262,0.477540604648697,FALSE,"species"
"s__Klebsiella_variicola",2.20956854120346,0.897090061774668,0.581953153505185,1.54151593881976,0.123191266778247,0.311136917375829,FALSE,"species"
"s__Klebsiella_virus_KP36",1.07256856225335,0.0701486718341448,0.455866246382888,0.153879942616383,0.87770439920023,NA,NA,"species"
"s__Lachnoclostridium_sp_An14",1.24929098906897,0.329240768880944,0.451239700085532,0.729636086582224,0.465612657977059,0.601481386738714,FALSE,"species"
"s__Lachnospira_pectinoschiza",5.08136969293519,-0.811684582906717,0.523262625773816,-1.5511992313733,0.120853946306968,0.309197758733411,FALSE,"species"
"s__Lachnospiraceae_bacterium_OF09_33XD",1.04328867367133,0.022054587339456,0.457053455503424,0.0482538466209906,0.961513936735545,NA,NA,"species"
"s__Lachnospiraceae_bacterium_OF09_6",1.02860026358444,-0.00260746178679366,0.457687201400685,-0.00569703889209465,0.99545444521433,NA,NA,"species"
"s__Lactobacillus_acidophilus",1.07231461827392,0.0701481640547522,0.45586545250659,0.153879096713823,0.877705066189107,NA,NA,"species"
"s__Lactobacillus_animalis",2.29687969511464,-2.46492836839298,0.440606626724361,-5.59439694931101,2.21389916118302e-08,9.47172025556699e-07,TRUE,"species"
"s__Lactobacillus_casei_group",1.02860026358444,-0.00260746178679366,0.457687201400685,-0.00569703889209465,0.99545444521433,NA,NA,"species"
"s__Lactobacillus_crispatus",1.21933946064209,0.289156294282933,0.451765166971855,0.640058852304006,0.522134338779928,0.623396755997853,FALSE,"species"
"s__Lactobacillus_delbrueckii",1.07274963252162,0.0701490321736637,0.455866813822777,0.153880541523549,0.877703926965729,NA,NA,"species"
"s__Lactobacillus_fermentum",1.21957644946311,0.289158799897407,0.451667363798525,0.640202996881555,0.522040634707269,0.623396755997853,FALSE,"species"
"s__Lactobacillus_gasseri",1.21924719692191,0.289155460632925,0.451668848443523,0.640193499351066,0.522046808501302,NA,NA,"species"
"s__Lactobacillus_helveticus",1.04325636314074,0.0220545420303763,0.457053382260259,0.0482537552206928,0.961514009577578,NA,NA,"species"
"s__Lactobacillus_oris",1.02860026358444,-0.00260746178679366,0.457687201400685,-0.00569703889209465,0.99545444521433,NA,NA,"species"
"s__Lactobacillus_paragasseri",1.08728924729449,0.0936076791266397,0.455313231573023,0.2055896306884,0.837111478016386,NA,NA,"species"
"s__Lactobacillus_phage_A2",1.07261700136697,0.0701487683699456,0.455866398069223,0.153880103177277,0.87770427259898,NA,NA,"species"
"s__Lactobacillus_phage_J1",1.04325636314074,0.0220545420303763,0.457053382260259,0.0482537552206929,0.961514009577578,NA,NA,"species"
"s__Lactobacillus_phage_Lc_Nu",1.07261700136697,0.0701487683699456,0.455866398069223,0.153880103177277,0.87770427259898,NA,NA,"species"
"s__Lactobacillus_phage_LF1",1.05810946986193,0.0463023485653384,0.456446894234326,0.101440822908893,0.919200531595605,NA,NA,"species"
"s__Lactobacillus_phage_Lrm1",1.04344215468321,0.0220548003547209,0.457053803840588,0.0482542759066791,0.961513594613661,NA,NA,"species"
"s__Lactobacillus_phage_phiadh",1.02860026358444,-0.00260746178679366,0.457687201400685,-0.00569703889209465,0.99545444521433,NA,NA,"species"
"s__Lactobacillus_phage_phiAQ113",1.17508501211864,0.226871809292108,0.452583177962204,0.501282019171855,0.616172657962569,NA,NA,"species"
"s__Lactobacillus_phage_Sha1",1.11683029036226,0.139411831126751,0.454287872703905,0.306879931214049,0.758934765081714,NA,NA,"species"
"s__Lactobacillus_plantarum",1.02860026358444,-0.00260746178679366,0.457687201400685,-0.00569703889209465,0.99545444521433,NA,NA,"species"
"s__Lactobacillus_prophage_Lj771",1.11698287766767,0.139412332026551,0.454288846943628,0.306880375700376,0.758934426745462,NA,NA,"species"
"s__Lactobacillus_prophage_Lj928",1.04325636314074,0.0220545420303763,0.457053382260259,0.0482537552206928,0.961514009577578,NA,NA,"species"
"s__Lactobacillus_reuteri",1.07274963252162,0.0701490321736638,0.455866813822777,0.153880541523549,0.877703926965729,NA,NA,"species"
"s__Lactobacillus_rhamnosus",1.05803317620922,0.0463022219804183,0.456446745759681,0.101440578579119,0.919200725542112,NA,NA,"species"
"s__Lactobacillus_rogosae",1.02860026358444,-0.00260746178679366,0.457687201400685,-0.00569703889209465,0.99545444521433,NA,NA,"species"
"s__Lactobacillus_salivarius",1.26335619842463,0.348787718440931,0.49695353504451,0.701851770527585,0.482771609035753,0.613587141806732,FALSE,"species"
"s__Lactobacillus_vaginalis",1.02860026358444,-0.00260746178679366,0.457687201400685,-0.00569703889209465,0.99545444521433,NA,NA,"species"
"s__Lactobacillus_virus_c5",1.02860026358444,-0.00260746178679366,0.457687201400685,-0.00569703889209465,0.99545444521433,NA,NA,"species"
"s__Lactococcus_lactis",1.08766692356662,0.0936085686727686,0.455314288798369,0.205591107012726,0.837110324712944,NA,NA,"species"
"s__Lactococcus_phage_340",1.04331671989683,0.0220546265362913,0.457053519104903,0.0482539256660429,0.961513873740101,NA,NA,"species"
"s__Lactococcus_phage_bIL285",1.17559404749145,-0.0385901938558747,0.425412574670742,-0.0907123958095092,0.927721120811449,NA,NA,"species"
"s__Lactococcus_phage_bIL286",1.14579686586042,0.0463013166644797,0.438963036899238,0.105478850774189,0.915995851000993,NA,NA,"species"
"s__Lactococcus_phage_bIL309",1.29279096096388,0.00730542707256611,0.411818477061177,0.0177394349197228,0.985846721074193,0.985846721074193,FALSE,"species"
"s__Lactococcus_phage_bIL310",1.39589717901845,0.139437963807154,0.411959093173552,0.338475266398382,0.735005062888742,0.810073177354112,FALSE,"species"
"s__Lactococcus_phage_bIL311",1.08738195015752,0.0936078981450927,0.455313241926877,0.205590107041354,0.837111105889782,NA,NA,"species"
"s__Lactococcus_phage_bIL312",1.29353691430354,0.126494982463558,0.423314896775239,0.298820059079379,0.765077344909533,0.819131722539011,FALSE,"species"
"s__Lactococcus_phage_BK5_T",1.04325636314074,-0.118084232232435,0.442904035393554,-0.266613583973124,0.789766695621201,NA,NA,"species"
"s__Lactococcus_phage_jm3",1.05800512998373,0.0463021751514792,0.456446615667932,0.101440504896118,0.919200784030935,NA,NA,"species"
"s__Lactococcus_phage_P335_sensu_lato",1.11680504493951,0.13941174489828,0.454287533266841,0.306879970699948,0.758934735025644,NA,NA,"species"
"s__Lactococcus_phage_phiLC3",1.0431717151476,0.0220544225462152,0.457053190521436,0.0482535140407925,0.961514201787395,NA,NA,"species"
"s__Lactococcus_phage_TP901_1",1.0431717151476,0.0220544225462152,0.457053190521436,0.0482535140407925,0.961514201787395,NA,NA,"species"
"s__Lactococcus_phage_Tuc2009",1.02860026358444,-0.00260746178679366,0.457687201400685,-0.00569703889209465,0.99545444521433,NA,NA,"species"
"s__Lactococcus_phage_ul36",1.11675024172112,0.139411572070466,0.454287260779273,0.306879774333365,0.758934884496922,NA,NA,"species"
"s__Lactococcus_virus_bIL67",1.19027643083209,0.247936668979779,0.452238499114716,0.548243171391047,0.583524942458339,NA,NA,"species"
"s__Lactococcus_virus_c2",1.16060059164049,0.205499617963042,0.45296522327704,0.453676369404976,0.650061777489287,NA,NA,"species"
"s__Lactonifactor_longoviformis",1.02860026358444,-0.00260746178679366,0.457687201400685,-0.00569703889209465,0.99545444521433,NA,NA,"species"
"s__Lawsonibacter_asaccharolyticus",3.01050431095547,1.01553071754543,0.51328195916774,1.97850460045793,0.0478718101182541,0.168406189166001,FALSE,"species"
"s__Massiliomicrobiota_timonensis",1.02860026358444,-0.00260746178679366,0.457687201400685,-0.00569703889209465,0.99545444521433,NA,NA,"species"
"s__Megamonas_funiformis",1.13130598507702,0.161778870674919,0.453821125846387,0.356481577126225,0.721479946437886,NA,NA,"species"
"s__Megamonas_funiformis_CAG_377",1.41007865769975,0.531530408376385,0.53738852175243,0.989098923518235,0.322614744261308,0.489302328913355,FALSE,"species"
"s__Megamonas_hypermegale",1.05794475543946,0.0463020743067189,0.456446509773349,0.101440307495637,0.919200940725448,NA,NA,"species"
"s__Megasphaera_elsdenii",1.04331671989683,-0.118084641226925,0.442904127718464,-0.266614451834566,0.789766027346577,NA,NA,"species"
"s__Megasphaera_sp_DISK_18",1.11653103015026,0.139410849325974,0.454286810901065,0.306878487291886,0.758935864173685,NA,NA,"species"
"s__Megasphaera_sp_MJR8396C",2.77946438284182,0.578474175461583,0.604787960012764,0.956490892195299,0.338824283645118,0.498122267746927,FALSE,"species"
"s__Methanobrevibacter_smithii",2.37802125629801,-0.52051959703498,0.450281155624752,-1.15598796559179,0.247686079491294,0.456670746130446,FALSE,"species"
"s__Methanosphaera_stadtmanae",1.07274963252162,-0.324535469188613,0.418198325947197,-0.776032444543046,0.4377298293999,NA,NA,"species"
"s__Monoglobus_pectinilyticus",3.05650961251555,1.30972366922587,0.532436837296778,2.45986674377272,0.0138988611116844,0.0759974577181467,FALSE,"species"
"s__Odoribacter_laneus",2.1323344870139,1.19573539659691,0.631271639496465,1.89416935877348,0.0582025338343065,0.192584193852716,FALSE,"species"
"s__Odoribacter_splanchnicus",7.03530751005766,0.397233439105293,0.462958315987476,0.858032840943804,0.390874329427752,0.538477223057812,FALSE,"species"
"s__Olsenella_scatoligenes",1.07274963252162,0.0701490321736638,0.455866813822777,0.153880541523549,0.877703926965729,NA,NA,"species"
"s__Oscillibacter_sp_57_20",6.70724699561001,-1.15873671672553,0.525508751052172,-2.20498081983508,0.0274554404744508,0.115079186669506,FALSE,"species"
"s__Oscillibacter_sp_CAG_241",3.02725901217739,-1.12600378420817,0.497957590323457,-2.26124434307096,0.0237441306075215,0.103946527326261,FALSE,"species"
"s__Oxalobacter_formigenes",1.05779790297978,0.0463018270855024,0.456446063452689,0.10143986506371,0.919201291923466,NA,NA,"species"
"s__Paeniclostridium_sordellii",1.07282629083586,-0.324536193270472,0.418198508990402,-0.776033836308873,0.437729007660323,NA,NA,"species"
"s__Parabacteroides_distasonis",19.2155286976471,0.146351189739642,0.600923835984384,0.243543658906292,0.807584268079056,0.855344628019216,FALSE,"species"
"s__Parabacteroides_goldsteinii",1.24917456661225,-0.379460855756636,0.385123491342702,-0.985296571844206,0.324478416144465,0.489302328913355,FALSE,"species"
"s__Parabacteroides_gordonii",1.02860026358444,-0.00260746178679366,0.457687201400685,-0.00569703889209465,0.99545444521433,NA,NA,"species"
"s__Parabacteroides_johnsonii",1.04325636314074,0.0220545420303763,0.457053382260259,0.0482537552206929,0.961514009577578,NA,NA,"species"
"s__Parabacteroides_merdae",22.1655078765774,0.30543374257152,0.467924862606121,0.65274099963485,0.513923265885638,0.623396755997853,FALSE,"species"
"s__Parabacteroides_sp_CAG_409",1.13161545777119,-0.665572369747689,0.38198847281445,-1.74238862456718,0.0814404650524252,NA,NA,"species"
"s__Paraprevotella_clara",1.04332910616999,-0.118084724819573,0.442904146719527,-0.26661462913408,0.789765890821616,NA,NA,"species"
"s__Paraprevotella_xylaniphila",2.13239239163457,-1.07682892648194,0.409930360546797,-2.62685819378097,0.00861772390533067,0.0606318431910765,FALSE,"species"
"s__Parasutterella_excrementihominis",3.33727809155489,1.35279257752952,0.553632860637906,2.44348317036457,0.0145462480266807,0.0759974577181467,FALSE,"species"
"s__Pediococcus_acidilactici",1.0875795413062,0.0936083637270945,0.455313967439676,0.205590801998615,0.837110562989707,NA,NA,"species"
"s__Phascolarctobacterium_faecium",2.91072669794025,-0.38286277123917,0.420300245387024,-0.910926832523307,0.362333926615467,0.517177129948229,FALSE,"species"
"s__Phascolarctobacterium_sp_CAG_266",1.42574826044057,0.54884279568439,0.455829199236142,1.2040536161442,0.228568856075889,0.450280646469501,FALSE,"species"
"s__Phascolarctobacterium_succinatutens",2.92086742903813,1.68523614744091,0.620943894798147,2.71399100878308,0.00664779704797317,0.0523846407380286,FALSE,"species"
"s__Prevotella_copri",39.1795570837678,-3.51836930170739,0.858665474934002,-4.09748546368166,4.17662386854543e-05,0.000822794902103451,TRUE,"species"
"s__Prevotella_sp_AM42_24",1.07274963252162,-0.324535469188613,0.418198325947197,-0.776032444543046,0.4377298293999,NA,NA,"species"
"s__Prevotella_sp_CAG_1092",1.14633191408358,-0.73957296733902,0.374863824301053,-1.97291101300047,0.0485057016710273,NA,NA,"species"
"s__Prevotella_sp_CAG_279",2.96079239243882,1.70501645822754,0.696760954722401,2.44706085590982,0.0144026518446912,0.0759974577181467,FALSE,"species"
"s__Prevotella_sp_CAG_520",1.14633191408358,-0.739572994928886,0.374868298539151,-1.97288753893295,0.0485083766437227,NA,NA,"species"
"s__Prevotella_sp_CAG_891",1.02860026358444,-0.00260746178679366,0.457687201400685,-0.00569703889209465,0.99545444521433,NA,NA,"species"
"s__Prevotella_stercorea",1.98331887300718,-2.6825633878976,0.440254142877626,-6.09321554673762,1.10664892409726e-09,1.0900491902358e-07,TRUE,"species"
"s__Propionibacterium_freudenreichii",1.18947214443316,0.247930715712757,0.452245823055121,0.548221129026411,0.583540075728908,NA,NA,"species"
"s__Proteobacteria_bacterium_CAG_139",5.67477859258527,0.966581856938287,0.616477803528435,1.56791023359806,0.116902083168411,0.30706280512236,FALSE,"species"
"s__Pseudoflavonifractor_sp_An184",1.11670390139019,0.139411419283162,0.454287030622265,0.306879593485647,0.758935022155482,NA,NA,"species"
"s__Pseudomonas_phage_B3",1.02860026358444,-0.00260746178679366,0.457687201400685,-0.00569703889209465,0.99545444521433,NA,NA,"species"
"s__Pseudomonas_phage_F10",1.0431717151476,0.0220544225462151,0.457053190521436,0.0482535140407926,0.961514201787395,NA,NA,"species"
"s__Pseudomonas_virus_phiCTX",1.04325636314074,0.0220545420303763,0.457053382260259,0.0482537552206928,0.961514009577578,NA,NA,"species"
"s__Pyramidobacter_piscolens",1.02860026358444,-0.00260746178679366,0.457687201400685,-0.00569703889209465,0.99545444521433,NA,NA,"species"
"s__Romboutsia_ilealis",1.02860026358444,-0.00260746178679366,0.457687201400685,-0.00569703889209465,0.99545444521433,NA,NA,"species"
"s__Roseburia_faecis",15.8794282935216,-0.195720559776328,0.652156373351468,-0.300112929619179,0.764091017119905,0.819131722539011,FALSE,"species"
"s__Roseburia_hominis",4.20053695181153,0.0695853816862549,0.443487888290668,0.156904807376944,0.87531987105178,0.913702211179007,FALSE,"species"
"s__Roseburia_intestinalis",5.19282254448278,0.504944737684418,0.542554638922686,0.930679974807797,0.352019131312831,0.506188093931589,FALSE,"species"
"s__Roseburia_inulinivorans",4.47635381444215,0.410091632894517,0.438153655805846,0.935953922694726,0.349296912082135,0.505966850589563,FALSE,"species"
"s__Roseburia_sp_CAG_100",1.42202945578976,0.548445549125179,0.461738215705551,1.18778461576358,0.234918276937373,0.453714711339828,FALSE,"species"
"s__Roseburia_sp_CAG_10041_57",1.1160289729634,0.139409189594511,0.454284953944521,0.306876088199778,0.75893769032782,NA,NA,"species"
"s__Roseburia_sp_CAG_182",1.05791246269705,0.0463020202616657,0.456446368555109,0.101440220475925,0.919201009800819,NA,NA,"species"
"s__Roseburia_sp_CAG_197",1.02860026358444,-0.00260746178679366,0.457687201400685,-0.00569703889209465,0.99545444521433,NA,NA,"species"
"s__Roseburia_sp_CAG_303",1.04328867367133,0.022054587339456,0.457053455503424,0.0482538466209906,0.961513936735545,NA,NA,"species"
"s__Roseburia_sp_CAG_309",1.04325636314074,0.0220545420303763,0.457053382260259,0.0482537552206928,0.961514009577578,NA,NA,"species"
"s__Roseburia_sp_CAG_471",1.17588868943999,0.226899200326568,0.460523964449033,0.492697922024597,0.622226046127262,NA,NA,"species"
"s__Rothia_dentocariosa",1.02860026358444,-0.00260746178679366,0.457687201400685,-0.00569703889209465,0.99545444521433,NA,NA,"species"
"s__Rothia_mucilaginosa",1.02860026358444,-0.00260746178679366,0.457687201400685,-0.00569703889209465,0.99545444521433,NA,NA,"species"
"s__Ruminococcaceae_bacterium_D16",1.07260087278394,0.0701487362580587,0.455866113632204,0.153880128749063,0.877704252435788,NA,NA,"species"
"s__Ruminococcaceae_bacterium_D5",1.46967145566361,-1.25395663710772,0.331558742746735,-3.78200443975497,0.000155570586824036,0.00255395046702792,TRUE,"species"
"s__Ruminococcaceae_bacterium_KLE1738",2.11346698870331,0.938895516918,0.503848880723577,1.86344666593216,0.0623994496505442,0.195122088589797,FALSE,"species"
"s__Ruminococcus_bicirculans",10.2885310438279,0.467299867649239,0.717682917908253,0.651123018242127,0.514967078756471,0.623396755997853,FALSE,"species"
"s__Ruminococcus_bromii",21.3013771586614,0.963123586692926,0.734842271203398,1.31065348910275,0.189974859075436,0.405952610459943,FALSE,"species"
"s__Ruminococcus_callidus",1.21944880213774,0.289157548824617,0.451645295636935,0.640231508260995,0.52202210133769,0.623396755997853,FALSE,"species"
"s__Ruminococcus_gnavus",4.1619516839813,1.78696253222196,0.6000886537828,2.97783089374783,0.0029029610345865,0.0259946965369791,TRUE,"species"
"s__Ruminococcus_lactaris",2.18773804175998,-0.162513358677469,0.465873677810567,-0.348835674600079,0.72721267925302,0.809383603462401,FALSE,"species"
"s__Ruminococcus_obeum_CAG_39",1.02860026358444,-0.00260746178679366,0.457687201400685,-0.00569703889209465,0.99545444521433,NA,NA,"species"
"s__Ruminococcus_sp_37_24",1.1160289729634,0.13940919286528,0.454284321733354,0.306876522468031,0.758937359769021,NA,NA,"species"
"s__Ruminococcus_sp_AF31_8BH",1.02860026358444,-0.00260746178679366,0.457687201400685,-0.00569703889209465,0.99545444521433,NA,NA,"species"
"s__Ruminococcus_sp_CAG_177",2.03413936067268,0.768167420191384,0.585072485330519,1.3129440188209,0.189201812571393,0.405952610459943,FALSE,"species"
"s__Ruminococcus_sp_CAG_254",1.34881325728447,0.4612112596677,0.452766587618594,1.01865127038972,0.308368554510827,0.489302328913355,FALSE,"species"
"s__Ruminococcus_torques",6.38914742696419,0.155640141012601,0.516173167718213,0.301526988899135,0.763012672896929,0.819131722539011,FALSE,"species"
"s__Ruthenibacterium_lactatiformans",4.13011704822083,1.01939992858524,0.454252044293377,2.24412843352415,0.0248241390023928,0.106312073553726,FALSE,"species"
"s__Salmonella_phage_SPN3UB",1.11681482265675,0.139411787709054,0.454290590285779,0.306877999875266,0.758936235188041,NA,NA,"species"
"s__Salmonella_phage_SSU5",1.05803317620922,0.0463022219804183,0.456446745759681,0.101440578579119,0.919200725542112,NA,NA,"species"
"s__Salmonella_phage_ST64B",1.13154530876949,0.16177980620222,0.453819534367362,0.356484888707458,0.721477466845245,NA,NA,"species"
"s__Salmonella_virus_FelixO1",1.04325636314074,0.0220545420303763,0.457053382260259,0.0482537552206928,0.961514009577578,NA,NA,"species"
"s__Salmonella_virus_HK620",1.02860026358444,-0.00260746178679366,0.457687201400685,-0.00569703889209465,0.99545444521433,NA,NA,"species"
"s__Salmonella_virus_Jersey",2.13020297387613,-2.85864805107515,0.433340136460019,-6.59677655161973,4.20193322757377e-11,8.27780845832033e-09,TRUE,"species"
"s__Salmonella_virus_PsP3",1.13151724916881,0.161779698976891,0.453822369878774,0.35648242509532,0.72147931150892,NA,NA,"species"
"s__Salmonella_virus_SH19",1.11642241590681,0.139410486034202,0.454288617518012,0.306876467202427,0.758937401836408,NA,NA,"species"
"s__Sanguibacteroides_justesenii",1.07274963252162,-0.324535469188613,0.418198325947197,-0.776032444543046,0.4377298293999,NA,NA,"species"
"s__Sellimonas_intestinalis",2.35235371754704,1.10808950438753,0.589081918893442,1.88104484087547,0.059965819346833,0.192584193852716,FALSE,"species"
"s__Senegalimassilia_anaerobia",1.02860026358444,-0.00260746178679366,0.457687201400685,-0.00569703889209465,0.99545444521433,NA,NA,"species"
"s__Shigella_phage_SfII",1.05803317620922,0.0463022219804183,0.456446745759681,0.101440578579119,0.919200725542112,NA,NA,"species"
"s__Shigella_phage_SfIV",1.13161545777119,0.161780084196701,0.45382294910224,0.356482818942359,0.721479016610391,NA,NA,"species"
"s__Slackia_isoflavoniconvertens",1.39630424966833,0.514470295359506,0.451435612611975,1.13963161298422,0.254439809123848,0.456670746130446,FALSE,"species"
"s__Streptococcus_agalactiae",1.02860026358444,-0.00260746178679366,0.457687201400685,-0.00569703889209465,0.99545444521433,NA,NA,"species"
"s__Streptococcus_anginosus_group",1.02860026358444,-0.00260746178679366,0.457687201400685,-0.00569703889209465,0.99545444521433,NA,NA,"species"
"s__Streptococcus_australis",1.02860026358444,-0.00260746178679366,0.457687201400685,-0.00569703889209465,0.99545444521433,NA,NA,"species"
"s__Streptococcus_gordonii",1.02860026358444,-0.00260746178679366,0.457687201400685,-0.00569703889209465,0.99545444521433,NA,NA,"species"
"s__Streptococcus_infantis",1.04321823962632,0.022054488358275,0.457053295879398,0.048253646909691,0.961514095896702,NA,NA,"species"
"s__Streptococcus_lutetiensis",1.10188076136597,0.116690986052757,0.454787071328166,0.256583780431514,0.797500097256407,NA,NA,"species"
"s__Streptococcus_mitis",1.02860026358444,-0.00260746178679366,0.457687201400685,-0.00569703889209465,0.99545444521433,NA,NA,"species"
"s__Streptococcus_mutans",1.07253043873893,0.0701485958078374,0.455865971353908,0.153879868680477,0.877704457498226,NA,NA,"species"
"s__Streptococcus_oralis",1.02860026358444,-0.00260746178679366,0.457687201400685,-0.00569703889209465,0.99545444521433,NA,NA,"species"
"s__Streptococcus_parasanguinis",2.33277225314168,0.692634627519345,0.5197760185398,1.33256364821362,0.18267504124845,0.40140808722057,FALSE,"species"
"s__Streptococcus_phage_EJ_1",1.05800512998373,-0.224999590050482,0.42983899535383,-0.523450855977526,0.600660541624549,NA,NA,"species"
"s__Streptococcus_phage_P7132",1.04314180342347,0.0220543800510522,0.457053122817888,0.0482534282121944,0.961514270189028,NA,NA,"species"
"s__Streptococcus_phage_PH10",1.05803317620922,0.0463022219804183,0.456446745759681,0.101440578579119,0.919200725542112,NA,NA,"species"
"s__Streptococcus_phage_PH15",1.08727920558191,-0.176090153005204,0.428544507387121,-0.410902834991034,0.681143783558422,NA,NA,"species"
"s__Streptococcus_phage_SM1",1.04339301354953,0.0220547325459451,0.457053692235746,0.048254139328929,0.961513703460143,NA,NA,"species"
"s__Streptococcus_phage_TP_J34",1.04325636314074,0.0220545420303763,0.457053382260259,0.0482537552206928,0.961514009577578,NA,NA,"species"
"s__Streptococcus_salivarius",5.19075771924433,1.15512174987845,0.565313442491053,2.04332970535498,0.0410198109044327,0.15246986317308,FALSE,"species"
"s__Streptococcus_sanguinis",1.02860026358444,-0.00260746178679366,0.457687201400685,-0.00569703889209465,0.99545444521433,NA,NA,"species"
"s__Streptococcus_sobrinus",1.02860026358444,-0.00260746178679366,0.457687201400685,-0.00569703889209465,0.99545444521433,NA,NA,"species"
"s__Streptococcus_sp_A12",1.02860026358444,-0.00260746178679366,0.457687201400685,-0.00569703889209465,0.99545444521433,NA,NA,"species"
"s__Streptococcus_thermophilus",4.33257325200635,1.58486033207855,0.61364661665994,2.58269220272883,0.00980327398449954,0.0643748324982136,FALSE,"species"
"s__Streptococcus_vestibularis",1.20479561714048,0.268693901153732,0.451920901995958,0.594559578826772,0.552137906090196,NA,NA,"species"
"s__Streptococcus_virus_7201",1.05791246269705,0.0463020202300424,0.456446423648138,0.101440208162821,0.919201019574838,NA,NA,"species"
"s__Streptococcus_virus_DT1",1.0431717151476,0.0220544225462151,0.457053190521436,0.0482535140407926,0.961514201787395,NA,NA,"species"
"s__Streptococcus_virus_phiAbc2",1.08711572257946,0.0936072669771377,0.455311939209445,0.205589309034302,0.83711172929237,NA,NA,"species"
"s__Streptococcus_virus_Sfi21",1.0872768736999,0.0936076479583588,0.455312527883037,0.205589879974498,0.837111283274251,NA,NA,"species"
"s__Stx2_converting_phage_1717",1.13137403074684,-0.105698582695243,0.426834884998603,-0.247633420814677,0.804418049868272,NA,NA,"species"
"s__Subdoligranulum_sp",2.80140162254578,1.62130758312576,0.626882426118418,2.58630249561262,0.00970117501447026,0.0643748324982136,FALSE,"species"
"s__Subdoligranulum_sp_APC924_74",1.0578278147039,-0.0934223017325897,0.44225445945262,-0.211241062098546,0.832699170689212,NA,NA,"species"
"s__Sutterella_parvirubra",1.02860026358444,-0.00260746178679366,0.457687201400685,-0.00569703889209465,0.99545444521433,NA,NA,"species"
"s__Sutterella_sp_CAG_397",1.39288655266344,0.514274866526551,0.454158634885997,1.13236835551006,0.257479603032454,0.456968304481023,FALSE,"species"
"s__Sutterella_wadsworthensis",1.46529513461737,0.598116357802932,0.473144618520221,1.26413010819729,0.206183331591269,0.427559119194527,FALSE,"species"
"s__Turicibacter_sanguinis",1.08735811588957,-0.0453275466624229,0.441042059571975,-0.102773750663174,0.91814253886029,NA,NA,"species"
"s__Turicimonas_muris",1.46946531308528,0.59886425866315,0.460770593683222,1.29970155837433,0.193703276057028,0.405952610459943,FALSE,"species"
"s__Tyzzerella_nexilis",1.02860026358444,-0.00260746178679366,0.457687201400685,-0.00569703889209465,0.99545444521433,NA,NA,"species"
"s__Tyzzerella_sp",1.30560562851094,0.406153255371139,0.450728166403863,0.901104669387838,0.367532670488054,0.517177129948229,FALSE,"species"
"s__Veillonella_atypica",1.13161545777119,-0.456197898008805,0.396997095406175,-1.14912150060458,0.250505883838082,NA,NA,"species"
"s__Veillonella_dispar",1.07274963252162,-0.324535469191929,0.418198496513826,-0.77603212803803,0.437730016273917,NA,NA,"species"
"s__Veillonella_infantium",1.04331671989683,-0.118084641226925,0.442904127718464,-0.266614451834566,0.789766027346577,NA,NA,"species"
"s__Veillonella_parvula",1.26307706909207,0.213750331886263,0.436404583718031,0.489798549009674,0.624276457574611,0.732038465132133,FALSE,"species"
"s__Veillonella_sp_T11011_6",1.02860026358444,-0.00260746178679366,0.457687201400685,-0.00569703889209465,0.99545444521433,NA,NA,"species"
"s__Victivallales_bacterium_CCUG_44730",1.02860026358444,-0.00260746178679366,0.457687201400685,-0.00569703889209465,0.99545444521433,NA,NA,"species"
"s__Weissella_confusa",1.101961493222,0.11669121243576,0.454787418184578,0.256584082518309,0.797499864031008,NA,NA,"species"
"s__Yersinia_phage_PY100",1.04325636314074,-0.118084232232435,0.442904035393554,-0.266613583973124,0.789766695621201,NA,NA,"species"
